run_id,backend,stream,event_id,match_id,t_sim_seconds,t_cons_recv_ns,t_output_ns,redis_id
concurrency_n20_20260613_003304_redis_feed8_rep1,redis,sb:events:n20:feed8:rep1,69bb4fa7-f177-49a8-9b19-7c01cd9d9a9c,3895052,0,10092499300,10092532400,1781307202366-0
concurrency_n20_20260613_003304_redis_feed8_rep1,redis,sb:events:n20:feed8:rep1,207c41be-4905-457d-af38-e356b67981de,3895060,0,10101839100,10101868800,1781307202374-0
concurrency_n20_20260613_003304_redis_feed8_rep1,redis,sb:events:n20:feed8:rep1,7eb000ee-2ef0-462a-bd57-e4320f459c68,3895067,0,10147344200,10147385200,1781307202387-0
concurrency_n20_20260613_003304_redis_feed8_rep1,redis,sb:events:n20:feed8:rep1,664c81bb-315d-4de4-86d5-f326eebf0684,3895074,0,10151894600,10151921300,1781307202404-0
concurrency_n20_20260613_003304_redis_feed8_rep1,redis,sb:events:n20:feed8:rep1,6c9ebdf9-117f-4a31-8b52-ebcf3c35d0c6,3895086,0,10165614400,10165638100,1781307202411-0
concurrency_n20_20260613_003304_redis_feed8_rep1,redis,sb:events:n20:feed8:rep1,9103cd62-6a36-40c6-9f80-ab1f6d258133,3895095,0,10185911100,10185934800,1781307202420-0
concurrency_n20_20260613_003304_redis_feed8_rep1,redis,sb:events:n20:feed8:rep1,84fbca7e-c79e-4f67-8026-4c9578366292,3895107,0,10204581400,10204618200,1781307202424-0
concurrency_n20_20260613_003304_redis_feed8_rep1,redis,sb:events:n20:feed8:rep1,ea1e6876-4179-4750-8231-55c3d6ec8001,3895113,0,10205728400,10205753800,1781307202435-0
concurrency_n20_20260613_003304_redis_feed8_rep1,redis,sb:events:n20:feed8:rep1,16d29511-a5c7-4a18-a4b4-d40571e69bd4,3895121,0,10218979700,10219003300,1781307202441-0
concurrency_n20_20260613_003304_redis_feed8_rep1,redis,sb:events:n20:feed8:rep1,7f498384-e379-41b8-bdd2-8bf16412e8cc,3895134,0,10221617000,10221646800,1781307202444-0
concurrency_n20_20260613_003304_redis_feed8_rep1,redis,sb:events:n20:feed8:rep1,9790a466-9c56-42aa-96aa-a9ad1a6f8811,3895052,0,10223047500,10223074400,1781307202447-0
concurrency_n20_20260613_003304_redis_feed8_rep1,redis,sb:events:n20:feed8:rep1,fefef503-f3cc-4d41-9b3f-9ddc57b6a93b,3895060,0,10224558900,10224584100,1781307202449-0
concurrency_n20_20260613_003304_redis_feed8_rep1,redis,sb:events:n20:feed8:rep1,d593adb3-8980-46f6-b384-4a91f4ec01ba,3895067,0,10228534700,10228560500,1781307202452-0
concurrency_n20_20260613_003304_redis_feed8_rep1,redis,sb:events:n20:feed8:rep1,3dd463f6-b445-407d-8120-bf6aeab35526,3895074,0,10242653800,10242683600,1781307202467-0
concurrency_n20_20260613_003304_redis_feed8_rep1,redis,sb:events:n20:feed8:rep1,6755b1ac-4f37-4c35-b1ef-181d68375e7d,3895086,0,10250012100,10250046100,1781307202487-0
concurrency_n20_20260613_003304_redis_feed8_rep1,redis,sb:events:n20:feed8:rep1,73376ffb-3f9f-4570-9b3e-c51d44315ef3,3895095,0,10273067200,10273099800,1781307202491-0
concurrency_n20_20260613_003304_redis_feed8_rep1,redis,sb:events:n20:feed8:rep1,b4bd630b-4e82-4f31-8947-17beb238dc5a,3895107,0,10298750300,10298780100,1781307202494-0
concurrency_n20_20260613_003304_redis_feed8_rep1,redis,sb:events:n20:feed8:rep1,a88295ad-33e8-4427-872c-eba006d8a0ef,3895113,0,10309144900,10309238100,1781307202497-0
concurrency_n20_20260613_003304_redis_feed8_rep1,redis,sb:events:n20:feed8:rep1,27cf4ae2-0319-4fc6-9ace-9f960bb0e4e6,3895121,0,10310490100,10310516500,1781307202504-0
concurrency_n20_20260613_003304_redis_feed8_rep1,redis,sb:events:n20:feed8:rep1,4af6d17a-69ad-4bca-aece-f3be76c10138,3895134,0,10315703800,10315730000,1781307202506-0
concurrency_n20_20260613_003304_redis_feed8_rep1,redis,sb:events:n20:feed8:rep1,c6762724-3ad0-4ed1-b232-7f32ac192ec6,3895052,0,10317448200,10317499600,1781307202508-0
concurrency_n20_20260613_003304_redis_feed8_rep1,redis,sb:events:n20:feed8:rep1,2f46ad65-50a4-4834-9bd9-86a61f034234,3895060,0,10319611100,10319639900,1781307202515-0
concurrency_n20_20260613_003304_redis_feed8_rep1,redis,sb:events:n20:feed8:rep1,a40403c7-74d7-45e6-ba91-5ebd6c313d8e,3895067,0,10322869900,10322901400,1781307202522-0
concurrency_n20_20260613_003304_redis_feed8_rep1,redis,sb:events:n20:feed8:rep1,77f9b3e5-e0e4-4032-8228-089aa0dd578b,3895074,0,10324251900,10324281000,1781307202535-0
concurrency_n20_20260613_003304_redis_feed8_rep1,redis,sb:events:n20:feed8:rep1,8b3af8ba-e26c-40b0-8278-c3e4c7a925f8,3895086,0,10331680700,10331716800,1781307202543-0
concurrency_n20_20260613_003304_redis_feed8_rep1,redis,sb:events:n20:feed8:rep1,52a1e2ea-5b27-4cb1-9204-865583191956,3895095,0,10338335500,10338364300,1781307202574-0
concurrency_n20_20260613_003304_redis_feed8_rep1,redis,sb:events:n20:feed8:rep1,6810c39c-8726-412f-b831-62dfec867465,3895107,0,10341471000,10341499700,1781307202581-0
concurrency_n20_20260613_003304_redis_feed8_rep1,redis,sb:events:n20:feed8:rep1,6d6ab3f4-8136-407c-a92f-3f8a6549abdd,3895113,0,10349168100,10349344200,1781307202584-0
concurrency_n20_20260613_003304_redis_feed8_rep1,redis,sb:events:n20:feed8:rep1,92e52894-484a-48de-8051-469ea23d6aaa,3895121,0,10352571900,10352601000,1781307202588-0
concurrency_n20_20260613_003304_redis_feed8_rep1,redis,sb:events:n20:feed8:rep1,a281da9d-e3f4-43f1-ac2e-f46bbd04fed0,3895134,0,10356131000,10356154800,1781307202589-0
concurrency_n20_20260613_003304_redis_feed8_rep1,redis,sb:events:n20:feed8:rep1,ba22283a-c920-448c-804e-3737cccd9fff,3895052,0,10357963300,10357992200,1781307202591-0
concurrency_n20_20260613_003304_redis_feed8_rep1,redis,sb:events:n20:feed8:rep1,3b3a42a2-e2a1-49f8-9b77-5ec638303a06,3895060,0,10362948900,10362973900,1781307202595-0
concurrency_n20_20260613_003304_redis_feed8_rep1,redis,sb:events:n20:feed8:rep1,fae27a68-42f4-44cf-8fc0-8d4126407ae3,3895067,0,10365504300,10365532800,1781307202597-0
concurrency_n20_20260613_003304_redis_feed8_rep1,redis,sb:events:n20:feed8:rep1,e627413d-5de5-402a-9bb3-90c4cd3b65ec,3895074,0,10367593100,10367628100,1781307202600-0
concurrency_n20_20260613_003304_redis_feed8_rep1,redis,sb:events:n20:feed8:rep1,b795eae8-ba56-4343-8662-92a8da669bc5,3895086,0,10368582900,10368611400,1781307202604-0
concurrency_n20_20260613_003304_redis_feed8_rep1,redis,sb:events:n20:feed8:rep1,a7102458-910f-4583-b653-e3165351e124,3895095,0,10369504700,10369527200,1781307202607-0
concurrency_n20_20260613_003304_redis_feed8_rep1,redis,sb:events:n20:feed8:rep1,a549d56e-c626-419f-9244-ad813ec8e559,3895107,0,10372750400,10372779200,1781307202614-0
concurrency_n20_20260613_003304_redis_feed8_rep1,redis,sb:events:n20:feed8:rep1,51a7253e-31ed-49f5-9494-f5ab0d2ee039,3895113,0,10378150400,10378183700,1781307202616-0
concurrency_n20_20260613_003304_redis_feed8_rep1,redis,sb:events:n20:feed8:rep1,d16c061b-99fe-4266-ad73-d7f9c73482b0,3895121,0,10379473200,10379503800,1781307202619-0
concurrency_n20_20260613_003304_redis_feed8_rep1,redis,sb:events:n20:feed8:rep1,6d5e4ad7-9dd8-428b-97f9-5eee0ee14c17,3895134,0,10382095100,10382119100,1781307202624-0
concurrency_n20_20260613_003304_redis_feed8_rep1,redis,sb:events:n20:feed8:rep1,9a50295b-7f7a-449c-9ef3-87e60467e8e1,3895052,0,10385895100,10385920400,1781307202626-0
concurrency_n20_20260613_003304_redis_feed8_rep1,redis,sb:events:n20:feed8:rep1,69bdfb9b-ba46-41c8-814a-98f0a43c6501,3895060,0,10387218100,10387248900,1781307202630-0
concurrency_n20_20260613_003304_redis_feed8_rep1,redis,sb:events:n20:feed8:rep1,ad010a23-88fe-43af-8b5c-8cd1772842ac,3895067,0,10389086300,10389110400,1781307202633-0
concurrency_n20_20260613_003304_redis_feed8_rep1,redis,sb:events:n20:feed8:rep1,16252ec8-ab09-4119-bcf6-7fd6524f9128,3895074,0,10390598800,10390622200,1781307202635-0
concurrency_n20_20260613_003304_redis_feed8_rep1,redis,sb:events:n20:feed8:rep1,3aee3cdf-be11-4ee6-b4bb-828cb4edbe36,3895086,0,10392081300,10392110300,1781307202642-0
concurrency_n20_20260613_003304_redis_feed8_rep1,redis,sb:events:n20:feed8:rep1,4a13ba2d-59ad-43d3-b567-6aee81422367,3895095,0,10395485900,10395591500,1781307202644-0
concurrency_n20_20260613_003304_redis_feed8_rep1,redis,sb:events:n20:feed8:rep1,cc3b6a56-e194-4ce6-901d-a4f84177e81b,3895107,0,10397376600,10397403500,1781307202649-0
concurrency_n20_20260613_003304_redis_feed8_rep1,redis,sb:events:n20:feed8:rep1,ac5aac4c-5a0e-44c2-97ca-ec38bdb05917,3895113,0,10398969300,10398995700,1781307202652-0
concurrency_n20_20260613_003304_redis_feed8_rep1,redis,sb:events:n20:feed8:rep1,1cdd596e-bf1f-4096-848a-a2a5db4fd313,3895121,0,10402078400,10402103300,1781307202655-0
concurrency_n20_20260613_003304_redis_feed8_rep1,redis,sb:events:n20:feed8:rep1,1bed9ec9-1af9-4570-a620-8aab3469a6dd,3895134,0,10407068800,10408267400,1781307202665-0
concurrency_n20_20260613_003304_redis_feed8_rep1,redis,sb:events:n20:feed8:rep1,e03021cc-80c5-4ac6-909e-903dca845ee3,3895107,0,10411098500,10411124600,1781307202667-0
concurrency_n20_20260613_003304_redis_feed8_rep1,redis,sb:events:n20:feed8:rep1,f3dfb8ef-6678-493f-bbce-99f9678b7f75,3895107,0,10428692800,10428723200,1781307202669-0
concurrency_n20_20260613_003304_redis_feed8_rep1,redis,sb:events:n20:feed8:rep1,17c0df03-219a-4603-befe-8cd2f58d6d47,3895052,1,10431739200,10431771200,1781307202670-0
concurrency_n20_20260613_003304_redis_feed8_rep1,redis,sb:events:n20:feed8:rep1,b306ec30-5755-4017-861a-670617955a41,3895074,1,10434202200,10434241900,1781307202672-0
concurrency_n20_20260613_003304_redis_feed8_rep1,redis,sb:events:n20:feed8:rep1,6c4c62f2-7d95-4094-a714-50c0161ee2e6,3895052,1,10442208500,10442242700,1781307202676-0
concurrency_n20_20260613_003304_redis_feed8_rep1,redis,sb:events:n20:feed8:rep1,2b7eff06-8d56-4f2c-bab1-076d4077ed10,3895074,1,10443288000,10443316800,1781307202678-0
concurrency_n20_20260613_003304_redis_feed8_rep1,redis,sb:events:n20:feed8:rep1,8d4e66c1-7ddb-4e75-b89f-bdb0592be264,3895107,1,10445794900,10445820900,1781307202680-0
concurrency_n20_20260613_003304_redis_feed8_rep1,redis,sb:events:n20:feed8:rep1,ceaa47dd-e3bf-4016-ade0-ed3d54afe971,3895060,2,10449517000,10449547400,1781307202684-0
concurrency_n20_20260613_003304_redis_feed8_rep1,redis,sb:events:n20:feed8:rep1,0e2c9eac-6504-4dae-9939-5f2920e7102d,3895067,2,10465093400,10465120700,1781307202685-0
concurrency_n20_20260613_003304_redis_feed8_rep1,redis,sb:events:n20:feed8:rep1,40f9b6ab-32ab-47e8-8b92-9b97e90d4c4f,3895086,2,10466098900,10466129600,1781307202687-0
concurrency_n20_20260613_003304_redis_feed8_rep1,redis,sb:events:n20:feed8:rep1,f69d0d63-6ad0-41ea-bcec-f1b86b886a83,3895095,2,10469650300,10469681100,1781307202703-0
concurrency_n20_20260613_003304_redis_feed8_rep1,redis,sb:events:n20:feed8:rep1,d54cc444-c9f7-4e31-820a-28e0ad5d8ec4,3895113,2,10471433400,10471498000,1781307202707-0
concurrency_n20_20260613_003304_redis_feed8_rep1,redis,sb:events:n20:feed8:rep1,f8442e6f-3919-46bc-848a-5f545627cf82,3895121,2,10472612000,10472638400,1781307202709-0
concurrency_n20_20260613_003304_redis_feed8_rep1,redis,sb:events:n20:feed8:rep1,50dad646-a7c1-450b-8a63-2e2fd90b3cd1,3895134,2,10478429400,10478460800,1781307202715-0
concurrency_n20_20260613_003304_redis_feed8_rep1,redis,sb:events:n20:feed8:rep1,70432a35-52ff-429b-8a11-c47bba8fab19,3895060,2,10479568800,10479597900,1781307202717-0
concurrency_n20_20260613_003304_redis_feed8_rep1,redis,sb:events:n20:feed8:rep1,c04183cf-75d8-42b0-91fd-4a026dba10b4,3895067,2,10480962600,10480991800,1781307202720-0
concurrency_n20_20260613_003304_redis_feed8_rep1,redis,sb:events:n20:feed8:rep1,55321383-ae1f-407e-8f20-2524fd16d04a,3895086,2,10494139300,10494178700,1781307202722-0
concurrency_n20_20260613_003304_redis_feed8_rep1,redis,sb:events:n20:feed8:rep1,285e8e4a-7c84-4ca1-9688-d8b56d623cc2,3895095,2,10511990300,10512104300,1781307202725-0
concurrency_n20_20260613_003304_redis_feed8_rep1,redis,sb:events:n20:feed8:rep1,eb3fde27-a34b-42be-b262-d329e138fff2,3895113,2,10513477400,10513504500,1781307202727-0
concurrency_n20_20260613_003304_redis_feed8_rep1,redis,sb:events:n20:feed8:rep1,f296523f-5c17-4d25-8371-f7142523a057,3895121,2,10538619100,10538656200,1781307202737-0
concurrency_n20_20260613_003304_redis_feed8_rep1,redis,sb:events:n20:feed8:rep1,b293256b-d885-4135-98ca-8ecf12f9e5a6,3895134,2,10543974900,10544005000,1781307202739-0
concurrency_n20_20260613_003304_redis_feed8_rep1,redis,sb:events:n20:feed8:rep1,d6b118e9-dee4-4f3a-9046-2a086e85ca6b,3895074,2,10549903300,10550060800,1781307202744-0
concurrency_n20_20260613_003304_redis_feed8_rep1,redis,sb:events:n20:feed8:rep1,6acfcb07-7343-4821-aa28-a91f66140043,3895134,2,10554294500,10554400700,1781307202751-0
concurrency_n20_20260613_003304_redis_feed8_rep1,redis,sb:events:n20:feed8:rep1,080124d4-8c99-46a5-aaf3-9a935ccd1248,3895107,2,10556418700,10556447900,1781307202753-0
concurrency_n20_20260613_003304_redis_feed8_rep1,redis,sb:events:n20:feed8:rep1,f9a9b240-dc0d-49e8-b72a-ec081b4c2bf3,3895107,2,10558642000,10558672100,1781307202759-0
concurrency_n20_20260613_003304_redis_feed8_rep1,redis,sb:events:n20:feed8:rep1,e5f7cd6e-b6e9-4538-96f5-380ee1534325,3895107,2,10568170700,10568241700,1781307202781-0
concurrency_n20_20260613_003304_redis_feed8_rep1,redis,sb:events:n20:feed8:rep1,15bf07b2-c5b7-4074-8693-1d9e4a5b7153,3895052,3,10571574400,10571606700,1781307202785-0
concurrency_n20_20260613_003304_redis_feed8_rep1,redis,sb:events:n20:feed8:rep1,748f1afc-2300-4252-bc9b-f161b5e7c6ef,3895060,3,10574105400,10574157400,1781307202794-0
concurrency_n20_20260613_003304_redis_feed8_rep1,redis,sb:events:n20:feed8:rep1,28f3d343-a6db-4854-bae5-f3390857e90c,3895086,3,10578403300,10580063100,1781307202797-0
concurrency_n20_20260613_003304_redis_feed8_rep1,redis,sb:events:n20:feed8:rep1,494d25f1-83d3-4375-aa5c-29dfd26dfebd,3895095,3,10581245600,10581291100,1781307202807-0
concurrency_n20_20260613_003304_redis_feed8_rep1,redis,sb:events:n20:feed8:rep1,c5fa6ce0-df8d-42a2-8bdd-601d167d5ec1,3895121,3,10584891500,10584916200,1781307202811-0
concurrency_n20_20260613_003304_redis_feed8_rep1,redis,sb:events:n20:feed8:rep1,3c689040-9b59-4fad-8456-48b2ec8a2058,3895052,3,10590033200,10590097300,1781307202824-0
concurrency_n20_20260613_003304_redis_feed8_rep1,redis,sb:events:n20:feed8:rep1,c5dd24ba-9256-48e3-b852-121bc71914e3,3895107,3,10591782100,10591808600,1781307202829-0
concurrency_n20_20260613_003304_redis_feed8_rep1,redis,sb:events:n20:feed8:rep1,3114849f-6506-405c-bb4d-71ba30905d5e,3895107,3,10592869300,10592890700,1781307202833-0
concurrency_n20_20260613_003304_redis_feed8_rep1,redis,sb:events:n20:feed8:rep1,042f1fd2-3cd4-439a-97c4-9275f435f098,3895113,4,10594233100,10594267600,1781307202838-0
concurrency_n20_20260613_003304_redis_feed8_rep1,redis,sb:events:n20:feed8:rep1,4f14f36d-c3c1-45d5-9c94-a65f9489d40f,3895074,4,10604011700,10604153400,1781307202841-0
concurrency_n20_20260613_003304_redis_feed8_rep1,redis,sb:events:n20:feed8:rep1,980abd18-b5d2-49cd-b110-7f534fd23dfc,3895095,4,10608791200,10608825600,1781307202843-0
concurrency_n20_20260613_003304_redis_feed8_rep1,redis,sb:events:n20:feed8:rep1,0195cc34-10dc-41e9-ada9-e853f9c16f02,3895134,4,10628990000,10629026800,1781307202844-0
concurrency_n20_20260613_003304_redis_feed8_rep1,redis,sb:events:n20:feed8:rep1,88661240-834a-430d-8629-b37b64dbcddc,3895052,4,10657266100,10657291700,1781307202846-0
concurrency_n20_20260613_003304_redis_feed8_rep1,redis,sb:events:n20:feed8:rep1,2256b8d2-0b23-4080-9849-1553d0135c73,3895074,4,10659486100,10659517400,1781307202855-0
concurrency_n20_20260613_003304_redis_feed8_rep1,redis,sb:events:n20:feed8:rep1,df085776-1a71-4f2d-9b9a-d385914ac874,3895095,4,10662030800,10662069700,1781307202857-0
concurrency_n20_20260613_003304_redis_feed8_rep1,redis,sb:events:n20:feed8:rep1,5342ea84-0732-454a-9551-8bc9fbe70d05,3895134,4,10664188100,10664218000,1781307202858-0
concurrency_n20_20260613_003304_redis_feed8_rep1,redis,sb:events:n20:feed8:rep1,b8c2ef59-5a72-4382-8d37-ef532f1ba623,3895107,4,10687534600,10687560100,1781307202862-0
concurrency_n20_20260613_003304_redis_feed8_rep1,redis,sb:events:n20:feed8:rep1,aabb516d-6ede-4543-9394-967c0499af8a,3895067,5,10689396000,10689428000,1781307202863-0
concurrency_n20_20260613_003304_redis_feed8_rep1,redis,sb:events:n20:feed8:rep1,c93d7723-7a1c-4be8-97e1-0babb1be6f11,3895113,5,10690862300,10690921600,1781307202865-0
concurrency_n20_20260613_003304_redis_feed8_rep1,redis,sb:events:n20:feed8:rep1,3cb0c74e-75be-431c-917f-011efc184fdb,3895113,5,10692281600,10692312000,1781307202869-0
concurrency_n20_20260613_003304_redis_feed8_rep1,redis,sb:events:n20:feed8:rep1,3d52c020-9bad-49c3-8ae7-05c40e223268,3895113,5,10694634800,10694666700,1781307202870-0
concurrency_n20_20260613_003304_redis_feed8_rep1,redis,sb:events:n20:feed8:rep1,c744951c-c660-4c83-8083-049bf85c8cbd,3895060,6,10701319100,10701356200,1781307202872-0
concurrency_n20_20260613_003304_redis_feed8_rep1,redis,sb:events:n20:feed8:rep1,39ec53e3-9bd4-4411-814d-6e1ede254aac,3895086,6,10704138700,10704258800,1781307202874-0
concurrency_n20_20260613_003304_redis_feed8_rep1,redis,sb:events:n20:feed8:rep1,33fdf203-b847-4fa5-9021-5f1875717796,3895060,6,10708019100,10708085000,1781307202883-0
concurrency_n20_20260613_003304_redis_feed8_rep1,redis,sb:events:n20:feed8:rep1,98e575e4-0886-40e5-96a8-9c9f857ebcc1,3895052,6,10709770000,10709798300,1781307202886-0
concurrency_n20_20260613_003304_redis_feed8_rep1,redis,sb:events:n20:feed8:rep1,d4683bb7-cdad-4a7d-9851-743212fba939,3895074,6,10711030700,10711087000,1781307202907-0
concurrency_n20_20260613_003304_redis_feed8_rep1,redis,sb:events:n20:feed8:rep1,f019df08-0da5-48d9-a838-1da35f369c3c,3895052,6,10712884200,10712907800,1781307202926-0
concurrency_n20_20260613_003304_redis_feed8_rep1,redis,sb:events:n20:feed8:rep1,e8a7f299-6faa-4914-bcdf-2e44131ed85c,3895107,6,10719003100,10719036000,1781307202935-0
concurrency_n20_20260613_003304_redis_feed8_rep1,redis,sb:events:n20:feed8:rep1,7ddab21c-8faf-4fbc-a290-a2cdb40b7df7,3895107,6,10721222200,10721252800,1781307202937-0
concurrency_n20_20260613_003304_redis_feed8_rep1,redis,sb:events:n20:feed8:rep1,d6006eb1-3ef6-4955-a47a-7b2b9192b522,3895121,7,10723791800,10724022300,1781307202940-0
concurrency_n20_20260613_003304_redis_feed8_rep1,redis,sb:events:n20:feed8:rep1,d87f4aa7-4a9b-4319-8dd9-c5426dc81e34,3895121,7,10728793400,10728826800,1781307202952-0
concurrency_n20_20260613_003304_redis_feed8_rep1,redis,sb:events:n20:feed8:rep1,a88a8b7b-dab2-4a21-a85b-580af51a83d1,3895095,7,10732719700,10732792400,1781307202962-0
concurrency_n20_20260613_003304_redis_feed8_rep1,redis,sb:events:n20:feed8:rep1,a0313cd5-9822-48bf-8ca6-3c92789a7474,3895121,7,10735845000,10735948000,1781307202967-0
concurrency_n20_20260613_003304_redis_feed8_rep1,redis,sb:events:n20:feed8:rep1,39fe9846-f889-4790-956c-d8df633e77d5,3895074,7,10742047400,10742075600,1781307202975-0
concurrency_n20_20260613_003304_redis_feed8_rep1,redis,sb:events:n20:feed8:rep1,ff2841c0-d955-494b-a7a9-ac8bbb82ad73,3895113,7,10744524000,10744577800,1781307202977-0
concurrency_n20_20260613_003304_redis_feed8_rep1,redis,sb:events:n20:feed8:rep1,5550d825-5f3b-41f6-bba0-d4cf66c1438e,3895074,7,10750314700,10750350300,1781307202984-0
concurrency_n20_20260613_003304_redis_feed8_rep1,redis,sb:events:n20:feed8:rep1,5af66cb7-f6a6-47cb-a57d-696dcdbe6716,3895113,7,10756460800,10756491700,1781307202986-0
concurrency_n20_20260613_003304_redis_feed8_rep1,redis,sb:events:n20:feed8:rep1,e8aa6b61-931b-4bf8-b329-cb66ffbd4313,3895074,7,10762372600,10762472900,1781307202990-0
concurrency_n20_20260613_003304_redis_feed8_rep1,redis,sb:events:n20:feed8:rep1,45ee08ea-fdab-4a8e-8114-f0dec4a5e815,3895113,7,10766592000,10766636500,1781307202993-0
concurrency_n20_20260613_003304_redis_feed8_rep1,redis,sb:events:n20:feed8:rep1,b2d11f7f-8c0d-4533-b2a3-843e981238ad,3895067,8,10770052600,10770082900,1781307202994-0
concurrency_n20_20260613_003304_redis_feed8_rep1,redis,sb:events:n20:feed8:rep1,320e0bbb-8e37-429c-aa29-d58d9ae85075,3895067,8,10771196900,10771224500,1781307202996-0
concurrency_n20_20260613_003304_redis_feed8_rep1,redis,sb:events:n20:feed8:rep1,1739877d-1a9a-45a1-a72d-189cd19ce825,3895060,8,10792766300,10792793100,1781307203003-0
concurrency_n20_20260613_003304_redis_feed8_rep1,redis,sb:events:n20:feed8:rep1,2da5d3ff-deec-4d16-b866-8a7d1fbb93e9,3895060,8,10794531000,10794564500,1781307203005-0
concurrency_n20_20260613_003304_redis_feed8_rep1,redis,sb:events:n20:feed8:rep1,71c80fb5-ad88-4f1a-a7d4-fd63ed429bcd,3895095,8,10795659900,10795697800,1781307203007-0
concurrency_n20_20260613_003304_redis_feed8_rep1,redis,sb:events:n20:feed8:rep1,d8ec2ac3-0202-455a-8a5d-255e1e4cc473,3895121,8,10799071500,10799114400,1781307203022-0
concurrency_n20_20260613_003304_redis_feed8_rep1,redis,sb:events:n20:feed8:rep1,1d75ee1b-f1e8-43ab-a31d-cc0805acd5e2,3895052,8,10804128000,10804218900,1781307203025-0
concurrency_n20_20260613_003304_redis_feed8_rep1,redis,sb:events:n20:feed8:rep1,cc3655de-3632-4a2c-8a22-d670144485db,3895095,8,10806285500,10806314000,1781307203031-0
concurrency_n20_20260613_003304_redis_feed8_rep1,redis,sb:events:n20:feed8:rep1,38932aa9-ad68-4202-bc2b-cca968001831,3895113,8,10812638600,10812672000,1781307203034-0
concurrency_n20_20260613_003304_redis_feed8_rep1,redis,sb:events:n20:feed8:rep1,5ff692af-8337-40bf-bf94-3357c44a9765,3895113,8,10818764100,10818798600,1781307203036-0
concurrency_n20_20260613_003304_redis_feed8_rep1,redis,sb:events:n20:feed8:rep1,dd059ddd-697b-4957-a691-f20eec306ea5,3895121,9,10823276700,10823307400,1781307203044-0
concurrency_n20_20260613_003304_redis_feed8_rep1,redis,sb:events:n20:feed8:rep1,8f1fbe41-034b-43eb-9585-edbb0aadb7ba,3895052,9,10825066900,10825135100,1781307203046-0
concurrency_n20_20260613_003304_redis_feed8_rep1,redis,sb:events:n20:feed8:rep1,99c1964f-2b9c-4442-b485-f7e6ce554c84,3895095,9,10829477700,10829509300,1781307203049-0
concurrency_n20_20260613_003304_redis_feed8_rep1,redis,sb:events:n20:feed8:rep1,629bf2a1-ed9d-4d49-a2d8-cfd7a59e6e3e,3895121,9,10830766300,10830795000,1781307203056-0
concurrency_n20_20260613_003304_redis_feed8_rep1,redis,sb:events:n20:feed8:rep1,4127d02c-6da9-47dc-b26f-40da7d121a92,3895052,9,10832586700,10832642900,1781307203065-0
concurrency_n20_20260613_003304_redis_feed8_rep1,redis,sb:events:n20:feed8:rep1,9d075ad4-9f9f-4e6f-a093-5919a1a920b3,3895074,9,10835600000,10835625700,1781307203075-0
concurrency_n20_20260613_003304_redis_feed8_rep1,redis,sb:events:n20:feed8:rep1,0427f1ec-ddae-4698-ab55-cc0403e01b74,3895095,9,10846528900,10846554400,1781307203077-0
concurrency_n20_20260613_003304_redis_feed8_rep1,redis,sb:events:n20:feed8:rep1,43c3670a-83aa-427e-b4db-68d69ea6f60a,3895074,9,10847584500,10847606200,1781307203080-0
concurrency_n20_20260613_003304_redis_feed8_rep1,redis,sb:events:n20:feed8:rep1,31528025-7c8a-4a3c-abf4-a6b496204f3f,3895074,9,10848621200,10848641300,1781307203082-0
concurrency_n20_20260613_003304_redis_feed8_rep1,redis,sb:events:n20:feed8:rep1,08b17ce3-0fb5-45ee-b37f-1dff007b694a,3895067,10,10849456500,10849475400,1781307203083-0
concurrency_n20_20260613_003304_redis_feed8_rep1,redis,sb:events:n20:feed8:rep1,174d1bd5-23b1-403b-b417-fc59eab9339c,3895134,10,10850439000,10850476400,1781307203087-0
concurrency_n20_20260613_003304_redis_feed8_rep1,redis,sb:events:n20:feed8:rep1,7cba4468-f2eb-4352-94e8-2474e078f085,3895067,10,10860127700,10860154800,1781307203090-0
concurrency_n20_20260613_003304_redis_feed8_rep1,redis,sb:events:n20:feed8:rep1,7604592e-b68b-4f0b-a7ff-eca7a0e2440b,3895134,10,10868099300,10868136000,1781307203094-0
concurrency_n20_20260613_003304_redis_feed8_rep1,redis,sb:events:n20:feed8:rep1,ed38d77f-8234-4921-88d2-52ae89331fc2,3895060,10,10871608800,10872136300,1781307203100-0
concurrency_n20_20260613_003304_redis_feed8_rep1,redis,sb:events:n20:feed8:rep1,3a82e4ae-0527-4391-a6c1-23c5e4ace661,3895067,10,10878873000,10878949200,1781307203101-0
concurrency_n20_20260613_003304_redis_feed8_rep1,redis,sb:events:n20:feed8:rep1,55773380-38a7-49a4-b73a-a688f19444c1,3895134,10,10881888900,10881919200,1781307203103-0
concurrency_n20_20260613_003304_redis_feed8_rep1,redis,sb:events:n20:feed8:rep1,7aa7a387-f694-48d3-9239-56af7324dae2,3895060,10,10891629900,10891655600,1781307203105-0
concurrency_n20_20260613_003304_redis_feed8_rep1,redis,sb:events:n20:feed8:rep1,74e102e0-b7bc-4d69-a21b-fe814eb02b6e,3895134,10,10902498200,10902535400,1781307203114-0
concurrency_n20_20260613_003304_redis_feed8_rep1,redis,sb:events:n20:feed8:rep1,2fdcfc97-4f53-46be-ae4a-a5b67c508cf9,3895121,10,10910678400,10910726600,1781307203116-0
concurrency_n20_20260613_003304_redis_feed8_rep1,redis,sb:events:n20:feed8:rep1,897c5f7a-b611-400d-a4bd-546cbba4e897,3895134,10,10926121900,10926168600,1781307203125-0
concurrency_n20_20260613_003304_redis_feed8_rep1,redis,sb:events:n20:feed8:rep1,fac6763f-5f80-4b02-94e3-799bd452abc8,3895113,10,10934582700,10934671200,1781307203127-0
concurrency_n20_20260613_003304_redis_feed8_rep1,redis,sb:events:n20:feed8:rep1,d5a131da-001e-451d-94a2-16c8fddf1ae0,3895086,11,10953816800,10953848700,1781307203128-0
concurrency_n20_20260613_003304_redis_feed8_rep1,redis,sb:events:n20:feed8:rep1,43134fef-e6aa-4650-9198-9da79f955c83,3895067,11,10964873900,10964901700,1781307203131-0
concurrency_n20_20260613_003304_redis_feed8_rep1,redis,sb:events:n20:feed8:rep1,b767f8cf-4d2d-45c2-befd-2acd1c356621,3895060,11,10973985600,10974026800,1781307203132-0
concurrency_n20_20260613_003304_redis_feed8_rep1,redis,sb:events:n20:feed8:rep1,e62a0339-6478-4758-9dda-9c3a672cda2b,3895067,11,10984980100,10985272700,1781307203140-0
concurrency_n20_20260613_003304_redis_feed8_rep1,redis,sb:events:n20:feed8:rep1,6fcdcd6a-f032-47d6-8ab5-40021f4c097d,3895095,11,10987947300,10987983800,1781307203149-0
concurrency_n20_20260613_003304_redis_feed8_rep1,redis,sb:events:n20:feed8:rep1,b2a1e34b-f362-4be7-abc3-7d5015d54850,3895121,11,10989471300,10989497900,1781307203152-0
concurrency_n20_20260613_003304_redis_feed8_rep1,redis,sb:events:n20:feed8:rep1,635f9e3a-22a3-4328-aa0d-299e2244750f,3895134,11,10994379500,10994447800,1781307203158-0
concurrency_n20_20260613_003304_redis_feed8_rep1,redis,sb:events:n20:feed8:rep1,523c9836-c56d-469f-a9b2-b2cccef6dab7,3895095,11,11013140100,11013176100,1781307203163-0
concurrency_n20_20260613_003304_redis_feed8_rep1,redis,sb:events:n20:feed8:rep1,480e7b02-6900-48ff-a092-84edfe968c1e,3895121,11,11015165100,11015194500,1781307203173-0
concurrency_n20_20260613_003304_redis_feed8_rep1,redis,sb:events:n20:feed8:rep1,177cc6d8-cc4d-4509-9a20-021f81a25de5,3895134,11,11016677900,11016703900,1781307203183-0
concurrency_n20_20260613_003304_redis_feed8_rep1,redis,sb:events:n20:feed8:rep1,7962ad90-9dc3-435e-b10a-9bbfa62c5d21,3895074,11,11033066700,11033129500,1781307203191-0
concurrency_n20_20260613_003304_redis_feed8_rep1,redis,sb:events:n20:feed8:rep1,429856a9-3da6-4b26-b2c7-bffd25ab0c19,3895113,11,11035672800,11039024600,1781307203197-0
concurrency_n20_20260613_003304_redis_feed8_rep1,redis,sb:events:n20:feed8:rep1,7913f543-9fcd-488e-84d6-8a14f0455694,3895074,11,11043656400,11043680100,1781307203201-0
concurrency_n20_20260613_003304_redis_feed8_rep1,redis,sb:events:n20:feed8:rep1,8847c801-2b00-4bf3-9bb8-88f92ab95fa1,3895074,11,11045773600,11045800100,1781307203207-0
concurrency_n20_20260613_003304_redis_feed8_rep1,redis,sb:events:n20:feed8:rep1,5b924c30-ccff-4008-a917-fda9ba37cba4,3895074,11,11048588000,11048615000,1781307203209-0
concurrency_n20_20260613_003304_redis_feed8_rep1,redis,sb:events:n20:feed8:rep1,1e2eb1e6-7441-4fcb-b532-b7e4ff107657,3895086,12,11058971400,11058998400,1781307203220-0
concurrency_n20_20260613_003304_redis_feed8_rep1,redis,sb:events:n20:feed8:rep1,a03fa6b0-0944-4d90-9881-9d2b47418d86,3895086,12,11070339500,11070372000,1781307203245-0
concurrency_n20_20260613_003304_redis_feed8_rep1,redis,sb:events:n20:feed8:rep1,e7281523-4786-460c-a9a4-c25b2828a783,3895086,12,11078645500,11078672600,1781307203257-0
concurrency_n20_20260613_003304_redis_feed8_rep1,redis,sb:events:n20:feed8:rep1,585a8685-12a2-418f-91a6-4d2a02ad8430,3895052,12,11083536500,11083569000,1781307203260-0
concurrency_n20_20260613_003304_redis_feed8_rep1,redis,sb:events:n20:feed8:rep1,316981db-6e7f-44a0-999e-b56d5da36fd6,3895060,12,11085544100,11085579600,1781307203263-0
concurrency_n20_20260613_003304_redis_feed8_rep1,redis,sb:events:n20:feed8:rep1,86c3a258-b8ca-4ec4-955d-05e4a45f4053,3895067,12,11091309000,11091347200,1781307203267-0
concurrency_n20_20260613_003304_redis_feed8_rep1,redis,sb:events:n20:feed8:rep1,e7b35a27-1240-4696-9680-00347a4fd4ab,3895067,12,11095348600,11095467400,1781307203269-0
concurrency_n20_20260613_003304_redis_feed8_rep1,redis,sb:events:n20:feed8:rep1,66cebf02-2ea6-4c35-a551-862b09130220,3895107,12,11099227900,11099306200,1781307203280-0
concurrency_n20_20260613_003304_redis_feed8_rep1,redis,sb:events:n20:feed8:rep1,817e0fb2-07b1-470b-9ad7-0bba4767e247,3895095,12,11101466800,11101494700,1781307203285-0
concurrency_n20_20260613_003304_redis_feed8_rep1,redis,sb:events:n20:feed8:rep1,5bdb34eb-55f0-4afa-b200-3172dc49c743,3895121,12,11109680700,11110062600,1781307203288-0
concurrency_n20_20260613_003304_redis_feed8_rep1,redis,sb:events:n20:feed8:rep1,01867a27-4aa7-42ac-ab96-6d7f49d8dcb8,3895134,12,11111640700,11111662400,1781307203309-0
concurrency_n20_20260613_003304_redis_feed8_rep1,redis,sb:events:n20:feed8:rep1,ba2de37d-ee65-4feb-a5ea-b54fc0236494,3895113,12,11112919300,11112949700,1781307203312-0
concurrency_n20_20260613_003304_redis_feed8_rep1,redis,sb:events:n20:feed8:rep1,c55ee278-e7d5-4f2f-aaf9-1d7e71c7ee6f,3895134,12,11115024500,11115049900,1781307203314-0
concurrency_n20_20260613_003304_redis_feed8_rep1,redis,sb:events:n20:feed8:rep1,51fb02b5-26e7-43ac-8165-4ca01a5c46d6,3895113,12,11116384400,11116408200,1781307203318-0
concurrency_n20_20260613_003304_redis_feed8_rep1,redis,sb:events:n20:feed8:rep1,da7c4c87-47cc-43e4-abc7-ed5153ccd953,3895086,13,11117891900,11117919500,1781307203321-0
concurrency_n20_20260613_003304_redis_feed8_rep1,redis,sb:events:n20:feed8:rep1,2d158032-d266-417c-b308-7988ff8c3ffc,3895086,13,11122399800,11122427300,1781307203323-0
concurrency_n20_20260613_003304_redis_feed8_rep1,redis,sb:events:n20:feed8:rep1,54f1c83c-f7c4-4413-8a2a-69aaac9bec05,3895052,13,11131772900,11131806900,1781307203332-0
concurrency_n20_20260613_003304_redis_feed8_rep1,redis,sb:events:n20:feed8:rep1,4c6fb264-6641-4514-9dfb-96a0f17f3899,3895060,13,11142436500,11142464700,1781307203335-0
concurrency_n20_20260613_003304_redis_feed8_rep1,redis,sb:events:n20:feed8:rep1,50fa5c47-ce69-41d3-bf4a-29b4f86d02fd,3895052,13,11146761800,11146796500,1781307203341-0
concurrency_n20_20260613_003304_redis_feed8_rep1,redis,sb:events:n20:feed8:rep1,fe1233fa-d40a-4e0c-8b0d-55809b7d774b,3895060,13,11155081900,11155114400,1781307203349-0
concurrency_n20_20260613_003304_redis_feed8_rep1,redis,sb:events:n20:feed8:rep1,e295f3e0-e0cc-4adc-91fa-062599b27d25,3895107,13,11158372400,11158420400,1781307203357-0
concurrency_n20_20260613_003304_redis_feed8_rep1,redis,sb:events:n20:feed8:rep1,d79cf0c7-e0cd-4718-a96e-2b06b1cb0bed,3895107,13,11159442800,11159464600,1781307203365-0
concurrency_n20_20260613_003304_redis_feed8_rep1,redis,sb:events:n20:feed8:rep1,d46689a3-08bd-4188-bc0d-6a6bace1f531,3895086,14,11170173700,11170209300,1781307203366-0
concurrency_n20_20260613_003304_redis_feed8_rep1,redis,sb:events:n20:feed8:rep1,93753357-15d4-4424-9899-669adf6f34ea,3895052,14,11172403100,11172428800,1781307203367-0
concurrency_n20_20260613_003304_redis_feed8_rep1,redis,sb:events:n20:feed8:rep1,1615450f-4d55-4fef-91d6-ab9f981c6185,3895095,14,11183566400,11183652700,1781307203377-0
concurrency_n20_20260613_003304_redis_feed8_rep1,redis,sb:events:n20:feed8:rep1,9dcf795d-a1b5-4b33-b421-af35da8f1708,3895095,14,11189381200,11189411900,1781307203379-0
concurrency_n20_20260613_003304_redis_feed8_rep1,redis,sb:events:n20:feed8:rep1,bd76ea17-62ca-436b-b60f-ebbce8df5a58,3895074,14,11192629100,11192659000,1781307203381-0
concurrency_n20_20260613_003304_redis_feed8_rep1,redis,sb:events:n20:feed8:rep1,d0309ed5-a714-4866-9594-2806ec7f3053,3895074,14,11195326300,11195360400,1781307203382-0
concurrency_n20_20260613_003304_redis_feed8_rep1,redis,sb:events:n20:feed8:rep1,59d5f7d4-b2c8-4777-ad5d-f682a5be2482,3895074,14,11203572700,11203599800,1781307203384-0
concurrency_n20_20260613_003304_redis_feed8_rep1,redis,sb:events:n20:feed8:rep1,7b8d5bb4-4ed6-4983-806a-c8ca1feeef81,3895121,15,11211211300,11211242200,1781307203389-0
concurrency_n20_20260613_003304_redis_feed8_rep1,redis,sb:events:n20:feed8:rep1,bf8ecf65-adbc-42d1-99f7-c48a6ef2ec06,3895052,15,11217006200,11217040500,1781307203391-0
concurrency_n20_20260613_003304_redis_feed8_rep1,redis,sb:events:n20:feed8:rep1,8d671e50-4b4d-4fcc-be94-351d53828756,3895107,15,11230009300,11230046900,1781307203393-0
concurrency_n20_20260613_003304_redis_feed8_rep1,redis,sb:events:n20:feed8:rep1,4cf23b83-c0d3-4df1-bdef-c5caded9cc07,3895121,15,11231926800,11231949700,1781307203395-0
concurrency_n20_20260613_003304_redis_feed8_rep1,redis,sb:events:n20:feed8:rep1,67f9bdbc-8feb-49b2-b7fe-705375aac0db,3895052,15,11237335500,11237362200,1781307203397-0
concurrency_n20_20260613_003304_redis_feed8_rep1,redis,sb:events:n20:feed8:rep1,5891ef4b-5571-4b46-961f-60fcb3d5029b,3895095,15,11241401400,11241426100,1781307203405-0
concurrency_n20_20260613_003304_redis_feed8_rep1,redis,sb:events:n20:feed8:rep1,a6fdb7f7-8cbe-4f00-a6bc-68733f24f18c,3895121,15,11245259100,11245307200,1781307203409-0
concurrency_n20_20260613_003304_redis_feed8_rep1,redis,sb:events:n20:feed8:rep1,0ae08622-c5d6-4f51-ac0a-85c965101887,3895095,15,11246739700,11246765600,1781307203427-0
concurrency_n20_20260613_003304_redis_feed8_rep1,redis,sb:events:n20:feed8:rep1,b2aa3ef3-18c5-47bb-8d2b-ae0489efea39,3895134,16,11248048700,11248078000,1781307203431-0
concurrency_n20_20260613_003304_redis_feed8_rep1,redis,sb:events:n20:feed8:rep1,923309c9-3dcf-4141-a48f-e3208bd1f952,3895113,16,11249428900,11249460300,1781307203435-0
concurrency_n20_20260613_003304_redis_feed8_rep1,redis,sb:events:n20:feed8:rep1,e8f5cb79-b270-408d-8a30-991d50c8bccd,3895095,16,11252206600,11252232700,1781307203437-0
concurrency_n20_20260613_003304_redis_feed8_rep1,redis,sb:events:n20:feed8:rep1,740e3759-e2fa-4c08-bb5e-ac9ff7760fce,3895074,16,11258483100,11258516800,1781307203445-0
concurrency_n20_20260613_003304_redis_feed8_rep1,redis,sb:events:n20:feed8:rep1,3f1b90e5-46c3-4832-b386-a774f9ef7762,3895074,16,11297883600,11297916200,1781307203446-0
concurrency_n20_20260613_003304_redis_feed8_rep1,redis,sb:events:n20:feed8:rep1,4453ce7d-4348-41a1-a86f-beae68288f76,3895074,16,11306196700,11306224000,1781307203448-0
concurrency_n20_20260613_003304_redis_feed8_rep1,redis,sb:events:n20:feed8:rep1,8eadb67c-5080-4a27-836f-922f5a6eeeb6,3895074,16,11325642100,11325672700,1781307203461-0
concurrency_n20_20260613_003304_redis_feed8_rep1,redis,sb:events:n20:feed8:rep1,4917b4e0-e17c-4412-bec0-734319e40d03,3895074,16,11331013100,11331040100,1781307203466-0
concurrency_n20_20260613_003304_redis_feed8_rep1,redis,sb:events:n20:feed8:rep1,6bae2646-95ef-4ae3-808b-79fa5756e3a0,3895086,17,11332558400,11332595700,1781307203469-0
concurrency_n20_20260613_003304_redis_feed8_rep1,redis,sb:events:n20:feed8:rep1,86a2db30-3020-4a3a-af2f-3b1d59b73adc,3895052,17,11341333900,11341365300,1781307203471-0
concurrency_n20_20260613_003304_redis_feed8_rep1,redis,sb:events:n20:feed8:rep1,6099cc29-0d11-4fee-9d00-ce786f36eca9,3895113,17,11342609600,11342636500,1781307203473-0
concurrency_n20_20260613_003304_redis_feed8_rep1,redis,sb:events:n20:feed8:rep1,da8b4ee3-3079-4353-ac9d-451a47100b52,3895121,17,11344221900,11344251400,1781307203478-0
concurrency_n20_20260613_003304_redis_feed8_rep1,redis,sb:events:n20:feed8:rep1,238ccd63-a906-4647-a994-0b592cedbb4d,3895113,17,11350652200,11350679500,1781307203489-0
concurrency_n20_20260613_003304_redis_feed8_rep1,redis,sb:events:n20:feed8:rep1,5f5f1bfd-17e6-4a75-a48d-23c004391ca0,3895121,17,11353235600,11353262800,1781307203495-0
concurrency_n20_20260613_003304_redis_feed8_rep1,redis,sb:events:n20:feed8:rep1,f56d4891-5044-48bc-98bd-2714de02c555,3895095,17,11358192900,11358239900,1781307203500-0
concurrency_n20_20260613_003304_redis_feed8_rep1,redis,sb:events:n20:feed8:rep1,74fb2011-216f-43aa-8c61-587989c3083d,3895095,17,11359512800,11359577700,1781307203509-0
concurrency_n20_20260613_003304_redis_feed8_rep1,redis,sb:events:n20:feed8:rep1,c4f630f3-cffd-4397-a545-146b8ed79cba,3895095,17,11360799500,11360832500,1781307203513-0
concurrency_n20_20260613_003304_redis_feed8_rep1,redis,sb:events:n20:feed8:rep1,a2d472e0-2844-401d-94b3-333c820b3d2d,3895086,18,11365662300,11365688200,1781307203525-0
concurrency_n20_20260613_003304_redis_feed8_rep1,redis,sb:events:n20:feed8:rep1,a3d8c0c0-3e97-47d3-8bee-8eba75a19ae8,3895086,18,11372992700,11373027700,1781307203527-0
concurrency_n20_20260613_003304_redis_feed8_rep1,redis,sb:events:n20:feed8:rep1,e1464657-428c-47db-b28c-41c44d976b21,3895086,18,11377151000,11377178300,1781307203529-0
concurrency_n20_20260613_003304_redis_feed8_rep1,redis,sb:events:n20:feed8:rep1,f3cf7038-cbb0-4e2b-be0e-87d31d2aa135,3895086,18,11378988800,11379014400,1781307203530-0
concurrency_n20_20260613_003304_redis_feed8_rep1,redis,sb:events:n20:feed8:rep1,c6cba519-72a4-4c6a-a204-27bb2809348d,3895107,18,11381917300,11381943400,1781307203533-0
concurrency_n20_20260613_003304_redis_feed8_rep1,redis,sb:events:n20:feed8:rep1,415243ce-3849-4896-9be1-75365ad90b78,3895134,18,11386299200,11386329200,1781307203535-0
concurrency_n20_20260613_003304_redis_feed8_rep1,redis,sb:events:n20:feed8:rep1,b4c2c8e7-ca1b-4d18-863e-e58021f75654,3895086,18,11390781900,11390807100,1781307203565-0
concurrency_n20_20260613_003304_redis_feed8_rep1,redis,sb:events:n20:feed8:rep1,0419e708-847b-4ff2-a6f7-50031b3683e4,3895107,18,11392612400,11392641300,1781307203570-0
concurrency_n20_20260613_003304_redis_feed8_rep1,redis,sb:events:n20:feed8:rep1,f9096f10-3921-40be-bcaa-d7439f4bef6c,3895134,18,11395529100,11395569700,1781307203577-0
concurrency_n20_20260613_003304_redis_feed8_rep1,redis,sb:events:n20:feed8:rep1,da618d2e-27e6-47f5-ba91-a32d880fc3f3,3895052,18,11400675400,11400704100,1781307203595-0
concurrency_n20_20260613_003304_redis_feed8_rep1,redis,sb:events:n20:feed8:rep1,c6085c22-483f-4a4b-a3a7-27fbee22ae65,3895052,18,11423085000,11423113000,1781307203603-0
concurrency_n20_20260613_003304_redis_feed8_rep1,redis,sb:events:n20:feed8:rep1,3211acd7-830e-4b57-9d44-ffc087f09783,3895121,18,11426674600,11426702000,1781307203605-0
concurrency_n20_20260613_003304_redis_feed8_rep1,redis,sb:events:n20:feed8:rep1,5ecff428-f7e5-4098-a070-003bae61d520,3895052,18,11428591200,11428621400,1781307203615-0
concurrency_n20_20260613_003304_redis_feed8_rep1,redis,sb:events:n20:feed8:rep1,08a00791-17e3-4e67-acbb-494c7c518e23,3895095,18,11429620300,11429650000,1781307203617-0
concurrency_n20_20260613_003304_redis_feed8_rep1,redis,sb:events:n20:feed8:rep1,4acda0ae-ebda-4589-806c-c3233063335e,3895107,19,11437501200,11437533000,1781307203626-0
concurrency_n20_20260613_003304_redis_feed8_rep1,redis,sb:events:n20:feed8:rep1,61c008f9-cf5c-4ebe-ae27-f5ee5b22c150,3895134,19,11442308500,11442341300,1781307203628-0
concurrency_n20_20260613_003304_redis_feed8_rep1,redis,sb:events:n20:feed8:rep1,95573a25-89e1-4453-899f-9231016295df,3895107,19,11460767700,11460819900,1781307203631-0
concurrency_n20_20260613_003304_redis_feed8_rep1,redis,sb:events:n20:feed8:rep1,7d098e93-c4a3-4d21-94e1-ee7f39346658,3895113,19,11512752600,11512779400,1781307203633-0
concurrency_n20_20260613_003304_redis_feed8_rep1,redis,sb:events:n20:feed8:rep1,f6afab09-dd54-41b0-9eab-2f54641f6cc7,3895134,19,11515048900,11515078600,1781307203635-0
concurrency_n20_20260613_003304_redis_feed8_rep1,redis,sb:events:n20:feed8:rep1,82b43325-f1c1-48f8-8a96-f447e73e0014,3895107,19,11541564500,11541588600,1781307203642-0
concurrency_n20_20260613_003304_redis_feed8_rep1,redis,sb:events:n20:feed8:rep1,babaa5b7-7d2a-455f-9d53-09929055b994,3895121,19,11544057700,11544110100,1781307203647-0
concurrency_n20_20260613_003304_redis_feed8_rep1,redis,sb:events:n20:feed8:rep1,fbeffccf-f6ec-4792-812e-6aa5f8535b6c,3895134,19,11552602600,11552782800,1781307203657-0
concurrency_n20_20260613_003304_redis_feed8_rep1,redis,sb:events:n20:feed8:rep1,31656a86-ac6f-48e7-8588-664d49470dcf,3895121,19,11555867300,11555912600,1781307203660-0
concurrency_n20_20260613_003304_redis_feed8_rep1,redis,sb:events:n20:feed8:rep1,c1fd3b58-ecc8-4b74-baf6-d706324c0a37,3895095,19,11568944800,11569300000,1781307203662-0
concurrency_n20_20260613_003304_redis_feed8_rep1,redis,sb:events:n20:feed8:rep1,34a68da4-a761-418e-a94a-29bb8fd8e96e,3895095,19,11572570500,11572678200,1781307203665-0
concurrency_n20_20260613_003304_redis_feed8_rep1,redis,sb:events:n20:feed8:rep1,5ea481e0-e6e1-4897-b6e0-78445211ad3d,3895060,20,11575504800,11575533400,1781307203669-0
concurrency_n20_20260613_003304_redis_feed8_rep1,redis,sb:events:n20:feed8:rep1,58a678fb-10ef-4114-9bbb-099466db1636,3895086,20,11585253200,11585283100,1781307203670-0
concurrency_n20_20260613_003304_redis_feed8_rep1,redis,sb:events:n20:feed8:rep1,5e0455ba-95d7-4dc9-92d6-c8b777a5c7b6,3895086,20,11587023200,11587054400,1781307203674-0
concurrency_n20_20260613_003304_redis_feed8_rep1,redis,sb:events:n20:feed8:rep1,9adb3957-42ed-4d0a-80fc-38ad27500ee0,3895113,20,11598979200,11599013000,1781307203677-0
concurrency_n20_20260613_003304_redis_feed8_rep1,redis,sb:events:n20:feed8:rep1,a6f33202-5449-458f-8473-9c4274528e11,3895052,20,11601704700,11601739300,1781307203678-0
concurrency_n20_20260613_003304_redis_feed8_rep1,redis,sb:events:n20:feed8:rep1,91c869e1-262b-4223-89b4-903cf7e9b527,3895107,20,11602889000,11602920700,1781307203697-0
concurrency_n20_20260613_003304_redis_feed8_rep1,redis,sb:events:n20:feed8:rep1,8e9c5a9a-0084-457b-93be-2ba84bbe4fcb,3895113,20,11603682100,11603714700,1781307203699-0
concurrency_n20_20260613_003304_redis_feed8_rep1,redis,sb:events:n20:feed8:rep1,91e88312-848a-47f2-8871-b71be8bb172c,3895107,20,11606482900,11606516100,1781307203703-0
concurrency_n20_20260613_003304_redis_feed8_rep1,redis,sb:events:n20:feed8:rep1,20d4b309-2546-439a-96d6-c362fb3ecb2d,3895113,20,11619988900,11620019700,1781307203718-0
concurrency_n20_20260613_003304_redis_feed8_rep1,redis,sb:events:n20:feed8:rep1,04f7f325-bfc0-4731-a32f-7f8232c8296e,3895121,20,11621401900,11621533000,1781307203721-0
concurrency_n20_20260613_003304_redis_feed8_rep1,redis,sb:events:n20:feed8:rep1,5bd4ec7d-4d90-4a2d-bcea-2fe45009e3e5,3895113,20,11632755000,11632783200,1781307203756-0
concurrency_n20_20260613_003304_redis_feed8_rep1,redis,sb:events:n20:feed8:rep1,90ec0daf-d61f-4501-ab28-c24d33c3ac5f,3895060,21,11636578600,11636607000,1781307203788-0
concurrency_n20_20260613_003304_redis_feed8_rep1,redis,sb:events:n20:feed8:rep1,948f6c30-084e-4ef6-a45d-90557e5552d8,3895060,21,11640884200,11640952900,1781307203790-0
concurrency_n20_20260613_003304_redis_feed8_rep1,redis,sb:events:n20:feed8:rep1,a4cf9a70-b481-4b49-9ce1-ca29ff7c506e,3895134,21,11642417200,11642447500,1781307203793-0
concurrency_n20_20260613_003304_redis_feed8_rep1,redis,sb:events:n20:feed8:rep1,ce0cff7d-de0c-4e19-8496-2dd948d69413,3895052,21,11643376500,11643400600,1781307203817-0
concurrency_n20_20260613_003304_redis_feed8_rep1,redis,sb:events:n20:feed8:rep1,d2616640-d066-4175-a00a-35d3db6e7ef0,3895134,21,11644501700,11644530700,1781307203819-0
concurrency_n20_20260613_003304_redis_feed8_rep1,redis,sb:events:n20:feed8:rep1,ebaf6e35-461e-411b-a4c6-bd8c8807ed4b,3895052,21,11668061700,11668114900,1781307203820-0
concurrency_n20_20260613_003304_redis_feed8_rep1,redis,sb:events:n20:feed8:rep1,377feb38-fa03-4b29-bb7f-2cfbb3baf194,3895107,21,11670631900,11670659000,1781307203821-0
concurrency_n20_20260613_003304_redis_feed8_rep1,redis,sb:events:n20:feed8:rep1,a5317761-7d6b-4332-832c-56edfbce761f,3895121,21,11684430900,11684468900,1781307203824-0
concurrency_n20_20260613_003304_redis_feed8_rep1,redis,sb:events:n20:feed8:rep1,d0a1094c-65af-4a38-8aa7-a18ff8210a8e,3895107,21,11687196000,11687222000,1781307203826-0
concurrency_n20_20260613_003304_redis_feed8_rep1,redis,sb:events:n20:feed8:rep1,6824686d-4590-42ed-bcb5-84522be6958f,3895113,21,11689728900,11689797300,1781307203828-0
concurrency_n20_20260613_003304_redis_feed8_rep1,redis,sb:events:n20:feed8:rep1,7b952b7f-319c-4b59-9887-322eb909afae,3895121,21,11691753300,11691783400,1781307203831-0
concurrency_n20_20260613_003304_redis_feed8_rep1,redis,sb:events:n20:feed8:rep1,13cdffc6-1a64-46ed-9d46-9d52584911eb,3895095,21,11700516000,11700552200,1781307203845-0
concurrency_n20_20260613_003304_redis_feed8_rep1,redis,sb:events:n20:feed8:rep1,4c5afbe4-b097-4acf-8087-c15c6b876bb2,3895113,21,11703830200,11703862500,1781307203850-0
concurrency_n20_20260613_003304_redis_feed8_rep1,redis,sb:events:n20:feed8:rep1,d7d57b8f-e679-4a01-9112-8c67d14816da,3895121,21,11705049200,11705092900,1781307203861-0
concurrency_n20_20260613_003304_redis_feed8_rep1,redis,sb:events:n20:feed8:rep1,380b0b2e-41af-476d-bb8d-683c2c4bc624,3895134,22,11708386300,11708457000,1781307203863-0
concurrency_n20_20260613_003304_redis_feed8_rep1,redis,sb:events:n20:feed8:rep1,9a40ee6a-81c2-48c1-b86d-7b611f1cbad9,3895052,22,11713928000,11713966400,1781307203866-0
concurrency_n20_20260613_003304_redis_feed8_rep1,redis,sb:events:n20:feed8:rep1,064b72e5-2907-4fec-ae0a-2108f5e8524f,3895052,22,11714847700,11714871500,1781307203869-0
concurrency_n20_20260613_003304_redis_feed8_rep1,redis,sb:events:n20:feed8:rep1,13033282-511b-44a2-bdfb-112ad4f2cbe2,3895107,22,11716897500,11716925400,1781307203871-0
concurrency_n20_20260613_003304_redis_feed8_rep1,redis,sb:events:n20:feed8:rep1,6d76d333-ddbe-4dd4-b0e0-f04bace0d42c,3895121,22,11718606800,11718757800,1781307203884-0
concurrency_n20_20260613_003304_redis_feed8_rep1,redis,sb:events:n20:feed8:rep1,b718de1e-9955-427d-a714-9612b515b37f,3895060,23,11721605600,11721639600,1781307203886-0
concurrency_n20_20260613_003304_redis_feed8_rep1,redis,sb:events:n20:feed8:rep1,5d1189db-89e2-4f3a-9fe7-9ca309a9180b,3895086,23,11723110200,11723150100,1781307203888-0
concurrency_n20_20260613_003304_redis_feed8_rep1,redis,sb:events:n20:feed8:rep1,bf131dfc-aa54-477b-aa3a-fe427e0f5a4d,3895052,23,11724608700,11724645100,1781307203890-0
concurrency_n20_20260613_003304_redis_feed8_rep1,redis,sb:events:n20:feed8:rep1,f436fba2-fe86-4de4-81a8-6f0ade75bb37,3895095,23,11726503100,11726530900,1781307203894-0
concurrency_n20_20260613_003304_redis_feed8_rep1,redis,sb:events:n20:feed8:rep1,0ff21259-8e4f-4ca9-b2f0-eeca108eaf72,3895107,23,11739217000,11739249400,1781307203896-0
concurrency_n20_20260613_003304_redis_feed8_rep1,redis,sb:events:n20:feed8:rep1,cb77e8ab-344f-468f-81fa-a6da694d993e,3895095,23,11743250000,11743319000,1781307203898-0
concurrency_n20_20260613_003304_redis_feed8_rep1,redis,sb:events:n20:feed8:rep1,0330715d-3ebb-4144-b556-11d9aea021f7,3895107,23,11752919400,11752958500,1781307203904-0
concurrency_n20_20260613_003304_redis_feed8_rep1,redis,sb:events:n20:feed8:rep1,13f2f67e-ce8a-45c1-91d1-965bd994230e,3895107,23,11756236000,11756271200,1781307203910-0
concurrency_n20_20260613_003304_redis_feed8_rep1,redis,sb:events:n20:feed8:rep1,30439125-dd53-46d2-95b0-e188be25443c,3895067,24,11757116400,11757138500,1781307203913-0
concurrency_n20_20260613_003304_redis_feed8_rep1,redis,sb:events:n20:feed8:rep1,11e909cf-1292-4ff6-877b-047271284066,3895060,24,11758725600,11758795400,1781307203919-0
concurrency_n20_20260613_003304_redis_feed8_rep1,redis,sb:events:n20:feed8:rep1,43d00079-b73c-4617-aa1a-2d5d3d54ba34,3895086,24,11759917200,11759945700,1781307203922-0
concurrency_n20_20260613_003304_redis_feed8_rep1,redis,sb:events:n20:feed8:rep1,a332d835-268e-4498-8bfb-67085f324c46,3895086,24,11761806300,11761836600,1781307203924-0
concurrency_n20_20260613_003304_redis_feed8_rep1,redis,sb:events:n20:feed8:rep1,cf31353b-8f9d-4a5e-9fbe-b74bcc381264,3895121,24,11762990500,11763018200,1781307203927-0
concurrency_n20_20260613_003304_redis_feed8_rep1,redis,sb:events:n20:feed8:rep1,e8f164f5-a160-4c46-a82c-abe4e89677d9,3895121,24,11768772900,11768816400,1781307203942-0
concurrency_n20_20260613_003304_redis_feed8_rep1,redis,sb:events:n20:feed8:rep1,dcc91b79-7910-496f-853c-e3a279361c9c,3895107,24,11771037900,11771069900,1781307203948-0
concurrency_n20_20260613_003304_redis_feed8_rep1,redis,sb:events:n20:feed8:rep1,a815f844-803f-46d0-98ef-cb7d3aca3c8b,3895067,25,11772177400,11772205600,1781307203950-0
concurrency_n20_20260613_003304_redis_feed8_rep1,redis,sb:events:n20:feed8:rep1,ead699aa-f13c-4cdf-8423-f658ad925cb5,3895067,25,11778772300,11778804800,1781307203953-0
concurrency_n20_20260613_003304_redis_feed8_rep1,redis,sb:events:n20:feed8:rep1,9f680d72-f947-4b6e-a483-04e6cb981cf5,3895060,25,11779657700,11779684800,1781307203955-0
concurrency_n20_20260613_003304_redis_feed8_rep1,redis,sb:events:n20:feed8:rep1,84c01004-f3ae-4fda-bcdd-31980eb13196,3895060,25,11781538100,11781571400,1781307203958-0
concurrency_n20_20260613_003304_redis_feed8_rep1,redis,sb:events:n20:feed8:rep1,2b8248b7-ca1e-4b25-8019-43dcd354312b,3895134,25,11782796300,11782824500,1781307203960-0
concurrency_n20_20260613_003304_redis_feed8_rep1,redis,sb:events:n20:feed8:rep1,07087bbe-871b-46b9-af20-4c074da4a10d,3895113,25,11783986900,11784012100,1781307203964-0
concurrency_n20_20260613_003304_redis_feed8_rep1,redis,sb:events:n20:feed8:rep1,24fa959e-ad78-4dfb-9cf7-ff352947271c,3895052,25,11787756500,11787789800,1781307203968-0
concurrency_n20_20260613_003304_redis_feed8_rep1,redis,sb:events:n20:feed8:rep1,03f103fa-f1fc-463e-87d9-cd3db62d4291,3895052,25,11789198200,11789246800,1781307203970-0
concurrency_n20_20260613_003304_redis_feed8_rep1,redis,sb:events:n20:feed8:rep1,da6d72e8-314a-4232-892f-7f2b7aa233da,3895052,25,11790317400,11790362500,1781307203978-0
concurrency_n20_20260613_003304_redis_feed8_rep1,redis,sb:events:n20:feed8:rep1,197edbf9-491f-48e7-b569-16790aa29662,3895107,25,11791391200,11791416100,1781307203979-0
concurrency_n20_20260613_003304_redis_feed8_rep1,redis,sb:events:n20:feed8:rep1,8cbf25e7-f76d-430e-b1c7-4b5c77f460f1,3895107,25,11795951300,11795987700,1781307203982-0
concurrency_n20_20260613_003304_redis_feed8_rep1,redis,sb:events:n20:feed8:rep1,e1f2d0bd-aeb0-42b2-867d-f5e407986d61,3895086,26,11799560500,11799593100,1781307203990-0
concurrency_n20_20260613_003304_redis_feed8_rep1,redis,sb:events:n20:feed8:rep1,1cfdd0b2-0f61-4520-8329-c24d895696b1,3895113,26,11801503900,11801542700,1781307203991-0
concurrency_n20_20260613_003304_redis_feed8_rep1,redis,sb:events:n20:feed8:rep1,4a4a7e44-43c5-44e2-bf4c-ca1637daea87,3895107,26,11803536700,11803565800,1781307204001-0
concurrency_n20_20260613_003304_redis_feed8_rep1,redis,sb:events:n20:feed8:rep1,b812268f-ce7d-4b17-9ad2-f38e50908694,3895107,26,11808360200,11808393600,1781307204003-0
concurrency_n20_20260613_003304_redis_feed8_rep1,redis,sb:events:n20:feed8:rep1,984ac2c7-33e7-43ac-8152-f88bdf9bcb40,3895107,26,11819092900,11819126100,1781307204004-0
concurrency_n20_20260613_003304_redis_feed8_rep1,redis,sb:events:n20:feed8:rep1,2c82e5ca-792d-4700-8f46-ad27ebbb3545,3895107,26,11821183600,11821483700,1781307204017-0
concurrency_n20_20260613_003304_redis_feed8_rep1,redis,sb:events:n20:feed8:rep1,d109e813-a171-4eab-bd01-20c8e0a2d54b,3895067,27,11822740800,11822772300,1781307204027-0
concurrency_n20_20260613_003304_redis_feed8_rep1,redis,sb:events:n20:feed8:rep1,4dbc35f7-4520-4c1d-a0c1-81c1760b2c40,3895067,27,11831022700,11831051400,1781307204042-0
concurrency_n20_20260613_003304_redis_feed8_rep1,redis,sb:events:n20:feed8:rep1,10df0432-33a1-4c21-9b36-dc9a9488ba69,3895067,27,11833756900,11833783000,1781307204045-0
concurrency_n20_20260613_003304_redis_feed8_rep1,redis,sb:events:n20:feed8:rep1,1ada5a52-ccdd-47d6-bfae-a3c6cfe6695c,3895086,27,11847851900,11847885100,1781307204049-0
concurrency_n20_20260613_003304_redis_feed8_rep1,redis,sb:events:n20:feed8:rep1,49b31666-46f5-4aa7-a2b1-869d05a27d90,3895086,27,11869999300,11870035000,1781307204058-0
concurrency_n20_20260613_003304_redis_feed8_rep1,redis,sb:events:n20:feed8:rep1,3e22029c-1ffc-479a-8824-66a065a2fdf6,3895134,27,11876574700,11877094300,1781307204059-0
concurrency_n20_20260613_003304_redis_feed8_rep1,redis,sb:events:n20:feed8:rep1,c3ae126d-34d6-421c-813d-3e3179428b05,3895086,27,11880969600,11881003600,1781307204060-0
concurrency_n20_20260613_003304_redis_feed8_rep1,redis,sb:events:n20:feed8:rep1,3ef9a433-6ad8-4533-b8c7-8465064ae209,3895134,27,11883443300,11883474100,1781307204065-0
concurrency_n20_20260613_003304_redis_feed8_rep1,redis,sb:events:n20:feed8:rep1,cfe9b540-ca3b-4aad-b553-0674713203bb,3895113,27,11887318900,11887346400,1781307204067-0
concurrency_n20_20260613_003304_redis_feed8_rep1,redis,sb:events:n20:feed8:rep1,6a8269d2-5ce9-4921-9502-03ae5b27b8b6,3895113,27,11889704600,11889741400,1781307204068-0
concurrency_n20_20260613_003304_redis_feed8_rep1,redis,sb:events:n20:feed8:rep1,87c20b3f-2fe3-4696-b387-5997a79262eb,3895052,27,11891407600,11891435300,1781307204073-0
concurrency_n20_20260613_003304_redis_feed8_rep1,redis,sb:events:n20:feed8:rep1,ce148b24-1185-48a7-bc22-d593e8115f3c,3895052,27,11892707800,11892779000,1781307204075-0
concurrency_n20_20260613_003304_redis_feed8_rep1,redis,sb:events:n20:feed8:rep1,12eedca2-420b-4b01-a81d-12b847d2f8a6,3895107,27,11894018300,11894075600,1781307204076-0
concurrency_n20_20260613_003304_redis_feed8_rep1,redis,sb:events:n20:feed8:rep1,b343f95e-f220-4957-afda-b760c0859784,3895107,27,11905874900,11905915000,1781307204086-0
concurrency_n20_20260613_003304_redis_feed8_rep1,redis,sb:events:n20:feed8:rep1,d4611d70-d895-41fc-95ab-a1c65347c86b,3895095,28,11908991300,11909027500,1781307204091-0
concurrency_n20_20260613_003304_redis_feed8_rep1,redis,sb:events:n20:feed8:rep1,e3e1f7c7-4932-4722-9f8c-b801ec0f3eb9,3895113,28,11912732500,11912765800,1781307204110-0
concurrency_n20_20260613_003304_redis_feed8_rep1,redis,sb:events:n20:feed8:rep1,f2148745-955f-4ae6-99fc-7eea72344f5c,3895052,28,11917563800,11917597800,1781307204111-0
concurrency_n20_20260613_003304_redis_feed8_rep1,redis,sb:events:n20:feed8:rep1,2e41f9b8-5553-4025-bfb2-90dc50a9013a,3895107,28,11932255500,11932368000,1781307204131-0
concurrency_n20_20260613_003304_redis_feed8_rep1,redis,sb:events:n20:feed8:rep1,78f5f9b2-8e23-4ed5-bc21-6cb65b4bfecd,3895107,28,11950409900,11950443800,1781307204147-0
concurrency_n20_20260613_003304_redis_feed8_rep1,redis,sb:events:n20:feed8:rep1,d0c9136b-fb00-4bfe-bd7f-3b3dbdc6992c,3895107,28,11973165200,11973202400,1781307204151-0
concurrency_n20_20260613_003304_redis_feed8_rep1,redis,sb:events:n20:feed8:rep1,9279e24a-1872-4df5-9f01-bb6acffcaaf3,3895107,28,11975840700,11975872500,1781307204164-0
concurrency_n20_20260613_003304_redis_feed8_rep1,redis,sb:events:n20:feed8:rep1,79692146-523d-48d7-bb97-a2bfe9215a4c,3895107,28,11978408500,11978438700,1781307204165-0
concurrency_n20_20260613_003304_redis_feed8_rep1,redis,sb:events:n20:feed8:rep1,447b0a0c-05be-471b-aaf1-2bc3a39574a6,3895067,29,11980086300,11980117200,1781307204167-0
concurrency_n20_20260613_003304_redis_feed8_rep1,redis,sb:events:n20:feed8:rep1,5a772691-1265-464f-aabd-c573e8a0ab8c,3895074,29,11981198300,11981221000,1781307204176-0
concurrency_n20_20260613_003304_redis_feed8_rep1,redis,sb:events:n20:feed8:rep1,6b3357d7-8b5b-4068-944b-8abb2b0458ff,3895086,29,11986125400,11986162300,1781307204178-0
concurrency_n20_20260613_003304_redis_feed8_rep1,redis,sb:events:n20:feed8:rep1,263393dd-6b86-4b3d-b4d4-08e19a071251,3895134,29,11989412300,11989438000,1781307204183-0
concurrency_n20_20260613_003304_redis_feed8_rep1,redis,sb:events:n20:feed8:rep1,8ecf55aa-b2b4-4325-87ae-b9773d146ca4,3895086,29,11991013300,11991039500,1781307204187-0
concurrency_n20_20260613_003304_redis_feed8_rep1,redis,sb:events:n20:feed8:rep1,dcdc9caf-542f-4fed-b166-7702a8293952,3895086,29,11993304300,11993343700,1781307204190-0
concurrency_n20_20260613_003304_redis_feed8_rep1,redis,sb:events:n20:feed8:rep1,ae5bee75-9e2e-4cae-8851-9bc9f0cc7b5a,3895095,29,11998192800,11998221400,1781307204195-0
concurrency_n20_20260613_003304_redis_feed8_rep1,redis,sb:events:n20:feed8:rep1,aa1a96f4-8527-46a3-acd2-83312ccc9a0e,3895095,29,12004277200,12004344200,1781307204226-0
concurrency_n20_20260613_003304_redis_feed8_rep1,redis,sb:events:n20:feed8:rep1,ee3252c0-e79b-495e-ae80-583351179971,3895113,29,12006164000,12006194100,1781307204245-0
concurrency_n20_20260613_003304_redis_feed8_rep1,redis,sb:events:n20:feed8:rep1,19f46068-5944-4812-bfac-1e1aa46413fb,3895113,29,12007918600,12007949400,1781307204254-0
concurrency_n20_20260613_003304_redis_feed8_rep1,redis,sb:events:n20:feed8:rep1,914c3940-48b4-4246-bd08-2b34e8349649,3895052,29,12015341900,12015387000,1781307204256-0
concurrency_n20_20260613_003304_redis_feed8_rep1,redis,sb:events:n20:feed8:rep1,45e61b15-c483-49fa-8a40-525424f6f0fd,3895107,29,12032553600,12032588300,1781307204262-0
concurrency_n20_20260613_003304_redis_feed8_rep1,redis,sb:events:n20:feed8:rep1,15787cdd-9935-4bff-b68c-760a497af7cc,3895107,29,12036278600,12036306100,1781307204263-0
concurrency_n20_20260613_003304_redis_feed8_rep1,redis,sb:events:n20:feed8:rep1,71b87a61-6e42-47b4-b6be-ca855a10d871,3895074,30,12038487800,12038520900,1781307204265-0
concurrency_n20_20260613_003304_redis_feed8_rep1,redis,sb:events:n20:feed8:rep1,627a9ff5-4a44-4ca1-a183-ed241303d231,3895074,30,12039668800,12039692100,1781307204268-0
concurrency_n20_20260613_003304_redis_feed8_rep1,redis,sb:events:n20:feed8:rep1,0eb76ef4-ed2e-4a58-b18f-6a3f6722f9e1,3895074,30,12044063300,12044100600,1781307204270-0
concurrency_n20_20260613_003304_redis_feed8_rep1,redis,sb:events:n20:feed8:rep1,9351a75c-1c91-4205-b38c-4875eb4ab288,3895134,30,12046490000,12046523100,1781307204271-0
concurrency_n20_20260613_003304_redis_feed8_rep1,redis,sb:events:n20:feed8:rep1,b1ebe5e7-8980-4421-b068-c1b1a36c650d,3895134,30,12067656700,12067681400,1781307204275-0
concurrency_n20_20260613_003304_redis_feed8_rep1,redis,sb:events:n20:feed8:rep1,f1851ae9-876d-42a8-8c1c-9d39b58512ef,3895134,30,12072359400,12072404800,1781307204281-0
concurrency_n20_20260613_003304_redis_feed8_rep1,redis,sb:events:n20:feed8:rep1,296e5f1d-e535-4774-b97f-5a38164d4b8f,3895095,30,12074393300,12074427200,1781307204283-0
concurrency_n20_20260613_003304_redis_feed8_rep1,redis,sb:events:n20:feed8:rep1,b3acab4e-f147-4ab7-8b84-8d90f00ed126,3895067,31,12076239400,12076357600,1781307204288-0
concurrency_n20_20260613_003304_redis_feed8_rep1,redis,sb:events:n20:feed8:rep1,e06cfc4c-9c3c-4733-a711-b3d88fad8f32,3895086,31,12077616400,12077647700,1781307204290-0
concurrency_n20_20260613_003304_redis_feed8_rep1,redis,sb:events:n20:feed8:rep1,f7644a7f-0ac8-482f-9ec0-f722e6b7f072,3895086,31,12085040900,12085127700,1781307204293-0
concurrency_n20_20260613_003304_redis_feed8_rep1,redis,sb:events:n20:feed8:rep1,10ccacd2-12e9-4f5f-907e-988c1c25c90e,3895086,31,12086321800,12086350700,1781307204310-0
concurrency_n20_20260613_003304_redis_feed8_rep1,redis,sb:events:n20:feed8:rep1,5139bbac-6a19-4cef-956b-a1a6c0e36dbc,3895095,31,12088709500,12088759100,1781307204312-0
concurrency_n20_20260613_003304_redis_feed8_rep1,redis,sb:events:n20:feed8:rep1,2122e986-fc97-4fb7-82e7-52bbebd90352,3895095,31,12102435100,12102527100,1781307204317-0
concurrency_n20_20260613_003304_redis_feed8_rep1,redis,sb:events:n20:feed8:rep1,7ec1b841-0000-48ef-8b63-277239da3299,3895067,32,12118117200,12118148800,1781307204320-0
concurrency_n20_20260613_003304_redis_feed8_rep1,redis,sb:events:n20:feed8:rep1,8dd23275-eba9-4971-bce5-da81859b6b2e,3895121,32,12123108200,12123142400,1781307204321-0
concurrency_n20_20260613_003304_redis_feed8_rep1,redis,sb:events:n20:feed8:rep1,2c6c5867-a9c6-45c0-b53b-8f50c49f7e92,3895113,32,12124522700,12124556200,1781307204324-0
concurrency_n20_20260613_003304_redis_feed8_rep1,redis,sb:events:n20:feed8:rep1,b858f0f4-ba17-4962-b947-b84799009462,3895113,32,12125963600,12125994500,1781307204343-0
concurrency_n20_20260613_003304_redis_feed8_rep1,redis,sb:events:n20:feed8:rep1,bab99ff3-3588-4401-a890-bdf6608b9a48,3895107,32,12146897100,12147290300,1781307204345-0
concurrency_n20_20260613_003304_redis_feed8_rep1,redis,sb:events:n20:feed8:rep1,c1ae8433-3128-4a28-aae7-22525204f668,3895067,33,12150713200,12150752700,1781307204352-0
concurrency_n20_20260613_003304_redis_feed8_rep1,redis,sb:events:n20:feed8:rep1,3eaad870-8b07-4e98-b321-069674f3f82b,3895074,33,12151863600,12151888900,1781307204354-0
concurrency_n20_20260613_003304_redis_feed8_rep1,redis,sb:events:n20:feed8:rep1,4bdb4956-a093-46d2-98fe-109bb1fb1765,3895121,33,12158976300,12159020300,1781307204358-0
concurrency_n20_20260613_003304_redis_feed8_rep1,redis,sb:events:n20:feed8:rep1,592d4541-7545-4895-bb90-16cd88fd6bf2,3895121,33,12160120500,12160143500,1781307204360-0
concurrency_n20_20260613_003304_redis_feed8_rep1,redis,sb:events:n20:feed8:rep1,a5ee5014-88eb-46e6-994c-e1ba365efbb1,3895121,33,12162206200,12162232800,1781307204362-0
concurrency_n20_20260613_003304_redis_feed8_rep1,redis,sb:events:n20:feed8:rep1,85016910-7a46-41d7-9daa-e67ae1f50e97,3895086,33,12163426800,12163451600,1781307204364-0
concurrency_n20_20260613_003304_redis_feed8_rep1,redis,sb:events:n20:feed8:rep1,4dd4ac95-4164-4d15-8e70-836f84f12a8a,3895121,33,12172903200,12172942000,1781307204366-0
concurrency_n20_20260613_003304_redis_feed8_rep1,redis,sb:events:n20:feed8:rep1,02c211e4-b3bf-4022-be9f-fc5e3d0f59b6,3895086,33,12187332600,12187365200,1781307204380-0
concurrency_n20_20260613_003304_redis_feed8_rep1,redis,sb:events:n20:feed8:rep1,b1f40782-0844-4ca7-8a99-20694926c324,3895121,33,12190259700,12190293500,1781307204396-0
concurrency_n20_20260613_003304_redis_feed8_rep1,redis,sb:events:n20:feed8:rep1,d9e6bd9b-89d4-45ee-85fc-00900e577173,3895121,33,12200314500,12200345500,1781307204398-0
concurrency_n20_20260613_003304_redis_feed8_rep1,redis,sb:events:n20:feed8:rep1,5452081a-96f0-4852-86c5-8e0190c4ce6c,3895107,33,12202970900,12203008600,1781307204413-0
concurrency_n20_20260613_003304_redis_feed8_rep1,redis,sb:events:n20:feed8:rep1,db85ec6b-1a44-4182-96fb-36516fe277aa,3895107,33,12208160400,12208195300,1781307204417-0
concurrency_n20_20260613_003304_redis_feed8_rep1,redis,sb:events:n20:feed8:rep1,92c1b7bb-eaee-47f1-bb28-3688ba247c98,3895060,34,12222460900,12222509400,1781307204421-0
concurrency_n20_20260613_003304_redis_feed8_rep1,redis,sb:events:n20:feed8:rep1,3d40db80-19ae-4784-9115-8a64c8382f1f,3895074,34,12231544200,12231569800,1781307204424-0
concurrency_n20_20260613_003304_redis_feed8_rep1,redis,sb:events:n20:feed8:rep1,f7ccc18b-f57d-473d-aef2-7b018211ff13,3895074,34,12236551100,12236582400,1781307204426-0
concurrency_n20_20260613_003304_redis_feed8_rep1,redis,sb:events:n20:feed8:rep1,343cc444-e0ab-43f0-a93f-66266b9dbea8,3895113,34,12242399400,12242427900,1781307204433-0
concurrency_n20_20260613_003304_redis_feed8_rep1,redis,sb:events:n20:feed8:rep1,1286483f-b0bf-4d49-9a2f-2233368aaa37,3895113,34,12244241600,12244282900,1781307204434-0
concurrency_n20_20260613_003304_redis_feed8_rep1,redis,sb:events:n20:feed8:rep1,35c75d8f-f13e-4940-8843-96202930c58c,3895121,34,12247637800,12247670400,1781307204436-0
concurrency_n20_20260613_003304_redis_feed8_rep1,redis,sb:events:n20:feed8:rep1,d97ce31d-b6bd-454f-b4f3-583b06b5b821,3895113,34,12248567800,12248595100,1781307204440-0
concurrency_n20_20260613_003304_redis_feed8_rep1,redis,sb:events:n20:feed8:rep1,db104f0b-4bee-4708-8598-d5233acbfd34,3895107,34,12251110200,12251144000,1781307204443-0
concurrency_n20_20260613_003304_redis_feed8_rep1,redis,sb:events:n20:feed8:rep1,d8bafa86-623c-428c-b507-6da8d83df984,3895060,35,12266746500,12266775200,1781307204452-0
concurrency_n20_20260613_003304_redis_feed8_rep1,redis,sb:events:n20:feed8:rep1,8a9895c6-a43d-4488-b3c3-826e7813c15e,3895060,35,12280003300,12280038000,1781307204464-0
concurrency_n20_20260613_003304_redis_feed8_rep1,redis,sb:events:n20:feed8:rep1,38e6d097-a9de-49da-b6cf-d57ea1fbdfa9,3895121,35,12282592500,12282625000,1781307204468-0
concurrency_n20_20260613_003304_redis_feed8_rep1,redis,sb:events:n20:feed8:rep1,5e8cf1bd-a044-4542-b2bf-cac8667f4322,3895113,35,12283958300,12283991100,1781307204470-0
concurrency_n20_20260613_003304_redis_feed8_rep1,redis,sb:events:n20:feed8:rep1,90d289d6-4046-4fdb-9ea5-387717cb297d,3895113,35,12285683100,12285717400,1781307204471-0
concurrency_n20_20260613_003304_redis_feed8_rep1,redis,sb:events:n20:feed8:rep1,edd5ce07-d5a1-480e-b4b3-d3cfe453d008,3895113,35,12288199400,12288231800,1781307204474-0
concurrency_n20_20260613_003304_redis_feed8_rep1,redis,sb:events:n20:feed8:rep1,d5f49005-e164-4a56-b36c-8e788d813b4c,3895086,36,12292506400,12292535800,1781307204477-0
concurrency_n20_20260613_003304_redis_feed8_rep1,redis,sb:events:n20:feed8:rep1,42c600fd-1ba8-4635-888b-d1c43e4642ca,3895121,36,12294831800,12294863700,1781307204483-0
concurrency_n20_20260613_003304_redis_feed8_rep1,redis,sb:events:n20:feed8:rep1,32090cac-d662-4ecc-99e0-ac0e4575877f,3895113,36,12301947500,12301989300,1781307204484-0
concurrency_n20_20260613_003304_redis_feed8_rep1,redis,sb:events:n20:feed8:rep1,c375c660-a042-4e1d-9377-a3d8e9137b77,3895113,36,12327834700,12327879000,1781307204485-0
concurrency_n20_20260613_003304_redis_feed8_rep1,redis,sb:events:n20:feed8:rep1,956dc981-5c22-41fc-800c-123fe8ce5e4a,3895113,36,12340829000,12340856400,1781307204495-0
concurrency_n20_20260613_003304_redis_feed8_rep1,redis,sb:events:n20:feed8:rep1,2385fdd1-5767-4de2-9c4b-54ed4e9d1e43,3895067,37,12342473900,12342504500,1781307204497-0
concurrency_n20_20260613_003304_redis_feed8_rep1,redis,sb:events:n20:feed8:rep1,68b68600-4736-4bb8-96f4-4648b096d2ad,3895074,37,12349740000,12349780200,1781307204505-0
concurrency_n20_20260613_003304_redis_feed8_rep1,redis,sb:events:n20:feed8:rep1,06029eea-1721-442f-b067-5ea6dc7b0631,3895074,37,12354071900,12354110300,1781307204507-0
concurrency_n20_20260613_003304_redis_feed8_rep1,redis,sb:events:n20:feed8:rep1,345213be-58bb-4752-82aa-82a0cd026971,3895121,37,12356132500,12356164200,1781307204509-0
concurrency_n20_20260613_003304_redis_feed8_rep1,redis,sb:events:n20:feed8:rep1,26e2822c-be09-429f-b5e1-9478a147e355,3895121,37,12386910800,12386941200,1781307204515-0
concurrency_n20_20260613_003304_redis_feed8_rep1,redis,sb:events:n20:feed8:rep1,6fa24066-9ea3-4e9f-83cb-2c9bf05e6167,3895121,37,12391247500,12391278600,1781307204517-0
concurrency_n20_20260613_003304_redis_feed8_rep1,redis,sb:events:n20:feed8:rep1,325e9b33-e862-4822-88ad-25bff06d2c07,3895121,37,12393992200,12394044800,1781307204519-0
concurrency_n20_20260613_003304_redis_feed8_rep1,redis,sb:events:n20:feed8:rep1,acb76887-5356-44c9-bc8e-16b40dea5fdd,3895113,37,12396930400,12396999000,1781307204521-0
concurrency_n20_20260613_003304_redis_feed8_rep1,redis,sb:events:n20:feed8:rep1,26deaac5-4c1c-429d-bc3b-a714e513cc0c,3895060,38,12416440500,12416484100,1781307204523-0
concurrency_n20_20260613_003304_redis_feed8_rep1,redis,sb:events:n20:feed8:rep1,5647da51-88db-4e25-a864-8610b7aaea93,3895067,38,12420742200,12420772600,1781307204526-0
concurrency_n20_20260613_003304_redis_feed8_rep1,redis,sb:events:n20:feed8:rep1,12a36da3-d1f7-4490-a4f8-f4be3907a880,3895067,38,12424396700,12424438700,1781307204541-0
concurrency_n20_20260613_003304_redis_feed8_rep1,redis,sb:events:n20:feed8:rep1,bb7d9289-4044-46d8-8558-4f23cc40f18b,3895095,38,12428108000,12428138600,1781307204545-0
concurrency_n20_20260613_003304_redis_feed8_rep1,redis,sb:events:n20:feed8:rep1,191352f4-b6b1-4676-bb29-03561c51730b,3895107,38,12429618000,12429649500,1781307204563-0
concurrency_n20_20260613_003304_redis_feed8_rep1,redis,sb:events:n20:feed8:rep1,90e3b280-77a2-42f8-80a1-789498a383d1,3895060,39,12434449400,12434480900,1781307204568-0
concurrency_n20_20260613_003304_redis_feed8_rep1,redis,sb:events:n20:feed8:rep1,cea8c7fe-1b2f-4beb-9b6b-0c11f999b909,3895060,39,12438783800,12438810100,1781307204578-0
concurrency_n20_20260613_003304_redis_feed8_rep1,redis,sb:events:n20:feed8:rep1,59f60e75-1337-46d7-bc7c-676bad3acc07,3895060,39,12439812600,12439865300,1781307204580-0
concurrency_n20_20260613_003304_redis_feed8_rep1,redis,sb:events:n20:feed8:rep1,00da8b93-dab3-460e-b1e5-1ee467331388,3895095,39,12440817500,12440883900,1781307204586-0
concurrency_n20_20260613_003304_redis_feed8_rep1,redis,sb:events:n20:feed8:rep1,91c32868-e70e-4b6a-a7ce-6723528ed7e8,3895095,39,12442304200,12442333800,1781307204591-0
concurrency_n20_20260613_003304_redis_feed8_rep1,redis,sb:events:n20:feed8:rep1,58ddef64-ed5b-4758-911b-9cc6f9bc3ab0,3895121,39,12446300000,12446327600,1781307204592-0
concurrency_n20_20260613_003304_redis_feed8_rep1,redis,sb:events:n20:feed8:rep1,bfd7ab2d-8af5-4ae1-a8a2-c438e0ecf01d,3895121,39,12447854300,12447952000,1781307204603-0
concurrency_n20_20260613_003304_redis_feed8_rep1,redis,sb:events:n20:feed8:rep1,220cb931-5cd7-4c7b-8fc0-6550c89e4b6b,3895113,39,12450451200,12450477200,1781307204617-0
concurrency_n20_20260613_003304_redis_feed8_rep1,redis,sb:events:n20:feed8:rep1,fb37f522-69f3-458c-96f4-574410785219,3895121,39,12452232300,12452261900,1781307204619-0
concurrency_n20_20260613_003304_redis_feed8_rep1,redis,sb:events:n20:feed8:rep1,4b550bc1-31ac-4914-8a11-29a4cecb6380,3895113,39,12453689000,12453717300,1781307204625-0
concurrency_n20_20260613_003304_redis_feed8_rep1,redis,sb:events:n20:feed8:rep1,f85aeff4-b9ad-4127-9dd6-ee22d8df6683,3895107,39,12460438200,12460488400,1781307204626-0
concurrency_n20_20260613_003304_redis_feed8_rep1,redis,sb:events:n20:feed8:rep1,e435a0b9-4c8a-4470-b59a-5ec58d706789,3895060,40,12462945200,12463046800,1781307204627-0
concurrency_n20_20260613_003304_redis_feed8_rep1,redis,sb:events:n20:feed8:rep1,22e32209-bb97-4c30-9b3b-beee02261e71,3895074,40,12471027400,12471055500,1781307204663-0
concurrency_n20_20260613_003304_redis_feed8_rep1,redis,sb:events:n20:feed8:rep1,42c834c5-484a-4ac0-8d9f-0bd7f0b4ae95,3895086,40,12473783500,12473812700,1781307204666-0
concurrency_n20_20260613_003304_redis_feed8_rep1,redis,sb:events:n20:feed8:rep1,dc60fe07-6cc5-473b-8ccf-9bf00e152a49,3895086,40,12476646500,12476677200,1781307204669-0
concurrency_n20_20260613_003304_redis_feed8_rep1,redis,sb:events:n20:feed8:rep1,75b3f799-6706-436e-bad8-445ccd64f4e2,3895095,40,12479579100,12479609300,1781307204671-0
concurrency_n20_20260613_003304_redis_feed8_rep1,redis,sb:events:n20:feed8:rep1,846dfbba-d9ca-4a4e-9f80-b12670b4085e,3895067,41,12484364900,12484395300,1781307204673-0
concurrency_n20_20260613_003304_redis_feed8_rep1,redis,sb:events:n20:feed8:rep1,b20d045a-73cb-4eab-8dfc-bc07269ce986,3895060,41,12487575000,12487617200,1781307204675-0
concurrency_n20_20260613_003304_redis_feed8_rep1,redis,sb:events:n20:feed8:rep1,998ca3a4-a5cc-4a15-9c36-122431d2f843,3895060,41,12490316600,12490349400,1781307204693-0
concurrency_n20_20260613_003304_redis_feed8_rep1,redis,sb:events:n20:feed8:rep1,61c32a5d-7d5c-4b88-a59b-8e5ebed5e25c,3895060,41,12492201600,12492232600,1781307204695-0
concurrency_n20_20260613_003304_redis_feed8_rep1,redis,sb:events:n20:feed8:rep1,d4bf08dc-9205-4261-8876-566102e23931,3895060,41,12497397700,12497432000,1781307204698-0
concurrency_n20_20260613_003304_redis_feed8_rep1,redis,sb:events:n20:feed8:rep1,932cd718-07b8-4f43-843a-040ea138a086,3895095,41,12498844100,12498873000,1781307204700-0
concurrency_n20_20260613_003304_redis_feed8_rep1,redis,sb:events:n20:feed8:rep1,d63c807a-8016-408b-8ede-1c8b62314bd2,3895095,41,12501334700,12501372800,1781307204705-0
concurrency_n20_20260613_003304_redis_feed8_rep1,redis,sb:events:n20:feed8:rep1,b6b79bd5-83a0-45aa-ae80-3d1d5e30a83f,3895095,41,12502880500,12502916100,1781307204708-0
concurrency_n20_20260613_003304_redis_feed8_rep1,redis,sb:events:n20:feed8:rep1,f9d31109-d4a2-4fbf-b479-d10ce5b80123,3895095,41,12503615000,12503636700,1781307204714-0
concurrency_n20_20260613_003304_redis_feed8_rep1,redis,sb:events:n20:feed8:rep1,0bcbb10c-b3c8-406b-be58-ce0986f273ae,3895095,41,12508609100,12509080000,1781307204715-0
concurrency_n20_20260613_003304_redis_feed8_rep1,redis,sb:events:n20:feed8:rep1,92b772f2-c273-4ec4-a7e2-3d09c1452965,3895107,41,12510452200,12510476000,1781307204716-0
concurrency_n20_20260613_003304_redis_feed8_rep1,redis,sb:events:n20:feed8:rep1,e2fec3bf-0acb-49b9-9afa-4d4a4ecce0c1,3895107,41,12511286000,12511312800,1781307204718-0
concurrency_n20_20260613_003304_redis_feed8_rep1,redis,sb:events:n20:feed8:rep1,5ec55ad0-1494-4ad7-9fdd-7226078bb2db,3895067,42,12512650500,12512753200,1781307204720-0
concurrency_n20_20260613_003304_redis_feed8_rep1,redis,sb:events:n20:feed8:rep1,e04b6836-a1e8-4472-b5ef-4f602b2c983e,3895067,42,12514048200,12514072000,1781307204721-0
concurrency_n20_20260613_003304_redis_feed8_rep1,redis,sb:events:n20:feed8:rep1,13e3148f-e1f5-46b5-929a-d4dc6755ebf6,3895067,42,12517805800,12517912800,1781307204726-0
concurrency_n20_20260613_003304_redis_feed8_rep1,redis,sb:events:n20:feed8:rep1,468623e8-7e76-4b78-b553-f607b9fb4b07,3895067,42,12519489800,12519514300,1781307204727-0
concurrency_n20_20260613_003304_redis_feed8_rep1,redis,sb:events:n20:feed8:rep1,65a00927-90a1-4c33-a35c-363da5bcaaeb,3895060,42,12521121600,12521337500,1781307204735-0
concurrency_n20_20260613_003304_redis_feed8_rep1,redis,sb:events:n20:feed8:rep1,747510a6-98ed-4a69-9400-5617988abdfa,3895060,42,12522304700,12522334400,1781307204738-0
concurrency_n20_20260613_003304_redis_feed8_rep1,redis,sb:events:n20:feed8:rep1,f5acbdd4-0316-4e8d-b8d1-48c192aba5ba,3895060,42,12523655400,12523677300,1781307204741-0
concurrency_n20_20260613_003304_redis_feed8_rep1,redis,sb:events:n20:feed8:rep1,244fd2c8-b53e-4e9e-8f15-a3d4fc996e95,3895060,42,12527506700,12527540000,1781307204742-0
concurrency_n20_20260613_003304_redis_feed8_rep1,redis,sb:events:n20:feed8:rep1,4bbe9045-17fc-4dd4-b422-1b2c0b7f7c2d,3895086,42,12531647200,12531676500,1781307204746-0
concurrency_n20_20260613_003304_redis_feed8_rep1,redis,sb:events:n20:feed8:rep1,ee5e44ed-cec3-40a9-b760-3312d3d02746,3895086,42,12534347600,12534375500,1781307204749-0
concurrency_n20_20260613_003304_redis_feed8_rep1,redis,sb:events:n20:feed8:rep1,b7857dd2-503f-47c6-a8b4-71291a3e9b6c,3895121,42,12537465400,12537492000,1781307204751-0
concurrency_n20_20260613_003304_redis_feed8_rep1,redis,sb:events:n20:feed8:rep1,02d38453-def0-4dfb-8f41-809f0d0ee531,3895113,42,12538798600,12538822700,1781307204758-0
concurrency_n20_20260613_003304_redis_feed8_rep1,redis,sb:events:n20:feed8:rep1,88b6503f-b7ef-4671-8e00-5ce2fc49c9f7,3895107,42,12548430700,12548531600,1781307204760-0
concurrency_n20_20260613_003304_redis_feed8_rep1,redis,sb:events:n20:feed8:rep1,0ada3c93-0dea-44b3-838b-308d7032cb53,3895134,43,12549824800,12549852700,1781307204762-0
concurrency_n20_20260613_003304_redis_feed8_rep1,redis,sb:events:n20:feed8:rep1,490ee852-fb5c-4bc5-9ad4-60c7fa3aeb35,3895060,43,12551015300,12551044000,1781307204766-0
concurrency_n20_20260613_003304_redis_feed8_rep1,redis,sb:events:n20:feed8:rep1,e2b37f00-81ce-493d-9f04-3b60b2d08ff3,3895060,43,12557419900,12557457200,1781307204772-0
concurrency_n20_20260613_003304_redis_feed8_rep1,redis,sb:events:n20:feed8:rep1,33f17635-b8f6-4118-a3df-72500fc4136b,3895060,43,12558705000,12558756800,1781307204773-0
concurrency_n20_20260613_003304_redis_feed8_rep1,redis,sb:events:n20:feed8:rep1,e04ea77c-949a-42c1-a58b-9b2cd5ec3f86,3895086,43,12559827700,12559848300,1781307204775-0
concurrency_n20_20260613_003304_redis_feed8_rep1,redis,sb:events:n20:feed8:rep1,ea294bae-9cde-4a49-ba92-8de0e5558724,3895086,43,12561261600,12561289100,1781307204776-0
concurrency_n20_20260613_003304_redis_feed8_rep1,redis,sb:events:n20:feed8:rep1,bf7dd8ff-3505-484f-b34a-1cfbd05f5203,3895086,43,12562601200,12562631800,1781307204778-0
concurrency_n20_20260613_003304_redis_feed8_rep1,redis,sb:events:n20:feed8:rep1,7e09cb25-daea-481e-a291-444a2e190a68,3895113,43,12564792800,12564820300,1781307204780-0
concurrency_n20_20260613_003304_redis_feed8_rep1,redis,sb:events:n20:feed8:rep1,4334c761-3d76-4734-89ce-0d25fd4d1d5c,3895067,44,12566275900,12566300900,1781307204782-0
concurrency_n20_20260613_003304_redis_feed8_rep1,redis,sb:events:n20:feed8:rep1,de2f5dd9-8866-4731-8ba6-b62075693025,3895067,44,12569044800,12569086100,1781307204787-0
concurrency_n20_20260613_003304_redis_feed8_rep1,redis,sb:events:n20:feed8:rep1,e607fbaf-57c6-46a5-9065-cd6ef1483ee7,3895060,44,12571625300,12571668000,1781307204788-0
concurrency_n20_20260613_003304_redis_feed8_rep1,redis,sb:events:n20:feed8:rep1,b081c486-1265-44bc-9b1e-bdbab86027bc,3895060,44,12578057700,12578094800,1781307204790-0
concurrency_n20_20260613_003304_redis_feed8_rep1,redis,sb:events:n20:feed8:rep1,1294206e-9663-4a6b-9df5-c439b597a356,3895086,44,12581272900,12581298700,1781307204796-0
concurrency_n20_20260613_003304_redis_feed8_rep1,redis,sb:events:n20:feed8:rep1,6e6d3a04-3b2d-4594-912c-ef552bb70b66,3895121,44,12582200400,12582218800,1781307204798-0
concurrency_n20_20260613_003304_redis_feed8_rep1,redis,sb:events:n20:feed8:rep1,b7d0f261-5334-4d69-96af-25ae011560ca,3895121,44,12583617900,12583649800,1781307204800-0
concurrency_n20_20260613_003304_redis_feed8_rep1,redis,sb:events:n20:feed8:rep1,6bfc5905-fd3d-4a0f-8dd4-e66a22373576,3895134,45,12584791300,12584813800,1781307204804-0
concurrency_n20_20260613_003304_redis_feed8_rep1,redis,sb:events:n20:feed8:rep1,2083aef2-6d41-4a34-8a5a-4a3775a71852,3895134,45,12586269700,12586296400,1781307204806-0
concurrency_n20_20260613_003304_redis_feed8_rep1,redis,sb:events:n20:feed8:rep1,e7838e3a-3874-4ca3-b660-ea74ef2c384d,3895060,45,12589759400,12589787400,1781307204809-0
concurrency_n20_20260613_003304_redis_feed8_rep1,redis,sb:events:n20:feed8:rep1,58cdc1d1-788b-4e0b-a07b-84d6db9ad04b,3895086,45,12591639900,12591662900,1781307204810-0
concurrency_n20_20260613_003304_redis_feed8_rep1,redis,sb:events:n20:feed8:rep1,959b2e5b-016f-4594-9d72-537819b03bd8,3895086,45,12592806100,12592829000,1781307204812-0
concurrency_n20_20260613_003304_redis_feed8_rep1,redis,sb:events:n20:feed8:rep1,43d448f5-3161-4484-a1e9-7ead8dbb8df2,3895113,45,12596749700,12596778500,1781307204815-0
concurrency_n20_20260613_003304_redis_feed8_rep1,redis,sb:events:n20:feed8:rep1,7baac0c7-203d-4e43-89f7-7d482a26ee0d,3895121,45,12614203000,12614234500,1781307204816-0
concurrency_n20_20260613_003304_redis_feed8_rep1,redis,sb:events:n20:feed8:rep1,31bf416b-2f8b-436b-a233-07d16a05f948,3895113,45,12624833600,12624869600,1781307204823-0
concurrency_n20_20260613_003304_redis_feed8_rep1,redis,sb:events:n20:feed8:rep1,84b5ba76-8141-4875-82aa-039802b7b1e9,3895113,45,12629410300,12629449600,1781307204831-0
concurrency_n20_20260613_003304_redis_feed8_rep1,redis,sb:events:n20:feed8:rep1,87666b3c-fae0-4ec8-a71d-c2d3be7beb84,3895052,46,12631361300,12631391800,1781307204833-0
concurrency_n20_20260613_003304_redis_feed8_rep1,redis,sb:events:n20:feed8:rep1,89e0e216-29e0-4bad-b415-358338ffc09f,3895121,46,12639511500,12639541200,1781307204835-0
concurrency_n20_20260613_003304_redis_feed8_rep1,redis,sb:events:n20:feed8:rep1,533800e7-a633-4c16-989e-88d349c01143,3895113,46,12641330200,12641361200,1781307204836-0
concurrency_n20_20260613_003304_redis_feed8_rep1,redis,sb:events:n20:feed8:rep1,351f7fc6-14b7-46ba-9fb9-04f41961ded3,3895052,47,12642637100,12642686600,1781307204837-0
concurrency_n20_20260613_003304_redis_feed8_rep1,redis,sb:events:n20:feed8:rep1,fdc51a4b-28c8-4fce-84e7-171fe7b1d4b6,3895052,47,12643540700,12643565900,1781307204844-0
concurrency_n20_20260613_003304_redis_feed8_rep1,redis,sb:events:n20:feed8:rep1,f2ada232-d480-4ba1-abd7-75e39f0030a3,3895060,47,12644673300,12644693900,1781307204846-0
concurrency_n20_20260613_003304_redis_feed8_rep1,redis,sb:events:n20:feed8:rep1,79dceb5a-d57a-4e48-9857-49a39de9e10c,3895060,47,12645819500,12645844600,1781307204849-0
concurrency_n20_20260613_003304_redis_feed8_rep1,redis,sb:events:n20:feed8:rep1,0c0f4cd0-cd24-4049-a9c1-842b9ce36562,3895060,47,12651134300,12651168700,1781307204851-0
concurrency_n20_20260613_003304_redis_feed8_rep1,redis,sb:events:n20:feed8:rep1,04713f82-6bc1-4e6b-904b-eb4fd56d5eb3,3895067,48,12653269700,12653296100,1781307204852-0
concurrency_n20_20260613_003304_redis_feed8_rep1,redis,sb:events:n20:feed8:rep1,5f268cd7-74fc-4aea-9caa-8cdf9d717648,3895067,48,12667709900,12667740900,1781307204859-0
concurrency_n20_20260613_003304_redis_feed8_rep1,redis,sb:events:n20:feed8:rep1,76fa657c-52d9-444e-8432-b36a4d76771f,3895067,48,12671676100,12671705700,1781307204860-0
concurrency_n20_20260613_003304_redis_feed8_rep1,redis,sb:events:n20:feed8:rep1,96bd8297-91b0-47fc-a7b2-2c433ec2e694,3895052,48,12675343100,12675368600,1781307204862-0
concurrency_n20_20260613_003304_redis_feed8_rep1,redis,sb:events:n20:feed8:rep1,8d0349fb-568c-440c-9069-42adbf1f9c3a,3895052,48,12677704500,12677737500,1781307204865-0
concurrency_n20_20260613_003304_redis_feed8_rep1,redis,sb:events:n20:feed8:rep1,f5c259e0-c5c7-49b0-9c59-02585ab58986,3895086,48,12679912800,12679944700,1781307204867-0
concurrency_n20_20260613_003304_redis_feed8_rep1,redis,sb:events:n20:feed8:rep1,e008a8be-aa49-49e9-bd13-a93552b5c052,3895113,48,12681611000,12681642600,1781307204869-0
concurrency_n20_20260613_003304_redis_feed8_rep1,redis,sb:events:n20:feed8:rep1,cda89eb4-2a08-49d3-b303-e8d036641f46,3895134,49,12687245800,12687278800,1781307204874-0
concurrency_n20_20260613_003304_redis_feed8_rep1,redis,sb:events:n20:feed8:rep1,dc5c5cf4-f423-403a-b51c-979540ef7622,3895060,49,12696805400,12696847200,1781307204879-0
concurrency_n20_20260613_003304_redis_feed8_rep1,redis,sb:events:n20:feed8:rep1,1a55229e-3379-44ed-a2d0-4c24a2d6169a,3895060,49,12699606800,12699639200,1781307204882-0
concurrency_n20_20260613_003304_redis_feed8_rep1,redis,sb:events:n20:feed8:rep1,fac5aea2-5596-489a-968e-56f16712940d,3895107,49,12703634200,12703670600,1781307204884-0
concurrency_n20_20260613_003304_redis_feed8_rep1,redis,sb:events:n20:feed8:rep1,efcf17d5-c042-4aaf-b0d7-93d7c93295e4,3895067,50,12731633500,12731669700,1781307204885-0
concurrency_n20_20260613_003304_redis_feed8_rep1,redis,sb:events:n20:feed8:rep1,47018dac-e300-4c82-be64-a8bc5b624fe0,3895052,50,12735786600,12735817200,1781307204900-0
concurrency_n20_20260613_003304_redis_feed8_rep1,redis,sb:events:n20:feed8:rep1,e3fd3a05-da3c-47a0-a92c-2719348c579e,3895052,50,12738818200,12738847500,1781307204904-0
concurrency_n20_20260613_003304_redis_feed8_rep1,redis,sb:events:n20:feed8:rep1,2128811a-aed8-4767-93e5-6b8c8d052321,3895086,50,12740871700,12740906400,1781307204907-0
concurrency_n20_20260613_003304_redis_feed8_rep1,redis,sb:events:n20:feed8:rep1,3aac7306-7a20-48a5-899a-01fd2c81174c,3895086,50,12742558200,12742586500,1781307204913-0
concurrency_n20_20260613_003304_redis_feed8_rep1,redis,sb:events:n20:feed8:rep1,2776e660-6018-41ee-a851-c1d3110acce6,3895107,50,12756615900,12756650500,1781307204915-0
concurrency_n20_20260613_003304_redis_feed8_rep1,redis,sb:events:n20:feed8:rep1,fd3aeff8-4268-476c-9189-7980aa44e693,3895107,50,12758312100,12758345400,1781307204916-0
concurrency_n20_20260613_003304_redis_feed8_rep1,redis,sb:events:n20:feed8:rep1,868c8013-7306-466b-93e7-217812448fd5,3895134,51,12759589500,12759616100,1781307204922-0
concurrency_n20_20260613_003304_redis_feed8_rep1,redis,sb:events:n20:feed8:rep1,3001fadd-127b-4ce2-8879-42a84e9d6d18,3895134,51,12760366400,12760387900,1781307204923-0
concurrency_n20_20260613_003304_redis_feed8_rep1,redis,sb:events:n20:feed8:rep1,671975c8-652d-4d37-a960-34ea283e6839,3895067,51,12769433400,12769461300,1781307204925-0
concurrency_n20_20260613_003304_redis_feed8_rep1,redis,sb:events:n20:feed8:rep1,e6696fb9-60bc-4c61-804c-d5089d51dbfc,3895134,51,12776381200,12776410600,1781307204929-0
concurrency_n20_20260613_003304_redis_feed8_rep1,redis,sb:events:n20:feed8:rep1,dd68b07e-7dda-40cd-be54-f8f588fb2d65,3895067,51,12779799200,12779834700,1781307204931-0
concurrency_n20_20260613_003304_redis_feed8_rep1,redis,sb:events:n20:feed8:rep1,a204aa5b-dd2a-4419-b242-75fb830e408a,3895067,51,12783735100,12783765700,1781307204944-0
concurrency_n20_20260613_003304_redis_feed8_rep1,redis,sb:events:n20:feed8:rep1,6a0f8b8e-4e1b-42ee-b523-30b9a57b096e,3895052,51,12785641900,12785671300,1781307204948-0
concurrency_n20_20260613_003304_redis_feed8_rep1,redis,sb:events:n20:feed8:rep1,cbe82ece-02bd-4fb5-9e40-ca8251b72ec7,3895086,51,12789737800,12789794000,1781307204952-0
concurrency_n20_20260613_003304_redis_feed8_rep1,redis,sb:events:n20:feed8:rep1,77377af1-c630-4e85-8bdb-0ca5557b3287,3895107,51,12819682900,12819769400,1781307204957-0
concurrency_n20_20260613_003304_redis_feed8_rep1,redis,sb:events:n20:feed8:rep1,ee90bada-1c6b-428a-aacb-049c3b7d8627,3895107,51,12837901100,12837934600,1781307204958-0
concurrency_n20_20260613_003304_redis_feed8_rep1,redis,sb:events:n20:feed8:rep1,43d10675-f46f-4529-b68d-2cb72e3bc959,3895107,51,12867540700,12867570600,1781307204962-0
concurrency_n20_20260613_003304_redis_feed8_rep1,redis,sb:events:n20:feed8:rep1,098845c7-c0d6-49d4-a7e8-62ad71df1740,3895107,51,12869416800,12869447200,1781307204964-0
concurrency_n20_20260613_003304_redis_feed8_rep1,redis,sb:events:n20:feed8:rep1,7b0bb4e0-11e8-47ec-b963-780b060ecd67,3895107,51,12871842300,12871865800,1781307204972-0
concurrency_n20_20260613_003304_redis_feed8_rep1,redis,sb:events:n20:feed8:rep1,0138382f-c7f1-453f-a804-e83d80388701,3895134,52,12873543900,12873576100,1781307204977-0
concurrency_n20_20260613_003304_redis_feed8_rep1,redis,sb:events:n20:feed8:rep1,b6598ae5-294f-495f-8871-3ed5da30a210,3895067,52,12882006700,12882254000,1781307204979-0
concurrency_n20_20260613_003304_redis_feed8_rep1,redis,sb:events:n20:feed8:rep1,6258c422-389a-4b00-9a65-a893eb7f7fbd,3895067,52,12888661300,12888828200,1781307204994-0
concurrency_n20_20260613_003304_redis_feed8_rep1,redis,sb:events:n20:feed8:rep1,43b4b6c3-f7eb-4660-9535-85090ee4a9c7,3895086,52,12906762900,12906791400,1781307205008-0
concurrency_n20_20260613_003304_redis_feed8_rep1,redis,sb:events:n20:feed8:rep1,0824066b-6377-4f4d-b9d6-b892e16165cf,3895086,52,12919535400,12919563000,1781307205011-0
concurrency_n20_20260613_003304_redis_feed8_rep1,redis,sb:events:n20:feed8:rep1,c45e4c17-d965-492f-bf68-f2cc34aea3c6,3895107,52,12921230400,12921266400,1781307205018-0
concurrency_n20_20260613_003304_redis_feed8_rep1,redis,sb:events:n20:feed8:rep1,3ff1967f-6e9f-4711-9f48-702eea0b78d3,3895107,52,12923492200,12923529700,1781307205019-0
concurrency_n20_20260613_003304_redis_feed8_rep1,redis,sb:events:n20:feed8:rep1,7773b9fa-34dc-44fc-95f0-80ebcf280e8c,3895074,53,12924812600,12924838600,1781307205028-0
concurrency_n20_20260613_003304_redis_feed8_rep1,redis,sb:events:n20:feed8:rep1,439b5ce9-bc81-47ba-8976-7bcd6b7de738,3895052,53,12925595000,12925616000,1781307205037-0
concurrency_n20_20260613_003304_redis_feed8_rep1,redis,sb:events:n20:feed8:rep1,e9064962-a3ad-4469-be2a-58f85fcc0a21,3895067,53,12926726700,12926752200,1781307205044-0
concurrency_n20_20260613_003304_redis_feed8_rep1,redis,sb:events:n20:feed8:rep1,65bd167c-af9e-4117-a832-2bd3eab41c47,3895052,53,12927789400,12927823300,1781307205057-0
concurrency_n20_20260613_003304_redis_feed8_rep1,redis,sb:events:n20:feed8:rep1,f410a2e4-a20a-4740-9789-df374ad99354,3895134,54,12929833200,12929867300,1781307205061-0
concurrency_n20_20260613_003304_redis_feed8_rep1,redis,sb:events:n20:feed8:rep1,ded4b97c-05de-492d-afdf-293ace2b3224,3895134,54,12932174000,12932207600,1781307205063-0
concurrency_n20_20260613_003304_redis_feed8_rep1,redis,sb:events:n20:feed8:rep1,4e0d3771-4b3b-409c-98fd-b89277a436ea,3895067,54,12940232300,12940266000,1781307205065-0
concurrency_n20_20260613_003304_redis_feed8_rep1,redis,sb:events:n20:feed8:rep1,424b5613-2a63-4bf4-8cfe-75e394f8c6df,3895095,54,12942322600,12942399100,1781307205096-0
concurrency_n20_20260613_003304_redis_feed8_rep1,redis,sb:events:n20:feed8:rep1,d626a450-651a-452f-8bd2-40bd73e5570f,3895052,54,12943122200,12943143100,1781307205114-0
concurrency_n20_20260613_003304_redis_feed8_rep1,redis,sb:events:n20:feed8:rep1,a2f0fa0d-a8be-4dae-886f-c4f1e40c1b23,3895060,54,12944599800,12944629300,1781307205144-0
concurrency_n20_20260613_003304_redis_feed8_rep1,redis,sb:events:n20:feed8:rep1,b9207043-5322-448b-9124-e5f49b7edaf7,3895086,54,12952083200,12952111900,1781307205146-0
concurrency_n20_20260613_003304_redis_feed8_rep1,redis,sb:events:n20:feed8:rep1,f39a69f5-2e2b-496a-9f94-591e8b152d22,3895067,55,12962632700,12962668900,1781307205150-0
concurrency_n20_20260613_003304_redis_feed8_rep1,redis,sb:events:n20:feed8:rep1,437f9130-077f-43ac-81f2-d1c218161259,3895052,55,12967347900,12967382800,1781307205151-0
concurrency_n20_20260613_003304_redis_feed8_rep1,redis,sb:events:n20:feed8:rep1,c96ef0ba-2909-41e9-a9b0-43407092a108,3895067,55,12974637800,12974676200,1781307205153-0
concurrency_n20_20260613_003304_redis_feed8_rep1,redis,sb:events:n20:feed8:rep1,def5f329-5561-402c-a454-962f20833a5e,3895052,55,12999642300,12999678200,1781307205158-0
concurrency_n20_20260613_003304_redis_feed8_rep1,redis,sb:events:n20:feed8:rep1,d1da2207-3155-4079-bbef-e54815cde0d4,3895067,55,13002830900,13002864500,1781307205160-0
concurrency_n20_20260613_003304_redis_feed8_rep1,redis,sb:events:n20:feed8:rep1,edf8e33e-3227-4baf-8b1e-c9798a4bffb1,3895060,55,13003916000,13003938800,1781307205182-0
concurrency_n20_20260613_003304_redis_feed8_rep1,redis,sb:events:n20:feed8:rep1,afda6e2d-5673-419e-946e-2a513db81b5e,3895060,55,13005428400,13005493400,1781307205196-0
concurrency_n20_20260613_003304_redis_feed8_rep1,redis,sb:events:n20:feed8:rep1,86442978-c9ac-4f8b-a277-3c2aea80938f,3895086,55,13006775500,13006806400,1781307205198-0
concurrency_n20_20260613_003304_redis_feed8_rep1,redis,sb:events:n20:feed8:rep1,ac9f8882-ceb0-433a-a7ce-42572013a74e,3895086,55,13016502500,13016581200,1781307205201-0
concurrency_n20_20260613_003304_redis_feed8_rep1,redis,sb:events:n20:feed8:rep1,db2260b8-339c-4012-80d4-af54e4fefdb1,3895107,55,13017731900,13017772300,1781307205203-0
concurrency_n20_20260613_003304_redis_feed8_rep1,redis,sb:events:n20:feed8:rep1,6fa9e978-a06d-4ccb-856f-d1582b5abd82,3895107,55,13018685700,13018709500,1781307205208-0
concurrency_n20_20260613_003304_redis_feed8_rep1,redis,sb:events:n20:feed8:rep1,e7e4cb72-ce69-4bab-b7d1-1bfaf6e47af1,3895107,55,13025834500,13025867100,1781307205210-0
concurrency_n20_20260613_003304_redis_feed8_rep1,redis,sb:events:n20:feed8:rep1,4ee5d31d-6e7c-4942-8760-1f2e13c7ba9c,3895074,56,13030987200,13031016400,1781307205213-0
concurrency_n20_20260613_003304_redis_feed8_rep1,redis,sb:events:n20:feed8:rep1,592ec0c8-e456-449d-a137-235f6bfd6017,3895074,56,13032067300,13032097600,1781307205215-0
concurrency_n20_20260613_003304_redis_feed8_rep1,redis,sb:events:n20:feed8:rep1,437249ff-c7a3-4486-836a-2c9089708413,3895074,56,13033562500,13033589400,1781307205217-0
concurrency_n20_20260613_003304_redis_feed8_rep1,redis,sb:events:n20:feed8:rep1,f90ccdda-1623-4c46-83d7-a93b10bbb095,3895134,56,13045343600,13045373200,1781307205219-0
concurrency_n20_20260613_003304_redis_feed8_rep1,redis,sb:events:n20:feed8:rep1,d38e730e-330c-42a9-8889-f2b613aae2a5,3895134,56,13047325600,13052459400,1781307205220-0
concurrency_n20_20260613_003304_redis_feed8_rep1,redis,sb:events:n20:feed8:rep1,c0a6ff18-bef9-4da4-a93d-df405de515ca,3895134,56,13060642700,13060688000,1781307205222-0
concurrency_n20_20260613_003304_redis_feed8_rep1,redis,sb:events:n20:feed8:rep1,842b2425-b726-4944-88b7-6e59c5144f28,3895052,56,13064643600,13064684900,1781307205229-0
concurrency_n20_20260613_003304_redis_feed8_rep1,redis,sb:events:n20:feed8:rep1,6260cbb1-d2f6-4026-baaa-31ce8297fc11,3895060,56,13073214000,13073482100,1781307205232-0
concurrency_n20_20260613_003304_redis_feed8_rep1,redis,sb:events:n20:feed8:rep1,597f312d-75ca-4d9d-bba8-27ea4be07ca1,3895086,56,13082277400,13082309200,1781307205239-0
concurrency_n20_20260613_003304_redis_feed8_rep1,redis,sb:events:n20:feed8:rep1,425f41d2-7da1-4c10-b0f5-cc89c05ea4fe,3895086,56,13096808700,13096838100,1781307205241-0
concurrency_n20_20260613_003304_redis_feed8_rep1,redis,sb:events:n20:feed8:rep1,a38a5179-ed61-4c45-ab30-f6e861acd9a8,3895086,56,13098025000,13098050400,1781307205248-0
concurrency_n20_20260613_003304_redis_feed8_rep1,redis,sb:events:n20:feed8:rep1,e2de8d47-cc41-49eb-a56e-8da9b62c1102,3895086,56,13102295500,13102333400,1781307205251-0
concurrency_n20_20260613_003304_redis_feed8_rep1,redis,sb:events:n20:feed8:rep1,b608a12f-beb4-4db1-9424-437a6d8b6ff1,3895107,56,13104414100,13104449700,1781307205253-0
concurrency_n20_20260613_003304_redis_feed8_rep1,redis,sb:events:n20:feed8:rep1,38a429db-494a-4c85-9245-e989a3f81915,3895107,56,13136941300,13136970300,1781307205278-0
concurrency_n20_20260613_003304_redis_feed8_rep1,redis,sb:events:n20:feed8:rep1,129e9e4c-4a52-491d-89a9-fb8b711d3de0,3895095,57,13171834100,13171860600,1781307205280-0
concurrency_n20_20260613_003304_redis_feed8_rep1,redis,sb:events:n20:feed8:rep1,cf6f40da-1c9d-4066-80cc-915eb4f227de,3895134,57,13176513800,13176543700,1781307205286-0
concurrency_n20_20260613_003304_redis_feed8_rep1,redis,sb:events:n20:feed8:rep1,43c4c705-3da0-414e-b853-cb075fc6bc69,3895134,57,13177582300,13177603200,1781307205288-0
concurrency_n20_20260613_003304_redis_feed8_rep1,redis,sb:events:n20:feed8:rep1,0b9a69ba-96cd-4641-b931-eff7dce3a2f8,3895134,57,13179002700,13179037100,1781307205290-0
concurrency_n20_20260613_003304_redis_feed8_rep1,redis,sb:events:n20:feed8:rep1,d377d77b-8a2f-4385-b85e-ff34ae6fc979,3895067,57,13181447600,13181481300,1781307205291-0
concurrency_n20_20260613_003304_redis_feed8_rep1,redis,sb:events:n20:feed8:rep1,df30aec4-f392-4ae8-8617-ebfbcfafc297,3895052,57,13184186500,13184217700,1781307205293-0
concurrency_n20_20260613_003304_redis_feed8_rep1,redis,sb:events:n20:feed8:rep1,18d94d6f-1440-4daa-80a9-47f19ee5186b,3895067,57,13189555000,13189585300,1781307205295-0
concurrency_n20_20260613_003304_redis_feed8_rep1,redis,sb:events:n20:feed8:rep1,47099e16-f149-4698-ab0f-18dd33415330,3895052,57,13191592700,13191620700,1781307205297-0
concurrency_n20_20260613_003304_redis_feed8_rep1,redis,sb:events:n20:feed8:rep1,909fb80b-31ba-4530-924f-36e24598500e,3895060,57,13192865100,13192890300,1781307205301-0
concurrency_n20_20260613_003304_redis_feed8_rep1,redis,sb:events:n20:feed8:rep1,f5b43151-5fdf-4d15-a30b-4ff7b695c61f,3895060,57,13194756700,13194785200,1781307205306-0
concurrency_n20_20260613_003304_redis_feed8_rep1,redis,sb:events:n20:feed8:rep1,f75fcf2d-b54f-4930-8863-1a48eba0ad9b,3895086,57,13204564900,13204594800,1781307205318-0
concurrency_n20_20260613_003304_redis_feed8_rep1,redis,sb:events:n20:feed8:rep1,0050f3cf-d991-464f-9340-a30c01c082d8,3895086,57,13207161500,13207197000,1781307205324-0
concurrency_n20_20260613_003304_redis_feed8_rep1,redis,sb:events:n20:feed8:rep1,0c14b70a-ac75-4bf6-b4df-53b669c54b6c,3895074,58,13209190800,13209225100,1781307205327-0
concurrency_n20_20260613_003304_redis_feed8_rep1,redis,sb:events:n20:feed8:rep1,9f945bf8-24a8-4f64-9dd4-5a1c5c201981,3895095,58,13210341500,13210380200,1781307205336-0
concurrency_n20_20260613_003304_redis_feed8_rep1,redis,sb:events:n20:feed8:rep1,36a42e6a-c56b-4d28-9ed5-75fef386b165,3895052,58,13235222500,13235258000,1781307205338-0
concurrency_n20_20260613_003304_redis_feed8_rep1,redis,sb:events:n20:feed8:rep1,4ef419c9-5ff0-444e-86a6-50a703b1769f,3895107,58,13242350000,13242382300,1781307205341-0
concurrency_n20_20260613_003304_redis_feed8_rep1,redis,sb:events:n20:feed8:rep1,41969f07-3af9-4753-98e8-69fbd27d21a4,3895095,59,13244696100,13244727200,1781307205349-0
concurrency_n20_20260613_003304_redis_feed8_rep1,redis,sb:events:n20:feed8:rep1,5674247a-ead4-4a96-bd38-ef2319eecf34,3895134,59,13248032600,13248067400,1781307205352-0
concurrency_n20_20260613_003304_redis_feed8_rep1,redis,sb:events:n20:feed8:rep1,8be02bf7-5395-4605-b57b-8f501e04d189,3895067,59,13257049700,13257079400,1781307205366-0
concurrency_n20_20260613_003304_redis_feed8_rep1,redis,sb:events:n20:feed8:rep1,b7b039ca-bac1-4467-af8e-0fd8796bb6c9,3895052,59,13258136700,13258165400,1781307205370-0
concurrency_n20_20260613_003304_redis_feed8_rep1,redis,sb:events:n20:feed8:rep1,5ba85175-4aee-426a-bece-2a16c73e89b7,3895052,59,13261130200,13261157800,1781307205374-0
concurrency_n20_20260613_003304_redis_feed8_rep1,redis,sb:events:n20:feed8:rep1,73b4ab23-4ab4-4983-91d2-d8e21f5270f8,3895060,59,13262421400,13262456200,1781307205376-0
concurrency_n20_20260613_003304_redis_feed8_rep1,redis,sb:events:n20:feed8:rep1,d89d3340-d2ef-47db-9827-7d447bae5b2d,3895086,59,13263931600,13263963800,1781307205378-0
concurrency_n20_20260613_003304_redis_feed8_rep1,redis,sb:events:n20:feed8:rep1,ea520500-8ba0-47a7-ac12-b4c9c0a92146,3895074,60,13265102700,13265127200,1781307205379-0
concurrency_n20_20260613_003304_redis_feed8_rep1,redis,sb:events:n20:feed8:rep1,dd8d63c4-feb8-4523-ab68-826a6480eefd,3895074,60,13267770100,13267823400,1781307205382-0
concurrency_n20_20260613_003304_redis_feed8_rep1,redis,sb:events:n20:feed8:rep1,a8bd1431-210e-4840-8d05-60ce4a7de877,3895095,60,13269849300,13269875600,1781307205414-0
concurrency_n20_20260613_003304_redis_feed8_rep1,redis,sb:events:n20:feed8:rep1,14bd2c1c-b359-4192-a0ae-90ad860f3371,3895067,60,13276470900,13276498200,1781307205446-0
concurrency_n20_20260613_003304_redis_feed8_rep1,redis,sb:events:n20:feed8:rep1,7ccea271-b2cf-40d9-8e25-30ed33e37625,3895067,60,13284272500,13284303800,1781307205449-0
concurrency_n20_20260613_003304_redis_feed8_rep1,redis,sb:events:n20:feed8:rep1,50b41d81-f36f-4161-a4d2-36ba1befc4be,3895060,60,13287885100,13287914800,1781307205452-0
concurrency_n20_20260613_003304_redis_feed8_rep1,redis,sb:events:n20:feed8:rep1,ff19107a-4ba4-4822-ac3e-e71716667059,3895060,60,13289672900,13289715300,1781307205454-0
concurrency_n20_20260613_003304_redis_feed8_rep1,redis,sb:events:n20:feed8:rep1,9ff39e51-5a18-4e88-bd18-76090587a988,3895086,60,13297464300,13297490100,1781307205466-0
concurrency_n20_20260613_003304_redis_feed8_rep1,redis,sb:events:n20:feed8:rep1,0fef3645-2465-4dbf-8266-c2a35ee8293c,3895086,60,13299907000,13299934600,1781307205471-0
concurrency_n20_20260613_003304_redis_feed8_rep1,redis,sb:events:n20:feed8:rep1,015fcb4f-7419-4731-84a0-81b3fd422ff7,3895086,60,13309004000,13309032600,1781307205472-0
concurrency_n20_20260613_003304_redis_feed8_rep1,redis,sb:events:n20:feed8:rep1,166ea076-01d6-49a4-87eb-ff7908834a7f,3895086,60,13311007900,13311035200,1781307205474-0
concurrency_n20_20260613_003304_redis_feed8_rep1,redis,sb:events:n20:feed8:rep1,b0d138df-c84d-4eeb-a19e-0550afb12c63,3895086,60,13312047200,13312084700,1781307205476-0
concurrency_n20_20260613_003304_redis_feed8_rep1,redis,sb:events:n20:feed8:rep1,d1f3d4f7-aeb6-4d26-95e1-37c7df992845,3895107,60,13318453300,13318484200,1781307205478-0
concurrency_n20_20260613_003304_redis_feed8_rep1,redis,sb:events:n20:feed8:rep1,09e0176e-01c2-4e75-8d19-c75cbac22a53,3895107,60,13319475200,13319497200,1781307205481-0
concurrency_n20_20260613_003304_redis_feed8_rep1,redis,sb:events:n20:feed8:rep1,573ca97f-df12-4b24-b903-fd5cfab89f5f,3895095,61,13321348400,13321378000,1781307205483-0
concurrency_n20_20260613_003304_redis_feed8_rep1,redis,sb:events:n20:feed8:rep1,34c91fb7-795d-4df5-8ab3-5f70f1b97f3e,3895095,61,13324189700,13324221900,1781307205490-0
concurrency_n20_20260613_003304_redis_feed8_rep1,redis,sb:events:n20:feed8:rep1,1836c083-ec4c-43a4-8657-38a223bb16dd,3895095,61,13325360200,13325388400,1781307205491-0
concurrency_n20_20260613_003304_redis_feed8_rep1,redis,sb:events:n20:feed8:rep1,f6c45edb-47d0-4be4-b045-3ba176307346,3895067,61,13331719300,13339655700,1781307205500-0
concurrency_n20_20260613_003304_redis_feed8_rep1,redis,sb:events:n20:feed8:rep1,1ea888d8-48ff-4d6c-885b-c9a8d3744c05,3895107,61,13341418400,13341451600,1781307205504-0
concurrency_n20_20260613_003304_redis_feed8_rep1,redis,sb:events:n20:feed8:rep1,87ab9da6-4d4d-49ac-b346-d587633dca6d,3895107,61,13363666100,13363698300,1781307205506-0
concurrency_n20_20260613_003304_redis_feed8_rep1,redis,sb:events:n20:feed8:rep1,e0937145-d1ed-4877-a928-cbb18cbb25ca,3895074,62,13392855400,13392891800,1781307205512-0
concurrency_n20_20260613_003304_redis_feed8_rep1,redis,sb:events:n20:feed8:rep1,129ff6d0-9863-49c1-8dba-874870c239f0,3895134,62,13403492100,13403536700,1781307205520-0
concurrency_n20_20260613_003304_redis_feed8_rep1,redis,sb:events:n20:feed8:rep1,061e0628-68ad-4a80-b7f9-013270c622e6,3895134,62,13406833000,13406922100,1781307205522-0
concurrency_n20_20260613_003304_redis_feed8_rep1,redis,sb:events:n20:feed8:rep1,38bc5dd4-ab47-4018-b7d9-81675e34065d,3895095,62,13418147300,13418177900,1781307205530-0
concurrency_n20_20260613_003304_redis_feed8_rep1,redis,sb:events:n20:feed8:rep1,01c545d4-a6cc-4676-8a4d-8009474261f5,3895095,62,13423626000,13423679300,1781307205531-0
concurrency_n20_20260613_003304_redis_feed8_rep1,redis,sb:events:n20:feed8:rep1,d26fbd2e-8f2e-4866-bdbe-c8760f22c74d,3895067,62,13426043100,13426066900,1781307205540-0
concurrency_n20_20260613_003304_redis_feed8_rep1,redis,sb:events:n20:feed8:rep1,31c46aa3-00f1-4007-b8cc-d80c69e3ed14,3895095,62,13427030800,13427059200,1781307205542-0
concurrency_n20_20260613_003304_redis_feed8_rep1,redis,sb:events:n20:feed8:rep1,1fdb765d-367a-4525-b795-03e1041c7b47,3895067,62,13432399000,13433091900,1781307205544-0
concurrency_n20_20260613_003304_redis_feed8_rep1,redis,sb:events:n20:feed8:rep1,215702bd-988d-4c16-b912-098e706dc436,3895060,62,13435735900,13435763300,1781307205547-0
concurrency_n20_20260613_003304_redis_feed8_rep1,redis,sb:events:n20:feed8:rep1,9148af0d-4762-4534-9be6-d021bfa84229,3895086,62,13437867400,13437903600,1781307205549-0
concurrency_n20_20260613_003304_redis_feed8_rep1,redis,sb:events:n20:feed8:rep1,7b87a711-05be-4ab9-bd63-138ccf3a3aee,3895107,62,13441273200,13441305100,1781307205551-0
concurrency_n20_20260613_003304_redis_feed8_rep1,redis,sb:events:n20:feed8:rep1,e7be6cf1-4254-4d29-8124-ea29bd35b3dd,3895107,62,13442915700,13442945200,1781307205557-0
concurrency_n20_20260613_003304_redis_feed8_rep1,redis,sb:events:n20:feed8:rep1,462b9630-76bb-4eb7-8af1-c70d7cd3c9b6,3895134,63,13450282000,13450317800,1781307205558-0
concurrency_n20_20260613_003304_redis_feed8_rep1,redis,sb:events:n20:feed8:rep1,36c29050-0f8f-4cea-ac50-3893cb3751f1,3895134,63,13453868400,13453897300,1781307205563-0
concurrency_n20_20260613_003304_redis_feed8_rep1,redis,sb:events:n20:feed8:rep1,25afa92b-9c66-4495-9ab0-db38372482b3,3895134,63,13457259800,13457287400,1781307205566-0
concurrency_n20_20260613_003304_redis_feed8_rep1,redis,sb:events:n20:feed8:rep1,b7213b1a-f155-4850-9b2f-536ed9db34f2,3895086,63,13458302500,13458325800,1781307205569-0
concurrency_n20_20260613_003304_redis_feed8_rep1,redis,sb:events:n20:feed8:rep1,a83a4d9a-a403-46b1-8409-6ef6d1831b2c,3895086,63,13459247000,13466688400,1781307205570-0
concurrency_n20_20260613_003304_redis_feed8_rep1,redis,sb:events:n20:feed8:rep1,23a40fdf-f42f-4d42-8d67-eb5f408de82e,3895107,63,13499659900,13499716700,1781307205572-0
concurrency_n20_20260613_003304_redis_feed8_rep1,redis,sb:events:n20:feed8:rep1,1379ddbd-ee4e-4f78-b58a-fe294f7f36a2,3895107,63,13502359200,13502386300,1781307205585-0
concurrency_n20_20260613_003304_redis_feed8_rep1,redis,sb:events:n20:feed8:rep1,32858944-d09e-4ab1-9836-35cc84ca5f23,3895107,63,13503963200,13503986700,1781307205588-0
concurrency_n20_20260613_003304_redis_feed8_rep1,redis,sb:events:n20:feed8:rep1,8a1229f0-48a8-463b-bab1-5f70bbabe623,3895107,63,13505052300,13505080400,1781307205589-0
concurrency_n20_20260613_003304_redis_feed8_rep1,redis,sb:events:n20:feed8:rep1,4842b3ff-23c6-47cf-8c16-3e48a1cd8d1f,3895134,64,13507520200,13507548900,1781307205590-0
concurrency_n20_20260613_003304_redis_feed8_rep1,redis,sb:events:n20:feed8:rep1,acbc865f-9141-40f9-a346-65ef52c6929b,3895095,64,13511974400,13512010600,1781307205592-0
concurrency_n20_20260613_003304_redis_feed8_rep1,redis,sb:events:n20:feed8:rep1,3738ac1c-fd85-42ff-af77-922e92caa0da,3895095,64,13517735600,13517767300,1781307205598-0
concurrency_n20_20260613_003304_redis_feed8_rep1,redis,sb:events:n20:feed8:rep1,8d43c287-36a4-460e-a406-9a814d3e200f,3895134,65,13520474600,13520503400,1781307205600-0
concurrency_n20_20260613_003304_redis_feed8_rep1,redis,sb:events:n20:feed8:rep1,0cd25412-a43a-4f1f-a330-290560bd0864,3895134,65,13521665600,13521703300,1781307205603-0
concurrency_n20_20260613_003304_redis_feed8_rep1,redis,sb:events:n20:feed8:rep1,a29483ce-323c-439b-a556-c452ba8e3740,3895134,65,13526776400,13526804900,1781307205611-0
concurrency_n20_20260613_003304_redis_feed8_rep1,redis,sb:events:n20:feed8:rep1,0e01a3a4-1219-481f-a5e6-55796434f5bb,3895060,65,13535904900,13535933800,1781307205612-0
concurrency_n20_20260613_003304_redis_feed8_rep1,redis,sb:events:n20:feed8:rep1,d9141f23-47e6-4f96-8d68-afdb07320f56,3895060,65,13551737800,13551767300,1781307205639-0
concurrency_n20_20260613_003304_redis_feed8_rep1,redis,sb:events:n20:feed8:rep1,b9c1c240-c544-4839-bcc4-5a923b040753,3895107,65,13558875000,13558903400,1781307205641-0
concurrency_n20_20260613_003304_redis_feed8_rep1,redis,sb:events:n20:feed8:rep1,f53c9e0a-20c5-4066-827d-52fd789ef212,3895107,65,13560684100,13560716200,1781307205658-0
concurrency_n20_20260613_003304_redis_feed8_rep1,redis,sb:events:n20:feed8:rep1,a915d518-180b-4427-bd9f-e289d0c966bf,3895107,65,13582281200,13582311600,1781307205679-0
concurrency_n20_20260613_003304_redis_feed8_rep1,redis,sb:events:n20:feed8:rep1,7a5db723-f143-425c-a710-638c90148339,3895107,65,13584397600,13584427200,1781307205682-0
concurrency_n20_20260613_003304_redis_feed8_rep1,redis,sb:events:n20:feed8:rep1,124b56b6-5aad-473a-a03d-51ba544e2841,3895074,66,13588271500,13588309200,1781307205694-0
concurrency_n20_20260613_003304_redis_feed8_rep1,redis,sb:events:n20:feed8:rep1,efc39209-6b62-4e89-889d-cdd3adb621aa,3895095,66,13591027400,13591059400,1781307205700-0
concurrency_n20_20260613_003304_redis_feed8_rep1,redis,sb:events:n20:feed8:rep1,77baec20-ea17-4e90-9865-9ea44e5b9906,3895060,66,13601357300,13601386200,1781307205702-0
concurrency_n20_20260613_003304_redis_feed8_rep1,redis,sb:events:n20:feed8:rep1,2b0079ed-347b-4639-ae5e-e42346f7f024,3895060,66,13604288700,13604319400,1781307205704-0
concurrency_n20_20260613_003304_redis_feed8_rep1,redis,sb:events:n20:feed8:rep1,22d98172-0940-4b76-9d89-977103cfaf56,3895086,66,13614129600,13614463000,1781307205705-0
concurrency_n20_20260613_003304_redis_feed8_rep1,redis,sb:events:n20:feed8:rep1,879a2ca6-96c3-4b1b-b2c0-4a20cb875ef0,3895107,66,13616510200,13616539700,1781307205707-0
concurrency_n20_20260613_003304_redis_feed8_rep1,redis,sb:events:n20:feed8:rep1,c2d28a7c-daa5-4926-982f-1652183c5083,3895113,67,13618194700,13618285800,1781307205716-0
concurrency_n20_20260613_003304_redis_feed8_rep1,redis,sb:events:n20:feed8:rep1,243d0981-94fe-4740-a31e-5ed204a71634,3895095,67,13620768400,13620808400,1781307205718-0
concurrency_n20_20260613_003304_redis_feed8_rep1,redis,sb:events:n20:feed8:rep1,969e6e2a-a707-4254-a316-0c56fe2e1401,3895134,67,13622846200,13622877100,1781307205719-0
concurrency_n20_20260613_003304_redis_feed8_rep1,redis,sb:events:n20:feed8:rep1,1d25289e-8fad-4dd2-a7ed-f62ac9124432,3895095,67,13628213600,13628250000,1781307205728-0
concurrency_n20_20260613_003304_redis_feed8_rep1,redis,sb:events:n20:feed8:rep1,f3623e43-a3ad-472d-bf07-52854c1156a0,3895134,67,13630971500,13631001600,1781307205731-0
concurrency_n20_20260613_003304_redis_feed8_rep1,redis,sb:events:n20:feed8:rep1,bd92c3a1-9dc9-4b79-bb47-cf45e3d7bb5c,3895134,67,13632384700,13632475300,1781307205741-0
concurrency_n20_20260613_003304_redis_feed8_rep1,redis,sb:events:n20:feed8:rep1,22f1fbed-caed-4cd7-a01a-4c33238f8369,3895060,67,13633913800,13633943400,1781307205742-0
concurrency_n20_20260613_003304_redis_feed8_rep1,redis,sb:events:n20:feed8:rep1,6d9d2fb5-5c2e-4d06-8fb2-5ebcf5814440,3895086,67,13643710200,13643746400,1781307205744-0
concurrency_n20_20260613_003304_redis_feed8_rep1,redis,sb:events:n20:feed8:rep1,ec6e3c89-0592-45ca-92a4-0b1f73639cc9,3895086,67,13644863400,13644895500,1781307205745-0
concurrency_n20_20260613_003304_redis_feed8_rep1,redis,sb:events:n20:feed8:rep1,5af1575f-7cd2-4bfd-a8ec-b8345a0203f6,3895107,67,13646001800,13646038900,1781307205746-0
concurrency_n20_20260613_003304_redis_feed8_rep1,redis,sb:events:n20:feed8:rep1,19991ad9-4667-4a8d-ad80-aa34b26b07cc,3895107,67,13647202600,13647299700,1781307205748-0
concurrency_n20_20260613_003304_redis_feed8_rep1,redis,sb:events:n20:feed8:rep1,867520d6-dfef-41bc-a2cb-92814d1b009e,3895107,67,13650258800,13650303300,1781307205772-0
concurrency_n20_20260613_003304_redis_feed8_rep1,redis,sb:events:n20:feed8:rep1,b4990958-c5e9-4397-98fb-8b00e533bd8d,3895067,68,13654889500,13654921100,1781307205779-0
concurrency_n20_20260613_003304_redis_feed8_rep1,redis,sb:events:n20:feed8:rep1,36f8affa-15ee-4df1-9318-99c8bafa69d9,3895067,68,13657556200,13657585200,1781307205782-0
concurrency_n20_20260613_003304_redis_feed8_rep1,redis,sb:events:n20:feed8:rep1,f86f35a5-e792-4bba-a580-a9faaf7b91b8,3895067,68,13658554700,13658583500,1781307205786-0
concurrency_n20_20260613_003304_redis_feed8_rep1,redis,sb:events:n20:feed8:rep1,0e74dafc-22b0-4338-b83e-c9d1e0aa24f9,3895095,68,13659350200,13659375200,1781307205787-0
concurrency_n20_20260613_003304_redis_feed8_rep1,redis,sb:events:n20:feed8:rep1,ed8b7343-7610-4f35-88df-fd3ee7038bf6,3895095,68,13660158600,13660191000,1781307205789-0
concurrency_n20_20260613_003304_redis_feed8_rep1,redis,sb:events:n20:feed8:rep1,b11c6b88-fb5e-40e2-bf63-fdf423948d08,3895134,68,13660849500,13660874200,1781307205794-0
concurrency_n20_20260613_003304_redis_feed8_rep1,redis,sb:events:n20:feed8:rep1,47a53206-d225-475c-8a03-727c2cea5798,3895107,68,13663587700,13663631600,1781307205803-0
concurrency_n20_20260613_003304_redis_feed8_rep1,redis,sb:events:n20:feed8:rep1,7f414b32-2539-459e-a9d2-cb11a5bf6bb4,3895107,68,13665607000,13665676100,1781307205814-0
concurrency_n20_20260613_003304_redis_feed8_rep1,redis,sb:events:n20:feed8:rep1,0abe475e-507a-4aa0-8898-55101c96acf3,3895074,69,13670477400,13670507500,1781307205829-0
concurrency_n20_20260613_003304_redis_feed8_rep1,redis,sb:events:n20:feed8:rep1,367dfd27-b619-44de-b6c4-7ad7d566c4aa,3895074,69,13675801900,13675837600,1781307205836-0
concurrency_n20_20260613_003304_redis_feed8_rep1,redis,sb:events:n20:feed8:rep1,e8a7f976-a305-43a3-a4fa-8c50b143e343,3895074,69,13677430600,13677454700,1781307205839-0
concurrency_n20_20260613_003304_redis_feed8_rep1,redis,sb:events:n20:feed8:rep1,4b32f517-ca9b-42eb-b0e2-fa3d3fd72a9d,3895113,69,13679644500,13679678600,1781307205840-0
concurrency_n20_20260613_003304_redis_feed8_rep1,redis,sb:events:n20:feed8:rep1,281fd3ce-e8df-441f-8cfd-a07364810af5,3895134,69,13682387700,13682416800,1781307205858-0
concurrency_n20_20260613_003304_redis_feed8_rep1,redis,sb:events:n20:feed8:rep1,703eb940-4760-476a-8e93-15095c5c61ae,3895134,69,13683930100,13683960200,1781307205860-0
concurrency_n20_20260613_003304_redis_feed8_rep1,redis,sb:events:n20:feed8:rep1,2ca85bad-b7b5-47d4-931f-36e0b6ca84c8,3895060,69,13685565000,13685608400,1781307205872-0
concurrency_n20_20260613_003304_redis_feed8_rep1,redis,sb:events:n20:feed8:rep1,67aa4360-2ca6-40ae-ae0c-19bc9664a04f,3895134,69,13688652700,13688683300,1781307205873-0
concurrency_n20_20260613_003304_redis_feed8_rep1,redis,sb:events:n20:feed8:rep1,b98a316d-476c-4b9c-8842-e1bedddaa80c,3895060,69,13689932100,13689958100,1781307205874-0
concurrency_n20_20260613_003304_redis_feed8_rep1,redis,sb:events:n20:feed8:rep1,6391b46f-de24-49c6-bb62-a2ec65d9499b,3895134,69,13692914400,13692939200,1781307205882-0
concurrency_n20_20260613_003304_redis_feed8_rep1,redis,sb:events:n20:feed8:rep1,eacb7d73-9ad3-4ec1-80ea-616c89070d06,3895060,69,13693960100,13693987700,1781307205883-0
concurrency_n20_20260613_003304_redis_feed8_rep1,redis,sb:events:n20:feed8:rep1,ba95ec5e-1bbc-4177-9b95-d5d01d513f38,3895060,69,13695585900,13695617500,1781307205893-0
concurrency_n20_20260613_003304_redis_feed8_rep1,redis,sb:events:n20:feed8:rep1,e1f59890-1435-4ba2-80d9-8b3be217affe,3895086,69,13696657600,13696680900,1781307205895-0
concurrency_n20_20260613_003304_redis_feed8_rep1,redis,sb:events:n20:feed8:rep1,8d519b7c-5ec8-4ac8-84c9-0452499a59e4,3895067,70,13697496600,13697562100,1781307205897-0
concurrency_n20_20260613_003304_redis_feed8_rep1,redis,sb:events:n20:feed8:rep1,2d4baaec-2c5a-4ff2-8313-30f9417e93b8,3895067,70,13698883600,13699001300,1781307205903-0
concurrency_n20_20260613_003304_redis_feed8_rep1,redis,sb:events:n20:feed8:rep1,5479badb-65f4-40d6-877b-c6d336d4f055,3895067,70,13700306200,13700338500,1781307205906-0
concurrency_n20_20260613_003304_redis_feed8_rep1,redis,sb:events:n20:feed8:rep1,4b946b9d-6dfa-4667-9bf3-4a155e7bf557,3895095,70,13701157900,13701178800,1781307205910-0
concurrency_n20_20260613_003304_redis_feed8_rep1,redis,sb:events:n20:feed8:rep1,0e0c6463-85aa-4e53-95a9-9fb881abd73d,3895095,70,13705876400,13705907900,1781307205911-0
concurrency_n20_20260613_003304_redis_feed8_rep1,redis,sb:events:n20:feed8:rep1,080735a9-1e68-4c36-addb-696097f34cad,3895134,70,13709112500,13709145400,1781307205913-0
concurrency_n20_20260613_003304_redis_feed8_rep1,redis,sb:events:n20:feed8:rep1,ac53cb18-8fe5-49f9-beb1-7041a7087452,3895134,70,13711663700,13711696400,1781307205914-0
concurrency_n20_20260613_003304_redis_feed8_rep1,redis,sb:events:n20:feed8:rep1,3a99f56c-7492-450b-8baa-742b6125553f,3895086,70,13714024700,13714063200,1781307205925-0
concurrency_n20_20260613_003304_redis_feed8_rep1,redis,sb:events:n20:feed8:rep1,d5433b8f-f6d6-45c3-af43-2cddf339f8a2,3895086,70,13715394200,13715474300,1781307205931-0
concurrency_n20_20260613_003304_redis_feed8_rep1,redis,sb:events:n20:feed8:rep1,28009e86-e67a-4c78-9ae9-9631dcd03d8d,3895074,71,13717469500,13717509200,1781307205939-0
concurrency_n20_20260613_003304_redis_feed8_rep1,redis,sb:events:n20:feed8:rep1,130387fb-d150-4ba9-a5a3-fbad1ec9875a,3895074,71,13719494500,13719524300,1781307205941-0
concurrency_n20_20260613_003304_redis_feed8_rep1,redis,sb:events:n20:feed8:rep1,64edd3bf-0d45-4889-b29d-3e52cf2bfab6,3895113,71,13722162700,13722194900,1781307205943-0
concurrency_n20_20260613_003304_redis_feed8_rep1,redis,sb:events:n20:feed8:rep1,0f5b1f64-76db-4a0a-9aa2-19720783e25e,3895067,71,13723476700,13723511700,1781307205948-0
concurrency_n20_20260613_003304_redis_feed8_rep1,redis,sb:events:n20:feed8:rep1,a1e9cef7-0191-43da-803d-5de771649a04,3895067,71,13725316900,13725345900,1781307205949-0
concurrency_n20_20260613_003304_redis_feed8_rep1,redis,sb:events:n20:feed8:rep1,7a6f68e7-7f57-4509-ad78-5afa6f5cbcfd,3895095,71,13726175400,13726198500,1781307205951-0
concurrency_n20_20260613_003304_redis_feed8_rep1,redis,sb:events:n20:feed8:rep1,65416e96-ab82-45f6-83ec-f23beb6e7403,3895052,72,13728322100,13728354100,1781307205954-0
concurrency_n20_20260613_003304_redis_feed8_rep1,redis,sb:events:n20:feed8:rep1,619811cc-0ff8-4c5d-b3b3-c9d1fc5fd457,3895095,72,13729836400,13729860900,1781307205956-0
concurrency_n20_20260613_003304_redis_feed8_rep1,redis,sb:events:n20:feed8:rep1,a4d7338b-e05b-4a0a-976f-3bc978858503,3895095,72,13731132000,13731156200,1781307205957-0
concurrency_n20_20260613_003304_redis_feed8_rep1,redis,sb:events:n20:feed8:rep1,e8102462-a276-4a5b-a772-16bf8e3d8314,3895095,72,13734229700,13734262200,1781307205960-0
concurrency_n20_20260613_003304_redis_feed8_rep1,redis,sb:events:n20:feed8:rep1,960ee649-a7e7-4b33-9479-dae36d7e1a3a,3895095,72,13735757400,13735788600,1781307205962-0
concurrency_n20_20260613_003304_redis_feed8_rep1,redis,sb:events:n20:feed8:rep1,a916cdcd-7cb8-4756-987e-8fc479ffcdbf,3895086,72,13736879800,13736910200,1781307205964-0
concurrency_n20_20260613_003304_redis_feed8_rep1,redis,sb:events:n20:feed8:rep1,eb933861-289b-4a65-8450-301c0f249de2,3895074,73,13737974800,13738003900,1781307205967-0
concurrency_n20_20260613_003304_redis_feed8_rep1,redis,sb:events:n20:feed8:rep1,253d7c12-c293-456e-b02f-30065daeb31a,3895052,73,13743126900,13743154500,1781307205971-0
concurrency_n20_20260613_003304_redis_feed8_rep1,redis,sb:events:n20:feed8:rep1,ef8e2d33-6773-4093-9d0c-aa253f6492c6,3895052,73,13755175000,13755219800,1781307205972-0
concurrency_n20_20260613_003304_redis_feed8_rep1,redis,sb:events:n20:feed8:rep1,f244b229-4382-49ff-a159-2eb53ec47566,3895113,73,13757840800,13757873200,1781307205974-0
concurrency_n20_20260613_003304_redis_feed8_rep1,redis,sb:events:n20:feed8:rep1,59167877-23ef-4fbd-9e96-127aef642a42,3895134,73,13760209900,13760245900,1781307205975-0
concurrency_n20_20260613_003304_redis_feed8_rep1,redis,sb:events:n20:feed8:rep1,e070983c-7ef0-4a59-8492-631b39ddb6ee,3895134,73,13798167000,13798292900,1781307205977-0
concurrency_n20_20260613_003304_redis_feed8_rep1,redis,sb:events:n20:feed8:rep1,86fd9161-30db-4f9d-8709-7b22e7cd9f37,3895086,73,13800743200,13800772600,1781307205979-0
concurrency_n20_20260613_003304_redis_feed8_rep1,redis,sb:events:n20:feed8:rep1,3dd8c747-4d06-438f-822f-59be62a38dbd,3895086,73,13803992400,13804026800,1781307205981-0
concurrency_n20_20260613_003304_redis_feed8_rep1,redis,sb:events:n20:feed8:rep1,0ac2f4e4-a59f-4b03-94ae-b65472503b1c,3895113,74,13805652800,13805690100,1781307205982-0
concurrency_n20_20260613_003304_redis_feed8_rep1,redis,sb:events:n20:feed8:rep1,d7de91c1-aaf7-4be5-8968-e876ee80e100,3895086,74,13823454800,13824270700,1781307205984-0
concurrency_n20_20260613_003304_redis_feed8_rep1,redis,sb:events:n20:feed8:rep1,347e4824-813c-43a1-9ab5-557ddfa469ae,3895074,75,13826230300,13826254200,1781307205988-0
concurrency_n20_20260613_003304_redis_feed8_rep1,redis,sb:events:n20:feed8:rep1,3b379bf2-15a7-4ba4-9a0c-b3fb8527a1d4,3895074,75,13827278800,13827301300,1781307205990-0
concurrency_n20_20260613_003304_redis_feed8_rep1,redis,sb:events:n20:feed8:rep1,c95f44b1-c0d3-465b-a5b8-24951f956a21,3895121,75,13828844700,13828877200,1781307206003-0
concurrency_n20_20260613_003304_redis_feed8_rep1,redis,sb:events:n20:feed8:rep1,7c9e8cf2-07c3-471b-8da6-681419a22208,3895052,75,13830191600,13830215500,1781307206005-0
concurrency_n20_20260613_003304_redis_feed8_rep1,redis,sb:events:n20:feed8:rep1,2ba1d3c8-01a5-4707-aded-c1032d5c1a2a,3895113,75,13832496000,13832533900,1781307206007-0
concurrency_n20_20260613_003304_redis_feed8_rep1,redis,sb:events:n20:feed8:rep1,bb60fb7c-cdba-45cd-9403-9fe70eac599e,3895086,75,13834446600,13834473600,1781307206010-0
concurrency_n20_20260613_003304_redis_feed8_rep1,redis,sb:events:n20:feed8:rep1,a0905d11-1ec5-4b7a-a98c-963d4cd31d70,3895086,75,13835347500,13835369600,1781307206012-0
concurrency_n20_20260613_003304_redis_feed8_rep1,redis,sb:events:n20:feed8:rep1,7583768d-7e29-47cd-af3c-cf0b393f6ee5,3895086,75,13836107600,13836132500,1781307206014-0
concurrency_n20_20260613_003304_redis_feed8_rep1,redis,sb:events:n20:feed8:rep1,38bdbceb-2d1b-4b19-b303-df25485ff8cf,3895113,76,13837141800,13837170800,1781307206017-0
concurrency_n20_20260613_003304_redis_feed8_rep1,redis,sb:events:n20:feed8:rep1,e1a2cf65-5a43-4d3d-934d-8c2fe376ad00,3895113,76,13841508700,13841645300,1781307206019-0
concurrency_n20_20260613_003304_redis_feed8_rep1,redis,sb:events:n20:feed8:rep1,5f497f92-d774-4657-adf5-8e4bc8af2247,3895095,76,13843287000,13843318500,1781307206022-0
concurrency_n20_20260613_003304_redis_feed8_rep1,redis,sb:events:n20:feed8:rep1,7aba694b-2ebc-401d-be15-655d0b773b87,3895095,76,13844551600,13844575300,1781307206032-0
concurrency_n20_20260613_003304_redis_feed8_rep1,redis,sb:events:n20:feed8:rep1,8dfa2725-e96f-4a76-bb98-9ee4575d6a03,3895086,76,13848621500,13848658600,1781307206034-0
concurrency_n20_20260613_003304_redis_feed8_rep1,redis,sb:events:n20:feed8:rep1,f9364b88-b733-45cf-a170-19bd0c68cdbc,3895074,77,13851558800,13851597900,1781307206037-0
concurrency_n20_20260613_003304_redis_feed8_rep1,redis,sb:events:n20:feed8:rep1,a84cf4b4-83d9-478a-aa80-3a0eae44c904,3895052,77,13854356400,13854387200,1781307206072-0
concurrency_n20_20260613_003304_redis_feed8_rep1,redis,sb:events:n20:feed8:rep1,1ea7e806-c0fc-48a8-829a-af9ea7b3aa73,3895052,77,13857369300,13857398500,1781307206075-0
concurrency_n20_20260613_003304_redis_feed8_rep1,redis,sb:events:n20:feed8:rep1,b772fbf5-f3a6-47cf-99bf-5c7adba135f8,3895113,77,13863679000,13863722900,1781307206078-0
concurrency_n20_20260613_003304_redis_feed8_rep1,redis,sb:events:n20:feed8:rep1,068a8c35-4ab7-43d1-8463-c4452fd842bd,3895067,77,13866665300,13866693400,1781307206083-0
concurrency_n20_20260613_003304_redis_feed8_rep1,redis,sb:events:n20:feed8:rep1,1c068f50-c84a-4e1d-824e-578b65120800,3895113,77,13868684300,13868775700,1781307206086-0
concurrency_n20_20260613_003304_redis_feed8_rep1,redis,sb:events:n20:feed8:rep1,7d37b5cc-3e2d-4ab5-b4af-a45e73138874,3895113,77,13870676500,13870713700,1781307206088-0
concurrency_n20_20260613_003304_redis_feed8_rep1,redis,sb:events:n20:feed8:rep1,d3eafa83-830e-4546-b34f-72ea722a5e41,3895113,77,13877131600,13877166900,1781307206092-0
concurrency_n20_20260613_003304_redis_feed8_rep1,redis,sb:events:n20:feed8:rep1,ac7217b3-16a1-434f-a555-38147f80fd38,3895113,77,13879044600,13879076500,1781307206093-0
concurrency_n20_20260613_003304_redis_feed8_rep1,redis,sb:events:n20:feed8:rep1,195e209c-bc46-4725-ad21-f82a13d77148,3895074,78,13880285700,13880312300,1781307206094-0
concurrency_n20_20260613_003304_redis_feed8_rep1,redis,sb:events:n20:feed8:rep1,5aab8dfd-d52c-4f67-806a-20e57ec5d557,3895074,78,13881640300,13881669000,1781307206098-0
concurrency_n20_20260613_003304_redis_feed8_rep1,redis,sb:events:n20:feed8:rep1,bbf03926-59ca-4606-9ea2-3cd31eb2fff9,3895067,78,13885431800,13885472200,1781307206100-0
concurrency_n20_20260613_003304_redis_feed8_rep1,redis,sb:events:n20:feed8:rep1,6fc5bbd2-8105-451e-ad72-538d52fdd810,3895067,78,13887344600,13887387500,1781307206103-0
concurrency_n20_20260613_003304_redis_feed8_rep1,redis,sb:events:n20:feed8:rep1,f500021a-9e63-4063-afe0-b13494e43e25,3895113,78,13888374100,13888398700,1781307206104-0
concurrency_n20_20260613_003304_redis_feed8_rep1,redis,sb:events:n20:feed8:rep1,7fd60487-cf13-4688-a589-1979aee7d23a,3895113,78,13889787800,13889817400,1781307206106-0
concurrency_n20_20260613_003304_redis_feed8_rep1,redis,sb:events:n20:feed8:rep1,c82d0617-8b6a-4c3a-87b0-6a2aac137cbd,3895121,79,13891490000,13891517400,1781307206110-0
concurrency_n20_20260613_003304_redis_feed8_rep1,redis,sb:events:n20:feed8:rep1,e6ae1bb5-29df-4ee2-861a-12940ff0fa0c,3895121,79,13893409000,13893439000,1781307206111-0
concurrency_n20_20260613_003304_redis_feed8_rep1,redis,sb:events:n20:feed8:rep1,d027a7a8-d227-41d0-854b-c86a4a71e20b,3895074,79,13897979900,13898035700,1781307206115-0
concurrency_n20_20260613_003304_redis_feed8_rep1,redis,sb:events:n20:feed8:rep1,ed5753a5-c289-4649-b971-065a09c34081,3895074,79,13904132800,13904155900,1781307206118-0
concurrency_n20_20260613_003304_redis_feed8_rep1,redis,sb:events:n20:feed8:rep1,0cff468a-4801-4e93-bdff-e3cf0fb9e825,3895067,79,13909702900,13909730000,1781307206120-0
concurrency_n20_20260613_003304_redis_feed8_rep1,redis,sb:events:n20:feed8:rep1,a0ad5112-916a-41aa-8d46-d7681863838a,3895113,79,13913232700,13913274800,1781307206126-0
concurrency_n20_20260613_003304_redis_feed8_rep1,redis,sb:events:n20:feed8:rep1,9bae5df9-4f8d-4f3e-861a-e44685e969a9,3895086,79,13915649700,13915777000,1781307206131-0
concurrency_n20_20260613_003304_redis_feed8_rep1,redis,sb:events:n20:feed8:rep1,030b5453-777e-489d-9691-bca667cdbb07,3895067,80,13917749300,13917784100,1781307206134-0
concurrency_n20_20260613_003304_redis_feed8_rep1,redis,sb:events:n20:feed8:rep1,b3e931e5-5dc9-4367-8a43-f27bd647d688,3895067,80,13918991800,13919019500,1781307206135-0
concurrency_n20_20260613_003304_redis_feed8_rep1,redis,sb:events:n20:feed8:rep1,86b4af1d-95ac-4092-9d96-efc8703ea4a6,3895113,80,13923070200,13923101000,1781307206137-0
concurrency_n20_20260613_003304_redis_feed8_rep1,redis,sb:events:n20:feed8:rep1,03442bfd-3838-49c7-898a-1f0c6950d9f2,3895086,80,13941382700,13941417700,1781307206138-0
concurrency_n20_20260613_003304_redis_feed8_rep1,redis,sb:events:n20:feed8:rep1,896dc77b-f5fe-4a62-bcb2-a2b3ea7c36a5,3895086,80,13943728100,13943763000,1781307206139-0
concurrency_n20_20260613_003304_redis_feed8_rep1,redis,sb:events:n20:feed8:rep1,42ba23fd-6dda-41c5-b674-5fe50e298b30,3895121,81,13945399400,13945455400,1781307206141-0
concurrency_n20_20260613_003304_redis_feed8_rep1,redis,sb:events:n20:feed8:rep1,e083ff1e-a815-4ceb-be0d-74e46f4b2105,3895121,81,13947379000,13947411600,1781307206145-0
concurrency_n20_20260613_003304_redis_feed8_rep1,redis,sb:events:n20:feed8:rep1,4accf764-c81d-4823-937b-355299ea8c73,3895074,81,13949981400,13950084100,1781307206148-0
concurrency_n20_20260613_003304_redis_feed8_rep1,redis,sb:events:n20:feed8:rep1,e8cfafef-37c7-4e00-be7f-4bee056a1e72,3895052,81,13951410200,13951455500,1781307206154-0
concurrency_n20_20260613_003304_redis_feed8_rep1,redis,sb:events:n20:feed8:rep1,86913597-82b0-4000-9be5-2b7fa42caa76,3895113,81,13952176300,13952193800,1781307206160-0
concurrency_n20_20260613_003304_redis_feed8_rep1,redis,sb:events:n20:feed8:rep1,ba9abae9-f6c5-434d-ae12-bd0b2c182bc6,3895113,81,13953235600,13953275900,1781307206161-0
concurrency_n20_20260613_003304_redis_feed8_rep1,redis,sb:events:n20:feed8:rep1,e243eff1-e63a-41fb-98e9-2bde3272420a,3895113,81,13957037500,13957076400,1781307206163-0
concurrency_n20_20260613_003304_redis_feed8_rep1,redis,sb:events:n20:feed8:rep1,4c5443dc-d6fc-427d-9bac-1ffea8874db9,3895086,81,13973481600,13973590900,1781307206169-0
concurrency_n20_20260613_003304_redis_feed8_rep1,redis,sb:events:n20:feed8:rep1,107a8aee-57d5-4f7a-8971-91621e90374f,3895086,81,13975003800,13975034800,1781307206171-0
concurrency_n20_20260613_003304_redis_feed8_rep1,redis,sb:events:n20:feed8:rep1,507d41e8-a33f-4d01-b9ff-168feada4ee3,3895086,81,13976528200,13976593500,1781307206172-0
concurrency_n20_20260613_003304_redis_feed8_rep1,redis,sb:events:n20:feed8:rep1,62fbcc89-c9e1-40a1-acdd-06d58528a62b,3895121,82,13990908700,13990942600,1781307206176-0
concurrency_n20_20260613_003304_redis_feed8_rep1,redis,sb:events:n20:feed8:rep1,f21cae0b-5501-4169-bf7a-f978ab2259b1,3895121,82,14000819000,14000848600,1781307206180-0
concurrency_n20_20260613_003304_redis_feed8_rep1,redis,sb:events:n20:feed8:rep1,2a4589ee-8a60-4838-bb5f-949f057a46be,3895052,82,14005333200,14005368500,1781307206182-0
concurrency_n20_20260613_003304_redis_feed8_rep1,redis,sb:events:n20:feed8:rep1,fe0f397f-f5e0-4759-9e45-af76f196daa7,3895052,82,14015558500,14015591300,1781307206184-0
concurrency_n20_20260613_003304_redis_feed8_rep1,redis,sb:events:n20:feed8:rep1,7f9bca75-fdac-456a-a077-a1b6679635f9,3895067,82,14036136700,14036171300,1781307206187-0
concurrency_n20_20260613_003304_redis_feed8_rep1,redis,sb:events:n20:feed8:rep1,7e6e7d87-a93a-4d9b-9518-b45914cddc8e,3895086,82,14055178300,14055217200,1781307206189-0
concurrency_n20_20260613_003304_redis_feed8_rep1,redis,sb:events:n20:feed8:rep1,13c22074-4da3-469f-af37-643f4a6d2211,3895074,83,14060952400,14060981900,1781307206191-0
concurrency_n20_20260613_003304_redis_feed8_rep1,redis,sb:events:n20:feed8:rep1,fa58fa6c-9d21-48a3-b8f9-7a66751a2a7a,3895074,83,14063550100,14063582200,1781307206195-0
concurrency_n20_20260613_003304_redis_feed8_rep1,redis,sb:events:n20:feed8:rep1,c5a4b0aa-b03e-4e82-a80a-ea91e7ecf394,3895052,83,14065099600,14065125600,1781307206196-0
concurrency_n20_20260613_003304_redis_feed8_rep1,redis,sb:events:n20:feed8:rep1,29ebd69c-b1d1-4dc7-b54b-31a857a4d433,3895067,83,14066248600,14066275500,1781307206197-0
concurrency_n20_20260613_003304_redis_feed8_rep1,redis,sb:events:n20:feed8:rep1,7f356a1a-a126-4380-8bab-651b39b4bceb,3895095,83,14067305600,14067392400,1781307206199-0
concurrency_n20_20260613_003304_redis_feed8_rep1,redis,sb:events:n20:feed8:rep1,e6de5b8f-521e-495c-bcc2-1496fe2c2457,3895067,83,14068631000,14068659300,1781307206216-0
concurrency_n20_20260613_003304_redis_feed8_rep1,redis,sb:events:n20:feed8:rep1,78eec9d2-2279-474b-8174-5955e289ab49,3895113,83,14073050200,14073177600,1781307206218-0
concurrency_n20_20260613_003304_redis_feed8_rep1,redis,sb:events:n20:feed8:rep1,ff5a7afc-11a6-4f3c-b55c-403c5730e20b,3895113,83,14074903400,14074935400,1781307206220-0
concurrency_n20_20260613_003304_redis_feed8_rep1,redis,sb:events:n20:feed8:rep1,787336fc-bb27-441e-9329-430b61f3c14b,3895086,83,14076217000,14076243600,1781307206223-0
concurrency_n20_20260613_003304_redis_feed8_rep1,redis,sb:events:n20:feed8:rep1,6c237c16-6750-4dc1-9995-bd07debf26c1,3895052,84,14078167800,14078194000,1781307206225-0
concurrency_n20_20260613_003304_redis_feed8_rep1,redis,sb:events:n20:feed8:rep1,587dfd13-6676-4362-a28f-be1edea9a6c6,3895052,84,14079418700,14079441700,1781307206233-0
concurrency_n20_20260613_003304_redis_feed8_rep1,redis,sb:events:n20:feed8:rep1,6b5e6f95-6428-4d18-b21d-9c9a79525b5a,3895095,84,14081606300,14081630100,1781307206250-0
concurrency_n20_20260613_003304_redis_feed8_rep1,redis,sb:events:n20:feed8:rep1,56f7af39-fd83-4562-94a1-ef575eab5c2f,3895067,84,14083273800,14083300500,1781307206267-0
concurrency_n20_20260613_003304_redis_feed8_rep1,redis,sb:events:n20:feed8:rep1,2bac81e7-2ae1-49d5-93fc-c73136033765,3895095,84,14084564200,14084591600,1781307206279-0
concurrency_n20_20260613_003304_redis_feed8_rep1,redis,sb:events:n20:feed8:rep1,111b9035-afa8-4884-8908-b5c13ccb8b02,3895086,84,14092020200,14092047800,1781307206282-0
concurrency_n20_20260613_003304_redis_feed8_rep1,redis,sb:events:n20:feed8:rep1,42a5a0e6-3823-4e64-ba59-9875f5ffb0ad,3895086,84,14093435200,14093461700,1781307206314-0
concurrency_n20_20260613_003304_redis_feed8_rep1,redis,sb:events:n20:feed8:rep1,5b4be5da-e353-47d1-9aa2-e412034a7cc9,3895121,85,14100515500,14100550200,1781307206316-0
concurrency_n20_20260613_003304_redis_feed8_rep1,redis,sb:events:n20:feed8:rep1,7b1bfe4d-343b-4a49-9f36-ac1c9281053e,3895121,85,14102084700,14102155600,1781307206318-0
concurrency_n20_20260613_003304_redis_feed8_rep1,redis,sb:events:n20:feed8:rep1,5f38e18f-86ae-43b3-a606-39c39db57cee,3895052,85,14103006700,14103033800,1781307206321-0
concurrency_n20_20260613_003304_redis_feed8_rep1,redis,sb:events:n20:feed8:rep1,5f0b504c-329e-4a36-9b61-e4fcfa79dbad,3895067,85,14104086800,14104107700,1781307206323-0
concurrency_n20_20260613_003304_redis_feed8_rep1,redis,sb:events:n20:feed8:rep1,d47829c7-5e69-4c6e-bd70-9fcceb367367,3895095,85,14104889100,14104910900,1781307206324-0
concurrency_n20_20260613_003304_redis_feed8_rep1,redis,sb:events:n20:feed8:rep1,8b9f3b73-7860-4cab-accb-f394ff0cf96f,3895067,85,14106133700,14106157000,1781307206329-0
concurrency_n20_20260613_003304_redis_feed8_rep1,redis,sb:events:n20:feed8:rep1,6521de44-af00-4c95-a37f-4936185cbd0c,3895067,85,14107411300,14107433300,1781307206331-0
concurrency_n20_20260613_003304_redis_feed8_rep1,redis,sb:events:n20:feed8:rep1,f3f24509-b665-4851-9411-fa3fd6de93f8,3895113,85,14110714900,14110750200,1781307206337-0
concurrency_n20_20260613_003304_redis_feed8_rep1,redis,sb:events:n20:feed8:rep1,726edc96-91b9-4771-85d8-b5dd43e7bbe3,3895086,85,14111841100,14111881100,1781307206339-0
concurrency_n20_20260613_003304_redis_feed8_rep1,redis,sb:events:n20:feed8:rep1,4d769c60-6b01-42c7-ba36-1565e549eae8,3895052,86,14114758100,14114789000,1781307206340-0
concurrency_n20_20260613_003304_redis_feed8_rep1,redis,sb:events:n20:feed8:rep1,c241d9b6-58dd-4ea2-8b5e-16e7aef4e822,3895052,86,14116411900,14116439400,1781307206343-0
concurrency_n20_20260613_003304_redis_feed8_rep1,redis,sb:events:n20:feed8:rep1,3c0fbaec-8fc8-4e7a-99c4-0210d8e061e5,3895095,86,14117622500,14117647800,1781307206345-0
concurrency_n20_20260613_003304_redis_feed8_rep1,redis,sb:events:n20:feed8:rep1,5d5b8e92-4834-42c7-886b-7c908d58f5ae,3895095,86,14118830900,14118853500,1781307206346-0
concurrency_n20_20260613_003304_redis_feed8_rep1,redis,sb:events:n20:feed8:rep1,9f6e6858-572d-4258-b587-e91b56d684d3,3895067,86,14120589600,14120615900,1781307206351-0
concurrency_n20_20260613_003304_redis_feed8_rep1,redis,sb:events:n20:feed8:rep1,a4f84a5e-7d03-4a36-97ae-d1ad5b9e1121,3895067,86,14122600900,14122631300,1781307206353-0
concurrency_n20_20260613_003304_redis_feed8_rep1,redis,sb:events:n20:feed8:rep1,345cb7e8-5870-4a38-bc70-b4727a52d6fa,3895113,86,14137390300,14137493400,1781307206355-0
concurrency_n20_20260613_003304_redis_feed8_rep1,redis,sb:events:n20:feed8:rep1,6abd10fe-abb5-4ef7-8139-fc8300228420,3895113,86,14139226400,14139262400,1781307206357-0
concurrency_n20_20260613_003304_redis_feed8_rep1,redis,sb:events:n20:feed8:rep1,540d57d3-6135-4d4e-ac1b-cdaf6d884ea2,3895086,86,14146491200,14146531500,1781307206359-0
concurrency_n20_20260613_003304_redis_feed8_rep1,redis,sb:events:n20:feed8:rep1,bbe8d73a-45fd-4e6a-a589-d54755e6a1cc,3895086,86,14147826500,14147853500,1781307206361-0
concurrency_n20_20260613_003304_redis_feed8_rep1,redis,sb:events:n20:feed8:rep1,f1de8ed7-dd06-4972-8198-fc3268ff24cf,3895052,87,14150270700,14150298800,1781307206362-0
concurrency_n20_20260613_003304_redis_feed8_rep1,redis,sb:events:n20:feed8:rep1,a8d82eb3-1443-4b6d-b31d-5118f044f4bc,3895052,87,14152295400,14152335600,1781307206363-0
concurrency_n20_20260613_003304_redis_feed8_rep1,redis,sb:events:n20:feed8:rep1,2747e907-b5f5-49ce-a909-8fda34bd750f,3895086,87,14156826900,14156863400,1781307206365-0
concurrency_n20_20260613_003304_redis_feed8_rep1,redis,sb:events:n20:feed8:rep1,56d69800-edf7-4142-ab4c-9526158c14df,3895086,87,14159143200,14159173200,1781307206370-0
concurrency_n20_20260613_003304_redis_feed8_rep1,redis,sb:events:n20:feed8:rep1,2893e770-31b5-4ebb-841e-a1658c844d55,3895074,88,14160446400,14160471400,1781307206375-0
concurrency_n20_20260613_003304_redis_feed8_rep1,redis,sb:events:n20:feed8:rep1,29f5b82a-3d6b-4a71-9a45-22f52290b730,3895121,88,14162024700,14162060900,1781307206380-0
concurrency_n20_20260613_003304_redis_feed8_rep1,redis,sb:events:n20:feed8:rep1,42d34e4a-89a3-415f-a454-449a5dd7cdee,3895121,88,14164287200,14164361000,1781307206382-0
concurrency_n20_20260613_003304_redis_feed8_rep1,redis,sb:events:n20:feed8:rep1,0376753a-5e29-4cd4-a4d7-008663a3ef13,3895052,88,14166189800,14166284400,1781307206383-0
concurrency_n20_20260613_003304_redis_feed8_rep1,redis,sb:events:n20:feed8:rep1,beca7090-e47b-48f6-97fe-75ca3adcef14,3895095,88,14168321500,14168351600,1781307206384-0
concurrency_n20_20260613_003304_redis_feed8_rep1,redis,sb:events:n20:feed8:rep1,d9b493eb-d245-442c-9601-4b14887e636d,3895067,88,14171762000,14171792700,1781307206387-0
concurrency_n20_20260613_003304_redis_feed8_rep1,redis,sb:events:n20:feed8:rep1,2d52eb52-cff2-401e-a12e-b6299e0198b1,3895067,88,14173173100,14173363600,1781307206388-0
concurrency_n20_20260613_003304_redis_feed8_rep1,redis,sb:events:n20:feed8:rep1,2a4b618e-fbb6-4fd9-b3f6-17220dbb0cd2,3895074,89,14177320000,14177351200,1781307206389-0
concurrency_n20_20260613_003304_redis_feed8_rep1,redis,sb:events:n20:feed8:rep1,646f5a83-a844-4c20-9a34-2cfae264f835,3895074,89,14178442800,14178464600,1781307206391-0
concurrency_n20_20260613_003304_redis_feed8_rep1,redis,sb:events:n20:feed8:rep1,64be0f38-c5d1-4a99-842b-603860a63b66,3895121,89,14179625600,14179652200,1781307206393-0
concurrency_n20_20260613_003304_redis_feed8_rep1,redis,sb:events:n20:feed8:rep1,3c5e67f5-946c-4062-bb82-b40e613923ab,3895121,89,14181257900,14181281600,1781307206394-0
concurrency_n20_20260613_003304_redis_feed8_rep1,redis,sb:events:n20:feed8:rep1,d8fa0a0f-dbd5-4d56-849d-e542d0f4c863,3895052,89,14183503300,14183536600,1781307206397-0
concurrency_n20_20260613_003304_redis_feed8_rep1,redis,sb:events:n20:feed8:rep1,4365972f-a6eb-41f4-8405-84a44f9c3f15,3895052,89,14185067100,14185093500,1781307206399-0
concurrency_n20_20260613_003304_redis_feed8_rep1,redis,sb:events:n20:feed8:rep1,1ebc41a8-9a54-4ed7-b7f0-0ad98ca182d9,3895121,90,14187210200,14187240200,1781307206414-0
concurrency_n20_20260613_003304_redis_feed8_rep1,redis,sb:events:n20:feed8:rep1,e9349458-19c1-433d-a74b-514a898592ca,3895052,90,14188968400,14188996200,1781307206416-0
concurrency_n20_20260613_003304_redis_feed8_rep1,redis,sb:events:n20:feed8:rep1,f5b2bcc8-9b50-4da0-aa1f-3d552544b1f0,3895095,90,14191626600,14191657300,1781307206418-0
concurrency_n20_20260613_003304_redis_feed8_rep1,redis,sb:events:n20:feed8:rep1,942e1fa9-401d-4f6a-aeda-0317698cd045,3895095,90,14193965400,14194022500,1781307206421-0
concurrency_n20_20260613_003304_redis_feed8_rep1,redis,sb:events:n20:feed8:rep1,87f538be-2098-4fe4-8810-f51747834230,3895113,90,14195369600,14195390800,1781307206425-0
concurrency_n20_20260613_003304_redis_feed8_rep1,redis,sb:events:n20:feed8:rep1,66b31129-9550-48eb-aab9-fdc69ac92c81,3895113,90,14196661400,14196684700,1781307206427-0
concurrency_n20_20260613_003304_redis_feed8_rep1,redis,sb:events:n20:feed8:rep1,df2e5510-62cc-4163-98c5-5a8a588c1ad8,3895113,90,14198125100,14198150000,1781307206429-0
concurrency_n20_20260613_003304_redis_feed8_rep1,redis,sb:events:n20:feed8:rep1,b313223c-4773-4a1b-bfa4-80104490c9eb,3895113,90,14199450400,14199472300,1781307206431-0
concurrency_n20_20260613_003304_redis_feed8_rep1,redis,sb:events:n20:feed8:rep1,8e334322-dfb2-4dec-825b-7b610bd9d614,3895074,91,14205290300,14205332800,1781307206436-0
concurrency_n20_20260613_003304_redis_feed8_rep1,redis,sb:events:n20:feed8:rep1,70c06522-06f2-43da-a2bd-4356b359a600,3895067,91,14206858500,14206888100,1781307206438-0
concurrency_n20_20260613_003304_redis_feed8_rep1,redis,sb:events:n20:feed8:rep1,b0a8fbce-c821-491c-a37f-da9d3746ba52,3895067,91,14208190000,14208288100,1781307206441-0
concurrency_n20_20260613_003304_redis_feed8_rep1,redis,sb:events:n20:feed8:rep1,dd6208c4-623c-488d-be28-3134d724633f,3895067,91,14210038900,14210069000,1781307206444-0
concurrency_n20_20260613_003304_redis_feed8_rep1,redis,sb:events:n20:feed8:rep1,5b7445ba-ce8f-482b-8d65-82b1b4f2988a,3895067,91,14210967500,14210992600,1781307206447-0
concurrency_n20_20260613_003304_redis_feed8_rep1,redis,sb:events:n20:feed8:rep1,828b3f57-9b71-4499-ae26-f64755e48e20,3895113,91,14212451800,14212478200,1781307206450-0
concurrency_n20_20260613_003304_redis_feed8_rep1,redis,sb:events:n20:feed8:rep1,d258e6f7-f318-4cb5-88c3-f16a5e8f313c,3895086,91,14214131200,14214155600,1781307206451-0
concurrency_n20_20260613_003304_redis_feed8_rep1,redis,sb:events:n20:feed8:rep1,e68a1a15-69d7-40f2-b136-55b7c64aef10,3895074,92,14216581300,14216614200,1781307206454-0
concurrency_n20_20260613_003304_redis_feed8_rep1,redis,sb:events:n20:feed8:rep1,66973f0d-2300-46ef-a265-d3cf2d66f504,3895095,92,14218057700,14218083100,1781307206455-0
concurrency_n20_20260613_003304_redis_feed8_rep1,redis,sb:events:n20:feed8:rep1,416f6860-d593-4042-949c-a5da924f1a3a,3895113,92,14219345800,14219380600,1781307206456-0
concurrency_n20_20260613_003304_redis_feed8_rep1,redis,sb:events:n20:feed8:rep1,0581db2b-9d21-40c8-a8fe-a36bac9bd0fe,3895113,92,14220400300,14220515900,1781307206458-0
concurrency_n20_20260613_003304_redis_feed8_rep1,redis,sb:events:n20:feed8:rep1,c6712579-4e48-4c9d-aca9-13c7ae5216d1,3895113,92,14221354600,14221373700,1781307206461-0
concurrency_n20_20260613_003304_redis_feed8_rep1,redis,sb:events:n20:feed8:rep1,2fa064d8-f9d2-4c60-87c3-f13c608a9d28,3895113,92,14222299500,14222344300,1781307206462-0
concurrency_n20_20260613_003304_redis_feed8_rep1,redis,sb:events:n20:feed8:rep1,7754eb17-443e-4c9f-8d7e-72d1d27c6976,3895086,92,14224985900,14225048900,1781307206464-0
concurrency_n20_20260613_003304_redis_feed8_rep1,redis,sb:events:n20:feed8:rep1,c1b1b2dc-2091-4daa-84c0-0d2383d34a86,3895086,92,14227625600,14227652700,1781307206465-0
concurrency_n20_20260613_003304_redis_feed8_rep1,redis,sb:events:n20:feed8:rep1,c9193dbc-a436-48e8-8fd1-6edce33ef239,3895121,93,14229473000,14229561900,1781307206468-0
concurrency_n20_20260613_003304_redis_feed8_rep1,redis,sb:events:n20:feed8:rep1,8591e32d-b0d5-4d52-99c1-f6f01c29e65c,3895134,93,14230718800,14230742100,1781307206470-0
concurrency_n20_20260613_003304_redis_feed8_rep1,redis,sb:events:n20:feed8:rep1,05cd20fa-12bd-4596-bee5-f161b155bfcc,3895052,93,14231746400,14231770700,1781307206472-0
concurrency_n20_20260613_003304_redis_feed8_rep1,redis,sb:events:n20:feed8:rep1,c5f54ab2-8a92-40ea-8281-2ef5c18edb30,3895052,93,14235788100,14235824000,1781307206474-0
concurrency_n20_20260613_003304_redis_feed8_rep1,redis,sb:events:n20:feed8:rep1,edee64bb-b610-4ca3-ae10-9c2b105e12c6,3895052,93,14237374400,14237405500,1781307206475-0
concurrency_n20_20260613_003304_redis_feed8_rep1,redis,sb:events:n20:feed8:rep1,728082f9-d38e-463f-b904-e542e36fb188,3895095,93,14238373900,14238406000,1781307206478-0
concurrency_n20_20260613_003304_redis_feed8_rep1,redis,sb:events:n20:feed8:rep1,3ccfac04-5845-4f47-8032-20180f4ffe45,3895095,93,14239447400,14239474100,1781307206479-0
concurrency_n20_20260613_003304_redis_feed8_rep1,redis,sb:events:n20:feed8:rep1,e9499440-364d-4088-acc6-78a5c8f79b80,3895113,93,14241388200,14241416300,1781307206480-0
concurrency_n20_20260613_003304_redis_feed8_rep1,redis,sb:events:n20:feed8:rep1,cab10015-6ac5-42f8-8be8-4ef18eb0c600,3895113,93,14244248500,14244277700,1781307206481-0
concurrency_n20_20260613_003304_redis_feed8_rep1,redis,sb:events:n20:feed8:rep1,66f99ca0-8d55-4369-b532-8afa4fb60cb6,3895113,93,14248905900,14248930900,1781307206483-0
concurrency_n20_20260613_003304_redis_feed8_rep1,redis,sb:events:n20:feed8:rep1,43dbd405-1322-474b-af1c-daa2625cddd6,3895074,94,14257559500,14257591800,1781307206484-0
concurrency_n20_20260613_003304_redis_feed8_rep1,redis,sb:events:n20:feed8:rep1,e00a5ad0-eaf2-4669-b550-11fd0e701be9,3895074,94,14259735400,14259762500,1781307206486-0
concurrency_n20_20260613_003304_redis_feed8_rep1,redis,sb:events:n20:feed8:rep1,1d6d4b5f-fcb8-4542-a2a0-cef25ccdbd81,3895121,94,14262828500,14262859800,1781307206488-0
concurrency_n20_20260613_003304_redis_feed8_rep1,redis,sb:events:n20:feed8:rep1,7b40fbd4-a6c0-40d7-b4f9-23abcffcd4c5,3895121,94,14266421100,14266470500,1781307206489-0
concurrency_n20_20260613_003304_redis_feed8_rep1,redis,sb:events:n20:feed8:rep1,d661cba6-658b-499f-805a-039b315ddbd1,3895134,94,14269033800,14269075700,1781307206490-0
concurrency_n20_20260613_003304_redis_feed8_rep1,redis,sb:events:n20:feed8:rep1,373c00ad-aaab-417b-8bd0-1d896bdb010c,3895134,94,14274477600,14274508900,1781307206493-0
concurrency_n20_20260613_003304_redis_feed8_rep1,redis,sb:events:n20:feed8:rep1,292d775e-e7f6-4184-a905-16b5d63af2ad,3895134,94,14279118600,14279149800,1781307206495-0
concurrency_n20_20260613_003304_redis_feed8_rep1,redis,sb:events:n20:feed8:rep1,2b9c84e1-253a-4b23-ade6-906d178e7dbf,3895052,94,14280220200,14280247800,1781307206499-0
concurrency_n20_20260613_003304_redis_feed8_rep1,redis,sb:events:n20:feed8:rep1,f37a2ea2-ffd2-4be1-ae29-4d6fcdaa75c8,3895052,94,14281378900,14281407800,1781307206501-0
concurrency_n20_20260613_003304_redis_feed8_rep1,redis,sb:events:n20:feed8:rep1,28947f12-5bda-4d7a-8819-ae670f2b2ca1,3895052,94,14282640500,14282669200,1781307206503-0
concurrency_n20_20260613_003304_redis_feed8_rep1,redis,sb:events:n20:feed8:rep1,bd1d1124-a984-42f1-b66b-28b07f32153e,3895052,94,14283829800,14283860900,1781307206506-0
concurrency_n20_20260613_003304_redis_feed8_rep1,redis,sb:events:n20:feed8:rep1,6db048b0-fb35-4772-b8a4-385ff5d3bf54,3895052,94,14284710700,14284730500,1781307206508-0
concurrency_n20_20260613_003304_redis_feed8_rep1,redis,sb:events:n20:feed8:rep1,e4c17700-43bb-43a3-ac49-f13944a9566e,3895052,94,14285578000,14285603000,1781307206509-0
concurrency_n20_20260613_003304_redis_feed8_rep1,redis,sb:events:n20:feed8:rep1,f0ddd78d-dbb8-4d59-a5a9-59a4471fb126,3895067,94,14286740400,14286765900,1781307206514-0
concurrency_n20_20260613_003304_redis_feed8_rep1,redis,sb:events:n20:feed8:rep1,ace43399-85d9-46d5-9d23-fb51847aead6,3895086,94,14287491500,14287539900,1781307206515-0
concurrency_n20_20260613_003304_redis_feed8_rep1,redis,sb:events:n20:feed8:rep1,5043e3af-3c3c-4fde-b62f-9da75c031686,3895074,95,14288570900,14288595600,1781307206516-0
concurrency_n20_20260613_003304_redis_feed8_rep1,redis,sb:events:n20:feed8:rep1,7fae2d6a-026a-49ee-96da-30429e822d18,3895134,95,14291076500,14291103300,1781307206518-0
concurrency_n20_20260613_003304_redis_feed8_rep1,redis,sb:events:n20:feed8:rep1,8a11b84c-28ad-45df-b47d-888026d081da,3895134,95,14297921000,14298367300,1781307206523-0
concurrency_n20_20260613_003304_redis_feed8_rep1,redis,sb:events:n20:feed8:rep1,3742c998-92f6-475b-84cb-66d216cbb7b9,3895134,95,14301107000,14301130100,1781307206531-0
concurrency_n20_20260613_003304_redis_feed8_rep1,redis,sb:events:n20:feed8:rep1,6d272944-e0e1-4bba-95ea-74ddbcd89857,3895067,95,14302248500,14302277500,1781307206536-0
concurrency_n20_20260613_003304_redis_feed8_rep1,redis,sb:events:n20:feed8:rep1,e72b1bcb-24bf-49c9-b727-7e1159f070d7,3895067,95,14303601300,14303627200,1781307206539-0
concurrency_n20_20260613_003304_redis_feed8_rep1,redis,sb:events:n20:feed8:rep1,c3e5d0fb-db35-45e3-ab6f-992a3559fa70,3895113,95,14304942100,14304970100,1781307206541-0
concurrency_n20_20260613_003304_redis_feed8_rep1,redis,sb:events:n20:feed8:rep1,38441982-a067-4462-a822-42717582d3f6,3895113,95,14305808600,14305828400,1781307206548-0
concurrency_n20_20260613_003304_redis_feed8_rep1,redis,sb:events:n20:feed8:rep1,2b992ee9-94f0-4cab-8f7a-855c68a6839d,3895086,95,14306584700,14306608800,1781307206553-0
concurrency_n20_20260613_003304_redis_feed8_rep1,redis,sb:events:n20:feed8:rep1,fdbc2ce9-1260-4093-84c7-967fefe71601,3895074,96,14307664300,14307701000,1781307206555-0
concurrency_n20_20260613_003304_redis_feed8_rep1,redis,sb:events:n20:feed8:rep1,689ce84b-5aa2-4e4d-856a-ae00e2bc2164,3895074,96,14308917500,14308941200,1781307206556-0
concurrency_n20_20260613_003304_redis_feed8_rep1,redis,sb:events:n20:feed8:rep1,81a2e0ba-0069-484b-b48d-3028ad8f8901,3895113,96,14310059400,14310096200,1781307206557-0
concurrency_n20_20260613_003304_redis_feed8_rep1,redis,sb:events:n20:feed8:rep1,5e3179a0-084a-4e80-9da2-5f35e8ec0452,3895086,96,14315358400,14315389500,1781307206559-0
concurrency_n20_20260613_003304_redis_feed8_rep1,redis,sb:events:n20:feed8:rep1,ba5596c8-74af-4d91-971f-67e828d714f1,3895086,96,14321405400,14321442200,1781307206561-0
concurrency_n20_20260613_003304_redis_feed8_rep1,redis,sb:events:n20:feed8:rep1,f1642bb5-9d19-4590-a656-35b6b538b16f,3895095,97,14325582600,14325614200,1781307206562-0
concurrency_n20_20260613_003304_redis_feed8_rep1,redis,sb:events:n20:feed8:rep1,604cba08-934e-4d65-adfc-d2e0e276c634,3895095,97,14328060600,14328095400,1781307206563-0
concurrency_n20_20260613_003304_redis_feed8_rep1,redis,sb:events:n20:feed8:rep1,4e0c0132-c685-4866-babe-f1f6449ebb28,3895067,97,14346071000,14346232000,1781307206567-0
concurrency_n20_20260613_003304_redis_feed8_rep1,redis,sb:events:n20:feed8:rep1,6c6e6e43-3708-4a97-a623-144db45e0acf,3895113,97,14349698600,14349734900,1781307206569-0
concurrency_n20_20260613_003304_redis_feed8_rep1,redis,sb:events:n20:feed8:rep1,1c8f3337-ba8c-4afc-9ce5-ba81c530b442,3895113,97,14351879900,14351923800,1781307206571-0
concurrency_n20_20260613_003304_redis_feed8_rep1,redis,sb:events:n20:feed8:rep1,246150e9-1505-46a9-bdb8-34f5bffecb20,3895113,97,14359619500,14359656000,1781307206576-0
concurrency_n20_20260613_003304_redis_feed8_rep1,redis,sb:events:n20:feed8:rep1,c0f7d5c0-0cc1-4b31-b688-e44c5aeb403a,3895067,98,14366873400,14366899500,1781307206578-0
concurrency_n20_20260613_003304_redis_feed8_rep1,redis,sb:events:n20:feed8:rep1,904d4597-9a8b-4c50-b89c-5e1276d64954,3895067,98,14368253100,14368324200,1781307206579-0
concurrency_n20_20260613_003304_redis_feed8_rep1,redis,sb:events:n20:feed8:rep1,f5f5e776-6f22-45f7-b749-df1979955015,3895113,98,14369204400,14369227200,1781307206588-0
concurrency_n20_20260613_003304_redis_feed8_rep1,redis,sb:events:n20:feed8:rep1,a1aa8792-71c5-4cec-8342-1f1de877fc46,3895074,99,14370195900,14370246900,1781307206590-0
concurrency_n20_20260613_003304_redis_feed8_rep1,redis,sb:events:n20:feed8:rep1,6a114c66-3879-45e7-a3f1-7127dc522348,3895134,99,14373668000,14373695600,1781307206596-0
concurrency_n20_20260613_003304_redis_feed8_rep1,redis,sb:events:n20:feed8:rep1,0e820704-1d4e-443f-a7a5-d4851762f39a,3895134,99,14374676500,14374701300,1781307206600-0
concurrency_n20_20260613_003304_redis_feed8_rep1,redis,sb:events:n20:feed8:rep1,17827804-f674-473a-902e-f330c076c8c1,3895134,99,14375999000,14376024000,1781307206604-0
concurrency_n20_20260613_003304_redis_feed8_rep1,redis,sb:events:n20:feed8:rep1,e21625cc-e833-4fae-8f65-fa74a92271c7,3895113,99,14377216800,14377242400,1781307206621-0
concurrency_n20_20260613_003304_redis_feed8_rep1,redis,sb:events:n20:feed8:rep1,723686b3-e9f2-4317-bbcb-e453383a72c7,3895113,99,14378875800,14378972700,1781307206624-0
concurrency_n20_20260613_003304_redis_feed8_rep1,redis,sb:events:n20:feed8:rep1,0210955c-5e97-4eaa-962a-9b505438af33,3895067,100,14395379800,14395409800,1781307206626-0
concurrency_n20_20260613_003304_redis_feed8_rep1,redis,sb:events:n20:feed8:rep1,d662683e-78f4-4327-a130-eca57da08e65,3895113,100,14397733400,14397767500,1781307206628-0
concurrency_n20_20260613_003304_redis_feed8_rep1,redis,sb:events:n20:feed8:rep1,e7a32d60-17f2-4653-b406-d3c00919ba68,3895086,100,14398805800,14398862300,1781307206629-0
concurrency_n20_20260613_003304_redis_feed8_rep1,redis,sb:events:n20:feed8:rep1,82c166fa-ade3-48e4-9cfd-0a7b77351e5d,3895074,101,14399644800,14399683100,1781307206636-0
concurrency_n20_20260613_003304_redis_feed8_rep1,redis,sb:events:n20:feed8:rep1,0ba11e25-68d9-45a5-8a08-7fb1024e737b,3895074,101,14401670800,14401763400,1781307206642-0
concurrency_n20_20260613_003304_redis_feed8_rep1,redis,sb:events:n20:feed8:rep1,90292410-abee-4709-9724-ebceff929eb5,3895074,101,14408290400,14408318400,1781307206644-0
concurrency_n20_20260613_003304_redis_feed8_rep1,redis,sb:events:n20:feed8:rep1,de7eb155-5947-48f4-a85b-989cf955acad,3895067,101,14409281800,14409310000,1781307206645-0
concurrency_n20_20260613_003304_redis_feed8_rep1,redis,sb:events:n20:feed8:rep1,1e5fa95c-f7bb-4ee5-b98f-7e2a7d2d8740,3895067,101,14411677100,14411719100,1781307206649-0
concurrency_n20_20260613_003304_redis_feed8_rep1,redis,sb:events:n20:feed8:rep1,8853c9b4-5f34-4c74-bb8e-5e91ea6e82fd,3895067,101,14413764700,14413825000,1781307206650-0
concurrency_n20_20260613_003304_redis_feed8_rep1,redis,sb:events:n20:feed8:rep1,13308a5e-185e-437c-93b3-04925e1f7a7f,3895113,101,14415494300,14415526500,1781307206651-0
concurrency_n20_20260613_003304_redis_feed8_rep1,redis,sb:events:n20:feed8:rep1,e1b23096-a8e4-46c7-bf3c-5a8d02ec2fca,3895113,101,14417231300,14417256400,1781307206656-0
concurrency_n20_20260613_003304_redis_feed8_rep1,redis,sb:events:n20:feed8:rep1,55ae1db6-a1c7-4396-b6fa-6639141da51f,3895113,101,14418475600,14418497200,1781307206670-0
concurrency_n20_20260613_003304_redis_feed8_rep1,redis,sb:events:n20:feed8:rep1,ec34c8e8-e439-417d-be80-dee7a13d9afe,3895134,102,14422008200,14422074100,1781307206673-0
concurrency_n20_20260613_003304_redis_feed8_rep1,redis,sb:events:n20:feed8:rep1,55dbbd79-e70f-447c-ab7a-e41b1498ac79,3895134,102,14424342600,14424584100,1781307206678-0
concurrency_n20_20260613_003304_redis_feed8_rep1,redis,sb:events:n20:feed8:rep1,cfe7d394-f3bb-49eb-84d0-499aabcfe0e2,3895134,102,14429491300,14429524200,1781307206679-0
concurrency_n20_20260613_003304_redis_feed8_rep1,redis,sb:events:n20:feed8:rep1,f1c92395-1a06-456d-9d88-ab3208cfe8f6,3895113,102,14445964200,14446386500,1781307206681-0
concurrency_n20_20260613_003304_redis_feed8_rep1,redis,sb:events:n20:feed8:rep1,9e3a9e99-b3bd-4944-b63c-656899f9748c,3895113,102,14449324300,14449511200,1781307206682-0
concurrency_n20_20260613_003304_redis_feed8_rep1,redis,sb:events:n20:feed8:rep1,5b0a5ebd-4ef7-42d2-86e9-765c1bf6aacd,3895113,102,14451599200,14451622300,1781307206685-0
concurrency_n20_20260613_003304_redis_feed8_rep1,redis,sb:events:n20:feed8:rep1,2819dbe2-3954-4dc1-b68f-d793b69fb516,3895086,102,14452486600,14452503500,1781307206687-0
concurrency_n20_20260613_003304_redis_feed8_rep1,redis,sb:events:n20:feed8:rep1,7c0046e9-5242-4e8f-b221-663acbf246b9,3895086,102,14453644300,14453664500,1781307206696-0
concurrency_n20_20260613_003304_redis_feed8_rep1,redis,sb:events:n20:feed8:rep1,b784b8bd-c600-44fd-8613-ef300f482c1b,3895067,103,14459573500,14459650900,1781307206698-0
concurrency_n20_20260613_003304_redis_feed8_rep1,redis,sb:events:n20:feed8:rep1,1709bde2-a33d-4bff-ab11-c14976e26251,3895113,103,14462537100,14462563800,1781307206700-0
concurrency_n20_20260613_003304_redis_feed8_rep1,redis,sb:events:n20:feed8:rep1,ab82d08d-066f-4d9a-af27-bdf9139ddf57,3895113,103,14464607200,14464636500,1781307206706-0
concurrency_n20_20260613_003304_redis_feed8_rep1,redis,sb:events:n20:feed8:rep1,d410a0bd-dba4-4ce7-abf5-6e2d33f31d8d,3895086,103,14477967800,14477995500,1781307206721-0
concurrency_n20_20260613_003304_redis_feed8_rep1,redis,sb:events:n20:feed8:rep1,0f7c0920-c2ab-4b17-823a-d1b6604457e9,3895134,104,14482091800,14482128700,1781307206727-0
concurrency_n20_20260613_003304_redis_feed8_rep1,redis,sb:events:n20:feed8:rep1,11460547-0c20-4ed4-9e6b-f686939aeada,3895134,104,14485223600,14485255100,1781307206728-0
concurrency_n20_20260613_003304_redis_feed8_rep1,redis,sb:events:n20:feed8:rep1,7b844904-4518-49e9-8d58-2d70f4261222,3895067,104,14492606100,14492636300,1781307206730-0
concurrency_n20_20260613_003304_redis_feed8_rep1,redis,sb:events:n20:feed8:rep1,379b1c5d-9bb5-4352-b0dd-7d4224d24cf1,3895067,104,14497156100,14497195400,1781307206736-0
concurrency_n20_20260613_003304_redis_feed8_rep1,redis,sb:events:n20:feed8:rep1,c65987b8-a2c4-47cb-a3a4-b90d6e934106,3895067,104,14498198400,14498222600,1781307206737-0
concurrency_n20_20260613_003304_redis_feed8_rep1,redis,sb:events:n20:feed8:rep1,c33b8bd3-6d11-49d7-a7c4-ef3e239c1f54,3895113,104,14499236800,14499257300,1781307206740-0
concurrency_n20_20260613_003304_redis_feed8_rep1,redis,sb:events:n20:feed8:rep1,8581b9b0-2405-4d83-99b5-371a0d861078,3895086,104,14500444900,14500465200,1781307206753-0
concurrency_n20_20260613_003304_redis_feed8_rep1,redis,sb:events:n20:feed8:rep1,37948d06-f6fd-4260-8720-417930402e39,3895113,104,14502583200,14502609000,1781307206755-0
concurrency_n20_20260613_003304_redis_feed8_rep1,redis,sb:events:n20:feed8:rep1,5a0472aa-e08b-4d06-ab73-efbd5b50381b,3895086,104,14505148500,14505194100,1781307206760-0
concurrency_n20_20260613_003304_redis_feed8_rep1,redis,sb:events:n20:feed8:rep1,72e045c1-5699-46b1-b609-47e88ca8b9c6,3895052,105,14509684100,14509721900,1781307206769-0
concurrency_n20_20260613_003304_redis_feed8_rep1,redis,sb:events:n20:feed8:rep1,5d93f9ec-dd62-4143-b88c-53cf9db42807,3895134,105,14511281200,14511386300,1781307206773-0
concurrency_n20_20260613_003304_redis_feed8_rep1,redis,sb:events:n20:feed8:rep1,bba7fe11-e6e4-4489-9154-a1b0e1527094,3895107,105,14514095000,14514139200,1781307206774-0
concurrency_n20_20260613_003304_redis_feed8_rep1,redis,sb:events:n20:feed8:rep1,bc5ac9dc-cfb7-40ad-9fbb-76f4bc5fe84c,3895067,105,14515361400,14515386200,1781307206776-0
concurrency_n20_20260613_003304_redis_feed8_rep1,redis,sb:events:n20:feed8:rep1,e65f6899-862d-413f-8f65-7e29da7b66d1,3895067,105,14516994600,14517015000,1781307206778-0
concurrency_n20_20260613_003304_redis_feed8_rep1,redis,sb:events:n20:feed8:rep1,b7e73470-d092-435d-b493-4c5a02853b61,3895067,105,14518610000,14518633400,1781307206780-0
concurrency_n20_20260613_003304_redis_feed8_rep1,redis,sb:events:n20:feed8:rep1,ef25cd4c-3a03-4433-bcce-04171dcc3521,3895086,105,14519408000,14519426100,1781307206782-0
concurrency_n20_20260613_003304_redis_feed8_rep1,redis,sb:events:n20:feed8:rep1,343a3699-95eb-48de-a123-f751839fa5d5,3895134,106,14522035300,14522063100,1781307206784-0
concurrency_n20_20260613_003304_redis_feed8_rep1,redis,sb:events:n20:feed8:rep1,5007351f-cf6d-4f38-abfb-07149e361068,3895067,106,14527975500,14527999400,1781307206786-0
concurrency_n20_20260613_003304_redis_feed8_rep1,redis,sb:events:n20:feed8:rep1,7c71c9e4-3c68-4d91-a719-0c1f3b736f50,3895067,106,14528822600,14528846700,1781307206787-0
concurrency_n20_20260613_003304_redis_feed8_rep1,redis,sb:events:n20:feed8:rep1,f2c5825d-365a-4682-a9dc-dd203fbf5457,3895113,106,14530405000,14530429800,1781307206790-0
concurrency_n20_20260613_003304_redis_feed8_rep1,redis,sb:events:n20:feed8:rep1,29e0c466-391a-40f8-b4ce-2fe8f2d3cbd9,3895113,106,14532131900,14532162800,1781307206792-0
concurrency_n20_20260613_003304_redis_feed8_rep1,redis,sb:events:n20:feed8:rep1,0e8d6519-0edf-47c9-8305-2c826a71513f,3895086,106,14534244300,14534268200,1781307206794-0
concurrency_n20_20260613_003304_redis_feed8_rep1,redis,sb:events:n20:feed8:rep1,9be6d5b2-1def-4cbc-ae53-a779159d0915,3895113,106,14538705300,14538741700,1781307206796-0
concurrency_n20_20260613_003304_redis_feed8_rep1,redis,sb:events:n20:feed8:rep1,e9cab33f-5f40-49a3-b7fc-a69771b80008,3895086,106,14555311900,14555342100,1781307206797-0
concurrency_n20_20260613_003304_redis_feed8_rep1,redis,sb:events:n20:feed8:rep1,cbdba06b-9e29-414c-bc4f-9580fbb9f441,3895052,107,14556847200,14556883600,1781307206800-0
concurrency_n20_20260613_003304_redis_feed8_rep1,redis,sb:events:n20:feed8:rep1,2526c2b2-3b7c-436a-b75d-14c0e76b7337,3895052,107,14561558000,14561587100,1781307206805-0
concurrency_n20_20260613_003304_redis_feed8_rep1,redis,sb:events:n20:feed8:rep1,27646fac-073e-4ef6-b37d-d3e1d12fadff,3895134,107,14570479200,14570507600,1781307206807-0
concurrency_n20_20260613_003304_redis_feed8_rep1,redis,sb:events:n20:feed8:rep1,9e3511f7-13cb-4b3c-9f7e-5a70e1446bcb,3895134,107,14572076400,14572104600,1781307206812-0
concurrency_n20_20260613_003304_redis_feed8_rep1,redis,sb:events:n20:feed8:rep1,702f074d-fb36-45a2-be9a-6abdcd182ce0,3895134,107,14573530600,14573553100,1781307206815-0
concurrency_n20_20260613_003304_redis_feed8_rep1,redis,sb:events:n20:feed8:rep1,9ad57bd7-c9d8-4dbc-b7df-c826e2a93276,3895107,107,14578257800,14578329800,1781307206831-0
concurrency_n20_20260613_003304_redis_feed8_rep1,redis,sb:events:n20:feed8:rep1,c97e8cf5-546c-47b5-ae9a-2727d472a505,3895107,107,14584083700,14584113600,1781307206836-0
concurrency_n20_20260613_003304_redis_feed8_rep1,redis,sb:events:n20:feed8:rep1,20619fe5-acd9-4561-b937-977ea2e815a4,3895107,107,14596661700,14596697200,1781307206837-0
concurrency_n20_20260613_003304_redis_feed8_rep1,redis,sb:events:n20:feed8:rep1,9de49e44-f9ca-4936-8169-093f6a29bbb3,3895121,108,14598546800,14598570900,1781307206839-0
concurrency_n20_20260613_003304_redis_feed8_rep1,redis,sb:events:n20:feed8:rep1,f6a1cf5d-91aa-4da6-92eb-ea7261dc67e3,3895107,108,14599687200,14599710900,1781307206842-0
concurrency_n20_20260613_003304_redis_feed8_rep1,redis,sb:events:n20:feed8:rep1,1f358520-88de-4fba-acdc-1b07a205435e,3895107,108,14601186400,14601213200,1781307206843-0
concurrency_n20_20260613_003304_redis_feed8_rep1,redis,sb:events:n20:feed8:rep1,41d0ce65-e3fe-4ec0-a9f2-c2a7eebff4e0,3895107,108,14609940800,14609971800,1781307206845-0
concurrency_n20_20260613_003304_redis_feed8_rep1,redis,sb:events:n20:feed8:rep1,21dee0fb-5d81-48c1-8288-7f701d838295,3895067,108,14611402000,14611427200,1781307206849-0
concurrency_n20_20260613_003304_redis_feed8_rep1,redis,sb:events:n20:feed8:rep1,9c0d8c9d-b5b7-46ba-9304-d716adc447c2,3895086,108,14614625500,14614696000,1781307206850-0
concurrency_n20_20260613_003304_redis_feed8_rep1,redis,sb:events:n20:feed8:rep1,0c2762f4-d89c-498f-8f26-7427fe581ffb,3895121,109,14616866100,14616895200,1781307206852-0
concurrency_n20_20260613_003304_redis_feed8_rep1,redis,sb:events:n20:feed8:rep1,b5ebc124-dbfd-4356-a6eb-2609f9143ccd,3895121,109,14617961300,14617990400,1781307206858-0
concurrency_n20_20260613_003304_redis_feed8_rep1,redis,sb:events:n20:feed8:rep1,a08bd5e4-b884-40a9-99e7-2e6ec11c9468,3895052,109,14627778800,14627807600,1781307206861-0
concurrency_n20_20260613_003304_redis_feed8_rep1,redis,sb:events:n20:feed8:rep1,6a9dcea1-2952-4c3a-98e4-4c6c65274736,3895052,109,14632033800,14632064300,1781307206876-0
concurrency_n20_20260613_003304_redis_feed8_rep1,redis,sb:events:n20:feed8:rep1,b4b06f9a-98a5-44e6-ba3e-b31d9951b125,3895052,109,14633866000,14633890900,1781307206877-0
concurrency_n20_20260613_003304_redis_feed8_rep1,redis,sb:events:n20:feed8:rep1,992bbe98-e47e-4708-89d4-a6ab8c0af31d,3895134,109,14635780300,14635803800,1781307206880-0
concurrency_n20_20260613_003304_redis_feed8_rep1,redis,sb:events:n20:feed8:rep1,142b9c29-49d5-4f3a-b30a-e573ddbf7700,3895107,109,14636805100,14636832200,1781307206889-0
concurrency_n20_20260613_003304_redis_feed8_rep1,redis,sb:events:n20:feed8:rep1,e0feafd9-95d2-4415-a36f-cb898baf5a29,3895107,109,14637960000,14637980500,1781307206891-0
concurrency_n20_20260613_003304_redis_feed8_rep1,redis,sb:events:n20:feed8:rep1,911c8215-0099-46a6-ad30-00c107b2179a,3895107,109,14640187800,14640209100,1781307206902-0
concurrency_n20_20260613_003304_redis_feed8_rep1,redis,sb:events:n20:feed8:rep1,c5f98d0c-da42-4c2c-82fe-8b575b76bda1,3895107,109,14641110000,14641131700,1781307206905-0
concurrency_n20_20260613_003304_redis_feed8_rep1,redis,sb:events:n20:feed8:rep1,24d6b1ef-00d0-4d6c-aa3b-c7820ef973c0,3895113,109,14647173200,14647199400,1781307206909-0
concurrency_n20_20260613_003304_redis_feed8_rep1,redis,sb:events:n20:feed8:rep1,c7efcc3e-070e-40d8-a151-a97c646a22dc,3895086,109,14650784200,14650864300,1781307206912-0
concurrency_n20_20260613_003304_redis_feed8_rep1,redis,sb:events:n20:feed8:rep1,ce9691b1-8c85-4575-8f83-6d6b0dd6ae29,3895086,109,14652062600,14652086500,1781307206913-0
concurrency_n20_20260613_003304_redis_feed8_rep1,redis,sb:events:n20:feed8:rep1,97be3159-7459-47e2-a9a3-236c8c402e2e,3895052,110,14652847400,14652863800,1781307206915-0
concurrency_n20_20260613_003304_redis_feed8_rep1,redis,sb:events:n20:feed8:rep1,c3323881-9112-4b7d-b3cf-06062fcb5902,3895052,110,14669863300,14669924300,1781307206916-0
concurrency_n20_20260613_003304_redis_feed8_rep1,redis,sb:events:n20:feed8:rep1,8107f6b4-2ca4-4426-b2f1-fddbf56b3d12,3895107,110,14671171100,14671197500,1781307206919-0
concurrency_n20_20260613_003304_redis_feed8_rep1,redis,sb:events:n20:feed8:rep1,5cdf8f93-3144-4a4d-b2b7-50ef011136b8,3895107,110,14672081500,14672099000,1781307206925-0
concurrency_n20_20260613_003304_redis_feed8_rep1,redis,sb:events:n20:feed8:rep1,61d9445d-6620-45a8-9d8c-b32705645f62,3895107,110,14684939500,14684970300,1781307206926-0
concurrency_n20_20260613_003304_redis_feed8_rep1,redis,sb:events:n20:feed8:rep1,a9799eea-c672-4ecd-9ba0-90a736c24a87,3895067,110,14687497300,14687527700,1781307206928-0
concurrency_n20_20260613_003304_redis_feed8_rep1,redis,sb:events:n20:feed8:rep1,e7340a13-792c-4042-b5d0-9ead45dbf21f,3895067,110,14690727600,14690761200,1781307206959-0
concurrency_n20_20260613_003304_redis_feed8_rep1,redis,sb:events:n20:feed8:rep1,91483f9e-a629-476a-9701-36dbd203741d,3895067,110,14691916200,14691939900,1781307206962-0
concurrency_n20_20260613_003304_redis_feed8_rep1,redis,sb:events:n20:feed8:rep1,6762475a-b66e-4b20-b7af-fbde39fdc7c9,3895113,110,14694882800,14694910700,1781307206964-0
concurrency_n20_20260613_003304_redis_feed8_rep1,redis,sb:events:n20:feed8:rep1,b8b38f3e-a656-4846-a0ed-da17aa29d986,3895113,110,14699458800,14699484600,1781307206967-0
concurrency_n20_20260613_003304_redis_feed8_rep1,redis,sb:events:n20:feed8:rep1,7c853898-8a8a-46f3-ba54-ccd88563a52e,3895113,110,14703871800,14703900800,1781307206968-0
concurrency_n20_20260613_003304_redis_feed8_rep1,redis,sb:events:n20:feed8:rep1,26c094bc-d1c8-42f2-b616-325b8e085f8f,3895113,110,14704554400,14704579000,1781307206970-0
concurrency_n20_20260613_003304_redis_feed8_rep1,redis,sb:events:n20:feed8:rep1,70ac486f-ae17-4fb7-9926-eff1d5fcb4d3,3895113,110,14705749300,14705776900,1781307206974-0
concurrency_n20_20260613_003304_redis_feed8_rep1,redis,sb:events:n20:feed8:rep1,67f159f8-0e87-477b-aad7-f2484553936e,3895113,110,14718599100,14718693300,1781307206976-0
concurrency_n20_20260613_003304_redis_feed8_rep1,redis,sb:events:n20:feed8:rep1,64bc8b69-4baf-4c85-9ea8-a8cb97bc5fb4,3895121,111,14732456300,14732523300,1781307206979-0
concurrency_n20_20260613_003304_redis_feed8_rep1,redis,sb:events:n20:feed8:rep1,3fd9667f-d5ab-42b7-9320-b4a4407a7260,3895113,111,14751610700,14751665900,1781307206980-0
concurrency_n20_20260613_003304_redis_feed8_rep1,redis,sb:events:n20:feed8:rep1,6aa04e2b-f226-4e4c-84a1-6438d188c9a6,3895052,112,14754765700,14754859600,1781307206992-0
concurrency_n20_20260613_003304_redis_feed8_rep1,redis,sb:events:n20:feed8:rep1,2e64c80b-b9a7-440c-8066-930bfa2c46bb,3895107,112,14759771800,14759796800,1781307206995-0
concurrency_n20_20260613_003304_redis_feed8_rep1,redis,sb:events:n20:feed8:rep1,19bba5a5-8072-4b4c-801f-234c78944a77,3895107,112,14761405600,14761432400,1781307207024-0
concurrency_n20_20260613_003304_redis_feed8_rep1,redis,sb:events:n20:feed8:rep1,7a548134-dd4e-470b-bfab-5d177d356f45,3895067,112,14769332100,14769360900,1781307207027-0
concurrency_n20_20260613_003304_redis_feed8_rep1,redis,sb:events:n20:feed8:rep1,45002568-a496-4ab7-87a7-380e89d6640d,3895067,112,14770703500,14770730500,1781307207031-0
concurrency_n20_20260613_003304_redis_feed8_rep1,redis,sb:events:n20:feed8:rep1,ddadd240-6377-490e-a404-b37b67a30fd4,3895067,112,14772030500,14772055100,1781307207033-0
concurrency_n20_20260613_003304_redis_feed8_rep1,redis,sb:events:n20:feed8:rep1,9314664c-5c01-4a5a-b79c-e7881d06fd32,3895086,112,14778125300,14778152300,1781307207034-0
concurrency_n20_20260613_003304_redis_feed8_rep1,redis,sb:events:n20:feed8:rep1,dc4271d8-7107-479f-a6b7-343a5e10fc80,3895113,112,14779351900,14779425300,1781307207044-0
concurrency_n20_20260613_003304_redis_feed8_rep1,redis,sb:events:n20:feed8:rep1,750b8b16-cb65-4b93-9bf2-b66af9280590,3895121,113,14780531900,14782802300,1781307207047-0
concurrency_n20_20260613_003304_redis_feed8_rep1,redis,sb:events:n20:feed8:rep1,d61632a6-1e43-412c-9930-695e7a0e3878,3895121,113,14818480300,14818557700,1781307207049-0
concurrency_n20_20260613_003304_redis_feed8_rep1,redis,sb:events:n20:feed8:rep1,9a0e6542-ddb5-4cc5-ac8e-762f234226e1,3895121,113,14820268700,14820453500,1781307207052-0
concurrency_n20_20260613_003304_redis_feed8_rep1,redis,sb:events:n20:feed8:rep1,c7d7a1e8-0f1a-4674-8818-e29ff292795b,3895052,113,14822149300,14822178500,1781307207053-0
concurrency_n20_20260613_003304_redis_feed8_rep1,redis,sb:events:n20:feed8:rep1,97d8e43c-7f14-4447-ae06-290765162250,3895052,113,14824646700,14824781100,1781307207091-0
concurrency_n20_20260613_003304_redis_feed8_rep1,redis,sb:events:n20:feed8:rep1,c8ff62dc-59ef-4080-baee-5f6217dbc1bb,3895052,113,14832161200,14832193400,1781307207094-0
concurrency_n20_20260613_003304_redis_feed8_rep1,redis,sb:events:n20:feed8:rep1,b248d17d-7408-44b7-80ac-950b87e98a57,3895052,113,14833545600,14833574400,1781307207096-0
concurrency_n20_20260613_003304_redis_feed8_rep1,redis,sb:events:n20:feed8:rep1,d504c8cc-bf08-403b-9f0f-1d3dfc3b260c,3895067,113,14836033700,14836061500,1781307207100-0
concurrency_n20_20260613_003304_redis_feed8_rep1,redis,sb:events:n20:feed8:rep1,b50cfe07-9c82-4ab6-8959-f4124f7e95da,3895067,113,14837590300,14837647600,1781307207103-0
concurrency_n20_20260613_003304_redis_feed8_rep1,redis,sb:events:n20:feed8:rep1,dbc49305-1448-401e-a486-14dac27ad308,3895086,113,14840490900,14840530400,1781307207105-0
concurrency_n20_20260613_003304_redis_feed8_rep1,redis,sb:events:n20:feed8:rep1,c58e2f66-49be-477c-bbb6-b18188180609,3895086,113,14849611100,14849640400,1781307207107-0
concurrency_n20_20260613_003304_redis_feed8_rep1,redis,sb:events:n20:feed8:rep1,3d1371cd-b194-40a5-92e0-a41779d68bd5,3895113,113,14853269400,14853296100,1781307207111-0
concurrency_n20_20260613_003304_redis_feed8_rep1,redis,sb:events:n20:feed8:rep1,26953926-00a3-4f5f-bb1d-6a7249bae936,3895113,113,14856423000,14856519200,1781307207113-0
concurrency_n20_20260613_003304_redis_feed8_rep1,redis,sb:events:n20:feed8:rep1,2116b6a3-7d95-4e53-98ab-20afb5dd9951,3895113,113,14859500800,14859558500,1781307207116-0
concurrency_n20_20260613_003304_redis_feed8_rep1,redis,sb:events:n20:feed8:rep1,91f0bfc9-6dac-47b0-bafb-9f62e10a710f,3895113,113,14860800600,14860829900,1781307207123-0
concurrency_n20_20260613_003304_redis_feed8_rep1,redis,sb:events:n20:feed8:rep1,0186c979-505b-41c3-9b8e-6bb584c2d354,3895134,114,14861930800,14861952000,1781307207125-0
concurrency_n20_20260613_003304_redis_feed8_rep1,redis,sb:events:n20:feed8:rep1,171eff5b-4437-41ee-927f-e533939b451c,3895134,114,14866898800,14866965100,1781307207128-0
concurrency_n20_20260613_003304_redis_feed8_rep1,redis,sb:events:n20:feed8:rep1,ed61d850-a665-4e5e-a9b4-fa4860cd73a9,3895052,114,14867908900,14867929700,1781307207130-0
concurrency_n20_20260613_003304_redis_feed8_rep1,redis,sb:events:n20:feed8:rep1,c9f142b4-0f18-423c-9272-741f44713316,3895052,114,14869410000,14869438900,1781307207133-0
concurrency_n20_20260613_003304_redis_feed8_rep1,redis,sb:events:n20:feed8:rep1,be1bdcf2-142d-411b-ba28-d6c2499bbd28,3895052,114,14872252400,14872278300,1781307207142-0
concurrency_n20_20260613_003304_redis_feed8_rep1,redis,sb:events:n20:feed8:rep1,b45e1a89-6f3c-4d8f-ad6c-9deb82845628,3895052,114,14875071300,14875098800,1781307207143-0
concurrency_n20_20260613_003304_redis_feed8_rep1,redis,sb:events:n20:feed8:rep1,db789b2b-870f-4716-b452-e54958307050,3895052,114,14877446200,14877489100,1781307207145-0
concurrency_n20_20260613_003304_redis_feed8_rep1,redis,sb:events:n20:feed8:rep1,a9acce11-8ebc-41d3-9fe6-2333092d65b6,3895107,114,14879665700,14879695200,1781307207147-0
concurrency_n20_20260613_003304_redis_feed8_rep1,redis,sb:events:n20:feed8:rep1,7377ad6e-fa0b-4596-81b9-ac590287046b,3895107,114,14882036900,14885014500,1781307207149-0
concurrency_n20_20260613_003304_redis_feed8_rep1,redis,sb:events:n20:feed8:rep1,0f2e3e9c-1659-4b1e-8767-68615acb8390,3895067,114,14886370000,14886409000,1781307207152-0
concurrency_n20_20260613_003304_redis_feed8_rep1,redis,sb:events:n20:feed8:rep1,d3ed5183-b51f-426c-9c0d-0b3772c2d450,3895113,114,14887595400,14887623400,1781307207154-0
concurrency_n20_20260613_003304_redis_feed8_rep1,redis,sb:events:n20:feed8:rep1,0ede5dbd-8812-4aea-8181-e9fa6fd135cf,3895113,114,14888514100,14888536400,1781307207156-0
concurrency_n20_20260613_003304_redis_feed8_rep1,redis,sb:events:n20:feed8:rep1,cdde5370-fb15-4a58-adf4-45eed020acf8,3895113,114,14890566700,14890589800,1781307207158-0
concurrency_n20_20260613_003304_redis_feed8_rep1,redis,sb:events:n20:feed8:rep1,17cb5297-54dd-428b-9795-e463bf435ca1,3895121,115,14894006400,14894041200,1781307207159-0
concurrency_n20_20260613_003304_redis_feed8_rep1,redis,sb:events:n20:feed8:rep1,50a6623d-60b8-45b1-8685-0701fb4f6c9f,3895121,115,14896586800,14896613700,1781307207164-0
concurrency_n20_20260613_003304_redis_feed8_rep1,redis,sb:events:n20:feed8:rep1,7a1ba5fc-c4e3-4918-a896-085d43ee76b6,3895121,115,14899789800,14899815400,1781307207166-0
concurrency_n20_20260613_003304_redis_feed8_rep1,redis,sb:events:n20:feed8:rep1,3d4305d7-c8f8-4354-b310-21e2b727b442,3895134,115,14901371500,14901402300,1781307207167-0
concurrency_n20_20260613_003304_redis_feed8_rep1,redis,sb:events:n20:feed8:rep1,9448c0b2-c494-4c40-a7e6-8959d9c073ef,3895134,115,14905972200,14906022700,1781307207169-0
concurrency_n20_20260613_003304_redis_feed8_rep1,redis,sb:events:n20:feed8:rep1,0e3ede14-3ebc-41c2-a975-1d49d5de4bb2,3895052,115,14909020100,14909061200,1781307207174-0
concurrency_n20_20260613_003304_redis_feed8_rep1,redis,sb:events:n20:feed8:rep1,0e7d8edf-fcfa-4072-b346-cbca8880cbc6,3895052,115,14910831000,14910861600,1781307207176-0
concurrency_n20_20260613_003304_redis_feed8_rep1,redis,sb:events:n20:feed8:rep1,f10a1738-f05c-41c3-bb31-199f77d1efe5,3895052,115,14911752300,14911776800,1781307207178-0
concurrency_n20_20260613_003304_redis_feed8_rep1,redis,sb:events:n20:feed8:rep1,b5e59fb5-c369-47e1-92be-0a5e0073312b,3895107,115,14914350200,14914378400,1781307207186-0
concurrency_n20_20260613_003304_redis_feed8_rep1,redis,sb:events:n20:feed8:rep1,9074ea1f-84fd-41b2-a58d-64c5e86f206f,3895107,115,14915754300,14915778500,1781307207188-0
concurrency_n20_20260613_003304_redis_feed8_rep1,redis,sb:events:n20:feed8:rep1,0b564d85-b990-494e-92dc-f5c12a9ad7e7,3895067,115,14921025000,14921056100,1781307207192-0
concurrency_n20_20260613_003304_redis_feed8_rep1,redis,sb:events:n20:feed8:rep1,dfa44927-1786-4242-a3c9-6bb78f92a41d,3895121,116,14922680300,14922708900,1781307207194-0
concurrency_n20_20260613_003304_redis_feed8_rep1,redis,sb:events:n20:feed8:rep1,28167a01-c198-4e27-808e-d05ab7dd92fe,3895121,116,14924870500,14924894000,1781307207196-0
concurrency_n20_20260613_003304_redis_feed8_rep1,redis,sb:events:n20:feed8:rep1,12de5a66-0731-4744-9042-e9da4bd3738e,3895121,116,14926273200,14926406000,1781307207197-0
concurrency_n20_20260613_003304_redis_feed8_rep1,redis,sb:events:n20:feed8:rep1,ba8994b3-43e5-4898-9f47-3d747cc8a03e,3895052,116,14929704800,14929740200,1781307207199-0
concurrency_n20_20260613_003304_redis_feed8_rep1,redis,sb:events:n20:feed8:rep1,53f544f0-0701-4acc-8950-50e2edc7b679,3895052,116,14933366300,14933390600,1781307207202-0
concurrency_n20_20260613_003304_redis_feed8_rep1,redis,sb:events:n20:feed8:rep1,22f8ff4f-420d-4b03-b190-3fe080a231eb,3895107,116,14936435500,14936469900,1781307207205-0
concurrency_n20_20260613_003304_redis_feed8_rep1,redis,sb:events:n20:feed8:rep1,3297912b-e9f2-42e0-a8f7-19bca286fa92,3895067,116,14940977900,14941025300,1781307207207-0
concurrency_n20_20260613_003304_redis_feed8_rep1,redis,sb:events:n20:feed8:rep1,6b35b1b1-3299-4f91-9b89-b78502892306,3895067,116,14942472500,14942497300,1781307207209-0
concurrency_n20_20260613_003304_redis_feed8_rep1,redis,sb:events:n20:feed8:rep1,98e9e7f9-90c2-49d9-8f4a-9b3f5f40c4e7,3895113,116,14944118100,14944141300,1781307207212-0
concurrency_n20_20260613_003304_redis_feed8_rep1,redis,sb:events:n20:feed8:rep1,17bc10e3-7560-4f0f-a656-c11a10466f53,3895107,117,14948039900,14948066200,1781307207216-0
concurrency_n20_20260613_003304_redis_feed8_rep1,redis,sb:events:n20:feed8:rep1,d509cfef-14fd-48df-9635-76fd2b71384f,3895107,117,14952563500,14952617600,1781307207219-0
concurrency_n20_20260613_003304_redis_feed8_rep1,redis,sb:events:n20:feed8:rep1,6c18a770-7237-4414-8130-1ac21c24d62c,3895107,117,14954109100,14954135200,1781307207222-0
concurrency_n20_20260613_003304_redis_feed8_rep1,redis,sb:events:n20:feed8:rep1,07e7d61f-9a36-47c6-9600-14f7c660e7be,3895067,117,14956822800,14956851500,1781307207224-0
concurrency_n20_20260613_003304_redis_feed8_rep1,redis,sb:events:n20:feed8:rep1,ae378274-737d-4255-a738-ee950d3e72e0,3895113,117,14958415700,14958441500,1781307207226-0
concurrency_n20_20260613_003304_redis_feed8_rep1,redis,sb:events:n20:feed8:rep1,e3ba7692-e4e0-4c95-8c4e-2cae2279d589,3895113,117,14978563000,14978624500,1781307207227-0
concurrency_n20_20260613_003304_redis_feed8_rep1,redis,sb:events:n20:feed8:rep1,1ef6537d-42b1-4a9a-845b-a152415c04ff,3895121,118,14981398900,14981429100,1781307207228-0
concurrency_n20_20260613_003304_redis_feed8_rep1,redis,sb:events:n20:feed8:rep1,942c2d63-be6b-4ef5-9631-886f35366d16,3895121,118,14984357800,14984384500,1781307207229-0
concurrency_n20_20260613_003304_redis_feed8_rep1,redis,sb:events:n20:feed8:rep1,cac04a9b-0c8b-4906-a427-775d3abf3395,3895121,118,14985389000,14985409200,1781307207231-0
concurrency_n20_20260613_003304_redis_feed8_rep1,redis,sb:events:n20:feed8:rep1,9eee3473-7f29-4358-899e-97c57243b3fc,3895086,118,14994241900,14994268000,1781307207252-0
concurrency_n20_20260613_003304_redis_feed8_rep1,redis,sb:events:n20:feed8:rep1,2fa0470b-b096-4e0f-8f7e-5c3bdc27abbd,3895052,119,14995113300,14995136900,1781307207254-0
concurrency_n20_20260613_003304_redis_feed8_rep1,redis,sb:events:n20:feed8:rep1,8e75e7d9-d322-4c00-a2af-f2c35092b10a,3895107,119,14996134400,14996155900,1781307207256-0
concurrency_n20_20260613_003304_redis_feed8_rep1,redis,sb:events:n20:feed8:rep1,fc9c2958-2dc2-428b-957b-587677606e28,3895086,119,14997022500,14997038800,1781307207259-0
concurrency_n20_20260613_003304_redis_feed8_rep1,redis,sb:events:n20:feed8:rep1,7ae4a7ff-a6c4-4c74-942a-ad61360cea97,3895086,119,14997820600,14997835900,1781307207261-0
concurrency_n20_20260613_003304_redis_feed8_rep1,redis,sb:events:n20:feed8:rep1,9b98774e-3075-42de-b94e-96ed73663d39,3895086,119,14998642300,14998658400,1781307207267-0
concurrency_n20_20260613_003304_redis_feed8_rep1,redis,sb:events:n20:feed8:rep1,d786abf4-38cb-40e5-b6b5-e8eb9625a8ba,3895121,120,15000434100,15000448700,1781307207269-0
concurrency_n20_20260613_003304_redis_feed8_rep1,redis,sb:events:n20:feed8:rep1,eb426907-87c9-419e-8ee6-0ed8b6b740e4,3895052,120,15001258400,15001275700,1781307207270-0
concurrency_n20_20260613_003304_redis_feed8_rep1,redis,sb:events:n20:feed8:rep1,ae318e73-9edd-4aa7-8a31-7ab53c980a7f,3895113,120,15003029800,15003052900,1781307207271-0
concurrency_n20_20260613_003304_redis_feed8_rep1,redis,sb:events:n20:feed8:rep1,a46567a2-874a-4083-b7d8-7fb9c77581c9,3895113,121,15004290600,15004314100,1781307207272-0
concurrency_n20_20260613_003304_redis_feed8_rep1,redis,sb:events:n20:feed8:rep1,bdcb87b4-886d-4a51-846a-e3daf9134550,3895113,121,15005343200,15005366400,1781307207274-0
concurrency_n20_20260613_003304_redis_feed8_rep1,redis,sb:events:n20:feed8:rep1,c6fa8cba-1701-4ea3-ac1a-392f3600fa7f,3895113,121,15006888500,15008167600,1781307207275-0
concurrency_n20_20260613_003304_redis_feed8_rep1,redis,sb:events:n20:feed8:rep1,555bc5c4-24ff-470a-bcb3-f1f8c805a727,3895121,122,15011819900,15011858000,1781307207275-1
concurrency_n20_20260613_003304_redis_feed8_rep1,redis,sb:events:n20:feed8:rep1,408f4bbf-413e-4694-89db-f672c83307a8,3895121,122,15013002400,15013041300,1781307207277-0
concurrency_n20_20260613_003304_redis_feed8_rep1,redis,sb:events:n20:feed8:rep1,5eedec80-f645-4cfb-aa12-58c2d9e4aa76,3895134,122,15025044100,15025073900,1781307207279-0
concurrency_n20_20260613_003304_redis_feed8_rep1,redis,sb:events:n20:feed8:rep1,5e463067-3b5f-41a2-94c8-8f2b45bde467,3895113,122,15031989100,15032047300,1781307207282-0
concurrency_n20_20260613_003304_redis_feed8_rep1,redis,sb:events:n20:feed8:rep1,91ebf0de-d5c2-4d9a-afc6-8a0886f2b8d9,3895113,122,15033568500,15033598900,1781307207284-0
concurrency_n20_20260613_003304_redis_feed8_rep1,redis,sb:events:n20:feed8:rep1,5d9832a6-a171-4ef4-b701-f6b4d05feee6,3895086,123,15038188700,15038212100,1781307207286-0
concurrency_n20_20260613_003304_redis_feed8_rep1,redis,sb:events:n20:feed8:rep1,0ebcc909-cb95-4c8d-9d1e-9a5a1602fab8,3895074,124,15040421000,15040452000,1781307207297-0
concurrency_n20_20260613_003304_redis_feed8_rep1,redis,sb:events:n20:feed8:rep1,0e86a8f0-fac3-4b94-ae98-503bef435107,3895086,124,15053544500,15053592400,1781307207300-0
concurrency_n20_20260613_003304_redis_feed8_rep1,redis,sb:events:n20:feed8:rep1,3df3c610-7558-40f2-8409-3980c81df760,3895086,124,15055358800,15055391300,1781307207301-0
concurrency_n20_20260613_003304_redis_feed8_rep1,redis,sb:events:n20:feed8:rep1,b146373c-bfd4-4689-9a30-2425bedbaea1,3895121,125,15056859900,15056887700,1781307207303-0
concurrency_n20_20260613_003304_redis_feed8_rep1,redis,sb:events:n20:feed8:rep1,bc78e1b9-5446-43ae-a64a-472f49fcc426,3895134,125,15057854000,15057885900,1781307207304-0
concurrency_n20_20260613_003304_redis_feed8_rep1,redis,sb:events:n20:feed8:rep1,7668f311-474c-4a09-ba73-976cb6e622e9,3895134,125,15062855400,15062908800,1781307207306-0
concurrency_n20_20260613_003304_redis_feed8_rep1,redis,sb:events:n20:feed8:rep1,d486aa6d-6028-4a09-817b-504a539439c0,3895134,125,15063888800,15063908600,1781307207307-0
concurrency_n20_20260613_003304_redis_feed8_rep1,redis,sb:events:n20:feed8:rep1,0c3a05f7-8245-4880-8929-7fcf36f2ea64,3895086,126,15064859800,15064881200,1781307207308-0
concurrency_n20_20260613_003304_redis_feed8_rep1,redis,sb:events:n20:feed8:rep1,62daa303-276e-4025-88fd-f274ca6391a5,3895095,127,15066975600,15066998800,1781307207316-0
concurrency_n20_20260613_003304_redis_feed8_rep1,redis,sb:events:n20:feed8:rep1,afeefed6-d0ce-472b-bb6d-1575badb8431,3895121,127,15068006100,15068029300,1781307207326-0
concurrency_n20_20260613_003304_redis_feed8_rep1,redis,sb:events:n20:feed8:rep1,64d6040f-180b-47a2-87ef-500952d04dc9,3895121,127,15069296300,15069323300,1781307207329-0
concurrency_n20_20260613_003304_redis_feed8_rep1,redis,sb:events:n20:feed8:rep1,5ba62c14-0531-4810-8b10-81c900dabc24,3895052,127,15070594000,15070621200,1781307207330-0
concurrency_n20_20260613_003304_redis_feed8_rep1,redis,sb:events:n20:feed8:rep1,e1be1dd2-b23a-4194-bab1-2f8cf03e4b91,3895086,127,15080505600,15080539000,1781307207338-0
concurrency_n20_20260613_003304_redis_feed8_rep1,redis,sb:events:n20:feed8:rep1,00dfb475-72a7-4673-ba72-cb20316a774f,3895086,127,15081801500,15081830000,1781307207339-0
concurrency_n20_20260613_003304_redis_feed8_rep1,redis,sb:events:n20:feed8:rep1,e217828c-5b24-44e5-98c4-da628ea86b68,3895086,127,15096140600,15096172400,1781307207341-0
concurrency_n20_20260613_003304_redis_feed8_rep1,redis,sb:events:n20:feed8:rep1,39cbe823-8aa4-40ec-8e9c-fafa182c583c,3895086,127,15098766000,15098794900,1781307207342-0
concurrency_n20_20260613_003304_redis_feed8_rep1,redis,sb:events:n20:feed8:rep1,b5a26a30-b128-4077-a30b-60fe783e8f6e,3895121,128,15099754200,15099774600,1781307207343-0
concurrency_n20_20260613_003304_redis_feed8_rep1,redis,sb:events:n20:feed8:rep1,48d9689f-34d4-42dc-b2bb-ddaefd5f083a,3895121,129,15100891200,15100911300,1781307207345-0
concurrency_n20_20260613_003304_redis_feed8_rep1,redis,sb:events:n20:feed8:rep1,34f794a7-c154-4ea0-9022-72271af0e55b,3895121,129,15104151500,15104176900,1781307207352-0
concurrency_n20_20260613_003304_redis_feed8_rep1,redis,sb:events:n20:feed8:rep1,cb8a277a-542b-4c45-9c92-4eeb0146cc5a,3895121,129,15105525300,15105543200,1781307207354-0
concurrency_n20_20260613_003304_redis_feed8_rep1,redis,sb:events:n20:feed8:rep1,5b520ef2-a8d3-4a67-8426-b36c70e7f981,3895086,129,15106635600,15106658400,1781307207364-0
concurrency_n20_20260613_003304_redis_feed8_rep1,redis,sb:events:n20:feed8:rep1,9c855d8d-f090-4c54-961f-74a84bc48724,3895121,130,15107641900,15107663200,1781307207366-0
concurrency_n20_20260613_003304_redis_feed8_rep1,redis,sb:events:n20:feed8:rep1,e3332c0d-b466-4873-9fbc-85232deb3925,3895121,130,15108964900,15108990900,1781307207367-0
concurrency_n20_20260613_003304_redis_feed8_rep1,redis,sb:events:n20:feed8:rep1,c1a39259-85ef-4ad6-a099-74dca9a15d3d,3895052,130,15110269800,15110292300,1781307207369-0
concurrency_n20_20260613_003304_redis_feed8_rep1,redis,sb:events:n20:feed8:rep1,a97cdc41-3859-49e2-a4e9-71cdf9d4722a,3895095,131,15113357300,15113451400,1781307207371-0
concurrency_n20_20260613_003304_redis_feed8_rep1,redis,sb:events:n20:feed8:rep1,e7fddee0-3be2-4805-b58f-a6ffc185442d,3895095,131,15115146500,15115176200,1781307207372-0
concurrency_n20_20260613_003304_redis_feed8_rep1,redis,sb:events:n20:feed8:rep1,48ae3e9b-f068-4b72-8c89-64d3fd6673db,3895095,131,15117772500,15117796600,1781307207373-0
concurrency_n20_20260613_003304_redis_feed8_rep1,redis,sb:events:n20:feed8:rep1,c205f5fd-bef3-4eeb-80a5-3e15ad9d2d75,3895095,132,15118524300,15118543800,1781307207375-0
concurrency_n20_20260613_003304_redis_feed8_rep1,redis,sb:events:n20:feed8:rep1,b28bd901-d527-4796-8f1a-3f35c620200a,3895095,132,15120915100,15120938700,1781307207376-0
concurrency_n20_20260613_003304_redis_feed8_rep1,redis,sb:events:n20:feed8:rep1,9ccbcba8-de45-4714-9f61-5898f2125d47,3895095,132,15122255100,15122276400,1781307207377-0
concurrency_n20_20260613_003304_redis_feed8_rep1,redis,sb:events:n20:feed8:rep1,939b2704-1335-4e90-8ddb-1f203784962d,3895095,132,15123655600,15123683500,1781307207386-0
concurrency_n20_20260613_003304_redis_feed8_rep1,redis,sb:events:n20:feed8:rep1,9a0df9ec-ca29-416b-9455-6d0699245517,3895086,132,15124728600,15124752100,1781307207388-0
concurrency_n20_20260613_003304_redis_feed8_rep1,redis,sb:events:n20:feed8:rep1,62a7bbe1-0f07-4fc3-984c-d3bd87ace61c,3895095,133,15125705600,15125724800,1781307207389-0
concurrency_n20_20260613_003304_redis_feed8_rep1,redis,sb:events:n20:feed8:rep1,40cc1606-a137-4b66-9bcb-a6ce6855c8bd,3895095,133,15129240800,15129267200,1781307207392-0
concurrency_n20_20260613_003304_redis_feed8_rep1,redis,sb:events:n20:feed8:rep1,17ae4e97-cbd8-431e-b4f2-0f5e66ead733,3895060,134,15143805900,15143834900,1781307207393-0
concurrency_n20_20260613_003304_redis_feed8_rep1,redis,sb:events:n20:feed8:rep1,ee2a9e51-6167-4107-b5d7-222a8364c5b2,3895060,134,15144864600,15144887400,1781307207395-0
concurrency_n20_20260613_003304_redis_feed8_rep1,redis,sb:events:n20:feed8:rep1,1d2350ad-32f9-42d6-bf6d-3c446a78528c,3895060,134,15145896800,15145920000,1781307207400-0
concurrency_n20_20260613_003304_redis_feed8_rep1,redis,sb:events:n20:feed8:rep1,43285854-773c-442d-b4c6-83e7303a059a,3895095,134,15146677800,15146700000,1781307207401-0
concurrency_n20_20260613_003304_redis_feed8_rep1,redis,sb:events:n20:feed8:rep1,2d5d9d93-1f1e-4b29-a84b-53e672619caf,3895095,134,15150677100,15150706800,1781307207416-0
concurrency_n20_20260613_003304_redis_feed8_rep1,redis,sb:events:n20:feed8:rep1,fccd97a6-e828-4e8a-b6d2-74137a5c76da,3895095,134,15152691500,15152717900,1781307207418-0
concurrency_n20_20260613_003304_redis_feed8_rep1,redis,sb:events:n20:feed8:rep1,df1f5572-1cdb-4db5-a7fe-c8a1f4b2dbc4,3895060,136,15153547400,15153566100,1781307207420-0
concurrency_n20_20260613_003304_redis_feed8_rep1,redis,sb:events:n20:feed8:rep1,8034c2f5-3b8b-448f-84b6-3d56d1317298,3895095,136,15154468000,15154498600,1781307207421-0
concurrency_n20_20260613_003304_redis_feed8_rep1,redis,sb:events:n20:feed8:rep1,4720aca0-dc33-4b91-bf79-28e5d02a9823,3895052,136,15155465800,15155487400,1781307207422-0
concurrency_n20_20260613_003304_redis_feed8_rep1,redis,sb:events:n20:feed8:rep1,2ee5f551-c20e-44d1-ae04-f3a72bb838fd,3895060,137,15156561000,15156583300,1781307207424-0
concurrency_n20_20260613_003304_redis_feed8_rep1,redis,sb:events:n20:feed8:rep1,629f26cc-12a2-4b57-9cc8-712cc9bd6865,3895060,137,15160476400,15160506900,1781307207426-0
concurrency_n20_20260613_003304_redis_feed8_rep1,redis,sb:events:n20:feed8:rep1,45a9de9f-a580-42b7-9ffe-7875d9e2cd85,3895095,137,15162498400,15162533100,1781307207427-0
concurrency_n20_20260613_003304_redis_feed8_rep1,redis,sb:events:n20:feed8:rep1,b84450d8-0b22-4986-8df3-0e2857770d62,3895095,137,15166886800,15166922900,1781307207428-0
concurrency_n20_20260613_003304_redis_feed8_rep1,redis,sb:events:n20:feed8:rep1,5c6ffce4-0b2a-4651-b593-33aa03a60daa,3895095,137,15168037000,15168062700,1781307207429-0
concurrency_n20_20260613_003304_redis_feed8_rep1,redis,sb:events:n20:feed8:rep1,8343a3d7-f2a3-4b5f-8a66-ee83553e0b14,3895052,137,15169137800,15169156900,1781307207434-0
concurrency_n20_20260613_003304_redis_feed8_rep1,redis,sb:events:n20:feed8:rep1,d684e5e4-ee5a-4a7a-8013-d787ae77e932,3895052,137,15171342300,15171367900,1781307207436-0
concurrency_n20_20260613_003304_redis_feed8_rep1,redis,sb:events:n20:feed8:rep1,8861d98d-8203-4cf2-a8cd-292630b66f01,3895052,137,15174147600,15174177100,1781307207438-0
concurrency_n20_20260613_003304_redis_feed8_rep1,redis,sb:events:n20:feed8:rep1,a62239ed-a51a-421b-8166-92c7a2439ab1,3895060,138,15176034100,15176065400,1781307207439-0
concurrency_n20_20260613_003304_redis_feed8_rep1,redis,sb:events:n20:feed8:rep1,5e363256-e968-42b8-b91a-ff98b9978997,3895052,138,15177941900,15177970300,1781307207440-0
concurrency_n20_20260613_003304_redis_feed8_rep1,redis,sb:events:n20:feed8:rep1,ceca0c62-9a68-4003-a66f-6408d2996153,3895052,138,15178916400,15178975100,1781307207442-0
concurrency_n20_20260613_003304_redis_feed8_rep1,redis,sb:events:n20:feed8:rep1,a94f1482-b5d0-45ea-9c8a-a578eb26ade6,3895060,139,15182520700,15182554200,1781307207446-0
concurrency_n20_20260613_003304_redis_feed8_rep1,redis,sb:events:n20:feed8:rep1,860f5c36-ef9b-4b21-bc71-35e0157762a2,3895060,139,15183769000,15183799200,1781307207449-0
concurrency_n20_20260613_003304_redis_feed8_rep1,redis,sb:events:n20:feed8:rep1,a0b9412b-af5d-4ae7-a768-2fb5ca78088c,3895095,139,15185670500,15185694200,1781307207451-0
concurrency_n20_20260613_003304_redis_feed8_rep1,redis,sb:events:n20:feed8:rep1,b8237fa5-ce5b-46d9-b92b-7c5d2fc0882a,3895107,139,15187738800,15187763200,1781307207454-0
concurrency_n20_20260613_003304_redis_feed8_rep1,redis,sb:events:n20:feed8:rep1,2e82cdf4-082a-4d1e-9590-c48cd417ba08,3895052,139,15189201600,15189258000,1781307207456-0
concurrency_n20_20260613_003304_redis_feed8_rep1,redis,sb:events:n20:feed8:rep1,6bc4c8b2-62da-473a-b751-2a43ebdc54fb,3895052,139,15194218800,15194240500,1781307207462-0
concurrency_n20_20260613_003304_redis_feed8_rep1,redis,sb:events:n20:feed8:rep1,4522c929-1571-459e-b17b-c2ab5a6247a2,3895052,139,15202129300,15202165300,1781307207464-0
concurrency_n20_20260613_003304_redis_feed8_rep1,redis,sb:events:n20:feed8:rep1,3be64c0b-6dad-4022-a71b-2ee59ed562fb,3895095,140,15205701700,15205725900,1781307207468-0
concurrency_n20_20260613_003304_redis_feed8_rep1,redis,sb:events:n20:feed8:rep1,7d0b87cf-fe4a-4f0d-bf10-8f1cb6bb60aa,3895095,140,15208493300,15208621500,1781307207477-0
concurrency_n20_20260613_003304_redis_feed8_rep1,redis,sb:events:n20:feed8:rep1,7d80a5a5-c9aa-4f70-be18-22fc1fa21038,3895095,140,15214289500,15214313900,1781307207480-0
concurrency_n20_20260613_003304_redis_feed8_rep1,redis,sb:events:n20:feed8:rep1,d0c874f5-c964-4141-8b5a-b4603dc98153,3895060,141,15215493100,15215514800,1781307207482-0
concurrency_n20_20260613_003304_redis_feed8_rep1,redis,sb:events:n20:feed8:rep1,fc1d2703-50cf-44fc-9a11-e2005c1a4742,3895060,141,15217161300,15217186900,1781307207484-0
concurrency_n20_20260613_003304_redis_feed8_rep1,redis,sb:events:n20:feed8:rep1,e42abc58-f3f6-471d-9d22-1ae2102faef1,3895095,141,15219617400,15219646900,1781307207486-0
concurrency_n20_20260613_003304_redis_feed8_rep1,redis,sb:events:n20:feed8:rep1,06d8c140-613c-415f-897a-9ff64cf3c9e4,3895052,141,15220879800,15220899700,1781307207487-0
concurrency_n20_20260613_003304_redis_feed8_rep1,redis,sb:events:n20:feed8:rep1,c97920dc-91b1-4ba4-90d4-d2ee1eb8ec4f,3895060,142,15224175500,15224198300,1781307207492-0
concurrency_n20_20260613_003304_redis_feed8_rep1,redis,sb:events:n20:feed8:rep1,8716c4f7-df1a-4c73-86c6-7af9557668c9,3895060,142,15225748200,15225775300,1781307207494-0
concurrency_n20_20260613_003304_redis_feed8_rep1,redis,sb:events:n20:feed8:rep1,dcbde8b8-ac84-457d-8048-5ac02e6f03cd,3895095,142,15227709600,15227736100,1781307207495-0
concurrency_n20_20260613_003304_redis_feed8_rep1,redis,sb:events:n20:feed8:rep1,d1eee694-bd64-4580-aae4-cf9edba91fe0,3895095,142,15230344200,15230376900,1781307207498-0
concurrency_n20_20260613_003304_redis_feed8_rep1,redis,sb:events:n20:feed8:rep1,38e364aa-af8a-4dbf-b99e-a24330dd2459,3895095,142,15233620900,15233668000,1781307207500-0
concurrency_n20_20260613_003304_redis_feed8_rep1,redis,sb:events:n20:feed8:rep1,41c876fb-891b-43ac-a188-4c32b52e1fb2,3895107,142,15234755900,15234776900,1781307207501-0
concurrency_n20_20260613_003304_redis_feed8_rep1,redis,sb:events:n20:feed8:rep1,c31ba033-bcf9-4d3c-83f2-c72b6d7d9dee,3895107,143,15236883100,15236908800,1781307207504-0
concurrency_n20_20260613_003304_redis_feed8_rep1,redis,sb:events:n20:feed8:rep1,a10f0ac6-c79a-4bb1-b6a3-6a425336db0b,3895052,143,15238079600,15238121700,1781307207506-0
concurrency_n20_20260613_003304_redis_feed8_rep1,redis,sb:events:n20:feed8:rep1,e513158e-b9e9-40d0-a11f-a77b226a2fdf,3895052,143,15240058100,15240077300,1781307207508-0
concurrency_n20_20260613_003304_redis_feed8_rep1,redis,sb:events:n20:feed8:rep1,14769c8b-1ce7-4a1a-9280-f86fcb3970c4,3895134,144,15240959100,15240985100,1781307207510-0
concurrency_n20_20260613_003304_redis_feed8_rep1,redis,sb:events:n20:feed8:rep1,27da8a02-d707-4ce8-a293-db4242406f9d,3895095,144,15242149400,15242173600,1781307207512-0
concurrency_n20_20260613_003304_redis_feed8_rep1,redis,sb:events:n20:feed8:rep1,2bbbcd7d-6c83-4bcb-b2da-5d70b7b62595,3895095,144,15246634100,15246664300,1781307207513-0
concurrency_n20_20260613_003304_redis_feed8_rep1,redis,sb:events:n20:feed8:rep1,4e4aad3f-1662-4b68-818c-8a861d35dad3,3895060,145,15250025400,15250060800,1781307207515-0
concurrency_n20_20260613_003304_redis_feed8_rep1,redis,sb:events:n20:feed8:rep1,2af2b993-757d-4545-8b47-d555bd5647ba,3895060,145,15251504000,15251526800,1781307207516-0
concurrency_n20_20260613_003304_redis_feed8_rep1,redis,sb:events:n20:feed8:rep1,274e4c69-0479-4360-8935-b4b883d351bd,3895134,145,15253142000,15253165900,1781307207518-0
concurrency_n20_20260613_003304_redis_feed8_rep1,redis,sb:events:n20:feed8:rep1,b72e24dd-2850-4c5f-8d96-f16624b518cd,3895134,145,15256817800,15256845800,1781307207519-0
concurrency_n20_20260613_003304_redis_feed8_rep1,redis,sb:events:n20:feed8:rep1,d5778bdf-d6e5-4a9e-98d0-307cefd0aa3a,3895134,145,15258523100,15258549000,1781307207522-0
concurrency_n20_20260613_003304_redis_feed8_rep1,redis,sb:events:n20:feed8:rep1,6ee3cb36-02c5-4388-9dd0-e89b8e673c69,3895107,145,15261548900,15261581600,1781307207525-0
concurrency_n20_20260613_003304_redis_feed8_rep1,redis,sb:events:n20:feed8:rep1,d492ff71-49f1-47b9-93d5-3a2ba41aa1a6,3895107,145,15263235800,15263257700,1781307207527-0
concurrency_n20_20260613_003304_redis_feed8_rep1,redis,sb:events:n20:feed8:rep1,61823ed4-1479-4890-b776-23c242285441,3895052,145,15264955300,15264977700,1781307207530-0
concurrency_n20_20260613_003304_redis_feed8_rep1,redis,sb:events:n20:feed8:rep1,905aae4b-8bb8-4cbe-b367-1dbdb13016f8,3895095,146,15266793900,15266824700,1781307207532-0
concurrency_n20_20260613_003304_redis_feed8_rep1,redis,sb:events:n20:feed8:rep1,2ad342b1-7289-486b-a50a-dd635e0fe308,3895095,146,15269994500,15270032600,1781307207533-0
concurrency_n20_20260613_003304_redis_feed8_rep1,redis,sb:events:n20:feed8:rep1,df1c3c1b-e9a2-4e50-a24b-0789cd2a61bd,3895052,146,15274131600,15274159200,1781307207539-0
concurrency_n20_20260613_003304_redis_feed8_rep1,redis,sb:events:n20:feed8:rep1,16f50eaa-bf9a-435a-869e-b4b94d90aef3,3895052,146,15277138300,15277173900,1781307207541-0
concurrency_n20_20260613_003304_redis_feed8_rep1,redis,sb:events:n20:feed8:rep1,5bc87cbd-db36-4bd5-a4d7-c07ed5435238,3895052,146,15278367100,15278411800,1781307207544-0
concurrency_n20_20260613_003304_redis_feed8_rep1,redis,sb:events:n20:feed8:rep1,94b8fb4f-15a6-4678-b49e-dbb1635dac91,3895074,147,15279509400,15279527600,1781307207546-0
concurrency_n20_20260613_003304_redis_feed8_rep1,redis,sb:events:n20:feed8:rep1,3a8e7135-5cd1-47d4-a1a8-caa6066bc446,3895060,147,15283555600,15283581300,1781307207548-0
concurrency_n20_20260613_003304_redis_feed8_rep1,redis,sb:events:n20:feed8:rep1,a690da0f-daea-46a9-8c95-fb0028dc9d52,3895060,147,15288533200,15288626300,1781307207550-0
concurrency_n20_20260613_003304_redis_feed8_rep1,redis,sb:events:n20:feed8:rep1,3bac1e29-591a-46c6-b1a0-98c8ce30328e,3895134,147,15289921700,15289950400,1781307207555-0
concurrency_n20_20260613_003304_redis_feed8_rep1,redis,sb:events:n20:feed8:rep1,dae48e3b-1290-4abc-a270-e05bcb5f6d54,3895134,147,15294241100,15294273000,1781307207556-0
concurrency_n20_20260613_003304_redis_feed8_rep1,redis,sb:events:n20:feed8:rep1,e7879c9d-92f2-4c18-b907-e14444eaa7ef,3895107,147,15295563700,15295592500,1781307207561-0
concurrency_n20_20260613_003304_redis_feed8_rep1,redis,sb:events:n20:feed8:rep1,1bedfa64-1d37-4506-aa21-4945f199f31e,3895052,147,15296529600,15296651000,1781307207562-0
concurrency_n20_20260613_003304_redis_feed8_rep1,redis,sb:events:n20:feed8:rep1,929a1602-3f39-4a54-810e-a0a90e250ff3,3895052,147,15297952600,15297974900,1781307207564-0
concurrency_n20_20260613_003304_redis_feed8_rep1,redis,sb:events:n20:feed8:rep1,5cbd0c3c-0bbf-4858-9d74-0206232f9fca,3895052,147,15303770900,15303797400,1781307207567-0
concurrency_n20_20260613_003304_redis_feed8_rep1,redis,sb:events:n20:feed8:rep1,fe614350-e134-46ba-8efb-925f5ac87ae7,3895060,148,15304906700,15304930300,1781307207568-0
concurrency_n20_20260613_003304_redis_feed8_rep1,redis,sb:events:n20:feed8:rep1,a4c1b81e-781e-4d08-83a5-c54a57580b62,3895134,148,15306584000,15306611000,1781307207570-0
concurrency_n20_20260613_003304_redis_feed8_rep1,redis,sb:events:n20:feed8:rep1,efb14b0b-f196-4536-8723-97a984f41655,3895095,148,15307531000,15307547100,1781307207571-0
concurrency_n20_20260613_003304_redis_feed8_rep1,redis,sb:events:n20:feed8:rep1,e9b560c1-2ff1-4cfc-b6b6-f593904510c4,3895134,149,15308511100,15308532600,1781307207572-0
concurrency_n20_20260613_003304_redis_feed8_rep1,redis,sb:events:n20:feed8:rep1,4fa6170b-3931-48f1-8db7-6af349365210,3895095,149,15309812000,15309839700,1781307207574-0
concurrency_n20_20260613_003304_redis_feed8_rep1,redis,sb:events:n20:feed8:rep1,32bb9c4d-af8f-4d4b-8694-0c58f8fae3b8,3895095,149,15313087100,15313110600,1781307207576-0
concurrency_n20_20260613_003304_redis_feed8_rep1,redis,sb:events:n20:feed8:rep1,5758447e-1001-49e1-a0ab-154017c719b5,3895095,149,15314188600,15314213300,1781307207580-0
concurrency_n20_20260613_003304_redis_feed8_rep1,redis,sb:events:n20:feed8:rep1,3c21c5d0-aa2b-4f7e-8add-85164d82adfa,3895095,149,15341862200,15341894100,1781307207581-0
concurrency_n20_20260613_003304_redis_feed8_rep1,redis,sb:events:n20:feed8:rep1,41fd2317-da9a-4fa3-8cbb-1848d1bdeb69,3895107,149,15343389000,15343418500,1781307207583-0
concurrency_n20_20260613_003304_redis_feed8_rep1,redis,sb:events:n20:feed8:rep1,1d4d5d50-bf23-4946-a4d9-a43b9b640a29,3895107,149,15380091900,15380116100,1781307207588-0
concurrency_n20_20260613_003304_redis_feed8_rep1,redis,sb:events:n20:feed8:rep1,3e95469a-5da3-41cb-9f40-0ff79f6eee66,3895121,150,15389360700,15389388400,1781307207602-0
concurrency_n20_20260613_003304_redis_feed8_rep1,redis,sb:events:n20:feed8:rep1,4d521520-8fe2-4624-a9ba-edbd457751d2,3895052,150,15390757000,15390780600,1781307207603-0
concurrency_n20_20260613_003304_redis_feed8_rep1,redis,sb:events:n20:feed8:rep1,d5d8d151-674a-421d-8a54-7f334aa9777f,3895052,150,15391625200,15391644200,1781307207605-0
concurrency_n20_20260613_003304_redis_feed8_rep1,redis,sb:events:n20:feed8:rep1,8135d562-0da3-440b-a0e2-268dae7d9672,3895060,151,15393406100,15393498400,1781307207607-0
concurrency_n20_20260613_003304_redis_feed8_rep1,redis,sb:events:n20:feed8:rep1,7ce1c8d6-183a-46fb-8712-67062f116c4f,3895060,151,15395025600,15395051700,1781307207609-0
concurrency_n20_20260613_003304_redis_feed8_rep1,redis,sb:events:n20:feed8:rep1,e5697ff1-eca1-4a24-aae7-62ba05de1074,3895052,151,15396165900,15396187000,1781307207614-0
concurrency_n20_20260613_003304_redis_feed8_rep1,redis,sb:events:n20:feed8:rep1,9bd995e3-84c3-4035-856f-bdba64f40d06,3895052,151,15397383300,15397411300,1781307207616-0
concurrency_n20_20260613_003304_redis_feed8_rep1,redis,sb:events:n20:feed8:rep1,3efe044e-977e-40db-9d4a-0e3476de3f67,3895095,152,15398352900,15398376500,1781307207647-0
concurrency_n20_20260613_003304_redis_feed8_rep1,redis,sb:events:n20:feed8:rep1,560019c8-3875-4a6f-94d2-2d748c2ef69c,3895095,152,15402532700,15402561300,1781307207653-0
concurrency_n20_20260613_003304_redis_feed8_rep1,redis,sb:events:n20:feed8:rep1,ee231cf7-4ea9-423c-aa4a-d19a0e921779,3895095,152,15404342000,15404370600,1781307207654-0
concurrency_n20_20260613_003304_redis_feed8_rep1,redis,sb:events:n20:feed8:rep1,7821e82d-571e-4aa1-a8e3-56c4eefc7b05,3895121,153,15406016700,15406091000,1781307207655-0
concurrency_n20_20260613_003304_redis_feed8_rep1,redis,sb:events:n20:feed8:rep1,3a186596-9309-482a-bbad-7b51899fc415,3895121,153,15408347600,15408371300,1781307207666-0
concurrency_n20_20260613_003304_redis_feed8_rep1,redis,sb:events:n20:feed8:rep1,53c69f88-d128-4cb5-a2d9-a75cbdf9777e,3895121,153,15411971200,15411999100,1781307207667-0
concurrency_n20_20260613_003304_redis_feed8_rep1,redis,sb:events:n20:feed8:rep1,2b913c12-2cfc-440e-8fcf-7ff6726c5114,3895134,153,15460575200,15460602400,1781307207669-0
concurrency_n20_20260613_003304_redis_feed8_rep1,redis,sb:events:n20:feed8:rep1,1cd2a870-6e10-4903-a9f4-f9d3c7d27880,3895134,153,15463269900,15463321900,1781307207670-0
concurrency_n20_20260613_003304_redis_feed8_rep1,redis,sb:events:n20:feed8:rep1,2710caf5-de6e-4803-a75f-13924c689eff,3895052,153,15464827300,15464876000,1781307207672-0
concurrency_n20_20260613_003304_redis_feed8_rep1,redis,sb:events:n20:feed8:rep1,67ca4c48-ec9b-4c45-9485-ae00f0ffa467,3895052,153,15469347000,15469375200,1781307207675-0
concurrency_n20_20260613_003304_redis_feed8_rep1,redis,sb:events:n20:feed8:rep1,02fdd3d0-6246-4121-a658-c8c64d83c9e7,3895060,154,15470683400,15470721900,1781307207676-0
concurrency_n20_20260613_003304_redis_feed8_rep1,redis,sb:events:n20:feed8:rep1,1e0d6109-9dfd-400c-a886-d2276b2b2b20,3895060,154,15471585200,15471619700,1781307207681-0
concurrency_n20_20260613_003304_redis_feed8_rep1,redis,sb:events:n20:feed8:rep1,37a43b9f-5690-41fd-b4f7-53215ab15ee1,3895060,155,15472365600,15472386400,1781307207683-0
concurrency_n20_20260613_003304_redis_feed8_rep1,redis,sb:events:n20:feed8:rep1,49bd1cab-27d5-4339-b91a-7dfbd42952eb,3895121,155,15473159600,15473181900,1781307207685-0
concurrency_n20_20260613_003304_redis_feed8_rep1,redis,sb:events:n20:feed8:rep1,a27b2434-031d-4a71-af65-f628ef68fc5b,3895121,155,15479734800,15479797200,1781307207687-0
concurrency_n20_20260613_003304_redis_feed8_rep1,redis,sb:events:n20:feed8:rep1,10ac3bc0-892c-4260-9e07-97c22aef1ce2,3895134,155,15481028500,15481095800,1781307207688-0
concurrency_n20_20260613_003304_redis_feed8_rep1,redis,sb:events:n20:feed8:rep1,a736895f-1c77-494e-8f8e-502d082d0ca0,3895052,155,15482031400,15482053800,1781307207689-0
concurrency_n20_20260613_003304_redis_feed8_rep1,redis,sb:events:n20:feed8:rep1,38175d9c-de79-4c30-bc4c-b0d7f7fe5980,3895052,155,15483609400,15483636200,1781307207691-0
concurrency_n20_20260613_003304_redis_feed8_rep1,redis,sb:events:n20:feed8:rep1,74620976-1608-4f8c-a5de-b1e3dd833aef,3895052,155,15485071000,15485096400,1781307207692-0
concurrency_n20_20260613_003304_redis_feed8_rep1,redis,sb:events:n20:feed8:rep1,d6c0e2f9-eb69-40e7-bd64-4657105044bb,3895134,156,15486033000,15486049900,1781307207693-0
concurrency_n20_20260613_003304_redis_feed8_rep1,redis,sb:events:n20:feed8:rep1,66be2bd8-927e-4312-a10f-c69ce778c754,3895052,157,15487247000,15487269900,1781307207694-0
concurrency_n20_20260613_003304_redis_feed8_rep1,redis,sb:events:n20:feed8:rep1,6b911dbc-6b25-422a-b5d3-7dd506d777c1,3895052,157,15488625200,15488653000,1781307207698-0
concurrency_n20_20260613_003304_redis_feed8_rep1,redis,sb:events:n20:feed8:rep1,4cfebc37-3c47-4d89-97e7-503777ab08f4,3895113,157,15489514000,15489537600,1781307207700-0
concurrency_n20_20260613_003304_redis_feed8_rep1,redis,sb:events:n20:feed8:rep1,f467bace-c955-4ce1-830c-9cccfe579e16,3895121,158,15490499800,15490516800,1781307207701-0
concurrency_n20_20260613_003304_redis_feed8_rep1,redis,sb:events:n20:feed8:rep1,fdd7141d-e8fc-4721-8aba-a514a2ffc07f,3895134,158,15491195700,15491236700,1781307207702-0
concurrency_n20_20260613_003304_redis_feed8_rep1,redis,sb:events:n20:feed8:rep1,3527c8c9-9a06-4440-b7e7-cbed73e892a4,3895134,158,15492221300,15492238800,1781307207735-0
concurrency_n20_20260613_003304_redis_feed8_rep1,redis,sb:events:n20:feed8:rep1,1c5201e6-dc5a-41b5-b164-c138f7f347e5,3895086,158,15527602600,15527633100,1781307207737-0
concurrency_n20_20260613_003304_redis_feed8_rep1,redis,sb:events:n20:feed8:rep1,ba0d2b7d-b635-49be-afbc-96b5266bef5e,3895113,158,15529158800,15529304900,1781307207738-0
concurrency_n20_20260613_003304_redis_feed8_rep1,redis,sb:events:n20:feed8:rep1,0b6f9a01-cab0-4450-8c8e-e8a2b415b444,3895074,159,15531031200,15531138100,1781307207740-0
concurrency_n20_20260613_003304_redis_feed8_rep1,redis,sb:events:n20:feed8:rep1,db765aeb-a06a-48e4-91e5-97ab87af96cd,3895107,159,15533676000,15533738800,1781307207744-0
concurrency_n20_20260613_003304_redis_feed8_rep1,redis,sb:events:n20:feed8:rep1,0dfe650b-727a-488e-9548-afe4b58cab9c,3895113,159,15534868600,15534886900,1781307207745-0
concurrency_n20_20260613_003304_redis_feed8_rep1,redis,sb:events:n20:feed8:rep1,f2616473-0593-4f98-91a4-29b4ab860370,3895121,160,15535867600,15535890100,1781307207746-0
concurrency_n20_20260613_003304_redis_feed8_rep1,redis,sb:events:n20:feed8:rep1,c91b6d01-70e3-4a5e-8d2c-607f8c2ba0cc,3895107,160,15537376100,15537405700,1781307207751-0
concurrency_n20_20260613_003304_redis_feed8_rep1,redis,sb:events:n20:feed8:rep1,bbc5955b-810c-4da2-96cf-f48f68ec638a,3895107,160,15538972100,15538999700,1781307207752-0
concurrency_n20_20260613_003304_redis_feed8_rep1,redis,sb:events:n20:feed8:rep1,61692e98-2e82-43eb-85ac-8ae97f0e2012,3895107,160,15541528200,15544180200,1781307207755-0
concurrency_n20_20260613_003304_redis_feed8_rep1,redis,sb:events:n20:feed8:rep1,da8d983d-e5dc-4256-abf8-1ab19d4b1934,3895113,160,15545188700,15545215300,1781307207758-0
concurrency_n20_20260613_003304_redis_feed8_rep1,redis,sb:events:n20:feed8:rep1,b3db99f3-b85a-4495-86c0-c5955460608a,3895113,160,15546194800,15546216500,1781307207759-0
concurrency_n20_20260613_003304_redis_feed8_rep1,redis,sb:events:n20:feed8:rep1,f4d34ba3-4b7f-4866-bc69-6cd2cb54c3c9,3895113,160,15547266800,15547303200,1781307207760-0
concurrency_n20_20260613_003304_redis_feed8_rep1,redis,sb:events:n20:feed8:rep1,48823480-e90f-4df5-af40-4ad04ded1f5b,3895134,161,15548609700,15548635200,1781307207762-0
concurrency_n20_20260613_003304_redis_feed8_rep1,redis,sb:events:n20:feed8:rep1,582ed7de-ab5b-451f-8522-5fb5ae535956,3895134,161,15549977200,15550003400,1781307207763-0
concurrency_n20_20260613_003304_redis_feed8_rep1,redis,sb:events:n20:feed8:rep1,b189c791-b3b6-41a5-8c6f-69ddcdbef563,3895134,161,15551112400,15551150400,1781307207765-0
concurrency_n20_20260613_003304_redis_feed8_rep1,redis,sb:events:n20:feed8:rep1,694bc879-88d7-47a0-bed8-dee5569c8172,3895107,161,15552290300,15552314800,1781307207800-0
concurrency_n20_20260613_003304_redis_feed8_rep1,redis,sb:events:n20:feed8:rep1,7c3be079-ffa9-46b6-8d91-9b1151bc888c,3895086,161,15553221100,15553336000,1781307207803-0
concurrency_n20_20260613_003304_redis_feed8_rep1,redis,sb:events:n20:feed8:rep1,317134da-6744-46b3-aec6-6c1193cf1d0a,3895086,161,15554287400,15554307500,1781307207804-0
concurrency_n20_20260613_003304_redis_feed8_rep1,redis,sb:events:n20:feed8:rep1,cf14778c-80d8-4496-8f4b-98a9b0ef2fcb,3895113,161,15555404000,15555433700,1781307207806-0
concurrency_n20_20260613_003304_redis_feed8_rep1,redis,sb:events:n20:feed8:rep1,bc8b5564-9e71-4619-ad90-083edca2dee7,3895074,162,15559753200,15559778300,1781307207808-0
concurrency_n20_20260613_003304_redis_feed8_rep1,redis,sb:events:n20:feed8:rep1,83c0b97d-595b-4c62-a67d-02d252a05533,3895074,162,15561281000,15561341800,1781307207810-0
concurrency_n20_20260613_003304_redis_feed8_rep1,redis,sb:events:n20:feed8:rep1,05f4b123-540f-4b43-a68b-46fc44a2574b,3895074,162,15587214500,15587246100,1781307207811-0
concurrency_n20_20260613_003304_redis_feed8_rep1,redis,sb:events:n20:feed8:rep1,0ff7f5a9-14e7-4615-99f1-ebb1304a772c,3895121,162,15596141100,15596183200,1781307207812-0
concurrency_n20_20260613_003304_redis_feed8_rep1,redis,sb:events:n20:feed8:rep1,bbf7f332-2f44-4234-9155-7d6009fb7738,3895121,162,15597899900,15597920900,1781307207815-0
concurrency_n20_20260613_003304_redis_feed8_rep1,redis,sb:events:n20:feed8:rep1,69df8442-94e9-453a-94ad-426dcaa0579a,3895107,162,15599130900,15599151900,1781307207818-0
concurrency_n20_20260613_003304_redis_feed8_rep1,redis,sb:events:n20:feed8:rep1,71f8aaf9-8141-4474-96dc-0dc56cb5ca0d,3895107,162,15600032900,15600057000,1781307207819-0
concurrency_n20_20260613_003304_redis_feed8_rep1,redis,sb:events:n20:feed8:rep1,d0a516db-7270-4612-abb8-e9c1204e1c58,3895086,162,15601531700,15601567500,1781307207821-0
concurrency_n20_20260613_003304_redis_feed8_rep1,redis,sb:events:n20:feed8:rep1,73a1d35e-ff5d-4fbb-abcb-fe88d0718746,3895086,162,15607100900,15607129900,1781307207822-0
concurrency_n20_20260613_003304_redis_feed8_rep1,redis,sb:events:n20:feed8:rep1,e004fe58-8616-4805-8555-9c7ba582ef4c,3895086,162,15608612900,15608658400,1781307207824-0
concurrency_n20_20260613_003304_redis_feed8_rep1,redis,sb:events:n20:feed8:rep1,43e9d656-4d2e-4c62-8372-7327f3ce42c3,3895113,162,15609923900,15609948700,1781307207825-0
concurrency_n20_20260613_003304_redis_feed8_rep1,redis,sb:events:n20:feed8:rep1,340debd2-c4c3-43c9-a358-6e0667039dd6,3895113,162,15610991500,15611011800,1781307207827-0
concurrency_n20_20260613_003304_redis_feed8_rep1,redis,sb:events:n20:feed8:rep1,96e6c0ad-4a64-4176-9fb4-274862f82d73,3895113,162,15611983500,15612006100,1781307207828-0
concurrency_n20_20260613_003304_redis_feed8_rep1,redis,sb:events:n20:feed8:rep1,14b983d6-7c2e-4c60-8a95-1b0a49355c0e,3895113,163,15616122300,15616213200,1781307207831-0
concurrency_n20_20260613_003304_redis_feed8_rep1,redis,sb:events:n20:feed8:rep1,818c8ff2-8fc7-49ca-bf1a-66ee14e04123,3895074,164,15654876200,15654898700,1781307207832-0
concurrency_n20_20260613_003304_redis_feed8_rep1,redis,sb:events:n20:feed8:rep1,19959a0b-6c86-46c0-9154-90dcb3274904,3895074,164,15657682200,15657720400,1781307207834-0
concurrency_n20_20260613_003304_redis_feed8_rep1,redis,sb:events:n20:feed8:rep1,9ce7b785-4ecd-44b5-90e3-b733d34dfe2e,3895074,164,15662824600,15662856200,1781307207869-0
concurrency_n20_20260613_003304_redis_feed8_rep1,redis,sb:events:n20:feed8:rep1,eca48472-18cb-4b31-ae55-ac17179aef8e,3895121,164,15665256400,15665288000,1781307207870-0
concurrency_n20_20260613_003304_redis_feed8_rep1,redis,sb:events:n20:feed8:rep1,867ca390-a97c-4aaf-a312-1b84a626e10c,3895074,165,15666898700,15666922300,1781307207872-0
concurrency_n20_20260613_003304_redis_feed8_rep1,redis,sb:events:n20:feed8:rep1,f8ae8a1d-85ae-4a8f-b6bc-23d2d5a1ac71,3895121,165,15668849200,15668874700,1781307207873-0
concurrency_n20_20260613_003304_redis_feed8_rep1,redis,sb:events:n20:feed8:rep1,2c9d55e8-d805-4f99-a6d7-8c539b0266dc,3895121,165,15670623800,15670661300,1781307207877-0
concurrency_n20_20260613_003304_redis_feed8_rep1,redis,sb:events:n20:feed8:rep1,43e45598-d200-443f-abc6-cfe05b9bd39e,3895134,165,15672337000,15672359900,1781307207878-0
concurrency_n20_20260613_003304_redis_feed8_rep1,redis,sb:events:n20:feed8:rep1,2be38728-ebc2-4ed8-9349-08fb1a446d3d,3895134,165,15673497600,15673519300,1781307207879-0
concurrency_n20_20260613_003304_redis_feed8_rep1,redis,sb:events:n20:feed8:rep1,94dc0cb8-281c-41c2-99ab-0caf104a8c89,3895107,165,15674241200,15674260200,1781307207883-0
concurrency_n20_20260613_003304_redis_feed8_rep1,redis,sb:events:n20:feed8:rep1,96c59163-8000-437f-b044-79ebef56ab77,3895107,165,15675935800,15675968600,1781307207884-0
concurrency_n20_20260613_003304_redis_feed8_rep1,redis,sb:events:n20:feed8:rep1,a88add67-30ad-48ae-9d3d-47841f1412ee,3895107,165,15678434900,15678463500,1781307207888-0
concurrency_n20_20260613_003304_redis_feed8_rep1,redis,sb:events:n20:feed8:rep1,a6cb7fd6-e4a9-445a-b160-6335527f38a2,3895113,165,15679479300,15679505200,1781307207904-0
concurrency_n20_20260613_003304_redis_feed8_rep1,redis,sb:events:n20:feed8:rep1,87c1a5ee-e14f-48b7-8810-be5f77d239b6,3895113,165,15682196600,15682219100,1781307207922-0
concurrency_n20_20260613_003304_redis_feed8_rep1,redis,sb:events:n20:feed8:rep1,8df36443-cd0c-4c4b-945b-238b9dcfccf6,3895134,166,15684158100,15684203700,1781307207924-0
concurrency_n20_20260613_003304_redis_feed8_rep1,redis,sb:events:n20:feed8:rep1,7d119d9d-15cd-4187-bf0c-04237164d654,3895134,166,15687038000,15687060300,1781307207928-0
concurrency_n20_20260613_003304_redis_feed8_rep1,redis,sb:events:n20:feed8:rep1,550e6f49-307b-4008-b27e-bcfde346348b,3895134,166,15691667600,15691695500,1781307207931-0
concurrency_n20_20260613_003304_redis_feed8_rep1,redis,sb:events:n20:feed8:rep1,79d30816-809f-49d3-987f-4faa3bf7a1c4,3895134,166,15693262300,15693286000,1781307207937-0
concurrency_n20_20260613_003304_redis_feed8_rep1,redis,sb:events:n20:feed8:rep1,b3b14886-30e0-4aef-ac42-acede6528102,3895107,166,15731050900,15731084300,1781307207941-0
concurrency_n20_20260613_003304_redis_feed8_rep1,redis,sb:events:n20:feed8:rep1,7a4cbbd9-03aa-4159-bd71-77952f625375,3895113,166,15733532500,15733560400,1781307207944-0
concurrency_n20_20260613_003304_redis_feed8_rep1,redis,sb:events:n20:feed8:rep1,408c8260-11ce-4a03-917b-59fc81ed2a2e,3895107,167,15744073500,15744099900,1781307207945-0
concurrency_n20_20260613_003304_redis_feed8_rep1,redis,sb:events:n20:feed8:rep1,4162aaae-2c4d-40e1-a3b6-3b1de0193db0,3895107,167,15745573400,15745595800,1781307207948-0
concurrency_n20_20260613_003304_redis_feed8_rep1,redis,sb:events:n20:feed8:rep1,6293a92c-cdfd-4b76-87bc-646d14c8e379,3895107,167,15746854200,15746879300,1781307207951-0
concurrency_n20_20260613_003304_redis_feed8_rep1,redis,sb:events:n20:feed8:rep1,bc45eb44-defd-46ed-bc67-78f41b3effdf,3895074,168,15752728600,15752753900,1781307207953-0
concurrency_n20_20260613_003304_redis_feed8_rep1,redis,sb:events:n20:feed8:rep1,4bcff9c0-91ca-44c7-a3e7-77b6f3f2257d,3895121,168,15767429500,15767454300,1781307207955-0
concurrency_n20_20260613_003304_redis_feed8_rep1,redis,sb:events:n20:feed8:rep1,9b0cfa5a-46f9-4e02-8b87-ff17adc27e73,3895134,168,15769489000,15769541200,1781307207956-0
concurrency_n20_20260613_003304_redis_feed8_rep1,redis,sb:events:n20:feed8:rep1,58645ad5-803a-40d3-b885-386ac9453114,3895134,168,15770571000,15770593700,1781307207958-0
concurrency_n20_20260613_003304_redis_feed8_rep1,redis,sb:events:n20:feed8:rep1,0eed2083-cc6b-491c-b83d-754409ab9cad,3895107,168,15771275500,15771292000,1781307207959-0
concurrency_n20_20260613_003304_redis_feed8_rep1,redis,sb:events:n20:feed8:rep1,8f6737e1-8bab-492b-b76d-4cba4a059b36,3895074,169,15773296300,15773317500,1781307207961-0
concurrency_n20_20260613_003304_redis_feed8_rep1,redis,sb:events:n20:feed8:rep1,39f89742-821a-4ce6-8cbe-f39808686ede,3895074,169,15799371300,15799399400,1781307207962-0
concurrency_n20_20260613_003304_redis_feed8_rep1,redis,sb:events:n20:feed8:rep1,e15c7501-c465-49c6-afe7-55599ee22e67,3895074,169,15802144100,15802168500,1781307207965-0
concurrency_n20_20260613_003304_redis_feed8_rep1,redis,sb:events:n20:feed8:rep1,3529544a-55ae-4fbc-b0a6-e133216fba2d,3895074,169,15818034200,15818065900,1781307208004-0
concurrency_n20_20260613_003304_redis_feed8_rep1,redis,sb:events:n20:feed8:rep1,bdf70f16-88b6-449e-8210-b470cb150f2f,3895074,169,15819174200,15819198800,1781307208006-0
concurrency_n20_20260613_003304_redis_feed8_rep1,redis,sb:events:n20:feed8:rep1,4e375d5b-ebb2-4d0e-b207-d8f5f48b519d,3895060,169,15820380100,15820401600,1781307208017-0
concurrency_n20_20260613_003304_redis_feed8_rep1,redis,sb:events:n20:feed8:rep1,77c33e38-ffee-4268-aba7-f894651f7335,3895121,169,15821036200,15821055300,1781307208020-0
concurrency_n20_20260613_003304_redis_feed8_rep1,redis,sb:events:n20:feed8:rep1,9ec2419d-346d-44ad-b824-b6b96bba9524,3895121,169,15824799300,15824827800,1781307208021-0
concurrency_n20_20260613_003304_redis_feed8_rep1,redis,sb:events:n20:feed8:rep1,07e5b410-f76a-4d08-906e-11df937853e0,3895134,169,15825787800,15825811900,1781307208023-0
concurrency_n20_20260613_003304_redis_feed8_rep1,redis,sb:events:n20:feed8:rep1,9679bf7d-a2ec-438c-a7f9-d0d9952ad2c1,3895134,169,15835026500,15835051300,1781307208040-0
concurrency_n20_20260613_003304_redis_feed8_rep1,redis,sb:events:n20:feed8:rep1,d6f4facf-d6c5-479a-a242-3e7c6a56f2da,3895134,169,15836206100,15836232800,1781307208044-0
concurrency_n20_20260613_003304_redis_feed8_rep1,redis,sb:events:n20:feed8:rep1,0ca9b4bf-ca19-4efa-a2e3-9cad848cc503,3895107,169,15839432200,15839457300,1781307208045-0
concurrency_n20_20260613_003304_redis_feed8_rep1,redis,sb:events:n20:feed8:rep1,fcd91361-de77-4f55-b945-e79985c18e84,3895107,169,15841205500,15841230700,1781307208071-0
concurrency_n20_20260613_003304_redis_feed8_rep1,redis,sb:events:n20:feed8:rep1,d852d950-2489-4733-ab0f-ea2f4335565b,3895107,169,15841970900,15841993500,1781307208073-0
concurrency_n20_20260613_003304_redis_feed8_rep1,redis,sb:events:n20:feed8:rep1,8d7e145d-6436-4a2b-8fb5-c468d557b8db,3895113,169,15843883400,15843909500,1781307208075-0
concurrency_n20_20260613_003304_redis_feed8_rep1,redis,sb:events:n20:feed8:rep1,31e939ed-6c76-49e0-8503-be98b76e04a2,3895113,169,15845107200,15845134800,1781307208091-0
concurrency_n20_20260613_003304_redis_feed8_rep1,redis,sb:events:n20:feed8:rep1,f2485d48-3ace-4e0f-a6ed-3b06b865284b,3895113,169,15847997400,15848028200,1781307208093-0
concurrency_n20_20260613_003304_redis_feed8_rep1,redis,sb:events:n20:feed8:rep1,c8bf21cb-6239-4167-9a8c-78b25ba0bc6f,3895113,169,15848942400,15848973200,1781307208095-0
concurrency_n20_20260613_003304_redis_feed8_rep1,redis,sb:events:n20:feed8:rep1,9b2764a7-a84d-4943-bba5-b417858f81a7,3895074,170,15850009700,15850043000,1781307208098-0
concurrency_n20_20260613_003304_redis_feed8_rep1,redis,sb:events:n20:feed8:rep1,b7679522-0480-4738-bd78-2caaca3efcd4,3895060,170,15853882900,15853928200,1781307208113-0
concurrency_n20_20260613_003304_redis_feed8_rep1,redis,sb:events:n20:feed8:rep1,ada9ca66-9914-40ec-9721-e7008c004f43,3895074,170,15855888900,15855915700,1781307208115-0
concurrency_n20_20260613_003304_redis_feed8_rep1,redis,sb:events:n20:feed8:rep1,3da63f38-33cc-453a-a47d-f5fddd0db82f,3895060,170,15857592000,15857622400,1781307208116-0
concurrency_n20_20260613_003304_redis_feed8_rep1,redis,sb:events:n20:feed8:rep1,fadd2877-2d12-4f52-a99d-15c1947850eb,3895060,170,15859112900,15859158600,1781307208118-0
concurrency_n20_20260613_003304_redis_feed8_rep1,redis,sb:events:n20:feed8:rep1,e162f8fa-b3ce-4052-a096-680bf2c9ed8d,3895060,170,15861211800,15861238100,1781307208119-0
concurrency_n20_20260613_003304_redis_feed8_rep1,redis,sb:events:n20:feed8:rep1,53b7d815-60a3-44ab-b5b2-d8a2c44480a8,3895134,170,15862090900,15862167500,1781307208120-0
concurrency_n20_20260613_003304_redis_feed8_rep1,redis,sb:events:n20:feed8:rep1,329c89d3-8945-4b3b-b560-92250fd85b13,3895134,170,15863098000,15863121800,1781307208122-0
concurrency_n20_20260613_003304_redis_feed8_rep1,redis,sb:events:n20:feed8:rep1,fc565cea-8dcd-480a-882e-34f338524047,3895107,170,15863980200,15864016800,1781307208124-0
concurrency_n20_20260613_003304_redis_feed8_rep1,redis,sb:events:n20:feed8:rep1,0f604741-1adb-4f2d-bb36-69d25b830a30,3895074,171,15866319600,15866337500,1781307208125-0
concurrency_n20_20260613_003304_redis_feed8_rep1,redis,sb:events:n20:feed8:rep1,83a981d0-c68a-4645-befd-6421a44de32e,3895060,171,15870778300,15870804400,1781307208128-0
concurrency_n20_20260613_003304_redis_feed8_rep1,redis,sb:events:n20:feed8:rep1,ecd14fd7-6180-4ae4-963d-2c9e6b2a0d75,3895113,171,15872246500,15872270600,1781307208130-0
concurrency_n20_20260613_003304_redis_feed8_rep1,redis,sb:events:n20:feed8:rep1,3ded6d86-f943-406a-8fa2-cfeff8b82bdc,3895113,171,15873139700,15873159200,1781307208131-0
concurrency_n20_20260613_003304_redis_feed8_rep1,redis,sb:events:n20:feed8:rep1,0df566b3-c230-4f74-a1bd-86295b48f77a,3895074,172,15874385600,15874408000,1781307208133-0
concurrency_n20_20260613_003304_redis_feed8_rep1,redis,sb:events:n20:feed8:rep1,3a3474fc-bc26-4b2c-9646-fa317842c2cb,3895074,172,15875227900,15875263500,1781307208134-0
concurrency_n20_20260613_003304_redis_feed8_rep1,redis,sb:events:n20:feed8:rep1,7023ff3e-dd3c-47a0-b743-ea5bedfdc502,3895074,172,15886308100,15886338400,1781307208135-0
concurrency_n20_20260613_003304_redis_feed8_rep1,redis,sb:events:n20:feed8:rep1,d913e425-9576-4a3d-9cfa-9644dc4fe9cd,3895060,172,15888918900,15888955000,1781307208136-0
concurrency_n20_20260613_003304_redis_feed8_rep1,redis,sb:events:n20:feed8:rep1,fb712513-b992-4a5c-8a59-43f670f391d7,3895074,172,15902103600,15902128700,1781307208138-0
concurrency_n20_20260613_003304_redis_feed8_rep1,redis,sb:events:n20:feed8:rep1,07f21132-1269-4363-b9c5-82850ad32d7a,3895060,172,15939055100,15939080400,1781307208139-0
concurrency_n20_20260613_003304_redis_feed8_rep1,redis,sb:events:n20:feed8:rep1,e0806731-5ca1-42b9-9333-560ee6c98f92,3895074,173,15940571100,15940594300,1781307208140-0
concurrency_n20_20260613_003304_redis_feed8_rep1,redis,sb:events:n20:feed8:rep1,d62d62b7-c9b1-40eb-a2bc-3f2316e75eab,3895060,173,15942096200,15942126600,1781307208144-0
concurrency_n20_20260613_003304_redis_feed8_rep1,redis,sb:events:n20:feed8:rep1,c65aa53d-0626-471c-a5b6-84d20106beb3,3895074,173,15945220400,15945252400,1781307208145-0
concurrency_n20_20260613_003304_redis_feed8_rep1,redis,sb:events:n20:feed8:rep1,7fddb002-d5be-4ebe-bf94-fe7788dbdfc0,3895074,173,15946752100,15946782700,1781307208146-0
concurrency_n20_20260613_003304_redis_feed8_rep1,redis,sb:events:n20:feed8:rep1,a3efd64b-b9cf-4006-bcaa-9e1f8901b94f,3895121,173,15947890200,15947913800,1781307208158-0
concurrency_n20_20260613_003304_redis_feed8_rep1,redis,sb:events:n20:feed8:rep1,89a8bd74-951e-4c23-a496-04913466501f,3895074,174,15950770000,15950801100,1781307208160-0
concurrency_n20_20260613_003304_redis_feed8_rep1,redis,sb:events:n20:feed8:rep1,783d3a7a-3b92-4938-bdb9-017b63dce520,3895107,174,15952135700,15952156900,1781307208191-0
concurrency_n20_20260613_003304_redis_feed8_rep1,redis,sb:events:n20:feed8:rep1,aad1f066-8c65-4501-9be3-dcab671ca4aa,3895107,174,15958002300,15958035300,1781307208207-0
concurrency_n20_20260613_003304_redis_feed8_rep1,redis,sb:events:n20:feed8:rep1,6ca7316a-a6e3-4712-a46d-6b62b5fcbe20,3895107,174,15959408500,15959453000,1781307208209-0
concurrency_n20_20260613_003304_redis_feed8_rep1,redis,sb:events:n20:feed8:rep1,5b545131-098f-4250-8597-eaadd9de2def,3895113,174,15961619000,15961643300,1781307208215-0
concurrency_n20_20260613_003304_redis_feed8_rep1,redis,sb:events:n20:feed8:rep1,6938e47e-7ab0-40be-a612-0fe4c4455675,3895060,175,15962930900,15962957400,1781307208216-0
concurrency_n20_20260613_003304_redis_feed8_rep1,redis,sb:events:n20:feed8:rep1,ea1dc8a1-49ca-4f7e-abb5-531b27311736,3895060,175,15964455400,15964487500,1781307208218-0
concurrency_n20_20260613_003304_redis_feed8_rep1,redis,sb:events:n20:feed8:rep1,8f0fb135-64ca-4757-bca3-ba1087b603b4,3895121,175,15965708000,15965729600,1781307208229-0
concurrency_n20_20260613_003304_redis_feed8_rep1,redis,sb:events:n20:feed8:rep1,e5a09532-5dfc-49cd-af7b-898a2bcd2e54,3895121,175,15966450200,15966474600,1781307208231-0
concurrency_n20_20260613_003304_redis_feed8_rep1,redis,sb:events:n20:feed8:rep1,1d5f5ff9-6eb3-47d2-ab94-85adf59fd095,3895134,175,15967650800,15967674600,1781307208232-0
concurrency_n20_20260613_003304_redis_feed8_rep1,redis,sb:events:n20:feed8:rep1,762f5b17-d49b-4cb0-9c76-be2cccc17fca,3895113,175,15973259200,15973286200,1781307208238-0
concurrency_n20_20260613_003304_redis_feed8_rep1,redis,sb:events:n20:feed8:rep1,9c77d678-e3ff-4aec-8c04-be1d37d4e3bc,3895113,175,15974441200,15974465100,1781307208240-0
concurrency_n20_20260613_003304_redis_feed8_rep1,redis,sb:events:n20:feed8:rep1,28304a25-17b2-4ae7-9a8e-35e91168ca28,3895060,176,15976756300,15976779000,1781307208243-0
concurrency_n20_20260613_003304_redis_feed8_rep1,redis,sb:events:n20:feed8:rep1,5a0d418d-7511-405c-ba51-15fb7e282758,3895074,176,15981969900,15982004300,1781307208253-0
concurrency_n20_20260613_003304_redis_feed8_rep1,redis,sb:events:n20:feed8:rep1,c9c0e8eb-83e5-44b4-8c93-9a711bf73577,3895074,176,15985827400,15985849300,1781307208254-0
concurrency_n20_20260613_003304_redis_feed8_rep1,redis,sb:events:n20:feed8:rep1,d6bac1a1-39d6-4af3-a612-6c6dbf5fe3d8,3895134,176,15988830600,15988863900,1781307208256-0
concurrency_n20_20260613_003304_redis_feed8_rep1,redis,sb:events:n20:feed8:rep1,77a2e27b-c1ec-408b-8c68-cae94dcdc31e,3895134,176,15993641200,15993666300,1781307208259-0
concurrency_n20_20260613_003304_redis_feed8_rep1,redis,sb:events:n20:feed8:rep1,e9caa6e5-d4bf-41c0-b800-f8b3c52b5aa0,3895113,176,15994695200,15994716200,1781307208261-0
concurrency_n20_20260613_003304_redis_feed8_rep1,redis,sb:events:n20:feed8:rep1,0adba78d-339a-4a8b-8bdc-ceecd0f2f935,3895060,177,15996570300,15996595400,1781307208265-0
concurrency_n20_20260613_003304_redis_feed8_rep1,redis,sb:events:n20:feed8:rep1,223a8b4d-8afa-43f7-bd56-31a2dc851ae6,3895060,177,15999354200,15999378900,1781307208266-0
concurrency_n20_20260613_003304_redis_feed8_rep1,redis,sb:events:n20:feed8:rep1,78e092bd-bb76-4223-adde-2335fd790049,3895074,177,16000234400,16000252500,1781307208269-0
concurrency_n20_20260613_003304_redis_feed8_rep1,redis,sb:events:n20:feed8:rep1,3500b210-b623-4528-be23-af7d1a72b381,3895121,177,16001061000,16001078700,1781307208271-0
concurrency_n20_20260613_003304_redis_feed8_rep1,redis,sb:events:n20:feed8:rep1,13db24a6-54a1-4128-b849-34abbfa6a033,3895134,177,16003685900,16003712300,1781307208272-0
concurrency_n20_20260613_003304_redis_feed8_rep1,redis,sb:events:n20:feed8:rep1,d4d24445-4bb1-4715-80a1-3c1353151ad2,3895052,177,16005012400,16005033100,1781307208273-0
concurrency_n20_20260613_003304_redis_feed8_rep1,redis,sb:events:n20:feed8:rep1,71814c80-6b24-462b-b190-bc0ad39356b2,3895074,178,16008738600,16011622800,1781307208275-0
concurrency_n20_20260613_003304_redis_feed8_rep1,redis,sb:events:n20:feed8:rep1,8aec7177-cb70-4a41-92a3-b0e6d8a8bfaa,3895121,178,16013980900,16014020500,1781307208279-0
concurrency_n20_20260613_003304_redis_feed8_rep1,redis,sb:events:n20:feed8:rep1,76909fce-321d-4a02-a4d2-e0450722c3e4,3895121,178,16015182700,16015230900,1781307208280-0
concurrency_n20_20260613_003304_redis_feed8_rep1,redis,sb:events:n20:feed8:rep1,0922375c-4057-4ee6-b465-7120e7f9c5f9,3895134,178,16017280700,16017364800,1781307208282-0
concurrency_n20_20260613_003304_redis_feed8_rep1,redis,sb:events:n20:feed8:rep1,d47dce2c-dd02-4dcf-91b2-8479cbf5b89f,3895134,178,16018892600,16018938100,1781307208283-0
concurrency_n20_20260613_003304_redis_feed8_rep1,redis,sb:events:n20:feed8:rep1,5d8be6a9-6302-4807-8a3e-a7bd66fc5a8f,3895134,178,16020114200,16020134800,1781307208284-0
concurrency_n20_20260613_003304_redis_feed8_rep1,redis,sb:events:n20:feed8:rep1,2900d6b5-9ef2-4be9-8129-124eb12ff304,3895052,178,16022352000,16022445100,1781307208285-0
concurrency_n20_20260613_003304_redis_feed8_rep1,redis,sb:events:n20:feed8:rep1,597b2297-7c29-49fa-916d-9e9f63b33be6,3895052,178,16030969600,16030998300,1781307208286-0
concurrency_n20_20260613_003304_redis_feed8_rep1,redis,sb:events:n20:feed8:rep1,2fc5de0a-efa3-4bd7-83a5-5b446e54cac9,3895060,179,16032257500,16032281600,1781307208290-0
concurrency_n20_20260613_003304_redis_feed8_rep1,redis,sb:events:n20:feed8:rep1,7535129a-5e29-4a40-a33b-c0deff6f0719,3895074,179,16033693300,16033717400,1781307208292-0
concurrency_n20_20260613_003304_redis_feed8_rep1,redis,sb:events:n20:feed8:rep1,9d894c83-4d3f-457c-8167-97b6db92e3f0,3895074,179,16035012800,16035035200,1781307208293-0
concurrency_n20_20260613_003304_redis_feed8_rep1,redis,sb:events:n20:feed8:rep1,4bdb169e-8996-4b95-8eb9-258978eec186,3895074,179,16036613300,16036633300,1781307208294-0
concurrency_n20_20260613_003304_redis_feed8_rep1,redis,sb:events:n20:feed8:rep1,869585ce-4495-40af-9f58-b803ab392f52,3895121,179,16039254400,16039282000,1781307208296-0
concurrency_n20_20260613_003304_redis_feed8_rep1,redis,sb:events:n20:feed8:rep1,485d878b-e9f1-4567-9971-3ea0580cf0d0,3895121,179,16045382500,16045413500,1781307208300-0
concurrency_n20_20260613_003304_redis_feed8_rep1,redis,sb:events:n20:feed8:rep1,06899416-75b6-4aa5-993c-e28e20bfb3c4,3895121,179,16048805400,16048834500,1781307208302-0
concurrency_n20_20260613_003304_redis_feed8_rep1,redis,sb:events:n20:feed8:rep1,5b15f1f4-1a93-422b-a54a-cc1023063d24,3895134,179,16049541200,16049569500,1781307208303-0
concurrency_n20_20260613_003304_redis_feed8_rep1,redis,sb:events:n20:feed8:rep1,56932336-971a-40ac-acc7-cf59075f7016,3895134,179,16054144100,16054187900,1781307208305-0
concurrency_n20_20260613_003304_redis_feed8_rep1,redis,sb:events:n20:feed8:rep1,c0b209ae-f457-4674-9ae3-0af7ad9f2d3f,3895134,179,16055819000,16055852200,1781307208306-0
concurrency_n20_20260613_003304_redis_feed8_rep1,redis,sb:events:n20:feed8:rep1,ea1bffd4-e71c-4f22-8834-874fab8dfc4f,3895052,179,16057411800,16057440500,1781307208308-0
concurrency_n20_20260613_003304_redis_feed8_rep1,redis,sb:events:n20:feed8:rep1,8206a12d-ac0e-44ba-b692-6a94f12012dc,3895113,179,16058281600,16058306100,1781307208309-0
concurrency_n20_20260613_003304_redis_feed8_rep1,redis,sb:events:n20:feed8:rep1,3f7135a5-8b43-4509-a678-389cea76fa3b,3895121,180,16059522800,16059568300,1781307208316-0
concurrency_n20_20260613_003304_redis_feed8_rep1,redis,sb:events:n20:feed8:rep1,8ec3c9f8-de5c-411b-8cd6-8e24c336229e,3895121,180,16060676200,16060696100,1781307208318-0
concurrency_n20_20260613_003304_redis_feed8_rep1,redis,sb:events:n20:feed8:rep1,120cb6f0-3272-4776-bf35-fcf9b9aaad6c,3895134,180,16061414400,16061434200,1781307208320-0
concurrency_n20_20260613_003304_redis_feed8_rep1,redis,sb:events:n20:feed8:rep1,042baed2-4954-4e1c-9809-b45f3dac9ed8,3895134,180,16064463800,16064482000,1781307208322-0
concurrency_n20_20260613_003304_redis_feed8_rep1,redis,sb:events:n20:feed8:rep1,f998a84a-8533-4e54-850c-88e4a0db962e,3895074,181,16065429100,16065451100,1781307208324-0
concurrency_n20_20260613_003304_redis_feed8_rep1,redis,sb:events:n20:feed8:rep1,5362c702-2c5d-4802-b780-2148711f7f60,3895121,181,16066367900,16066388000,1781307208327-0
concurrency_n20_20260613_003304_redis_feed8_rep1,redis,sb:events:n20:feed8:rep1,77cc1f9f-374d-44d5-b5af-2c3b1ecfd536,3895121,181,16072397000,16072426900,1781307208328-0
concurrency_n20_20260613_003304_redis_feed8_rep1,redis,sb:events:n20:feed8:rep1,a3246662-a95a-484e-87d7-9e80a6503af2,3895134,181,16073216500,16073236300,1781307208330-0
concurrency_n20_20260613_003304_redis_feed8_rep1,redis,sb:events:n20:feed8:rep1,3d09929e-e60f-480a-b4f0-43b30e530c8e,3895134,181,16074271900,16074295600,1781307208331-0
concurrency_n20_20260613_003304_redis_feed8_rep1,redis,sb:events:n20:feed8:rep1,913157ab-1e10-4a00-8776-05d02d9dccea,3895052,181,16075256800,16075278400,1781307208333-0
concurrency_n20_20260613_003304_redis_feed8_rep1,redis,sb:events:n20:feed8:rep1,bbf1e609-60cb-4dcb-bd23-9ac34721002d,3895052,181,16076601300,16076630900,1781307208334-0
concurrency_n20_20260613_003304_redis_feed8_rep1,redis,sb:events:n20:feed8:rep1,47f64eb4-9074-48b1-812c-830f5861ce97,3895107,181,16079445600,16079472600,1781307208335-0
concurrency_n20_20260613_003304_redis_feed8_rep1,redis,sb:events:n20:feed8:rep1,8699603c-1d5e-452d-ba63-8b580b7f7484,3895134,182,16084181400,16084210100,1781307208338-0
concurrency_n20_20260613_003304_redis_feed8_rep1,redis,sb:events:n20:feed8:rep1,033da15f-211c-4323-be47-3c971cb0e9fa,3895134,182,16086606600,16086640200,1781307208339-0
concurrency_n20_20260613_003304_redis_feed8_rep1,redis,sb:events:n20:feed8:rep1,a03fb700-b6fc-41b3-8cc3-cc8d0ab25b50,3895052,182,16088362000,16088394200,1781307208341-0
concurrency_n20_20260613_003304_redis_feed8_rep1,redis,sb:events:n20:feed8:rep1,de6d4bb5-8abc-4d0d-a036-80274fc3c4f9,3895060,183,16092002200,16092028900,1781307208347-0
concurrency_n20_20260613_003304_redis_feed8_rep1,redis,sb:events:n20:feed8:rep1,f66b0a4a-2fea-4f85-86a3-956cc2693f46,3895060,183,16093705600,16093733600,1781307208349-0
concurrency_n20_20260613_003304_redis_feed8_rep1,redis,sb:events:n20:feed8:rep1,e69e807d-e72f-4442-b1ea-1e86de28df50,3895074,183,16094916800,16094935000,1781307208353-0
concurrency_n20_20260613_003304_redis_feed8_rep1,redis,sb:events:n20:feed8:rep1,cb6fbffa-59d1-43d8-af07-26ed640e156b,3895074,183,16098322400,16098351000,1781307208364-0
concurrency_n20_20260613_003304_redis_feed8_rep1,redis,sb:events:n20:feed8:rep1,faf714f7-96d7-4bb0-946c-870eda612625,3895074,183,16100305800,16100339300,1781307208366-0
concurrency_n20_20260613_003304_redis_feed8_rep1,redis,sb:events:n20:feed8:rep1,ce15aad7-cb49-40f2-bbae-d11549fc88e6,3895074,183,16101994700,16102017500,1781307208368-0
concurrency_n20_20260613_003304_redis_feed8_rep1,redis,sb:events:n20:feed8:rep1,5d1af995-e716-4c97-9756-592811556791,3895134,183,16104931100,16104958200,1781307208370-0
concurrency_n20_20260613_003304_redis_feed8_rep1,redis,sb:events:n20:feed8:rep1,37dd2a6a-d230-47b3-9d90-f9e9e7b9a034,3895107,183,16117583300,16117681300,1781307208371-0
concurrency_n20_20260613_003304_redis_feed8_rep1,redis,sb:events:n20:feed8:rep1,0e89f84c-3893-44a1-8e90-35ad8cd4e274,3895052,183,16119785100,16119808900,1781307208373-0
concurrency_n20_20260613_003304_redis_feed8_rep1,redis,sb:events:n20:feed8:rep1,f9520e9a-fd27-4d3f-87aa-f0181c84be32,3895107,183,16121453400,16121476000,1781307208375-0
concurrency_n20_20260613_003304_redis_feed8_rep1,redis,sb:events:n20:feed8:rep1,1dcf02eb-a16c-4fdd-807b-6578767dcde6,3895052,183,16123881100,16123910900,1781307208388-0
concurrency_n20_20260613_003304_redis_feed8_rep1,redis,sb:events:n20:feed8:rep1,4bbfa33a-6196-4d90-b3d7-378353d1a5bf,3895052,183,16125397800,16125421400,1781307208390-0
concurrency_n20_20260613_003304_redis_feed8_rep1,redis,sb:events:n20:feed8:rep1,fea932e4-e337-47ad-ad83-3818b34221af,3895134,184,16129186900,16129215100,1781307208392-0
concurrency_n20_20260613_003304_redis_feed8_rep1,redis,sb:events:n20:feed8:rep1,d5d5314a-1da7-4e7d-a6a5-059c291da52f,3895134,184,16131056600,16131080600,1781307208394-0
concurrency_n20_20260613_003304_redis_feed8_rep1,redis,sb:events:n20:feed8:rep1,fb0609bc-47f9-4985-896f-a398902b902f,3895134,184,16134069600,16134116300,1781307208396-0
concurrency_n20_20260613_003304_redis_feed8_rep1,redis,sb:events:n20:feed8:rep1,0d6fb29c-0f27-4915-adc6-b147b114a211,3895052,184,16134981300,16135000600,1781307208397-0
concurrency_n20_20260613_003304_redis_feed8_rep1,redis,sb:events:n20:feed8:rep1,47df7d7c-b0ee-4556-84b0-cf8d559b3d46,3895052,184,16138113500,16138142300,1781307208399-0
concurrency_n20_20260613_003304_redis_feed8_rep1,redis,sb:events:n20:feed8:rep1,34a96107-d3d3-4f1e-b3b0-ab8489dfe611,3895060,185,16142572800,16142617000,1781307208400-0
concurrency_n20_20260613_003304_redis_feed8_rep1,redis,sb:events:n20:feed8:rep1,c082b06e-6ae3-427f-9f8f-ba08b12a6a7c,3895074,185,16145383500,16145409900,1781307208402-0
concurrency_n20_20260613_003304_redis_feed8_rep1,redis,sb:events:n20:feed8:rep1,62af821c-cd3b-4909-be9f-4807d93603ed,3895074,185,16147090700,16147153400,1781307208403-0
concurrency_n20_20260613_003304_redis_feed8_rep1,redis,sb:events:n20:feed8:rep1,c55df33e-9010-4ba0-84f3-e3f8f8d158ae,3895074,185,16155957400,16155983900,1781307208409-0
concurrency_n20_20260613_003304_redis_feed8_rep1,redis,sb:events:n20:feed8:rep1,a71a1b4a-7e45-40ea-81ce-964334bd6e3c,3895107,185,16157769600,16157795000,1781307208410-0
concurrency_n20_20260613_003304_redis_feed8_rep1,redis,sb:events:n20:feed8:rep1,e39de799-4748-4e0d-a6e0-25f7d7f57162,3895134,185,16159180600,16159200300,1781307208413-0
concurrency_n20_20260613_003304_redis_feed8_rep1,redis,sb:events:n20:feed8:rep1,524bc892-d68d-4cf9-b02a-0787fd126e38,3895134,185,16160592000,16160628400,1781307208416-0
concurrency_n20_20260613_003304_redis_feed8_rep1,redis,sb:events:n20:feed8:rep1,62aa8f50-6358-4415-9cb0-f8b81c7178a9,3895052,185,16178629400,16178656300,1781307208418-0
concurrency_n20_20260613_003304_redis_feed8_rep1,redis,sb:events:n20:feed8:rep1,1899ac70-f6a1-4518-aca7-c464e4ef3b58,3895052,185,16180147100,16180172800,1781307208420-0
concurrency_n20_20260613_003304_redis_feed8_rep1,redis,sb:events:n20:feed8:rep1,1d789953-bbff-429f-8065-cc2ce1765444,3895052,185,16181062900,16181088200,1781307208422-0
concurrency_n20_20260613_003304_redis_feed8_rep1,redis,sb:events:n20:feed8:rep1,0ac53c63-d58c-46ac-a821-b050a0a98d60,3895060,186,16182829800,16182849700,1781307208423-0
concurrency_n20_20260613_003304_redis_feed8_rep1,redis,sb:events:n20:feed8:rep1,9d8f9c0b-27a7-450d-8a63-942f4e7465ce,3895086,186,16183958500,16183978500,1781307208424-0
concurrency_n20_20260613_003304_redis_feed8_rep1,redis,sb:events:n20:feed8:rep1,60d44227-9fec-437c-b4e6-19fb293401bb,3895107,186,16186979000,16187009000,1781307208426-0
concurrency_n20_20260613_003304_redis_feed8_rep1,redis,sb:events:n20:feed8:rep1,b12611f3-8156-482e-8f7b-043bc58a90e6,3895107,186,16188455500,16188480900,1781307208427-0
concurrency_n20_20260613_003304_redis_feed8_rep1,redis,sb:events:n20:feed8:rep1,ecc8b373-48a6-4b0a-94be-0731542bde3c,3895107,186,16191349000,16191368500,1781307208429-0
concurrency_n20_20260613_003304_redis_feed8_rep1,redis,sb:events:n20:feed8:rep1,7aadb2ca-9337-41dd-b89f-4968b2a26ee4,3895107,186,16192505100,16192527700,1781307208449-0
concurrency_n20_20260613_003304_redis_feed8_rep1,redis,sb:events:n20:feed8:rep1,1ad589a2-1a0e-45b1-81c8-40e910942f57,3895060,187,16195982100,16196020100,1781307208451-0
concurrency_n20_20260613_003304_redis_feed8_rep1,redis,sb:events:n20:feed8:rep1,494b9925-7d7f-4a7e-b8f0-4c25a10c56e8,3895086,187,16202503200,16202540400,1781307208453-0
concurrency_n20_20260613_003304_redis_feed8_rep1,redis,sb:events:n20:feed8:rep1,3fc328fb-1e2b-4f54-a60c-104f38eed19d,3895086,187,16220227900,16220254800,1781307208455-0
concurrency_n20_20260613_003304_redis_feed8_rep1,redis,sb:events:n20:feed8:rep1,49209fa5-8cee-46b0-a499-274fd879e505,3895134,187,16222798400,16222825600,1781307208456-0
concurrency_n20_20260613_003304_redis_feed8_rep1,redis,sb:events:n20:feed8:rep1,b2166754-b7ae-486a-b12d-6308ea1e33d7,3895134,187,16225736900,16225848800,1781307208457-0
concurrency_n20_20260613_003304_redis_feed8_rep1,redis,sb:events:n20:feed8:rep1,376b42bf-1a33-4044-856a-f88a7340a55c,3895107,187,16227443600,16227466300,1781307208460-0
concurrency_n20_20260613_003304_redis_feed8_rep1,redis,sb:events:n20:feed8:rep1,48dfe5a6-7eb8-4602-bc7a-5ca891d73fe7,3895107,187,16228812300,16228841800,1781307208461-0
concurrency_n20_20260613_003304_redis_feed8_rep1,redis,sb:events:n20:feed8:rep1,7ee1d890-8ec6-421f-84d2-54a965ff02ed,3895060,188,16231699800,16231723600,1781307208463-0
concurrency_n20_20260613_003304_redis_feed8_rep1,redis,sb:events:n20:feed8:rep1,63153436-ac3b-42f1-bf7e-e1bd83372d4a,3895074,188,16243422800,16243546700,1781307208468-0
concurrency_n20_20260613_003304_redis_feed8_rep1,redis,sb:events:n20:feed8:rep1,71f1e5f4-8f73-4835-9190-c44322320aed,3895074,188,16244664600,16244733500,1781307208470-0
concurrency_n20_20260613_003304_redis_feed8_rep1,redis,sb:events:n20:feed8:rep1,0706ab72-4122-4fa9-a83a-04e7ab2e07f8,3895074,188,16246108800,16246130800,1781307208472-0
concurrency_n20_20260613_003304_redis_feed8_rep1,redis,sb:events:n20:feed8:rep1,a33ab931-78e6-48d1-8378-557e62fb8aa0,3895074,188,16247108500,16247131200,1781307208491-0
concurrency_n20_20260613_003304_redis_feed8_rep1,redis,sb:events:n20:feed8:rep1,b63fe24d-4d3f-4c6f-84a5-908663b7bbda,3895074,188,16248129500,16248154300,1781307208492-0
concurrency_n20_20260613_003304_redis_feed8_rep1,redis,sb:events:n20:feed8:rep1,bbf7befd-2733-4137-a06d-0d16f548f131,3895074,188,16265333400,16265364300,1781307208494-0
concurrency_n20_20260613_003304_redis_feed8_rep1,redis,sb:events:n20:feed8:rep1,52efe327-ee18-4162-81f2-0547bd07ae8d,3895074,188,16268490500,16268520800,1781307208496-0
concurrency_n20_20260613_003304_redis_feed8_rep1,redis,sb:events:n20:feed8:rep1,0a955c70-1a49-400d-a820-9802dd203db3,3895134,188,16270863000,16270895000,1781307208498-0
concurrency_n20_20260613_003304_redis_feed8_rep1,redis,sb:events:n20:feed8:rep1,fa29dcff-ef57-4c61-83ad-3a7aa8bde055,3895134,188,16272178100,16272205600,1781307208500-0
concurrency_n20_20260613_003304_redis_feed8_rep1,redis,sb:events:n20:feed8:rep1,580e89d7-b7d7-4fc1-a667-4ecf187c2534,3895052,188,16291834600,16291863500,1781307208510-0
concurrency_n20_20260613_003304_redis_feed8_rep1,redis,sb:events:n20:feed8:rep1,9153370f-3422-43d8-add3-8551c690e687,3895107,188,16293644200,16293667900,1781307208513-0
concurrency_n20_20260613_003304_redis_feed8_rep1,redis,sb:events:n20:feed8:rep1,02653ad5-13a2-4bbe-a624-f1b6eebde0b5,3895052,188,16295498200,16295524500,1781307208514-0
concurrency_n20_20260613_003304_redis_feed8_rep1,redis,sb:events:n20:feed8:rep1,ddce2c99-b9aa-4b00-a4e2-733e446ea69f,3895052,188,16297039600,16297066700,1781307208515-0
concurrency_n20_20260613_003304_redis_feed8_rep1,redis,sb:events:n20:feed8:rep1,420d9b6c-74f3-4e4d-87f9-ed8e63ed247a,3895060,189,16298581500,16298627700,1781307208517-0
concurrency_n20_20260613_003304_redis_feed8_rep1,redis,sb:events:n20:feed8:rep1,0cfd5fbc-4767-4a50-91d8-8def2fd4ebc6,3895060,189,16299892800,16299918100,1781307208518-0
concurrency_n20_20260613_003304_redis_feed8_rep1,redis,sb:events:n20:feed8:rep1,8e6de0e3-d843-41cd-a76f-99c0f554aa5c,3895074,189,16300894500,16300916600,1781307208538-0
concurrency_n20_20260613_003304_redis_feed8_rep1,redis,sb:events:n20:feed8:rep1,0d226589-4fa8-4c69-b65a-3994c87f73f5,3895134,189,16301844800,16301951200,1781307208540-0
concurrency_n20_20260613_003304_redis_feed8_rep1,redis,sb:events:n20:feed8:rep1,6fca92a8-e991-4654-9814-abeb7b776cfe,3895107,189,16303258200,16303283300,1781307208543-0
concurrency_n20_20260613_003304_redis_feed8_rep1,redis,sb:events:n20:feed8:rep1,9e28ecd7-6d78-4a4f-870a-a816a8637dcf,3895107,189,16304696100,16304735200,1781307208562-0
concurrency_n20_20260613_003304_redis_feed8_rep1,redis,sb:events:n20:feed8:rep1,e64c2984-9c76-4d33-b46a-1834767226eb,3895060,190,16316854000,16316882600,1781307208564-0
concurrency_n20_20260613_003304_redis_feed8_rep1,redis,sb:events:n20:feed8:rep1,ddf1d26b-7930-4093-ae79-70840b6fbd1f,3895060,190,16318450300,16318475900,1781307208566-0
concurrency_n20_20260613_003304_redis_feed8_rep1,redis,sb:events:n20:feed8:rep1,4a46f522-67d3-4549-b152-4c311ebaa333,3895074,190,16319903600,16319966100,1781307208569-0
concurrency_n20_20260613_003304_redis_feed8_rep1,redis,sb:events:n20:feed8:rep1,23a3e1e8-7679-4bf7-920e-8ad00c6c47c4,3895074,190,16320865100,16320887700,1781307208571-0
concurrency_n20_20260613_003304_redis_feed8_rep1,redis,sb:events:n20:feed8:rep1,dc2f4494-778f-4de7-91cb-4cb3dbb5af6a,3895121,190,16321934600,16321955900,1781307208572-0
concurrency_n20_20260613_003304_redis_feed8_rep1,redis,sb:events:n20:feed8:rep1,269cc203-cdca-428b-85c1-c223a4039acb,3895134,190,16323315100,16323337600,1781307208574-0
concurrency_n20_20260613_003304_redis_feed8_rep1,redis,sb:events:n20:feed8:rep1,9cfde221-cd4a-47a3-8127-5746d79a42fd,3895134,190,16324835000,16324858200,1781307208580-0
concurrency_n20_20260613_003304_redis_feed8_rep1,redis,sb:events:n20:feed8:rep1,2d4f5aa2-50a7-441f-9e21-8af732fbff55,3895052,190,16326132800,16326155600,1781307208582-0
concurrency_n20_20260613_003304_redis_feed8_rep1,redis,sb:events:n20:feed8:rep1,d23d9dca-6443-465b-990a-5f727f37fb4d,3895052,190,16326975700,16326999000,1781307208588-0
concurrency_n20_20260613_003304_redis_feed8_rep1,redis,sb:events:n20:feed8:rep1,da740118-c2d3-48d1-ba3d-e86632ea06db,3895052,190,16336792700,16336821000,1781307208590-0
concurrency_n20_20260613_003304_redis_feed8_rep1,redis,sb:events:n20:feed8:rep1,34d82d40-22e7-4f4d-b3d0-5f9a88860924,3895052,190,16337974700,16338001900,1781307208591-0
concurrency_n20_20260613_003304_redis_feed8_rep1,redis,sb:events:n20:feed8:rep1,7654dee9-f339-44ce-af78-1cc206483618,3895113,190,16339117000,16339139500,1781307208594-0
concurrency_n20_20260613_003304_redis_feed8_rep1,redis,sb:events:n20:feed8:rep1,8c83658d-4aba-4eba-bb77-5c21d3558273,3895067,191,16340286200,16340307500,1781307208595-0
concurrency_n20_20260613_003304_redis_feed8_rep1,redis,sb:events:n20:feed8:rep1,d601a651-0860-4ee7-8858-cbed02a392c0,3895074,191,16341300100,16341319500,1781307208597-0
concurrency_n20_20260613_003304_redis_feed8_rep1,redis,sb:events:n20:feed8:rep1,d4ef0347-1d83-466c-ab0b-de30eacd70a4,3895121,191,16350073500,16350101100,1781307208598-0
concurrency_n20_20260613_003304_redis_feed8_rep1,redis,sb:events:n20:feed8:rep1,79e47339-3da8-4edc-83eb-c84c56515fe4,3895121,191,16351850100,16351876400,1781307208604-0
concurrency_n20_20260613_003304_redis_feed8_rep1,redis,sb:events:n20:feed8:rep1,99e0c535-eb27-4263-bf0d-fd14f94b5f6b,3895086,191,16352749700,16352772000,1781307208606-0
concurrency_n20_20260613_003304_redis_feed8_rep1,redis,sb:events:n20:feed8:rep1,bb4b1cf5-00eb-402d-9e5a-9fe9c614eecf,3895086,191,16354462600,16354488000,1781307208611-0
concurrency_n20_20260613_003304_redis_feed8_rep1,redis,sb:events:n20:feed8:rep1,1524c3ef-8a3e-4b17-9034-f3a92d574a83,3895086,191,16355660600,16355684300,1781307208612-0
concurrency_n20_20260613_003304_redis_feed8_rep1,redis,sb:events:n20:feed8:rep1,67b25810-34b8-4834-9553-fc990e5f8abb,3895086,191,16357692300,16357721600,1781307208613-0
concurrency_n20_20260613_003304_redis_feed8_rep1,redis,sb:events:n20:feed8:rep1,888d9d49-1498-40d0-9595-94bbe1717dc6,3895134,191,16360022500,16360049700,1781307208619-0
concurrency_n20_20260613_003304_redis_feed8_rep1,redis,sb:events:n20:feed8:rep1,f2d854d8-0c80-4f3a-b513-da2f9d2193c0,3895107,191,16365872100,16366003800,1781307208623-0
concurrency_n20_20260613_003304_redis_feed8_rep1,redis,sb:events:n20:feed8:rep1,c084ba35-530f-4dc0-a855-f9084b33bf98,3895107,191,16373606100,16373633900,1781307208626-0
concurrency_n20_20260613_003304_redis_feed8_rep1,redis,sb:events:n20:feed8:rep1,780261b4-a187-46bb-8369-6c70391fa578,3895052,191,16374463400,16374480300,1781307208628-0
concurrency_n20_20260613_003304_redis_feed8_rep1,redis,sb:events:n20:feed8:rep1,5583139b-aaef-4d91-bbb9-08100da01eed,3895052,191,16380972000,16381005000,1781307208629-0
concurrency_n20_20260613_003304_redis_feed8_rep1,redis,sb:events:n20:feed8:rep1,bcd7e29b-31b0-4852-b4d1-9d5e301c7a9f,3895060,192,16383125000,16383151700,1781307208635-0
concurrency_n20_20260613_003304_redis_feed8_rep1,redis,sb:events:n20:feed8:rep1,5e1aee62-2ce5-4739-b678-50fee9c7927b,3895060,192,16384723100,16384747300,1781307208638-0
concurrency_n20_20260613_003304_redis_feed8_rep1,redis,sb:events:n20:feed8:rep1,ce970621-1477-4475-9701-29338c5ee876,3895060,192,16396310600,16396362700,1781307208639-0
concurrency_n20_20260613_003304_redis_feed8_rep1,redis,sb:events:n20:feed8:rep1,09d37e36-6ff0-4354-b5d0-9da7dcab8071,3895060,192,16397648000,16397675700,1781307208641-0
concurrency_n20_20260613_003304_redis_feed8_rep1,redis,sb:events:n20:feed8:rep1,9ffa48a6-bcaf-4c18-b6c8-4fecebaed612,3895074,192,16398878700,16398901800,1781307208643-0
concurrency_n20_20260613_003304_redis_feed8_rep1,redis,sb:events:n20:feed8:rep1,49c7793b-13b9-4275-8f95-aab1dccab578,3895074,192,16401476300,16401506600,1781307208644-0
concurrency_n20_20260613_003304_redis_feed8_rep1,redis,sb:events:n20:feed8:rep1,5471af11-32d7-4b56-addf-d2628d1f76dd,3895074,192,16404389900,16404412200,1781307208646-0
concurrency_n20_20260613_003304_redis_feed8_rep1,redis,sb:events:n20:feed8:rep1,a3b7a28a-d7bb-40e3-b559-86cf9ea21258,3895074,192,16405251400,16405290600,1781307208651-0
concurrency_n20_20260613_003304_redis_feed8_rep1,redis,sb:events:n20:feed8:rep1,51fb4729-5504-488f-b8ac-7d9ad058eed1,3895074,193,16406408600,16406429400,1781307208653-0
concurrency_n20_20260613_003304_redis_feed8_rep1,redis,sb:events:n20:feed8:rep1,6989a48a-3d41-4a91-836c-f43c0cf375cd,3895086,193,16413342600,16413372900,1781307208667-0
concurrency_n20_20260613_003304_redis_feed8_rep1,redis,sb:events:n20:feed8:rep1,d48fe2aa-5806-4d30-be6f-8f4bf216e21d,3895086,193,16417977400,16418002400,1781307208670-0
concurrency_n20_20260613_003304_redis_feed8_rep1,redis,sb:events:n20:feed8:rep1,85de58e9-2b57-44f2-bd15-43c8614785e7,3895052,193,16420100200,16420145800,1781307208672-0
concurrency_n20_20260613_003304_redis_feed8_rep1,redis,sb:events:n20:feed8:rep1,aadb06a8-0a17-4549-9719-2ceb370973e3,3895052,193,16423159600,16423183400,1781307208685-0
concurrency_n20_20260613_003304_redis_feed8_rep1,redis,sb:events:n20:feed8:rep1,bf995fff-e50f-4112-bb7c-3e0f0c6f7d1a,3895060,194,16429073500,16429105400,1781307208687-0
concurrency_n20_20260613_003304_redis_feed8_rep1,redis,sb:events:n20:feed8:rep1,fccb18a5-ca11-44d4-88f5-489bb1d9f0d9,3895060,194,16432429300,16432486700,1781307208688-0
concurrency_n20_20260613_003304_redis_feed8_rep1,redis,sb:events:n20:feed8:rep1,d4d9296e-0ddd-499c-b857-b6d7d6b86b59,3895060,194,16434108900,16434131300,1781307208690-0
concurrency_n20_20260613_003304_redis_feed8_rep1,redis,sb:events:n20:feed8:rep1,34375f53-3e60-42ff-911f-c1ac08b123a0,3895060,194,16435255600,16435280100,1781307208692-0
concurrency_n20_20260613_003304_redis_feed8_rep1,redis,sb:events:n20:feed8:rep1,4cdf55ed-0511-4c71-a946-2d976f831af4,3895074,194,16445091100,16445118100,1781307208693-0
concurrency_n20_20260613_003304_redis_feed8_rep1,redis,sb:events:n20:feed8:rep1,f3ca3ab8-c52c-433b-89ca-df862dacd4a9,3895074,194,16449320000,16449354600,1781307208694-0
concurrency_n20_20260613_003304_redis_feed8_rep1,redis,sb:events:n20:feed8:rep1,c8996301-8ac1-4228-9119-e8f2770ba2a7,3895086,194,16450850400,16450870700,1781307208699-0
concurrency_n20_20260613_003304_redis_feed8_rep1,redis,sb:events:n20:feed8:rep1,6c046b96-5365-47af-8c54-5b65043428ba,3895134,194,16451712400,16451735900,1781307208701-0
concurrency_n20_20260613_003304_redis_feed8_rep1,redis,sb:events:n20:feed8:rep1,e1bb5abd-6fb8-450f-a34c-87cda38464f4,3895134,194,16459767400,16459797100,1781307208703-0
concurrency_n20_20260613_003304_redis_feed8_rep1,redis,sb:events:n20:feed8:rep1,4eb4d402-5669-4cdb-81db-1271d5448f1b,3895121,195,16461382300,16461405600,1781307208705-0
concurrency_n20_20260613_003304_redis_feed8_rep1,redis,sb:events:n20:feed8:rep1,68363c21-b66c-4d7e-929f-08e887bd47f7,3895086,195,16465221500,16465254600,1781307208706-0
concurrency_n20_20260613_003304_redis_feed8_rep1,redis,sb:events:n20:feed8:rep1,256471d2-953b-47a0-a298-8249ef937d29,3895107,195,16467673300,16467698500,1781307208715-0
concurrency_n20_20260613_003304_redis_feed8_rep1,redis,sb:events:n20:feed8:rep1,52c222f2-f353-4607-a328-9be49e3d9965,3895134,195,16469774500,16469804200,1781307208718-0
concurrency_n20_20260613_003304_redis_feed8_rep1,redis,sb:events:n20:feed8:rep1,e50641a4-5a4d-4f8f-a211-f51cc720fc0f,3895060,196,16471106400,16471222900,1781307208719-0
concurrency_n20_20260613_003304_redis_feed8_rep1,redis,sb:events:n20:feed8:rep1,38928839-e8dd-4582-92f7-2522f531fe61,3895121,196,16478751000,16478824500,1781307208724-0
concurrency_n20_20260613_003304_redis_feed8_rep1,redis,sb:events:n20:feed8:rep1,a00e2921-98ee-4756-a5b2-79066976df67,3895121,196,16479668900,16479694100,1781307208731-0
concurrency_n20_20260613_003304_redis_feed8_rep1,redis,sb:events:n20:feed8:rep1,d42811d8-2083-42e6-87e5-64cedfcec80d,3895074,196,16480580200,16480614600,1781307208733-0
concurrency_n20_20260613_003304_redis_feed8_rep1,redis,sb:events:n20:feed8:rep1,49492208-3361-4ecd-af09-afade83b8dec,3895086,196,16481755300,16481774400,1781307208735-0
concurrency_n20_20260613_003304_redis_feed8_rep1,redis,sb:events:n20:feed8:rep1,971ee027-fe01-459a-9207-08bd6c8f8d67,3895086,196,16485092400,16485119200,1781307208737-0
concurrency_n20_20260613_003304_redis_feed8_rep1,redis,sb:events:n20:feed8:rep1,446af2b6-1103-4b51-8dd1-03eda19f2798,3895086,196,16487816400,16487845200,1781307208739-0
concurrency_n20_20260613_003304_redis_feed8_rep1,redis,sb:events:n20:feed8:rep1,a5b88451-ad44-4809-a52a-f2cce2822d77,3895052,196,16491441600,16491490700,1781307208742-0
concurrency_n20_20260613_003304_redis_feed8_rep1,redis,sb:events:n20:feed8:rep1,172e96be-11a1-4478-95ec-4f9abf5f4c61,3895060,197,16492980900,16493005200,1781307208743-0
concurrency_n20_20260613_003304_redis_feed8_rep1,redis,sb:events:n20:feed8:rep1,b01466de-7c33-4b21-a1db-536a15898d01,3895121,197,16494026600,16494049000,1781307208745-0
concurrency_n20_20260613_003304_redis_feed8_rep1,redis,sb:events:n20:feed8:rep1,af0da08d-c153-492c-91c2-988ff74e077b,3895121,197,16500150300,16500175800,1781307208746-0
concurrency_n20_20260613_003304_redis_feed8_rep1,redis,sb:events:n20:feed8:rep1,f3700bf4-0863-4684-a153-3c50060f39d0,3895121,197,16501505100,16501524700,1781307208747-0
concurrency_n20_20260613_003304_redis_feed8_rep1,redis,sb:events:n20:feed8:rep1,4826bc28-41b5-447a-a457-f0c3657a219f,3895074,197,16503510500,16503550900,1781307208748-0
concurrency_n20_20260613_003304_redis_feed8_rep1,redis,sb:events:n20:feed8:rep1,1b097b83-1c3a-46c9-9a82-dfc9f5fbed5b,3895074,197,16504920200,16504963800,1781307208750-0
concurrency_n20_20260613_003304_redis_feed8_rep1,redis,sb:events:n20:feed8:rep1,72dc6540-3467-4dc2-94a8-99f15d0c178b,3895086,197,16507690500,16507713500,1781307208753-0
concurrency_n20_20260613_003304_redis_feed8_rep1,redis,sb:events:n20:feed8:rep1,a2683d74-48e8-46ab-b383-89bf9410c32f,3895086,197,16509237000,16509260600,1781307208756-0
concurrency_n20_20260613_003304_redis_feed8_rep1,redis,sb:events:n20:feed8:rep1,96e66b7e-9560-4618-b22d-38dcf3ccd1e0,3895086,197,16510404600,16510433000,1781307208758-0
concurrency_n20_20260613_003304_redis_feed8_rep1,redis,sb:events:n20:feed8:rep1,0bd96b1d-bdc8-40ef-917c-b2dfbb9d19c9,3895086,197,16512570500,16512599700,1781307208761-0
concurrency_n20_20260613_003304_redis_feed8_rep1,redis,sb:events:n20:feed8:rep1,17bd02c0-9fbf-456d-8dad-1cc75beac511,3895134,197,16514755700,16514780500,1781307208762-0
concurrency_n20_20260613_003304_redis_feed8_rep1,redis,sb:events:n20:feed8:rep1,1a6ddb98-6cc1-4354-a590-7b65654b9892,3895134,197,16516507400,16516531800,1781307208764-0
concurrency_n20_20260613_003304_redis_feed8_rep1,redis,sb:events:n20:feed8:rep1,8d22c242-bb5f-40d5-ab0c-bcee0e7859cf,3895134,197,16517698900,16517716300,1781307208767-0
concurrency_n20_20260613_003304_redis_feed8_rep1,redis,sb:events:n20:feed8:rep1,792dbee9-5755-449b-9dd8-fdfab7f99ccd,3895052,197,16518805000,16518828000,1781307208769-0
concurrency_n20_20260613_003304_redis_feed8_rep1,redis,sb:events:n20:feed8:rep1,16625b7e-c911-4dbb-bd7b-b772e039684e,3895052,197,16520846800,16520868000,1781307208775-0
concurrency_n20_20260613_003304_redis_feed8_rep1,redis,sb:events:n20:feed8:rep1,96a7e922-31fd-4041-ab6b-5d8d9eda6545,3895121,198,16524435000,16524573800,1781307208777-0
concurrency_n20_20260613_003304_redis_feed8_rep1,redis,sb:events:n20:feed8:rep1,9abb84e4-f563-49c8-bbe5-00ede9f39eea,3895074,198,16525725100,16525746800,1781307208778-0
concurrency_n20_20260613_003304_redis_feed8_rep1,redis,sb:events:n20:feed8:rep1,c7126d77-ac10-4829-ab34-042f805ccd56,3895107,198,16526910100,16526930900,1781307208784-0
concurrency_n20_20260613_003304_redis_feed8_rep1,redis,sb:events:n20:feed8:rep1,2e180f15-448d-4991-b8ce-ed0fdce47a1d,3895107,198,16527833800,16527849900,1781307208786-0
concurrency_n20_20260613_003304_redis_feed8_rep1,redis,sb:events:n20:feed8:rep1,bbd5b60b-0ff4-4622-b031-65089b77991b,3895134,198,16528759400,16528814600,1781307208788-0
concurrency_n20_20260613_003304_redis_feed8_rep1,redis,sb:events:n20:feed8:rep1,d6028f98-7860-4ce1-9f61-c875e72ca303,3895134,198,16530131600,16530153100,1781307208791-0
concurrency_n20_20260613_003304_redis_feed8_rep1,redis,sb:events:n20:feed8:rep1,5cd65a29-d258-4f09-bd90-7c6c953a3d99,3895060,199,16535408900,16535483200,1781307208793-0
concurrency_n20_20260613_003304_redis_feed8_rep1,redis,sb:events:n20:feed8:rep1,3fdf134f-f466-42ce-8bf3-2f525310bce2,3895060,199,16537725600,16537752200,1781307208794-0
concurrency_n20_20260613_003304_redis_feed8_rep1,redis,sb:events:n20:feed8:rep1,0a83c4de-06fa-4a56-a2b3-82575cffd17b,3895121,199,16539535400,16539566500,1781307208799-0
concurrency_n20_20260613_003304_redis_feed8_rep1,redis,sb:events:n20:feed8:rep1,76a5e150-9453-45e0-bd0b-02d9529f074b,3895121,199,16540610100,16540634600,1781307208800-0
concurrency_n20_20260613_003304_redis_feed8_rep1,redis,sb:events:n20:feed8:rep1,7a16efb7-ba64-439a-b8d1-4b33341fe52b,3895121,199,16546401900,16546427700,1781307208804-0
concurrency_n20_20260613_003304_redis_feed8_rep1,redis,sb:events:n20:feed8:rep1,f588ffb8-c6ab-401c-afde-4b0c1a4ad974,3895074,199,16547196300,16547223000,1781307208806-0
concurrency_n20_20260613_003304_redis_feed8_rep1,redis,sb:events:n20:feed8:rep1,f5b1ab45-5ef6-4a25-b908-531c40ecfb17,3895074,199,16550105800,16550135100,1781307208808-0
concurrency_n20_20260613_003304_redis_feed8_rep1,redis,sb:events:n20:feed8:rep1,77971109-d4df-44fc-8c58-778b5f7e405e,3895074,199,16551090600,16551115000,1781307208811-0
concurrency_n20_20260613_003304_redis_feed8_rep1,redis,sb:events:n20:feed8:rep1,e53e034d-e4e3-4396-af9c-3789aed49e4c,3895086,199,16552439200,16552463800,1781307208814-0
concurrency_n20_20260613_003304_redis_feed8_rep1,redis,sb:events:n20:feed8:rep1,a648a836-f23e-407e-908c-2d74c08c5d8b,3895086,199,16553669300,16553692000,1781307208817-0
concurrency_n20_20260613_003304_redis_feed8_rep1,redis,sb:events:n20:feed8:rep1,e6548093-2ec3-4b32-ad9e-c13164f9eb7e,3895086,199,16555803000,16555830300,1781307208825-0
concurrency_n20_20260613_003304_redis_feed8_rep1,redis,sb:events:n20:feed8:rep1,c9fbb482-a1bd-4a60-99d8-4dc04495c41a,3895086,199,16557313500,16557334300,1781307208826-0
concurrency_n20_20260613_003304_redis_feed8_rep1,redis,sb:events:n20:feed8:rep1,44adc433-a604-4dfa-ac83-95eaa45264d3,3895086,199,16560691200,16560715700,1781307208828-0
concurrency_n20_20260613_003304_redis_feed8_rep1,redis,sb:events:n20:feed8:rep1,ccfcc2a4-b123-4e6f-bb1e-4204f93b1b24,3895060,200,16562502100,16562561200,1781307208831-0
concurrency_n20_20260613_003304_redis_feed8_rep1,redis,sb:events:n20:feed8:rep1,23f4c933-a179-42cf-980f-74eff232c2f1,3895060,200,16566929100,16566958300,1781307208833-0
concurrency_n20_20260613_003304_redis_feed8_rep1,redis,sb:events:n20:feed8:rep1,daf13775-c709-498f-a1b5-f6b9e146db6b,3895060,200,16571233100,16571260900,1781307208836-0
concurrency_n20_20260613_003304_redis_feed8_rep1,redis,sb:events:n20:feed8:rep1,7da92d0e-971c-43dd-a7f3-2511b29bd57f,3895121,200,16579631900,16579654800,1781307208839-0
concurrency_n20_20260613_003304_redis_feed8_rep1,redis,sb:events:n20:feed8:rep1,3adbde33-f5f6-4f4b-8ab0-7aa75bb49341,3895107,200,16580795800,16580846700,1781307208840-0
concurrency_n20_20260613_003304_redis_feed8_rep1,redis,sb:events:n20:feed8:rep1,bad0945f-7f75-4d9a-9ecc-997bda22be9c,3895086,200,16582730900,16582756400,1781307208841-0
concurrency_n20_20260613_003304_redis_feed8_rep1,redis,sb:events:n20:feed8:rep1,f2328187-8156-42f2-97a7-2ee0ffb6a3b9,3895107,200,16583997700,16584019200,1781307208843-0
concurrency_n20_20260613_003304_redis_feed8_rep1,redis,sb:events:n20:feed8:rep1,06e900b7-542e-477d-8696-c42d71038ca4,3895107,200,16585053100,16585076700,1781307208851-0
concurrency_n20_20260613_003304_redis_feed8_rep1,redis,sb:events:n20:feed8:rep1,2fd34664-260c-48de-9436-1a04d57e369d,3895134,200,16587827900,16587850900,1781307208852-0
concurrency_n20_20260613_003304_redis_feed8_rep1,redis,sb:events:n20:feed8:rep1,a063c968-204d-444d-ba8e-b8defaed5422,3895052,200,16589163500,16589190300,1781307208855-0
concurrency_n20_20260613_003304_redis_feed8_rep1,redis,sb:events:n20:feed8:rep1,1e6bcd21-4a17-4a02-8027-ef9f77b3cd2d,3895121,201,16590973200,16591326800,1781307208856-0
concurrency_n20_20260613_003304_redis_feed8_rep1,redis,sb:events:n20:feed8:rep1,62ea6343-6d67-40a5-bc8a-5a677b785307,3895074,201,16596287400,16596321700,1781307208858-0
concurrency_n20_20260613_003304_redis_feed8_rep1,redis,sb:events:n20:feed8:rep1,ee5e48bc-8faf-4832-b825-5991970ce338,3895074,201,16598667200,16598690300,1781307208862-0
concurrency_n20_20260613_003304_redis_feed8_rep1,redis,sb:events:n20:feed8:rep1,a91e8210-91ec-44f0-98f4-9e05c3a0fe3d,3895074,201,16599463900,16599479300,1781307208866-0
concurrency_n20_20260613_003304_redis_feed8_rep1,redis,sb:events:n20:feed8:rep1,0239eda8-4ff5-4d7a-bcda-1cf186225f81,3895074,201,16605453000,16605544000,1781307208868-0
concurrency_n20_20260613_003304_redis_feed8_rep1,redis,sb:events:n20:feed8:rep1,0995d99a-e32a-425d-8268-3a85ae939a7a,3895086,201,16614266300,16614287600,1781307208872-0
concurrency_n20_20260613_003304_redis_feed8_rep1,redis,sb:events:n20:feed8:rep1,f4da8ee3-57ce-431e-adab-2750f84a0ac2,3895086,201,16615438400,16615509400,1781307208874-0
concurrency_n20_20260613_003304_redis_feed8_rep1,redis,sb:events:n20:feed8:rep1,e9e37024-1acc-4745-9fec-1a15723ba7a9,3895107,201,16617586600,16617692100,1781307208875-0
concurrency_n20_20260613_003304_redis_feed8_rep1,redis,sb:events:n20:feed8:rep1,239ffa71-f8ac-430e-8b57-e1a2b538fdca,3895086,201,16618795300,16618818700,1781307208883-0
concurrency_n20_20260613_003304_redis_feed8_rep1,redis,sb:events:n20:feed8:rep1,6737edef-f7b9-4344-a16c-41753531e22c,3895086,201,16619584700,16619602700,1781307208885-0
concurrency_n20_20260613_003304_redis_feed8_rep1,redis,sb:events:n20:feed8:rep1,ba29c511-5821-4bd5-9891-5b1eeabd18d0,3895052,201,16621452600,16621588700,1781307208886-0
concurrency_n20_20260613_003304_redis_feed8_rep1,redis,sb:events:n20:feed8:rep1,f06ec916-de24-4b51-9778-0f0264c35cca,3895052,201,16623828200,16623850300,1781307208888-0
concurrency_n20_20260613_003304_redis_feed8_rep1,redis,sb:events:n20:feed8:rep1,fa6fea07-6678-424c-ad05-f279a528bd28,3895060,202,16628798600,16628829500,1781307208890-0
concurrency_n20_20260613_003304_redis_feed8_rep1,redis,sb:events:n20:feed8:rep1,ed6a802e-8bd2-43f0-bd58-f3bb52d354f7,3895060,202,16634185900,16634405900,1781307208892-0
concurrency_n20_20260613_003304_redis_feed8_rep1,redis,sb:events:n20:feed8:rep1,30056cad-6fc9-480e-9270-daebd609d4a8,3895060,202,16639312100,16639342000,1781307208895-0
concurrency_n20_20260613_003304_redis_feed8_rep1,redis,sb:events:n20:feed8:rep1,9ffe785f-f42b-456b-aef5-a1bc558439dc,3895121,202,16641601900,16643620600,1781307208896-0
concurrency_n20_20260613_003304_redis_feed8_rep1,redis,sb:events:n20:feed8:rep1,922394ef-ca71-4347-b37a-b990f0c16a4d,3895121,202,16645045100,16645072500,1781307208898-0
concurrency_n20_20260613_003304_redis_feed8_rep1,redis,sb:events:n20:feed8:rep1,130afcba-4b16-4de4-a0d4-ec8ebb6487c6,3895107,202,16654152900,16654183700,1781307208899-0
concurrency_n20_20260613_003304_redis_feed8_rep1,redis,sb:events:n20:feed8:rep1,5b85a3a5-887a-40b3-85b4-bea0b41e5148,3895134,202,16655403600,16655420800,1781307208900-0
concurrency_n20_20260613_003304_redis_feed8_rep1,redis,sb:events:n20:feed8:rep1,20998e8c-81f3-41ca-b066-dfe4b384009c,3895107,202,16656973200,16657000800,1781307208901-0
concurrency_n20_20260613_003304_redis_feed8_rep1,redis,sb:events:n20:feed8:rep1,8b72d96d-ed9a-4019-a678-f7fa7ec57707,3895134,202,16658182900,16658205800,1781307208903-0
concurrency_n20_20260613_003304_redis_feed8_rep1,redis,sb:events:n20:feed8:rep1,5a280f38-320a-4d59-ba8a-cb4ed45fc8ec,3895067,203,16659148400,16659171600,1781307208907-0
concurrency_n20_20260613_003304_redis_feed8_rep1,redis,sb:events:n20:feed8:rep1,8414b06d-1085-489c-9e8a-bb5990ee652e,3895060,203,16668295600,16668343400,1781307208908-0
concurrency_n20_20260613_003304_redis_feed8_rep1,redis,sb:events:n20:feed8:rep1,cc2d56f3-55b0-498b-89c6-488bb332eb26,3895107,203,16672013700,16672046700,1781307208910-0
concurrency_n20_20260613_003304_redis_feed8_rep1,redis,sb:events:n20:feed8:rep1,c0d373dd-6241-4116-b046-4a379fa4065b,3895134,203,16686968700,16687006600,1781307208911-0
concurrency_n20_20260613_003304_redis_feed8_rep1,redis,sb:events:n20:feed8:rep1,8e2f0d5f-76bc-4074-9c9c-6db01ed09340,3895067,204,16689169200,16689192800,1781307208913-0
concurrency_n20_20260613_003304_redis_feed8_rep1,redis,sb:events:n20:feed8:rep1,d97f0ae0-eb7e-4fcd-9920-59ce25e17182,3895067,204,16690145100,16690167200,1781307208914-0
concurrency_n20_20260613_003304_redis_feed8_rep1,redis,sb:events:n20:feed8:rep1,704a7634-3317-4d13-946a-2c30d8b4e2db,3895067,204,16692908700,16692933600,1781307208924-0
concurrency_n20_20260613_003304_redis_feed8_rep1,redis,sb:events:n20:feed8:rep1,38a4ff68-015b-423e-a8f5-6ff82897e961,3895060,204,16696159700,16696188100,1781307208926-0
concurrency_n20_20260613_003304_redis_feed8_rep1,redis,sb:events:n20:feed8:rep1,104a2a5f-f42f-45e3-a0be-0b607ce6ef8d,3895060,204,16697133600,16697158600,1781307208928-0
concurrency_n20_20260613_003304_redis_feed8_rep1,redis,sb:events:n20:feed8:rep1,0a87405c-ee48-434a-9258-ff48a830c91b,3895060,204,16698399900,16698436900,1781307208929-0
concurrency_n20_20260613_003304_redis_feed8_rep1,redis,sb:events:n20:feed8:rep1,795c31a8-defb-40c2-b50c-8c64e3ace87a,3895121,204,16699572600,16699608000,1781307208930-0
concurrency_n20_20260613_003304_redis_feed8_rep1,redis,sb:events:n20:feed8:rep1,7b2b97e5-514f-4ee7-852f-e97c2bf0ab46,3895121,204,16702314600,16702350900,1781307208932-0
concurrency_n20_20260613_003304_redis_feed8_rep1,redis,sb:events:n20:feed8:rep1,fddd59c2-b0a0-4602-8c9f-b01f08a4df91,3895121,204,16704819300,16704927800,1781307208942-0
concurrency_n20_20260613_003304_redis_feed8_rep1,redis,sb:events:n20:feed8:rep1,faa7b2e9-52ce-4f10-9f35-89d48cfcdbff,3895107,204,16706381300,16706406500,1781307208943-0
concurrency_n20_20260613_003304_redis_feed8_rep1,redis,sb:events:n20:feed8:rep1,18b078eb-e5e4-4ac5-9a56-e5ae180c4cde,3895107,204,16707351500,16707392700,1781307208945-0
concurrency_n20_20260613_003304_redis_feed8_rep1,redis,sb:events:n20:feed8:rep1,e4a00a28-311e-44fc-b9e7-a030e7f36a37,3895074,205,16708400900,16708417700,1781307208946-0
concurrency_n20_20260613_003304_redis_feed8_rep1,redis,sb:events:n20:feed8:rep1,f586872d-11e2-4192-8560-ca5b871d9a0d,3895086,205,16709827900,16709855100,1781307208947-0
concurrency_n20_20260613_003304_redis_feed8_rep1,redis,sb:events:n20:feed8:rep1,6c17d90b-75bc-4b72-8b30-16eb020400c5,3895086,205,16711769100,16711795000,1781307208949-0
concurrency_n20_20260613_003304_redis_feed8_rep1,redis,sb:events:n20:feed8:rep1,cf6f5f44-46a4-43e7-89f0-3e0871418c79,3895134,205,16729067100,16729140300,1781307208956-0
concurrency_n20_20260613_003304_redis_feed8_rep1,redis,sb:events:n20:feed8:rep1,854c2dd7-f927-4e0c-97db-cf2836aef39b,3895086,205,16732561700,16732597700,1781307208959-0
concurrency_n20_20260613_003304_redis_feed8_rep1,redis,sb:events:n20:feed8:rep1,b2990b07-2c4a-499c-ad6b-d3f86fcbf923,3895134,205,16733625300,16733646400,1781307208960-0
concurrency_n20_20260613_003304_redis_feed8_rep1,redis,sb:events:n20:feed8:rep1,469750b6-7b77-448a-a6eb-0c08c4120fb2,3895107,205,16735111700,16735138000,1781307208962-0
concurrency_n20_20260613_003304_redis_feed8_rep1,redis,sb:events:n20:feed8:rep1,fca572a5-4cbf-4682-b722-f491b76bbe7a,3895067,206,16737271100,16737326000,1781307208963-0
concurrency_n20_20260613_003304_redis_feed8_rep1,redis,sb:events:n20:feed8:rep1,730f71ea-4842-43ed-93d4-c4e8bd167f84,3895107,206,16738958000,16738984500,1781307208964-0
concurrency_n20_20260613_003304_redis_feed8_rep1,redis,sb:events:n20:feed8:rep1,fdfdbc2b-100b-4a25-8e40-f841713eaa5c,3895107,206,16743876500,16743912200,1781307208965-0
concurrency_n20_20260613_003304_redis_feed8_rep1,redis,sb:events:n20:feed8:rep1,d032e8c5-0027-4255-9ebc-8a92fe3b1428,3895107,206,16745870700,16745899000,1781307208966-0
concurrency_n20_20260613_003304_redis_feed8_rep1,redis,sb:events:n20:feed8:rep1,006c33a6-6491-4858-96d7-48ef5b8c5f9a,3895107,206,16747220100,16747249700,1781307208968-0
concurrency_n20_20260613_003304_redis_feed8_rep1,redis,sb:events:n20:feed8:rep1,5a93556c-aeea-4cf1-a648-348fcba497cc,3895074,207,16766046700,16766071400,1781307208970-0
concurrency_n20_20260613_003304_redis_feed8_rep1,redis,sb:events:n20:feed8:rep1,3507a2bb-88cf-4224-a566-3ccd25feb313,3895074,207,16767607200,16767651200,1781307208971-0
concurrency_n20_20260613_003304_redis_feed8_rep1,redis,sb:events:n20:feed8:rep1,f8bcfd72-54ce-48f9-b066-488fb1cff269,3895113,207,16770085800,16770108900,1781307208973-0
concurrency_n20_20260613_003304_redis_feed8_rep1,redis,sb:events:n20:feed8:rep1,0bb9b15a-2163-4b58-a1aa-b32213d88edf,3895113,207,16771369700,16771397400,1781307208974-0
concurrency_n20_20260613_003304_redis_feed8_rep1,redis,sb:events:n20:feed8:rep1,6a46486a-caf4-4944-9898-6c401f82df2a,3895107,207,16773507900,16773535900,1781307208976-0
concurrency_n20_20260613_003304_redis_feed8_rep1,redis,sb:events:n20:feed8:rep1,a869407d-c350-49ee-a923-7fc80a69164b,3895107,207,16775727200,16775769600,1781307208980-0
concurrency_n20_20260613_003304_redis_feed8_rep1,redis,sb:events:n20:feed8:rep1,f5cb25b6-6bac-4cf2-a23e-bf00aa9fe0a2,3895060,208,16796365200,16796404500,1781307208981-0
concurrency_n20_20260613_003304_redis_feed8_rep1,redis,sb:events:n20:feed8:rep1,555457d4-fdf7-4d31-ba9f-163ef1fa44cf,3895060,208,16799967300,16799992200,1781307208982-0
concurrency_n20_20260613_003304_redis_feed8_rep1,redis,sb:events:n20:feed8:rep1,606cbe57-a568-4e08-aa74-b89bd94f0b0d,3895074,208,16801589100,16801612600,1781307208985-0
concurrency_n20_20260613_003304_redis_feed8_rep1,redis,sb:events:n20:feed8:rep1,19fc26e3-e2cd-4b33-8685-6855e3cba0d0,3895113,208,16807927500,16807964000,1781307209000-0
concurrency_n20_20260613_003304_redis_feed8_rep1,redis,sb:events:n20:feed8:rep1,26c4a926-4865-4d01-8e8b-bac1887ad37c,3895113,208,16809262700,16809296300,1781307209002-0
concurrency_n20_20260613_003304_redis_feed8_rep1,redis,sb:events:n20:feed8:rep1,04599be4-bb7c-4eaf-a3ff-bf64dd1387e3,3895113,208,16811408900,16811433200,1781307209006-0
concurrency_n20_20260613_003304_redis_feed8_rep1,redis,sb:events:n20:feed8:rep1,9719df55-b7b8-4c59-8bff-7836593b60db,3895052,208,16813038700,16813062500,1781307209008-0
concurrency_n20_20260613_003304_redis_feed8_rep1,redis,sb:events:n20:feed8:rep1,b7290de5-2a10-4d8a-a1a8-0e2b15375389,3895086,208,16814521000,16814548200,1781307209010-0
concurrency_n20_20260613_003304_redis_feed8_rep1,redis,sb:events:n20:feed8:rep1,4258a04b-4181-4823-b873-53c15c996900,3895086,208,16816742200,16816769400,1781307209014-0
concurrency_n20_20260613_003304_redis_feed8_rep1,redis,sb:events:n20:feed8:rep1,4d1d6542-05df-4c99-9ee1-4fc448d04be3,3895086,208,16819181400,16819205400,1781307209016-0
concurrency_n20_20260613_003304_redis_feed8_rep1,redis,sb:events:n20:feed8:rep1,d64c9e2b-97e5-44a9-8b6c-f04d5a513555,3895074,209,16820707600,16820733700,1781307209018-0
concurrency_n20_20260613_003304_redis_feed8_rep1,redis,sb:events:n20:feed8:rep1,93fa55a4-e47d-46f3-ad8a-56d96f4f49e9,3895074,209,16823519800,16823548500,1781307209019-0
concurrency_n20_20260613_003304_redis_feed8_rep1,redis,sb:events:n20:feed8:rep1,4be842db-8609-483d-b4f7-44b716327f31,3895074,209,16825101200,16825126400,1781307209037-0
concurrency_n20_20260613_003304_redis_feed8_rep1,redis,sb:events:n20:feed8:rep1,13720ec3-e32a-441f-b0df-ff023e7b6d7a,3895113,209,16826492500,16826554000,1781307209040-0
concurrency_n20_20260613_003304_redis_feed8_rep1,redis,sb:events:n20:feed8:rep1,19a92bc2-a7fb-4ca4-989f-c23629388f2f,3895113,209,16828782100,16828817300,1781307209042-0
concurrency_n20_20260613_003304_redis_feed8_rep1,redis,sb:events:n20:feed8:rep1,b935b96c-0415-4c16-89fd-78aa77b5a5c3,3895113,209,16830448400,16830475400,1781307209044-0
concurrency_n20_20260613_003304_redis_feed8_rep1,redis,sb:events:n20:feed8:rep1,cdda1d46-0250-4c23-8f29-ce4dab162b4f,3895134,209,16831530600,16831616200,1781307209046-0
concurrency_n20_20260613_003304_redis_feed8_rep1,redis,sb:events:n20:feed8:rep1,570d413f-e9ef-4233-be62-293f256249c7,3895052,209,16832302800,16832322600,1781307209053-0
concurrency_n20_20260613_003304_redis_feed8_rep1,redis,sb:events:n20:feed8:rep1,5b787a90-5908-442c-948c-798530d53b46,3895052,209,16835400900,16835431100,1781307209055-0
concurrency_n20_20260613_003304_redis_feed8_rep1,redis,sb:events:n20:feed8:rep1,4bb1ab04-da7c-4321-9d6a-95c972ef344b,3895086,209,16836752200,16836880800,1781307209058-0
concurrency_n20_20260613_003304_redis_feed8_rep1,redis,sb:events:n20:feed8:rep1,97ef2d61-cf0c-471f-8a42-5bfe3262fef9,3895086,209,16837973700,16837990200,1781307209060-0
concurrency_n20_20260613_003304_redis_feed8_rep1,redis,sb:events:n20:feed8:rep1,9267cb15-62bc-4b7f-a3c3-c6b40cc52a6a,3895113,210,16838798200,16838820000,1781307209061-0
concurrency_n20_20260613_003304_redis_feed8_rep1,redis,sb:events:n20:feed8:rep1,239820ad-e7f1-40cb-a928-1cfe1679be04,3895134,210,16839808100,16839825300,1781307209067-0
concurrency_n20_20260613_003304_redis_feed8_rep1,redis,sb:events:n20:feed8:rep1,a2b0fac8-412f-4cb6-9667-0773efa73656,3895113,210,16842632700,16842678100,1781307209068-0
concurrency_n20_20260613_003304_redis_feed8_rep1,redis,sb:events:n20:feed8:rep1,f61695ae-1555-43e1-8510-28e0b90b24e6,3895134,210,16843701800,16843724100,1781307209070-0
concurrency_n20_20260613_003304_redis_feed8_rep1,redis,sb:events:n20:feed8:rep1,68e1846d-61ff-468c-a399-ffb99c8d7222,3895134,210,16845714400,16845737600,1781307209072-0
concurrency_n20_20260613_003304_redis_feed8_rep1,redis,sb:events:n20:feed8:rep1,7639e7d7-5107-41b0-8fe1-04a1f8217001,3895086,210,16847766400,16847792700,1781307209075-0
concurrency_n20_20260613_003304_redis_feed8_rep1,redis,sb:events:n20:feed8:rep1,b4096be6-9255-486d-85ef-fb1f82c24839,3895086,210,16852371100,16852398700,1781307209077-0
concurrency_n20_20260613_003304_redis_feed8_rep1,redis,sb:events:n20:feed8:rep1,5f9b6b59-8a14-499f-884b-87313d1ddc01,3895086,210,16854247600,16854274600,1781307209078-0
concurrency_n20_20260613_003304_redis_feed8_rep1,redis,sb:events:n20:feed8:rep1,9b52a8fd-9c5c-4293-8259-7ec03f352235,3895107,210,16855564900,16855586700,1781307209079-0
concurrency_n20_20260613_003304_redis_feed8_rep1,redis,sb:events:n20:feed8:rep1,79126be9-b946-4db5-9e70-c0ea00b5d931,3895086,210,16859078400,16859108900,1781307209080-0
concurrency_n20_20260613_003304_redis_feed8_rep1,redis,sb:events:n20:feed8:rep1,71a926aa-c491-4365-8962-c40080f63fc7,3895060,211,16860670000,16860698300,1781307209081-0
concurrency_n20_20260613_003304_redis_feed8_rep1,redis,sb:events:n20:feed8:rep1,62826bb6-cd29-4a46-8c39-b821f1ffa487,3895113,211,16864017100,16864046300,1781307209083-0
concurrency_n20_20260613_003304_redis_feed8_rep1,redis,sb:events:n20:feed8:rep1,afd87378-26f0-4ddc-b981-bf98a48e8363,3895113,211,16864974100,16865010300,1781307209085-0
concurrency_n20_20260613_003304_redis_feed8_rep1,redis,sb:events:n20:feed8:rep1,2866550d-a28c-47d4-96c3-4bfb70dc24b3,3895134,211,16866047800,16866127300,1781307209086-0
concurrency_n20_20260613_003304_redis_feed8_rep1,redis,sb:events:n20:feed8:rep1,6a500abf-1afa-42d0-8321-40d31eb3fc9b,3895113,211,16867020500,16867041200,1781307209087-0
concurrency_n20_20260613_003304_redis_feed8_rep1,redis,sb:events:n20:feed8:rep1,4a13e529-c528-425f-bc58-c94138612ed7,3895134,211,16868885600,16868909200,1781307209089-0
concurrency_n20_20260613_003304_redis_feed8_rep1,redis,sb:events:n20:feed8:rep1,d18ac035-ae5f-403f-9a29-8c95cb4c9a98,3895107,211,16870737300,16870764500,1781307209091-0
concurrency_n20_20260613_003304_redis_feed8_rep1,redis,sb:events:n20:feed8:rep1,b33bd1db-ae78-4fe9-868f-2497d774e37b,3895107,211,16871870800,16871897800,1781307209093-0
concurrency_n20_20260613_003304_redis_feed8_rep1,redis,sb:events:n20:feed8:rep1,42646d1f-6ac6-47cf-91e9-5902162f9945,3895067,212,16873524900,16873548000,1781307209096-0
concurrency_n20_20260613_003304_redis_feed8_rep1,redis,sb:events:n20:feed8:rep1,f018ba31-3864-4bbd-b90b-5aba86ec11fb,3895067,212,16892050400,16892081700,1781307209098-0
concurrency_n20_20260613_003304_redis_feed8_rep1,redis,sb:events:n20:feed8:rep1,6814a9dc-5fb8-4566-b386-654ab7b93302,3895113,212,16893246700,16893270100,1781307209099-0
concurrency_n20_20260613_003304_redis_feed8_rep1,redis,sb:events:n20:feed8:rep1,3382d742-d5a5-471e-9108-83ef9eec6586,3895134,212,16895254900,16895282800,1781307209103-0
concurrency_n20_20260613_003304_redis_feed8_rep1,redis,sb:events:n20:feed8:rep1,fbfe8ca5-7c5c-45b7-98af-4a38bc6a58c0,3895134,212,16896572800,16896598600,1781307209105-0
concurrency_n20_20260613_003304_redis_feed8_rep1,redis,sb:events:n20:feed8:rep1,7bfcca6d-5cb1-42ff-966a-0c3ecfb1a8b1,3895086,212,16898184000,16898259600,1781307209106-0
concurrency_n20_20260613_003304_redis_feed8_rep1,redis,sb:events:n20:feed8:rep1,bf4cb337-a622-4e43-9a61-3920c8482d90,3895086,212,16899808800,16899875000,1781307209111-0
concurrency_n20_20260613_003304_redis_feed8_rep1,redis,sb:events:n20:feed8:rep1,32e37a91-895f-44df-9efa-f0f03cdb0c4f,3895107,212,16901127300,16901149200,1781307209112-0
concurrency_n20_20260613_003304_redis_feed8_rep1,redis,sb:events:n20:feed8:rep1,84ec7ad7-a2e5-4993-9fc8-c0d48a121d5f,3895086,212,16907878300,16907905600,1781307209114-0
concurrency_n20_20260613_003304_redis_feed8_rep1,redis,sb:events:n20:feed8:rep1,da0d2ca8-0650-47d0-8bf6-ff69268155fa,3895107,212,16909517200,16909545300,1781307209119-0
concurrency_n20_20260613_003304_redis_feed8_rep1,redis,sb:events:n20:feed8:rep1,201204b4-ddca-4e95-879d-5ea29aeab663,3895086,212,16910580300,16910602500,1781307209121-0
concurrency_n20_20260613_003304_redis_feed8_rep1,redis,sb:events:n20:feed8:rep1,b29c3caf-f291-487b-beb4-72c6aca45001,3895113,213,16914259000,16914393400,1781307209122-0
concurrency_n20_20260613_003304_redis_feed8_rep1,redis,sb:events:n20:feed8:rep1,ddf078ee-315b-435b-ac43-e33e19103b6a,3895113,213,16919565400,16919593500,1781307209124-0
concurrency_n20_20260613_003304_redis_feed8_rep1,redis,sb:events:n20:feed8:rep1,84d35a0c-988c-4977-8841-814426dca458,3895086,213,16921761200,16921796700,1781307209125-0
concurrency_n20_20260613_003304_redis_feed8_rep1,redis,sb:events:n20:feed8:rep1,9bcffd13-f0d8-4e1d-ba3b-73bcb59832fe,3895067,214,16924938900,16924968900,1781307209128-0
concurrency_n20_20260613_003304_redis_feed8_rep1,redis,sb:events:n20:feed8:rep1,a3f06e72-c4ae-4963-a365-b410eb92d1d0,3895067,214,16929624000,16929767500,1781307209130-0
concurrency_n20_20260613_003304_redis_feed8_rep1,redis,sb:events:n20:feed8:rep1,b15b063c-fba0-4b35-93e3-12c1ab5450b3,3895052,214,16930758000,16930785300,1781307209131-0
concurrency_n20_20260613_003304_redis_feed8_rep1,redis,sb:events:n20:feed8:rep1,1425eb5d-7c5a-4987-aab0-f7ff7f3acedc,3895113,214,16932046300,16932066300,1781307209132-0
concurrency_n20_20260613_003304_redis_feed8_rep1,redis,sb:events:n20:feed8:rep1,0f14de1c-8327-414a-834f-c3c395569755,3895107,214,16933515400,16933538500,1781307209134-0
concurrency_n20_20260613_003304_redis_feed8_rep1,redis,sb:events:n20:feed8:rep1,6027d630-8427-4341-9c7a-6b0b930e7fa6,3895107,214,16938759000,16938794400,1781307209135-0
concurrency_n20_20260613_003304_redis_feed8_rep1,redis,sb:events:n20:feed8:rep1,67c684b6-21b0-4bca-a0f4-3bd1a85e22a6,3895107,214,16939841600,16939867500,1781307209136-0
concurrency_n20_20260613_003304_redis_feed8_rep1,redis,sb:events:n20:feed8:rep1,c4297aed-1578-4f7d-b3d7-84dda385543a,3895107,214,16941073900,16941092400,1781307209145-0
concurrency_n20_20260613_003304_redis_feed8_rep1,redis,sb:events:n20:feed8:rep1,d28de1d9-1e74-4c52-9ddc-06e3482170e7,3895067,215,16943030100,16943067600,1781307209164-0
concurrency_n20_20260613_003304_redis_feed8_rep1,redis,sb:events:n20:feed8:rep1,ff873195-aa1c-4298-8568-dce7bf70b436,3895134,215,16944632300,16944692100,1781307209166-0
concurrency_n20_20260613_003304_redis_feed8_rep1,redis,sb:events:n20:feed8:rep1,d4f8880a-988d-4749-a014-2e6b53254c19,3895134,215,16945662800,16945684700,1781307209168-0
concurrency_n20_20260613_003304_redis_feed8_rep1,redis,sb:events:n20:feed8:rep1,1a822961-d503-4596-8ec9-1bc05cad3460,3895113,215,16947104900,16947127300,1781307209170-0
concurrency_n20_20260613_003304_redis_feed8_rep1,redis,sb:events:n20:feed8:rep1,cd89e398-e369-46dc-a7d4-4117da82031c,3895086,215,16964856900,16964887000,1781307209171-0
concurrency_n20_20260613_003304_redis_feed8_rep1,redis,sb:events:n20:feed8:rep1,8db50a50-2ec9-42fc-b4cc-d13dc6589780,3895086,215,16980941300,16980970300,1781307209173-0
concurrency_n20_20260613_003304_redis_feed8_rep1,redis,sb:events:n20:feed8:rep1,84e78054-b076-42f7-bc12-ff47c8e945fa,3895086,215,16988576300,16988603600,1781307209174-0
concurrency_n20_20260613_003304_redis_feed8_rep1,redis,sb:events:n20:feed8:rep1,effc07b6-46d7-43a9-8648-38c71c70a9a8,3895086,215,16991918500,16991945900,1781307209175-0
concurrency_n20_20260613_003304_redis_feed8_rep1,redis,sb:events:n20:feed8:rep1,52a2e3c3-a9c4-4501-a1b4-4d8cb93d42a4,3895067,216,16993895000,16993919600,1781307209179-0
concurrency_n20_20260613_003304_redis_feed8_rep1,redis,sb:events:n20:feed8:rep1,9ad7ef2d-3ff8-4405-ae02-356ff60ae4b8,3895067,216,16995231100,16995256800,1781307209182-0
concurrency_n20_20260613_003304_redis_feed8_rep1,redis,sb:events:n20:feed8:rep1,4866a692-7e59-4811-a95d-c7173eeb85fe,3895052,216,16998324000,16998346400,1781307209184-0
concurrency_n20_20260613_003304_redis_feed8_rep1,redis,sb:events:n20:feed8:rep1,9b6cc51b-41c3-44f2-b430-c1cdea81a90b,3895052,216,17003797400,17003822400,1781307209185-0
concurrency_n20_20260613_003304_redis_feed8_rep1,redis,sb:events:n20:feed8:rep1,9d7289ce-6be1-4143-a8b3-500601193388,3895052,216,17021184000,17021208500,1781307209186-0
concurrency_n20_20260613_003304_redis_feed8_rep1,redis,sb:events:n20:feed8:rep1,737abe3b-aa88-491c-a52d-b8c487a82f4d,3895107,216,17022790000,17022842900,1781307209188-0
concurrency_n20_20260613_003304_redis_feed8_rep1,redis,sb:events:n20:feed8:rep1,3b23f496-60ff-4fba-ba75-148e46a67145,3895107,216,17024010700,17024035700,1781307209190-0
concurrency_n20_20260613_003304_redis_feed8_rep1,redis,sb:events:n20:feed8:rep1,2b193e7e-db6f-47bc-aa3d-669b3558e349,3895086,216,17029365800,17029395900,1781307209192-0
concurrency_n20_20260613_003304_redis_feed8_rep1,redis,sb:events:n20:feed8:rep1,6c368dc2-0542-452b-b5e5-92eac02be8eb,3895107,216,17030200100,17030297600,1781307209194-0
concurrency_n20_20260613_003304_redis_feed8_rep1,redis,sb:events:n20:feed8:rep1,82247b75-13da-4c3e-8b3b-8065f32b78b8,3895086,216,17065747500,17065774700,1781307209197-0
concurrency_n20_20260613_003304_redis_feed8_rep1,redis,sb:events:n20:feed8:rep1,9ed80495-b704-41b7-8b60-d8810f21b41a,3895086,216,17067961000,17067989500,1781307209199-0
concurrency_n20_20260613_003304_redis_feed8_rep1,redis,sb:events:n20:feed8:rep1,a0cfcf0d-f03d-46ec-8dcc-194639d0c715,3895052,217,17069706100,17069733800,1781307209200-0
concurrency_n20_20260613_003304_redis_feed8_rep1,redis,sb:events:n20:feed8:rep1,4b21d046-f779-4e7c-99c5-f2eee961332c,3895052,217,17070736800,17070771000,1781307209201-0
concurrency_n20_20260613_003304_redis_feed8_rep1,redis,sb:events:n20:feed8:rep1,f9c9fee3-cf79-49ac-9ad2-61b7b2b70ba6,3895113,217,17071795100,17071818300,1781307209203-0
concurrency_n20_20260613_003304_redis_feed8_rep1,redis,sb:events:n20:feed8:rep1,759d33c3-6e07-4e8d-ac38-cd66fee1a93d,3895113,217,17076849400,17077263100,1781307209204-0
concurrency_n20_20260613_003304_redis_feed8_rep1,redis,sb:events:n20:feed8:rep1,7c486de8-3484-44cd-9325-e0bdadc0adde,3895086,217,17078563900,17078588600,1781307209205-0
concurrency_n20_20260613_003304_redis_feed8_rep1,redis,sb:events:n20:feed8:rep1,697de738-1ddd-4a69-a641-ed6e57aa15ca,3895086,217,17079613000,17079650000,1781307209206-0
concurrency_n20_20260613_003304_redis_feed8_rep1,redis,sb:events:n20:feed8:rep1,b16a70eb-a994-4ce1-b690-c2b190dc53b3,3895067,218,17081093300,17081118600,1781307209213-0
concurrency_n20_20260613_003304_redis_feed8_rep1,redis,sb:events:n20:feed8:rep1,f9bff61d-0d29-4680-ac6c-4a1f22f13c91,3895052,218,17086028700,17086054500,1781307209214-0
concurrency_n20_20260613_003304_redis_feed8_rep1,redis,sb:events:n20:feed8:rep1,9d5a3faa-7ecb-4013-ba26-df5791af290b,3895052,218,17087639500,17087761400,1781307209215-0
concurrency_n20_20260613_003304_redis_feed8_rep1,redis,sb:events:n20:feed8:rep1,0bbc4516-a191-4b32-8e92-939ac38cf11b,3895134,218,17088945000,17088970600,1781307209219-0
concurrency_n20_20260613_003304_redis_feed8_rep1,redis,sb:events:n20:feed8:rep1,2f6d0952-ddfa-48dd-9012-82b7ed01fb05,3895134,218,17091891100,17091922700,1781307209237-0
concurrency_n20_20260613_003304_redis_feed8_rep1,redis,sb:events:n20:feed8:rep1,00901f4d-0730-42c8-8f1d-033622de7271,3895134,218,17093625500,17093651900,1781307209259-0
concurrency_n20_20260613_003304_redis_feed8_rep1,redis,sb:events:n20:feed8:rep1,0cb25576-201c-4a78-a596-00de3fef253a,3895134,218,17095267300,17095295300,1781307209263-0
concurrency_n20_20260613_003304_redis_feed8_rep1,redis,sb:events:n20:feed8:rep1,c506cd0d-1f5b-444a-94b3-eb29d05bef57,3895067,219,17096905400,17096936500,1781307209265-0
concurrency_n20_20260613_003304_redis_feed8_rep1,redis,sb:events:n20:feed8:rep1,fd56f5f1-17ec-498b-9a96-d4b52d2940cc,3895067,219,17098331000,17098357300,1781307209268-0
concurrency_n20_20260613_003304_redis_feed8_rep1,redis,sb:events:n20:feed8:rep1,a8c0d779-a323-4652-980a-c22ae4f20204,3895074,219,17099962000,17099984800,1781307209270-0
concurrency_n20_20260613_003304_redis_feed8_rep1,redis,sb:events:n20:feed8:rep1,6eba3fdc-1e7b-4669-a60e-a2bf7c9c96fe,3895052,219,17102566400,17102594400,1781307209272-0
concurrency_n20_20260613_003304_redis_feed8_rep1,redis,sb:events:n20:feed8:rep1,3e42c418-9417-42a7-ad68-351e0e79f13e,3895052,219,17105235100,17105265700,1781307209273-0
concurrency_n20_20260613_003304_redis_feed8_rep1,redis,sb:events:n20:feed8:rep1,b576f3fc-25f9-41b4-acbe-d50795eb237b,3895134,219,17131295100,17131322900,1781307209274-0
concurrency_n20_20260613_003304_redis_feed8_rep1,redis,sb:events:n20:feed8:rep1,91238aa1-991a-43f5-b2e8-791de16a6e6d,3895134,219,17133903200,17133944400,1781307209288-0
concurrency_n20_20260613_003304_redis_feed8_rep1,redis,sb:events:n20:feed8:rep1,95ca5c4c-b90a-48aa-938f-b9cf437c66d4,3895134,219,17137365800,17137390900,1781307209290-0
concurrency_n20_20260613_003304_redis_feed8_rep1,redis,sb:events:n20:feed8:rep1,1f7b9fa4-26f2-46d7-87a3-5fb28d91f8df,3895086,219,17141773100,17141794000,1781307209292-0
concurrency_n20_20260613_003304_redis_feed8_rep1,redis,sb:events:n20:feed8:rep1,15a5bdbb-29ea-4562-be43-cc71f22d37a2,3895067,220,17143019000,17143055400,1781307209293-0
concurrency_n20_20260613_003304_redis_feed8_rep1,redis,sb:events:n20:feed8:rep1,b6aac65b-a04a-44bf-b4cf-1f16b6de6536,3895074,220,17144064100,17144092500,1781307209295-0
concurrency_n20_20260613_003304_redis_feed8_rep1,redis,sb:events:n20:feed8:rep1,bccd8c47-0541-4ee3-b82f-9e67fec67685,3895074,220,17145231100,17145254400,1781307209296-0
concurrency_n20_20260613_003304_redis_feed8_rep1,redis,sb:events:n20:feed8:rep1,8cb6c1bb-9279-48f1-b6ad-94a0df91cd4b,3895074,220,17164809600,17164838500,1781307209321-0
concurrency_n20_20260613_003304_redis_feed8_rep1,redis,sb:events:n20:feed8:rep1,1e7a833e-5cc5-45e1-8e8a-777177080f36,3895134,220,17166441800,17166466200,1781307209338-0
concurrency_n20_20260613_003304_redis_feed8_rep1,redis,sb:events:n20:feed8:rep1,f32c59c0-240e-42e9-8069-8810d8e67cfd,3895086,220,17167183900,17167245000,1781307209348-0
concurrency_n20_20260613_003304_redis_feed8_rep1,redis,sb:events:n20:feed8:rep1,d5f683d9-9d90-4c1e-b87b-b33b5413b8e7,3895086,220,17167932800,17167952500,1781307209349-0
concurrency_n20_20260613_003304_redis_feed8_rep1,redis,sb:events:n20:feed8:rep1,e8c6da09-655a-4bf7-b2eb-0fc030baaa8d,3895067,221,17168909000,17168927300,1781307209351-0
concurrency_n20_20260613_003304_redis_feed8_rep1,redis,sb:events:n20:feed8:rep1,4aedbc0a-02ad-4a1e-a658-3ffdbdf44e9a,3895067,221,17171557300,17171584800,1781307209358-0
concurrency_n20_20260613_003304_redis_feed8_rep1,redis,sb:events:n20:feed8:rep1,d02f67c1-7b6c-473c-b7a3-b95039112785,3895067,221,17172910300,17172956800,1781307209360-0
concurrency_n20_20260613_003304_redis_feed8_rep1,redis,sb:events:n20:feed8:rep1,ec09950a-6639-4067-a881-504bad1855c3,3895074,221,17173867300,17173888600,1781307209361-0
concurrency_n20_20260613_003304_redis_feed8_rep1,redis,sb:events:n20:feed8:rep1,a9de5d14-4077-4efa-bdef-93a5dfe13ee5,3895074,221,17174883900,17174906500,1781307209364-0
concurrency_n20_20260613_003304_redis_feed8_rep1,redis,sb:events:n20:feed8:rep1,bd15630a-3c02-4c22-9769-4be927977952,3895074,221,17176619400,17176649800,1781307209368-0
concurrency_n20_20260613_003304_redis_feed8_rep1,redis,sb:events:n20:feed8:rep1,49febf50-2306-4c19-a94e-c8c9bdac5e80,3895052,221,17178134500,17178297500,1781307209370-0
concurrency_n20_20260613_003304_redis_feed8_rep1,redis,sb:events:n20:feed8:rep1,efb1609c-eb3b-4cc6-b617-6491e121da08,3895113,221,17179784500,17179809300,1781307209374-0
concurrency_n20_20260613_003304_redis_feed8_rep1,redis,sb:events:n20:feed8:rep1,d3b4d9da-a36c-486b-8bf2-be36d0654638,3895052,221,17180764100,17180783900,1781307209375-0
concurrency_n20_20260613_003304_redis_feed8_rep1,redis,sb:events:n20:feed8:rep1,68eaf4af-0687-45a2-a2ed-83fb312ec606,3895134,221,17182441300,17182467000,1781307209378-0
concurrency_n20_20260613_003304_redis_feed8_rep1,redis,sb:events:n20:feed8:rep1,46d8d187-f75a-4cac-adb4-c815388da2ab,3895134,221,17183897100,17183918200,1781307209379-0
concurrency_n20_20260613_003304_redis_feed8_rep1,redis,sb:events:n20:feed8:rep1,44e5fbc3-8f44-4f10-9a3f-808ec330cdb3,3895074,222,17185282700,17185303000,1781307209381-0
concurrency_n20_20260613_003304_redis_feed8_rep1,redis,sb:events:n20:feed8:rep1,ec9ce405-e079-4a8e-9b40-92f04fe5a165,3895113,222,17188030100,17188053500,1781307209398-0
concurrency_n20_20260613_003304_redis_feed8_rep1,redis,sb:events:n20:feed8:rep1,b8d67360-7f6b-4662-a00d-fed1eb6f1ba6,3895052,222,17233233700,17233255400,1781307209405-0
concurrency_n20_20260613_003304_redis_feed8_rep1,redis,sb:events:n20:feed8:rep1,72b9cec9-3dd7-4af1-bf25-0a2eebf04a58,3895113,222,17235043700,17235620700,1781307209406-0
concurrency_n20_20260613_003304_redis_feed8_rep1,redis,sb:events:n20:feed8:rep1,7261a548-7067-4e82-8a86-962feb5db893,3895113,222,17237108200,17237141400,1781307209410-0
concurrency_n20_20260613_003304_redis_feed8_rep1,redis,sb:events:n20:feed8:rep1,b9c709df-968d-4bf9-b500-02ffcbb3b0e7,3895134,222,17239430100,17239455500,1781307209412-0
concurrency_n20_20260613_003304_redis_feed8_rep1,redis,sb:events:n20:feed8:rep1,42195328-dbd6-4c26-910e-de4b15538b0f,3895086,222,17240908000,17240984100,1781307209414-0
concurrency_n20_20260613_003304_redis_feed8_rep1,redis,sb:events:n20:feed8:rep1,07f2b7b2-4c41-4472-9cf5-d4da0b98eeda,3895067,223,17242435000,17242458800,1781307209415-0
concurrency_n20_20260613_003304_redis_feed8_rep1,redis,sb:events:n20:feed8:rep1,0a0878a4-ad4c-4683-9ea5-f01aa86197b5,3895067,223,17245256200,17245374100,1781307209417-0
concurrency_n20_20260613_003304_redis_feed8_rep1,redis,sb:events:n20:feed8:rep1,117347bf-5b19-4163-9c30-86cbb965d427,3895074,223,17246649300,17246674300,1781307209434-0
concurrency_n20_20260613_003304_redis_feed8_rep1,redis,sb:events:n20:feed8:rep1,8e99e685-dd80-45dd-8981-f51bb118dc83,3895074,223,17249385100,17249411400,1781307209436-0
concurrency_n20_20260613_003304_redis_feed8_rep1,redis,sb:events:n20:feed8:rep1,612591bc-c324-4919-a995-e3739095e49c,3895113,223,17250591800,17250613700,1781307209441-0
concurrency_n20_20260613_003304_redis_feed8_rep1,redis,sb:events:n20:feed8:rep1,2797ae7a-31ad-4d05-82f7-314d6b0d7f0b,3895113,223,17251946600,17251971100,1781307209442-0
concurrency_n20_20260613_003304_redis_feed8_rep1,redis,sb:events:n20:feed8:rep1,921500ef-de3c-4656-8792-6c085c592225,3895134,223,17252920700,17252944700,1781307209444-0
concurrency_n20_20260613_003304_redis_feed8_rep1,redis,sb:events:n20:feed8:rep1,ac6bb7f3-aed3-4799-9573-acfb89f3b71e,3895134,223,17253940200,17253999800,1781307209447-0
concurrency_n20_20260613_003304_redis_feed8_rep1,redis,sb:events:n20:feed8:rep1,c36f907d-331e-45b1-b44d-66fc6e330da0,3895134,223,17254946900,17254969900,1781307209449-0
concurrency_n20_20260613_003304_redis_feed8_rep1,redis,sb:events:n20:feed8:rep1,f8c6d770-8b1d-4ed6-9a99-24226d8cbdf3,3895134,223,17259806000,17259831600,1781307209451-0
concurrency_n20_20260613_003304_redis_feed8_rep1,redis,sb:events:n20:feed8:rep1,30a84c8b-f2f6-42dd-8110-cc61373e72f3,3895067,224,17261075300,17261099200,1781307209452-0
concurrency_n20_20260613_003304_redis_feed8_rep1,redis,sb:events:n20:feed8:rep1,4beb105f-9c3d-42ce-b3e9-a5ec0bf4ae78,3895074,224,17261936500,17261956000,1781307209453-0
concurrency_n20_20260613_003304_redis_feed8_rep1,redis,sb:events:n20:feed8:rep1,36f7128d-31b5-4f4f-b928-79e4bb8363ab,3895052,224,17263028600,17263062600,1781307209455-0
concurrency_n20_20260613_003304_redis_feed8_rep1,redis,sb:events:n20:feed8:rep1,59f0b2e1-491d-4e57-b6a3-12c2fbbbe40c,3895086,224,17264501800,17264531400,1781307209457-0
concurrency_n20_20260613_003304_redis_feed8_rep1,redis,sb:events:n20:feed8:rep1,3cdada44-254e-4a8e-afeb-1b005eb7fa46,3895086,224,17267966800,17268042900,1781307209458-0
concurrency_n20_20260613_003304_redis_feed8_rep1,redis,sb:events:n20:feed8:rep1,a3d1e34d-213d-496b-b366-c0ffd8acda77,3895086,224,17269554500,17269596700,1781307209459-0
concurrency_n20_20260613_003304_redis_feed8_rep1,redis,sb:events:n20:feed8:rep1,312035b9-b0d9-4e96-878f-1b32c7e13c81,3895067,225,17271258500,17271379900,1781307209461-0
concurrency_n20_20260613_003304_redis_feed8_rep1,redis,sb:events:n20:feed8:rep1,a32369fd-1200-449f-80ad-b2af4e7110a2,3895067,225,17289451600,17289477500,1781307209462-0
concurrency_n20_20260613_003304_redis_feed8_rep1,redis,sb:events:n20:feed8:rep1,0dc809b6-6308-4d9c-a41f-545c23bf0589,3895067,225,17305895300,17305921300,1781307209504-0
concurrency_n20_20260613_003304_redis_feed8_rep1,redis,sb:events:n20:feed8:rep1,38ad36eb-ec4c-4f83-b317-19f4d1ace560,3895074,225,17307632500,17307672100,1781307209506-0
concurrency_n20_20260613_003304_redis_feed8_rep1,redis,sb:events:n20:feed8:rep1,17c71536-01d7-4a85-a272-2c0a487d2e0a,3895074,225,17308844500,17308880800,1781307209508-0
concurrency_n20_20260613_003304_redis_feed8_rep1,redis,sb:events:n20:feed8:rep1,54f5fa44-6b26-4324-908d-f6d7d7266f9c,3895074,225,17343635900,17343671700,1781307209510-0
concurrency_n20_20260613_003304_redis_feed8_rep1,redis,sb:events:n20:feed8:rep1,ccb3fd0e-fe0a-423e-9e61-033b0f21b4bf,3895074,225,17346468400,17346497700,1781307209512-0
concurrency_n20_20260613_003304_redis_feed8_rep1,redis,sb:events:n20:feed8:rep1,a039a837-87cf-4f48-b863-3cea80abbb81,3895074,225,17347943800,17347967300,1781307209513-0
concurrency_n20_20260613_003304_redis_feed8_rep1,redis,sb:events:n20:feed8:rep1,468444c9-5267-4753-a238-4a226dc4ee80,3895074,225,17349677300,17349703800,1781307209514-0
concurrency_n20_20260613_003304_redis_feed8_rep1,redis,sb:events:n20:feed8:rep1,72f703c6-b9b4-4edd-88b5-3d0684f2468f,3895052,225,17382730300,17382754000,1781307209517-0
concurrency_n20_20260613_003304_redis_feed8_rep1,redis,sb:events:n20:feed8:rep1,b296ceac-b0af-48e2-98c4-ceff5443fa35,3895052,225,17384145700,17384164800,1781307209519-0
concurrency_n20_20260613_003304_redis_feed8_rep1,redis,sb:events:n20:feed8:rep1,3f6ce352-2e57-43ff-9619-276a1464f100,3895086,225,17386309200,17386334900,1781307209521-0
concurrency_n20_20260613_003304_redis_feed8_rep1,redis,sb:events:n20:feed8:rep1,55a73469-4b77-43b5-b9ba-67435754b68e,3895067,226,17388140500,17388163900,1781307209526-0
concurrency_n20_20260613_003304_redis_feed8_rep1,redis,sb:events:n20:feed8:rep1,7b1f0d68-1df6-4ff3-be96-47942dd2eef6,3895067,226,17389965400,17389993200,1781307209528-0
concurrency_n20_20260613_003304_redis_feed8_rep1,redis,sb:events:n20:feed8:rep1,a000cd00-afea-44aa-8120-d29280171b7d,3895067,226,17392873300,17392900400,1781307209529-0
concurrency_n20_20260613_003304_redis_feed8_rep1,redis,sb:events:n20:feed8:rep1,95a18591-415c-424d-a2ff-26070eab2674,3895074,226,17394188900,17394212300,1781307209531-0
concurrency_n20_20260613_003304_redis_feed8_rep1,redis,sb:events:n20:feed8:rep1,c969da32-3389-4ceb-86df-e66b125bb8dd,3895074,226,17394907500,17394926700,1781307209532-0
concurrency_n20_20260613_003304_redis_feed8_rep1,redis,sb:events:n20:feed8:rep1,a6bde494-d72e-4a63-bc38-9da5141d574f,3895113,226,17396522800,17396551700,1781307209533-0
concurrency_n20_20260613_003304_redis_feed8_rep1,redis,sb:events:n20:feed8:rep1,f859cc08-8afc-4e42-9cc2-a8870064f3ac,3895134,226,17398368700,17398387700,1781307209537-0
concurrency_n20_20260613_003304_redis_feed8_rep1,redis,sb:events:n20:feed8:rep1,e4a8be8c-78d4-45a8-b457-619f46e37583,3895086,226,17399845500,17399868400,1781307209538-0
concurrency_n20_20260613_003304_redis_feed8_rep1,redis,sb:events:n20:feed8:rep1,6bad8316-afef-4ab2-82b5-b1df55799e71,3895086,226,17403829500,17403855600,1781307209543-0
concurrency_n20_20260613_003304_redis_feed8_rep1,redis,sb:events:n20:feed8:rep1,7c659f16-3145-4393-96ad-541b504c8f13,3895052,227,17404654900,17404679600,1781307209569-0
concurrency_n20_20260613_003304_redis_feed8_rep1,redis,sb:events:n20:feed8:rep1,d53b30ec-a2c0-4e13-8619-f7aace475d28,3895052,227,17407496100,17407539600,1781307209572-0
concurrency_n20_20260613_003304_redis_feed8_rep1,redis,sb:events:n20:feed8:rep1,0a1c6ca1-fe45-44d6-8a4b-a990da408347,3895134,227,17410085700,17410143500,1781307209575-0
concurrency_n20_20260613_003304_redis_feed8_rep1,redis,sb:events:n20:feed8:rep1,c47782be-c926-4381-96d4-f5e9efe0abe9,3895134,227,17416847600,17416917900,1781307209578-0
concurrency_n20_20260613_003304_redis_feed8_rep1,redis,sb:events:n20:feed8:rep1,47586e80-e9f8-4582-b670-cac8e08d9eb0,3895086,227,17418954900,17418980600,1781307209579-0
concurrency_n20_20260613_003304_redis_feed8_rep1,redis,sb:events:n20:feed8:rep1,5c07f5c8-ab9c-4d57-9317-397ed4aba8a3,3895067,228,17442959300,17442985800,1781307209581-0
concurrency_n20_20260613_003304_redis_feed8_rep1,redis,sb:events:n20:feed8:rep1,50a3f312-2d69-4e1e-9e47-79f5677c263f,3895074,228,17444082200,17444102200,1781307209617-0
concurrency_n20_20260613_003304_redis_feed8_rep1,redis,sb:events:n20:feed8:rep1,2c36e8ae-322c-4007-b05d-b57f0fe9d6dc,3895074,228,17445373600,17445394300,1781307209619-0
concurrency_n20_20260613_003304_redis_feed8_rep1,redis,sb:events:n20:feed8:rep1,4628a48d-7c56-4d8d-a8e1-b4406f3e571a,3895074,228,17446863200,17446889900,1781307209621-0
concurrency_n20_20260613_003304_redis_feed8_rep1,redis,sb:events:n20:feed8:rep1,4545d9b9-3575-48d2-93bd-c69ed8743c82,3895113,228,17447732300,17447765300,1781307209655-0
concurrency_n20_20260613_003304_redis_feed8_rep1,redis,sb:events:n20:feed8:rep1,b1930f44-1c66-426c-8ca9-c5c9dc54fb27,3895052,228,17448921400,17448937700,1781307209657-0
concurrency_n20_20260613_003304_redis_feed8_rep1,redis,sb:events:n20:feed8:rep1,3bf3bf44-8dce-4cd8-8254-46da84e31c6a,3895113,228,17449827500,17449844000,1781307209658-0
concurrency_n20_20260613_003304_redis_feed8_rep1,redis,sb:events:n20:feed8:rep1,d6f9d7cd-642d-476b-afae-e6d251554cde,3895052,228,17450718700,17450761800,1781307209659-0
concurrency_n20_20260613_003304_redis_feed8_rep1,redis,sb:events:n20:feed8:rep1,7434581a-1e71-483e-aa97-d221e7fc61aa,3895134,228,17451685000,17451705400,1781307209661-0
concurrency_n20_20260613_003304_redis_feed8_rep1,redis,sb:events:n20:feed8:rep1,c6f3c9ce-07a4-441b-aa25-f40b9be04368,3895086,228,17452752600,17452797500,1781307209663-0
concurrency_n20_20260613_003304_redis_feed8_rep1,redis,sb:events:n20:feed8:rep1,d410fab2-bcf6-4390-a2ab-2ff03e36ec62,3895086,228,17454944600,17454969100,1781307209664-0
concurrency_n20_20260613_003304_redis_feed8_rep1,redis,sb:events:n20:feed8:rep1,15c182c8-6cae-4496-b509-7e7c3f68d3d2,3895113,229,17456685000,17456710900,1781307209665-0
concurrency_n20_20260613_003304_redis_feed8_rep1,redis,sb:events:n20:feed8:rep1,334527b5-620b-4220-940a-a70f543af21a,3895134,229,17459233600,17459265300,1781307209666-0
concurrency_n20_20260613_003304_redis_feed8_rep1,redis,sb:events:n20:feed8:rep1,1a2997c4-e48f-49ab-8746-f0ca2974c71d,3895086,229,17460558100,17460623000,1781307209668-0
concurrency_n20_20260613_003304_redis_feed8_rep1,redis,sb:events:n20:feed8:rep1,de8997e6-4537-49ca-8864-3e221f25d628,3895086,229,17461976400,17462000600,1781307209670-0
concurrency_n20_20260613_003304_redis_feed8_rep1,redis,sb:events:n20:feed8:rep1,448ff41d-a99b-4ac1-a39f-321a4e12ec50,3895086,229,17463451400,17463488500,1781307209674-0
concurrency_n20_20260613_003304_redis_feed8_rep1,redis,sb:events:n20:feed8:rep1,7d559bcd-04a3-4ecc-a6ec-e71530a6e7b4,3895074,230,17465744300,17465777700,1781307209675-0
concurrency_n20_20260613_003304_redis_feed8_rep1,redis,sb:events:n20:feed8:rep1,52a10b29-fc0a-489b-b798-04e90177816d,3895074,230,17468334200,17468361600,1781307209679-0
concurrency_n20_20260613_003304_redis_feed8_rep1,redis,sb:events:n20:feed8:rep1,85158414-113a-4b03-8a2e-9b694b28122f,3895113,230,17469845300,17469870100,1781307209681-0
concurrency_n20_20260613_003304_redis_feed8_rep1,redis,sb:events:n20:feed8:rep1,8facebaf-e405-4cc1-b901-d9d9622f02ab,3895067,231,17471434500,17471458900,1781307209684-0
concurrency_n20_20260613_003304_redis_feed8_rep1,redis,sb:events:n20:feed8:rep1,9536010e-293f-4799-9db5-e6a312a58d4a,3895067,231,17472588400,17472613600,1781307209686-0
concurrency_n20_20260613_003304_redis_feed8_rep1,redis,sb:events:n20:feed8:rep1,449ddc25-2698-4ba2-a9e6-a2ff4369f1c6,3895067,231,17475028000,17475052400,1781307209709-0
concurrency_n20_20260613_003304_redis_feed8_rep1,redis,sb:events:n20:feed8:rep1,01de2f19-a51f-4e53-add3-1887e7f141fb,3895052,231,17478228300,17478344400,1781307209711-0
concurrency_n20_20260613_003304_redis_feed8_rep1,redis,sb:events:n20:feed8:rep1,e21a8f4f-eaf7-4772-99da-dfc8385e7a48,3895052,231,17479388800,17479409500,1781307209716-0
concurrency_n20_20260613_003304_redis_feed8_rep1,redis,sb:events:n20:feed8:rep1,19409876-d733-4d93-b980-d0743f01ce5e,3895113,231,17481353100,17481377100,1781307209718-0
concurrency_n20_20260613_003304_redis_feed8_rep1,redis,sb:events:n20:feed8:rep1,e3156b87-6ea3-43f7-b7d2-1f7dfd3bff4e,3895134,231,17486136400,17486164600,1781307209719-0
concurrency_n20_20260613_003304_redis_feed8_rep1,redis,sb:events:n20:feed8:rep1,f371672d-0161-4d0a-bd85-c0524dff7741,3895134,231,17490121600,17490151300,1781307209722-0
concurrency_n20_20260613_003304_redis_feed8_rep1,redis,sb:events:n20:feed8:rep1,e3f07b41-a570-490e-9b2c-d972a7cb0edc,3895060,232,17494107500,17494137000,1781307209724-0
concurrency_n20_20260613_003304_redis_feed8_rep1,redis,sb:events:n20:feed8:rep1,22dfd210-acd0-430e-b4d4-dbc31415e8a1,3895121,232,17495252700,17495274100,1781307209725-0
concurrency_n20_20260613_003304_redis_feed8_rep1,redis,sb:events:n20:feed8:rep1,d3ca252e-b038-4198-b136-0c36063ef79d,3895113,232,17512314900,17512346000,1781307209728-0
concurrency_n20_20260613_003304_redis_feed8_rep1,redis,sb:events:n20:feed8:rep1,039192ed-5aed-4e69-8e7e-9928c5c49b7b,3895113,232,17517571200,17517595700,1781307209730-0
concurrency_n20_20260613_003304_redis_feed8_rep1,redis,sb:events:n20:feed8:rep1,6735caf3-fc12-44cd-842d-99249e4e803e,3895113,232,17519173800,17519201700,1781307209732-0
concurrency_n20_20260613_003304_redis_feed8_rep1,redis,sb:events:n20:feed8:rep1,444ec23c-e794-4af6-afd2-da112736b5ef,3895113,232,17524834400,17524868600,1781307209733-0
concurrency_n20_20260613_003304_redis_feed8_rep1,redis,sb:events:n20:feed8:rep1,21f9d66b-f01b-4398-9db0-0028ffa78501,3895113,232,17526036500,17526064900,1781307209735-0
concurrency_n20_20260613_003304_redis_feed8_rep1,redis,sb:events:n20:feed8:rep1,1207e338-9cd8-4c32-b018-d794ab1f6f07,3895134,232,17527276500,17527369800,1781307209740-0
concurrency_n20_20260613_003304_redis_feed8_rep1,redis,sb:events:n20:feed8:rep1,832d593f-b5f8-4691-98fa-d9d9f13685b7,3895086,232,17528471000,17528495100,1781307209741-0
concurrency_n20_20260613_003304_redis_feed8_rep1,redis,sb:events:n20:feed8:rep1,f52a1065-c29f-4773-a29e-eb4ae86197b2,3895086,232,17530436300,17530463300,1781307209743-0
concurrency_n20_20260613_003304_redis_feed8_rep1,redis,sb:events:n20:feed8:rep1,9d88e8a6-b03e-4292-83bd-f1cc62bae459,3895086,232,17548017600,17548039600,1781307209750-0
concurrency_n20_20260613_003304_redis_feed8_rep1,redis,sb:events:n20:feed8:rep1,3cea3b14-cd1c-4048-9e22-891601eb58d2,3895086,232,17548935100,17548978500,1781307209754-0
concurrency_n20_20260613_003304_redis_feed8_rep1,redis,sb:events:n20:feed8:rep1,d91e6bd0-fcb3-48b1-b391-00510455eafa,3895086,232,17550039700,17550094100,1781307209758-0
concurrency_n20_20260613_003304_redis_feed8_rep1,redis,sb:events:n20:feed8:rep1,a6a1302d-c9d3-4955-a001-ef2a1c9dab1d,3895060,233,17551262800,17551283400,1781307209761-0
concurrency_n20_20260613_003304_redis_feed8_rep1,redis,sb:events:n20:feed8:rep1,2d56b1ef-11bf-4ad7-a8cc-1667f5893f52,3895067,233,17552216500,17552238400,1781307209763-0
concurrency_n20_20260613_003304_redis_feed8_rep1,redis,sb:events:n20:feed8:rep1,8312772c-29b2-4250-b781-0d4b9206d9af,3895074,233,17553286200,17553307000,1781307209764-0
concurrency_n20_20260613_003304_redis_feed8_rep1,redis,sb:events:n20:feed8:rep1,2d868feb-58d1-48e7-9275-5deab319b157,3895113,233,17554303000,17554323900,1781307209765-0
concurrency_n20_20260613_003304_redis_feed8_rep1,redis,sb:events:n20:feed8:rep1,3a24294f-7eca-4180-9fd3-7eede5a85ff4,3895086,233,17555430900,17555454300,1781307209799-0
concurrency_n20_20260613_003304_redis_feed8_rep1,redis,sb:events:n20:feed8:rep1,a52af03a-9e28-4498-b74d-b084edc0f008,3895086,233,17556947800,17556979000,1781307209802-0
concurrency_n20_20260613_003304_redis_feed8_rep1,redis,sb:events:n20:feed8:rep1,d78fb2cd-3e3c-49e7-af6f-f22ceef30056,3895060,234,17558366300,17558390000,1781307209816-0
concurrency_n20_20260613_003304_redis_feed8_rep1,redis,sb:events:n20:feed8:rep1,65d4f63b-a154-42e7-b493-e2e11b0ad6eb,3895121,234,17572529800,17572557300,1781307209819-0
concurrency_n20_20260613_003304_redis_feed8_rep1,redis,sb:events:n20:feed8:rep1,d07958f0-8419-4028-89fe-fa3e4ef76e64,3895121,234,17594023700,17594048400,1781307209825-0
concurrency_n20_20260613_003304_redis_feed8_rep1,redis,sb:events:n20:feed8:rep1,88df104f-f29f-4e20-9e74-ce85b77d671f,3895067,234,17596246200,17596393600,1781307209826-0
concurrency_n20_20260613_003304_redis_feed8_rep1,redis,sb:events:n20:feed8:rep1,e2091aec-e441-4ce1-86de-5822390020ee,3895067,234,17597770600,17597795000,1781307209828-0
concurrency_n20_20260613_003304_redis_feed8_rep1,redis,sb:events:n20:feed8:rep1,82831382-fedc-4ae2-b6e3-e03321721a68,3895074,234,17598809700,17598832200,1781307209839-0
concurrency_n20_20260613_003304_redis_feed8_rep1,redis,sb:events:n20:feed8:rep1,ff0b4839-b879-4812-8cd1-fa166e2bb04f,3895074,234,17599631700,17599653000,1781307209843-0
concurrency_n20_20260613_003304_redis_feed8_rep1,redis,sb:events:n20:feed8:rep1,3284298c-aafe-4fca-937f-4f3b6f9d76a0,3895134,234,17600653500,17600696200,1781307209863-0
concurrency_n20_20260613_003304_redis_feed8_rep1,redis,sb:events:n20:feed8:rep1,8988a19a-9299-40b9-9f8f-c462076fcbfb,3895134,234,17607814000,17607835600,1781307209866-0
concurrency_n20_20260613_003304_redis_feed8_rep1,redis,sb:events:n20:feed8:rep1,475d3858-2562-4a46-be2f-882479e92794,3895067,235,17609250300,17609278600,1781307209869-0
concurrency_n20_20260613_003304_redis_feed8_rep1,redis,sb:events:n20:feed8:rep1,2c296ed4-132d-4668-96fd-a53e49c117b0,3895067,235,17610818200,17610862400,1781307209875-0
concurrency_n20_20260613_003304_redis_feed8_rep1,redis,sb:events:n20:feed8:rep1,5f5da0d0-9329-4e2d-b288-e6bb963fd023,3895074,235,17615441400,17615472600,1781307209877-0
concurrency_n20_20260613_003304_redis_feed8_rep1,redis,sb:events:n20:feed8:rep1,0a08da64-24b7-464e-b04a-343c36bc92a6,3895074,235,17617306400,17617341100,1781307209879-0
concurrency_n20_20260613_003304_redis_feed8_rep1,redis,sb:events:n20:feed8:rep1,4c13ef4b-f1bc-41ec-bce8-379094aee5ab,3895052,235,17618947300,17618976100,1781307209881-0
concurrency_n20_20260613_003304_redis_feed8_rep1,redis,sb:events:n20:feed8:rep1,3b5e8cda-cc8c-4228-ae68-88e99b381f2b,3895113,235,17621544800,17621572700,1781307209882-0
concurrency_n20_20260613_003304_redis_feed8_rep1,redis,sb:events:n20:feed8:rep1,67f6d552-413a-4a2b-b156-b8675b9ac9c5,3895113,235,17625857700,17625966800,1781307209885-0
concurrency_n20_20260613_003304_redis_feed8_rep1,redis,sb:events:n20:feed8:rep1,f899e1a3-389e-47ee-975a-22a5ede777bf,3895134,235,17631771100,17631799100,1781307209886-0
concurrency_n20_20260613_003304_redis_feed8_rep1,redis,sb:events:n20:feed8:rep1,24beaf43-67ff-400b-8afa-5cd95a07ab62,3895086,235,17633058700,17633080400,1781307209889-0
concurrency_n20_20260613_003304_redis_feed8_rep1,redis,sb:events:n20:feed8:rep1,621a92b1-0b7d-40fd-8921-c184ff9cfdbe,3895086,235,17634820100,17634841800,1781307209891-0
concurrency_n20_20260613_003304_redis_feed8_rep1,redis,sb:events:n20:feed8:rep1,7384369c-7014-41f4-8880-4f2012608234,3895086,235,17636037900,17636062600,1781307209892-0
concurrency_n20_20260613_003304_redis_feed8_rep1,redis,sb:events:n20:feed8:rep1,31d15b27-69da-4a6b-93d5-8dd5afac6acd,3895067,236,17638561700,17638592400,1781307209894-0
concurrency_n20_20260613_003304_redis_feed8_rep1,redis,sb:events:n20:feed8:rep1,67ea3f31-5f11-4a03-b848-5ff3d2674b45,3895067,236,17639637400,17639663400,1781307209900-0
concurrency_n20_20260613_003304_redis_feed8_rep1,redis,sb:events:n20:feed8:rep1,2524eba6-a951-4f46-9569-e49e95155f38,3895067,236,17640727300,17640747400,1781307209902-0
concurrency_n20_20260613_003304_redis_feed8_rep1,redis,sb:events:n20:feed8:rep1,7a5f3edb-7387-472d-9ab8-d44a4ed350ed,3895052,236,17645987100,17646015900,1781307209904-0
concurrency_n20_20260613_003304_redis_feed8_rep1,redis,sb:events:n20:feed8:rep1,9ee72651-72db-4196-af2f-388ee1f6a92c,3895052,236,17646912500,17646938000,1781307209905-0
concurrency_n20_20260613_003304_redis_feed8_rep1,redis,sb:events:n20:feed8:rep1,bc13fb18-c79a-4285-8048-4ce55d990c06,3895052,236,17648626600,17648653100,1781307209906-0
concurrency_n20_20260613_003304_redis_feed8_rep1,redis,sb:events:n20:feed8:rep1,67cf2441-69b4-4a39-9109-8d399ddba948,3895060,237,17649664000,17649690900,1781307209908-0
concurrency_n20_20260613_003304_redis_feed8_rep1,redis,sb:events:n20:feed8:rep1,f8cfef83-daf1-4d47-814a-75bb359f034b,3895060,237,17653980800,17654080000,1781307209911-0
concurrency_n20_20260613_003304_redis_feed8_rep1,redis,sb:events:n20:feed8:rep1,17bce4ec-5124-44a7-9cdc-c4a9006f479a,3895060,237,17657867100,17657898500,1781307209912-0
concurrency_n20_20260613_003304_redis_feed8_rep1,redis,sb:events:n20:feed8:rep1,41f58863-413b-4533-9b9f-5d6895c280f0,3895121,237,17659672600,17659702000,1781307209914-0
concurrency_n20_20260613_003304_redis_feed8_rep1,redis,sb:events:n20:feed8:rep1,95cf34ad-3378-4698-bd20-49e8851018ae,3895121,237,17662340300,17662365000,1781307209916-0
concurrency_n20_20260613_003304_redis_feed8_rep1,redis,sb:events:n20:feed8:rep1,cab35b0a-ffe6-4065-ad6b-d8b19062647f,3895067,237,17663822000,17663967300,1781307209917-0
concurrency_n20_20260613_003304_redis_feed8_rep1,redis,sb:events:n20:feed8:rep1,48d10da6-9958-476a-ae24-618d673f3fef,3895052,237,17665061900,17665081500,1781307209919-0
concurrency_n20_20260613_003304_redis_feed8_rep1,redis,sb:events:n20:feed8:rep1,42bf8a84-34b3-4952-9704-94b1c2001dfc,3895134,237,17666117500,17666279900,1781307209920-0
concurrency_n20_20260613_003304_redis_feed8_rep1,redis,sb:events:n20:feed8:rep1,2cfe1a0c-2b31-4742-b48e-3b93d308c6b6,3895134,237,17667577800,17667607600,1781307209922-0
concurrency_n20_20260613_003304_redis_feed8_rep1,redis,sb:events:n20:feed8:rep1,6e9cc2f7-1105-48ac-806c-eebcfaa34ad7,3895086,237,17668972600,17668995300,1781307209923-0
concurrency_n20_20260613_003304_redis_feed8_rep1,redis,sb:events:n20:feed8:rep1,cf0330f0-ffa2-47de-b0b8-2c063baff2db,3895086,237,17672017400,17672042900,1781307209926-0
concurrency_n20_20260613_003304_redis_feed8_rep1,redis,sb:events:n20:feed8:rep1,d164628f-e788-4811-8838-50ad9ab6f1b4,3895121,238,17673390900,17673413100,1781307209928-0
concurrency_n20_20260613_003304_redis_feed8_rep1,redis,sb:events:n20:feed8:rep1,edb91d96-2ccb-46b2-aec1-7a1cba6fcf9c,3895074,238,17676740400,17676781900,1781307209934-0
concurrency_n20_20260613_003304_redis_feed8_rep1,redis,sb:events:n20:feed8:rep1,eb564566-1ae2-40a0-9c73-edf96768135f,3895074,238,17680401600,17680437400,1781307209935-0
concurrency_n20_20260613_003304_redis_feed8_rep1,redis,sb:events:n20:feed8:rep1,8b9045a9-99bf-4e9e-83a6-79404c3c903d,3895052,238,17682018700,17682039300,1781307209937-0
concurrency_n20_20260613_003304_redis_feed8_rep1,redis,sb:events:n20:feed8:rep1,41fd0101-4197-4b4d-adcc-4bb242e5f3f7,3895052,238,17683784300,17683806700,1781307209938-0
concurrency_n20_20260613_003304_redis_feed8_rep1,redis,sb:events:n20:feed8:rep1,179f6461-4e11-4750-982b-97b87916e1fe,3895134,238,17685139400,17685161500,1781307209945-0
concurrency_n20_20260613_003304_redis_feed8_rep1,redis,sb:events:n20:feed8:rep1,af4b9e6b-8ec7-4bb9-aeba-23122365bb5c,3895121,239,17686585100,17686613100,1781307209947-0
concurrency_n20_20260613_003304_redis_feed8_rep1,redis,sb:events:n20:feed8:rep1,b565e8cd-c20f-403e-bb34-d4ac7a08c535,3895121,239,17697529700,17697579700,1781307209948-0
concurrency_n20_20260613_003304_redis_feed8_rep1,redis,sb:events:n20:feed8:rep1,bb80cd19-9173-41bc-9e42-1475f9a8bedc,3895074,239,17715568100,17715596400,1781307209950-0
concurrency_n20_20260613_003304_redis_feed8_rep1,redis,sb:events:n20:feed8:rep1,00b7afd1-7acc-4377-8b4a-e0d0216aff3b,3895074,239,17717052400,17717085600,1781307209952-0
concurrency_n20_20260613_003304_redis_feed8_rep1,redis,sb:events:n20:feed8:rep1,7a8e8174-38ce-41cb-9812-de0614ade9c8,3895074,239,17719702300,17719731700,1781307209953-0
concurrency_n20_20260613_003304_redis_feed8_rep1,redis,sb:events:n20:feed8:rep1,327d219f-afa6-44c2-8514-3b3dce674bd4,3895052,239,17720874000,17720935600,1781307209954-0
concurrency_n20_20260613_003304_redis_feed8_rep1,redis,sb:events:n20:feed8:rep1,9db6a916-bdf3-459f-86dd-c6899468b928,3895052,239,17722700800,17722728900,1781307209955-0
concurrency_n20_20260613_003304_redis_feed8_rep1,redis,sb:events:n20:feed8:rep1,d3237e41-96d0-4919-9186-976c6e93afaf,3895134,239,17723788900,17723811800,1781307209959-0
concurrency_n20_20260613_003304_redis_feed8_rep1,redis,sb:events:n20:feed8:rep1,15dc8356-9964-4eec-9066-051ee6c2fd74,3895134,239,17725142700,17725168500,1781307209960-0
concurrency_n20_20260613_003304_redis_feed8_rep1,redis,sb:events:n20:feed8:rep1,7e027057-82fb-4524-92cb-3b7f7905c581,3895067,240,17726523500,17726548200,1781307209961-0
concurrency_n20_20260613_003304_redis_feed8_rep1,redis,sb:events:n20:feed8:rep1,dd2559b7-b30c-4fec-87d0-7ffdbeb0c320,3895067,240,17728785600,17728812200,1781307209964-0
concurrency_n20_20260613_003304_redis_feed8_rep1,redis,sb:events:n20:feed8:rep1,904cbdd0-7559-40c5-93bb-cf32cc4f50a8,3895067,240,17731169800,17731199400,1781307209966-0
concurrency_n20_20260613_003304_redis_feed8_rep1,redis,sb:events:n20:feed8:rep1,519d9bd4-18d7-4c8e-859b-8d84a572f9b8,3895074,240,17734081000,17734126200,1781307209967-0
concurrency_n20_20260613_003304_redis_feed8_rep1,redis,sb:events:n20:feed8:rep1,de9e7764-87cf-4944-8fe5-2c6487898f77,3895074,240,17735652800,17735679300,1781307209969-0
concurrency_n20_20260613_003304_redis_feed8_rep1,redis,sb:events:n20:feed8:rep1,967cced6-9509-4a4f-bc44-d9358a9efdaa,3895113,240,17737370500,17737397300,1781307209985-0
concurrency_n20_20260613_003304_redis_feed8_rep1,redis,sb:events:n20:feed8:rep1,bc772473-a54b-4286-ac90-3e7a2cde57cf,3895052,240,17739956900,17739980600,1781307209987-0
concurrency_n20_20260613_003304_redis_feed8_rep1,redis,sb:events:n20:feed8:rep1,abf61b42-aee9-42ec-a079-7587daf41665,3895052,240,17741177700,17741203300,1781307209989-0
concurrency_n20_20260613_003304_redis_feed8_rep1,redis,sb:events:n20:feed8:rep1,3c451d86-3acc-459b-b147-66e17620685d,3895052,240,17744842800,17744865400,1781307209992-0
concurrency_n20_20260613_003304_redis_feed8_rep1,redis,sb:events:n20:feed8:rep1,20c87719-4039-4136-a464-0b76bf8fcb95,3895060,241,17746485200,17746515700,1781307209994-0
concurrency_n20_20260613_003304_redis_feed8_rep1,redis,sb:events:n20:feed8:rep1,1588a4d6-aad6-47b3-be17-ecf187891e80,3895067,241,17747813100,17747836800,1781307209998-0
concurrency_n20_20260613_003304_redis_feed8_rep1,redis,sb:events:n20:feed8:rep1,73248c73-24d7-467d-a8a3-c4460a8a8eda,3895052,241,17749506800,17749531500,1781307210000-0
concurrency_n20_20260613_003304_redis_feed8_rep1,redis,sb:events:n20:feed8:rep1,cff9e25c-04ef-48fa-aa6c-7d6793b46550,3895052,241,17750978000,17751003900,1781307210002-0
concurrency_n20_20260613_003304_redis_feed8_rep1,redis,sb:events:n20:feed8:rep1,9cb7e597-9ad0-4bce-86f1-4882ed215819,3895052,241,17754783900,17754847300,1781307210006-0
concurrency_n20_20260613_003304_redis_feed8_rep1,redis,sb:events:n20:feed8:rep1,f49586a6-6723-4a58-9b32-d8eadb110125,3895134,241,17757463100,17757491600,1781307210007-0
concurrency_n20_20260613_003304_redis_feed8_rep1,redis,sb:events:n20:feed8:rep1,8d6ddf7f-2405-4ce7-96a1-0ad97911a074,3895134,241,17758561100,17758582300,1781307210010-0
concurrency_n20_20260613_003304_redis_feed8_rep1,redis,sb:events:n20:feed8:rep1,bda48638-9908-4088-9089-c5604ab7cb37,3895086,241,17762783500,17762808000,1781307210012-0
concurrency_n20_20260613_003304_redis_feed8_rep1,redis,sb:events:n20:feed8:rep1,8c4605d8-c1d8-4819-966b-e2b5f69c5582,3895086,241,17765337400,17765371800,1781307210015-0
concurrency_n20_20260613_003304_redis_feed8_rep1,redis,sb:events:n20:feed8:rep1,17edc918-58c1-4c25-82e2-e56f00a0ceb9,3895060,242,17767293100,17767318800,1781307210017-0
concurrency_n20_20260613_003304_redis_feed8_rep1,redis,sb:events:n20:feed8:rep1,153f64f0-e7c3-4df9-b30e-c334c45657c2,3895060,242,17769721400,17769760600,1781307210020-0
concurrency_n20_20260613_003304_redis_feed8_rep1,redis,sb:events:n20:feed8:rep1,81c7d7f9-a5b4-4ba5-a6f5-cdc5d30a9663,3895060,242,17771176400,17771201000,1781307210021-0
concurrency_n20_20260613_003304_redis_feed8_rep1,redis,sb:events:n20:feed8:rep1,344782cb-77cb-44cb-95d5-763cc7e3e17f,3895121,242,17774752300,17774821900,1781307210024-0
concurrency_n20_20260613_003304_redis_feed8_rep1,redis,sb:events:n20:feed8:rep1,a9cfa2cc-3bde-4ac7-b413-b60eb1dadeed,3895067,242,17776266500,17776291300,1781307210026-0
concurrency_n20_20260613_003304_redis_feed8_rep1,redis,sb:events:n20:feed8:rep1,c88ef7b9-77a1-4f23-9087-fb0a98a7a192,3895067,242,17777344500,17777368100,1781307210029-0
concurrency_n20_20260613_003304_redis_feed8_rep1,redis,sb:events:n20:feed8:rep1,1a5a736f-8dcf-456a-be57-ffd91e45ca65,3895067,242,17783354100,17783384400,1781307210031-0
concurrency_n20_20260613_003304_redis_feed8_rep1,redis,sb:events:n20:feed8:rep1,1d2a8a86-c8be-4982-8909-a04c91a67073,3895107,242,17784910600,17784941400,1781307210033-0
concurrency_n20_20260613_003304_redis_feed8_rep1,redis,sb:events:n20:feed8:rep1,f70dcf83-40a3-4ccb-94c5-ecd399bc219a,3895134,242,17789331400,17789356200,1781307210036-0
concurrency_n20_20260613_003304_redis_feed8_rep1,redis,sb:events:n20:feed8:rep1,3e18f922-f609-4734-9dbe-5bc30cf10dc9,3895086,242,17790622600,17790647200,1781307210039-0
concurrency_n20_20260613_003304_redis_feed8_rep1,redis,sb:events:n20:feed8:rep1,2b6915a9-9be9-4b49-82ba-639d873ed4a5,3895060,243,17792012700,17792139600,1781307210042-0
concurrency_n20_20260613_003304_redis_feed8_rep1,redis,sb:events:n20:feed8:rep1,e655c81e-fa20-4e8a-aec9-cb837f4112ee,3895060,243,17793455000,17793477600,1781307210045-0
concurrency_n20_20260613_003304_redis_feed8_rep1,redis,sb:events:n20:feed8:rep1,e29bcc78-4812-4a23-a0bb-dbb1b386365e,3895113,243,17795197100,17795220600,1781307210046-0
concurrency_n20_20260613_003304_redis_feed8_rep1,redis,sb:events:n20:feed8:rep1,124635a1-6dab-4464-bb7e-2dd98e391ca7,3895113,243,17796516300,17796711100,1781307210049-0
concurrency_n20_20260613_003304_redis_feed8_rep1,redis,sb:events:n20:feed8:rep1,72aba530-d8d4-4559-9b31-ae9bab1b2129,3895134,243,17798308700,17798330600,1781307210054-0
concurrency_n20_20260613_003304_redis_feed8_rep1,redis,sb:events:n20:feed8:rep1,f1a07a4e-1b9a-4fb3-a68b-c02926c6f8b1,3895134,243,17799352800,17799391700,1781307210060-0
concurrency_n20_20260613_003304_redis_feed8_rep1,redis,sb:events:n20:feed8:rep1,35527065-8da6-493a-acd7-35d45c9e13fc,3895060,244,17803233000,17803259700,1781307210061-0
concurrency_n20_20260613_003304_redis_feed8_rep1,redis,sb:events:n20:feed8:rep1,dd1f273f-5818-4b79-b7ba-9e9f271b00da,3895121,244,17804338500,17804361200,1781307210063-0
concurrency_n20_20260613_003304_redis_feed8_rep1,redis,sb:events:n20:feed8:rep1,4903409b-3b7f-43d0-a8e0-c0edc044665a,3895121,244,17805281700,17805306600,1781307210067-0
concurrency_n20_20260613_003304_redis_feed8_rep1,redis,sb:events:n20:feed8:rep1,13c58c42-4403-4d24-b673-2e462aa98376,3895121,244,17806202200,17806222700,1781307210068-0
concurrency_n20_20260613_003304_redis_feed8_rep1,redis,sb:events:n20:feed8:rep1,a614cf8e-f99e-4113-8152-374692780a44,3895067,244,17806925200,17806943700,1781307210070-0
concurrency_n20_20260613_003304_redis_feed8_rep1,redis,sb:events:n20:feed8:rep1,e2c68e2e-b75c-4ba8-9573-883787d8875e,3895067,244,17807795400,17807812300,1781307210075-0
concurrency_n20_20260613_003304_redis_feed8_rep1,redis,sb:events:n20:feed8:rep1,e35e1956-56cb-4707-95df-7d0d7938d843,3895086,244,17810588700,17810618400,1781307210077-0
concurrency_n20_20260613_003304_redis_feed8_rep1,redis,sb:events:n20:feed8:rep1,0e8f1413-d59b-47ec-9251-f70210f20b0f,3895086,244,17812995700,17813022600,1781307210078-0
concurrency_n20_20260613_003304_redis_feed8_rep1,redis,sb:events:n20:feed8:rep1,70469754-e9ff-466e-a0ea-80b6ae48399f,3895107,245,17814576900,17814601800,1781307210079-0
concurrency_n20_20260613_003304_redis_feed8_rep1,redis,sb:events:n20:feed8:rep1,14d36a2e-439a-4363-985a-89eb10507ce9,3895107,245,17817317600,17817415000,1781307210080-0
concurrency_n20_20260613_003304_redis_feed8_rep1,redis,sb:events:n20:feed8:rep1,21dede0b-3592-49ea-a9d5-89ac71b1b282,3895052,245,17819062300,17819085900,1781307210081-0
concurrency_n20_20260613_003304_redis_feed8_rep1,redis,sb:events:n20:feed8:rep1,c92c7207-490c-4f75-8e99-0485e280b626,3895060,246,17821444700,17821463800,1781307210085-0
concurrency_n20_20260613_003304_redis_feed8_rep1,redis,sb:events:n20:feed8:rep1,a8e17e26-0a74-4dd6-aa76-d55569f0bc7d,3895060,246,17822702400,17822753000,1781307210087-0
concurrency_n20_20260613_003304_redis_feed8_rep1,redis,sb:events:n20:feed8:rep1,54d993e8-a8dc-4ea8-88f6-92958c4758f1,3895107,246,17825869800,17825946500,1781307210088-0
concurrency_n20_20260613_003304_redis_feed8_rep1,redis,sb:events:n20:feed8:rep1,e619ae8d-92f0-439c-89c4-b28d5a47566c,3895113,246,17828421300,17828445700,1781307210091-0
concurrency_n20_20260613_003304_redis_feed8_rep1,redis,sb:events:n20:feed8:rep1,b3916688-a71f-40ac-83ba-ebcf88241fea,3895113,246,17843311600,17843345700,1781307210093-0
concurrency_n20_20260613_003304_redis_feed8_rep1,redis,sb:events:n20:feed8:rep1,bde8f069-d411-493f-97d5-6f5496f030c7,3895113,246,17847786900,17847810500,1781307210094-0
concurrency_n20_20260613_003304_redis_feed8_rep1,redis,sb:events:n20:feed8:rep1,fe474a8e-046c-4d8c-b439-081a477b5f67,3895134,246,17851043500,17851070600,1781307210096-0
concurrency_n20_20260613_003304_redis_feed8_rep1,redis,sb:events:n20:feed8:rep1,c331d9f1-e5b4-4215-8c29-0c12ae07d0fe,3895134,246,17852672000,17852699000,1781307210097-0
concurrency_n20_20260613_003304_redis_feed8_rep1,redis,sb:events:n20:feed8:rep1,93994777-12ec-49b8-b9e7-aa4358d89c6f,3895086,246,17853675300,17853700500,1781307210098-0
concurrency_n20_20260613_003304_redis_feed8_rep1,redis,sb:events:n20:feed8:rep1,ff23d5d2-2668-45b7-90f0-b94a1ae8d46b,3895060,247,17854857100,17855100300,1781307210101-0
concurrency_n20_20260613_003304_redis_feed8_rep1,redis,sb:events:n20:feed8:rep1,ed33169e-a844-4e1c-adcf-e150cd303c45,3895060,247,17856715100,17856739500,1781307210117-0
concurrency_n20_20260613_003304_redis_feed8_rep1,redis,sb:events:n20:feed8:rep1,aefbfac4-fc26-4ef9-957a-87aab634d721,3895121,247,17857623100,17857644500,1781307210119-0
concurrency_n20_20260613_003304_redis_feed8_rep1,redis,sb:events:n20:feed8:rep1,3066699a-6bc1-44fb-a597-079f37ef1255,3895067,247,17860243600,17860264600,1781307210121-0
concurrency_n20_20260613_003304_redis_feed8_rep1,redis,sb:events:n20:feed8:rep1,1c63b354-a85d-49fb-a959-436969c70bd8,3895107,247,17861228400,17861250200,1781307210123-0
concurrency_n20_20260613_003304_redis_feed8_rep1,redis,sb:events:n20:feed8:rep1,2015c382-6367-4172-9888-040cb1050de5,3895107,247,17863309300,17863351900,1781307210124-0
concurrency_n20_20260613_003304_redis_feed8_rep1,redis,sb:events:n20:feed8:rep1,2d5cd8ad-b706-4ca9-b2cc-850f30956e73,3895113,247,17864918300,17864939000,1781307210126-0
concurrency_n20_20260613_003304_redis_feed8_rep1,redis,sb:events:n20:feed8:rep1,620742d4-224d-4705-8454-4a204380c4ae,3895113,247,17868117800,17868146700,1781307210134-0
concurrency_n20_20260613_003304_redis_feed8_rep1,redis,sb:events:n20:feed8:rep1,e5f06414-6c61-4d30-abea-76dc87ee2f51,3895052,247,17870367400,17870402300,1781307210136-0
concurrency_n20_20260613_003304_redis_feed8_rep1,redis,sb:events:n20:feed8:rep1,ba181cd8-fb21-4e0b-9680-bb52deb092e5,3895134,247,17871753400,17871778200,1781307210138-0
concurrency_n20_20260613_003304_redis_feed8_rep1,redis,sb:events:n20:feed8:rep1,4a66fe8f-a3e7-4faa-8668-75a5fdb0b27a,3895086,247,17879823100,17879853700,1781307210141-0
concurrency_n20_20260613_003304_redis_feed8_rep1,redis,sb:events:n20:feed8:rep1,ab4d2c4b-192a-4008-bd6c-274713d6958c,3895086,247,17881368100,17881390700,1781307210142-0
concurrency_n20_20260613_003304_redis_feed8_rep1,redis,sb:events:n20:feed8:rep1,d60b8245-40b0-43a8-876b-08f69505d1d6,3895060,248,17883531400,17883561200,1781307210146-0
concurrency_n20_20260613_003304_redis_feed8_rep1,redis,sb:events:n20:feed8:rep1,c7c21979-4bd2-4a01-bbb2-1b937cf113e9,3895107,248,17888850100,17889264400,1781307210147-0
concurrency_n20_20260613_003304_redis_feed8_rep1,redis,sb:events:n20:feed8:rep1,5bc6657b-a17c-486e-ad59-22672d97b128,3895052,248,17891872800,17891905200,1781307210148-0
concurrency_n20_20260613_003304_redis_feed8_rep1,redis,sb:events:n20:feed8:rep1,37ef3617-eef5-4932-b39e-7ba609cda9e9,3895052,248,17893329300,17893376400,1781307210150-0
concurrency_n20_20260613_003304_redis_feed8_rep1,redis,sb:events:n20:feed8:rep1,ae42d577-0431-4f31-9ead-6e4b21eb996c,3895052,248,17895386900,17895413700,1781307210151-0
concurrency_n20_20260613_003304_redis_feed8_rep1,redis,sb:events:n20:feed8:rep1,e22f03e1-c240-4cfb-8126-d1822a1e738b,3895086,248,17898210900,17898236200,1781307210153-0
concurrency_n20_20260613_003304_redis_feed8_rep1,redis,sb:events:n20:feed8:rep1,7498434e-a29a-40c6-8bbc-b35c913149b1,3895060,249,17899060600,17899086700,1781307210156-0
concurrency_n20_20260613_003304_redis_feed8_rep1,redis,sb:events:n20:feed8:rep1,3c3c6ebe-8a92-413d-b985-2ba1fae9a34b,3895121,249,17899938400,17899957900,1781307210161-0
concurrency_n20_20260613_003304_redis_feed8_rep1,redis,sb:events:n20:feed8:rep1,8260c198-30a9-462e-9979-46e59fdcff2b,3895060,249,17900958000,17900977100,1781307210163-0
concurrency_n20_20260613_003304_redis_feed8_rep1,redis,sb:events:n20:feed8:rep1,8ec7e7a3-3e78-4452-ab7c-60de3489eb2a,3895121,249,17906939000,17906965400,1781307210164-0
concurrency_n20_20260613_003304_redis_feed8_rep1,redis,sb:events:n20:feed8:rep1,e0e232f1-f077-4900-adaf-02d79dba1aa2,3895121,249,17908771600,17908796800,1781307210166-0
concurrency_n20_20260613_003304_redis_feed8_rep1,redis,sb:events:n20:feed8:rep1,5a749fee-582f-4572-9cc8-4d8a5fb45e1e,3895067,249,17912007500,17912028900,1781307210167-0
concurrency_n20_20260613_003304_redis_feed8_rep1,redis,sb:events:n20:feed8:rep1,5cde3f68-d1d9-416a-bdae-47ffc68cb272,3895067,249,17912938300,17912967900,1781307210170-0
concurrency_n20_20260613_003304_redis_feed8_rep1,redis,sb:events:n20:feed8:rep1,af8ff7f6-55f8-4283-a775-d12939169496,3895107,249,17916563000,17916583000,1781307210171-0
concurrency_n20_20260613_003304_redis_feed8_rep1,redis,sb:events:n20:feed8:rep1,6bb5ebdd-ec00-4dc5-ae7d-4faf39b4ca84,3895107,249,17917695900,17917718700,1781307210172-0
concurrency_n20_20260613_003304_redis_feed8_rep1,redis,sb:events:n20:feed8:rep1,e064f784-ea92-4ce3-9871-79998510315f,3895113,249,17918807700,17918827500,1781307210177-0
concurrency_n20_20260613_003304_redis_feed8_rep1,redis,sb:events:n20:feed8:rep1,a950b945-5931-47bb-8893-416fe97adb6f,3895113,249,17921963700,17921992500,1781307210180-0
concurrency_n20_20260613_003304_redis_feed8_rep1,redis,sb:events:n20:feed8:rep1,3338b6f2-30a2-4ddc-bc42-6f104e07417c,3895052,249,17926744600,17926774200,1781307210181-0
concurrency_n20_20260613_003304_redis_feed8_rep1,redis,sb:events:n20:feed8:rep1,dff59e8e-9bba-4344-b4d7-c048dc7bc0d2,3895134,249,17928745200,17928775400,1781307210186-0
concurrency_n20_20260613_003304_redis_feed8_rep1,redis,sb:events:n20:feed8:rep1,2fc35d8e-0ed5-4615-80df-5cbeb2e876d6,3895134,249,17932488200,17932513500,1781307210188-0
concurrency_n20_20260613_003304_redis_feed8_rep1,redis,sb:events:n20:feed8:rep1,2e1f6e6f-d929-430c-89f1-793076acf34e,3895121,250,17937808500,17937839900,1781307210189-0
concurrency_n20_20260613_003304_redis_feed8_rep1,redis,sb:events:n20:feed8:rep1,f9105148-0173-48a8-a0e7-8f2868f34607,3895121,250,17941599400,17941635000,1781307210193-0
concurrency_n20_20260613_003304_redis_feed8_rep1,redis,sb:events:n20:feed8:rep1,9687c7e2-1feb-4770-9bed-1359c7f10699,3895067,250,17945854400,17945897800,1781307210197-0
concurrency_n20_20260613_003304_redis_feed8_rep1,redis,sb:events:n20:feed8:rep1,763d3753-8c73-4787-908b-2f1fab2f7cb5,3895067,250,17946746100,17946767700,1781307210200-0
concurrency_n20_20260613_003304_redis_feed8_rep1,redis,sb:events:n20:feed8:rep1,5a633cce-0730-45b3-be3b-46490a79f46c,3895067,250,17949965500,17949997100,1781307210202-0
concurrency_n20_20260613_003304_redis_feed8_rep1,redis,sb:events:n20:feed8:rep1,5572f10b-277c-4944-b80f-843659418dbb,3895086,250,17952544300,17952569100,1781307210203-0
concurrency_n20_20260613_003304_redis_feed8_rep1,redis,sb:events:n20:feed8:rep1,bcc0a902-4f8e-4fae-b636-60e4fa615546,3895086,250,17955445300,17955472000,1781307210206-0
concurrency_n20_20260613_003304_redis_feed8_rep1,redis,sb:events:n20:feed8:rep1,d7b7a8a5-73a9-484f-a409-e1b805c01c87,3895067,251,17964843800,17965010800,1781307210212-0
concurrency_n20_20260613_003304_redis_feed8_rep1,redis,sb:events:n20:feed8:rep1,23a3f1a2-dac5-464c-adad-a58b446b585e,3895067,251,17965916200,17965937800,1781307210214-0
concurrency_n20_20260613_003304_redis_feed8_rep1,redis,sb:events:n20:feed8:rep1,4252a4ee-a0ef-4198-8de4-5a2f9522ce8e,3895113,251,17966778900,17966800700,1781307210219-0
concurrency_n20_20260613_003304_redis_feed8_rep1,redis,sb:events:n20:feed8:rep1,ab95580a-c5fd-4355-9cd4-ae53b8c8d220,3895113,251,17967656500,17967679200,1781307210221-0
concurrency_n20_20260613_003304_redis_feed8_rep1,redis,sb:events:n20:feed8:rep1,6b91badb-145b-403b-9cd4-6b2f130ca1a8,3895134,251,17970731400,17970783800,1781307210224-0
concurrency_n20_20260613_003304_redis_feed8_rep1,redis,sb:events:n20:feed8:rep1,372988d2-7155-4aa1-8ed8-d55c968cd8d0,3895134,251,17988703200,17988737900,1781307210230-0
concurrency_n20_20260613_003304_redis_feed8_rep1,redis,sb:events:n20:feed8:rep1,15701045-40e6-4a1e-9941-11812194ff4d,3895086,251,17991576200,17991627100,1781307210232-0
concurrency_n20_20260613_003304_redis_feed8_rep1,redis,sb:events:n20:feed8:rep1,6ba5f009-b494-430a-b179-7ddd78697f3e,3895086,251,17993353900,17993375500,1781307210234-0
concurrency_n20_20260613_003304_redis_feed8_rep1,redis,sb:events:n20:feed8:rep1,b6ea3ad2-1e31-48c5-b19a-98e10ea0ed90,3895121,252,17997776900,17997817200,1781307210241-0
concurrency_n20_20260613_003304_redis_feed8_rep1,redis,sb:events:n20:feed8:rep1,5d3a3138-c963-46ac-837e-56722f5994c3,3895067,252,17999077500,17999102600,1781307210262-0
concurrency_n20_20260613_003304_redis_feed8_rep1,redis,sb:events:n20:feed8:rep1,f5b915a8-bd5f-4dda-9c57-a42ce35d6eff,3895067,252,18000260800,18000282500,1781307210264-0
concurrency_n20_20260613_003304_redis_feed8_rep1,redis,sb:events:n20:feed8:rep1,4f9680a1-cfc9-4d05-a51f-9173fa11ee92,3895113,252,18001354800,18001382900,1781307210266-0
concurrency_n20_20260613_003304_redis_feed8_rep1,redis,sb:events:n20:feed8:rep1,abf165aa-2ce1-4c25-bf70-490c5b2abd92,3895052,252,18003526200,18003559400,1781307210267-0
concurrency_n20_20260613_003304_redis_feed8_rep1,redis,sb:events:n20:feed8:rep1,41c508b5-f7de-4d1c-9906-43812e26e08a,3895052,252,18011762500,18011789400,1781307210271-0
concurrency_n20_20260613_003304_redis_feed8_rep1,redis,sb:events:n20:feed8:rep1,68b1846d-ccc6-4d31-9345-9d67b3c84731,3895134,252,18014107600,18014135000,1781307210273-0
concurrency_n20_20260613_003304_redis_feed8_rep1,redis,sb:events:n20:feed8:rep1,47b7a3a6-df98-4b63-ab6c-0e67b237fd2e,3895086,252,18017710600,18017736800,1781307210274-0
concurrency_n20_20260613_003304_redis_feed8_rep1,redis,sb:events:n20:feed8:rep1,f30a4e52-e1bb-44d6-bbd6-b5427066570a,3895086,252,18018641900,18018665400,1781307210277-0
concurrency_n20_20260613_003304_redis_feed8_rep1,redis,sb:events:n20:feed8:rep1,23fcb1c6-448a-41c6-9ded-603f0e8de891,3895121,253,18019479100,18019503400,1781307210278-0
concurrency_n20_20260613_003304_redis_feed8_rep1,redis,sb:events:n20:feed8:rep1,827b2d28-2f37-4572-ab9c-069ea5dc9fff,3895121,253,18020592100,18020614500,1781307210280-0
concurrency_n20_20260613_003304_redis_feed8_rep1,redis,sb:events:n20:feed8:rep1,72bc8fb9-e854-4b72-9eb4-dbbdd76334be,3895067,253,18022498800,18022522800,1781307210281-0
concurrency_n20_20260613_003304_redis_feed8_rep1,redis,sb:events:n20:feed8:rep1,3b054ec0-afd6-4c32-b327-590cc4dd5ffe,3895107,253,18025978100,18026016400,1781307210283-0
concurrency_n20_20260613_003304_redis_feed8_rep1,redis,sb:events:n20:feed8:rep1,3aa3e80d-bde0-42ac-ae3a-3a3cd099742e,3895113,253,18028740000,18028807600,1781307210286-0
concurrency_n20_20260613_003304_redis_feed8_rep1,redis,sb:events:n20:feed8:rep1,c3eaf442-02ed-45bb-afff-81e4f9edadde,3895113,253,18030004400,18030094100,1781307210288-0
concurrency_n20_20260613_003304_redis_feed8_rep1,redis,sb:events:n20:feed8:rep1,e838618f-44ac-4e66-9194-d60c3f6e7abd,3895134,253,18031339500,18031363600,1781307210289-0
concurrency_n20_20260613_003304_redis_feed8_rep1,redis,sb:events:n20:feed8:rep1,56fce890-c539-4246-a231-394586bd980e,3895134,253,18033080500,18033107500,1781307210293-0
concurrency_n20_20260613_003304_redis_feed8_rep1,redis,sb:events:n20:feed8:rep1,7fba15f7-3edd-42da-a02b-e01058bec0e0,3895121,254,18034337000,18034360200,1781307210295-0
concurrency_n20_20260613_003304_redis_feed8_rep1,redis,sb:events:n20:feed8:rep1,f2326a2b-22e5-4161-8cc2-d1b54c4ff1e0,3895067,254,18035323700,18035346400,1781307210297-0
concurrency_n20_20260613_003304_redis_feed8_rep1,redis,sb:events:n20:feed8:rep1,62c0e076-6974-44ef-87e6-6abc089b20e5,3895067,254,18038710600,18038738300,1781307210299-0
concurrency_n20_20260613_003304_redis_feed8_rep1,redis,sb:events:n20:feed8:rep1,07605dac-9101-4084-85b6-0ff3aa13e713,3895107,254,18040762400,18040859200,1781307210300-0
concurrency_n20_20260613_003304_redis_feed8_rep1,redis,sb:events:n20:feed8:rep1,1f7b4eb1-045d-49b3-84a9-705211597510,3895113,254,18042151700,18042172300,1781307210302-0
concurrency_n20_20260613_003304_redis_feed8_rep1,redis,sb:events:n20:feed8:rep1,95495ca4-d30a-4194-9aad-46c67cc236cf,3895113,254,18044191000,18044257100,1781307210306-0
concurrency_n20_20260613_003304_redis_feed8_rep1,redis,sb:events:n20:feed8:rep1,0305b979-98f5-4dce-ae43-b9e06c071c2d,3895086,254,18045552000,18045577200,1781307210308-0
concurrency_n20_20260613_003304_redis_feed8_rep1,redis,sb:events:n20:feed8:rep1,7aaf1c25-30a6-42b9-b9bd-63b2d39326d9,3895086,254,18047185900,18047213200,1781307210310-0
concurrency_n20_20260613_003304_redis_feed8_rep1,redis,sb:events:n20:feed8:rep1,74cdadbe-4ae0-41f1-bd31-9066e33654db,3895086,254,18049741700,18049762400,1781307210312-0
concurrency_n20_20260613_003304_redis_feed8_rep1,redis,sb:events:n20:feed8:rep1,a6ff0aaa-7566-4d4f-a06c-46ace6c47dd0,3895121,255,18051246200,18051266300,1781307210314-0
concurrency_n20_20260613_003304_redis_feed8_rep1,redis,sb:events:n20:feed8:rep1,53c837f3-864c-4d65-9556-8026ebaf94f3,3895121,255,18052190700,18052212200,1781307210316-0
concurrency_n20_20260613_003304_redis_feed8_rep1,redis,sb:events:n20:feed8:rep1,790592ad-c30c-4fa2-874e-b463207cfb0d,3895121,255,18053947100,18053971100,1781307210318-0
concurrency_n20_20260613_003304_redis_feed8_rep1,redis,sb:events:n20:feed8:rep1,475bf600-abec-46e1-aa92-2d063bd4077c,3895067,255,18055895400,18055934000,1781307210319-0
concurrency_n20_20260613_003304_redis_feed8_rep1,redis,sb:events:n20:feed8:rep1,b10113ce-a8de-48f5-8517-af3279ec8628,3895067,255,18057370900,18057393200,1781307210320-0
concurrency_n20_20260613_003304_redis_feed8_rep1,redis,sb:events:n20:feed8:rep1,863a3ccc-d506-437d-8d85-656626a95677,3895067,255,18063255500,18063292400,1781307210325-0
concurrency_n20_20260613_003304_redis_feed8_rep1,redis,sb:events:n20:feed8:rep1,3f6e1998-3960-47d3-a9a3-d937889a724b,3895107,255,18107621600,18107925600,1781307210326-0
concurrency_n20_20260613_003304_redis_feed8_rep1,redis,sb:events:n20:feed8:rep1,1a436570-6eda-405a-a093-7841eb59112e,3895107,255,18110553900,18110765100,1781307210328-0
concurrency_n20_20260613_003304_redis_feed8_rep1,redis,sb:events:n20:feed8:rep1,ed6fcf57-b0a1-42ba-b892-7aaa0a8c1763,3895113,255,18112587100,18112670000,1781307210331-0
concurrency_n20_20260613_003304_redis_feed8_rep1,redis,sb:events:n20:feed8:rep1,cf794ce2-9fb3-4b38-8268-3b4f01194d09,3895086,255,18113997900,18114068900,1781307210333-0
concurrency_n20_20260613_003304_redis_feed8_rep1,redis,sb:events:n20:feed8:rep1,6d5c715e-caca-428e-984d-b85c4705e734,3895086,255,18118275100,18118295500,1781307210355-0
concurrency_n20_20260613_003304_redis_feed8_rep1,redis,sb:events:n20:feed8:rep1,52a86328-9c1c-4ae5-8a45-43a5e89ac59c,3895067,256,18119109400,18119129800,1781307210382-0
concurrency_n20_20260613_003304_redis_feed8_rep1,redis,sb:events:n20:feed8:rep1,4ba28518-4c9e-44cb-ac7f-39b0806cbba9,3895067,256,18121323200,18121348300,1781307210384-0
concurrency_n20_20260613_003304_redis_feed8_rep1,redis,sb:events:n20:feed8:rep1,a5f68153-d972-4a57-a0e5-0cb301466d19,3895067,256,18124182100,18124215700,1781307210386-0
concurrency_n20_20260613_003304_redis_feed8_rep1,redis,sb:events:n20:feed8:rep1,0db67404-1c02-4346-ae52-a14c248ee179,3895113,256,18126151400,18126177100,1781307210388-0
concurrency_n20_20260613_003304_redis_feed8_rep1,redis,sb:events:n20:feed8:rep1,e22ba07a-d04f-4fc4-9f5c-0f02a69be95b,3895134,256,18127645600,18127670000,1781307210389-0
concurrency_n20_20260613_003304_redis_feed8_rep1,redis,sb:events:n20:feed8:rep1,6ec97d1a-06e8-4b68-979d-3020292d1441,3895086,256,18130956300,18130986600,1781307210390-0
concurrency_n20_20260613_003304_redis_feed8_rep1,redis,sb:events:n20:feed8:rep1,23706c78-86ab-456e-a979-df8e697e6909,3895086,256,18134118500,18134177000,1781307210392-0
concurrency_n20_20260613_003304_redis_feed8_rep1,redis,sb:events:n20:feed8:rep1,59a991c1-59bf-4fad-8f31-088615a3ba09,3895121,257,18137601100,18137629800,1781307210393-0
concurrency_n20_20260613_003304_redis_feed8_rep1,redis,sb:events:n20:feed8:rep1,cb14ea90-5d2b-47c7-9bc3-b5c8d67229b9,3895121,257,18139099500,18139122300,1781307210396-0
concurrency_n20_20260613_003304_redis_feed8_rep1,redis,sb:events:n20:feed8:rep1,62e1ac85-475b-41c2-9b77-e59c9e842495,3895107,257,18139901900,18139931100,1781307210398-0
concurrency_n20_20260613_003304_redis_feed8_rep1,redis,sb:events:n20:feed8:rep1,3e16c4a5-f67a-49d4-b9a6-3c4ce4920dff,3895134,257,18140749400,18140767900,1781307210400-0
concurrency_n20_20260613_003304_redis_feed8_rep1,redis,sb:events:n20:feed8:rep1,e4df921b-4a22-4c53-911c-f17696fbd589,3895134,257,18143940200,18143970000,1781307210403-0
concurrency_n20_20260613_003304_redis_feed8_rep1,redis,sb:events:n20:feed8:rep1,54204948-7ae4-4ee2-afe1-e0ddd2bd4aec,3895086,257,18145483100,18145505000,1781307210405-0
concurrency_n20_20260613_003304_redis_feed8_rep1,redis,sb:events:n20:feed8:rep1,73a9ced2-4181-48ba-846e-bdb30829fcce,3895086,257,18146507800,18146548000,1781307210411-0
concurrency_n20_20260613_003304_redis_feed8_rep1,redis,sb:events:n20:feed8:rep1,38e2a384-9e04-4022-80d7-b973f795b0a9,3895067,258,18148148600,18148170300,1781307210413-0
concurrency_n20_20260613_003304_redis_feed8_rep1,redis,sb:events:n20:feed8:rep1,bf15dbac-44e7-4bff-a8f0-603372cda1a0,3895067,258,18149164200,18149199600,1781307210414-0
concurrency_n20_20260613_003304_redis_feed8_rep1,redis,sb:events:n20:feed8:rep1,f5117633-0494-4caf-8991-e6e6e82a6d58,3895074,258,18153003700,18153029400,1781307210420-0
concurrency_n20_20260613_003304_redis_feed8_rep1,redis,sb:events:n20:feed8:rep1,1f90c84b-8198-4fe6-926e-b127432fe1ce,3895107,258,18155585700,18155615500,1781307210421-0
concurrency_n20_20260613_003304_redis_feed8_rep1,redis,sb:events:n20:feed8:rep1,cc6dccb1-5860-46f3-8735-8e8f428d01b9,3895107,258,18157646600,18157694700,1781307210423-0
concurrency_n20_20260613_003304_redis_feed8_rep1,redis,sb:events:n20:feed8:rep1,e03baa4b-601d-4da7-8fea-80b62a62484d,3895086,258,18161351400,18161377400,1781307210425-0
concurrency_n20_20260613_003304_redis_feed8_rep1,redis,sb:events:n20:feed8:rep1,68854cd3-aa73-4048-ade3-4704949a8de0,3895086,258,18162362100,18162382400,1781307210427-0
concurrency_n20_20260613_003304_redis_feed8_rep1,redis,sb:events:n20:feed8:rep1,b48dd5a9-9fda-4540-9579-1eb7241c1732,3895086,258,18163542600,18163566100,1781307210429-0
concurrency_n20_20260613_003304_redis_feed8_rep1,redis,sb:events:n20:feed8:rep1,2e46e287-e9c1-4099-a47b-5bd15f749fdd,3895121,259,18164654900,18164678100,1781307210433-0
concurrency_n20_20260613_003304_redis_feed8_rep1,redis,sb:events:n20:feed8:rep1,e2076784-c7cd-4a7b-911d-32148bdcb668,3895067,259,18166774600,18166794700,1781307210434-0
concurrency_n20_20260613_003304_redis_feed8_rep1,redis,sb:events:n20:feed8:rep1,e9f720af-7816-4335-a7c7-128a55d24113,3895107,259,18168549600,18168576400,1781307210436-0
concurrency_n20_20260613_003304_redis_feed8_rep1,redis,sb:events:n20:feed8:rep1,663fed60-ccc7-45ed-b398-8c2b0921fb53,3895113,259,18172010400,18172070600,1781307210439-0
concurrency_n20_20260613_003304_redis_feed8_rep1,redis,sb:events:n20:feed8:rep1,9b56a464-22da-4631-8ac9-d069ad9e27a8,3895113,259,18173793700,18173818100,1781307210440-0
concurrency_n20_20260613_003304_redis_feed8_rep1,redis,sb:events:n20:feed8:rep1,10838d52-0301-4524-876a-0b60517930a0,3895113,259,18176911900,18176934900,1781307210445-0
concurrency_n20_20260613_003304_redis_feed8_rep1,redis,sb:events:n20:feed8:rep1,47215bf6-9a9b-44ef-83e0-300fed2e90e6,3895086,259,18177925000,18177947600,1781307210446-0
concurrency_n20_20260613_003304_redis_feed8_rep1,redis,sb:events:n20:feed8:rep1,6a23b116-5052-424c-8edb-ec17fc93049c,3895086,259,18179368200,18179391500,1781307210448-0
concurrency_n20_20260613_003304_redis_feed8_rep1,redis,sb:events:n20:feed8:rep1,9aa277b0-c06e-4c8f-871f-fc858ede75a1,3895095,260,18183515100,18183540600,1781307210449-0
concurrency_n20_20260613_003304_redis_feed8_rep1,redis,sb:events:n20:feed8:rep1,6bcac124-e4dc-45f1-b0bd-21ed8e841c40,3895121,260,18185519800,18185545900,1781307210451-0
concurrency_n20_20260613_003304_redis_feed8_rep1,redis,sb:events:n20:feed8:rep1,ee0a8cc6-0d4e-4359-8cdc-c4657c2527ba,3895121,260,18189002600,18189037000,1781307210452-0
concurrency_n20_20260613_003304_redis_feed8_rep1,redis,sb:events:n20:feed8:rep1,ea4cd5da-c431-45e1-9579-f6afcf1d18e1,3895074,260,18216349900,18216377800,1781307210455-0
concurrency_n20_20260613_003304_redis_feed8_rep1,redis,sb:events:n20:feed8:rep1,0125e4f0-5e8a-476d-8cfe-ea841d753ef4,3895067,260,18219458800,18219555000,1781307210457-0
concurrency_n20_20260613_003304_redis_feed8_rep1,redis,sb:events:n20:feed8:rep1,ed84fc85-9f8b-412f-81c2-680173fb86ae,3895074,260,18221361500,18221383100,1781307210458-0
concurrency_n20_20260613_003304_redis_feed8_rep1,redis,sb:events:n20:feed8:rep1,4942bd70-328f-4b42-b1a0-ca86e5ed0132,3895067,260,18222801300,18222834400,1781307210460-0
concurrency_n20_20260613_003304_redis_feed8_rep1,redis,sb:events:n20:feed8:rep1,5dad505a-6623-4536-b2ac-6022b8da73d4,3895107,260,18226776000,18226804500,1781307210472-0
concurrency_n20_20260613_003304_redis_feed8_rep1,redis,sb:events:n20:feed8:rep1,485ae714-24e3-4f42-b361-07329c135923,3895107,260,18233383400,18233408500,1781307210489-0
concurrency_n20_20260613_003304_redis_feed8_rep1,redis,sb:events:n20:feed8:rep1,71cc3eec-93e6-4ef6-a5c2-af39d963246d,3895113,260,18234221500,18234240700,1781307210491-0
concurrency_n20_20260613_003304_redis_feed8_rep1,redis,sb:events:n20:feed8:rep1,0ca04aaf-412c-44d0-a7a2-8b121880b269,3895113,260,18235691400,18235712700,1781307210493-0
concurrency_n20_20260613_003304_redis_feed8_rep1,redis,sb:events:n20:feed8:rep1,996cd44e-aacc-4356-94f2-018d44db541e,3895095,261,18237716400,18237756300,1781307210499-0
concurrency_n20_20260613_003304_redis_feed8_rep1,redis,sb:events:n20:feed8:rep1,16bc8159-f671-475a-bcba-c53e4796be16,3895074,261,18239177000,18239207000,1781307210501-0
concurrency_n20_20260613_003304_redis_feed8_rep1,redis,sb:events:n20:feed8:rep1,0fe5d0e6-56a8-4c1e-b502-944527c8b3b2,3895067,261,18247787600,18247815500,1781307210502-0
concurrency_n20_20260613_003304_redis_feed8_rep1,redis,sb:events:n20:feed8:rep1,24493149-eac2-44f2-b2f5-271189452a64,3895134,261,18249408000,18249429900,1781307210507-0
concurrency_n20_20260613_003304_redis_feed8_rep1,redis,sb:events:n20:feed8:rep1,cfa33c23-5e87-40cc-8d8c-c0758d159bc3,3895121,262,18250609800,18250635400,1781307210510-0
concurrency_n20_20260613_003304_redis_feed8_rep1,redis,sb:events:n20:feed8:rep1,10d650b0-aeb3-480f-a773-2363ee75ceac,3895074,262,18251737900,18251818100,1781307210513-0
concurrency_n20_20260613_003304_redis_feed8_rep1,redis,sb:events:n20:feed8:rep1,f095118b-5d42-442e-a60a-331f0f9173be,3895074,262,18254931200,18254958800,1781307210518-0
concurrency_n20_20260613_003304_redis_feed8_rep1,redis,sb:events:n20:feed8:rep1,514d34a6-6e55-491c-a213-7c9fa1c0b7fb,3895107,262,18256761500,18256799000,1781307210521-0
concurrency_n20_20260613_003304_redis_feed8_rep1,redis,sb:events:n20:feed8:rep1,4e2224cd-3e95-48e5-9712-7710ef3f1c0a,3895134,262,18258337400,18258368200,1781307210522-0
concurrency_n20_20260613_003304_redis_feed8_rep1,redis,sb:events:n20:feed8:rep1,f1cd4674-ad76-45d4-9628-c4e224ac2f35,3895134,262,18260256400,18260278900,1781307210524-0
concurrency_n20_20260613_003304_redis_feed8_rep1,redis,sb:events:n20:feed8:rep1,66caab40-09c3-446d-a427-cf45c915444d,3895086,262,18278701400,18278728300,1781307210525-0
concurrency_n20_20260613_003304_redis_feed8_rep1,redis,sb:events:n20:feed8:rep1,8618303d-99e2-4e41-bfce-73679717791a,3895121,263,18282098500,18282141500,1781307210527-0
concurrency_n20_20260613_003304_redis_feed8_rep1,redis,sb:events:n20:feed8:rep1,bc4a7ba2-d4e7-4286-8374-d79a5779f841,3895121,263,18284475600,18284501200,1781307210529-0
concurrency_n20_20260613_003304_redis_feed8_rep1,redis,sb:events:n20:feed8:rep1,8298e9c7-a913-4efc-a9ba-9ee43d90dcc5,3895067,263,18287390500,18287420800,1781307210531-0
concurrency_n20_20260613_003304_redis_feed8_rep1,redis,sb:events:n20:feed8:rep1,13e41f11-b758-4c70-b60d-97d3887b664b,3895067,263,18291344900,18291373600,1781307210551-0
concurrency_n20_20260613_003304_redis_feed8_rep1,redis,sb:events:n20:feed8:rep1,18d31a96-ce5f-4b9f-83fc-6d5e684cf434,3895067,263,18293087900,18293116200,1781307210553-0
concurrency_n20_20260613_003304_redis_feed8_rep1,redis,sb:events:n20:feed8:rep1,6282f2ed-5306-4692-97a8-018abed55a97,3895086,263,18303216300,18303269200,1781307210555-0
concurrency_n20_20260613_003304_redis_feed8_rep1,redis,sb:events:n20:feed8:rep1,0d575998-33de-49ca-b066-2b07f6d5b877,3895086,263,18309142900,18309164600,1781307210558-0
concurrency_n20_20260613_003304_redis_feed8_rep1,redis,sb:events:n20:feed8:rep1,2c155794-7231-487e-8463-a99b8c0bf033,3895086,263,18310397100,18310423800,1781307210564-0
concurrency_n20_20260613_003304_redis_feed8_rep1,redis,sb:events:n20:feed8:rep1,92038172-7102-4357-88a0-d66531d0be4e,3895086,263,18311462300,18311483000,1781307210566-0
concurrency_n20_20260613_003304_redis_feed8_rep1,redis,sb:events:n20:feed8:rep1,8fe456b1-05c6-45d3-8b82-1ac9bf0fe7be,3895067,264,18314358800,18314381500,1781307210577-0
concurrency_n20_20260613_003304_redis_feed8_rep1,redis,sb:events:n20:feed8:rep1,3d789615-1091-409c-85fd-685e7676feda,3895067,264,18316927900,18317037000,1781307210578-0
concurrency_n20_20260613_003304_redis_feed8_rep1,redis,sb:events:n20:feed8:rep1,13ee56a2-d705-49a4-ab4a-d4d369100413,3895107,264,18318988200,18319012600,1781307210582-0
concurrency_n20_20260613_003304_redis_feed8_rep1,redis,sb:events:n20:feed8:rep1,9c10cb13-35c4-4526-ac97-d99683b9e699,3895107,264,18320034900,18320054100,1781307210584-0
concurrency_n20_20260613_003304_redis_feed8_rep1,redis,sb:events:n20:feed8:rep1,efb93bf2-d768-4a93-af9f-ca59ff1274c9,3895134,264,18324638800,18324662400,1781307210587-0
concurrency_n20_20260613_003304_redis_feed8_rep1,redis,sb:events:n20:feed8:rep1,b6c7894b-dd9c-454c-8216-795a1b1cf868,3895134,265,18326977300,18327004900,1781307210589-0
concurrency_n20_20260613_003304_redis_feed8_rep1,redis,sb:events:n20:feed8:rep1,34c88955-3322-45ec-8d48-1dc784b8d9cb,3895086,265,18328834700,18328864200,1781307210591-0
concurrency_n20_20260613_003304_redis_feed8_rep1,redis,sb:events:n20:feed8:rep1,88b7d2c5-ea70-4802-8e21-22e5bec35408,3895086,265,18331638500,18331675800,1781307210592-0
concurrency_n20_20260613_003304_redis_feed8_rep1,redis,sb:events:n20:feed8:rep1,9e776352-0652-4d54-bb99-2af9245e34bd,3895121,266,18352214400,18352239000,1781307210597-0
concurrency_n20_20260613_003304_redis_feed8_rep1,redis,sb:events:n20:feed8:rep1,b554adb2-7947-471d-978b-65ab486e3695,3895107,266,18355451500,18355480700,1781307210599-0
concurrency_n20_20260613_003304_redis_feed8_rep1,redis,sb:events:n20:feed8:rep1,095beac9-7bb6-4509-8f3b-046dbe3256e6,3895086,266,18356599800,18356620400,1781307210602-0
concurrency_n20_20260613_003304_redis_feed8_rep1,redis,sb:events:n20:feed8:rep1,2180041b-af64-4877-a4d2-385bd5e76108,3895086,266,18357669800,18357694100,1781307210621-0
concurrency_n20_20260613_003304_redis_feed8_rep1,redis,sb:events:n20:feed8:rep1,ed4f581a-98cf-437d-b2d9-6ab817f3a8e1,3895086,266,18358909200,18358927900,1781307210623-0
concurrency_n20_20260613_003304_redis_feed8_rep1,redis,sb:events:n20:feed8:rep1,9e68e4a2-3f54-4586-9c97-d02b4d59c25f,3895086,266,18360796800,18360814200,1781307210625-0
concurrency_n20_20260613_003304_redis_feed8_rep1,redis,sb:events:n20:feed8:rep1,b9cd084b-db1f-4e4d-bb2b-8df05782ef9e,3895060,267,18362384100,18362404600,1781307210632-0
concurrency_n20_20260613_003304_redis_feed8_rep1,redis,sb:events:n20:feed8:rep1,4dca818c-95a9-4119-bcf7-c9ceb9b6e893,3895121,267,18363921100,18363951100,1781307210633-0
concurrency_n20_20260613_003304_redis_feed8_rep1,redis,sb:events:n20:feed8:rep1,46623275-b589-4b8c-a3ac-860979f10126,3895121,267,18366244000,18366339100,1781307210634-0
concurrency_n20_20260613_003304_redis_feed8_rep1,redis,sb:events:n20:feed8:rep1,51a56ca6-53b2-4905-a64e-1f75f54f9c22,3895074,267,18367722200,18367744700,1781307210638-0
concurrency_n20_20260613_003304_redis_feed8_rep1,redis,sb:events:n20:feed8:rep1,e54d1ea2-fdce-4a39-a60e-a10cbdd38c69,3895067,267,18388873700,18388900600,1781307210639-0
concurrency_n20_20260613_003304_redis_feed8_rep1,redis,sb:events:n20:feed8:rep1,1e1a8680-84d3-44a8-a763-d0c2f61ccaef,3895107,267,18391442300,18391473800,1781307210660-0
concurrency_n20_20260613_003304_redis_feed8_rep1,redis,sb:events:n20:feed8:rep1,343781b7-0e28-4c1a-9519-e9a223c4a2ab,3895086,267,18394468600,18394495000,1781307210662-0
concurrency_n20_20260613_003304_redis_feed8_rep1,redis,sb:events:n20:feed8:rep1,bd4fd27a-af25-48c9-b982-579d4156695a,3895086,267,18396617500,18396665800,1781307210665-0
concurrency_n20_20260613_003304_redis_feed8_rep1,redis,sb:events:n20:feed8:rep1,0b59b3bf-4601-4c24-8885-60395189f536,3895086,267,18402548000,18402650600,1781307210673-0
concurrency_n20_20260613_003304_redis_feed8_rep1,redis,sb:events:n20:feed8:rep1,0fba1ad7-479b-4b6d-bc7b-6c018c155cf0,3895074,268,18407201400,18407271400,1781307210676-0
concurrency_n20_20260613_003304_redis_feed8_rep1,redis,sb:events:n20:feed8:rep1,ee0a6df8-5cef-40c1-9e50-478ba581f659,3895074,268,18408854600,18408879400,1781307210678-0
concurrency_n20_20260613_003304_redis_feed8_rep1,redis,sb:events:n20:feed8:rep1,fd1049b3-6c01-4bcf-9e28-659dc18d76be,3895067,268,18411675400,18411701500,1781307210679-0
concurrency_n20_20260613_003304_redis_feed8_rep1,redis,sb:events:n20:feed8:rep1,c885f171-2860-4119-9ee5-46c6577051c7,3895067,268,18415305700,18415332400,1781307210687-0
concurrency_n20_20260613_003304_redis_feed8_rep1,redis,sb:events:n20:feed8:rep1,dd5cc896-95a8-4dde-b096-19f8a35fedae,3895067,268,18418508000,18418537100,1781307210689-0
concurrency_n20_20260613_003304_redis_feed8_rep1,redis,sb:events:n20:feed8:rep1,d2605132-7102-44cd-989b-463ca323eadd,3895067,268,18424829600,18424857800,1781307210691-0
concurrency_n20_20260613_003304_redis_feed8_rep1,redis,sb:events:n20:feed8:rep1,c8b2a6c1-0af0-40cb-954c-fc5b21ed2a10,3895107,268,18426870300,18426890400,1781307210694-0
concurrency_n20_20260613_003304_redis_feed8_rep1,redis,sb:events:n20:feed8:rep1,391c6d6b-904b-4a03-8e42-64066fa8bd04,3895107,268,18427959200,18427980800,1781307210696-0
concurrency_n20_20260613_003304_redis_feed8_rep1,redis,sb:events:n20:feed8:rep1,e74c249e-23f6-4b45-b6d3-1314c1b07372,3895134,268,18434815400,18438928700,1781307210700-0
concurrency_n20_20260613_003304_redis_feed8_rep1,redis,sb:events:n20:feed8:rep1,c83ebc9a-b029-493e-8581-ec84cacecafd,3895134,268,18440295400,18440324200,1781307210704-0
concurrency_n20_20260613_003304_redis_feed8_rep1,redis,sb:events:n20:feed8:rep1,aca80b04-2892-4c4f-888e-df76c7567817,3895086,268,18441092100,18441117900,1781307210706-0
concurrency_n20_20260613_003304_redis_feed8_rep1,redis,sb:events:n20:feed8:rep1,0cde918a-e527-4076-8a12-e5a60f799698,3895086,268,18443832200,18443859300,1781307210712-0
concurrency_n20_20260613_003304_redis_feed8_rep1,redis,sb:events:n20:feed8:rep1,338ab47a-b28f-4c2b-bd70-7e12984b30fc,3895060,269,18446941100,18446968900,1781307210714-0
concurrency_n20_20260613_003304_redis_feed8_rep1,redis,sb:events:n20:feed8:rep1,01628134-a403-45a5-9d2d-22b3bfe0979c,3895060,269,18448292700,18448316100,1781307210715-0
concurrency_n20_20260613_003304_redis_feed8_rep1,redis,sb:events:n20:feed8:rep1,1f368669-6dbe-435c-a840-a7460f2a4eb8,3895121,269,18450719400,18450744300,1781307210720-0
concurrency_n20_20260613_003304_redis_feed8_rep1,redis,sb:events:n20:feed8:rep1,723e6795-1547-43a5-8c9e-2aed6477cf78,3895121,269,18451771300,18451792900,1781307210721-0
concurrency_n20_20260613_003304_redis_feed8_rep1,redis,sb:events:n20:feed8:rep1,afa22405-2040-43ab-b197-f2419187cd98,3895074,269,18454927600,18455081500,1781307210723-0
concurrency_n20_20260613_003304_redis_feed8_rep1,redis,sb:events:n20:feed8:rep1,177f2b40-74c1-40e8-bec1-804b49c2c305,3895107,269,18459649800,18459674200,1781307210724-0
concurrency_n20_20260613_003304_redis_feed8_rep1,redis,sb:events:n20:feed8:rep1,6eaa0b6f-a268-4df3-8485-181924de80a4,3895060,270,18476041600,18476072600,1781307210728-0
concurrency_n20_20260613_003304_redis_feed8_rep1,redis,sb:events:n20:feed8:rep1,42078d0a-8356-4d5f-8c14-9258e6893705,3895060,270,18479368200,18480759700,1781307210730-0
concurrency_n20_20260613_003304_redis_feed8_rep1,redis,sb:events:n20:feed8:rep1,e8deba9d-f61c-4666-89ca-9aac01e5ed15,3895060,270,18497604700,18497630900,1781307210747-0
concurrency_n20_20260613_003304_redis_feed8_rep1,redis,sb:events:n20:feed8:rep1,01bb8b26-990c-48f7-85c8-d20de30bddea,3895074,270,18499651900,18499675100,1781307210753-0
concurrency_n20_20260613_003304_redis_feed8_rep1,redis,sb:events:n20:feed8:rep1,3583f06d-21fc-45fc-b46a-01fe1867d33b,3895074,270,18501352100,18501381400,1781307210765-0
concurrency_n20_20260613_003304_redis_feed8_rep1,redis,sb:events:n20:feed8:rep1,dfba11df-0765-423a-bb4f-a4a1b86cc36e,3895074,270,18514431400,18514458900,1781307210773-0
concurrency_n20_20260613_003304_redis_feed8_rep1,redis,sb:events:n20:feed8:rep1,d514dd51-cbc8-4d01-a300-dc01767fd9d5,3895067,270,18516059300,18516085400,1781307210780-0
concurrency_n20_20260613_003304_redis_feed8_rep1,redis,sb:events:n20:feed8:rep1,7f6e4468-5f83-4886-80bb-75c5a0d8ff6d,3895067,270,18534594300,18534621300,1781307210783-0
concurrency_n20_20260613_003304_redis_feed8_rep1,redis,sb:events:n20:feed8:rep1,977ef353-dfbd-4e2c-a5a2-37786c84f1f3,3895107,270,18557048800,18557074100,1781307210786-0
concurrency_n20_20260613_003304_redis_feed8_rep1,redis,sb:events:n20:feed8:rep1,1e9330b6-39e2-4a05-bf78-c117c52f08e8,3895107,270,18559406300,18559425300,1781307210787-0
concurrency_n20_20260613_003304_redis_feed8_rep1,redis,sb:events:n20:feed8:rep1,8aed6f04-02ac-4e12-be25-8acf290f30a7,3895107,270,18560061100,18560083800,1781307210806-0
concurrency_n20_20260613_003304_redis_feed8_rep1,redis,sb:events:n20:feed8:rep1,bc0b8dcf-0f27-4a89-ba32-bc747d9bc952,3895134,270,18561704500,18561728400,1781307210830-0
concurrency_n20_20260613_003304_redis_feed8_rep1,redis,sb:events:n20:feed8:rep1,e9ba22ee-8e47-4642-9ed4-f11566f547de,3895086,270,18563650300,18563676300,1781307210832-0
concurrency_n20_20260613_003304_redis_feed8_rep1,redis,sb:events:n20:feed8:rep1,5581ad54-dcfa-4b43-8955-ab459b7cc83d,3895060,271,18568917100,18568946400,1781307210833-0
concurrency_n20_20260613_003304_redis_feed8_rep1,redis,sb:events:n20:feed8:rep1,44a9ff5c-461a-4345-8903-b8369f454bab,3895121,271,18570137000,18570190100,1781307210834-0
concurrency_n20_20260613_003304_redis_feed8_rep1,redis,sb:events:n20:feed8:rep1,1fdfc1cf-dc92-4683-9358-6644a102d190,3895067,271,18572017500,18572043600,1781307210835-0
concurrency_n20_20260613_003304_redis_feed8_rep1,redis,sb:events:n20:feed8:rep1,1036de56-68da-4a7d-ae7a-0c2693862ce9,3895067,271,18573321700,18573340900,1781307210837-0
concurrency_n20_20260613_003304_redis_feed8_rep1,redis,sb:events:n20:feed8:rep1,07406593-3095-4290-a316-b490ea348684,3895067,271,18578637300,18578673800,1781307210842-0
concurrency_n20_20260613_003304_redis_feed8_rep1,redis,sb:events:n20:feed8:rep1,00119947-82ad-443c-af11-6dd33262c767,3895052,271,18580317800,18580339700,1781307210844-0
concurrency_n20_20260613_003304_redis_feed8_rep1,redis,sb:events:n20:feed8:rep1,0267a16d-9851-474d-b248-83f9736881eb,3895107,271,18581140600,18581163700,1781307210846-0
concurrency_n20_20260613_003304_redis_feed8_rep1,redis,sb:events:n20:feed8:rep1,6e729421-0bbd-49c9-b3d7-487e8f0d20dd,3895107,271,18581899800,18581918200,1781307210847-0
concurrency_n20_20260613_003304_redis_feed8_rep1,redis,sb:events:n20:feed8:rep1,a4412978-7f9a-4fc3-b054-1cd626d5abfd,3895107,271,18584475600,18584500300,1781307210849-0
concurrency_n20_20260613_003304_redis_feed8_rep1,redis,sb:events:n20:feed8:rep1,86c9ab13-4b82-4056-ae14-1fc5594b80fd,3895107,271,18585762100,18585787300,1781307210850-0
concurrency_n20_20260613_003304_redis_feed8_rep1,redis,sb:events:n20:feed8:rep1,bc947e40-b3f2-4f11-9aea-31ada13bfb38,3895107,271,18588061500,18588083300,1781307210854-0
concurrency_n20_20260613_003304_redis_feed8_rep1,redis,sb:events:n20:feed8:rep1,74542926-021d-4bd8-8a65-0130ef27dc9e,3895074,272,18588708900,18588725500,1781307210855-0
concurrency_n20_20260613_003304_redis_feed8_rep1,redis,sb:events:n20:feed8:rep1,0419fc46-4002-44ec-ae27-ee60e5e41bdc,3895074,272,18591440500,18591469600,1781307210857-0
concurrency_n20_20260613_003304_redis_feed8_rep1,redis,sb:events:n20:feed8:rep1,13575c0f-d745-415b-980c-2927d9b04576,3895107,272,18595081500,18595109700,1781307210860-0
concurrency_n20_20260613_003304_redis_feed8_rep1,redis,sb:events:n20:feed8:rep1,5d1aff3f-0748-4407-b489-77cd8f595cc5,3895060,273,18597254100,18597282700,1781307210861-0
concurrency_n20_20260613_003304_redis_feed8_rep1,redis,sb:events:n20:feed8:rep1,fb2e4456-06c9-402f-8b09-37b2a0a85011,3895060,273,18598521000,18598540700,1781307210863-0
concurrency_n20_20260613_003304_redis_feed8_rep1,redis,sb:events:n20:feed8:rep1,14f03a0a-69ac-45c2-9584-3133cfcdf441,3895121,273,18599467400,18599494100,1781307210865-0
concurrency_n20_20260613_003304_redis_feed8_rep1,redis,sb:events:n20:feed8:rep1,2e5d777b-b87c-4193-9c66-2dc4f9799c0a,3895121,273,18606330600,18606538800,1781307210869-0
concurrency_n20_20260613_003304_redis_feed8_rep1,redis,sb:events:n20:feed8:rep1,e6500334-9172-4211-86d2-4367cd05906d,3895074,273,18609008800,18609030400,1781307210871-0
concurrency_n20_20260613_003304_redis_feed8_rep1,redis,sb:events:n20:feed8:rep1,47f7c1fd-4df8-4d04-8596-5ca260499f6c,3895107,273,18609958200,18610008900,1781307210872-0
concurrency_n20_20260613_003304_redis_feed8_rep1,redis,sb:events:n20:feed8:rep1,0b89a38a-1b1e-41f8-a0b7-590546850b3c,3895107,273,18611100800,18611125600,1781307210875-0
concurrency_n20_20260613_003304_redis_feed8_rep1,redis,sb:events:n20:feed8:rep1,705881f6-76d6-46d2-a301-243af6757449,3895107,273,18612181900,18612202300,1781307210876-0
concurrency_n20_20260613_003304_redis_feed8_rep1,redis,sb:events:n20:feed8:rep1,50f26d4f-3cb8-4532-9185-4a10012037a5,3895107,273,18613151300,18613170200,1781307210881-0
concurrency_n20_20260613_003304_redis_feed8_rep1,redis,sb:events:n20:feed8:rep1,c8deccf2-d454-445c-ad38-9cc2eb62faf5,3895060,274,18615674600,18615697700,1781307210882-0
concurrency_n20_20260613_003304_redis_feed8_rep1,redis,sb:events:n20:feed8:rep1,ae390965-1a6c-455f-b3ca-922cf7b54142,3895121,274,18617407700,18617471700,1781307210883-0
concurrency_n20_20260613_003304_redis_feed8_rep1,redis,sb:events:n20:feed8:rep1,6919c78c-5325-4109-82e5-f5c2db07e3e9,3895074,274,18620877000,18620906900,1781307210887-0
concurrency_n20_20260613_003304_redis_feed8_rep1,redis,sb:events:n20:feed8:rep1,9f9621bb-4395-4d3a-a51e-1e5352417f9c,3895074,274,18624396200,18624421000,1781307210888-0
concurrency_n20_20260613_003304_redis_feed8_rep1,redis,sb:events:n20:feed8:rep1,91bb7ef0-a5ae-46fe-b05b-ba8dd1589f69,3895074,274,18625647800,18625674700,1781307210893-0
concurrency_n20_20260613_003304_redis_feed8_rep1,redis,sb:events:n20:feed8:rep1,8f2b509c-1b20-4fee-b757-e93b371d3008,3895052,274,18629209000,18629235000,1781307210898-0
concurrency_n20_20260613_003304_redis_feed8_rep1,redis,sb:events:n20:feed8:rep1,ad9f5632-f016-4768-bb7f-f954877f062a,3895052,274,18632292800,18632319600,1781307210899-0
concurrency_n20_20260613_003304_redis_feed8_rep1,redis,sb:events:n20:feed8:rep1,18e2c4a7-33ef-460e-9455-d33add609933,3895107,274,18639072500,18639102100,1781307210901-0
concurrency_n20_20260613_003304_redis_feed8_rep1,redis,sb:events:n20:feed8:rep1,bebba0a9-6275-4627-896b-8ed0fb80dae6,3895107,274,18653091700,18653122100,1781307210907-0
concurrency_n20_20260613_003304_redis_feed8_rep1,redis,sb:events:n20:feed8:rep1,3a395ce8-2863-48f0-9c25-dc5b497d7340,3895060,275,18656319700,18656351100,1781307210908-0
concurrency_n20_20260613_003304_redis_feed8_rep1,redis,sb:events:n20:feed8:rep1,e3ee7bfb-48b2-4421-aa5e-3d42632496ae,3895060,275,18663889300,18663932700,1781307210910-0
concurrency_n20_20260613_003304_redis_feed8_rep1,redis,sb:events:n20:feed8:rep1,9cbd77fd-6ab8-4c45-b0cb-21beb14be19c,3895067,275,18667038100,18667069800,1781307210924-0
concurrency_n20_20260613_003304_redis_feed8_rep1,redis,sb:events:n20:feed8:rep1,69d57cf5-7da9-48d1-9f9d-a8929a77f91b,3895052,275,18684776400,18684966600,1781307210927-0
concurrency_n20_20260613_003304_redis_feed8_rep1,redis,sb:events:n20:feed8:rep1,06904d29-3849-430d-8a89-6dfe0363c0aa,3895052,275,18701081100,18701113700,1781307210931-0
concurrency_n20_20260613_003304_redis_feed8_rep1,redis,sb:events:n20:feed8:rep1,9c2de277-bdcb-4d07-87fd-aaa32b58aa09,3895113,275,18704848100,18704877700,1781307210939-0
concurrency_n20_20260613_003304_redis_feed8_rep1,redis,sb:events:n20:feed8:rep1,3e029e4b-2571-4ea8-805a-a3e6062ffc31,3895060,276,18707481900,18707521600,1781307210971-0
concurrency_n20_20260613_003304_redis_feed8_rep1,redis,sb:events:n20:feed8:rep1,25ed9580-8a5c-468c-9a49-d265d1628d7c,3895060,276,18708826400,18708849800,1781307210974-0
concurrency_n20_20260613_003304_redis_feed8_rep1,redis,sb:events:n20:feed8:rep1,24e7d246-d03c-4463-9647-764ef1571c7b,3895060,276,18713546400,18713583400,1781307210976-0
concurrency_n20_20260613_003304_redis_feed8_rep1,redis,sb:events:n20:feed8:rep1,5d3ea8bf-19e4-4faa-b170-4213f4e8a325,3895121,276,18715286600,18715323400,1781307210978-0
concurrency_n20_20260613_003304_redis_feed8_rep1,redis,sb:events:n20:feed8:rep1,ab0f44f8-edc0-4be0-9286-f7a48ce1d621,3895074,276,18717921600,18717939900,1781307210981-0
concurrency_n20_20260613_003304_redis_feed8_rep1,redis,sb:events:n20:feed8:rep1,d5550ce2-817b-45ec-b62d-eaf2c9168046,3895074,276,18718661500,18718704000,1781307210982-0
concurrency_n20_20260613_003304_redis_feed8_rep1,redis,sb:events:n20:feed8:rep1,ad174cea-e878-4b47-bac6-e43587231760,3895067,276,18719994200,18720015700,1781307210985-0
concurrency_n20_20260613_003304_redis_feed8_rep1,redis,sb:events:n20:feed8:rep1,40babdd6-38b1-4e24-8e68-91d2b1cb2640,3895074,276,18722189600,18722210400,1781307210988-0
concurrency_n20_20260613_003304_redis_feed8_rep1,redis,sb:events:n20:feed8:rep1,f20e0998-f0f2-4f59-a826-427a42aff538,3895067,276,18723734000,18723760100,1781307210989-0
concurrency_n20_20260613_003304_redis_feed8_rep1,redis,sb:events:n20:feed8:rep1,3a855901-93d7-4b45-94b2-4c0f6c0e82ed,3895067,276,18729179900,18729203600,1781307210990-0
concurrency_n20_20260613_003304_redis_feed8_rep1,redis,sb:events:n20:feed8:rep1,b14b6ebe-eca3-4487-8f1d-10c596a36043,3895067,276,18730552100,18730591000,1781307210995-0
concurrency_n20_20260613_003304_redis_feed8_rep1,redis,sb:events:n20:feed8:rep1,cfcb5f7a-11c5-4c7d-aca0-34a607c28528,3895067,276,18736408400,18736438000,1781307210996-0
concurrency_n20_20260613_003304_redis_feed8_rep1,redis,sb:events:n20:feed8:rep1,e84ef588-3bfd-48b9-af0f-1de178e3704f,3895067,276,18739089200,18739116300,1781307210999-0
concurrency_n20_20260613_003304_redis_feed8_rep1,redis,sb:events:n20:feed8:rep1,4cacd608-9f81-4f99-a2ee-6215f1c722dc,3895052,276,18808033200,18808056700,1781307211001-0
concurrency_n20_20260613_003304_redis_feed8_rep1,redis,sb:events:n20:feed8:rep1,7cc8a6ee-1fe0-4a05-96ee-79c9193f1042,3895134,276,18810075900,18810133100,1781307211005-0
concurrency_n20_20260613_003304_redis_feed8_rep1,redis,sb:events:n20:feed8:rep1,868323ed-f7b6-4532-b538-6da877f8c6ea,3895134,276,18811546100,18811575600,1781307211006-0
concurrency_n20_20260613_003304_redis_feed8_rep1,redis,sb:events:n20:feed8:rep1,018bfbd5-8993-41c6-9f87-96900fdb3b6b,3895052,277,18815702500,18815729200,1781307211008-0
concurrency_n20_20260613_003304_redis_feed8_rep1,redis,sb:events:n20:feed8:rep1,e12d511e-1106-4f3b-bf88-d506519c4884,3895052,277,18817647000,18817671600,1781307211063-0
concurrency_n20_20260613_003304_redis_feed8_rep1,redis,sb:events:n20:feed8:rep1,c1ce0b69-c83b-4203-a004-0cc06eaaea18,3895052,277,18819709500,18819743400,1781307211077-0
concurrency_n20_20260613_003304_redis_feed8_rep1,redis,sb:events:n20:feed8:rep1,94b39728-4689-424b-998b-45215151d294,3895113,277,18825007100,18825044300,1781307211080-0
concurrency_n20_20260613_003304_redis_feed8_rep1,redis,sb:events:n20:feed8:rep1,2e59a3f6-708e-4f6d-9857-0db997357252,3895107,277,18827057200,18827082900,1781307211082-0
concurrency_n20_20260613_003304_redis_feed8_rep1,redis,sb:events:n20:feed8:rep1,6f9a912e-8839-48b1-8ff9-2642edecd22e,3895134,277,18828569500,18828591700,1781307211083-0
concurrency_n20_20260613_003304_redis_feed8_rep1,redis,sb:events:n20:feed8:rep1,8fc24d79-0a41-4f88-99d7-204758d39b89,3895134,277,18832272500,18832310500,1781307211085-0
concurrency_n20_20260613_003304_redis_feed8_rep1,redis,sb:events:n20:feed8:rep1,baf0b43d-7488-4aba-aac8-3be34e44c57e,3895060,278,18837222500,18837388400,1781307211087-0
concurrency_n20_20260613_003304_redis_feed8_rep1,redis,sb:events:n20:feed8:rep1,0d8489b9-7f91-4328-b9aa-66d7c5e770c4,3895060,278,18840217500,18840243900,1781307211095-0
concurrency_n20_20260613_003304_redis_feed8_rep1,redis,sb:events:n20:feed8:rep1,f5ac72a0-313e-4115-9141-cb1c511e5982,3895060,278,18841545200,18841571400,1781307211098-0
concurrency_n20_20260613_003304_redis_feed8_rep1,redis,sb:events:n20:feed8:rep1,a9d798fa-3d9d-4b30-9e68-36e6d3883cd3,3895052,278,18847333200,18847363000,1781307211100-0
concurrency_n20_20260613_003304_redis_feed8_rep1,redis,sb:events:n20:feed8:rep1,a59fc0f2-8e48-4685-a06b-7b4dddeef5ee,3895052,278,18852559700,18852588800,1781307211101-0
concurrency_n20_20260613_003304_redis_feed8_rep1,redis,sb:events:n20:feed8:rep1,2ae64d10-519e-4f7d-8016-1e7020ea6102,3895113,278,18853763400,18853787600,1781307211103-0
concurrency_n20_20260613_003304_redis_feed8_rep1,redis,sb:events:n20:feed8:rep1,6c225640-f176-4e3d-ac14-90e4c5e92771,3895107,278,18854939700,18854964800,1781307211105-0
concurrency_n20_20260613_003304_redis_feed8_rep1,redis,sb:events:n20:feed8:rep1,4b050067-d4a7-4ccf-8e57-bca82a28a6d4,3895107,278,18862313100,18862340300,1781307211113-0
concurrency_n20_20260613_003304_redis_feed8_rep1,redis,sb:events:n20:feed8:rep1,49cf4fe8-b797-43be-ac83-247a4ec230d6,3895067,279,18864510900,18864544700,1781307211115-0
concurrency_n20_20260613_003304_redis_feed8_rep1,redis,sb:events:n20:feed8:rep1,910ee5d4-a9ee-4e89-9716-f1fa16a2a1a8,3895067,279,18868895500,18868925100,1781307211121-0
concurrency_n20_20260613_003304_redis_feed8_rep1,redis,sb:events:n20:feed8:rep1,2cab364f-9f1a-48d5-84a0-39eb53d6a523,3895107,279,18870099300,18870271300,1781307211122-0
concurrency_n20_20260613_003304_redis_feed8_rep1,redis,sb:events:n20:feed8:rep1,8d0c4828-6ecc-4c3a-ad37-c9ef7b46bae6,3895060,280,18871513900,18871538600,1781307211123-0
concurrency_n20_20260613_003304_redis_feed8_rep1,redis,sb:events:n20:feed8:rep1,e2545d71-6cb3-4d04-b512-29634e629949,3895060,280,18873030400,18873056100,1781307211126-0
concurrency_n20_20260613_003304_redis_feed8_rep1,redis,sb:events:n20:feed8:rep1,5658732c-8910-4bc4-b28f-cf8177cced8f,3895074,280,18874137300,18874195400,1781307211127-0
concurrency_n20_20260613_003304_redis_feed8_rep1,redis,sb:events:n20:feed8:rep1,1a2f1bb2-b17c-4251-964c-c55a609354dc,3895067,280,18875059400,18875076500,1781307211129-0
concurrency_n20_20260613_003304_redis_feed8_rep1,redis,sb:events:n20:feed8:rep1,9238108d-5286-460e-a544-1977259b4b14,3895067,280,18882822900,18882859400,1781307211134-0
concurrency_n20_20260613_003304_redis_feed8_rep1,redis,sb:events:n20:feed8:rep1,4274c45b-a4a8-4d35-b735-92673ff7bb85,3895107,280,18884633600,18884666500,1781307211136-0
concurrency_n20_20260613_003304_redis_feed8_rep1,redis,sb:events:n20:feed8:rep1,ffad8e12-d947-4590-a5cd-09ad0a25fda0,3895107,280,18886310400,18886335200,1781307211140-0
concurrency_n20_20260613_003304_redis_feed8_rep1,redis,sb:events:n20:feed8:rep1,9e65c182-64c2-458a-b4a6-046ac7633e88,3895107,280,18888017600,18888057400,1781307211143-0
concurrency_n20_20260613_003304_redis_feed8_rep1,redis,sb:events:n20:feed8:rep1,d9b862fb-af09-4321-a4ba-3fbac00741ea,3895107,280,18889303600,18889329200,1781307211144-0
concurrency_n20_20260613_003304_redis_feed8_rep1,redis,sb:events:n20:feed8:rep1,2efcc702-f0a6-4e9d-a945-d4a1a1df34e7,3895121,281,18890642600,18890665100,1781307211146-0
concurrency_n20_20260613_003304_redis_feed8_rep1,redis,sb:events:n20:feed8:rep1,7473579b-eaa2-4648-a82c-d30461462a01,3895067,281,18892117200,18892135700,1781307211147-0
concurrency_n20_20260613_003304_redis_feed8_rep1,redis,sb:events:n20:feed8:rep1,8bd03049-5688-479a-b578-c689c3828aad,3895067,281,18893627900,18893651400,1781307211151-0
concurrency_n20_20260613_003304_redis_feed8_rep1,redis,sb:events:n20:feed8:rep1,52171c5c-7129-4cfe-bf36-3f3933d86f9f,3895067,281,18894798600,18894820700,1781307211152-0
concurrency_n20_20260613_003304_redis_feed8_rep1,redis,sb:events:n20:feed8:rep1,7bfa15b0-20b4-444d-b3a4-8e0d1d2d60ce,3895067,281,18899002600,18899031900,1781307211155-0
concurrency_n20_20260613_003304_redis_feed8_rep1,redis,sb:events:n20:feed8:rep1,513566a5-0596-433d-b838-5a0ecbbb6391,3895052,281,18904843600,18904893500,1781307211158-0
concurrency_n20_20260613_003304_redis_feed8_rep1,redis,sb:events:n20:feed8:rep1,5752b5a5-7543-4f2b-b691-05f80bfdfdb4,3895113,281,18908436000,18908468300,1781307211161-0
concurrency_n20_20260613_003304_redis_feed8_rep1,redis,sb:events:n20:feed8:rep1,deff4a58-2b46-4ee3-afb5-7beaa4e271cf,3895113,281,18913786000,18913813800,1781307211162-0
concurrency_n20_20260613_003304_redis_feed8_rep1,redis,sb:events:n20:feed8:rep1,f8ee9336-adc4-46ed-9a34-53bc427ca7dc,3895121,282,18914863700,18914891700,1781307211164-0
concurrency_n20_20260613_003304_redis_feed8_rep1,redis,sb:events:n20:feed8:rep1,c8d6e150-201e-40de-bbf2-56fb717bab49,3895121,282,18916371800,18916392500,1781307211166-0
concurrency_n20_20260613_003304_redis_feed8_rep1,redis,sb:events:n20:feed8:rep1,97b9f2ad-35c3-49e8-8e35-900be9cf79b3,3895074,282,18919232400,18919294100,1781307211168-0
concurrency_n20_20260613_003304_redis_feed8_rep1,redis,sb:events:n20:feed8:rep1,a44cbcbf-12ed-49a6-9d32-2c82422cb944,3895074,282,18920780300,18920805700,1781307211169-0
concurrency_n20_20260613_003304_redis_feed8_rep1,redis,sb:events:n20:feed8:rep1,9aaa2778-697e-4c11-82eb-8c57f2d4ec16,3895052,282,18926787300,18926814700,1781307211172-0
concurrency_n20_20260613_003304_redis_feed8_rep1,redis,sb:events:n20:feed8:rep1,1a72cf08-746a-4d2b-907f-05cc7a7e8f01,3895052,282,18928116900,18928140900,1781307211178-0
concurrency_n20_20260613_003304_redis_feed8_rep1,redis,sb:events:n20:feed8:rep1,315fc20d-7643-46e6-8d84-3cfb7816d4d4,3895107,282,18930277700,18930323500,1781307211180-0
concurrency_n20_20260613_003304_redis_feed8_rep1,redis,sb:events:n20:feed8:rep1,8c947879-4c6e-4acd-ac86-b132ac1078c3,3895107,282,18935863900,18935891100,1781307211182-0
concurrency_n20_20260613_003304_redis_feed8_rep1,redis,sb:events:n20:feed8:rep1,bd91d331-3fad-4773-b280-31b8e2669675,3895107,282,18940578300,18940630400,1781307211202-0
concurrency_n20_20260613_003304_redis_feed8_rep1,redis,sb:events:n20:feed8:rep1,2cd0c91a-68f3-4c69-b978-da4ecf01bde4,3895121,283,18941767100,18941847600,1781307211205-0
concurrency_n20_20260613_003304_redis_feed8_rep1,redis,sb:events:n20:feed8:rep1,3a3e5e21-de4e-4bd2-affa-64baa9598327,3895067,283,18942901500,18943029000,1781307211213-0
concurrency_n20_20260613_003304_redis_feed8_rep1,redis,sb:events:n20:feed8:rep1,3997464c-8bb8-48c4-ba87-2c3428361a16,3895052,283,18945850200,18945879400,1781307211214-0
concurrency_n20_20260613_003304_redis_feed8_rep1,redis,sb:events:n20:feed8:rep1,b7143e0f-b3b7-4e41-88e9-0813c82c834f,3895107,283,18947174700,18947218300,1781307211216-0
concurrency_n20_20260613_003304_redis_feed8_rep1,redis,sb:events:n20:feed8:rep1,52174727-508f-4236-b78d-96aacfb5d310,3895107,283,18950120800,18950181700,1781307211222-0
concurrency_n20_20260613_003304_redis_feed8_rep1,redis,sb:events:n20:feed8:rep1,e94e2b5f-2092-418d-adb7-2a6f17b89379,3895060,284,18956656500,18956685600,1781307211224-0
concurrency_n20_20260613_003304_redis_feed8_rep1,redis,sb:events:n20:feed8:rep1,d713fc77-ffb3-4552-97d8-219bc743bbbd,3895121,284,18958419300,18958449500,1781307211226-0
concurrency_n20_20260613_003304_redis_feed8_rep1,redis,sb:events:n20:feed8:rep1,368713b6-97c5-443c-9fd1-4afb44a00723,3895121,284,18961404200,18961427700,1781307211229-0
concurrency_n20_20260613_003304_redis_feed8_rep1,redis,sb:events:n20:feed8:rep1,cad4a11b-995b-4d03-a3f1-02007a646905,3895121,284,18962514300,18962565100,1781307211231-0
concurrency_n20_20260613_003304_redis_feed8_rep1,redis,sb:events:n20:feed8:rep1,508812af-8f6e-40e5-b3ed-7b2d494bc38d,3895067,284,18965067800,18965092500,1781307211232-0
concurrency_n20_20260613_003304_redis_feed8_rep1,redis,sb:events:n20:feed8:rep1,e1c51bfa-af34-42e9-9204-05fbadc7713b,3895067,284,18973547100,18973570800,1781307211246-0
concurrency_n20_20260613_003304_redis_feed8_rep1,redis,sb:events:n20:feed8:rep1,3cf8259d-cc18-447f-a465-d72dc70c4da2,3895113,284,19011714700,19011755400,1781307211264-0
concurrency_n20_20260613_003304_redis_feed8_rep1,redis,sb:events:n20:feed8:rep1,53051d4a-9f6c-484d-8b94-e11b91a1776b,3895052,284,19013037200,19013077400,1781307211267-0
concurrency_n20_20260613_003304_redis_feed8_rep1,redis,sb:events:n20:feed8:rep1,d0e24332-4557-4964-a5c1-deeac13c4cbe,3895052,284,19014885600,19014910800,1781307211269-0
concurrency_n20_20260613_003304_redis_feed8_rep1,redis,sb:events:n20:feed8:rep1,568df90e-0d23-44bf-8c96-729a611c51c4,3895107,284,19020631500,19020677700,1781307211270-0
concurrency_n20_20260613_003304_redis_feed8_rep1,redis,sb:events:n20:feed8:rep1,e0b1d442-0d16-4a88-9444-333968dc8cea,3895107,284,19022506800,19022539900,1781307211273-0
concurrency_n20_20260613_003304_redis_feed8_rep1,redis,sb:events:n20:feed8:rep1,b6be47be-1e4f-45ae-8cd1-cdd58669ebe7,3895121,285,19024117300,19024144900,1781307211281-0
concurrency_n20_20260613_003304_redis_feed8_rep1,redis,sb:events:n20:feed8:rep1,016e5e03-8ae5-443c-8aa6-10076b5ed010,3895121,285,19026572800,19026598000,1781307211283-0
concurrency_n20_20260613_003304_redis_feed8_rep1,redis,sb:events:n20:feed8:rep1,d93ea45f-d401-4624-9c71-e74e636938ed,3895052,285,19033871500,19033902500,1781307211285-0
concurrency_n20_20260613_003304_redis_feed8_rep1,redis,sb:events:n20:feed8:rep1,3f9279c0-50e8-46e7-985d-3085893e0dd2,3895060,286,19037470500,19037501900,1781307211287-0
concurrency_n20_20260613_003304_redis_feed8_rep1,redis,sb:events:n20:feed8:rep1,dceab60f-ca34-4ec5-a4cf-4425124f24fe,3895060,286,19039754500,19039782600,1781307211295-0
concurrency_n20_20260613_003304_redis_feed8_rep1,redis,sb:events:n20:feed8:rep1,b9ea5a4c-9efb-498e-b63f-87006c8d0afe,3895060,286,19042120100,19042148200,1781307211296-0
concurrency_n20_20260613_003304_redis_feed8_rep1,redis,sb:events:n20:feed8:rep1,9d0d68a1-257a-4c76-91c7-393de106a90d,3895074,286,19047160600,19047188700,1781307211298-0
concurrency_n20_20260613_003304_redis_feed8_rep1,redis,sb:events:n20:feed8:rep1,ccece201-2ec8-4dc7-9ef2-19e1b53d4854,3895074,286,19052096100,19052117500,1781307211300-0
concurrency_n20_20260613_003304_redis_feed8_rep1,redis,sb:events:n20:feed8:rep1,7c912e6e-a49b-415b-9144-a410923bdea1,3895067,286,19053234100,19053256900,1781307211301-0
concurrency_n20_20260613_003304_redis_feed8_rep1,redis,sb:events:n20:feed8:rep1,0472c1db-c54a-4459-b1aa-3092003b314d,3895060,287,19054584500,19054648000,1781307211303-0
concurrency_n20_20260613_003304_redis_feed8_rep1,redis,sb:events:n20:feed8:rep1,c491e4ae-72ac-4df5-a9f7-e605733e9c90,3895060,287,19057319700,19057350200,1781307211308-0
concurrency_n20_20260613_003304_redis_feed8_rep1,redis,sb:events:n20:feed8:rep1,2210e28b-c847-4bd8-8a4e-28153c51246f,3895121,287,19073378000,19073484400,1781307211311-0
concurrency_n20_20260613_003304_redis_feed8_rep1,redis,sb:events:n20:feed8:rep1,4f24880f-c5f9-44fc-8b94-2fd3585ae7aa,3895074,287,19075674300,19075733900,1781307211313-0
concurrency_n20_20260613_003304_redis_feed8_rep1,redis,sb:events:n20:feed8:rep1,532f4b4e-4d00-441e-a152-7cef4ac7661f,3895074,287,19076943600,19076967500,1781307211319-0
concurrency_n20_20260613_003304_redis_feed8_rep1,redis,sb:events:n20:feed8:rep1,3dee3e7a-bb98-48d5-b17d-f2453d85da21,3895052,287,19078206600,19078256100,1781307211320-0
concurrency_n20_20260613_003304_redis_feed8_rep1,redis,sb:events:n20:feed8:rep1,436f8b9d-e733-48dd-95af-6c666d943323,3895052,287,19080210500,19080339000,1781307211322-0
concurrency_n20_20260613_003304_redis_feed8_rep1,redis,sb:events:n20:feed8:rep1,37e539f8-e57d-400e-a028-1b737a77d139,3895052,287,19083461700,19083486100,1781307211329-0
concurrency_n20_20260613_003304_redis_feed8_rep1,redis,sb:events:n20:feed8:rep1,2af57b69-0d8c-4f5a-abda-b91069e7ba3c,3895121,288,19085449900,19085476000,1781307211346-0
concurrency_n20_20260613_003304_redis_feed8_rep1,redis,sb:events:n20:feed8:rep1,2883749a-85e0-4460-9c58-23a96957cd78,3895121,288,19086799300,19086825600,1781307211352-0
concurrency_n20_20260613_003304_redis_feed8_rep1,redis,sb:events:n20:feed8:rep1,074468e7-3de4-4ccd-97aa-08a191a38d7c,3895074,288,19091436700,19091468200,1781307211353-0
concurrency_n20_20260613_003304_redis_feed8_rep1,redis,sb:events:n20:feed8:rep1,5e05380b-6d8d-4bc9-b533-d416873c7628,3895067,288,19092520300,19092545400,1781307211355-0
concurrency_n20_20260613_003304_redis_feed8_rep1,redis,sb:events:n20:feed8:rep1,30ad9869-ce4f-4108-ad24-a561d3ad2bac,3895067,288,19095383400,19095407200,1781307211357-0
concurrency_n20_20260613_003304_redis_feed8_rep1,redis,sb:events:n20:feed8:rep1,5bb93865-ae8c-4c29-a356-0cac3669e69f,3895067,288,19107946900,19107973200,1781307211359-0
concurrency_n20_20260613_003304_redis_feed8_rep1,redis,sb:events:n20:feed8:rep1,78641a7b-ee1e-4f5b-9bc6-9920fa278f65,3895113,288,19128490400,19128516600,1781307211360-0
concurrency_n20_20260613_003304_redis_feed8_rep1,redis,sb:events:n20:feed8:rep1,fcce792b-4e1d-49f6-a796-010f392c1c5e,3895113,288,19130349000,19130383400,1781307211361-0
concurrency_n20_20260613_003304_redis_feed8_rep1,redis,sb:events:n20:feed8:rep1,97030666-e6be-4b0d-9985-c0ac4f819aa6,3895113,288,19131661400,19131689200,1781307211363-0
concurrency_n20_20260613_003304_redis_feed8_rep1,redis,sb:events:n20:feed8:rep1,222733d1-fdb8-480b-9174-93e35fa3d92f,3895052,288,19132640000,19132708400,1781307211365-0
concurrency_n20_20260613_003304_redis_feed8_rep1,redis,sb:events:n20:feed8:rep1,c350d38a-9b8c-416a-8181-4da8385d50eb,3895052,288,19133854000,19133912500,1781307211366-0
concurrency_n20_20260613_003304_redis_feed8_rep1,redis,sb:events:n20:feed8:rep1,855459c3-9793-49f9-b7cc-33b4ef505e76,3895074,289,19136749100,19136785300,1781307211368-0
concurrency_n20_20260613_003304_redis_feed8_rep1,redis,sb:events:n20:feed8:rep1,c619a0ab-94f8-4132-bc6f-b69bbe7c6258,3895074,289,19161909300,19161937700,1781307211398-0
concurrency_n20_20260613_003304_redis_feed8_rep1,redis,sb:events:n20:feed8:rep1,0deb3949-e376-4bb3-bf42-292241af1fc3,3895067,289,19175315500,19175342500,1781307211401-0
concurrency_n20_20260613_003304_redis_feed8_rep1,redis,sb:events:n20:feed8:rep1,e13bb720-cac7-4b4e-9043-8ff568dc9ea4,3895067,289,19177879000,19177936400,1781307211404-0
concurrency_n20_20260613_003304_redis_feed8_rep1,redis,sb:events:n20:feed8:rep1,b1819484-a737-4005-a078-fbc16d00a218,3895067,289,19179147900,19179193300,1781307211405-0
concurrency_n20_20260613_003304_redis_feed8_rep1,redis,sb:events:n20:feed8:rep1,14b99c89-208b-4afc-9b06-de307f4fa529,3895067,289,19180362300,19180389200,1781307211406-0
concurrency_n20_20260613_003304_redis_feed8_rep1,redis,sb:events:n20:feed8:rep1,82d694c7-ace4-40f4-9782-79438b8bf697,3895113,289,19182882200,19182910800,1781307211408-0
concurrency_n20_20260613_003304_redis_feed8_rep1,redis,sb:events:n20:feed8:rep1,031a37dd-5216-44d4-8dd8-42b700368108,3895060,290,19220896300,19220926300,1781307211409-0
concurrency_n20_20260613_003304_redis_feed8_rep1,redis,sb:events:n20:feed8:rep1,62294c7e-65a0-454c-883c-b34b8504902b,3895060,290,19225941900,19225967300,1781307211446-0
concurrency_n20_20260613_003304_redis_feed8_rep1,redis,sb:events:n20:feed8:rep1,8d94172c-d061-4ef2-a3c2-7177b47b99bc,3895060,290,19235524800,19235558000,1781307211449-0
concurrency_n20_20260613_003304_redis_feed8_rep1,redis,sb:events:n20:feed8:rep1,668cd208-f691-4bba-9f3c-0a14df0c9b0c,3895060,290,19248985700,19249018000,1781307211450-0
concurrency_n20_20260613_003304_redis_feed8_rep1,redis,sb:events:n20:feed8:rep1,36fc975f-e79c-470b-8e57-cd853ad49237,3895060,290,19261010800,19261128000,1781307211452-0
concurrency_n20_20260613_003304_redis_feed8_rep1,redis,sb:events:n20:feed8:rep1,1ac55428-9906-43e8-8174-3bda7a9fe6b1,3895060,290,19263886600,19263927100,1781307211453-0
concurrency_n20_20260613_003304_redis_feed8_rep1,redis,sb:events:n20:feed8:rep1,e6bbb505-91c2-4c10-9b72-8924f0839f52,3895060,290,19265247600,19265282900,1781307211471-0
concurrency_n20_20260613_003304_redis_feed8_rep1,redis,sb:events:n20:feed8:rep1,7a5563b0-2c03-4bc5-8402-b111508a5ee8,3895067,290,19266973300,19267000200,1781307211493-0
concurrency_n20_20260613_003304_redis_feed8_rep1,redis,sb:events:n20:feed8:rep1,ead8a0b1-660f-4b45-874d-ead74ba1bb2b,3895052,290,19289319400,19289345000,1781307211504-0
concurrency_n20_20260613_003304_redis_feed8_rep1,redis,sb:events:n20:feed8:rep1,ff64ee0b-91ec-4b8b-9633-9aeb1991bf79,3895060,291,19291913600,19291950400,1781307211531-0
concurrency_n20_20260613_003304_redis_feed8_rep1,redis,sb:events:n20:feed8:rep1,39540963-f69a-404f-ae7d-01584d355d07,3895060,291,19297380700,19297411100,1781307211556-0
concurrency_n20_20260613_003304_redis_feed8_rep1,redis,sb:events:n20:feed8:rep1,c5070639-4fab-4769-80a0-bae3f5d81ba1,3895060,291,19333478200,19333506400,1781307211558-0
concurrency_n20_20260613_003304_redis_feed8_rep1,redis,sb:events:n20:feed8:rep1,2b946c2d-338e-465e-bdd9-a05718d6d00f,3895067,291,19336498800,19336740900,1781307211561-0
concurrency_n20_20260613_003304_redis_feed8_rep1,redis,sb:events:n20:feed8:rep1,f9637bde-65d5-4f7f-8fd0-8db01ac15608,3895067,291,19363153500,19363175700,1781307211563-0
concurrency_n20_20260613_003304_redis_feed8_rep1,redis,sb:events:n20:feed8:rep1,a799e186-36fe-4c38-b13a-9a5ee115a7bd,3895113,291,19368758600,19368790700,1781307211565-0
concurrency_n20_20260613_003304_redis_feed8_rep1,redis,sb:events:n20:feed8:rep1,8f4296e3-f01f-4788-aadd-fb2a55cac976,3895113,291,19371385600,19371410800,1781307211588-0
concurrency_n20_20260613_003304_redis_feed8_rep1,redis,sb:events:n20:feed8:rep1,373ac539-8011-4af6-bd85-41faa59db919,3895060,292,19372363600,19372388400,1781307211605-0
concurrency_n20_20260613_003304_redis_feed8_rep1,redis,sb:events:n20:feed8:rep1,20baa747-3493-4b7a-8a4a-eb66bb12360f,3895060,292,19373553200,19373603200,1781307211610-0
concurrency_n20_20260613_003304_redis_feed8_rep1,redis,sb:events:n20:feed8:rep1,923c3edc-3b42-4e65-a104-9938fea3f27b,3895121,292,19402620000,19402664700,1781307211635-0
concurrency_n20_20260613_003304_redis_feed8_rep1,redis,sb:events:n20:feed8:rep1,e863797e-ee51-4760-bd0c-d7fc8e239489,3895074,292,19405317200,19405343000,1781307211636-0
concurrency_n20_20260613_003304_redis_feed8_rep1,redis,sb:events:n20:feed8:rep1,f45e9e2d-7246-4c70-a5ee-da73a09d6003,3895067,292,19406866600,19406939100,1781307211641-0
concurrency_n20_20260613_003304_redis_feed8_rep1,redis,sb:events:n20:feed8:rep1,1ce34b94-abf5-4f2e-9b44-3e00cc340a28,3895052,292,19433087500,19433127900,1781307211642-0
concurrency_n20_20260613_003304_redis_feed8_rep1,redis,sb:events:n20:feed8:rep1,13188bbf-d36c-48e5-9b3e-47562b47ee30,3895052,292,19434125500,19434148000,1781307211644-0
concurrency_n20_20260613_003304_redis_feed8_rep1,redis,sb:events:n20:feed8:rep1,3a8d3305-f836-456d-9769-c9bd5457e10c,3895060,293,19434936200,19434956000,1781307211674-0
concurrency_n20_20260613_003304_redis_feed8_rep1,redis,sb:events:n20:feed8:rep1,0986d2ef-edb7-4b75-8010-836d6fceef2b,3895121,293,19436811900,19436834000,1781307211677-0
concurrency_n20_20260613_003304_redis_feed8_rep1,redis,sb:events:n20:feed8:rep1,f4bc9db2-bc67-451c-85c4-1482da8a97b3,3895067,293,19439625700,19440851700,1781307211698-0
concurrency_n20_20260613_003304_redis_feed8_rep1,redis,sb:events:n20:feed8:rep1,67ed9ebe-0206-4bb7-b0c5-e741aba9899a,3895067,293,19442208600,19442234600,1781307211700-0
concurrency_n20_20260613_003304_redis_feed8_rep1,redis,sb:events:n20:feed8:rep1,1aae39c4-96e4-48e0-9c29-231834224a3f,3895095,294,19444081100,19444510200,1781307211702-0
concurrency_n20_20260613_003304_redis_feed8_rep1,redis,sb:events:n20:feed8:rep1,cb19df7e-ca27-4be0-b413-19669292f459,3895121,294,19445609000,19445636200,1781307211703-0
concurrency_n20_20260613_003304_redis_feed8_rep1,redis,sb:events:n20:feed8:rep1,0d57616a-2f85-478d-8de1-ea0b8b67b105,3895121,294,19448099200,19448125000,1781307211711-0
concurrency_n20_20260613_003304_redis_feed8_rep1,redis,sb:events:n20:feed8:rep1,4971ad38-8e39-4aa9-9821-6ee3099297b8,3895121,294,19449407500,19449433200,1781307211713-0
concurrency_n20_20260613_003304_redis_feed8_rep1,redis,sb:events:n20:feed8:rep1,07f2ae82-090e-472c-b2e1-a2d650cab5b3,3895074,294,19450513100,19450544400,1781307211714-0
concurrency_n20_20260613_003304_redis_feed8_rep1,redis,sb:events:n20:feed8:rep1,c7b89f32-85b9-4313-988d-29c1bd5e9457,3895074,294,19452322800,19452347900,1781307211718-0
concurrency_n20_20260613_003304_redis_feed8_rep1,redis,sb:events:n20:feed8:rep1,2cb73fd8-9c3f-471d-80d9-ead557fb7487,3895121,295,19454086400,19454175600,1781307211720-0
concurrency_n20_20260613_003304_redis_feed8_rep1,redis,sb:events:n20:feed8:rep1,05dea85d-8834-45d4-b28d-20542902d49c,3895074,295,19462093800,19462122300,1781307211721-0
concurrency_n20_20260613_003304_redis_feed8_rep1,redis,sb:events:n20:feed8:rep1,6c252943-c328-4a1c-93f1-b362b2f70c00,3895052,295,19465297700,19465323200,1781307211725-0
concurrency_n20_20260613_003304_redis_feed8_rep1,redis,sb:events:n20:feed8:rep1,ae5ecdf4-846f-4b41-a02d-6132a5440563,3895095,296,19466250500,19466269100,1781307211727-0
concurrency_n20_20260613_003304_redis_feed8_rep1,redis,sb:events:n20:feed8:rep1,6a6800b7-ef80-4060-9fbc-c74e853d039c,3895095,296,19469088600,19469120100,1781307211733-0
concurrency_n20_20260613_003304_redis_feed8_rep1,redis,sb:events:n20:feed8:rep1,5e632e41-4df9-4c0c-b570-a5134bd09a32,3895060,296,19470385800,19470409800,1781307211736-0
concurrency_n20_20260613_003304_redis_feed8_rep1,redis,sb:events:n20:feed8:rep1,bde8cd33-f116-41c3-a89e-cc8af20f3fa8,3895074,296,19487659000,19487687100,1781307211739-0
concurrency_n20_20260613_003304_redis_feed8_rep1,redis,sb:events:n20:feed8:rep1,95c2714f-7d33-4004-b5c7-bafe998115e9,3895074,296,19488991700,19489016600,1781307211740-0
concurrency_n20_20260613_003304_redis_feed8_rep1,redis,sb:events:n20:feed8:rep1,2b5fcfd5-b13d-4730-8cee-7fd1d0eae227,3895052,296,19492532900,19492561000,1781307211741-0
concurrency_n20_20260613_003304_redis_feed8_rep1,redis,sb:events:n20:feed8:rep1,0f494371-1412-4a1d-9500-8b0ec603ef04,3895052,296,19502769600,19502796200,1781307211742-0
concurrency_n20_20260613_003304_redis_feed8_rep1,redis,sb:events:n20:feed8:rep1,4eface8a-4a6d-4583-a477-33e09413d486,3895060,297,19503884700,19503906800,1781307211759-0
concurrency_n20_20260613_003304_redis_feed8_rep1,redis,sb:events:n20:feed8:rep1,74aedab1-2ee4-4b47-b5a7-b52071217d25,3895060,297,19507716400,19507740700,1781307211761-0
concurrency_n20_20260613_003304_redis_feed8_rep1,redis,sb:events:n20:feed8:rep1,fb951a65-69c4-43f5-803e-77154362d4cd,3895060,297,19516593800,19516622300,1781307211764-0
concurrency_n20_20260613_003304_redis_feed8_rep1,redis,sb:events:n20:feed8:rep1,82ae78e4-2353-4812-8531-bac4e5d45a62,3895067,297,19518470300,19518502700,1781307211774-0
concurrency_n20_20260613_003304_redis_feed8_rep1,redis,sb:events:n20:feed8:rep1,5d079eea-163c-44b1-b879-610f17e4913b,3895113,297,19520997700,19521021600,1781307211775-0
concurrency_n20_20260613_003304_redis_feed8_rep1,redis,sb:events:n20:feed8:rep1,77d3e3a4-500d-472f-bb4c-9d2c4bdf1415,3895052,297,19523517200,19523539500,1781307211781-0
concurrency_n20_20260613_003304_redis_feed8_rep1,redis,sb:events:n20:feed8:rep1,8d451769-761b-4aa2-bd80-0b5222f042bb,3895095,298,19527399000,19527455800,1781307211783-0
concurrency_n20_20260613_003304_redis_feed8_rep1,redis,sb:events:n20:feed8:rep1,00eab1c4-f988-4434-a555-faa7f132b766,3895095,298,19528611500,19528630200,1781307211791-0
concurrency_n20_20260613_003304_redis_feed8_rep1,redis,sb:events:n20:feed8:rep1,b9bcf81d-8f22-46e7-927b-f3204e669c97,3895095,298,19529853100,19529876400,1781307211794-0
concurrency_n20_20260613_003304_redis_feed8_rep1,redis,sb:events:n20:feed8:rep1,718aa7b3-74c2-476e-899a-8dae176314e2,3895060,298,19531516000,19531556400,1781307211796-0
concurrency_n20_20260613_003304_redis_feed8_rep1,redis,sb:events:n20:feed8:rep1,99e1e1f0-ebd2-4a65-95db-1b4a1aa15064,3895074,298,19537020900,19537047000,1781307211798-0
concurrency_n20_20260613_003304_redis_feed8_rep1,redis,sb:events:n20:feed8:rep1,8c65fc02-c93d-4f7d-9284-ddc9356593cf,3895067,298,19538534500,19538559200,1781307211800-0
concurrency_n20_20260613_003304_redis_feed8_rep1,redis,sb:events:n20:feed8:rep1,6add2fd9-3279-4cb8-ab0a-6abb395360b3,3895067,298,19539606500,19539629000,1781307211802-0
concurrency_n20_20260613_003304_redis_feed8_rep1,redis,sb:events:n20:feed8:rep1,656fdc64-4df3-45a5-b9f9-521c9b9051a4,3895113,298,19540997600,19541018800,1781307211803-0
concurrency_n20_20260613_003304_redis_feed8_rep1,redis,sb:events:n20:feed8:rep1,dd5373c8-4da2-45f8-9ebb-81e2ef709ea7,3895067,298,19542653700,19542676600,1781307211804-0
concurrency_n20_20260613_003304_redis_feed8_rep1,redis,sb:events:n20:feed8:rep1,64489658-e252-4571-ab52-d1d2b22755dc,3895113,298,19545214300,19545263800,1781307211806-0
concurrency_n20_20260613_003304_redis_feed8_rep1,redis,sb:events:n20:feed8:rep1,da6e321b-2781-4b97-b334-1e563ecebe3f,3895052,298,19547764000,19547783300,1781307211807-0
concurrency_n20_20260613_003304_redis_feed8_rep1,redis,sb:events:n20:feed8:rep1,97862e41-8162-462d-966c-20907bac6716,3895052,298,19548651900,19548670400,1781307211810-0
concurrency_n20_20260613_003304_redis_feed8_rep1,redis,sb:events:n20:feed8:rep1,537b9f6d-9f19-45bd-b1d3-f95cd1ed9cab,3895095,299,19549501400,19549521900,1781307211812-0
concurrency_n20_20260613_003304_redis_feed8_rep1,redis,sb:events:n20:feed8:rep1,06be9e5c-74f2-4cc2-bd53-0e5e2264e1f3,3895121,299,19551172900,19551201600,1781307211815-0
concurrency_n20_20260613_003304_redis_feed8_rep1,redis,sb:events:n20:feed8:rep1,7094fbf3-95f1-41b6-8ccb-585622239dd0,3895074,299,19552842000,19552883900,1781307211817-0
concurrency_n20_20260613_003304_redis_feed8_rep1,redis,sb:events:n20:feed8:rep1,f430ac1c-53ee-4623-8a53-59e387e15d09,3895074,299,19555158300,19555183900,1781307211818-0
concurrency_n20_20260613_003304_redis_feed8_rep1,redis,sb:events:n20:feed8:rep1,249c087a-57fd-4380-8163-b270ca216e68,3895074,299,19556835700,19556868000,1781307211819-0
concurrency_n20_20260613_003304_redis_feed8_rep1,redis,sb:events:n20:feed8:rep1,efafb7cf-dca9-4911-b0be-52eb4fa6a7ff,3895067,299,19559044200,19559070200,1781307211821-0
concurrency_n20_20260613_003304_redis_feed8_rep1,redis,sb:events:n20:feed8:rep1,5819712d-1202-4261-b09a-3c5a035d31c4,3895113,299,19562007700,19562052900,1781307211823-0
concurrency_n20_20260613_003304_redis_feed8_rep1,redis,sb:events:n20:feed8:rep1,aa74e2d6-5821-4d22-815b-f180bd50d595,3895067,299,19566157800,19566187800,1781307211824-0
concurrency_n20_20260613_003304_redis_feed8_rep1,redis,sb:events:n20:feed8:rep1,e8c6b47d-c8ce-4f5a-bce3-a4920939ebe7,3895113,299,19588919400,19588946400,1781307211825-0
concurrency_n20_20260613_003304_redis_feed8_rep1,redis,sb:events:n20:feed8:rep1,dc30c04b-62a8-4004-8fe6-24d22811d7b7,3895113,299,19591007500,19591037200,1781307211827-0
concurrency_n20_20260613_003304_redis_feed8_rep1,redis,sb:events:n20:feed8:rep1,2134c16a-89a6-4c8f-bcc3-95339ff6ee8c,3895052,299,19592850700,19592876100,1781307211829-0
concurrency_n20_20260613_003304_redis_feed8_rep1,redis,sb:events:n20:feed8:rep1,7cd7ca7c-1a6f-4462-a3d7-807dee884e86,3895052,299,19597063300,19597098700,1781307211835-0
concurrency_n20_20260613_003304_redis_feed8_rep1,redis,sb:events:n20:feed8:rep1,a51e1b30-3f66-4cb6-aa08-611959cf6adc,3895060,300,19607757700,19607874200,1781307211836-0
concurrency_n20_20260613_003304_redis_feed8_rep1,redis,sb:events:n20:feed8:rep1,ceafaebf-d3ac-4908-a79a-f59d2e88ad4c,3895060,300,19610039400,19610071000,1781307211837-0
concurrency_n20_20260613_003304_redis_feed8_rep1,redis,sb:events:n20:feed8:rep1,87409ec8-1ff0-4642-b767-d9a46f5ce73e,3895121,300,19611001600,19611023200,1781307211838-0
concurrency_n20_20260613_003304_redis_feed8_rep1,redis,sb:events:n20:feed8:rep1,fac41051-b41b-4225-96c2-c7bf36a1207f,3895067,300,19612156400,19612175300,1781307211862-0
concurrency_n20_20260613_003304_redis_feed8_rep1,redis,sb:events:n20:feed8:rep1,afc49b5c-9965-4b69-8368-80f1cc87a50f,3895067,300,19613823600,19613848300,1781307211865-0
concurrency_n20_20260613_003304_redis_feed8_rep1,redis,sb:events:n20:feed8:rep1,b96f1f4a-8655-463f-ba71-5f18276acc6a,3895113,300,19615142400,19615161000,1781307211868-0
concurrency_n20_20260613_003304_redis_feed8_rep1,redis,sb:events:n20:feed8:rep1,8108d6ee-d747-46a2-877f-ce8d6bd7f451,3895113,300,19618131100,19618152600,1781307211870-0
concurrency_n20_20260613_003304_redis_feed8_rep1,redis,sb:events:n20:feed8:rep1,9558bdd0-94c9-4cb5-8a73-ffa3172737ec,3895113,300,19620384400,19620408300,1781307211881-0
concurrency_n20_20260613_003304_redis_feed8_rep1,redis,sb:events:n20:feed8:rep1,eb4e9b3c-8691-4e5b-a98b-bbf020338c86,3895113,301,19622365200,19622392500,1781307211883-0
concurrency_n20_20260613_003304_redis_feed8_rep1,redis,sb:events:n20:feed8:rep1,7de44808-f2d7-4e70-867e-3e80d4d3ac44,3895052,301,19634176800,19635346100,1781307211884-0
concurrency_n20_20260613_003304_redis_feed8_rep1,redis,sb:events:n20:feed8:rep1,3aa52e8d-cde4-41cf-a8df-9cec290542e0,3895086,301,19636923900,19636950800,1781307211886-0
concurrency_n20_20260613_003304_redis_feed8_rep1,redis,sb:events:n20:feed8:rep1,7dd1d933-8e69-45a8-92b1-d4769bca669d,3895095,302,19637917500,19638009300,1781307211887-0
concurrency_n20_20260613_003304_redis_feed8_rep1,redis,sb:events:n20:feed8:rep1,b8e73548-07dd-497a-9304-4808ae894b6e,3895095,302,19638819700,19638838400,1781307211889-0
concurrency_n20_20260613_003304_redis_feed8_rep1,redis,sb:events:n20:feed8:rep1,c7283f15-0bb0-4647-ae69-794ab9cc5519,3895060,302,19643344000,19643401800,1781307211890-0
concurrency_n20_20260613_003304_redis_feed8_rep1,redis,sb:events:n20:feed8:rep1,6d7577e3-98ad-4f4e-a818-a5fc53eb32f2,3895074,302,19645234000,19645263900,1781307211892-0
concurrency_n20_20260613_003304_redis_feed8_rep1,redis,sb:events:n20:feed8:rep1,0037af2f-1a36-4f81-a0cf-58e64700f6de,3895067,302,19646547500,19646571200,1781307211894-0
concurrency_n20_20260613_003304_redis_feed8_rep1,redis,sb:events:n20:feed8:rep1,df961d90-fc03-4f0b-8772-a1b9ef05ab58,3895113,302,19647523600,19647542000,1781307211895-0
concurrency_n20_20260613_003304_redis_feed8_rep1,redis,sb:events:n20:feed8:rep1,dfb18a12-cd4c-467a-98ac-b9d0c4ba74f7,3895113,302,19657859100,19657894200,1781307211896-0
concurrency_n20_20260613_003304_redis_feed8_rep1,redis,sb:events:n20:feed8:rep1,060e3a55-03f6-479f-b489-4c652141074f,3895113,302,19662701600,19662731500,1781307211906-0
concurrency_n20_20260613_003304_redis_feed8_rep1,redis,sb:events:n20:feed8:rep1,83eea9c1-06df-47e7-8331-e4ea00bcd5b7,3895052,302,19664394300,19664431900,1781307211908-0
concurrency_n20_20260613_003304_redis_feed8_rep1,redis,sb:events:n20:feed8:rep1,cabe7a89-5bbb-4aff-b7e9-04be4291461c,3895052,302,19665535700,19665559400,1781307211909-0
concurrency_n20_20260613_003304_redis_feed8_rep1,redis,sb:events:n20:feed8:rep1,db033c3c-c5f2-4c87-b560-27eb9759a6a2,3895052,302,19673624900,19673657900,1781307211910-0
concurrency_n20_20260613_003304_redis_feed8_rep1,redis,sb:events:n20:feed8:rep1,f9d09c0a-2818-4faf-ba9d-4b0bec1414bc,3895052,302,19676262800,19676291600,1781307211911-0
concurrency_n20_20260613_003304_redis_feed8_rep1,redis,sb:events:n20:feed8:rep1,575fd3db-8c8d-4fa2-8f8d-89fd4c0c857c,3895060,303,19677489600,19677511600,1781307211912-0
concurrency_n20_20260613_003304_redis_feed8_rep1,redis,sb:events:n20:feed8:rep1,8019e093-194a-45f9-b023-b71b55ca31af,3895060,303,19678836700,19678858700,1781307211913-0
concurrency_n20_20260613_003304_redis_feed8_rep1,redis,sb:events:n20:feed8:rep1,db1df0d6-2710-4cd6-9680-3be33c6da982,3895067,303,19691222800,19691243900,1781307211914-0
concurrency_n20_20260613_003304_redis_feed8_rep1,redis,sb:events:n20:feed8:rep1,b16ae0ab-32ca-4054-a821-7ee170618cca,3895067,303,19692194700,19692214600,1781307211915-0
concurrency_n20_20260613_003304_redis_feed8_rep1,redis,sb:events:n20:feed8:rep1,a0c8ca9b-ff31-4ce7-ba5f-69ec864bbcfb,3895067,303,19693129300,19693151800,1781307211928-0
concurrency_n20_20260613_003304_redis_feed8_rep1,redis,sb:events:n20:feed8:rep1,102d700f-edb6-4450-9564-f9357198e84f,3895086,303,19694162000,19694182500,1781307211930-0
concurrency_n20_20260613_003304_redis_feed8_rep1,redis,sb:events:n20:feed8:rep1,b2040ece-5bfc-40ba-9dc3-280d14f09e05,3895086,303,19695170200,19695202000,1781307211932-0
concurrency_n20_20260613_003304_redis_feed8_rep1,redis,sb:events:n20:feed8:rep1,718fce06-ce88-4acb-bb98-58dc617a96c8,3895086,303,19696494100,19696514200,1781307211936-0
concurrency_n20_20260613_003304_redis_feed8_rep1,redis,sb:events:n20:feed8:rep1,915b16b5-48ce-4314-8502-7f45b4386917,3895060,304,19700588700,19700618100,1781307211939-0
concurrency_n20_20260613_003304_redis_feed8_rep1,redis,sb:events:n20:feed8:rep1,b2d9f8ab-85c0-41b1-8326-ff74fc3e165b,3895074,304,19701790900,19701812300,1781307211944-0
concurrency_n20_20260613_003304_redis_feed8_rep1,redis,sb:events:n20:feed8:rep1,3c7d1ab8-3ffc-461e-ad62-0aa4126f896b,3895074,304,19702790700,19702810500,1781307211947-0
concurrency_n20_20260613_003304_redis_feed8_rep1,redis,sb:events:n20:feed8:rep1,386e6305-4872-4f18-b622-d4339d7905c4,3895134,304,19704261700,19704291900,1781307211949-0
concurrency_n20_20260613_003304_redis_feed8_rep1,redis,sb:events:n20:feed8:rep1,36ec1e91-9ed7-4dbb-9543-9454e8745816,3895134,304,19706020800,19706125200,1781307211950-0
concurrency_n20_20260613_003304_redis_feed8_rep1,redis,sb:events:n20:feed8:rep1,4420a63c-a82e-4492-9a2e-153f57eb246b,3895067,304,19711284600,19711314000,1781307211960-0
concurrency_n20_20260613_003304_redis_feed8_rep1,redis,sb:events:n20:feed8:rep1,cd0849a2-1147-4614-a938-c73111f1e2eb,3895067,304,19716251800,19716580300,1781307211962-0
concurrency_n20_20260613_003304_redis_feed8_rep1,redis,sb:events:n20:feed8:rep1,0c35dc03-4034-4ca2-943b-4d2eb061e176,3895113,304,19739977600,19740006500,1781307211964-0
concurrency_n20_20260613_003304_redis_feed8_rep1,redis,sb:events:n20:feed8:rep1,e4264198-f510-4662-9058-7ab621a69ec3,3895113,304,19754218400,19754247300,1781307211966-0
concurrency_n20_20260613_003304_redis_feed8_rep1,redis,sb:events:n20:feed8:rep1,9b5cf4b2-0c74-43f0-b877-34990738da3e,3895052,304,19759176600,19759361600,1781307211967-0
concurrency_n20_20260613_003304_redis_feed8_rep1,redis,sb:events:n20:feed8:rep1,78d1e41b-f432-43f2-ae5d-7b0ddab9036f,3895086,304,19760844400,19760873300,1781307211972-0
concurrency_n20_20260613_003304_redis_feed8_rep1,redis,sb:events:n20:feed8:rep1,bb89db40-cc3f-4041-bb40-f2dd98ec5ef4,3895086,304,19762194700,19762219500,1781307211973-0
concurrency_n20_20260613_003304_redis_feed8_rep1,redis,sb:events:n20:feed8:rep1,0155141d-8b85-42dd-a480-4565866fc2e7,3895086,304,19763132200,19763152900,1781307211975-0
concurrency_n20_20260613_003304_redis_feed8_rep1,redis,sb:events:n20:feed8:rep1,b494532b-97ac-40df-a52c-53124e07e5d8,3895086,304,19765267600,19765550100,1781307211976-0
concurrency_n20_20260613_003304_redis_feed8_rep1,redis,sb:events:n20:feed8:rep1,7395219c-f7a8-4a4d-a6c7-06691e49f44d,3895074,305,19766986600,19767011300,1781307211980-0
concurrency_n20_20260613_003304_redis_feed8_rep1,redis,sb:events:n20:feed8:rep1,19d7984e-5557-4c9e-8e8d-82a79562a873,3895074,305,19768799000,19768824800,1781307211982-0
concurrency_n20_20260613_003304_redis_feed8_rep1,redis,sb:events:n20:feed8:rep1,51e28d97-f246-4253-9def-429310671f5f,3895134,305,19770117200,19770175200,1781307211988-0
concurrency_n20_20260613_003304_redis_feed8_rep1,redis,sb:events:n20:feed8:rep1,1c188c3d-1e4c-4e07-9789-5f0b097ad893,3895134,305,19771006800,19771030500,1781307211989-0
concurrency_n20_20260613_003304_redis_feed8_rep1,redis,sb:events:n20:feed8:rep1,d5f0e59a-1f5d-4984-af27-e8b16ead1847,3895134,305,19772175200,19772284700,1781307211990-0
concurrency_n20_20260613_003304_redis_feed8_rep1,redis,sb:events:n20:feed8:rep1,8ad96758-6bc9-4271-8b8a-683024fe4fde,3895113,305,19773321900,19773340800,1781307211991-0
concurrency_n20_20260613_003304_redis_feed8_rep1,redis,sb:events:n20:feed8:rep1,a2f6a8b6-bfd0-4f00-b481-c4a141869ef7,3895086,305,19774272900,19774293900,1781307212010-0
concurrency_n20_20260613_003304_redis_feed8_rep1,redis,sb:events:n20:feed8:rep1,14753394-c9b4-43da-b362-aa324a935c2c,3895060,306,19785880500,19785904200,1781307212025-0
concurrency_n20_20260613_003304_redis_feed8_rep1,redis,sb:events:n20:feed8:rep1,0cea65f8-6851-4a87-b894-ed4b6cc9f3a7,3895060,306,19788717700,19788807600,1781307212028-0
concurrency_n20_20260613_003304_redis_feed8_rep1,redis,sb:events:n20:feed8:rep1,6cbaa479-a9b0-4023-9cd4-8e833f4c37f8,3895134,306,19790549500,19790575700,1781307212036-0
concurrency_n20_20260613_003304_redis_feed8_rep1,redis,sb:events:n20:feed8:rep1,fed1fed7-f300-4f72-8bf9-84b8c04b534c,3895134,306,19792426300,19792492800,1781307212038-0
concurrency_n20_20260613_003304_redis_feed8_rep1,redis,sb:events:n20:feed8:rep1,23fc05dc-8610-4cea-b081-8c677ec5eb8e,3895067,306,19793954300,19793979300,1781307212040-0
concurrency_n20_20260613_003304_redis_feed8_rep1,redis,sb:events:n20:feed8:rep1,7d705d8e-510f-4254-99aa-b8ae3983f183,3895113,306,19801855700,19801906000,1781307212041-0
concurrency_n20_20260613_003304_redis_feed8_rep1,redis,sb:events:n20:feed8:rep1,f1467b99-9da9-46d2-ac75-690a3e4e6022,3895113,306,19806210800,19806236300,1781307212043-0
concurrency_n20_20260613_003304_redis_feed8_rep1,redis,sb:events:n20:feed8:rep1,5f9c2b45-e34b-4485-9f9c-c04f7a6a8141,3895113,306,19807304600,19807327700,1781307212044-0
concurrency_n20_20260613_003304_redis_feed8_rep1,redis,sb:events:n20:feed8:rep1,a79fae77-027f-4626-bd9a-43a8da911cc9,3895113,306,19809682700,19809724100,1781307212056-0
concurrency_n20_20260613_003304_redis_feed8_rep1,redis,sb:events:n20:feed8:rep1,b9d922e7-926b-4ab4-883f-14bef294f95a,3895095,307,19817280900,19817309100,1781307212059-0
concurrency_n20_20260613_003304_redis_feed8_rep1,redis,sb:events:n20:feed8:rep1,9782329a-4987-4ed6-b83e-789650c72f3f,3895060,307,19821096600,19821144400,1781307212072-0
concurrency_n20_20260613_003304_redis_feed8_rep1,redis,sb:events:n20:feed8:rep1,140e2782-5931-4f7f-b4b3-d8992cc0894d,3895113,307,19822160800,19822217100,1781307212075-0
concurrency_n20_20260613_003304_redis_feed8_rep1,redis,sb:events:n20:feed8:rep1,84201b0f-e559-4c49-8c72-b2ca95dd03b4,3895113,307,19823015400,19823035300,1781307212077-0
concurrency_n20_20260613_003304_redis_feed8_rep1,redis,sb:events:n20:feed8:rep1,4367de93-46a3-4051-9a03-c6091645b426,3895113,307,19823858400,19823884300,1781307212079-0
concurrency_n20_20260613_003304_redis_feed8_rep1,redis,sb:events:n20:feed8:rep1,a12bf24f-3f94-4b6b-a4c9-0ab1022463d6,3895113,307,19833401500,19833437700,1781307212080-0
concurrency_n20_20260613_003304_redis_feed8_rep1,redis,sb:events:n20:feed8:rep1,7a623911-e8bb-4240-91a7-ea53efb3bf67,3895113,307,19835811400,19835834200,1781307212088-0
concurrency_n20_20260613_003304_redis_feed8_rep1,redis,sb:events:n20:feed8:rep1,d818ea1b-fc04-4c3f-999d-3c923a1b9eb4,3895067,308,19836509000,19836529900,1781307212091-0
concurrency_n20_20260613_003304_redis_feed8_rep1,redis,sb:events:n20:feed8:rep1,66556ab9-c3cd-4075-8cff-e99be86fc596,3895067,308,19837561500,19837583900,1781307212092-0
concurrency_n20_20260613_003304_redis_feed8_rep1,redis,sb:events:n20:feed8:rep1,dabb4a55-9daf-4581-984f-65c72af87c2f,3895113,308,19838730200,19838753300,1781307212093-0
concurrency_n20_20260613_003304_redis_feed8_rep1,redis,sb:events:n20:feed8:rep1,3e4b67ce-6155-4cce-aa94-52d3c3d9b226,3895113,308,19839630500,19839648800,1781307212095-0
concurrency_n20_20260613_003304_redis_feed8_rep1,redis,sb:events:n20:feed8:rep1,b6d05a20-dc65-405d-93d6-c19f605a50fd,3895113,308,19852713500,19852757900,1781307212104-0
concurrency_n20_20260613_003304_redis_feed8_rep1,redis,sb:events:n20:feed8:rep1,f2fc96e0-e656-4e93-b2a6-371b149cc18b,3895113,308,19853848200,19853873000,1781307212107-0
concurrency_n20_20260613_003304_redis_feed8_rep1,redis,sb:events:n20:feed8:rep1,5547e81f-56b4-4b07-bddd-4e88812cbfb7,3895113,308,19856241800,19856262000,1781307212109-0
concurrency_n20_20260613_003304_redis_feed8_rep1,redis,sb:events:n20:feed8:rep1,6c732d25-06af-445d-979a-8de486f470de,3895113,308,19857294200,19857375400,1781307212113-0
concurrency_n20_20260613_003304_redis_feed8_rep1,redis,sb:events:n20:feed8:rep1,680f1e2b-51f4-4060-885f-44b943dcf8df,3895086,308,19861190700,19861264200,1781307212121-0
concurrency_n20_20260613_003304_redis_feed8_rep1,redis,sb:events:n20:feed8:rep1,532f5421-1002-4ba7-818c-1737d037ad0f,3895074,309,19862566400,19862590100,1781307212124-0
concurrency_n20_20260613_003304_redis_feed8_rep1,redis,sb:events:n20:feed8:rep1,09b34f3f-1ad0-456f-9d0e-130693641fbd,3895134,309,19864425000,19864457400,1781307212126-0
concurrency_n20_20260613_003304_redis_feed8_rep1,redis,sb:events:n20:feed8:rep1,45d8d54a-c51c-447f-8c28-03e9807e66f9,3895134,309,19869481500,19869512800,1781307212127-0
concurrency_n20_20260613_003304_redis_feed8_rep1,redis,sb:events:n20:feed8:rep1,609bcb20-0647-439e-bf53-2c740528fc88,3895074,310,19877829300,19877855300,1781307212134-0
concurrency_n20_20260613_003304_redis_feed8_rep1,redis,sb:events:n20:feed8:rep1,a1d192bf-a397-4555-b139-8bf87b76ff89,3895074,310,19880468400,19880624000,1781307212135-0
concurrency_n20_20260613_003304_redis_feed8_rep1,redis,sb:events:n20:feed8:rep1,747f518f-8d91-4775-847e-ea3d859a2d6c,3895067,310,19885213300,19885242000,1781307212140-0
concurrency_n20_20260613_003304_redis_feed8_rep1,redis,sb:events:n20:feed8:rep1,e0293eec-a320-42e6-bf9c-776ea3503c80,3895113,310,19887979100,19888013700,1781307212142-0
concurrency_n20_20260613_003304_redis_feed8_rep1,redis,sb:events:n20:feed8:rep1,db738598-8c4f-44a6-8d07-5dba07dd8beb,3895113,310,19889367300,19889394800,1781307212145-0
concurrency_n20_20260613_003304_redis_feed8_rep1,redis,sb:events:n20:feed8:rep1,e977c99a-d4e4-4812-8753-825831ea0a3c,3895086,310,19893843000,19893868500,1781307212148-0
concurrency_n20_20260613_003304_redis_feed8_rep1,redis,sb:events:n20:feed8:rep1,513a4b6e-de63-4ac2-af0d-169a0db57dee,3895086,310,19899845300,19899870800,1781307212149-0
concurrency_n20_20260613_003304_redis_feed8_rep1,redis,sb:events:n20:feed8:rep1,39f82a98-f156-451b-8a78-d38df708fe7d,3895086,310,19900911300,19904807800,1781307212152-0
concurrency_n20_20260613_003304_redis_feed8_rep1,redis,sb:events:n20:feed8:rep1,9564460e-4591-4403-ba64-eef8909d478b,3895074,311,19906739600,19906765700,1781307212156-0
concurrency_n20_20260613_003304_redis_feed8_rep1,redis,sb:events:n20:feed8:rep1,e4592b39-096a-471d-ac41-d41533b199e0,3895074,311,19907643400,19907667600,1781307212160-0
concurrency_n20_20260613_003304_redis_feed8_rep1,redis,sb:events:n20:feed8:rep1,6d8b0a03-77b2-4c9e-b013-220e2b370560,3895134,311,19908392700,19908415500,1781307212162-0
concurrency_n20_20260613_003304_redis_feed8_rep1,redis,sb:events:n20:feed8:rep1,45e0b58b-2260-4018-820d-cff887cddebc,3895134,311,19909599700,19909620200,1781307212163-0
concurrency_n20_20260613_003304_redis_feed8_rep1,redis,sb:events:n20:feed8:rep1,adb989ce-7a4a-47dc-8dcd-7283780030ac,3895134,311,19910578200,19910604400,1781307212168-0
concurrency_n20_20260613_003304_redis_feed8_rep1,redis,sb:events:n20:feed8:rep1,073aa6a8-86a6-4d30-8eec-ce1c6dc16a83,3895086,311,19913599900,19913644000,1781307212170-0
concurrency_n20_20260613_003304_redis_feed8_rep1,redis,sb:events:n20:feed8:rep1,a150ed53-71c7-4630-87d7-d4259178dc89,3895086,311,19918058100,19918093500,1781307212175-0
concurrency_n20_20260613_003304_redis_feed8_rep1,redis,sb:events:n20:feed8:rep1,3acafed4-ed80-481d-adb1-6d8bcabdb08d,3895052,312,19919152300,19919173300,1781307212177-0
concurrency_n20_20260613_003304_redis_feed8_rep1,redis,sb:events:n20:feed8:rep1,11f8cda4-8e26-4350-99f8-210e244442e2,3895060,313,19920432600,19920460800,1781307212178-0
concurrency_n20_20260613_003304_redis_feed8_rep1,redis,sb:events:n20:feed8:rep1,73e93481-ff4c-4edb-8ef5-9ee2a3b5f35b,3895074,313,19940898700,19940927700,1781307212182-0
concurrency_n20_20260613_003304_redis_feed8_rep1,redis,sb:events:n20:feed8:rep1,d0b08268-9caf-485b-b0bb-7b02cfaf47ac,3895134,313,19942639100,19942663900,1781307212184-0
concurrency_n20_20260613_003304_redis_feed8_rep1,redis,sb:events:n20:feed8:rep1,6378a2d7-fa17-456f-92cc-7de2179432cb,3895134,313,19943614500,19943635200,1781307212187-0
concurrency_n20_20260613_003304_redis_feed8_rep1,redis,sb:events:n20:feed8:rep1,84123f89-e20a-454c-ab6e-d5a6e63880af,3895086,313,19945699700,19945741700,1781307212190-0
concurrency_n20_20260613_003304_redis_feed8_rep1,redis,sb:events:n20:feed8:rep1,3b2b6418-b75c-44fa-8975-8fb60e3c7b7c,3895086,313,19946871600,19946901300,1781307212191-0
concurrency_n20_20260613_003304_redis_feed8_rep1,redis,sb:events:n20:feed8:rep1,b676a690-300d-462b-b0a0-44689f3e7271,3895060,314,19948107100,19948171900,1781307212211-0
concurrency_n20_20260613_003304_redis_feed8_rep1,redis,sb:events:n20:feed8:rep1,0b6cf8b2-8c0f-479b-9e85-5662f9cf2f79,3895060,314,19949913700,19949937700,1781307212214-0
concurrency_n20_20260613_003304_redis_feed8_rep1,redis,sb:events:n20:feed8:rep1,3c2cbdfb-eca8-4567-bea4-efa56a11ff0c,3895060,314,19951075400,19951100400,1781307212216-0
concurrency_n20_20260613_003304_redis_feed8_rep1,redis,sb:events:n20:feed8:rep1,605b7d6d-f015-4950-9733-14ba5fd4e42a,3895060,314,19952073500,19952098600,1781307212218-0
concurrency_n20_20260613_003304_redis_feed8_rep1,redis,sb:events:n20:feed8:rep1,2f0fbbcc-2fda-4daa-806a-056a5187ebba,3895060,314,19955844200,19955866400,1781307212219-0
concurrency_n20_20260613_003304_redis_feed8_rep1,redis,sb:events:n20:feed8:rep1,9b1e8c53-a1de-4f2c-99e6-0b9aaaa1c745,3895134,314,19956946100,19956968000,1781307212221-0
concurrency_n20_20260613_003304_redis_feed8_rep1,redis,sb:events:n20:feed8:rep1,c23e3eb6-c6dd-4b4f-8eaf-5473b505ad9a,3895052,314,19958768500,19958796600,1781307212227-0
concurrency_n20_20260613_003304_redis_feed8_rep1,redis,sb:events:n20:feed8:rep1,394bdb55-88c5-43c6-a113-15457f7dcf1b,3895052,314,19959630300,19959650500,1781307212228-0
concurrency_n20_20260613_003304_redis_feed8_rep1,redis,sb:events:n20:feed8:rep1,4f1d2266-06ab-4b6d-a731-2f03cfa891e3,3895113,314,19966773600,19966814600,1781307212230-0
concurrency_n20_20260613_003304_redis_feed8_rep1,redis,sb:events:n20:feed8:rep1,99fab9e3-ddf0-4f49-89cc-ed1438559485,3895086,314,19970068400,19970095600,1781307212231-0
concurrency_n20_20260613_003304_redis_feed8_rep1,redis,sb:events:n20:feed8:rep1,c43891c6-f7d0-4b53-854f-7b0c0bf409d9,3895086,314,19971392300,19971418900,1781307212233-0
concurrency_n20_20260613_003304_redis_feed8_rep1,redis,sb:events:n20:feed8:rep1,b02d8af1-0dd1-423d-94ea-c81f1d60adfc,3895060,315,19972313000,19972332900,1781307212236-0
concurrency_n20_20260613_003304_redis_feed8_rep1,redis,sb:events:n20:feed8:rep1,d2d96254-cdb5-40f6-a713-824acbab17a3,3895107,315,19976977600,19977004800,1781307212242-0
concurrency_n20_20260613_003304_redis_feed8_rep1,redis,sb:events:n20:feed8:rep1,02302c67-a71e-4acf-bab1-d73bccb3ff36,3895134,315,19980741600,19980774600,1781307212243-0
concurrency_n20_20260613_003304_redis_feed8_rep1,redis,sb:events:n20:feed8:rep1,dacab50e-dea6-47d0-a67f-506895f82189,3895134,315,19984284300,19984325600,1781307212245-0
concurrency_n20_20260613_003304_redis_feed8_rep1,redis,sb:events:n20:feed8:rep1,392dd4b7-a180-48b3-9dbc-acabf60191e3,3895052,315,19986406900,19986431900,1781307212246-0
concurrency_n20_20260613_003304_redis_feed8_rep1,redis,sb:events:n20:feed8:rep1,04c9affe-5c2c-4541-880e-6449dac86ae3,3895086,315,20018958300,20018987100,1781307212250-0
concurrency_n20_20260613_003304_redis_feed8_rep1,redis,sb:events:n20:feed8:rep1,562ce0ba-cc5e-4622-b2e0-e5a4fa545b29,3895060,316,20021034000,20021064200,1781307212252-0
concurrency_n20_20260613_003304_redis_feed8_rep1,redis,sb:events:n20:feed8:rep1,6da99785-0da0-4aca-93d6-27fa7a4cbad6,3895060,316,20022338700,20022360700,1781307212255-0
concurrency_n20_20260613_003304_redis_feed8_rep1,redis,sb:events:n20:feed8:rep1,2da25799-fa27-4e14-ab83-65f4610738a7,3895107,316,20047804000,20047897500,1781307212259-0
concurrency_n20_20260613_003304_redis_feed8_rep1,redis,sb:events:n20:feed8:rep1,2add13d1-e99d-4136-ab7e-853a487aa346,3895052,316,20049089200,20049115300,1781307212290-0
concurrency_n20_20260613_003304_redis_feed8_rep1,redis,sb:events:n20:feed8:rep1,677c2260-b99e-46fe-983b-d8be3d3623ff,3895052,316,20052041300,20052067700,1781307212292-0
concurrency_n20_20260613_003304_redis_feed8_rep1,redis,sb:events:n20:feed8:rep1,4a574c7f-cffa-4555-9ba1-e18af3476fbf,3895052,316,20055825200,20055883400,1781307212294-0
concurrency_n20_20260613_003304_redis_feed8_rep1,redis,sb:events:n20:feed8:rep1,246935a5-58c1-4438-a255-74262e4c8629,3895113,316,20103056500,20103132900,1781307212296-0
concurrency_n20_20260613_003304_redis_feed8_rep1,redis,sb:events:n20:feed8:rep1,76707c05-6d43-4d3e-b06d-3645f7e25876,3895113,316,20105699700,20105730000,1781307212298-0
concurrency_n20_20260613_003304_redis_feed8_rep1,redis,sb:events:n20:feed8:rep1,7f412a00-eccd-4d4f-98d3-3ced82f667f2,3895074,317,20106987900,20107014100,1781307212300-0
concurrency_n20_20260613_003304_redis_feed8_rep1,redis,sb:events:n20:feed8:rep1,ec646053-bd4f-4edf-bdda-23c1b37a2104,3895074,317,20108436000,20108478700,1781307212305-0
concurrency_n20_20260613_003304_redis_feed8_rep1,redis,sb:events:n20:feed8:rep1,400a0629-38de-4e49-b260-f9dd814599a5,3895107,317,20109594600,20109615500,1781307212307-0
concurrency_n20_20260613_003304_redis_feed8_rep1,redis,sb:events:n20:feed8:rep1,d8fb521c-b883-43f7-aaee-9be4a2e5e541,3895107,317,20110894100,20110920700,1781307212310-0
concurrency_n20_20260613_003304_redis_feed8_rep1,redis,sb:events:n20:feed8:rep1,ad8763fe-6c7b-44d5-87a8-ab6b960e2a1e,3895134,317,20111943600,20111980200,1781307212312-0
concurrency_n20_20260613_003304_redis_feed8_rep1,redis,sb:events:n20:feed8:rep1,da096edb-269d-4bbf-85f0-16f9d6d675bb,3895052,317,20113017800,20113044300,1781307212313-0
concurrency_n20_20260613_003304_redis_feed8_rep1,redis,sb:events:n20:feed8:rep1,78c9fc5e-2d64-4fae-a14d-b9253211ecf5,3895052,317,20114290200,20114316100,1781307212314-0
concurrency_n20_20260613_003304_redis_feed8_rep1,redis,sb:events:n20:feed8:rep1,9c15a0fc-0c14-4605-ba21-f98e9588afeb,3895113,317,20115069800,20115090400,1781307212316-0
concurrency_n20_20260613_003304_redis_feed8_rep1,redis,sb:events:n20:feed8:rep1,8441f5f4-1d8c-4b91-b4c9-fd67eddbee0a,3895060,318,20120493700,20120517800,1781307212322-0
concurrency_n20_20260613_003304_redis_feed8_rep1,redis,sb:events:n20:feed8:rep1,8d1f4b7d-8eff-47e6-ae0c-91b8d06bc7d9,3895052,318,20122027200,20122055700,1781307212323-0
concurrency_n20_20260613_003304_redis_feed8_rep1,redis,sb:events:n20:feed8:rep1,ec53d3eb-784c-4b06-8b15-2a4e6d8c8897,3895113,318,20125147400,20125211500,1781307212324-0
concurrency_n20_20260613_003304_redis_feed8_rep1,redis,sb:events:n20:feed8:rep1,09a9066d-3190-4258-b6a3-10a62c95e149,3895113,318,20126151400,20126173200,1781307212326-0
concurrency_n20_20260613_003304_redis_feed8_rep1,redis,sb:events:n20:feed8:rep1,26196cc9-cd14-47de-9b97-80d6985b326f,3895107,319,20127012600,20127036800,1781307212374-0
concurrency_n20_20260613_003304_redis_feed8_rep1,redis,sb:events:n20:feed8:rep1,5a0b00b5-8620-4121-8530-0b794c2eab40,3895107,319,20127849600,20127872100,1781307212377-0
concurrency_n20_20260613_003304_redis_feed8_rep1,redis,sb:events:n20:feed8:rep1,5c073b2f-c213-4ab7-a313-1a59712c78e5,3895134,319,20128774500,20128796300,1781307212379-0
concurrency_n20_20260613_003304_redis_feed8_rep1,redis,sb:events:n20:feed8:rep1,20ae7112-b2c8-41d2-aeb1-63d9a704d650,3895134,319,20130000400,20130027300,1781307212381-0
concurrency_n20_20260613_003304_redis_feed8_rep1,redis,sb:events:n20:feed8:rep1,37927a43-1600-4ff9-ab32-90ef87a3a16a,3895134,319,20135641100,20135667400,1781307212382-0
concurrency_n20_20260613_003304_redis_feed8_rep1,redis,sb:events:n20:feed8:rep1,f2d2fda6-0d5f-4519-8c00-771a4f8ccaa3,3895052,319,20137577800,20137613500,1781307212383-0
concurrency_n20_20260613_003304_redis_feed8_rep1,redis,sb:events:n20:feed8:rep1,1cce44ec-247a-4b01-86ae-aee511d9af28,3895052,319,20139728900,20139755800,1781307212385-0
concurrency_n20_20260613_003304_redis_feed8_rep1,redis,sb:events:n20:feed8:rep1,682ff6dc-45e1-4759-b841-e8e940b73945,3895095,320,20142138600,20142170100,1781307212390-0
concurrency_n20_20260613_003304_redis_feed8_rep1,redis,sb:events:n20:feed8:rep1,80ea0fc3-2a53-4f63-89a6-b5fe54a9d7d9,3895095,320,20145027400,20145055900,1781307212391-0
concurrency_n20_20260613_003304_redis_feed8_rep1,redis,sb:events:n20:feed8:rep1,3ddd1bf5-ebc0-46d8-80e9-7754349fb9cc,3895060,320,20146125800,20146226800,1781307212393-0
concurrency_n20_20260613_003304_redis_feed8_rep1,redis,sb:events:n20:feed8:rep1,8707266c-f4f4-4701-9a98-93a44cb229da,3895060,320,20147883600,20147911600,1781307212394-0
concurrency_n20_20260613_003304_redis_feed8_rep1,redis,sb:events:n20:feed8:rep1,67391880-c4bd-4c49-ac0d-30f2b4cfed43,3895134,320,20149363600,20149408100,1781307212395-0
concurrency_n20_20260613_003304_redis_feed8_rep1,redis,sb:events:n20:feed8:rep1,8cc8899e-12c7-4f32-ad3c-6234f1a183e1,3895134,320,20151991500,20152079800,1781307212397-0
concurrency_n20_20260613_003304_redis_feed8_rep1,redis,sb:events:n20:feed8:rep1,73950e1c-c4c5-46d2-9b4b-9751c3c09646,3895052,320,20158749600,20158800700,1781307212399-0
concurrency_n20_20260613_003304_redis_feed8_rep1,redis,sb:events:n20:feed8:rep1,0baa40ea-5472-4239-84ce-75cc13e04c9e,3895113,320,20160412000,20160437800,1781307212400-0
concurrency_n20_20260613_003304_redis_feed8_rep1,redis,sb:events:n20:feed8:rep1,47b30c8a-2415-4aa3-9a2d-1d847b550731,3895095,321,20164159700,20164190200,1781307212404-0
concurrency_n20_20260613_003304_redis_feed8_rep1,redis,sb:events:n20:feed8:rep1,01452dda-4cab-4703-8f03-7851cc2a493b,3895095,321,20166340600,20166367600,1781307212405-0
concurrency_n20_20260613_003304_redis_feed8_rep1,redis,sb:events:n20:feed8:rep1,3af0554c-8ef9-4cd9-b5fe-0eb9b6b5cb62,3895095,321,20167448700,20167469400,1781307212406-0
concurrency_n20_20260613_003304_redis_feed8_rep1,redis,sb:events:n20:feed8:rep1,b60de9a9-c724-4975-b127-99ce60ac1e15,3895095,321,20169356100,20169387300,1781307212408-0
concurrency_n20_20260613_003304_redis_feed8_rep1,redis,sb:events:n20:feed8:rep1,779176ae-e436-407c-879f-8e400f7377f8,3895095,321,20172648900,20172721400,1781307212410-0
concurrency_n20_20260613_003304_redis_feed8_rep1,redis,sb:events:n20:feed8:rep1,00c09277-2dbb-47b7-ac4b-741062eb3faa,3895095,321,20174025800,20174050000,1781307212415-0
concurrency_n20_20260613_003304_redis_feed8_rep1,redis,sb:events:n20:feed8:rep1,18ba8f20-241a-4d34-83de-d246ce265ba4,3895121,321,20175435100,20175455400,1781307212416-0
concurrency_n20_20260613_003304_redis_feed8_rep1,redis,sb:events:n20:feed8:rep1,45f8a62c-9039-4034-a964-fd1c1545680a,3895134,321,20176429800,20176448700,1781307212418-0
concurrency_n20_20260613_003304_redis_feed8_rep1,redis,sb:events:n20:feed8:rep1,6ac63702-9c8d-4c96-82dd-f1f4e145f062,3895134,321,20178981100,20179011800,1781307212419-0
concurrency_n20_20260613_003304_redis_feed8_rep1,redis,sb:events:n20:feed8:rep1,80b5572a-d2bf-4bac-ae05-1724682e6848,3895052,321,20188723700,20191592100,1781307212421-0
concurrency_n20_20260613_003304_redis_feed8_rep1,redis,sb:events:n20:feed8:rep1,08849140-7424-46b1-be08-ebd78e548e26,3895052,321,20195581300,20195636600,1781307212422-0
concurrency_n20_20260613_003304_redis_feed8_rep1,redis,sb:events:n20:feed8:rep1,9e876c0f-8eb7-408b-b8aa-d1f7e172b0dc,3895113,321,20198665600,20198731700,1781307212424-0
concurrency_n20_20260613_003304_redis_feed8_rep1,redis,sb:events:n20:feed8:rep1,bac2ac88-467a-46f3-93bc-896a8a9763cc,3895086,321,20201428300,20201458100,1781307212425-0
concurrency_n20_20260613_003304_redis_feed8_rep1,redis,sb:events:n20:feed8:rep1,f3340d0d-34c8-4c60-818d-6b0ab6f0e724,3895086,321,20206083200,20206110500,1781307212427-0
concurrency_n20_20260613_003304_redis_feed8_rep1,redis,sb:events:n20:feed8:rep1,a9353826-78d0-4db7-9504-37af067ba42b,3895060,322,20206987100,20207016500,1781307212428-0
concurrency_n20_20260613_003304_redis_feed8_rep1,redis,sb:events:n20:feed8:rep1,f3617b96-6548-46c6-9b24-c7d328b1641f,3895107,322,20208089000,20208117000,1781307212429-0
concurrency_n20_20260613_003304_redis_feed8_rep1,redis,sb:events:n20:feed8:rep1,f852634c-8f86-4877-be07-bc24a07e736d,3895107,322,20211095600,20211121400,1781307212431-0
concurrency_n20_20260613_003304_redis_feed8_rep1,redis,sb:events:n20:feed8:rep1,fd58d405-6eba-41ab-81bf-d22785c2a293,3895134,322,20214043000,20214071600,1781307212435-0
concurrency_n20_20260613_003304_redis_feed8_rep1,redis,sb:events:n20:feed8:rep1,67b350e2-a656-4ee2-ba54-6a99f81f12a6,3895052,322,20216001700,20216030800,1781307212438-0
concurrency_n20_20260613_003304_redis_feed8_rep1,redis,sb:events:n20:feed8:rep1,891e42ae-ba34-4c6c-9819-902fd0ff3123,3895113,322,20219433600,20219481800,1781307212440-0
concurrency_n20_20260613_003304_redis_feed8_rep1,redis,sb:events:n20:feed8:rep1,dbb81daf-4dd3-4b09-9c7b-66b3cfd002b4,3895113,322,20221565100,20221650600,1781307212446-0
concurrency_n20_20260613_003304_redis_feed8_rep1,redis,sb:events:n20:feed8:rep1,e4a1a2fe-fe12-435a-98a4-98dda2739446,3895086,322,20225619100,20225651500,1781307212447-0
concurrency_n20_20260613_003304_redis_feed8_rep1,redis,sb:events:n20:feed8:rep1,ea283cd4-127c-4613-a843-474b9ff4cd8c,3895086,322,20227290400,20227315900,1781307212449-0
concurrency_n20_20260613_003304_redis_feed8_rep1,redis,sb:events:n20:feed8:rep1,9f38e589-9bcd-402e-a9c7-81c713301c69,3895086,322,20268313600,20268350600,1781307212463-0
concurrency_n20_20260613_003304_redis_feed8_rep1,redis,sb:events:n20:feed8:rep1,ceb01ebe-f047-4903-ad87-46179255db15,3895095,323,20272839200,20272963500,1781307212467-0
concurrency_n20_20260613_003304_redis_feed8_rep1,redis,sb:events:n20:feed8:rep1,25c1ced9-2614-4c5f-b468-49623335f10a,3895095,323,20276978600,20277010000,1781307212471-0
concurrency_n20_20260613_003304_redis_feed8_rep1,redis,sb:events:n20:feed8:rep1,765e4d5f-098d-416d-ac74-e94b3fc96434,3895121,323,20278808800,20278834700,1781307212474-0
concurrency_n20_20260613_003304_redis_feed8_rep1,redis,sb:events:n20:feed8:rep1,765951d5-3b9b-48ae-a2ec-0569ce42652a,3895121,323,20282951300,20282979800,1781307212476-0
concurrency_n20_20260613_003304_redis_feed8_rep1,redis,sb:events:n20:feed8:rep1,2072c49c-533a-4650-898e-b8c2c38b8a53,3895060,323,20284973500,20285007900,1781307212477-0
concurrency_n20_20260613_003304_redis_feed8_rep1,redis,sb:events:n20:feed8:rep1,29f92fe5-0aa4-407d-8f0a-0cf2ddeaaa5f,3895060,323,20286707900,20286735200,1781307212479-0
concurrency_n20_20260613_003304_redis_feed8_rep1,redis,sb:events:n20:feed8:rep1,91705dce-cd6d-46fc-816b-6f16f0a55899,3895134,323,20287498400,20287521900,1781307212480-0
concurrency_n20_20260613_003304_redis_feed8_rep1,redis,sb:events:n20:feed8:rep1,7eb6fae1-8ed8-4b6b-a245-a1ad3eb55542,3895134,323,20288406800,20288427300,1781307212483-0
concurrency_n20_20260613_003304_redis_feed8_rep1,redis,sb:events:n20:feed8:rep1,5ed423f7-bc6a-417d-908c-9c5cc9053848,3895134,323,20294882400,20294923500,1781307212484-0
concurrency_n20_20260613_003304_redis_feed8_rep1,redis,sb:events:n20:feed8:rep1,6f9de4f1-0bd4-4d27-955b-3efeeb7c5d8b,3895113,323,20296136800,20296190500,1781307212486-0
concurrency_n20_20260613_003304_redis_feed8_rep1,redis,sb:events:n20:feed8:rep1,91ca55c2-0ab1-4c67-8c0d-0a768c136cbe,3895113,323,20301594300,20301719200,1781307212490-0
concurrency_n20_20260613_003304_redis_feed8_rep1,redis,sb:events:n20:feed8:rep1,06a68206-c99d-4853-b4c2-1e8b69ed8bac,3895086,323,20303127600,20303151900,1781307212492-0
concurrency_n20_20260613_003304_redis_feed8_rep1,redis,sb:events:n20:feed8:rep1,e322c13b-ff81-42ee-90e8-2e445f78f36a,3895086,323,20304125100,20304169200,1781307212498-0
concurrency_n20_20260613_003304_redis_feed8_rep1,redis,sb:events:n20:feed8:rep1,0152e3af-14bc-45b9-acc2-1c1b81ba1e6d,3895134,324,20305665500,20305692700,1781307212503-0
concurrency_n20_20260613_003304_redis_feed8_rep1,redis,sb:events:n20:feed8:rep1,65078bd9-948c-400f-90f7-2aaf914406d4,3895134,324,20307336200,20307362500,1781307212524-0
concurrency_n20_20260613_003304_redis_feed8_rep1,redis,sb:events:n20:feed8:rep1,5babff75-4553-4b3a-b9f4-43b8ecab192e,3895086,324,20315235000,20315265900,1781307212545-0
concurrency_n20_20260613_003304_redis_feed8_rep1,redis,sb:events:n20:feed8:rep1,dcd63a56-5072-413e-911a-7264f0e371ab,3895086,324,20316763600,20316788800,1781307212549-0
concurrency_n20_20260613_003304_redis_feed8_rep1,redis,sb:events:n20:feed8:rep1,912c44f7-9bea-4745-a4c2-4751ca8b8ba2,3895060,325,20318377200,20318407500,1781307212555-0
concurrency_n20_20260613_003304_redis_feed8_rep1,redis,sb:events:n20:feed8:rep1,c2b8d7b8-ae71-4a7b-832a-5e071f84706c,3895060,325,20319466500,20319494300,1781307212557-0
concurrency_n20_20260613_003304_redis_feed8_rep1,redis,sb:events:n20:feed8:rep1,f302d779-957c-4d6f-999d-e1b1a994308a,3895052,325,20320377700,20320397800,1781307212559-0
concurrency_n20_20260613_003304_redis_feed8_rep1,redis,sb:events:n20:feed8:rep1,0b07deed-d20e-4434-abd6-4aaf53e71e62,3895052,325,20323476000,20323505300,1781307212561-0
concurrency_n20_20260613_003304_redis_feed8_rep1,redis,sb:events:n20:feed8:rep1,1a07249d-2406-4788-9baa-b1c8eec64ea5,3895086,325,20325266200,20325314400,1781307212563-0
concurrency_n20_20260613_003304_redis_feed8_rep1,redis,sb:events:n20:feed8:rep1,50a58806-53f3-4be3-b1a3-ebc3df31bcfb,3895060,326,20326752700,20326883600,1781307212564-0
concurrency_n20_20260613_003304_redis_feed8_rep1,redis,sb:events:n20:feed8:rep1,ccc70e17-4484-4ad8-b7fc-715d4177c31a,3895060,326,20344348400,20344376500,1781307212568-0
concurrency_n20_20260613_003304_redis_feed8_rep1,redis,sb:events:n20:feed8:rep1,f99f7f6b-5a8c-412a-9704-e4f174e12f20,3895074,326,20345504900,20345530900,1781307212570-0
concurrency_n20_20260613_003304_redis_feed8_rep1,redis,sb:events:n20:feed8:rep1,e080162c-b679-46f5-adf2-a019d92130eb,3895113,326,20347226500,20347279200,1781307212571-0
concurrency_n20_20260613_003304_redis_feed8_rep1,redis,sb:events:n20:feed8:rep1,b7a07101-16a4-4d4c-8693-420785555b30,3895113,326,20348762800,20348842300,1781307212573-0
concurrency_n20_20260613_003304_redis_feed8_rep1,redis,sb:events:n20:feed8:rep1,cbcbaf77-15d0-45a3-afec-9bade109c5c3,3895113,326,20349963600,20349991200,1781307212574-0
concurrency_n20_20260613_003304_redis_feed8_rep1,redis,sb:events:n20:feed8:rep1,d310c41e-ccc2-40fb-a06d-6d036f388bff,3895086,326,20351039000,20351064500,1781307212580-0
concurrency_n20_20260613_003304_redis_feed8_rep1,redis,sb:events:n20:feed8:rep1,a0a25c26-29df-44dc-a699-90580910dfdd,3895060,327,20352680300,20352727000,1781307212582-0
concurrency_n20_20260613_003304_redis_feed8_rep1,redis,sb:events:n20:feed8:rep1,0cf23ce9-0153-4db2-8503-d3073f6461d9,3895060,327,20353895100,20353917300,1781307212584-0
concurrency_n20_20260613_003304_redis_feed8_rep1,redis,sb:events:n20:feed8:rep1,8cd76890-acdb-4587-9747-a8325f50af1b,3895134,327,20354968800,20354989000,1781307212590-0
concurrency_n20_20260613_003304_redis_feed8_rep1,redis,sb:events:n20:feed8:rep1,e2422ee1-2d12-406e-abd1-fcb8e6e5e40f,3895113,327,20359474400,20359511400,1781307212592-0
concurrency_n20_20260613_003304_redis_feed8_rep1,redis,sb:events:n20:feed8:rep1,28026d1d-108d-4132-b7dd-aa5fb2833312,3895086,327,20364485200,20364544500,1781307212598-0
concurrency_n20_20260613_003304_redis_feed8_rep1,redis,sb:events:n20:feed8:rep1,3b634913-4263-4e45-a7f6-b25bac5d2637,3895086,327,20383701100,20383727300,1781307212600-0
concurrency_n20_20260613_003304_redis_feed8_rep1,redis,sb:events:n20:feed8:rep1,4a7fa8b7-ee4a-4a51-ad8a-5df4c2fe9446,3895095,328,20387512000,20387538700,1781307212602-0
concurrency_n20_20260613_003304_redis_feed8_rep1,redis,sb:events:n20:feed8:rep1,601694f2-d49d-47a3-bc0d-3166572c7d50,3895060,328,20399697700,20399724700,1781307212606-0
concurrency_n20_20260613_003304_redis_feed8_rep1,redis,sb:events:n20:feed8:rep1,821f610d-dc82-4cb3-81fa-80daf42f8298,3895074,328,20418855700,20418883100,1781307212609-0
concurrency_n20_20260613_003304_redis_feed8_rep1,redis,sb:events:n20:feed8:rep1,0425f679-712d-4e88-a143-95f0fced4376,3895074,328,20422096500,20422130500,1781307212611-0
concurrency_n20_20260613_003304_redis_feed8_rep1,redis,sb:events:n20:feed8:rep1,5c5243e2-2576-47e7-9e3d-f064c3369e22,3895134,328,20427815500,20427973300,1781307212613-0
concurrency_n20_20260613_003304_redis_feed8_rep1,redis,sb:events:n20:feed8:rep1,66ed78e9-7b7a-4dc9-8a7b-9abf8b6a2b79,3895134,328,20429668100,20429692500,1781307212614-0
concurrency_n20_20260613_003304_redis_feed8_rep1,redis,sb:events:n20:feed8:rep1,9ae80932-88a0-46c4-906a-d92d4999f5a3,3895086,328,20431748200,20431779600,1781307212616-0
concurrency_n20_20260613_003304_redis_feed8_rep1,redis,sb:events:n20:feed8:rep1,d4a886d3-364d-4310-a009-0c7228d9c4e2,3895095,329,20433691200,20433718000,1781307212617-0
concurrency_n20_20260613_003304_redis_feed8_rep1,redis,sb:events:n20:feed8:rep1,f070b6ef-9781-4ba2-9993-4e4393f056cb,3895095,329,20434685800,20434755300,1781307212618-0
concurrency_n20_20260613_003304_redis_feed8_rep1,redis,sb:events:n20:feed8:rep1,f621dd02-9352-4e89-a960-5040f4b3499d,3895121,329,20436366600,20436392100,1781307212619-0
concurrency_n20_20260613_003304_redis_feed8_rep1,redis,sb:events:n20:feed8:rep1,b4a4be30-2276-404e-bd4b-2664b630e9f7,3895121,329,20437903400,20437928700,1781307212620-0
concurrency_n20_20260613_003304_redis_feed8_rep1,redis,sb:events:n20:feed8:rep1,07263e8b-6e88-44b3-a4b2-f39c074c174a,3895060,329,20438831700,20438849700,1781307212622-0
concurrency_n20_20260613_003304_redis_feed8_rep1,redis,sb:events:n20:feed8:rep1,b50c709b-72a6-4242-98d3-30cd56ce5a82,3895107,329,20440152700,20440180300,1781307212637-0
concurrency_n20_20260613_003304_redis_feed8_rep1,redis,sb:events:n20:feed8:rep1,d193c018-d62c-413b-8a1c-c34eb7e4c8e9,3895134,329,20441353700,20441378000,1781307212640-0
concurrency_n20_20260613_003304_redis_feed8_rep1,redis,sb:events:n20:feed8:rep1,a7b72d56-d15c-4956-8b4e-13e2463fdbd2,3895052,329,20442684800,20442704000,1781307212653-0
concurrency_n20_20260613_003304_redis_feed8_rep1,redis,sb:events:n20:feed8:rep1,afee8057-c990-444c-adfb-30a539eb4c30,3895052,329,20451920500,20451959800,1781307212655-0
concurrency_n20_20260613_003304_redis_feed8_rep1,redis,sb:events:n20:feed8:rep1,59e595db-ecaf-4e72-83ae-71fd174bd008,3895113,329,20454959500,20454986500,1781307212658-0
concurrency_n20_20260613_003304_redis_feed8_rep1,redis,sb:events:n20:feed8:rep1,5c37fc26-bd70-4b9e-8353-dc41a95546ad,3895113,329,20457683800,20457714600,1781307212661-0
concurrency_n20_20260613_003304_redis_feed8_rep1,redis,sb:events:n20:feed8:rep1,61e1ef78-4b24-4e45-8155-e7f227e11514,3895086,329,20460582300,20460617100,1781307212666-0
concurrency_n20_20260613_003304_redis_feed8_rep1,redis,sb:events:n20:feed8:rep1,ca5d0df7-3501-4eb8-93f3-6f6f65182264,3895095,330,20480950900,20480980300,1781307212669-0
concurrency_n20_20260613_003304_redis_feed8_rep1,redis,sb:events:n20:feed8:rep1,667ae860-5de6-41c9-9ad0-27f17f4ae687,3895060,330,20483172200,20483198500,1781307212687-0
concurrency_n20_20260613_003304_redis_feed8_rep1,redis,sb:events:n20:feed8:rep1,5af9fdcc-1698-4009-a5a8-bf0efb8264d4,3895060,330,20486101400,20486130300,1781307212690-0
concurrency_n20_20260613_003304_redis_feed8_rep1,redis,sb:events:n20:feed8:rep1,6984e885-68ab-4f5d-a155-9488edde777a,3895074,330,20490621000,20490641800,1781307212693-0
concurrency_n20_20260613_003304_redis_feed8_rep1,redis,sb:events:n20:feed8:rep1,c62ae5ee-3d01-4415-86c3-5a055496d7b9,3895107,330,20494792000,20494817300,1781307212698-0
concurrency_n20_20260613_003304_redis_feed8_rep1,redis,sb:events:n20:feed8:rep1,6f5652cb-8334-4c17-9208-4fc7f87849ec,3895107,330,20496952500,20496985300,1781307212700-0
concurrency_n20_20260613_003304_redis_feed8_rep1,redis,sb:events:n20:feed8:rep1,d9f367f1-ebb8-488d-8d01-a1081052d076,3895107,330,20501860400,20501899600,1781307212703-0
concurrency_n20_20260613_003304_redis_feed8_rep1,redis,sb:events:n20:feed8:rep1,7c1f4235-c549-44da-93be-fb25beb18c72,3895052,330,20503472300,20503497600,1781307212706-0
concurrency_n20_20260613_003304_redis_feed8_rep1,redis,sb:events:n20:feed8:rep1,57a158a9-efa6-45c3-ac61-da3f76ba1181,3895052,330,20507631000,20507658400,1781307212709-0
concurrency_n20_20260613_003304_redis_feed8_rep1,redis,sb:events:n20:feed8:rep1,489c69ea-ba68-4944-b257-738bd170d1f1,3895095,331,20510699700,20510747800,1781307212710-0
concurrency_n20_20260613_003304_redis_feed8_rep1,redis,sb:events:n20:feed8:rep1,31cf22e9-d1b2-403d-be52-872610538f25,3895095,331,20515644100,20515676600,1781307212712-0
concurrency_n20_20260613_003304_redis_feed8_rep1,redis,sb:events:n20:feed8:rep1,0ec63f19-112a-4d49-b908-0169f04b00a7,3895060,331,20516874300,20516897900,1781307212713-0
concurrency_n20_20260613_003304_redis_feed8_rep1,redis,sb:events:n20:feed8:rep1,0aa01b9d-69a4-4139-a794-a882e44f4d9e,3895060,331,20519896400,20519926400,1781307212723-0
concurrency_n20_20260613_003304_redis_feed8_rep1,redis,sb:events:n20:feed8:rep1,ff76047d-47de-466f-a319-136377697fc2,3895074,331,20523177900,20526391300,1781307212726-0
concurrency_n20_20260613_003304_redis_feed8_rep1,redis,sb:events:n20:feed8:rep1,e3e28b81-6e92-419a-a1d5-6d95b8725ed9,3895074,331,20528098600,20528122800,1781307212728-0
concurrency_n20_20260613_003304_redis_feed8_rep1,redis,sb:events:n20:feed8:rep1,4c624af4-e3f3-46b8-84b2-942334a6dd05,3895134,331,20529363900,20529388700,1781307212733-0
concurrency_n20_20260613_003304_redis_feed8_rep1,redis,sb:events:n20:feed8:rep1,1e189be8-913a-4d4b-a841-db75494445c5,3895134,331,20531542600,20531593500,1781307212735-0
concurrency_n20_20260613_003304_redis_feed8_rep1,redis,sb:events:n20:feed8:rep1,e6e48fb5-7ef0-4e24-bf8f-b70df89fed4a,3895134,331,20532636500,20532663900,1781307212753-0
concurrency_n20_20260613_003304_redis_feed8_rep1,redis,sb:events:n20:feed8:rep1,71bb5b43-2991-4382-a5d2-dc3741253572,3895052,331,20538795900,20538830000,1781307212756-0
concurrency_n20_20260613_003304_redis_feed8_rep1,redis,sb:events:n20:feed8:rep1,4fb0bdad-2281-4f6e-8094-850771b95eab,3895052,331,20540340400,20540366500,1781307212759-0
concurrency_n20_20260613_003304_redis_feed8_rep1,redis,sb:events:n20:feed8:rep1,43fe8ca2-b942-4723-aa5a-66d12ca2871d,3895052,331,20568036800,20568066900,1781307212761-0
concurrency_n20_20260613_003304_redis_feed8_rep1,redis,sb:events:n20:feed8:rep1,e0dcc6ae-40c7-4519-8496-15ad70e631fa,3895113,331,20574007300,20574033500,1781307212764-0
concurrency_n20_20260613_003304_redis_feed8_rep1,redis,sb:events:n20:feed8:rep1,37fd9761-702e-4e7b-a8bf-6a9fe8a696af,3895060,332,20576396200,20576424100,1781307212767-0
concurrency_n20_20260613_003304_redis_feed8_rep1,redis,sb:events:n20:feed8:rep1,82c5d746-9b8d-4a2f-a22d-8aac196567cd,3895074,332,20578785900,20578814300,1781307212769-0
concurrency_n20_20260613_003304_redis_feed8_rep1,redis,sb:events:n20:feed8:rep1,5acd0668-4e69-4711-b377-407098bef577,3895107,332,20580124000,20580148000,1781307212775-0
concurrency_n20_20260613_003304_redis_feed8_rep1,redis,sb:events:n20:feed8:rep1,dab18735-77ec-4370-a106-678dcce75e6c,3895107,332,20581443000,20581471100,1781307212777-0
concurrency_n20_20260613_003304_redis_feed8_rep1,redis,sb:events:n20:feed8:rep1,ee206445-03dc-4b10-8c2a-46a586e07e46,3895107,332,20583098300,20583123900,1781307212782-0
concurrency_n20_20260613_003304_redis_feed8_rep1,redis,sb:events:n20:feed8:rep1,fd79c8a6-b9f0-4ec2-b288-64720b510357,3895134,332,20584761900,20584869600,1781307212787-0
concurrency_n20_20260613_003304_redis_feed8_rep1,redis,sb:events:n20:feed8:rep1,075c0693-e1c7-4b91-b807-d4a145a3463b,3895052,332,20586306300,20586328500,1781307212790-0
concurrency_n20_20260613_003304_redis_feed8_rep1,redis,sb:events:n20:feed8:rep1,377f51e4-5ee6-4008-8d75-0027bc896355,3895052,332,20587347300,20587370500,1781307212793-0
concurrency_n20_20260613_003304_redis_feed8_rep1,redis,sb:events:n20:feed8:rep1,7c276b01-b3bf-49ba-9aa3-24024921d4a9,3895052,332,20588249000,20588286200,1781307212795-0
concurrency_n20_20260613_003304_redis_feed8_rep1,redis,sb:events:n20:feed8:rep1,745379e2-c5d2-492b-b046-1215c00f3c18,3895113,332,20589380900,20589401300,1781307212798-0
concurrency_n20_20260613_003304_redis_feed8_rep1,redis,sb:events:n20:feed8:rep1,9df9adb4-6248-4539-a77d-d0ccf6abe83b,3895113,332,20590460200,20590478500,1781307212799-0
concurrency_n20_20260613_003304_redis_feed8_rep1,redis,sb:events:n20:feed8:rep1,4d49db2e-7e41-4a56-b823-e245aaddb15b,3895121,333,20591959800,20591985100,1781307212800-0
concurrency_n20_20260613_003304_redis_feed8_rep1,redis,sb:events:n20:feed8:rep1,c86879d4-bc31-46f9-b87c-da90da645f76,3895121,333,20593194400,20593249200,1781307212803-0
concurrency_n20_20260613_003304_redis_feed8_rep1,redis,sb:events:n20:feed8:rep1,c3177814-c5bd-4f51-9844-039e5fd9b60f,3895121,333,20594605400,20594653700,1781307212804-0
concurrency_n20_20260613_003304_redis_feed8_rep1,redis,sb:events:n20:feed8:rep1,581dbb56-f56f-429d-adaf-78ee9d9c3bc4,3895060,333,20597140800,20597290700,1781307212805-0
concurrency_n20_20260613_003304_redis_feed8_rep1,redis,sb:events:n20:feed8:rep1,d800e8ef-1eba-44b7-883a-58d77b84a396,3895060,333,20598964500,20598994900,1781307212806-0
concurrency_n20_20260613_003304_redis_feed8_rep1,redis,sb:events:n20:feed8:rep1,0a4170e7-c400-405d-b455-0e644e4ff4bc,3895074,333,20600190300,20600216700,1781307212812-0
concurrency_n20_20260613_003304_redis_feed8_rep1,redis,sb:events:n20:feed8:rep1,a7db7005-63b9-490d-94ee-105a6e72f9ce,3895074,333,20601354100,20601382000,1781307212831-0
concurrency_n20_20260613_003304_redis_feed8_rep1,redis,sb:events:n20:feed8:rep1,c920dee6-6560-41ba-a782-11afc39f3482,3895134,333,20602184500,20602203200,1781307212842-0
concurrency_n20_20260613_003304_redis_feed8_rep1,redis,sb:events:n20:feed8:rep1,e006ec65-b041-457c-a6cf-8c492b801d3e,3895134,333,20603355200,20603374600,1781307212846-0
concurrency_n20_20260613_003304_redis_feed8_rep1,redis,sb:events:n20:feed8:rep1,17daec9d-d530-4267-a9b4-fba1cefc65a9,3895052,333,20611402100,20611429600,1781307212848-0
concurrency_n20_20260613_003304_redis_feed8_rep1,redis,sb:events:n20:feed8:rep1,ed638ea5-4e2a-42ad-88ae-15ed73b28160,3895113,333,20612941300,20612971500,1781307212851-0
concurrency_n20_20260613_003304_redis_feed8_rep1,redis,sb:events:n20:feed8:rep1,466dc1b3-80e3-4882-8d4d-a66923daf782,3895121,334,20613949100,20613974300,1781307212855-0
concurrency_n20_20260613_003304_redis_feed8_rep1,redis,sb:events:n20:feed8:rep1,9cdbd1dd-a6ea-4aa5-8cd1-c173a036ba23,3895121,334,20616539100,20616560300,1781307212856-0
concurrency_n20_20260613_003304_redis_feed8_rep1,redis,sb:events:n20:feed8:rep1,85468b6a-bdde-4e33-874b-ae47828b2a64,3895121,334,20618463400,20618503100,1781307212858-0
concurrency_n20_20260613_003304_redis_feed8_rep1,redis,sb:events:n20:feed8:rep1,90bc3775-4e9e-4812-a36d-13b7cf960a82,3895121,334,20642593300,20642620000,1781307212862-0
concurrency_n20_20260613_003304_redis_feed8_rep1,redis,sb:events:n20:feed8:rep1,2923ccb9-60d5-4454-aad2-2b1d4edb85c2,3895107,334,20644420600,20644448800,1781307212864-0
concurrency_n20_20260613_003304_redis_feed8_rep1,redis,sb:events:n20:feed8:rep1,d59c287e-b7d8-4520-8793-0ea20f6f259b,3895107,334,20663396800,20663493700,1781307212867-0
concurrency_n20_20260613_003304_redis_feed8_rep1,redis,sb:events:n20:feed8:rep1,8a512c73-be63-4656-8d75-6f65e931b2fc,3895134,334,20664844400,20664866800,1781307212868-0
concurrency_n20_20260613_003304_redis_feed8_rep1,redis,sb:events:n20:feed8:rep1,8498606a-51cc-44f2-a5c6-d170755770c6,3895134,334,20665851900,20665882200,1781307212869-0
concurrency_n20_20260613_003304_redis_feed8_rep1,redis,sb:events:n20:feed8:rep1,4fc8ca15-dded-40c3-a2a1-be06f304fa8e,3895052,334,20666915100,20666943100,1781307212870-0
concurrency_n20_20260613_003304_redis_feed8_rep1,redis,sb:events:n20:feed8:rep1,0846214e-8df7-4642-9a0d-9efa7eaf5e2e,3895052,334,20667950100,20667988500,1781307212873-0
concurrency_n20_20260613_003304_redis_feed8_rep1,redis,sb:events:n20:feed8:rep1,321e3566-4e3a-4ff8-9393-08127da95781,3895113,334,20669083100,20669105600,1781307212874-0
concurrency_n20_20260613_003304_redis_feed8_rep1,redis,sb:events:n20:feed8:rep1,94f18e64-33fb-472f-b277-4aed5d75a394,3895113,334,20671224800,20671307800,1781307212876-0
concurrency_n20_20260613_003304_redis_feed8_rep1,redis,sb:events:n20:feed8:rep1,7308dbd9-6bee-4b1e-b03f-08c605b7c4f0,3895060,335,20672600900,20672628900,1781307212877-0
concurrency_n20_20260613_003304_redis_feed8_rep1,redis,sb:events:n20:feed8:rep1,51fbd998-f74e-4e70-a505-2f2b3d9b4289,3895134,335,20679704800,20679734700,1781307212882-0
concurrency_n20_20260613_003304_redis_feed8_rep1,redis,sb:events:n20:feed8:rep1,ce38c60d-3787-45b4-bd5c-18ab40e3d0a0,3895134,335,20685414600,20685437800,1781307212885-0
concurrency_n20_20260613_003304_redis_feed8_rep1,redis,sb:events:n20:feed8:rep1,fbe9d939-11a5-41be-ad50-bf92166b4e54,3895134,335,20710870000,20710900500,1781307212889-0
concurrency_n20_20260613_003304_redis_feed8_rep1,redis,sb:events:n20:feed8:rep1,3f220106-01eb-4fbe-af98-6e3bd3ac2a57,3895134,335,20713713700,20713742400,1781307212890-0
concurrency_n20_20260613_003304_redis_feed8_rep1,redis,sb:events:n20:feed8:rep1,5c354025-43e2-4d92-806e-430504d2a1ef,3895052,335,20715490400,20715520800,1781307212892-0
concurrency_n20_20260613_003304_redis_feed8_rep1,redis,sb:events:n20:feed8:rep1,7c0f05fc-c99b-4f43-8a1d-7fb702133afa,3895052,335,20717888600,20717924700,1781307212914-0
concurrency_n20_20260613_003304_redis_feed8_rep1,redis,sb:events:n20:feed8:rep1,5ea117e0-0da3-4476-931d-cf244d3118e4,3895060,336,20721226600,20721251900,1781307212917-0
concurrency_n20_20260613_003304_redis_feed8_rep1,redis,sb:events:n20:feed8:rep1,0bb34860-e22e-4204-8231-a1ce2998150a,3895060,336,20724324500,20724520300,1781307212930-0
concurrency_n20_20260613_003304_redis_feed8_rep1,redis,sb:events:n20:feed8:rep1,b9825d8c-508d-4914-9edf-3410d2687999,3895060,336,20727421700,20727450700,1781307212932-0
concurrency_n20_20260613_003304_redis_feed8_rep1,redis,sb:events:n20:feed8:rep1,c376f944-1974-42df-82de-80576e15c588,3895074,336,20728950900,20728981000,1781307212934-0
concurrency_n20_20260613_003304_redis_feed8_rep1,redis,sb:events:n20:feed8:rep1,7b49350d-f92c-4f31-a372-4aebb65efd24,3895052,336,20733202500,20733230500,1781307212936-0
concurrency_n20_20260613_003304_redis_feed8_rep1,redis,sb:events:n20:feed8:rep1,5ef97f45-7770-4df5-b895-879ef3b8c0a0,3895074,337,20735156000,20735185600,1781307212937-0
concurrency_n20_20260613_003304_redis_feed8_rep1,redis,sb:events:n20:feed8:rep1,2d8919d0-60af-463a-919a-735acb87e8de,3895074,337,20737167700,20737197000,1781307212942-0
concurrency_n20_20260613_003304_redis_feed8_rep1,redis,sb:events:n20:feed8:rep1,b5416488-0fe8-44ae-802a-b02e10a775f2,3895134,337,20738949900,20738988900,1781307212944-0
concurrency_n20_20260613_003304_redis_feed8_rep1,redis,sb:events:n20:feed8:rep1,c51702ca-4adc-44f7-a73b-6edb155dd166,3895134,337,20741061900,20741155400,1781307212946-0
concurrency_n20_20260613_003304_redis_feed8_rep1,redis,sb:events:n20:feed8:rep1,c50e063e-2a33-4053-b4fa-471f5556b732,3895095,338,20744899800,20744925300,1781307212952-0
concurrency_n20_20260613_003304_redis_feed8_rep1,redis,sb:events:n20:feed8:rep1,ffbf27c1-29f6-4e48-8e60-7e04b54f3717,3895121,338,20747058500,20747083500,1781307212954-0
concurrency_n20_20260613_003304_redis_feed8_rep1,redis,sb:events:n20:feed8:rep1,d16a589f-9997-491b-8a0d-5570cfd04bda,3895121,338,20748736200,20748763100,1781307212955-0
concurrency_n20_20260613_003304_redis_feed8_rep1,redis,sb:events:n20:feed8:rep1,63cfb3b8-2108-4c07-bcb3-e0dec152970c,3895060,338,20755980200,20756002200,1781307212957-0
concurrency_n20_20260613_003304_redis_feed8_rep1,redis,sb:events:n20:feed8:rep1,1809496b-088b-41a9-8997-d5b6725994a3,3895060,338,20756992500,20757015800,1781307212958-0
concurrency_n20_20260613_003304_redis_feed8_rep1,redis,sb:events:n20:feed8:rep1,4e3081cc-b767-414d-986a-de53c54bfb73,3895060,338,20759850300,20759882400,1781307212983-0
concurrency_n20_20260613_003304_redis_feed8_rep1,redis,sb:events:n20:feed8:rep1,43402693-36c4-4328-aa05-2e99f6de4774,3895074,338,20762090900,20762117000,1781307212985-0
concurrency_n20_20260613_003304_redis_feed8_rep1,redis,sb:events:n20:feed8:rep1,4c56934b-e378-47b7-ab3e-bbb0020b6770,3895113,338,20766481100,20766518700,1781307212987-0
concurrency_n20_20260613_003304_redis_feed8_rep1,redis,sb:events:n20:feed8:rep1,f9088193-a98b-4bba-9fbe-d552f7ac71df,3895060,339,20769210400,20769252600,1781307212989-0
concurrency_n20_20260613_003304_redis_feed8_rep1,redis,sb:events:n20:feed8:rep1,292b1cc0-d970-4adc-b041-bc6cb14ad9d9,3895060,339,20771372200,20771402000,1781307212991-0
concurrency_n20_20260613_003304_redis_feed8_rep1,redis,sb:events:n20:feed8:rep1,ac38a7a1-9763-4010-87b5-9d3065544d32,3895074,339,20772302300,20772324200,1781307212995-0
concurrency_n20_20260613_003304_redis_feed8_rep1,redis,sb:events:n20:feed8:rep1,56802d2d-99f2-4c75-b4d7-004588588d2c,3895074,339,20774085000,20774111300,1781307212998-0
concurrency_n20_20260613_003304_redis_feed8_rep1,redis,sb:events:n20:feed8:rep1,7ec5a9a4-706f-4c5c-995c-c9f12db2e446,3895107,339,20779061000,20779092600,1781307213001-0
concurrency_n20_20260613_003304_redis_feed8_rep1,redis,sb:events:n20:feed8:rep1,1d1c5374-b3eb-468f-9da5-5af9220eb450,3895052,339,20781064100,20781102500,1781307213007-0
concurrency_n20_20260613_003304_redis_feed8_rep1,redis,sb:events:n20:feed8:rep1,f7a5cf2b-d965-4472-9fb4-c60e51e5c022,3895052,339,20782292800,20782312600,1781307213008-0
concurrency_n20_20260613_003304_redis_feed8_rep1,redis,sb:events:n20:feed8:rep1,1ab0a8a0-fa36-4a32-ad9b-47e8d232fa3c,3895113,339,20783176000,20783196500,1781307213010-0
concurrency_n20_20260613_003304_redis_feed8_rep1,redis,sb:events:n20:feed8:rep1,3fc5fe2e-3bdf-439e-bd36-22673f035333,3895113,339,20784106500,20784127100,1781307213013-0
concurrency_n20_20260613_003304_redis_feed8_rep1,redis,sb:events:n20:feed8:rep1,619be4c6-1b66-4343-b511-77c8d4accad1,3895095,340,20784922500,20784941300,1781307213015-0
concurrency_n20_20260613_003304_redis_feed8_rep1,redis,sb:events:n20:feed8:rep1,30abf208-99e2-48ce-9275-6bd0e2464f17,3895095,340,20786111000,20786133600,1781307213017-0
concurrency_n20_20260613_003304_redis_feed8_rep1,redis,sb:events:n20:feed8:rep1,8d917c08-c9fe-4f63-bc22-561559374d74,3895095,340,20787031900,20787051000,1781307213021-0
concurrency_n20_20260613_003304_redis_feed8_rep1,redis,sb:events:n20:feed8:rep1,e45e8cef-7269-4a34-b5c0-85391def0cd5,3895121,340,20788166500,20788186900,1781307213022-0
concurrency_n20_20260613_003304_redis_feed8_rep1,redis,sb:events:n20:feed8:rep1,c18f2ed6-7147-4c77-8604-51467a34b94e,3895121,340,20789285800,20789334400,1781307213025-0
concurrency_n20_20260613_003304_redis_feed8_rep1,redis,sb:events:n20:feed8:rep1,6315f917-0392-4047-a531-351815a7f3c2,3895074,340,20794526400,20794552500,1781307213028-0
concurrency_n20_20260613_003304_redis_feed8_rep1,redis,sb:events:n20:feed8:rep1,04f0fd04-6938-4a74-b34f-246446b34e6f,3895107,340,20795855200,20795875700,1781307213042-0
concurrency_n20_20260613_003304_redis_feed8_rep1,redis,sb:events:n20:feed8:rep1,28b21554-0e4a-40a7-a625-27670feae735,3895107,340,20796884500,20796904200,1781307213044-0
concurrency_n20_20260613_003304_redis_feed8_rep1,redis,sb:events:n20:feed8:rep1,70bf7098-81a2-4770-834b-7961137bd220,3895095,341,20798123000,20798155500,1781307213045-0
concurrency_n20_20260613_003304_redis_feed8_rep1,redis,sb:events:n20:feed8:rep1,8eeb993f-688f-43d5-8593-152df535fab3,3895074,341,20802984300,20803010200,1781307213046-0
concurrency_n20_20260613_003304_redis_feed8_rep1,redis,sb:events:n20:feed8:rep1,af2d5851-36fb-46d0-8bb2-7054f40f9cae,3895107,341,20821328500,20821354100,1781307213047-0
concurrency_n20_20260613_003304_redis_feed8_rep1,redis,sb:events:n20:feed8:rep1,27eb449d-56f2-43bd-83c9-0bdf71bb3151,3895113,341,20823081300,20823113500,1781307213049-0
concurrency_n20_20260613_003304_redis_feed8_rep1,redis,sb:events:n20:feed8:rep1,84b15c49-2aaf-47a5-acf7-61997dab159e,3895113,341,20824114900,20824137600,1781307213050-0
concurrency_n20_20260613_003304_redis_feed8_rep1,redis,sb:events:n20:feed8:rep1,2820f118-4436-4b40-8647-e125058b983d,3895095,342,20825040100,20825063200,1781307213051-0
concurrency_n20_20260613_003304_redis_feed8_rep1,redis,sb:events:n20:feed8:rep1,ba034f24-f03d-40c0-8216-c23f872b2794,3895095,342,20826658500,20826682800,1781307213053-0
concurrency_n20_20260613_003304_redis_feed8_rep1,redis,sb:events:n20:feed8:rep1,7a467351-dc7a-4f62-afbc-7c01f1d6015c,3895095,342,20827710700,20827732300,1781307213056-0
concurrency_n20_20260613_003304_redis_feed8_rep1,redis,sb:events:n20:feed8:rep1,39c3916b-87ec-45b0-9dc4-2395e1a58e0c,3895060,342,20832716800,20832772800,1781307213057-0
concurrency_n20_20260613_003304_redis_feed8_rep1,redis,sb:events:n20:feed8:rep1,46040471-65f0-41da-b2bc-09c0c5be156e,3895107,342,20834056400,20834094800,1781307213058-0
concurrency_n20_20260613_003304_redis_feed8_rep1,redis,sb:events:n20:feed8:rep1,6eb9d313-b681-47e4-a14a-b20b839d7e40,3895107,342,20834758000,20834781800,1781307213060-0
concurrency_n20_20260613_003304_redis_feed8_rep1,redis,sb:events:n20:feed8:rep1,f2977f9a-ba34-4c67-86d8-6067ff494259,3895107,342,20836051100,20836074800,1781307213061-0
concurrency_n20_20260613_003304_redis_feed8_rep1,redis,sb:events:n20:feed8:rep1,bd856bdb-a742-4a57-ae94-4867e278a20d,3895134,342,20837137800,20837160800,1781307213063-0
concurrency_n20_20260613_003304_redis_feed8_rep1,redis,sb:events:n20:feed8:rep1,3d8b6373-3124-4614-8bd3-554f8545481c,3895113,342,20838527900,20838553200,1781307213064-0
concurrency_n20_20260613_003304_redis_feed8_rep1,redis,sb:events:n20:feed8:rep1,84384dad-f296-49c6-8022-beb4569da24c,3895060,343,20846891900,20846916300,1781307213069-0
concurrency_n20_20260613_003304_redis_feed8_rep1,redis,sb:events:n20:feed8:rep1,b35836c5-227c-4306-bb7f-6560ee476d9a,3895060,343,20848356000,20848383800,1781307213070-0
concurrency_n20_20260613_003304_redis_feed8_rep1,redis,sb:events:n20:feed8:rep1,ab008c7a-2b07-4eae-b099-954b9796e945,3895060,343,20849580200,20849606800,1781307213071-0
concurrency_n20_20260613_003304_redis_feed8_rep1,redis,sb:events:n20:feed8:rep1,2dee0337-4ec1-457b-b815-9d8a196054fa,3895074,343,20852754400,20852798900,1781307213074-0
concurrency_n20_20260613_003304_redis_feed8_rep1,redis,sb:events:n20:feed8:rep1,f41c6945-e298-4e35-a108-4bbed3e5b100,3895074,343,20858355400,20858383300,1781307213093-0
concurrency_n20_20260613_003304_redis_feed8_rep1,redis,sb:events:n20:feed8:rep1,419d604d-a424-4cae-a803-c460f1dc815f,3895074,343,20861536400,20861563600,1781307213095-0
concurrency_n20_20260613_003304_redis_feed8_rep1,redis,sb:events:n20:feed8:rep1,1d8551de-c1ee-4ca5-8d68-0f15eb98958f,3895107,343,20862449900,20862470100,1781307213097-0
concurrency_n20_20260613_003304_redis_feed8_rep1,redis,sb:events:n20:feed8:rep1,9babf8c5-67b9-439f-bd51-48d61e760b16,3895113,343,20867881300,20867960000,1781307213098-0
concurrency_n20_20260613_003304_redis_feed8_rep1,redis,sb:events:n20:feed8:rep1,9c55823d-4323-4766-861b-d238a3a85b03,3895113,343,20869747600,20869771000,1781307213100-0
concurrency_n20_20260613_003304_redis_feed8_rep1,redis,sb:events:n20:feed8:rep1,fd06eb44-3503-4922-b4b5-f3312ae79ae5,3895095,344,20872015000,20872067800,1781307213101-0
concurrency_n20_20260613_003304_redis_feed8_rep1,redis,sb:events:n20:feed8:rep1,72e371a5-8cb6-44a6-9b7e-d13440a95694,3895095,344,20873251600,20873273800,1781307213102-0
concurrency_n20_20260613_003304_redis_feed8_rep1,redis,sb:events:n20:feed8:rep1,79ca4247-889f-4683-a44c-3fa06bb50464,3895060,344,20874012800,20874052800,1781307213103-0
concurrency_n20_20260613_003304_redis_feed8_rep1,redis,sb:events:n20:feed8:rep1,36a8d13e-1f93-4d2b-8b45-c6838ef8ee76,3895060,344,20876020000,20876043800,1781307213110-0
concurrency_n20_20260613_003304_redis_feed8_rep1,redis,sb:events:n20:feed8:rep1,3c9f7726-9b68-4a96-a0fd-abca0df71e7c,3895107,344,20877952800,20877976800,1781307213111-0
concurrency_n20_20260613_003304_redis_feed8_rep1,redis,sb:events:n20:feed8:rep1,7f94ef98-b609-49bf-b69a-6c6c6fb25ce9,3895107,344,20879810700,20879838300,1781307213112-0
concurrency_n20_20260613_003304_redis_feed8_rep1,redis,sb:events:n20:feed8:rep1,1bc58959-c3b6-4947-98a4-bd2beed0d9a3,3895113,344,20883659900,20883682500,1781307213117-0
concurrency_n20_20260613_003304_redis_feed8_rep1,redis,sb:events:n20:feed8:rep1,2d9bc062-7203-4d6b-b97b-9dd70dd43533,3895113,344,20886350300,20886395100,1781307213120-0
concurrency_n20_20260613_003304_redis_feed8_rep1,redis,sb:events:n20:feed8:rep1,432ae0a0-c58e-4922-9d9c-e18b893e4943,3895095,345,20899380700,20899410700,1781307213122-0
concurrency_n20_20260613_003304_redis_feed8_rep1,redis,sb:events:n20:feed8:rep1,1591db9c-ff05-4166-bdd8-5aa39ba3b255,3895095,345,20901992600,20902016500,1781307213124-0
concurrency_n20_20260613_003304_redis_feed8_rep1,redis,sb:events:n20:feed8:rep1,a50f2ca1-6386-4b5f-96a4-88c212f1e059,3895107,345,20904283600,20904312500,1781307213125-0
concurrency_n20_20260613_003304_redis_feed8_rep1,redis,sb:events:n20:feed8:rep1,1145ec18-0385-4a9a-afa7-6af3fe19cc8d,3895134,345,20921414900,20921454200,1781307213131-0
concurrency_n20_20260613_003304_redis_feed8_rep1,redis,sb:events:n20:feed8:rep1,95ae91bc-578d-4b57-a36f-887eb4c66378,3895134,345,20940106000,20940135900,1781307213134-0
concurrency_n20_20260613_003304_redis_feed8_rep1,redis,sb:events:n20:feed8:rep1,ee9ea508-8f1e-4e9c-80d5-fa066cb16b25,3895113,345,20942035400,20942060000,1781307213136-0
concurrency_n20_20260613_003304_redis_feed8_rep1,redis,sb:events:n20:feed8:rep1,544cfa4b-c713-4a3c-a50b-70632e79ba7f,3895113,345,20946474800,20946503900,1781307213158-0
concurrency_n20_20260613_003304_redis_feed8_rep1,redis,sb:events:n20:feed8:rep1,75285962-3d92-4618-8457-28b7b780d192,3895107,346,20947920300,20947944200,1781307213160-0
concurrency_n20_20260613_003304_redis_feed8_rep1,redis,sb:events:n20:feed8:rep1,ac48dcc4-9c6a-4816-a531-4561b8da0ebb,3895107,346,20950174400,20950200200,1781307213172-0
concurrency_n20_20260613_003304_redis_feed8_rep1,redis,sb:events:n20:feed8:rep1,37acd007-1461-4018-98d9-9768ed35bffa,3895134,346,20952740800,20952769700,1781307213177-0
concurrency_n20_20260613_003304_redis_feed8_rep1,redis,sb:events:n20:feed8:rep1,0dd41e1b-acba-4aba-81bf-b1fcb066ec70,3895134,346,20954298800,20954327100,1781307213210-0
concurrency_n20_20260613_003304_redis_feed8_rep1,redis,sb:events:n20:feed8:rep1,ba3ff544-13c4-4a77-b3cf-fdc0569d4948,3895067,347,20956012700,20956040500,1781307213214-0
concurrency_n20_20260613_003304_redis_feed8_rep1,redis,sb:events:n20:feed8:rep1,9ebf1956-333d-441d-8340-a3d9b2efd2f2,3895107,347,20975587700,20975614400,1781307213216-0
concurrency_n20_20260613_003304_redis_feed8_rep1,redis,sb:events:n20:feed8:rep1,3f516b22-ee40-4efe-a6a4-6b76dec2ed43,3895052,347,20977106200,20977280200,1781307213217-0
concurrency_n20_20260613_003304_redis_feed8_rep1,redis,sb:events:n20:feed8:rep1,d0d2c9bb-b2d1-4329-8cce-d7c58282e975,3895086,347,20979534400,20979563700,1781307213219-0
concurrency_n20_20260613_003304_redis_feed8_rep1,redis,sb:events:n20:feed8:rep1,f1371f3b-05f3-4445-902c-d8f3bb1542fb,3895113,347,20982870700,20983486300,1781307213221-0
concurrency_n20_20260613_003304_redis_feed8_rep1,redis,sb:events:n20:feed8:rep1,d6ab8ba6-67c1-430b-8b9f-90523edc8bb8,3895095,348,20987505800,20987538300,1781307213222-0
concurrency_n20_20260613_003304_redis_feed8_rep1,redis,sb:events:n20:feed8:rep1,b45c1713-cdd8-4c1b-91dc-3a64d437ddfa,3895107,348,20989451700,20989474700,1781307213224-0
concurrency_n20_20260613_003304_redis_feed8_rep1,redis,sb:events:n20:feed8:rep1,8c3f9bee-a8a1-4e73-adce-38c5d8374870,3895107,348,20991421900,20991453700,1781307213229-0
concurrency_n20_20260613_003304_redis_feed8_rep1,redis,sb:events:n20:feed8:rep1,44ab001f-4d1d-4de1-b63c-e57d9d5f65d0,3895113,348,20995181000,20995347400,1781307213231-0
concurrency_n20_20260613_003304_redis_feed8_rep1,redis,sb:events:n20:feed8:rep1,77bb8929-ccb4-4d5f-bbe2-2f0cddd68551,3895113,348,20996420000,20996438400,1781307213248-0
concurrency_n20_20260613_003304_redis_feed8_rep1,redis,sb:events:n20:feed8:rep1,423b17a2-1559-4a45-93ec-63e0b06247d2,3895121,349,20999329600,20999355600,1781307213255-0
concurrency_n20_20260613_003304_redis_feed8_rep1,redis,sb:events:n20:feed8:rep1,6b13594f-1e9a-4e86-b054-5bf465657daf,3895074,349,21001083400,21001105900,1781307213256-0
concurrency_n20_20260613_003304_redis_feed8_rep1,redis,sb:events:n20:feed8:rep1,a375e4ce-c2a1-40cb-a345-67396467f5c0,3895107,349,21003180700,21003273600,1781307213258-0
concurrency_n20_20260613_003304_redis_feed8_rep1,redis,sb:events:n20:feed8:rep1,aa7bac1a-585b-4860-8a08-dccac94ceef6,3895052,349,21005845200,21005909600,1781307213260-0
concurrency_n20_20260613_003304_redis_feed8_rep1,redis,sb:events:n20:feed8:rep1,f5754023-5f50-4bb2-a974-a76618d41e73,3895086,349,21013779100,21013805300,1781307213261-0
concurrency_n20_20260613_003304_redis_feed8_rep1,redis,sb:events:n20:feed8:rep1,f7301563-b4ea-408d-a5ed-7512612d2757,3895086,349,21015875300,21015901700,1781307213263-0
concurrency_n20_20260613_003304_redis_feed8_rep1,redis,sb:events:n20:feed8:rep1,ce266724-c08b-403c-b604-2b4fa1ab5ad4,3895113,349,21031388500,21031425400,1781307213269-0
concurrency_n20_20260613_003304_redis_feed8_rep1,redis,sb:events:n20:feed8:rep1,2ea9d0ec-a028-47f0-a7d4-c19bac12e727,3895095,350,21049372000,21049439300,1781307213270-0
concurrency_n20_20260613_003304_redis_feed8_rep1,redis,sb:events:n20:feed8:rep1,531febc4-d1a2-4398-ac27-7c534bca2622,3895095,350,21052419600,21052446400,1781307213273-0
concurrency_n20_20260613_003304_redis_feed8_rep1,redis,sb:events:n20:feed8:rep1,44f62541-fa13-421a-883e-363593814133,3895121,350,21087893900,21087919700,1781307213275-0
concurrency_n20_20260613_003304_redis_feed8_rep1,redis,sb:events:n20:feed8:rep1,c5f5c5d8-0a54-458d-b298-0d47bbb405a1,3895121,350,21089751700,21089777400,1781307213276-0
concurrency_n20_20260613_003304_redis_feed8_rep1,redis,sb:events:n20:feed8:rep1,5a0e4337-083a-4631-8324-2a2ae7fb9736,3895067,350,21091229100,21091265600,1781307213278-0
concurrency_n20_20260613_003304_redis_feed8_rep1,redis,sb:events:n20:feed8:rep1,5095e9f2-b041-49a3-9ebb-54b9544ec710,3895067,350,21102807600,21102834300,1781307213287-0
concurrency_n20_20260613_003304_redis_feed8_rep1,redis,sb:events:n20:feed8:rep1,dbfe72ee-8e62-4ebe-b6c7-9217a53d5803,3895067,350,21104727400,21104755600,1781307213303-0
concurrency_n20_20260613_003304_redis_feed8_rep1,redis,sb:events:n20:feed8:rep1,900a039a-e94b-4b2f-8b24-47ca5923b12c,3895107,350,21106997900,21107022200,1781307213320-0
concurrency_n20_20260613_003304_redis_feed8_rep1,redis,sb:events:n20:feed8:rep1,013d2f57-a3d8-41b5-98c1-00a242e11384,3895107,350,21108972200,21108995300,1781307213322-0
concurrency_n20_20260613_003304_redis_feed8_rep1,redis,sb:events:n20:feed8:rep1,255d6e3d-7309-485e-ad7b-8fa794aa5b9e,3895052,350,21110325300,21110354200,1781307213324-0
concurrency_n20_20260613_003304_redis_feed8_rep1,redis,sb:events:n20:feed8:rep1,db882fff-09aa-47b4-9837-5eb7852c46cc,3895113,350,21114514100,21114541400,1781307213326-0
concurrency_n20_20260613_003304_redis_feed8_rep1,redis,sb:events:n20:feed8:rep1,8520ef69-be71-4c8e-8beb-cc29f4554038,3895113,350,21119471400,21119518100,1781307213359-0
concurrency_n20_20260613_003304_redis_feed8_rep1,redis,sb:events:n20:feed8:rep1,e636d562-f572-4462-a730-c3e48e5fc8dc,3895121,351,21121265200,21121286400,1781307213362-0
concurrency_n20_20260613_003304_redis_feed8_rep1,redis,sb:events:n20:feed8:rep1,929983a0-f737-483c-8ccc-c22dd0b4c758,3895121,351,21123539200,21123562400,1781307213364-0
concurrency_n20_20260613_003304_redis_feed8_rep1,redis,sb:events:n20:feed8:rep1,5d042596-1978-41d1-b07e-d438d6e68678,3895074,351,21159481400,21159514200,1781307213366-0
concurrency_n20_20260613_003304_redis_feed8_rep1,redis,sb:events:n20:feed8:rep1,a14133d0-1a67-4da3-bda8-b019d9a65546,3895074,351,21161671600,21161693600,1781307213379-0
concurrency_n20_20260613_003304_redis_feed8_rep1,redis,sb:events:n20:feed8:rep1,97373857-8573-46fe-8502-0ec9ec5dbafb,3895074,351,21165916900,21165942100,1781307213380-0
concurrency_n20_20260613_003304_redis_feed8_rep1,redis,sb:events:n20:feed8:rep1,92eec2ef-ec3f-42b8-8f5a-18fc3408c000,3895134,351,21168044400,21168073500,1781307213382-0
concurrency_n20_20260613_003304_redis_feed8_rep1,redis,sb:events:n20:feed8:rep1,0674a04b-50d5-4a36-b451-937df82b0b82,3895052,351,21169406800,21169430800,1781307213384-0
concurrency_n20_20260613_003304_redis_feed8_rep1,redis,sb:events:n20:feed8:rep1,9ee96fd8-7e6a-4530-99f7-e8fe35b831d6,3895052,351,21172536700,21172573100,1781307213386-0
concurrency_n20_20260613_003304_redis_feed8_rep1,redis,sb:events:n20:feed8:rep1,e6ea7a99-989a-4a27-bf9e-0eac58318c01,3895086,351,21175971400,21175994900,1781307213388-0
concurrency_n20_20260613_003304_redis_feed8_rep1,redis,sb:events:n20:feed8:rep1,f7e9fa20-5fb2-4d16-868d-a2506930f758,3895086,351,21176737700,21176753100,1781307213389-0
concurrency_n20_20260613_003304_redis_feed8_rep1,redis,sb:events:n20:feed8:rep1,808af9fa-4b11-4c37-96c7-ac81aabe7b00,3895086,351,21181253800,21181277800,1781307213391-0
concurrency_n20_20260613_003304_redis_feed8_rep1,redis,sb:events:n20:feed8:rep1,c4478270-22e1-4a2e-b21e-5e0def1a5ade,3895095,352,21182415100,21182461300,1781307213392-0
concurrency_n20_20260613_003304_redis_feed8_rep1,redis,sb:events:n20:feed8:rep1,0da76901-89e3-4054-96a5-ef5d4fdcd847,3895121,352,21183203200,21183222100,1781307213394-0
concurrency_n20_20260613_003304_redis_feed8_rep1,redis,sb:events:n20:feed8:rep1,4f41e8c4-02b8-40e7-9d40-2ce3a724fa72,3895121,352,21184201300,21184222100,1781307213430-0
concurrency_n20_20260613_003304_redis_feed8_rep1,redis,sb:events:n20:feed8:rep1,636679fa-6ff4-4b70-b8da-80c52344fd3e,3895067,352,21185095300,21185113000,1781307213434-0
concurrency_n20_20260613_003304_redis_feed8_rep1,redis,sb:events:n20:feed8:rep1,6cf92e59-803f-45c6-93a9-1af3645b6d04,3895067,352,21186690400,21186717700,1781307213438-0
concurrency_n20_20260613_003304_redis_feed8_rep1,redis,sb:events:n20:feed8:rep1,c8095c62-7453-463a-8f11-f45a07e2d6a1,3895067,352,21192509700,21192551900,1781307213444-0
concurrency_n20_20260613_003304_redis_feed8_rep1,redis,sb:events:n20:feed8:rep1,022b80dd-c3d4-496a-b9a1-13ec8f95ef16,3895074,352,21193766000,21193807400,1781307213445-0
concurrency_n20_20260613_003304_redis_feed8_rep1,redis,sb:events:n20:feed8:rep1,690ccf73-3c6e-4ca8-af6d-43e2cd71d9a4,3895121,353,21195069900,21195098500,1781307213446-0
concurrency_n20_20260613_003304_redis_feed8_rep1,redis,sb:events:n20:feed8:rep1,1ba2479a-3e74-4346-b068-44f45c8da8b3,3895074,353,21196401900,21196425700,1781307213448-0
concurrency_n20_20260613_003304_redis_feed8_rep1,redis,sb:events:n20:feed8:rep1,4b593dcb-bc9a-4b6b-b866-de06556e75ad,3895074,353,21200973100,21201001100,1781307213452-0
concurrency_n20_20260613_003304_redis_feed8_rep1,redis,sb:events:n20:feed8:rep1,5f4d249d-781d-4e55-93cd-45a93e706aa6,3895074,353,21203692300,21203716100,1781307213453-0
concurrency_n20_20260613_003304_redis_feed8_rep1,redis,sb:events:n20:feed8:rep1,c567a09c-23a2-41c2-9952-05e8de3b17f1,3895134,353,21205120400,21205151400,1781307213454-0
concurrency_n20_20260613_003304_redis_feed8_rep1,redis,sb:events:n20:feed8:rep1,0844a9d6-fbb5-4a26-8687-53ad754f56e7,3895134,353,21206088300,21206442900,1781307213460-0
concurrency_n20_20260613_003304_redis_feed8_rep1,redis,sb:events:n20:feed8:rep1,a3df59c8-cf02-4d37-bf5b-d2589fd3e6bf,3895086,353,21209516100,21209570800,1781307213462-0
concurrency_n20_20260613_003304_redis_feed8_rep1,redis,sb:events:n20:feed8:rep1,3d81beef-a8a3-49e4-b1bc-b3ac126fcc44,3895095,354,21210837000,21210860000,1781307213463-0
concurrency_n20_20260613_003304_redis_feed8_rep1,redis,sb:events:n20:feed8:rep1,1635501e-6069-489e-bc97-60be68d5acbf,3895095,354,21212388800,21212416100,1781307213469-0
concurrency_n20_20260613_003304_redis_feed8_rep1,redis,sb:events:n20:feed8:rep1,a2cf3355-33aa-42c4-b369-9e5258da011e,3895095,354,21213548600,21213575300,1781307213470-0
concurrency_n20_20260613_003304_redis_feed8_rep1,redis,sb:events:n20:feed8:rep1,0613d0f6-5512-4f13-8c54-69900aeffd4c,3895121,354,21216121600,21216142600,1781307213475-0
concurrency_n20_20260613_003304_redis_feed8_rep1,redis,sb:events:n20:feed8:rep1,4fcfcc60-392e-48ff-bfda-3738123b9b14,3895067,354,21218064600,21218091600,1781307213477-0
concurrency_n20_20260613_003304_redis_feed8_rep1,redis,sb:events:n20:feed8:rep1,3c9d821e-cd1d-40d8-b6cc-ebfdba7e3552,3895067,354,21219674900,21219697000,1781307213479-0
concurrency_n20_20260613_003304_redis_feed8_rep1,redis,sb:events:n20:feed8:rep1,9e467124-ed14-41b1-ae7c-83af31974e51,3895074,354,21220531800,21220552000,1781307213480-0
concurrency_n20_20260613_003304_redis_feed8_rep1,redis,sb:events:n20:feed8:rep1,dbd193b4-9436-4a57-930e-b83bcb5dda0b,3895074,354,21221195300,21221215700,1781307213482-0
concurrency_n20_20260613_003304_redis_feed8_rep1,redis,sb:events:n20:feed8:rep1,e505e81c-2a00-4469-b96d-4138c8795413,3895074,354,21225176800,21225208200,1781307213483-0
concurrency_n20_20260613_003304_redis_feed8_rep1,redis,sb:events:n20:feed8:rep1,05e5ad24-d023-49d2-aa5a-330e3c90ce62,3895134,354,21228678800,21228701200,1781307213486-0
concurrency_n20_20260613_003304_redis_feed8_rep1,redis,sb:events:n20:feed8:rep1,35bb4379-6293-40c4-8b6e-bded481be933,3895095,355,21246911300,21246937600,1781307213488-0
concurrency_n20_20260613_003304_redis_feed8_rep1,redis,sb:events:n20:feed8:rep1,0f08928d-929c-417d-9c32-4b22b7ff172f,3895095,355,21248479500,21248503400,1781307213489-0
concurrency_n20_20260613_003304_redis_feed8_rep1,redis,sb:events:n20:feed8:rep1,8b96b887-80a9-4a57-99dd-415b5e19a6a0,3895095,355,21250851800,21250875700,1781307213518-0
concurrency_n20_20260613_003304_redis_feed8_rep1,redis,sb:events:n20:feed8:rep1,11f82d11-f3aa-4650-9992-9dc2e6838811,3895067,355,21252340500,21252386500,1781307213521-0
concurrency_n20_20260613_003304_redis_feed8_rep1,redis,sb:events:n20:feed8:rep1,a14fbff7-c39f-4bca-9a3e-9f2af4f6d1c9,3895067,355,21253821200,21253845300,1781307213523-0
concurrency_n20_20260613_003304_redis_feed8_rep1,redis,sb:events:n20:feed8:rep1,da3669aa-68ba-4aa3-a220-6f073829d078,3895067,355,21256469400,21256509800,1781307213524-0
concurrency_n20_20260613_003304_redis_feed8_rep1,redis,sb:events:n20:feed8:rep1,8e9b56bf-c9eb-4d50-a829-b70de02f7adb,3895134,355,21258671300,21258738900,1781307213526-0
concurrency_n20_20260613_003304_redis_feed8_rep1,redis,sb:events:n20:feed8:rep1,c9545898-f161-4c9d-9a0b-8793de625bcc,3895134,355,21260045700,21260109800,1781307213527-0
concurrency_n20_20260613_003304_redis_feed8_rep1,redis,sb:events:n20:feed8:rep1,0f0946e2-9309-4794-87fe-89df747a3e6d,3895086,355,21261233000,21261254600,1781307213528-0
concurrency_n20_20260613_003304_redis_feed8_rep1,redis,sb:events:n20:feed8:rep1,cd3f2d0a-aeb3-4b34-a0f2-3eb12e54bd55,3895086,355,21263129200,21263152800,1781307213532-0
concurrency_n20_20260613_003304_redis_feed8_rep1,redis,sb:events:n20:feed8:rep1,67d749a9-d258-4ad4-ac55-609ba90cf84c,3895113,355,21265213600,21265239200,1781307213534-0
concurrency_n20_20260613_003304_redis_feed8_rep1,redis,sb:events:n20:feed8:rep1,abfe23c2-ade5-4f19-9243-c42bc6acc499,3895095,356,21267158000,21267195100,1781307213535-0
concurrency_n20_20260613_003304_redis_feed8_rep1,redis,sb:events:n20:feed8:rep1,6ac4f18d-3142-4279-ad27-1b5c1f29213c,3895095,356,21270298600,21270320900,1781307213537-0
concurrency_n20_20260613_003304_redis_feed8_rep1,redis,sb:events:n20:feed8:rep1,958d8eff-6600-41d0-b547-651815753987,3895095,356,21271629400,21271673800,1781307213539-0
concurrency_n20_20260613_003304_redis_feed8_rep1,redis,sb:events:n20:feed8:rep1,5ed9a389-42e1-4784-be3d-4cbebb664292,3895095,356,21284551100,21284580300,1781307213542-0
concurrency_n20_20260613_003304_redis_feed8_rep1,redis,sb:events:n20:feed8:rep1,ecdc4eb5-081e-4867-970a-cfe7e3dec346,3895121,356,21286600500,21286644400,1781307213555-0
concurrency_n20_20260613_003304_redis_feed8_rep1,redis,sb:events:n20:feed8:rep1,38505484-d1c7-4960-896e-5776910748bc,3895121,356,21287434800,21287487900,1781307213557-0
concurrency_n20_20260613_003304_redis_feed8_rep1,redis,sb:events:n20:feed8:rep1,cc9e27ee-245f-4af1-a5bb-614ae8d6c057,3895121,356,21288913900,21288938200,1781307213562-0
concurrency_n20_20260613_003304_redis_feed8_rep1,redis,sb:events:n20:feed8:rep1,ead79ea4-823f-4a03-8f36-d2982bb018e2,3895067,356,21293244000,21293281500,1781307213563-0
concurrency_n20_20260613_003304_redis_feed8_rep1,redis,sb:events:n20:feed8:rep1,00f2c51f-ecac-4106-968a-1cce717d6a91,3895074,356,21294349600,21294371200,1781307213564-0
concurrency_n20_20260613_003304_redis_feed8_rep1,redis,sb:events:n20:feed8:rep1,ba2388ef-4130-4f6e-81f1-ea3241225526,3895074,356,21295536300,21295558500,1781307213565-0
concurrency_n20_20260613_003304_redis_feed8_rep1,redis,sb:events:n20:feed8:rep1,152698ea-6ce8-4b88-9161-24663669ee93,3895134,356,21299370200,21299396700,1781307213569-0
concurrency_n20_20260613_003304_redis_feed8_rep1,redis,sb:events:n20:feed8:rep1,a2877987-23c1-4047-b18d-b2e9a7a16eaa,3895134,356,21300578000,21300599800,1781307213570-0
concurrency_n20_20260613_003304_redis_feed8_rep1,redis,sb:events:n20:feed8:rep1,f860c0f1-35fa-4b68-bae2-0b3826695770,3895095,357,21303353600,21303375900,1781307213572-0
concurrency_n20_20260613_003304_redis_feed8_rep1,redis,sb:events:n20:feed8:rep1,dfda4064-2960-4520-ba52-9ed4894ac590,3895121,357,21305333800,21305356100,1781307213574-0
concurrency_n20_20260613_003304_redis_feed8_rep1,redis,sb:events:n20:feed8:rep1,214c184b-01af-4b15-a374-02e2b44b5e63,3895074,357,21307310900,21307332700,1781307213575-0
concurrency_n20_20260613_003304_redis_feed8_rep1,redis,sb:events:n20:feed8:rep1,6cbd006a-52e4-4a4c-93c1-c5704aeb8549,3895052,357,21309507700,21309528700,1781307213577-0
concurrency_n20_20260613_003304_redis_feed8_rep1,redis,sb:events:n20:feed8:rep1,c0007622-67a8-466c-9108-c712e65fe291,3895113,357,21310407000,21310424500,1781307213579-0
concurrency_n20_20260613_003304_redis_feed8_rep1,redis,sb:events:n20:feed8:rep1,0281400d-53a7-4dc7-a6b8-99471e9c4ecb,3895113,357,21312233800,21312264200,1781307213581-0
concurrency_n20_20260613_003304_redis_feed8_rep1,redis,sb:events:n20:feed8:rep1,ce9db25a-5fec-4547-8526-61c3141c4d0d,3895067,358,21313319300,21313443800,1781307213583-0
concurrency_n20_20260613_003304_redis_feed8_rep1,redis,sb:events:n20:feed8:rep1,3aab850c-1a11-4641-bf19-c6c5f966abb3,3895067,358,21316687500,21316709300,1781307213584-0
concurrency_n20_20260613_003304_redis_feed8_rep1,redis,sb:events:n20:feed8:rep1,edf1a557-c2a7-42cc-ae0f-78d824ad78ca,3895052,358,21318361600,21318396100,1781307213586-0
concurrency_n20_20260613_003304_redis_feed8_rep1,redis,sb:events:n20:feed8:rep1,60b08e8c-3c15-4d30-8ebb-c5f83e449d83,3895052,358,21319611000,21319643000,1781307213588-0
concurrency_n20_20260613_003304_redis_feed8_rep1,redis,sb:events:n20:feed8:rep1,de72c156-22fc-4732-889a-d7c7e5f73bdc,3895052,358,21323449900,21323475300,1781307213591-0
concurrency_n20_20260613_003304_redis_feed8_rep1,redis,sb:events:n20:feed8:rep1,28cf5ab9-fc42-47ce-ae7c-43a10aba3bcc,3895134,358,21324915500,21324942200,1781307213593-0
concurrency_n20_20260613_003304_redis_feed8_rep1,redis,sb:events:n20:feed8:rep1,0e144e45-eed9-4c1f-b16e-f7fd087181a9,3895086,358,21325995700,21326021200,1781307213594-0
concurrency_n20_20260613_003304_redis_feed8_rep1,redis,sb:events:n20:feed8:rep1,245d3f1d-83b4-4ba5-899a-a743f64dc044,3895113,358,21328791200,21328815300,1781307213602-0
concurrency_n20_20260613_003304_redis_feed8_rep1,redis,sb:events:n20:feed8:rep1,f8786ba2-27cb-40e0-bd36-0bff4387846e,3895134,359,21354272900,21354300500,1781307213622-0
concurrency_n20_20260613_003304_redis_feed8_rep1,redis,sb:events:n20:feed8:rep1,f9c3a117-027a-43e5-9189-2884e85151bf,3895134,359,21355475200,21355495200,1781307213624-0
concurrency_n20_20260613_003304_redis_feed8_rep1,redis,sb:events:n20:feed8:rep1,f9627c67-19a0-4814-94b7-cca3d3e36e1e,3895086,359,21357971200,21358003100,1781307213628-0
concurrency_n20_20260613_003304_redis_feed8_rep1,redis,sb:events:n20:feed8:rep1,0fa3e9fc-8f59-4d93-ad54-9dafec6fe2cb,3895086,359,21363081000,21363188900,1781307213629-0
concurrency_n20_20260613_003304_redis_feed8_rep1,redis,sb:events:n20:feed8:rep1,e20fe4de-bcb4-4354-a27d-c27fe5b54a9c,3895086,359,21367582700,21367610700,1781307213631-0
concurrency_n20_20260613_003304_redis_feed8_rep1,redis,sb:events:n20:feed8:rep1,02992e62-fe65-4047-a654-9d393d3e5e92,3895086,359,21373421600,21373447300,1781307213634-0
concurrency_n20_20260613_003304_redis_feed8_rep1,redis,sb:events:n20:feed8:rep1,60bce52d-2353-40d5-986f-2f7e0c049878,3895113,359,21379884200,21380105900,1781307213636-0
concurrency_n20_20260613_003304_redis_feed8_rep1,redis,sb:events:n20:feed8:rep1,2fe9d024-0f17-41f3-83f8-fbca099420c4,3895113,359,21381319900,21381341600,1781307213638-0
concurrency_n20_20260613_003304_redis_feed8_rep1,redis,sb:events:n20:feed8:rep1,8babaa5e-85a6-4d8b-964c-b66c4119fcd6,3895113,359,21382729300,21382751500,1781307213641-0
concurrency_n20_20260613_003304_redis_feed8_rep1,redis,sb:events:n20:feed8:rep1,355b7db0-1547-4fc3-82b8-5c15b55cf280,3895095,360,21383930700,21383952800,1781307213644-0
concurrency_n20_20260613_003304_redis_feed8_rep1,redis,sb:events:n20:feed8:rep1,cff91afe-1d5c-4f6f-8895-e785eced2820,3895095,360,21386314000,21386344600,1781307213646-0
concurrency_n20_20260613_003304_redis_feed8_rep1,redis,sb:events:n20:feed8:rep1,ee92e12e-f23a-4761-a845-0961fa9055f1,3895121,360,21389946400,21389973500,1781307213650-0
concurrency_n20_20260613_003304_redis_feed8_rep1,redis,sb:events:n20:feed8:rep1,f313c992-04cf-4ac8-9bab-46a71fb7d6f0,3895121,360,21398283400,21398318800,1781307213656-0
concurrency_n20_20260613_003304_redis_feed8_rep1,redis,sb:events:n20:feed8:rep1,6e770056-0d66-4c82-9be5-1b5ca3bc8fea,3895052,360,21400712700,21400870900,1781307213659-0
concurrency_n20_20260613_003304_redis_feed8_rep1,redis,sb:events:n20:feed8:rep1,ee281be8-1568-4ee1-9896-2779797d84ae,3895052,360,21403296400,21403319100,1781307213660-0
concurrency_n20_20260613_003304_redis_feed8_rep1,redis,sb:events:n20:feed8:rep1,282d6fe5-de30-4959-b323-4b5e8779ac01,3895134,360,21407926500,21407966300,1781307213662-0
concurrency_n20_20260613_003304_redis_feed8_rep1,redis,sb:events:n20:feed8:rep1,2dfda464-8059-45fd-b9f3-c98ea63a12e8,3895067,361,21409006200,21409028600,1781307213670-0
concurrency_n20_20260613_003304_redis_feed8_rep1,redis,sb:events:n20:feed8:rep1,f1c2c38d-0bf7-48c9-812b-59135e52e6c2,3895074,361,21410417700,21410441700,1781307213672-0
concurrency_n20_20260613_003304_redis_feed8_rep1,redis,sb:events:n20:feed8:rep1,e00464cd-75d7-4ead-b904-c7236b444d70,3895134,361,21411400900,21411420000,1781307213674-0
concurrency_n20_20260613_003304_redis_feed8_rep1,redis,sb:events:n20:feed8:rep1,5007fa57-f4c9-4e85-a5f9-f8b74f1ec2e8,3895134,361,21412997800,21413018300,1781307213679-0
concurrency_n20_20260613_003304_redis_feed8_rep1,redis,sb:events:n20:feed8:rep1,3476ed98-2de1-4af9-ae70-98e661dce747,3895086,361,21414196400,21414216700,1781307213680-0
concurrency_n20_20260613_003304_redis_feed8_rep1,redis,sb:events:n20:feed8:rep1,36860fee-d690-4a82-92c1-2ce4512541be,3895086,361,21415025000,21415097800,1781307213681-0
concurrency_n20_20260613_003304_redis_feed8_rep1,redis,sb:events:n20:feed8:rep1,a463ae1e-6b26-4133-9944-dced564e7662,3895086,361,21416448500,21416472200,1781307213685-0
concurrency_n20_20260613_003304_redis_feed8_rep1,redis,sb:events:n20:feed8:rep1,3b117be0-886b-41b1-acc0-2a795d50b148,3895113,361,21419030100,21419064700,1781307213687-0
concurrency_n20_20260613_003304_redis_feed8_rep1,redis,sb:events:n20:feed8:rep1,c20ec538-b95e-4fde-bd21-1e0819073174,3895113,361,21425268300,21425432600,1781307213688-0
concurrency_n20_20260613_003304_redis_feed8_rep1,redis,sb:events:n20:feed8:rep1,08dca067-1875-49e1-8696-b36931d5a065,3895113,361,21426850000,21426871500,1781307213693-0
concurrency_n20_20260613_003304_redis_feed8_rep1,redis,sb:events:n20:feed8:rep1,defd9a85-07d2-45a1-bed5-12073c366a13,3895095,362,21427672000,21427693100,1781307213695-0
concurrency_n20_20260613_003304_redis_feed8_rep1,redis,sb:events:n20:feed8:rep1,9046d726-2398-4328-8011-506c88d8080f,3895095,362,21430233100,21430258400,1781307213697-0
concurrency_n20_20260613_003304_redis_feed8_rep1,redis,sb:events:n20:feed8:rep1,fb619b46-3deb-488a-bd9d-be13628389f9,3895074,362,21431568200,21431591200,1781307213698-0
concurrency_n20_20260613_003304_redis_feed8_rep1,redis,sb:events:n20:feed8:rep1,7abf4506-6455-4e0b-8802-01f2dfa27e88,3895074,362,21432928800,21432950900,1781307213699-0
concurrency_n20_20260613_003304_redis_feed8_rep1,redis,sb:events:n20:feed8:rep1,c67a22ed-5cd6-42ad-999c-652ccca43f74,3895074,362,21434130000,21434174300,1781307213700-0
concurrency_n20_20260613_003304_redis_feed8_rep1,redis,sb:events:n20:feed8:rep1,aa8f36fc-cb33-4568-b372-7c1c883c17a0,3895052,362,21434892300,21434909100,1781307213703-0
concurrency_n20_20260613_003304_redis_feed8_rep1,redis,sb:events:n20:feed8:rep1,8458aa78-520c-4345-b04f-b85b35a96d00,3895121,363,21439524700,21439553600,1781307213704-0
concurrency_n20_20260613_003304_redis_feed8_rep1,redis,sb:events:n20:feed8:rep1,f6135718-1c31-45cb-893b-113626a17b67,3895121,363,21441634500,21441655600,1781307213705-0
concurrency_n20_20260613_003304_redis_feed8_rep1,redis,sb:events:n20:feed8:rep1,0fffe00c-e44e-4e93-8a65-20e01cf8f43c,3895121,363,21444695400,21444736900,1781307213711-0
concurrency_n20_20260613_003304_redis_feed8_rep1,redis,sb:events:n20:feed8:rep1,2e0ee3af-b22d-44f1-9021-f28ef06bac68,3895052,363,21448624000,21448648600,1781307213715-0
concurrency_n20_20260613_003304_redis_feed8_rep1,redis,sb:events:n20:feed8:rep1,ad40b95f-3d3b-4c06-94f6-a8ccc28c9854,3895052,363,21451159300,21451184600,1781307213716-0
concurrency_n20_20260613_003304_redis_feed8_rep1,redis,sb:events:n20:feed8:rep1,1974342f-bb31-4283-bc10-0840f8cebf69,3895052,363,21453700600,21453726200,1781307213718-0
concurrency_n20_20260613_003304_redis_feed8_rep1,redis,sb:events:n20:feed8:rep1,c113e55e-e19b-4e04-a5ab-a22df4b23459,3895052,363,21455223600,21455248300,1781307213720-0
concurrency_n20_20260613_003304_redis_feed8_rep1,redis,sb:events:n20:feed8:rep1,fcafc7bc-afa4-4766-8fc6-ce4a1355cff6,3895134,363,21471071200,21471098800,1781307213723-0
concurrency_n20_20260613_003304_redis_feed8_rep1,redis,sb:events:n20:feed8:rep1,57a5e193-63f6-469f-9df6-5e044744d3ae,3895095,364,21472415400,21472440700,1781307213725-0
concurrency_n20_20260613_003304_redis_feed8_rep1,redis,sb:events:n20:feed8:rep1,475c8a17-3068-489b-bfc4-5590d9df9115,3895067,364,21474098500,21474123000,1781307213727-0
concurrency_n20_20260613_003304_redis_feed8_rep1,redis,sb:events:n20:feed8:rep1,7c01b171-f84a-496c-8a7e-a693249c1a76,3895067,364,21475770900,21475796200,1781307213729-0
concurrency_n20_20260613_003304_redis_feed8_rep1,redis,sb:events:n20:feed8:rep1,d53c3462-aa56-4d95-ab95-6ee2d4f78636,3895067,364,21478739100,21478764100,1781307213730-0
concurrency_n20_20260613_003304_redis_feed8_rep1,redis,sb:events:n20:feed8:rep1,aa6ed303-203b-4646-bbbd-87b7c7567e99,3895095,365,21512480100,21512506700,1781307213782-0
concurrency_n20_20260613_003304_redis_feed8_rep1,redis,sb:events:n20:feed8:rep1,c218797c-605e-41c4-815a-49f6c92710a0,3895121,365,21515875200,21515919800,1781307213786-0
concurrency_n20_20260613_003304_redis_feed8_rep1,redis,sb:events:n20:feed8:rep1,f385f689-9a82-413a-8faa-3518eafa39fc,3895067,365,21517153800,21517278400,1781307213789-0
concurrency_n20_20260613_003304_redis_feed8_rep1,redis,sb:events:n20:feed8:rep1,8245ac64-0941-4583-8527-e3465503a2d2,3895067,365,21519957800,21519979500,1781307213791-0
concurrency_n20_20260613_003304_redis_feed8_rep1,redis,sb:events:n20:feed8:rep1,d92d6a0f-6b31-445d-bb13-06669032372a,3895067,365,21522364100,21522385900,1781307213796-0
concurrency_n20_20260613_003304_redis_feed8_rep1,redis,sb:events:n20:feed8:rep1,ab665f76-99ca-4836-8208-121ace3a0685,3895052,365,21526055700,21526077800,1781307213797-0
concurrency_n20_20260613_003304_redis_feed8_rep1,redis,sb:events:n20:feed8:rep1,f05ae67b-ba63-4783-95b3-688a540c5078,3895134,365,21528391000,21528460400,1781307213798-0
concurrency_n20_20260613_003304_redis_feed8_rep1,redis,sb:events:n20:feed8:rep1,83ee5950-879e-4b5b-a3ab-55af02fe066b,3895052,365,21532260500,21532289900,1781307213802-0
concurrency_n20_20260613_003304_redis_feed8_rep1,redis,sb:events:n20:feed8:rep1,abbce176-8471-4308-be88-7b7f67194b90,3895134,365,21533321700,21533348600,1781307213803-0
concurrency_n20_20260613_003304_redis_feed8_rep1,redis,sb:events:n20:feed8:rep1,e229d5e9-5dd7-4fde-9e62-25288d6862d7,3895052,365,21538156100,21538239500,1781307213805-0
concurrency_n20_20260613_003304_redis_feed8_rep1,redis,sb:events:n20:feed8:rep1,803d2e4e-c874-402b-9778-cb7c43eb4c55,3895086,365,21547459600,21547486900,1781307213810-0
concurrency_n20_20260613_003304_redis_feed8_rep1,redis,sb:events:n20:feed8:rep1,9bb8e38d-808c-4dfa-abb7-f24dfebd0f5d,3895095,366,21549988700,21550013500,1781307213812-0
concurrency_n20_20260613_003304_redis_feed8_rep1,redis,sb:events:n20:feed8:rep1,8107f240-4dbe-4fe7-ad48-93fca7e8dccd,3895095,366,21551053300,21551078200,1781307213820-0
concurrency_n20_20260613_003304_redis_feed8_rep1,redis,sb:events:n20:feed8:rep1,aa3112e8-fe93-4048-bae7-656e1ac9a0f7,3895095,366,21569044300,21569069100,1781307213824-0
concurrency_n20_20260613_003304_redis_feed8_rep1,redis,sb:events:n20:feed8:rep1,a08da14c-b402-45bf-a056-0626fa147733,3895121,366,21570361400,21570385100,1781307213836-0
concurrency_n20_20260613_003304_redis_feed8_rep1,redis,sb:events:n20:feed8:rep1,0a81a309-97a3-42d6-91df-5970e7617f64,3895121,366,21580732200,21580757900,1781307213840-0
concurrency_n20_20260613_003304_redis_feed8_rep1,redis,sb:events:n20:feed8:rep1,34f93cf9-a769-4297-a5ff-65410e72d129,3895067,366,21598603200,21598630000,1781307213843-0
concurrency_n20_20260613_003304_redis_feed8_rep1,redis,sb:events:n20:feed8:rep1,f572920c-db84-4f48-babc-194aaa3cac82,3895074,366,21599573400,21599594500,1781307213852-0
concurrency_n20_20260613_003304_redis_feed8_rep1,redis,sb:events:n20:feed8:rep1,04a1bfd3-78af-4e6c-b124-35ef8ce074e9,3895086,366,21600478900,21600502100,1781307213855-0
concurrency_n20_20260613_003304_redis_feed8_rep1,redis,sb:events:n20:feed8:rep1,0303ae29-dbf7-4fd3-b642-97ac481b14b2,3895086,366,21601250100,21601293000,1781307213856-0
concurrency_n20_20260613_003304_redis_feed8_rep1,redis,sb:events:n20:feed8:rep1,25665bb7-e078-4cf2-a78c-6798a1b432b3,3895113,366,21605704400,21605729700,1781307213857-0
concurrency_n20_20260613_003304_redis_feed8_rep1,redis,sb:events:n20:feed8:rep1,77f5dcc3-af4b-4fd8-8f8d-0777b8770ea8,3895095,367,21607465600,21607492900,1781307213858-0
concurrency_n20_20260613_003304_redis_feed8_rep1,redis,sb:events:n20:feed8:rep1,4dc1fbff-0da5-424f-968b-6758cfc38998,3895095,367,21609658200,21609680100,1781307213863-0
concurrency_n20_20260613_003304_redis_feed8_rep1,redis,sb:events:n20:feed8:rep1,36ba40fc-787a-418b-ad61-d505ce2c71e5,3895095,367,21611474300,21611499000,1781307213864-0
concurrency_n20_20260613_003304_redis_feed8_rep1,redis,sb:events:n20:feed8:rep1,5a39d9bb-54a4-4e59-a832-18f44f9458c4,3895134,367,21612876100,21612895800,1781307213866-0
concurrency_n20_20260613_003304_redis_feed8_rep1,redis,sb:events:n20:feed8:rep1,14fdaead-f14c-4958-bcb0-8ea822d3f0a8,3895052,367,21616359600,21616384900,1781307213875-0
concurrency_n20_20260613_003304_redis_feed8_rep1,redis,sb:events:n20:feed8:rep1,f2477d52-6b97-4a85-8c6a-3b4e1f186aa9,3895052,367,21618650400,21618681100,1781307213876-0
concurrency_n20_20260613_003304_redis_feed8_rep1,redis,sb:events:n20:feed8:rep1,df0eb700-15c2-427d-a67c-710a8be37b0a,3895052,367,21620619800,21620650800,1781307213877-0
concurrency_n20_20260613_003304_redis_feed8_rep1,redis,sb:events:n20:feed8:rep1,443e9fed-714c-4727-aa02-cedc2fed2a87,3895052,367,21622095900,21622121300,1781307213881-0
concurrency_n20_20260613_003304_redis_feed8_rep1,redis,sb:events:n20:feed8:rep1,9c6bef32-1d99-4f9f-9233-980c0effc9d1,3895113,367,21623337900,21623363000,1781307213884-0
concurrency_n20_20260613_003304_redis_feed8_rep1,redis,sb:events:n20:feed8:rep1,e6aaae8f-cc64-4a1e-9ed4-c11813507a32,3895113,367,21624952000,21625040000,1781307213887-0
concurrency_n20_20260613_003304_redis_feed8_rep1,redis,sb:events:n20:feed8:rep1,55a8c04b-ceb9-44e3-a929-fddea73ca539,3895121,368,21627415300,21627436400,1781307213890-0
concurrency_n20_20260613_003304_redis_feed8_rep1,redis,sb:events:n20:feed8:rep1,c995df46-c590-45dc-9b8a-77269c43e026,3895067,368,21628738500,21628761600,1781307213892-0
concurrency_n20_20260613_003304_redis_feed8_rep1,redis,sb:events:n20:feed8:rep1,d9a06969-8cbe-4619-ac56-d579d96188fa,3895067,368,21630375600,21630398400,1781307213894-0
concurrency_n20_20260613_003304_redis_feed8_rep1,redis,sb:events:n20:feed8:rep1,fc89167c-5a5b-4d70-85dd-0616e064977b,3895074,368,21631484300,21631511900,1781307213899-0
concurrency_n20_20260613_003304_redis_feed8_rep1,redis,sb:events:n20:feed8:rep1,85005578-a06a-4bbf-a829-51937d023399,3895067,368,21632689100,21632716200,1781307213900-0
concurrency_n20_20260613_003304_redis_feed8_rep1,redis,sb:events:n20:feed8:rep1,ff1e7593-114f-40ac-864b-7d9c44a10b48,3895074,368,21634852800,21634915800,1781307213904-0
concurrency_n20_20260613_003304_redis_feed8_rep1,redis,sb:events:n20:feed8:rep1,d8d6b943-1c91-4dbf-8478-a742da56061e,3895067,368,21636168400,21636758200,1781307213905-0
concurrency_n20_20260613_003304_redis_feed8_rep1,redis,sb:events:n20:feed8:rep1,fe3af60c-cbca-424f-9c90-a1d39d1548e2,3895074,368,21652273200,21652338900,1781307213906-0
concurrency_n20_20260613_003304_redis_feed8_rep1,redis,sb:events:n20:feed8:rep1,a8b15306-09d6-4a4b-8cd3-251a4f8ce9ab,3895074,368,21660387700,21660411700,1781307213909-0
concurrency_n20_20260613_003304_redis_feed8_rep1,redis,sb:events:n20:feed8:rep1,1259faac-d03e-43b5-97b1-14c47407d22b,3895134,368,21663604700,21663639100,1781307213924-0
concurrency_n20_20260613_003304_redis_feed8_rep1,redis,sb:events:n20:feed8:rep1,8948643b-6692-4135-922f-5d8da3218a49,3895134,368,21666709700,21666734700,1781307213927-0
concurrency_n20_20260613_003304_redis_feed8_rep1,redis,sb:events:n20:feed8:rep1,9b1b6a91-9074-4e6b-afbe-bb2972ea26e6,3895052,368,21669189900,21669362600,1781307213933-0
concurrency_n20_20260613_003304_redis_feed8_rep1,redis,sb:events:n20:feed8:rep1,5eb7c87e-b040-4122-89a4-8e5c755f3000,3895052,368,21673774400,21673803100,1781307213935-0
concurrency_n20_20260613_003304_redis_feed8_rep1,redis,sb:events:n20:feed8:rep1,0eaa22f8-78fb-4e26-b068-64a2f91ad649,3895113,368,21676333800,21676363000,1781307213940-0
concurrency_n20_20260613_003304_redis_feed8_rep1,redis,sb:events:n20:feed8:rep1,d01804e0-7a01-4f45-b5af-c379d27bd346,3895095,369,21715717600,21715870600,1781307213943-0
concurrency_n20_20260613_003304_redis_feed8_rep1,redis,sb:events:n20:feed8:rep1,b709a327-28ff-4614-9d18-f2442ad7f53c,3895095,369,21717270600,21717291400,1781307213945-0
concurrency_n20_20260613_003304_redis_feed8_rep1,redis,sb:events:n20:feed8:rep1,62112ae9-9ee5-4686-bf54-53ebb4743c91,3895121,369,21721711700,21721731200,1781307213949-0
concurrency_n20_20260613_003304_redis_feed8_rep1,redis,sb:events:n20:feed8:rep1,1f27409b-0a6d-4107-8ab5-82c6a18e52e3,3895121,369,21723332700,21723355000,1781307213988-0
concurrency_n20_20260613_003304_redis_feed8_rep1,redis,sb:events:n20:feed8:rep1,e02e9d6a-4918-4c04-8e0a-195785fda561,3895052,369,21726899600,21726935500,1781307213992-0
concurrency_n20_20260613_003304_redis_feed8_rep1,redis,sb:events:n20:feed8:rep1,bce128c2-63ca-463b-811c-cdfd5182984b,3895052,369,21728393600,21728419000,1781307213994-0
concurrency_n20_20260613_003304_redis_feed8_rep1,redis,sb:events:n20:feed8:rep1,fe72babe-e86a-4794-bbe4-f35c4d1e6349,3895095,370,21730187600,21730212300,1781307213999-0
concurrency_n20_20260613_003304_redis_feed8_rep1,redis,sb:events:n20:feed8:rep1,3bd1382b-ec25-44b9-bba4-68f65f38e751,3895095,370,21730885600,21730905100,1781307214001-0
concurrency_n20_20260613_003304_redis_feed8_rep1,redis,sb:events:n20:feed8:rep1,204e574d-34db-40d4-94fa-5cda08b23cbc,3895067,370,21732728700,21732765900,1781307214003-0
concurrency_n20_20260613_003304_redis_feed8_rep1,redis,sb:events:n20:feed8:rep1,7d3ac006-672b-4312-95f9-cbc07e976f43,3895067,370,21738779300,21738803500,1781307214006-0
concurrency_n20_20260613_003304_redis_feed8_rep1,redis,sb:events:n20:feed8:rep1,3c418e17-ce78-4e39-be5a-9d5f2124d399,3895134,370,21741077400,21741106500,1781307214009-0
concurrency_n20_20260613_003304_redis_feed8_rep1,redis,sb:events:n20:feed8:rep1,8306ea5b-2ee8-4812-b799-41913d44b2d0,3895052,370,21743550000,21743581700,1781307214011-0
concurrency_n20_20260613_003304_redis_feed8_rep1,redis,sb:events:n20:feed8:rep1,b4c8f2ae-5d72-4df5-ab35-fb6455914eed,3895113,370,21744385900,21744409000,1781307214014-0
concurrency_n20_20260613_003304_redis_feed8_rep1,redis,sb:events:n20:feed8:rep1,152aff8a-d807-4461-97c3-32865a36d63f,3895113,370,21745266800,21745287800,1781307214016-0
concurrency_n20_20260613_003304_redis_feed8_rep1,redis,sb:events:n20:feed8:rep1,39feeba9-f657-4284-9a2e-72815b563c01,3895113,370,21746481500,21746537000,1781307214017-0
concurrency_n20_20260613_003304_redis_feed8_rep1,redis,sb:events:n20:feed8:rep1,f1170d94-0863-46a8-8e12-8b316a98432b,3895095,371,21750270800,21750295700,1781307214018-0
concurrency_n20_20260613_003304_redis_feed8_rep1,redis,sb:events:n20:feed8:rep1,7576cc35-66f1-4ce3-a65f-979215f77c67,3895121,371,21752804100,21752832600,1781307214019-0
concurrency_n20_20260613_003304_redis_feed8_rep1,redis,sb:events:n20:feed8:rep1,84e9cd8e-063f-4f6c-ae7a-0f906056989b,3895107,371,21754302900,21754328600,1781307214021-0
concurrency_n20_20260613_003304_redis_feed8_rep1,redis,sb:events:n20:feed8:rep1,d76eb5df-841c-4e79-9020-b73bf863e897,3895052,371,21756798300,21756825300,1781307214023-0
concurrency_n20_20260613_003304_redis_feed8_rep1,redis,sb:events:n20:feed8:rep1,3efdf119-7c67-4366-a2cf-4e54a24f96f8,3895052,371,21759806100,21759836500,1781307214024-0
concurrency_n20_20260613_003304_redis_feed8_rep1,redis,sb:events:n20:feed8:rep1,0483472e-cd7e-4e5a-8f1a-dc09b74ce21f,3895113,371,21761490800,21761513600,1781307214025-0
concurrency_n20_20260613_003304_redis_feed8_rep1,redis,sb:events:n20:feed8:rep1,3be85e6c-5fe5-4dfc-926a-90e392d0a086,3895121,372,21763705600,21763729200,1781307214027-0
concurrency_n20_20260613_003304_redis_feed8_rep1,redis,sb:events:n20:feed8:rep1,7d3b7788-c771-449e-ad3a-12360e46a4c4,3895121,372,21766246200,21766267000,1781307214032-0
concurrency_n20_20260613_003304_redis_feed8_rep1,redis,sb:events:n20:feed8:rep1,c8e696c5-b876-4ccd-917f-129521836d12,3895134,372,21780629200,21780661900,1781307214033-0
concurrency_n20_20260613_003304_redis_feed8_rep1,redis,sb:events:n20:feed8:rep1,a432244a-6ede-4833-90cc-620689485588,3895107,373,21782461200,21782489600,1781307214035-0
concurrency_n20_20260613_003304_redis_feed8_rep1,redis,sb:events:n20:feed8:rep1,27e18532-359f-4d29-9b28-7df1a5a5619d,3895107,373,21783559200,21783582200,1781307214037-0
concurrency_n20_20260613_003304_redis_feed8_rep1,redis,sb:events:n20:feed8:rep1,9787df06-a760-4a42-8107-9ec47dac2ad1,3895067,373,21784677000,21784698900,1781307214038-0
concurrency_n20_20260613_003304_redis_feed8_rep1,redis,sb:events:n20:feed8:rep1,ae766697-ad65-49b6-bae1-5920f12dc43f,3895086,373,21788216800,21788245200,1781307214040-0
concurrency_n20_20260613_003304_redis_feed8_rep1,redis,sb:events:n20:feed8:rep1,575ff48f-f5c0-4ec6-b255-f2975970d0ea,3895113,373,21789037400,21789057000,1781307214053-0
concurrency_n20_20260613_003304_redis_feed8_rep1,redis,sb:events:n20:feed8:rep1,e9de532e-6005-45b0-8aef-bb9bb28912b0,3895113,373,21789919700,21789939300,1781307214055-0
concurrency_n20_20260613_003304_redis_feed8_rep1,redis,sb:events:n20:feed8:rep1,0c5aa890-9827-4b09-9ebb-27c2ca83205c,3895107,374,21790699700,21790727400,1781307214058-0
concurrency_n20_20260613_003304_redis_feed8_rep1,redis,sb:events:n20:feed8:rep1,33681808-32b7-47da-88fa-7434628fa1a2,3895086,374,21791982200,21792009100,1781307214059-0
concurrency_n20_20260613_003304_redis_feed8_rep1,redis,sb:events:n20:feed8:rep1,b78a3204-6ab6-4642-9eb6-2bc2e4bf9a73,3895052,374,21794888900,21794967800,1781307214060-0
concurrency_n20_20260613_003304_redis_feed8_rep1,redis,sb:events:n20:feed8:rep1,5c23e675-6816-462e-acb2-711fe091e3da,3895086,374,21798565400,21798599200,1781307214066-0
concurrency_n20_20260613_003304_redis_feed8_rep1,redis,sb:events:n20:feed8:rep1,6c1d23ce-be9b-4866-bccb-854ee532fb3d,3895067,375,21799696200,21799718100,1781307214067-0
concurrency_n20_20260613_003304_redis_feed8_rep1,redis,sb:events:n20:feed8:rep1,061c3913-067e-4698-b63c-f66a3c8c64ee,3895107,375,21800711200,21800732000,1781307214069-0
concurrency_n20_20260613_003304_redis_feed8_rep1,redis,sb:events:n20:feed8:rep1,568eb077-cf97-494c-af52-59ba9164402d,3895067,375,21802063800,21802130300,1781307214071-0
concurrency_n20_20260613_003304_redis_feed8_rep1,redis,sb:events:n20:feed8:rep1,ba0a37e4-b38f-4e81-8a4f-98e71b0bc5e7,3895107,375,21805048200,21805084500,1781307214073-0
concurrency_n20_20260613_003304_redis_feed8_rep1,redis,sb:events:n20:feed8:rep1,6ca3928a-82e7-4b03-9076-67c1e61bb075,3895067,375,21807993600,21808018200,1781307214079-0
concurrency_n20_20260613_003304_redis_feed8_rep1,redis,sb:events:n20:feed8:rep1,d55c297a-ef77-40d2-bdef-fe4c2d5ff8f5,3895052,375,21809744900,21809769000,1781307214081-0
concurrency_n20_20260613_003304_redis_feed8_rep1,redis,sb:events:n20:feed8:rep1,d094bab6-9af3-4019-b796-acb694feee23,3895086,375,21812248300,21812272900,1781307214082-0
concurrency_n20_20260613_003304_redis_feed8_rep1,redis,sb:events:n20:feed8:rep1,ee06c457-f476-4846-8968-0649e3b5dd0f,3895052,375,21814744300,21814768100,1781307214084-0
concurrency_n20_20260613_003304_redis_feed8_rep1,redis,sb:events:n20:feed8:rep1,9437504d-c0a0-474b-9e44-feea20992a62,3895121,376,21816331200,21816357800,1781307214085-0
concurrency_n20_20260613_003304_redis_feed8_rep1,redis,sb:events:n20:feed8:rep1,c18ac918-c617-4f00-b87c-403624147fb8,3895107,376,21857045600,21857089700,1781307214086-0
concurrency_n20_20260613_003304_redis_feed8_rep1,redis,sb:events:n20:feed8:rep1,65b895ef-96be-4ad6-b00e-076d20c564ce,3895067,376,21865722200,21865763500,1781307214088-0
concurrency_n20_20260613_003304_redis_feed8_rep1,redis,sb:events:n20:feed8:rep1,d7078048-5cc3-461c-bcd6-06760fa990ab,3895107,376,21867427500,21867462600,1781307214089-0
concurrency_n20_20260613_003304_redis_feed8_rep1,redis,sb:events:n20:feed8:rep1,442ecd9b-b058-493d-a185-adba5be4b1ed,3895086,376,21869350600,21869374000,1781307214090-0
concurrency_n20_20260613_003304_redis_feed8_rep1,redis,sb:events:n20:feed8:rep1,32d454a5-ba2d-49f5-a42b-7b2806ca8e6b,3895052,376,21870718500,21870740100,1781307214092-0
concurrency_n20_20260613_003304_redis_feed8_rep1,redis,sb:events:n20:feed8:rep1,e1f28eb5-3ef3-4c6c-a752-eb0a280e3a24,3895086,376,21874306700,21874332900,1781307214138-0
concurrency_n20_20260613_003304_redis_feed8_rep1,redis,sb:events:n20:feed8:rep1,6681da7c-cc5c-41c1-b23d-fc62cceccbc2,3895052,376,21875268700,21875315400,1781307214140-0
concurrency_n20_20260613_003304_redis_feed8_rep1,redis,sb:events:n20:feed8:rep1,fa1927b2-339a-4ef8-8b6a-2f5de1f71daf,3895113,376,21875945000,21875963100,1781307214144-0
concurrency_n20_20260613_003304_redis_feed8_rep1,redis,sb:events:n20:feed8:rep1,aabe6e96-8a94-4505-bd78-fe17b48ce9c6,3895121,377,21876903500,21876921300,1781307214146-0
concurrency_n20_20260613_003304_redis_feed8_rep1,redis,sb:events:n20:feed8:rep1,230329e4-9e13-415a-820f-a078f323f452,3895121,377,21880103000,21880126400,1781307214148-0
concurrency_n20_20260613_003304_redis_feed8_rep1,redis,sb:events:n20:feed8:rep1,d6e685f5-a088-489f-b6e9-9f471c09dde8,3895067,377,21881423000,21881447900,1781307214149-0
concurrency_n20_20260613_003304_redis_feed8_rep1,redis,sb:events:n20:feed8:rep1,aaa94f43-a792-4f91-9db5-921f55154d90,3895107,377,21882881100,21882907600,1781307214151-0
concurrency_n20_20260613_003304_redis_feed8_rep1,redis,sb:events:n20:feed8:rep1,7c6d7faf-6ac6-4e49-bdff-6026e02b027a,3895067,377,21886446800,21886475000,1781307214152-0
concurrency_n20_20260613_003304_redis_feed8_rep1,redis,sb:events:n20:feed8:rep1,8f89cecc-9842-4def-ac58-32cc319a3131,3895107,377,21889066700,21889095000,1781307214153-0
concurrency_n20_20260613_003304_redis_feed8_rep1,redis,sb:events:n20:feed8:rep1,991c0af9-25d4-468d-a1a0-6f1b20f0b85e,3895086,377,21892012700,21892042600,1781307214155-0
concurrency_n20_20260613_003304_redis_feed8_rep1,redis,sb:events:n20:feed8:rep1,3f7f838c-e47e-4d2e-93bc-549dc3dbc775,3895052,377,21893174500,21893195000,1781307214156-0
concurrency_n20_20260613_003304_redis_feed8_rep1,redis,sb:events:n20:feed8:rep1,f3f77fb1-7eaf-432e-ba4b-b3bdff74804e,3895052,377,21894312400,21894333600,1781307214158-0
concurrency_n20_20260613_003304_redis_feed8_rep1,redis,sb:events:n20:feed8:rep1,590098bb-37c4-4067-86ac-6d460256bd31,3895113,377,21899624100,21899700500,1781307214163-0
concurrency_n20_20260613_003304_redis_feed8_rep1,redis,sb:events:n20:feed8:rep1,7d91748a-a8c0-4477-99bc-440edfb98b20,3895113,377,21901168800,21901194100,1781307214164-0
concurrency_n20_20260613_003304_redis_feed8_rep1,redis,sb:events:n20:feed8:rep1,9a05f952-fad6-448f-962b-13792edab926,3895113,377,21908851900,21908881800,1781307214166-0
concurrency_n20_20260613_003304_redis_feed8_rep1,redis,sb:events:n20:feed8:rep1,7448eaa1-612b-4cb4-b416-a38ea6981484,3895086,378,21913362700,21913388500,1781307214170-0
concurrency_n20_20260613_003304_redis_feed8_rep1,redis,sb:events:n20:feed8:rep1,d0a1177b-9349-4efc-b4e7-78f18457f2fe,3895086,378,21914569900,21914591800,1781307214171-0
concurrency_n20_20260613_003304_redis_feed8_rep1,redis,sb:events:n20:feed8:rep1,2519917b-2ff0-4fc2-b58e-8a3860da7a18,3895052,378,21916060100,21916082100,1781307214173-0
concurrency_n20_20260613_003304_redis_feed8_rep1,redis,sb:events:n20:feed8:rep1,a2175056-51b9-40fc-b6b0-3161b7c9498c,3895086,378,21917397500,21917425600,1781307214174-0
concurrency_n20_20260613_003304_redis_feed8_rep1,redis,sb:events:n20:feed8:rep1,4c982c50-0315-4cdb-b6ab-133d786710bc,3895052,378,21918938100,21918972100,1781307214175-0
concurrency_n20_20260613_003304_redis_feed8_rep1,redis,sb:events:n20:feed8:rep1,d5d337e5-d809-4c24-8963-59a487ccf605,3895052,378,21921126100,21921154900,1781307214177-0
concurrency_n20_20260613_003304_redis_feed8_rep1,redis,sb:events:n20:feed8:rep1,02330919-0123-4c31-bb82-dbf24e80b2fe,3895113,378,21922287300,21922311000,1781307214180-0
concurrency_n20_20260613_003304_redis_feed8_rep1,redis,sb:events:n20:feed8:rep1,e56bd21d-9796-483c-91b0-82d30dfd5d8d,3895113,378,21925813700,21925844700,1781307214183-0
concurrency_n20_20260613_003304_redis_feed8_rep1,redis,sb:events:n20:feed8:rep1,5899ac0e-8bcb-45bd-93e3-86b044273dce,3895121,379,21928124400,21928155000,1781307214184-0
concurrency_n20_20260613_003304_redis_feed8_rep1,redis,sb:events:n20:feed8:rep1,7596e4ad-6504-4da3-9c61-e8c7fa6c7b0a,3895067,379,21931007600,21931035800,1781307214188-0
concurrency_n20_20260613_003304_redis_feed8_rep1,redis,sb:events:n20:feed8:rep1,9686a8ab-7240-4d0f-8250-2753060324c8,3895107,379,21932461800,21932487400,1781307214190-0
concurrency_n20_20260613_003304_redis_feed8_rep1,redis,sb:events:n20:feed8:rep1,b7791d0f-3499-4f4c-a33d-6836c0f911e0,3895086,379,21934344100,21934387400,1781307214191-0
concurrency_n20_20260613_003304_redis_feed8_rep1,redis,sb:events:n20:feed8:rep1,24f1c999-2f56-4965-9d3d-35e233032adc,3895121,380,21935748100,21935773700,1781307214195-0
concurrency_n20_20260613_003304_redis_feed8_rep1,redis,sb:events:n20:feed8:rep1,e3330d89-e532-4687-8931-3a3944d47df8,3895121,380,21939875000,21939905000,1781307214196-0
concurrency_n20_20260613_003304_redis_feed8_rep1,redis,sb:events:n20:feed8:rep1,6b464c46-1236-4cf5-81d2-a4b23806f5c5,3895067,380,21941795600,21941821000,1781307214198-0
concurrency_n20_20260613_003304_redis_feed8_rep1,redis,sb:events:n20:feed8:rep1,85df73b8-c6dd-46c7-a9bc-3865609e285c,3895107,380,21943909700,21943932000,1781307214199-0
concurrency_n20_20260613_003304_redis_feed8_rep1,redis,sb:events:n20:feed8:rep1,b1365bce-58eb-4d21-8011-9d628879127e,3895067,380,21945461200,21945485400,1781307214201-0
concurrency_n20_20260613_003304_redis_feed8_rep1,redis,sb:events:n20:feed8:rep1,779856e2-33da-4aff-91b8-9be497159f00,3895107,380,21946490000,21946517200,1781307214204-0
concurrency_n20_20260613_003304_redis_feed8_rep1,redis,sb:events:n20:feed8:rep1,d6468d36-c2f2-45b8-b0a6-357efadab24a,3895086,380,21951603300,21951635800,1781307214210-0
concurrency_n20_20260613_003304_redis_feed8_rep1,redis,sb:events:n20:feed8:rep1,b8e00e85-579c-4970-9759-fea3ab966db3,3895052,380,21961309000,21961339300,1781307214211-0
concurrency_n20_20260613_003304_redis_feed8_rep1,redis,sb:events:n20:feed8:rep1,359a2c08-360b-4501-ad2f-1a2012bd0999,3895086,380,21968661100,21968692500,1781307214213-0
concurrency_n20_20260613_003304_redis_feed8_rep1,redis,sb:events:n20:feed8:rep1,9a1a7780-275f-4921-9392-19bfe015d7c8,3895086,380,21981708000,21981737000,1781307214215-0
concurrency_n20_20260613_003304_redis_feed8_rep1,redis,sb:events:n20:feed8:rep1,109eceab-23c5-4031-a8b4-ee687b8db372,3895086,380,21984068800,21984094400,1781307214217-0
concurrency_n20_20260613_003304_redis_feed8_rep1,redis,sb:events:n20:feed8:rep1,8252e5c2-5564-4b4d-9b1c-789c1f432266,3895086,380,21987221300,21987281700,1781307214218-0
concurrency_n20_20260613_003304_redis_feed8_rep1,redis,sb:events:n20:feed8:rep1,b637f60b-261b-4f76-9c73-11dd9ecb679c,3895086,380,21988369100,21988396100,1781307214220-0
concurrency_n20_20260613_003304_redis_feed8_rep1,redis,sb:events:n20:feed8:rep1,86385026-af11-48d5-9b14-e73738435175,3895086,380,21990144300,21990168400,1781307214221-0
concurrency_n20_20260613_003304_redis_feed8_rep1,redis,sb:events:n20:feed8:rep1,fe767c75-6544-41ed-b908-41181829a6de,3895113,380,21994971900,21994997100,1781307214222-0
concurrency_n20_20260613_003304_redis_feed8_rep1,redis,sb:events:n20:feed8:rep1,789b47e3-c531-4a6d-946d-2f1f9d2b884c,3895121,381,21996312000,21996411300,1781307214224-0
concurrency_n20_20260613_003304_redis_feed8_rep1,redis,sb:events:n20:feed8:rep1,bc32fc0f-eb52-421a-ab2e-ac7b606c85ea,3895067,381,21997723900,21997747600,1781307214234-0
concurrency_n20_20260613_003304_redis_feed8_rep1,redis,sb:events:n20:feed8:rep1,8f4ba858-ef2e-4d50-a7a7-dd1970021b0e,3895107,381,21999045700,21999065300,1781307214240-0
concurrency_n20_20260613_003304_redis_feed8_rep1,redis,sb:events:n20:feed8:rep1,b0c2b5d7-470f-45bd-9bd9-20049682c523,3895052,381,22000765600,22000798400,1781307214256-0
concurrency_n20_20260613_003304_redis_feed8_rep1,redis,sb:events:n20:feed8:rep1,3eb22506-89d4-4230-96f4-0cc90241b0ef,3895052,381,22002864300,22002890000,1781307214259-0
concurrency_n20_20260613_003304_redis_feed8_rep1,redis,sb:events:n20:feed8:rep1,9d569410-c32d-4ef8-abb5-bf329a7549ee,3895052,381,22006144500,22006170700,1781307214261-0
concurrency_n20_20260613_003304_redis_feed8_rep1,redis,sb:events:n20:feed8:rep1,1d0e6433-63c4-4036-8f9e-1d35cd3112c9,3895086,381,22008147900,22008172900,1781307214263-0
concurrency_n20_20260613_003304_redis_feed8_rep1,redis,sb:events:n20:feed8:rep1,6bfcc356-4a43-47bb-afa3-4f4a6d8e8335,3895113,381,22009328900,22009351700,1781307214266-0
concurrency_n20_20260613_003304_redis_feed8_rep1,redis,sb:events:n20:feed8:rep1,dec15ef0-188b-4ef5-b99c-f007a3e7108f,3895113,381,22011798000,22011825400,1781307214268-0
concurrency_n20_20260613_003304_redis_feed8_rep1,redis,sb:events:n20:feed8:rep1,80de728d-2acf-446e-8dbd-3dceca0d4358,3895113,381,22012769800,22012799200,1781307214270-0
concurrency_n20_20260613_003304_redis_feed8_rep1,redis,sb:events:n20:feed8:rep1,abc116d6-2574-4059-8184-bb2816b5da18,3895121,382,22014412000,22014441200,1781307214272-0
concurrency_n20_20260613_003304_redis_feed8_rep1,redis,sb:events:n20:feed8:rep1,b4509a2d-3999-4e18-a2d0-b16116243586,3895107,382,22015807000,22015828600,1781307214273-0
concurrency_n20_20260613_003304_redis_feed8_rep1,redis,sb:events:n20:feed8:rep1,9479f33e-c3f7-4fbb-9fda-bf07a4973ec6,3895107,382,22017057400,22017081500,1781307214274-0
concurrency_n20_20260613_003304_redis_feed8_rep1,redis,sb:events:n20:feed8:rep1,4aaa9c64-42b1-478f-8552-3f14a1caef3d,3895052,382,22021439700,22021465300,1781307214277-0
concurrency_n20_20260613_003304_redis_feed8_rep1,redis,sb:events:n20:feed8:rep1,57c14534-6b1c-47a6-8cef-093f2f0b1959,3895086,382,22022920000,22022945200,1781307214279-0
concurrency_n20_20260613_003304_redis_feed8_rep1,redis,sb:events:n20:feed8:rep1,6bd96cc5-01fb-495e-b8c0-65d4569b226d,3895121,383,22027377200,22027414700,1781307214283-0
concurrency_n20_20260613_003304_redis_feed8_rep1,redis,sb:events:n20:feed8:rep1,30e632ae-c052-489d-bae6-df407b8ad4dc,3895121,383,22028557700,22028577700,1781307214284-0
concurrency_n20_20260613_003304_redis_feed8_rep1,redis,sb:events:n20:feed8:rep1,62806dfc-9062-42c8-9fe6-0f5bd08f7636,3895107,383,22030324300,22030349800,1781307214286-0
concurrency_n20_20260613_003304_redis_feed8_rep1,redis,sb:events:n20:feed8:rep1,8822e06a-c5f5-4306-aef8-2fef2318b77e,3895052,383,22031621100,22031646700,1781307214288-0
concurrency_n20_20260613_003304_redis_feed8_rep1,redis,sb:events:n20:feed8:rep1,bc3e5394-92ad-4eb2-bcf9-454d8336659c,3895052,383,22033566200,22033595400,1781307214289-0
concurrency_n20_20260613_003304_redis_feed8_rep1,redis,sb:events:n20:feed8:rep1,6e2e22f4-22db-4b95-970b-bf4b2e6b82d0,3895086,383,22034646500,22034682900,1781307214290-0
concurrency_n20_20260613_003304_redis_feed8_rep1,redis,sb:events:n20:feed8:rep1,d7822cd2-fdac-450d-b3f2-283caa6bdf26,3895086,383,22035533700,22035557000,1781307214292-0
concurrency_n20_20260613_003304_redis_feed8_rep1,redis,sb:events:n20:feed8:rep1,d9fe49c7-cb84-47b9-9d26-fccdf7bba1a0,3895086,383,22039228300,22039291000,1781307214294-0
concurrency_n20_20260613_003304_redis_feed8_rep1,redis,sb:events:n20:feed8:rep1,14a7b19f-e345-455f-befd-96115a6915de,3895113,383,22040375300,22040402800,1781307214295-0
concurrency_n20_20260613_003304_redis_feed8_rep1,redis,sb:events:n20:feed8:rep1,0c9b10fe-6d4a-4c2b-b4ca-5b0fe6d7068c,3895086,383,22041715300,22041737100,1781307214298-0
concurrency_n20_20260613_003304_redis_feed8_rep1,redis,sb:events:n20:feed8:rep1,44617c92-4042-4afd-9202-dd98ef11fec0,3895113,383,22043579500,22043601100,1781307214300-0
concurrency_n20_20260613_003304_redis_feed8_rep1,redis,sb:events:n20:feed8:rep1,592a7739-85c0-4889-861b-99c4c837ff10,3895086,383,22046333400,22046367600,1781307214301-0
concurrency_n20_20260613_003304_redis_feed8_rep1,redis,sb:events:n20:feed8:rep1,98cd3e1a-bdbc-4452-801b-2be9fc5ab06b,3895086,383,22048425000,22048455500,1781307214304-0
concurrency_n20_20260613_003304_redis_feed8_rep1,redis,sb:events:n20:feed8:rep1,b394cbaf-5f9a-4d18-9411-8d7cb7448c79,3895121,384,22051133000,22051162000,1781307214305-0
concurrency_n20_20260613_003304_redis_feed8_rep1,redis,sb:events:n20:feed8:rep1,66dba0a8-2afe-4c4c-92ad-e1a6cd71fd03,3895067,384,22052883200,22052910200,1781307214306-0
concurrency_n20_20260613_003304_redis_feed8_rep1,redis,sb:events:n20:feed8:rep1,a5226e29-3065-48df-b321-a36cac911c21,3895067,384,22053689900,22053709100,1781307214310-0
concurrency_n20_20260613_003304_redis_feed8_rep1,redis,sb:events:n20:feed8:rep1,12e42bd5-320d-40e8-ad89-d42c0a1dae0a,3895107,384,22055662600,22055689300,1781307214311-0
concurrency_n20_20260613_003304_redis_feed8_rep1,redis,sb:events:n20:feed8:rep1,6ccc1db9-5a31-4dea-910a-977754782773,3895107,384,22056785900,22056804300,1781307214312-0
concurrency_n20_20260613_003304_redis_feed8_rep1,redis,sb:events:n20:feed8:rep1,2c83987b-bf65-401d-9e27-d9f54ba652ad,3895107,384,22057793400,22057814600,1781307214315-0
concurrency_n20_20260613_003304_redis_feed8_rep1,redis,sb:events:n20:feed8:rep1,9e91c070-24d3-4fe7-949f-83e113f520ec,3895052,384,22058796700,22058820000,1781307214317-0
concurrency_n20_20260613_003304_redis_feed8_rep1,redis,sb:events:n20:feed8:rep1,e4fc3ae0-4ab9-410d-94a0-32504edb24fd,3895052,384,22060873900,22060902100,1781307214318-0
concurrency_n20_20260613_003304_redis_feed8_rep1,redis,sb:events:n20:feed8:rep1,49d4f100-098b-4654-82c5-780c8126e40b,3895121,385,22063103600,22063129000,1781307214322-0
concurrency_n20_20260613_003304_redis_feed8_rep1,redis,sb:events:n20:feed8:rep1,9f35d52f-bd21-46a3-b4b5-6c4043b57c87,3895121,385,22065511200,22065540600,1781307214324-0
concurrency_n20_20260613_003304_redis_feed8_rep1,redis,sb:events:n20:feed8:rep1,829aae74-41b8-4d04-9794-6e6620d40ca9,3895107,385,22066610500,22066646700,1781307214326-0
concurrency_n20_20260613_003304_redis_feed8_rep1,redis,sb:events:n20:feed8:rep1,122ecdd6-a166-41d6-bce2-294162b4cd54,3895107,385,22067616200,22067635300,1781307214330-0
concurrency_n20_20260613_003304_redis_feed8_rep1,redis,sb:events:n20:feed8:rep1,f050fb4b-4418-43cc-9c3d-94127b27624c,3895107,385,22069795800,22069826500,1781307214331-0
concurrency_n20_20260613_003304_redis_feed8_rep1,redis,sb:events:n20:feed8:rep1,3570f419-5029-45ff-925c-ce5ec23dbb24,3895052,385,22074200700,22074227700,1781307214332-0
concurrency_n20_20260613_003304_redis_feed8_rep1,redis,sb:events:n20:feed8:rep1,fc6ad4f7-4a80-4f85-864c-700a0efceee8,3895113,385,22078698300,22078731700,1781307214337-0
concurrency_n20_20260613_003304_redis_feed8_rep1,redis,sb:events:n20:feed8:rep1,eab2cf06-4a07-4aa6-8b95-8a93cc0e3ac5,3895086,385,22080214700,22080237700,1781307214338-0
concurrency_n20_20260613_003304_redis_feed8_rep1,redis,sb:events:n20:feed8:rep1,6c8c9f26-d33b-4bc0-b63c-8e3ea2ff8587,3895107,386,22081188700,22081212300,1781307214340-0
concurrency_n20_20260613_003304_redis_feed8_rep1,redis,sb:events:n20:feed8:rep1,597c5d97-fb51-4886-a0ff-c5230090abbf,3895134,386,22081984900,22082004800,1781307214345-0
concurrency_n20_20260613_003304_redis_feed8_rep1,redis,sb:events:n20:feed8:rep1,96400684-614d-4589-a40f-957378435605,3895134,386,22088184300,22088212600,1781307214348-0
concurrency_n20_20260613_003304_redis_feed8_rep1,redis,sb:events:n20:feed8:rep1,d64a401e-b7ba-490e-8d7b-550d85b01524,3895052,386,22089372800,22089391100,1781307214349-0
concurrency_n20_20260613_003304_redis_feed8_rep1,redis,sb:events:n20:feed8:rep1,00d33c4c-624c-45e1-959b-21ede95483f2,3895113,386,22092620700,22092696800,1781307214352-0
concurrency_n20_20260613_003304_redis_feed8_rep1,redis,sb:events:n20:feed8:rep1,7d6fb5b2-01ba-4a33-a27e-4023ad29c37c,3895113,386,22093695500,22093716200,1781307214354-0
concurrency_n20_20260613_003304_redis_feed8_rep1,redis,sb:events:n20:feed8:rep1,fe32e0d4-2a33-42f4-ba80-5b8cab554efa,3895113,386,22096754000,22096915400,1781307214355-0
concurrency_n20_20260613_003304_redis_feed8_rep1,redis,sb:events:n20:feed8:rep1,d570893c-47a4-43a1-95f4-7b16543b9f2a,3895067,387,22098658500,22098684700,1781307214356-0
concurrency_n20_20260613_003304_redis_feed8_rep1,redis,sb:events:n20:feed8:rep1,8249e17a-6fc6-4af8-8d8a-10ea80b0e22e,3895134,387,22099947100,22099969800,1781307214357-0
concurrency_n20_20260613_003304_redis_feed8_rep1,redis,sb:events:n20:feed8:rep1,2154b166-8b00-45a6-b1bf-d8f805198128,3895052,387,22100924100,22100947400,1781307214358-0
concurrency_n20_20260613_003304_redis_feed8_rep1,redis,sb:events:n20:feed8:rep1,cac05379-37e8-4c29-9857-deb1cd6a7e4e,3895052,387,22102470000,22102494300,1781307214362-0
concurrency_n20_20260613_003304_redis_feed8_rep1,redis,sb:events:n20:feed8:rep1,bf419a09-0892-4eb4-9295-4c861317ce1a,3895086,387,22105325300,22106170400,1781307214363-0
concurrency_n20_20260613_003304_redis_feed8_rep1,redis,sb:events:n20:feed8:rep1,43834af9-8068-404c-b7f9-bc4c08738a45,3895113,387,22107486900,22107521500,1781307214364-0
concurrency_n20_20260613_003304_redis_feed8_rep1,redis,sb:events:n20:feed8:rep1,ced92bf1-3900-4565-bb11-5886a9deb43a,3895113,387,22115098200,22115125900,1781307214366-0
concurrency_n20_20260613_003304_redis_feed8_rep1,redis,sb:events:n20:feed8:rep1,3743afc5-6da5-469d-8d4f-1b7132f4d1cb,3895113,387,22119718200,22119795000,1781307214367-0
concurrency_n20_20260613_003304_redis_feed8_rep1,redis,sb:events:n20:feed8:rep1,855076b4-513b-4756-8d91-7e7fae34e22b,3895060,388,22120860600,22120884500,1781307214370-0
concurrency_n20_20260613_003304_redis_feed8_rep1,redis,sb:events:n20:feed8:rep1,89c63012-2c91-4efa-85c1-ad21eccdfc66,3895067,388,22121902000,22121922700,1781307214371-0
concurrency_n20_20260613_003304_redis_feed8_rep1,redis,sb:events:n20:feed8:rep1,576591a0-e6c0-44b4-ba76-924a1fa37440,3895067,388,22123016600,22123037800,1781307214373-0
concurrency_n20_20260613_003304_redis_feed8_rep1,redis,sb:events:n20:feed8:rep1,8b0f70fb-18e8-4a18-a575-608dcd3153f9,3895052,388,22124082900,22124103200,1781307214374-0
concurrency_n20_20260613_003304_redis_feed8_rep1,redis,sb:events:n20:feed8:rep1,1cdbf528-796c-47d9-bc87-2dc866f1541c,3895052,388,22126888200,22126935400,1781307214375-0
concurrency_n20_20260613_003304_redis_feed8_rep1,redis,sb:events:n20:feed8:rep1,ae9184b1-0af1-4e9a-bf4c-7b5ddbcd5041,3895086,388,22128245200,22128269800,1781307214376-0
concurrency_n20_20260613_003304_redis_feed8_rep1,redis,sb:events:n20:feed8:rep1,e6b67cf4-dc02-4efb-bf8c-9821f3aa96c7,3895086,388,22129236100,22129261800,1781307214378-0
concurrency_n20_20260613_003304_redis_feed8_rep1,redis,sb:events:n20:feed8:rep1,a5f2e6a7-5bca-4a3b-8e50-ef5cd209b1d5,3895113,388,22130834000,22130858600,1781307214379-0
concurrency_n20_20260613_003304_redis_feed8_rep1,redis,sb:events:n20:feed8:rep1,d8f71229-bb53-458c-8bd0-8a2a548e0a16,3895113,388,22134823400,22134852700,1781307214381-0
concurrency_n20_20260613_003304_redis_feed8_rep1,redis,sb:events:n20:feed8:rep1,ed46d6ad-ab02-4265-a8f1-55d8cae1b7a8,3895113,388,22138986600,22139012000,1781307214386-0
concurrency_n20_20260613_003304_redis_feed8_rep1,redis,sb:events:n20:feed8:rep1,29aa34c6-d899-4a5c-bf12-0ba3077d10c4,3895107,389,22139851700,22139878900,1781307214389-0
concurrency_n20_20260613_003304_redis_feed8_rep1,redis,sb:events:n20:feed8:rep1,1be0feb6-7510-4191-b006-3e6b704e421a,3895134,389,22141079000,22141103100,1781307214392-0
concurrency_n20_20260613_003304_redis_feed8_rep1,redis,sb:events:n20:feed8:rep1,5809628b-316e-401f-9cd3-c324cafcc6a0,3895134,389,22141954100,22141972400,1781307214394-0
concurrency_n20_20260613_003304_redis_feed8_rep1,redis,sb:events:n20:feed8:rep1,f2775365-28f1-4f87-8552-f0fceb99d718,3895134,389,22144528500,22144551700,1781307214395-0
concurrency_n20_20260613_003304_redis_feed8_rep1,redis,sb:events:n20:feed8:rep1,466eccdb-c941-4f75-aff1-2944b1a59e3d,3895052,389,22146980900,22147012800,1781307214397-0
concurrency_n20_20260613_003304_redis_feed8_rep1,redis,sb:events:n20:feed8:rep1,3fa131e1-45d8-46a9-83a5-534566af8763,3895052,389,22148065600,22148095400,1781307214398-0
concurrency_n20_20260613_003304_redis_feed8_rep1,redis,sb:events:n20:feed8:rep1,face3922-6f90-4a44-8993-bdc2ce7d7a0c,3895113,389,22149153800,22149182100,1781307214400-0
concurrency_n20_20260613_003304_redis_feed8_rep1,redis,sb:events:n20:feed8:rep1,c7a75758-4957-42c9-9cd6-910ce7952557,3895113,389,22150312400,22150332700,1781307214401-0
concurrency_n20_20260613_003304_redis_feed8_rep1,redis,sb:events:n20:feed8:rep1,98485b3f-72d1-4494-aded-d8c1d7b57be5,3895113,389,22153608600,22153641800,1781307214402-0
concurrency_n20_20260613_003304_redis_feed8_rep1,redis,sb:events:n20:feed8:rep1,a8df0d7e-5406-4f17-8070-ea921609460f,3895113,389,22161929200,22161958100,1781307214404-0
concurrency_n20_20260613_003304_redis_feed8_rep1,redis,sb:events:n20:feed8:rep1,ca25cfa9-39ed-419f-978e-737eb8321fba,3895060,390,22163600700,22163627600,1781307214408-0
concurrency_n20_20260613_003304_redis_feed8_rep1,redis,sb:events:n20:feed8:rep1,5ebedaa7-4228-4dd1-bb2f-7b44914a3028,3895060,390,22164562400,22164583900,1781307214411-0
concurrency_n20_20260613_003304_redis_feed8_rep1,redis,sb:events:n20:feed8:rep1,adc6b847-abc1-4e9e-a5a6-ad44f825f339,3895060,390,22169017200,22169040800,1781307214415-0
concurrency_n20_20260613_003304_redis_feed8_rep1,redis,sb:events:n20:feed8:rep1,4a6a2c08-a9b8-43d7-b214-bbb473b55464,3895121,390,22170321400,22170424400,1781307214417-0
concurrency_n20_20260613_003304_redis_feed8_rep1,redis,sb:events:n20:feed8:rep1,06dfe816-f41b-4691-85ac-5a1497f4e5d7,3895107,390,22171759600,22171783000,1781307214418-0
concurrency_n20_20260613_003304_redis_feed8_rep1,redis,sb:events:n20:feed8:rep1,c605a570-c317-4bcd-a935-3aac355ff451,3895107,390,22172930100,22172947600,1781307214423-0
concurrency_n20_20260613_003304_redis_feed8_rep1,redis,sb:events:n20:feed8:rep1,5a9615d0-3ce1-4bd1-a1cb-9225e36960cf,3895107,390,22175481600,22175536700,1781307214424-0
concurrency_n20_20260613_003304_redis_feed8_rep1,redis,sb:events:n20:feed8:rep1,cd0b7eba-d989-4051-a319-8c15974e16e5,3895107,390,22178636400,22178662700,1781307214426-0
concurrency_n20_20260613_003304_redis_feed8_rep1,redis,sb:events:n20:feed8:rep1,c2c67e7a-c0ba-487c-ad53-721769bd1366,3895107,390,22184517200,22184546100,1781307214435-0
concurrency_n20_20260613_003304_redis_feed8_rep1,redis,sb:events:n20:feed8:rep1,0c16687b-8a31-4a7b-b921-629b596d9c0b,3895134,390,22185873600,22185896100,1781307214437-0
concurrency_n20_20260613_003304_redis_feed8_rep1,redis,sb:events:n20:feed8:rep1,9cea225a-2bd2-4f90-a253-c82de6a2a277,3895086,390,22186898500,22186915800,1781307214438-0
concurrency_n20_20260613_003304_redis_feed8_rep1,redis,sb:events:n20:feed8:rep1,f22266fd-345a-4d52-8390-69c13ff3df92,3895121,391,22190461300,22190629200,1781307214442-0
concurrency_n20_20260613_003304_redis_feed8_rep1,redis,sb:events:n20:feed8:rep1,74af8288-7af8-4890-9b8f-7dfdadd3096b,3895121,391,22192647000,22192710000,1781307214444-0
concurrency_n20_20260613_003304_redis_feed8_rep1,redis,sb:events:n20:feed8:rep1,ecfb9c44-43b4-4c53-b333-77fce2c87424,3895121,391,22194193000,22194223000,1781307214446-0
concurrency_n20_20260613_003304_redis_feed8_rep1,redis,sb:events:n20:feed8:rep1,99b13928-880a-4f5f-91e8-55fed8c94697,3895067,391,22195202200,22195267100,1781307214447-0
concurrency_n20_20260613_003304_redis_feed8_rep1,redis,sb:events:n20:feed8:rep1,cf1f3507-3298-4acb-b2fc-3dd68b5aad26,3895052,391,22196228600,22196250800,1781307214449-0
concurrency_n20_20260613_003304_redis_feed8_rep1,redis,sb:events:n20:feed8:rep1,156dd670-c9e9-4baa-b62f-210633d22ef8,3895113,391,22198287400,22198313200,1781307214456-0
concurrency_n20_20260613_003304_redis_feed8_rep1,redis,sb:events:n20:feed8:rep1,04544407-6d65-426c-beda-75a2272bae05,3895113,391,22199293700,22199312900,1781307214459-0
concurrency_n20_20260613_003304_redis_feed8_rep1,redis,sb:events:n20:feed8:rep1,99802a02-f8eb-45b7-8163-542209fe37ba,3895060,392,22200250300,22200274600,1781307214460-0
concurrency_n20_20260613_003304_redis_feed8_rep1,redis,sb:events:n20:feed8:rep1,8f745c57-d8d5-4a9f-a886-3419c3b7ba12,3895067,392,22201205600,22201224100,1781307214461-0
concurrency_n20_20260613_003304_redis_feed8_rep1,redis,sb:events:n20:feed8:rep1,c785f8c2-9b40-4f83-ad99-64a28ce336a5,3895067,392,22203447300,22203469100,1781307214463-0
concurrency_n20_20260613_003304_redis_feed8_rep1,redis,sb:events:n20:feed8:rep1,70a044a3-43de-4a36-9cad-c6b756635e1a,3895067,392,22205772500,22205811900,1781307214465-0
concurrency_n20_20260613_003304_redis_feed8_rep1,redis,sb:events:n20:feed8:rep1,e57b0598-a6c7-47f9-ac4e-e877e1b5aae9,3895086,392,22208338000,22208472200,1781307214469-0
concurrency_n20_20260613_003304_redis_feed8_rep1,redis,sb:events:n20:feed8:rep1,81180a03-2a2d-43d1-a344-632731073498,3895113,392,22210502700,22210530900,1781307214471-0
concurrency_n20_20260613_003304_redis_feed8_rep1,redis,sb:events:n20:feed8:rep1,965eebf2-d755-4266-aea4-f63d4e8fb4c0,3895074,393,22211413700,22211446000,1781307214472-0
concurrency_n20_20260613_003304_redis_feed8_rep1,redis,sb:events:n20:feed8:rep1,71771fbd-fbb7-4241-9a8f-22412a8c4f1e,3895067,393,22233842500,22233865300,1781307214475-0
concurrency_n20_20260613_003304_redis_feed8_rep1,redis,sb:events:n20:feed8:rep1,7b38db38-233e-4b05-a520-94630ca5b7ef,3895067,393,22235649800,22235679600,1781307214476-0
concurrency_n20_20260613_003304_redis_feed8_rep1,redis,sb:events:n20:feed8:rep1,3b25b250-2e85-47f0-8e03-1415a70d9b79,3895067,393,22239594400,22239619100,1781307214478-0
concurrency_n20_20260613_003304_redis_feed8_rep1,redis,sb:events:n20:feed8:rep1,f16b7f89-76f5-40d3-91a0-24a1ef7fcb5f,3895067,393,22241189300,22241212900,1781307214480-0
concurrency_n20_20260613_003304_redis_feed8_rep1,redis,sb:events:n20:feed8:rep1,ea6911ea-57bc-4377-83ee-cd2ff0785554,3895134,393,22242672700,22242695200,1781307214483-0
concurrency_n20_20260613_003304_redis_feed8_rep1,redis,sb:events:n20:feed8:rep1,0e78543b-a433-434f-8af2-7633bb374aae,3895134,393,22244101400,22244124300,1781307214485-0
concurrency_n20_20260613_003304_redis_feed8_rep1,redis,sb:events:n20:feed8:rep1,995d9ac5-8f9b-4cb1-8e08-a6d523581b89,3895134,393,22245346000,22245608500,1781307214505-0
concurrency_n20_20260613_003304_redis_feed8_rep1,redis,sb:events:n20:feed8:rep1,08c3259d-c0ce-4c66-9aee-62de255259ae,3895052,393,22247269100,22247299300,1781307214510-0
concurrency_n20_20260613_003304_redis_feed8_rep1,redis,sb:events:n20:feed8:rep1,e83fa094-3a61-44d6-91a1-934566d0a705,3895052,393,22248269000,22248294600,1781307214511-0
concurrency_n20_20260613_003304_redis_feed8_rep1,redis,sb:events:n20:feed8:rep1,4b481aa6-01b0-43d8-b6d2-9c3747c607cc,3895086,393,22252340500,22252530100,1781307214513-0
concurrency_n20_20260613_003304_redis_feed8_rep1,redis,sb:events:n20:feed8:rep1,af16f8d4-8c23-4448-9f47-b220ed27e58c,3895086,393,22253720500,22253747900,1781307214516-0
concurrency_n20_20260613_003304_redis_feed8_rep1,redis,sb:events:n20:feed8:rep1,606feb67-4c77-4c55-966c-b4e03d37bf36,3895113,393,22254813900,22254834900,1781307214517-0
concurrency_n20_20260613_003304_redis_feed8_rep1,redis,sb:events:n20:feed8:rep1,7530778b-6d23-40d8-a3d7-d8a9cb508770,3895113,393,22255830100,22255853500,1781307214519-0
concurrency_n20_20260613_003304_redis_feed8_rep1,redis,sb:events:n20:feed8:rep1,8988d33c-96c5-4c37-b694-9f38d6adda38,3895113,393,22265791500,22265927000,1781307214520-0
concurrency_n20_20260613_003304_redis_feed8_rep1,redis,sb:events:n20:feed8:rep1,59fd0264-a24b-45f6-90be-cc8881654cd7,3895060,394,22267087200,22267107800,1781307214522-0
concurrency_n20_20260613_003304_redis_feed8_rep1,redis,sb:events:n20:feed8:rep1,8a0e2c23-dd3d-479f-9422-93a351b99f04,3895074,394,22268220200,22268240800,1781307214524-0
concurrency_n20_20260613_003304_redis_feed8_rep1,redis,sb:events:n20:feed8:rep1,d7dcb70e-7560-429f-9a14-0fe22b9a0177,3895074,394,22270759900,22270781200,1781307214525-0
concurrency_n20_20260613_003304_redis_feed8_rep1,redis,sb:events:n20:feed8:rep1,9984bc9b-2636-43a5-addf-166a3119b365,3895074,394,22273861000,22273893600,1781307214526-0
concurrency_n20_20260613_003304_redis_feed8_rep1,redis,sb:events:n20:feed8:rep1,4fb0398f-7ba0-4be8-9b71-3b477e2658eb,3895074,394,22274985600,22275014900,1781307214528-0
concurrency_n20_20260613_003304_redis_feed8_rep1,redis,sb:events:n20:feed8:rep1,5cb2e6b1-53e9-4034-bcfb-d36b13f62b4b,3895067,394,22275945000,22275974900,1781307214529-0
concurrency_n20_20260613_003304_redis_feed8_rep1,redis,sb:events:n20:feed8:rep1,538b3ce6-4345-4a59-bfbe-5c2a8375a917,3895067,394,22277355900,22277378700,1781307214532-0
concurrency_n20_20260613_003304_redis_feed8_rep1,redis,sb:events:n20:feed8:rep1,a14fe2cd-eb83-46ca-970d-37eeb6ba141f,3895067,394,22278709500,22278743800,1781307214537-0
concurrency_n20_20260613_003304_redis_feed8_rep1,redis,sb:events:n20:feed8:rep1,135cce3a-70e2-48e3-adf8-43f2c4adee78,3895134,394,22281523100,22281562700,1781307214538-0
concurrency_n20_20260613_003304_redis_feed8_rep1,redis,sb:events:n20:feed8:rep1,f8b5d10a-0456-4332-9da3-dcbe962f74bf,3895134,394,22283221400,22283244600,1781307214539-0
concurrency_n20_20260613_003304_redis_feed8_rep1,redis,sb:events:n20:feed8:rep1,cbd19fb2-1303-4a76-a81e-b80bf03fe011,3895086,394,22284186400,22284208400,1781307214540-0
concurrency_n20_20260613_003304_redis_feed8_rep1,redis,sb:events:n20:feed8:rep1,f6881f8d-2c17-49b2-b0d4-33427d87ef5c,3895113,394,22286217500,22286244200,1781307214542-0
concurrency_n20_20260613_003304_redis_feed8_rep1,redis,sb:events:n20:feed8:rep1,6cee4a6c-88fa-4349-b524-334a8368ecd5,3895113,394,22287218300,22287241600,1781307214543-0
concurrency_n20_20260613_003304_redis_feed8_rep1,redis,sb:events:n20:feed8:rep1,1dd3fe13-43ab-4c39-98f1-d9403db2353e,3895074,395,22312916500,22312946900,1781307214544-0
concurrency_n20_20260613_003304_redis_feed8_rep1,redis,sb:events:n20:feed8:rep1,b1c14719-ff1d-4c2c-aed3-bbbf83b838f8,3895067,395,22314868300,22314897600,1781307214546-0
concurrency_n20_20260613_003304_redis_feed8_rep1,redis,sb:events:n20:feed8:rep1,dfcb9333-6143-4f80-ba39-621cbedb0597,3895067,395,22317117600,22317146500,1781307214551-0
concurrency_n20_20260613_003304_redis_feed8_rep1,redis,sb:events:n20:feed8:rep1,dc010f7d-c0d1-42ba-a88e-315dcbc075a7,3895086,395,22318766100,22318789800,1781307214552-0
concurrency_n20_20260613_003304_redis_feed8_rep1,redis,sb:events:n20:feed8:rep1,ec3f69f7-c69b-44db-b573-3cde53fbd730,3895095,396,22319548900,22319567700,1781307214555-0
concurrency_n20_20260613_003304_redis_feed8_rep1,redis,sb:events:n20:feed8:rep1,2c6a54f1-b280-4672-9ad7-cccacf2b8bb8,3895060,396,22321352800,22321473900,1781307214556-0
concurrency_n20_20260613_003304_redis_feed8_rep1,redis,sb:events:n20:feed8:rep1,c50d721c-be65-4eda-bc7f-067bb1947653,3895060,396,22322214100,22322232900,1781307214557-0
concurrency_n20_20260613_003304_redis_feed8_rep1,redis,sb:events:n20:feed8:rep1,f57745b2-2c27-4f2f-8cb3-f369b5d2484f,3895052,396,22323177900,22323202000,1781307214559-0
concurrency_n20_20260613_003304_redis_feed8_rep1,redis,sb:events:n20:feed8:rep1,2c1397d2-8aa5-40f5-98c6-e6148ccbe8aa,3895086,396,22324122000,22324143100,1781307214582-0
concurrency_n20_20260613_003304_redis_feed8_rep1,redis,sb:events:n20:feed8:rep1,b5ace099-c920-4ae8-944a-7f6b88515489,3895086,396,22327893400,22327944600,1781307214585-0
concurrency_n20_20260613_003304_redis_feed8_rep1,redis,sb:events:n20:feed8:rep1,8be1f93d-cca7-4c97-8299-972dfe8ea383,3895086,396,22328917200,22328934500,1781307214587-0
concurrency_n20_20260613_003304_redis_feed8_rep1,redis,sb:events:n20:feed8:rep1,0ee60138-b4a1-4c81-8673-5f829c14e56c,3895086,396,22330085600,22330112500,1781307214590-0
concurrency_n20_20260613_003304_redis_feed8_rep1,redis,sb:events:n20:feed8:rep1,343d7db0-931b-4748-851f-27006a202cbb,3895113,396,22331067500,22331085900,1781307214592-0
concurrency_n20_20260613_003304_redis_feed8_rep1,redis,sb:events:n20:feed8:rep1,515cfb63-2081-491b-a7c3-7dcd73641d39,3895113,396,22332242900,22332262500,1781307214593-0
concurrency_n20_20260613_003304_redis_feed8_rep1,redis,sb:events:n20:feed8:rep1,119ca6ba-49bc-4d4f-a57c-7497f0f8b54b,3895113,396,22334835800,22334868500,1781307214595-0
concurrency_n20_20260613_003304_redis_feed8_rep1,redis,sb:events:n20:feed8:rep1,f4c96189-c3e2-4491-9e97-bb2016985024,3895052,397,22336513000,22336538800,1781307214596-0
concurrency_n20_20260613_003304_redis_feed8_rep1,redis,sb:events:n20:feed8:rep1,32d9fc40-b95c-4d4a-9574-8340ff444e67,3895052,397,22343177000,22343201200,1781307214597-0
concurrency_n20_20260613_003304_redis_feed8_rep1,redis,sb:events:n20:feed8:rep1,20a73b74-427d-481b-a977-93197096c055,3895086,397,22346461500,22346499900,1781307214599-0
concurrency_n20_20260613_003304_redis_feed8_rep1,redis,sb:events:n20:feed8:rep1,abfa9add-3515-4c1f-b8e2-cfd721c11038,3895086,397,22358987000,22359070600,1781307214604-0
concurrency_n20_20260613_003304_redis_feed8_rep1,redis,sb:events:n20:feed8:rep1,ddf54fc4-f7d9-4b4a-a86f-7383cd65ba86,3895113,397,22361109000,22361140700,1781307214605-0
concurrency_n20_20260613_003304_redis_feed8_rep1,redis,sb:events:n20:feed8:rep1,948b1c2e-4813-475c-98ca-bf65b0cfba10,3895095,398,22362108600,22362127800,1781307214606-0
concurrency_n20_20260613_003304_redis_feed8_rep1,redis,sb:events:n20:feed8:rep1,df8c1d00-5a23-43ea-8c97-c2d64c2bb5dd,3895095,398,22364013900,22364066300,1781307214610-0
concurrency_n20_20260613_003304_redis_feed8_rep1,redis,sb:events:n20:feed8:rep1,9281c676-2991-4438-a848-0ccfd62c9713,3895095,398,22365494700,22365520200,1781307214616-0
concurrency_n20_20260613_003304_redis_feed8_rep1,redis,sb:events:n20:feed8:rep1,7f860392-a215-442d-a67e-4d294f09a4e2,3895060,398,22366430000,22366454200,1781307214619-0
concurrency_n20_20260613_003304_redis_feed8_rep1,redis,sb:events:n20:feed8:rep1,9ced370b-38a8-4454-a1c2-6311bfe928f1,3895060,398,22368484900,22368514000,1781307214623-0
concurrency_n20_20260613_003304_redis_feed8_rep1,redis,sb:events:n20:feed8:rep1,f1c25842-30f0-4443-99d9-b8a529e0aacb,3895134,398,22370465800,22370531300,1781307214625-0
concurrency_n20_20260613_003304_redis_feed8_rep1,redis,sb:events:n20:feed8:rep1,f2b67d17-7a41-4ad5-a4e8-4a273d22ae16,3895052,398,22372865600,22372908700,1781307214627-0
concurrency_n20_20260613_003304_redis_feed8_rep1,redis,sb:events:n20:feed8:rep1,abdf9f97-cb84-4f39-8a1f-ddf7d8ee4284,3895086,398,22376070600,22376104600,1781307214630-0
concurrency_n20_20260613_003304_redis_feed8_rep1,redis,sb:events:n20:feed8:rep1,1283c691-c5df-4c07-8d13-7504482421f5,3895086,398,22378064700,22378266100,1781307214632-0
concurrency_n20_20260613_003304_redis_feed8_rep1,redis,sb:events:n20:feed8:rep1,bbb3c276-5665-44e2-b52f-e71aefcf8e3a,3895113,398,22382893700,22382921900,1781307214633-0
concurrency_n20_20260613_003304_redis_feed8_rep1,redis,sb:events:n20:feed8:rep1,93a04759-8e10-4a79-98df-d2fef09c6629,3895113,398,22384237900,22384267500,1781307214634-0
concurrency_n20_20260613_003304_redis_feed8_rep1,redis,sb:events:n20:feed8:rep1,3f2f9851-45a7-4ebe-ad2a-78269daa75df,3895113,398,22385991600,22386016700,1781307214636-0
concurrency_n20_20260613_003304_redis_feed8_rep1,redis,sb:events:n20:feed8:rep1,501f6ca5-6a86-4ce4-9cfc-f6e0187c9d55,3895113,398,22388672400,22388710200,1781307214637-0
concurrency_n20_20260613_003304_redis_feed8_rep1,redis,sb:events:n20:feed8:rep1,07053e4c-e128-4431-96aa-0681e7f1d3c2,3895095,399,22393477600,22393505000,1781307214638-0
concurrency_n20_20260613_003304_redis_feed8_rep1,redis,sb:events:n20:feed8:rep1,3c5d079f-7af2-4cb8-9202-a047b2ba45e1,3895095,399,22396068300,22396095400,1781307214640-0
concurrency_n20_20260613_003304_redis_feed8_rep1,redis,sb:events:n20:feed8:rep1,e4ddc354-2d7a-45f1-8e30-f2030a95a5d4,3895095,399,22398607300,22398633900,1781307214642-0
concurrency_n20_20260613_003304_redis_feed8_rep1,redis,sb:events:n20:feed8:rep1,ab3be832-0318-4cac-90ba-84998d6bae03,3895060,399,22401246200,22401310900,1781307214644-0
concurrency_n20_20260613_003304_redis_feed8_rep1,redis,sb:events:n20:feed8:rep1,39796723-ae18-471d-82e7-83152b15fe67,3895134,399,22403032100,22403056800,1781307214645-0
concurrency_n20_20260613_003304_redis_feed8_rep1,redis,sb:events:n20:feed8:rep1,69524811-4918-4785-923d-78184f785804,3895052,399,22404144700,22404166800,1781307214649-0
concurrency_n20_20260613_003304_redis_feed8_rep1,redis,sb:events:n20:feed8:rep1,083f6173-25b6-441c-8b33-3415bb3fbd58,3895052,399,22405442600,22405555900,1781307214652-0
concurrency_n20_20260613_003304_redis_feed8_rep1,redis,sb:events:n20:feed8:rep1,3b938f84-998e-4a6d-b5d2-be210f99c5bd,3895086,399,22406590100,22406642200,1781307214655-0
concurrency_n20_20260613_003304_redis_feed8_rep1,redis,sb:events:n20:feed8:rep1,6f7be7ee-0d66-4d3e-bca1-fc751e66a6b9,3895086,399,22408728200,22408748900,1781307214659-0
concurrency_n20_20260613_003304_redis_feed8_rep1,redis,sb:events:n20:feed8:rep1,5380a23f-506b-4881-85f6-72a110685a23,3895113,399,22410049500,22410075100,1781307214661-0
concurrency_n20_20260613_003304_redis_feed8_rep1,redis,sb:events:n20:feed8:rep1,0c6aae5f-d6e7-4e3f-958d-ff741ef7213f,3895113,399,22411364100,22411384600,1781307214667-0
concurrency_n20_20260613_003304_redis_feed8_rep1,redis,sb:events:n20:feed8:rep1,7982b5d9-4599-4b38-9351-c02f47d75634,3895113,399,22412409000,22412438500,1781307214671-0
concurrency_n20_20260613_003304_redis_feed8_rep1,redis,sb:events:n20:feed8:rep1,88112df4-66e0-4a8a-8d7b-ea5419b04530,3895113,399,22413368700,22413397100,1781307214673-0
concurrency_n20_20260613_003304_redis_feed8_rep1,redis,sb:events:n20:feed8:rep1,e182ad3e-5a33-4704-b958-75a7bac9b3a1,3895060,400,22415605700,22415634500,1781307214675-0
concurrency_n20_20260613_003304_redis_feed8_rep1,redis,sb:events:n20:feed8:rep1,ef3078a5-3393-48b0-8afb-796cff80c5a0,3895060,400,22417137200,22417160800,1781307214677-0
concurrency_n20_20260613_003304_redis_feed8_rep1,redis,sb:events:n20:feed8:rep1,474ab2df-3a03-4e71-b8ec-bbdf568286d7,3895060,400,22418806100,22418835400,1781307214681-0
concurrency_n20_20260613_003304_redis_feed8_rep1,redis,sb:events:n20:feed8:rep1,eba2e6e8-636d-45f0-a8ce-0f0bd1d57411,3895052,400,22423733300,22424471500,1781307214683-0
concurrency_n20_20260613_003304_redis_feed8_rep1,redis,sb:events:n20:feed8:rep1,41f9512b-ca4f-49d7-8b8d-4a8999004a4d,3895052,400,22426241300,22426323100,1781307214685-0
concurrency_n20_20260613_003304_redis_feed8_rep1,redis,sb:events:n20:feed8:rep1,9eb51b15-3167-43e5-90ca-ca7b9be4372a,3895052,400,22427872400,22427898200,1781307214687-0
concurrency_n20_20260613_003304_redis_feed8_rep1,redis,sb:events:n20:feed8:rep1,f044af23-bafc-40e0-a29a-ccb8a12270a2,3895113,400,22430043600,22430085700,1781307214688-0
concurrency_n20_20260613_003304_redis_feed8_rep1,redis,sb:events:n20:feed8:rep1,52f12bc7-1f6f-4e45-bafd-d9a5aac3c720,3895113,400,22433833100,22433879600,1781307214690-0
concurrency_n20_20260613_003304_redis_feed8_rep1,redis,sb:events:n20:feed8:rep1,2687b66f-9cee-4ec4-9576-3ff4bdcceb52,3895086,401,22436476100,22436499700,1781307214695-0
concurrency_n20_20260613_003304_redis_feed8_rep1,redis,sb:events:n20:feed8:rep1,11f7ce84-24b4-475a-b143-83db518ce7d3,3895095,402,22438358200,22438407400,1781307214697-0
concurrency_n20_20260613_003304_redis_feed8_rep1,redis,sb:events:n20:feed8:rep1,6997db3a-ca3c-43da-bca2-16b9a922f6d8,3895095,402,22442661900,22442712900,1781307214698-0
concurrency_n20_20260613_003304_redis_feed8_rep1,redis,sb:events:n20:feed8:rep1,d2cfd8cf-c66c-4e29-9c67-b49258151b2a,3895095,402,22445619900,22445657900,1781307214700-0
concurrency_n20_20260613_003304_redis_feed8_rep1,redis,sb:events:n20:feed8:rep1,059fd091-ff2b-4556-a70b-0e68acc6b0cf,3895052,402,22447933600,22447965100,1781307214702-0
concurrency_n20_20260613_003304_redis_feed8_rep1,redis,sb:events:n20:feed8:rep1,22881a06-05be-4bf0-8518-2681eb9797a3,3895052,402,22451124100,22451152900,1781307214703-0
concurrency_n20_20260613_003304_redis_feed8_rep1,redis,sb:events:n20:feed8:rep1,6088b9ad-bddd-45ba-8d07-3e78feb5654a,3895052,403,22454045100,22454080900,1781307214706-0
concurrency_n20_20260613_003304_redis_feed8_rep1,redis,sb:events:n20:feed8:rep1,ec99ce1c-a4c8-4148-aa55-3bfe856b5836,3895086,403,22456945900,22456971800,1781307214708-0
concurrency_n20_20260613_003304_redis_feed8_rep1,redis,sb:events:n20:feed8:rep1,fdf94033-542d-4292-95c2-cb787c750b62,3895086,403,22463020700,22463046500,1781307214709-0
concurrency_n20_20260613_003304_redis_feed8_rep1,redis,sb:events:n20:feed8:rep1,4a816579-df56-4ce5-b878-8d40f203cb52,3895113,403,22469932200,22470067800,1781307214710-0
concurrency_n20_20260613_003304_redis_feed8_rep1,redis,sb:events:n20:feed8:rep1,192e9df3-dac7-415f-8997-939d4d5b0f65,3895052,404,22471723000,22471755000,1781307214712-0
concurrency_n20_20260613_003304_redis_feed8_rep1,redis,sb:events:n20:feed8:rep1,1bc603e2-bad1-46d7-8749-cc2556e31806,3895052,404,22473579400,22473607000,1781307214717-0
concurrency_n20_20260613_003304_redis_feed8_rep1,redis,sb:events:n20:feed8:rep1,923738ee-fc49-4531-abda-89a58219a128,3895086,404,22474541800,22474568900,1781307214724-0
concurrency_n20_20260613_003304_redis_feed8_rep1,redis,sb:events:n20:feed8:rep1,2ecae5af-88bb-4062-af1e-2d24dc92d5f0,3895052,405,22476370400,22476400500,1781307214726-0
concurrency_n20_20260613_003304_redis_feed8_rep1,redis,sb:events:n20:feed8:rep1,1df1b344-254f-4242-bbff-259be52f2f9f,3895052,405,22482159500,22482209900,1781307214729-0
concurrency_n20_20260613_003304_redis_feed8_rep1,redis,sb:events:n20:feed8:rep1,1402a0f6-df9a-4a15-a85b-50a0ee7f1aa1,3895086,405,22485909000,22485942200,1781307214737-0
concurrency_n20_20260613_003304_redis_feed8_rep1,redis,sb:events:n20:feed8:rep1,f7cfe3a3-fa88-45b1-9e4a-ad8c92ba7d88,3895086,405,22488568700,22488597000,1781307214740-0
concurrency_n20_20260613_003304_redis_feed8_rep1,redis,sb:events:n20:feed8:rep1,34634858-227c-475b-b5c0-af15cc75c55a,3895113,405,22491948200,22491979000,1781307214742-0
concurrency_n20_20260613_003304_redis_feed8_rep1,redis,sb:events:n20:feed8:rep1,3b2bd1ac-8290-44b8-b954-ec2bab80ca29,3895113,405,22493270900,22493291700,1781307214744-0
concurrency_n20_20260613_003304_redis_feed8_rep1,redis,sb:events:n20:feed8:rep1,da545246-60fd-4a0d-9d5d-5d3ca007b671,3895052,406,22494172600,22494192200,1781307214747-0
concurrency_n20_20260613_003304_redis_feed8_rep1,redis,sb:events:n20:feed8:rep1,5ad79794-5352-47c6-ada3-96c1ef072a85,3895052,406,22495070200,22495089700,1781307214751-0
concurrency_n20_20260613_003304_redis_feed8_rep1,redis,sb:events:n20:feed8:rep1,ea396394-e219-4728-a86d-bb5b1ee852d5,3895052,406,22496192500,22496212800,1781307214755-0
concurrency_n20_20260613_003304_redis_feed8_rep1,redis,sb:events:n20:feed8:rep1,be47d88f-1996-48a0-8925-9f8edaa3ca68,3895086,406,22497378600,22497401800,1781307214764-0
concurrency_n20_20260613_003304_redis_feed8_rep1,redis,sb:events:n20:feed8:rep1,9466e7b4-8e45-4458-a5de-965a57e52aa8,3895113,406,22501364600,22501389700,1781307214765-0
concurrency_n20_20260613_003304_redis_feed8_rep1,redis,sb:events:n20:feed8:rep1,277885fb-01ce-483f-8d09-45be01ab9779,3895052,407,22502775000,22502801700,1781307214767-0
concurrency_n20_20260613_003304_redis_feed8_rep1,redis,sb:events:n20:feed8:rep1,def9f373-446b-4c52-93fe-6dfd8eb38e67,3895052,407,22504081100,22504104700,1781307214770-0
concurrency_n20_20260613_003304_redis_feed8_rep1,redis,sb:events:n20:feed8:rep1,8caecad9-5b7d-4c78-8088-c858e00b900d,3895052,407,22506894600,22506942200,1781307214771-0
concurrency_n20_20260613_003304_redis_feed8_rep1,redis,sb:events:n20:feed8:rep1,937de409-0477-4d40-8549-5681da2d0fd4,3895086,407,22512748000,22512771000,1781307214779-0
concurrency_n20_20260613_003304_redis_feed8_rep1,redis,sb:events:n20:feed8:rep1,0629b250-600d-423c-858d-2830bccad9ff,3895052,407,22514308700,22514351000,1781307214782-0
concurrency_n20_20260613_003304_redis_feed8_rep1,redis,sb:events:n20:feed8:rep1,fe6a69dc-8631-4c8a-8b09-61f474215e37,3895086,407,22515491600,22515513500,1781307214784-0
concurrency_n20_20260613_003304_redis_feed8_rep1,redis,sb:events:n20:feed8:rep1,32919933-6bb8-4faa-b18e-ad93184393bf,3895060,408,22519331800,22519367400,1781307214786-0
concurrency_n20_20260613_003304_redis_feed8_rep1,redis,sb:events:n20:feed8:rep1,507db774-d073-4767-ab0a-dbac0356c04c,3895086,408,22520970600,22520996000,1781307214788-0
concurrency_n20_20260613_003304_redis_feed8_rep1,redis,sb:events:n20:feed8:rep1,4d8f7de9-ba91-4892-a377-88cebd92d43b,3895086,408,22522125400,22522150800,1781307214790-0
concurrency_n20_20260613_003304_redis_feed8_rep1,redis,sb:events:n20:feed8:rep1,45d54390-55ed-4ec7-9ed0-3ef10a22a272,3895086,408,22525939600,22525964000,1781307214794-0
concurrency_n20_20260613_003304_redis_feed8_rep1,redis,sb:events:n20:feed8:rep1,c4dc179a-2949-41ca-8758-676ccc586d70,3895113,408,22526952700,22526973800,1781307214796-0
concurrency_n20_20260613_003304_redis_feed8_rep1,redis,sb:events:n20:feed8:rep1,0dc483af-2a22-4957-bcfa-4206c244b3db,3895113,408,22530670700,22530695200,1781307214797-0
concurrency_n20_20260613_003304_redis_feed8_rep1,redis,sb:events:n20:feed8:rep1,7a1cae44-d611-4898-8e6a-0e6ab7ad3571,3895052,409,22544603800,22544637000,1781307214798-0
concurrency_n20_20260613_003304_redis_feed8_rep1,redis,sb:events:n20:feed8:rep1,91059f5d-e167-45b7-a8ea-df5f6428998b,3895086,409,22554755100,22554815200,1781307214799-0
concurrency_n20_20260613_003304_redis_feed8_rep1,redis,sb:events:n20:feed8:rep1,2577a998-31d8-46a6-b78f-0bb1f75e62a6,3895086,409,22557089600,22557111800,1781307214805-0
concurrency_n20_20260613_003304_redis_feed8_rep1,redis,sb:events:n20:feed8:rep1,296aac38-e333-4822-a17e-1cf241ca8a48,3895086,409,22560458600,22560567600,1781307214807-0
concurrency_n20_20260613_003304_redis_feed8_rep1,redis,sb:events:n20:feed8:rep1,f80cc3e5-f190-499e-a88d-4db8d2eeb8b8,3895113,409,22562404500,22562481300,1781307214818-0
concurrency_n20_20260613_003304_redis_feed8_rep1,redis,sb:events:n20:feed8:rep1,9e692d8d-e162-4e14-bd3b-822eb58cf8d7,3895060,410,22565373900,22565399400,1781307214829-0
concurrency_n20_20260613_003304_redis_feed8_rep1,redis,sb:events:n20:feed8:rep1,f85e321f-816d-4b6c-8b0a-c051a766519e,3895060,410,22568095300,22568119200,1781307214831-0
concurrency_n20_20260613_003304_redis_feed8_rep1,redis,sb:events:n20:feed8:rep1,35af85ca-d396-423b-a75f-c7315989a22d,3895052,410,22568867700,22568886300,1781307214833-0
concurrency_n20_20260613_003304_redis_feed8_rep1,redis,sb:events:n20:feed8:rep1,32302554-dcc1-4615-b9b5-4186c5c1b65a,3895052,410,22570567600,22570583100,1781307214836-0
concurrency_n20_20260613_003304_redis_feed8_rep1,redis,sb:events:n20:feed8:rep1,86a2b8f2-6c9e-46e1-9a0b-cd9c358f43c9,3895052,410,22575963300,22575986400,1781307214837-0
concurrency_n20_20260613_003304_redis_feed8_rep1,redis,sb:events:n20:feed8:rep1,d8557160-f77d-4a4f-8d2a-dba2bae4f47b,3895086,410,22591347100,22591371000,1781307214853-0
concurrency_n20_20260613_003304_redis_feed8_rep1,redis,sb:events:n20:feed8:rep1,f63cf3f3-4dcb-4f72-9c59-848dcb4c981a,3895060,411,22601688800,22601710900,1781307214858-0
concurrency_n20_20260613_003304_redis_feed8_rep1,redis,sb:events:n20:feed8:rep1,b2b16ddc-9dbc-492c-9700-8dd09543424d,3895134,411,22607703800,22607833800,1781307214862-0
concurrency_n20_20260613_003304_redis_feed8_rep1,redis,sb:events:n20:feed8:rep1,d808606f-b088-4c1c-be2c-97e3e1c127d4,3895113,411,22612207100,22612236200,1781307214868-0
concurrency_n20_20260613_003304_redis_feed8_rep1,redis,sb:events:n20:feed8:rep1,5570ecf6-6ef2-4490-a64e-a26ae4565a05,3895113,411,22617868800,22617892100,1781307214870-0
concurrency_n20_20260613_003304_redis_feed8_rep1,redis,sb:events:n20:feed8:rep1,cbfece8b-528d-48bb-a985-fd5e64780757,3895060,412,22619193000,22619216700,1781307214876-0
concurrency_n20_20260613_003304_redis_feed8_rep1,redis,sb:events:n20:feed8:rep1,b0ca91fc-29bf-4b75-ab11-9b00df600132,3895107,412,22620433700,22620469700,1781307214878-0
concurrency_n20_20260613_003304_redis_feed8_rep1,redis,sb:events:n20:feed8:rep1,f0fe5375-7028-4044-af07-74a9d95bc1e7,3895134,412,22621954900,22621981400,1781307214880-0
concurrency_n20_20260613_003304_redis_feed8_rep1,redis,sb:events:n20:feed8:rep1,f1137b6b-87e8-4a2e-89f9-13eb6ec76570,3895134,412,22624152900,22624183300,1781307214882-0
concurrency_n20_20260613_003304_redis_feed8_rep1,redis,sb:events:n20:feed8:rep1,049eb390-d5d2-43ac-babd-9bc5b3977429,3895134,412,22626935700,22626961300,1781307214883-0
concurrency_n20_20260613_003304_redis_feed8_rep1,redis,sb:events:n20:feed8:rep1,9d177173-1ff5-49c7-85c1-9005c1cb85aa,3895052,412,22636475100,22636506900,1781307214885-0
concurrency_n20_20260613_003304_redis_feed8_rep1,redis,sb:events:n20:feed8:rep1,536d3016-2a58-45a2-abe7-7510d2fe82c6,3895052,412,22637448700,22637493100,1781307214891-0
concurrency_n20_20260613_003304_redis_feed8_rep1,redis,sb:events:n20:feed8:rep1,61eb9978-041a-4c5d-b84a-e83858aba17a,3895086,412,22638754200,22638778500,1781307214892-0
concurrency_n20_20260613_003304_redis_feed8_rep1,redis,sb:events:n20:feed8:rep1,9c2bfa0e-c0d4-4914-8233-9b3fc007a35f,3895086,412,22648576600,22648598100,1781307214894-0
concurrency_n20_20260613_003304_redis_feed8_rep1,redis,sb:events:n20:feed8:rep1,623277a1-75db-403a-92c9-c0afe097a0f3,3895060,413,22649386000,22649410600,1781307214896-0
concurrency_n20_20260613_003304_redis_feed8_rep1,redis,sb:events:n20:feed8:rep1,3a8dfce1-23cb-4ebc-9475-506109bebf1c,3895060,413,22650633900,22650651600,1781307214898-0
concurrency_n20_20260613_003304_redis_feed8_rep1,redis,sb:events:n20:feed8:rep1,e7efbe5c-3cff-4ea4-8ced-a3f2c2aa0ba3,3895060,413,22651656700,22651674100,1781307214900-0
concurrency_n20_20260613_003304_redis_feed8_rep1,redis,sb:events:n20:feed8:rep1,c1326634-36dc-4bb6-9ed6-814ed105a095,3895134,413,22652981900,22653003900,1781307214902-0
concurrency_n20_20260613_003304_redis_feed8_rep1,redis,sb:events:n20:feed8:rep1,bd65f10d-e0f0-4aa8-b643-123d11239e92,3895134,413,22654563200,22654586900,1781307214903-0
concurrency_n20_20260613_003304_redis_feed8_rep1,redis,sb:events:n20:feed8:rep1,2e924e2e-9f8a-4c8b-8a00-68c186e8eaa9,3895134,413,22655686900,22655709200,1781307214905-0
concurrency_n20_20260613_003304_redis_feed8_rep1,redis,sb:events:n20:feed8:rep1,44290f3c-3ec2-4fa9-b500-4e7a5186c44e,3895113,413,22656566200,22656587600,1781307214910-0
concurrency_n20_20260613_003304_redis_feed8_rep1,redis,sb:events:n20:feed8:rep1,68e72920-b8ea-4477-80de-6b48608ab973,3895113,413,22660807900,22660984900,1781307214913-0
concurrency_n20_20260613_003304_redis_feed8_rep1,redis,sb:events:n20:feed8:rep1,ff3547ec-2170-4976-8933-a4cb58199080,3895095,414,22663404700,22663426300,1781307214915-0
concurrency_n20_20260613_003304_redis_feed8_rep1,redis,sb:events:n20:feed8:rep1,47e31b83-14fc-4b14-b1fe-b65017d691b0,3895060,414,22668132600,22668194500,1781307214918-0
concurrency_n20_20260613_003304_redis_feed8_rep1,redis,sb:events:n20:feed8:rep1,949a886f-d69a-4509-9346-4e83b5bd4fcf,3895052,414,22669838300,22670051100,1781307214920-0
concurrency_n20_20260613_003304_redis_feed8_rep1,redis,sb:events:n20:feed8:rep1,c736668c-4114-4f71-8581-04840b78fdfc,3895052,414,22672779900,22672817700,1781307214921-0
concurrency_n20_20260613_003304_redis_feed8_rep1,redis,sb:events:n20:feed8:rep1,870f203a-1731-4591-8a35-35776163afba,3895052,414,22681592200,22681618800,1781307214922-0
concurrency_n20_20260613_003304_redis_feed8_rep1,redis,sb:events:n20:feed8:rep1,d463709b-a7e4-4719-8e7c-f345637a5086,3895086,414,22686315800,22686339800,1781307214924-0
concurrency_n20_20260613_003304_redis_feed8_rep1,redis,sb:events:n20:feed8:rep1,25532f19-4415-4291-b9b3-a4e73494a1f8,3895086,414,22692998800,22693021200,1781307214925-0
concurrency_n20_20260613_003304_redis_feed8_rep1,redis,sb:events:n20:feed8:rep1,2f085a92-1363-4974-966b-dc892d14e8be,3895086,414,22701048200,22701074600,1781307214927-0
concurrency_n20_20260613_003304_redis_feed8_rep1,redis,sb:events:n20:feed8:rep1,d8a02821-cb11-450b-9e91-1109a9f8f97a,3895086,414,22703620700,22703679500,1781307214928-0
concurrency_n20_20260613_003304_redis_feed8_rep1,redis,sb:events:n20:feed8:rep1,8e99eef9-a763-462c-9e35-b3b54c78ba71,3895086,414,22706379500,22706397700,1781307214929-0
concurrency_n20_20260613_003304_redis_feed8_rep1,redis,sb:events:n20:feed8:rep1,6812f850-269c-4d05-8b62-b71b943c402f,3895107,415,22707818000,22707838000,1781307214930-0
concurrency_n20_20260613_003304_redis_feed8_rep1,redis,sb:events:n20:feed8:rep1,99ca80d7-67b1-4dd3-9ef6-984960943ae8,3895107,415,22709050600,22709072300,1781307214934-0
concurrency_n20_20260613_003304_redis_feed8_rep1,redis,sb:events:n20:feed8:rep1,b75d8a21-2eb8-4647-a613-33815d403e6a,3895134,415,22710885300,22710964200,1781307214939-0
concurrency_n20_20260613_003304_redis_feed8_rep1,redis,sb:events:n20:feed8:rep1,253dcb35-7257-46a0-a08b-249d8b51fbd9,3895134,415,22712197100,22712218800,1781307214947-0
concurrency_n20_20260613_003304_redis_feed8_rep1,redis,sb:events:n20:feed8:rep1,379d9ace-6e36-4c40-817b-a6f32834f83e,3895052,415,22714275800,22714300200,1781307214949-0
concurrency_n20_20260613_003304_redis_feed8_rep1,redis,sb:events:n20:feed8:rep1,6147588e-d8a3-4a36-ad8b-e69fcd874daa,3895052,415,22716005100,22716034200,1781307214954-0
concurrency_n20_20260613_003304_redis_feed8_rep1,redis,sb:events:n20:feed8:rep1,beabc681-2cf8-475a-bb3c-00b7f3b7c2ae,3895052,415,22717225800,22717249600,1781307214961-0
concurrency_n20_20260613_003304_redis_feed8_rep1,redis,sb:events:n20:feed8:rep1,0b4043ea-bec1-4b19-b6ab-d972a45b8598,3895086,415,22718017900,22718038100,1781307214968-0
concurrency_n20_20260613_003304_redis_feed8_rep1,redis,sb:events:n20:feed8:rep1,21d2c8a0-b595-4272-9dfc-75e88c9941e1,3895086,415,22719468900,22719567000,1781307214969-0
concurrency_n20_20260613_003304_redis_feed8_rep1,redis,sb:events:n20:feed8:rep1,0692e024-b42d-4dcf-bfc6-20a8aa424b12,3895113,415,22721173800,22721197100,1781307214970-0
concurrency_n20_20260613_003304_redis_feed8_rep1,redis,sb:events:n20:feed8:rep1,b630e6ee-951f-40bf-91b7-f4e0be85557b,3895095,416,22722649200,22722668200,1781307214971-0
concurrency_n20_20260613_003304_redis_feed8_rep1,redis,sb:events:n20:feed8:rep1,acbad204-8bb9-4133-bd15-3ca49cf3d0ff,3895095,416,22724714600,22724733600,1781307214976-0
concurrency_n20_20260613_003304_redis_feed8_rep1,redis,sb:events:n20:feed8:rep1,77733bfd-5fe1-4fc9-9c9f-9196f8190a56,3895121,416,22725532700,22725554500,1781307214977-0
concurrency_n20_20260613_003304_redis_feed8_rep1,redis,sb:events:n20:feed8:rep1,9bd4cae3-7820-4dd3-9240-d120514b0bc7,3895060,416,22730213300,22730250000,1781307214978-0
concurrency_n20_20260613_003304_redis_feed8_rep1,redis,sb:events:n20:feed8:rep1,f8ca4154-43b3-48ed-b553-1cf184ec1038,3895060,416,22731429900,22731453000,1781307214979-0
concurrency_n20_20260613_003304_redis_feed8_rep1,redis,sb:events:n20:feed8:rep1,b34b9ac5-3ae8-40ba-9a82-3869f19685e6,3895060,416,22732334000,22732384300,1781307214986-0
concurrency_n20_20260613_003304_redis_feed8_rep1,redis,sb:events:n20:feed8:rep1,feec5db4-0f06-4355-8a54-70eb4f6b6dc3,3895060,416,22733253200,22733273200,1781307214988-0
concurrency_n20_20260613_003304_redis_feed8_rep1,redis,sb:events:n20:feed8:rep1,65e1d14d-aa22-4c4c-b1ce-1537efd7439d,3895060,416,22735182700,22735203600,1781307214991-0
concurrency_n20_20260613_003304_redis_feed8_rep1,redis,sb:events:n20:feed8:rep1,908f957e-04f1-48fb-8e99-287395ea1faa,3895052,416,22738799500,22738826300,1781307214993-0
concurrency_n20_20260613_003304_redis_feed8_rep1,redis,sb:events:n20:feed8:rep1,a55fbea5-23f7-4ebe-b0a3-0317649ece33,3895052,416,22739935600,22739973400,1781307214994-0
concurrency_n20_20260613_003304_redis_feed8_rep1,redis,sb:events:n20:feed8:rep1,fbe5b36f-ffec-4d50-a29c-b27c8ca90566,3895113,416,22741756800,22741777600,1781307214995-0
concurrency_n20_20260613_003304_redis_feed8_rep1,redis,sb:events:n20:feed8:rep1,77203fc8-8554-443f-ad87-073950296d0f,3895113,416,22742606300,22742627800,1781307214998-0
concurrency_n20_20260613_003304_redis_feed8_rep1,redis,sb:events:n20:feed8:rep1,bbda0fd5-ae9d-49a1-8b96-adbc5fb7e2de,3895113,416,22743745100,22743767100,1781307215000-0
concurrency_n20_20260613_003304_redis_feed8_rep1,redis,sb:events:n20:feed8:rep1,f602af13-6e83-4f6c-9be4-43b87393fb88,3895095,417,22747479600,22747514200,1781307215003-0
concurrency_n20_20260613_003304_redis_feed8_rep1,redis,sb:events:n20:feed8:rep1,c8a4f65e-de16-4a55-8fea-5000bb592df9,3895095,417,22749020700,22749043400,1781307215004-0
concurrency_n20_20260613_003304_redis_feed8_rep1,redis,sb:events:n20:feed8:rep1,7c182b15-333f-4814-a1c6-d792e20b8ccc,3895121,417,22749975000,22749993300,1781307215006-0
concurrency_n20_20260613_003304_redis_feed8_rep1,redis,sb:events:n20:feed8:rep1,5138cd1b-110a-4921-b1a7-c909e6d0595d,3895121,417,22750839000,22750857800,1781307215007-0
concurrency_n20_20260613_003304_redis_feed8_rep1,redis,sb:events:n20:feed8:rep1,06b004be-3024-46a5-b7d6-bfde9decffc6,3895121,417,22753040400,22753082300,1781307215010-0
concurrency_n20_20260613_003304_redis_feed8_rep1,redis,sb:events:n20:feed8:rep1,475f9dcb-bb4b-40c5-a86a-34371bdd6335,3895067,417,22760956200,22760983300,1781307215011-0
concurrency_n20_20260613_003304_redis_feed8_rep1,redis,sb:events:n20:feed8:rep1,79751425-951b-446f-b337-7b354c42acaf,3895107,417,22765823700,22765850100,1781307215012-0
concurrency_n20_20260613_003304_redis_feed8_rep1,redis,sb:events:n20:feed8:rep1,bee45a1b-7555-4637-bb99-33137194ec5a,3895107,417,22767438900,22767464900,1781307215016-0
concurrency_n20_20260613_003304_redis_feed8_rep1,redis,sb:events:n20:feed8:rep1,257932ed-8347-4039-8c47-79fce70b8520,3895113,417,22768962500,22768983200,1781307215017-0
concurrency_n20_20260613_003304_redis_feed8_rep1,redis,sb:events:n20:feed8:rep1,358ad0b5-866d-4ca3-a08d-9d5ff6090d45,3895113,417,22769958200,22769975000,1781307215019-0
concurrency_n20_20260613_003304_redis_feed8_rep1,redis,sb:events:n20:feed8:rep1,47de5d62-d762-4704-9e04-0d1a9266c1d8,3895095,418,22771719000,22771741300,1781307215021-0
concurrency_n20_20260613_003304_redis_feed8_rep1,redis,sb:events:n20:feed8:rep1,8f596fd2-0f57-4e26-a29e-c10996f42f74,3895067,418,22776731200,22776760700,1781307215028-0
concurrency_n20_20260613_003304_redis_feed8_rep1,redis,sb:events:n20:feed8:rep1,55b6a5e4-4628-4e20-907f-615515236ec7,3895107,418,22787600000,22787622300,1781307215031-0
concurrency_n20_20260613_003304_redis_feed8_rep1,redis,sb:events:n20:feed8:rep1,506ab386-496b-4e13-b497-02c06a45148a,3895107,418,22795658000,22795704500,1781307215033-0
concurrency_n20_20260613_003304_redis_feed8_rep1,redis,sb:events:n20:feed8:rep1,7e115206-e835-4e32-8de9-0edc67fe7bf7,3895052,418,22798459000,22798488000,1781307215035-0
concurrency_n20_20260613_003304_redis_feed8_rep1,redis,sb:events:n20:feed8:rep1,19832783-f5f6-41ce-ba88-d0b2b263d71f,3895113,418,22799860700,22799886000,1781307215037-0
concurrency_n20_20260613_003304_redis_feed8_rep1,redis,sb:events:n20:feed8:rep1,77982580-78a9-484f-a647-0224cba818e8,3895095,419,22801560100,22801579300,1781307215045-0
concurrency_n20_20260613_003304_redis_feed8_rep1,redis,sb:events:n20:feed8:rep1,b9184c86-7d6a-44d1-b147-574784daa4f5,3895095,419,22802911900,22802937100,1781307215050-0
concurrency_n20_20260613_003304_redis_feed8_rep1,redis,sb:events:n20:feed8:rep1,efbc0cd9-0b72-41cc-a5ec-f62779fd6aca,3895052,419,22808026900,22808052400,1781307215052-0
concurrency_n20_20260613_003304_redis_feed8_rep1,redis,sb:events:n20:feed8:rep1,3338f79f-b203-4dc7-83e2-98c37ca8e12f,3895052,419,22813691100,22813715800,1781307215055-0
concurrency_n20_20260613_003304_redis_feed8_rep1,redis,sb:events:n20:feed8:rep1,b727a896-9cdc-4334-ab9b-9237d0b76848,3895067,420,22814490900,22814518000,1781307215057-0
concurrency_n20_20260613_003304_redis_feed8_rep1,redis,sb:events:n20:feed8:rep1,d7db4f40-1535-4d73-a2f3-a27c78963c8b,3895113,420,22815191300,22815208500,1781307215064-0
concurrency_n20_20260613_003304_redis_feed8_rep1,redis,sb:events:n20:feed8:rep1,015aa0ed-4f76-44fb-9aa5-208f77af020b,3895113,420,22818562400,22818589800,1781307215071-0
concurrency_n20_20260613_003304_redis_feed8_rep1,redis,sb:events:n20:feed8:rep1,40cf82a5-f894-407d-927a-6998d56f06da,3895095,421,22819891800,22819912900,1781307215077-0
concurrency_n20_20260613_003304_redis_feed8_rep1,redis,sb:events:n20:feed8:rep1,10b10ad8-6ae8-4988-83e9-bec12af31813,3895107,421,22827305100,22827329500,1781307215086-0
concurrency_n20_20260613_003304_redis_feed8_rep1,redis,sb:events:n20:feed8:rep1,9877fe33-ba1b-4830-81d9-b393db345d2c,3895107,421,22828139700,22828180100,1781307215092-0
concurrency_n20_20260613_003304_redis_feed8_rep1,redis,sb:events:n20:feed8:rep1,e6867187-7dcc-4683-b53d-39f1dbde94fa,3895107,421,22831532800,22831557300,1781307215094-0
concurrency_n20_20260613_003304_redis_feed8_rep1,redis,sb:events:n20:feed8:rep1,f68b6b3e-82e4-4c96-a859-9bd2f822111b,3895113,421,22832728900,22832750100,1781307215095-0
concurrency_n20_20260613_003304_redis_feed8_rep1,redis,sb:events:n20:feed8:rep1,ed40601f-a3a5-4d32-a87b-ff24e0302022,3895113,421,22834156200,22834177100,1781307215096-0
concurrency_n20_20260613_003304_redis_feed8_rep1,redis,sb:events:n20:feed8:rep1,d4556014-5256-4e1e-9a08-39c118c98ca6,3895113,421,22835344500,22835364000,1781307215097-0
concurrency_n20_20260613_003304_redis_feed8_rep1,redis,sb:events:n20:feed8:rep1,8529bde3-983c-4025-8ba6-848af3117801,3895095,422,22840665200,22840708100,1781307215099-0
concurrency_n20_20260613_003304_redis_feed8_rep1,redis,sb:events:n20:feed8:rep1,5adeab2c-b652-4898-972d-0086e866cc09,3895095,422,22842016200,22842037900,1781307215101-0
concurrency_n20_20260613_003304_redis_feed8_rep1,redis,sb:events:n20:feed8:rep1,87e4711a-1ca3-4370-8bb9-3a00caab8c51,3895067,422,22851539000,22851563800,1781307215104-0
concurrency_n20_20260613_003304_redis_feed8_rep1,redis,sb:events:n20:feed8:rep1,b26a8a32-8c02-4a46-b785-68a3b34e4e67,3895067,422,22854063500,22854095400,1781307215105-0
concurrency_n20_20260613_003304_redis_feed8_rep1,redis,sb:events:n20:feed8:rep1,e09f814d-e43c-42ee-882c-6d000acf6c73,3895067,422,22855347000,22855463700,1781307215106-0
concurrency_n20_20260613_003304_redis_feed8_rep1,redis,sb:events:n20:feed8:rep1,c6a68a89-8e28-4787-8071-ee2238f7ec12,3895052,422,22857496600,22857527300,1781307215109-0
concurrency_n20_20260613_003304_redis_feed8_rep1,redis,sb:events:n20:feed8:rep1,5d544481-3697-4ed7-a614-f9fb9c1edfb8,3895113,422,22866810800,22866837000,1781307215117-0
concurrency_n20_20260613_003304_redis_feed8_rep1,redis,sb:events:n20:feed8:rep1,bca77d47-f9f8-4766-a34a-08c172eda3d0,3895095,423,22867829400,22867859700,1781307215120-0
concurrency_n20_20260613_003304_redis_feed8_rep1,redis,sb:events:n20:feed8:rep1,7fc08a97-ce61-4425-a1eb-646252e6271c,3895052,423,22869361300,22869382200,1781307215121-0
concurrency_n20_20260613_003304_redis_feed8_rep1,redis,sb:events:n20:feed8:rep1,84383b5d-c08c-4020-9b5e-aa636c93380a,3895052,423,22870477500,22870499500,1781307215122-0
concurrency_n20_20260613_003304_redis_feed8_rep1,redis,sb:events:n20:feed8:rep1,f25310be-8808-45cf-857a-24465bb05552,3895095,424,22874346700,22874373800,1781307215131-0
concurrency_n20_20260613_003304_redis_feed8_rep1,redis,sb:events:n20:feed8:rep1,fbb22634-7438-4151-b9b1-0b834c52ed57,3895095,424,22875821900,22875905300,1781307215132-0
concurrency_n20_20260613_003304_redis_feed8_rep1,redis,sb:events:n20:feed8:rep1,c5a7dbce-13fb-43cc-9479-381d93382113,3895121,424,22878162100,22878186100,1781307215134-0
concurrency_n20_20260613_003304_redis_feed8_rep1,redis,sb:events:n20:feed8:rep1,e002fe65-6625-4378-b5fd-1f8f4795d3ea,3895060,424,22879471400,22879489600,1781307215135-0
concurrency_n20_20260613_003304_redis_feed8_rep1,redis,sb:events:n20:feed8:rep1,84c3bc58-acea-4433-a077-bb93b993e54b,3895067,424,22880378300,22880397300,1781307215139-0
concurrency_n20_20260613_003304_redis_feed8_rep1,redis,sb:events:n20:feed8:rep1,1bf883fe-4aac-4e50-8ad4-b5911f1b9233,3895067,424,22882583800,22887963200,1781307215142-0
concurrency_n20_20260613_003304_redis_feed8_rep1,redis,sb:events:n20:feed8:rep1,9285db92-2f24-4ad4-8435-b60db43df8ee,3895067,424,22889651700,22889680300,1781307215143-0
concurrency_n20_20260613_003304_redis_feed8_rep1,redis,sb:events:n20:feed8:rep1,b12df8ae-5e7d-43a2-b8fc-04658119dd5f,3895107,424,22894442600,22894471200,1781307215147-0
concurrency_n20_20260613_003304_redis_feed8_rep1,redis,sb:events:n20:feed8:rep1,6d8088a4-2f31-4bbd-a6f1-865d876a4f1b,3895107,424,22895228400,22895246500,1781307215148-0
concurrency_n20_20260613_003304_redis_feed8_rep1,redis,sb:events:n20:feed8:rep1,e03b541a-0128-4a89-a779-ec9e04af45f2,3895095,425,22896144200,22896161300,1781307215155-0
concurrency_n20_20260613_003304_redis_feed8_rep1,redis,sb:events:n20:feed8:rep1,d406f4e2-df35-4eab-9aaa-ccb6a52802ae,3895095,425,22899506300,22899530700,1781307215163-0
concurrency_n20_20260613_003304_redis_feed8_rep1,redis,sb:events:n20:feed8:rep1,38bd0c04-893f-4c29-9619-699c2924da1c,3895060,425,22900758900,22900781200,1781307215164-0
concurrency_n20_20260613_003304_redis_feed8_rep1,redis,sb:events:n20:feed8:rep1,fd39eb14-b6ea-432b-a902-c9553ce0bc59,3895067,425,22903060900,22903113300,1781307215166-0
concurrency_n20_20260613_003304_redis_feed8_rep1,redis,sb:events:n20:feed8:rep1,57f01443-fba4-49b5-b44a-65824bf6fa3f,3895067,425,22904368000,22904385600,1781307215168-0
concurrency_n20_20260613_003304_redis_feed8_rep1,redis,sb:events:n20:feed8:rep1,45e701be-e227-45fb-b099-b50b01715efa,3895113,425,22906278300,22906298600,1781307215170-0
concurrency_n20_20260613_003304_redis_feed8_rep1,redis,sb:events:n20:feed8:rep1,ce661350-9ba1-4054-9861-89dbd8320148,3895095,426,22908306600,22908331400,1781307215171-0
concurrency_n20_20260613_003304_redis_feed8_rep1,redis,sb:events:n20:feed8:rep1,177113c4-7f09-49b2-8275-501bbab8296b,3895121,426,22912238500,22912293100,1781307215172-0
concurrency_n20_20260613_003304_redis_feed8_rep1,redis,sb:events:n20:feed8:rep1,8c0a0745-671c-4ff3-94a5-67e1588a7133,3895121,426,22913934300,22913957400,1781307215174-0
concurrency_n20_20260613_003304_redis_feed8_rep1,redis,sb:events:n20:feed8:rep1,637250a5-80b7-442b-96f3-e6dd79f6435b,3895107,426,22916215700,22916243300,1781307215175-0
concurrency_n20_20260613_003304_redis_feed8_rep1,redis,sb:events:n20:feed8:rep1,dd28b9b3-01c4-4d13-a89a-9d4dfa958bf0,3895107,426,22921783300,22921824100,1781307215177-0
concurrency_n20_20260613_003304_redis_feed8_rep1,redis,sb:events:n20:feed8:rep1,3deee1c7-7081-4932-afe5-029c6365c89e,3895052,426,22927183200,22927207100,1781307215183-0
concurrency_n20_20260613_003304_redis_feed8_rep1,redis,sb:events:n20:feed8:rep1,8ae6bdb2-c24b-4ed0-983c-e939993c6742,3895113,426,22939416800,22939455100,1781307215188-0
concurrency_n20_20260613_003304_redis_feed8_rep1,redis,sb:events:n20:feed8:rep1,c92066a9-da65-499a-bd0a-e88faacd1e16,3895113,426,22958136600,22958223500,1781307215194-0
concurrency_n20_20260613_003304_redis_feed8_rep1,redis,sb:events:n20:feed8:rep1,6edc63ff-2dda-4fc8-ba14-ae9912b3209e,3895113,426,22964158400,22964191500,1781307215202-0
concurrency_n20_20260613_003304_redis_feed8_rep1,redis,sb:events:n20:feed8:rep1,db9d84fd-432f-4f42-b473-d4b609bf7918,3895095,427,22966649200,22966678700,1781307215203-0
concurrency_n20_20260613_003304_redis_feed8_rep1,redis,sb:events:n20:feed8:rep1,fb60ad6e-542e-4749-a9be-645d710a0c12,3895095,427,22971741600,22971766800,1781307215207-0
concurrency_n20_20260613_003304_redis_feed8_rep1,redis,sb:events:n20:feed8:rep1,48b2c580-fcfb-42ea-b767-e9832aa833dd,3895107,427,22975021200,22975049100,1781307215216-0
concurrency_n20_20260613_003304_redis_feed8_rep1,redis,sb:events:n20:feed8:rep1,0a603bab-8f62-4b61-a69e-89540ece0633,3895052,427,22976534600,22976597600,1781307215221-0
concurrency_n20_20260613_003304_redis_feed8_rep1,redis,sb:events:n20:feed8:rep1,2fa6a61d-2459-4a0f-b59f-4886fe4f5ea0,3895052,427,22978239000,22978348000,1781307215222-0
concurrency_n20_20260613_003304_redis_feed8_rep1,redis,sb:events:n20:feed8:rep1,ea0c80fe-688f-4973-ace6-d2ce2684a1d8,3895095,428,22981125500,22981148300,1781307215223-0
concurrency_n20_20260613_003304_redis_feed8_rep1,redis,sb:events:n20:feed8:rep1,4bb72644-890a-40bb-bcba-ce5cd5eed663,3895095,428,22986901200,22986930100,1781307215224-0
concurrency_n20_20260613_003304_redis_feed8_rep1,redis,sb:events:n20:feed8:rep1,def67e64-947f-422a-853c-70648bdf0bfc,3895113,428,22989129600,22989151400,1781307215232-0
concurrency_n20_20260613_003304_redis_feed8_rep1,redis,sb:events:n20:feed8:rep1,11f4dd85-d69a-4211-b9be-7e11aa409a6d,3895113,428,22992614500,22992641500,1781307215234-0
concurrency_n20_20260613_003304_redis_feed8_rep1,redis,sb:events:n20:feed8:rep1,b66a86fd-1b53-4985-b277-9512f9a82a1d,3895095,429,22993644000,22993669700,1781307215239-0
concurrency_n20_20260613_003304_redis_feed8_rep1,redis,sb:events:n20:feed8:rep1,e3332417-1d5d-4f0b-860a-8177361a7898,3895095,429,22995174400,22995194300,1781307215242-0
concurrency_n20_20260613_003304_redis_feed8_rep1,redis,sb:events:n20:feed8:rep1,fdad131f-38c4-4a0d-ac58-0a8bfc15a8ef,3895121,429,22997213300,22997234000,1781307215243-0
concurrency_n20_20260613_003304_redis_feed8_rep1,redis,sb:events:n20:feed8:rep1,8db5b84a-4efe-4569-99d8-5fdbe4823787,3895067,429,22998015000,22998069100,1781307215245-0
concurrency_n20_20260613_003304_redis_feed8_rep1,redis,sb:events:n20:feed8:rep1,034a278a-8f57-4670-8cf0-1b6dabc19014,3895107,429,22999216000,22999372100,1781307215247-0
concurrency_n20_20260613_003304_redis_feed8_rep1,redis,sb:events:n20:feed8:rep1,dfd27999-52a4-42b8-a6e5-424cb70e1484,3895107,429,23000548900,23000569000,1781307215249-0
concurrency_n20_20260613_003304_redis_feed8_rep1,redis,sb:events:n20:feed8:rep1,f96ae738-f917-46ca-9d54-9b60a348efb3,3895113,429,23001377500,23001396700,1781307215252-0
concurrency_n20_20260613_003304_redis_feed8_rep1,redis,sb:events:n20:feed8:rep1,ce31adac-f711-4460-a18e-e56195878998,3895113,429,23003222700,23003239500,1781307215262-0
concurrency_n20_20260613_003304_redis_feed8_rep1,redis,sb:events:n20:feed8:rep1,055732f8-40e1-47fb-a7ee-fd5a32d596d8,3895095,430,23012755000,23012819600,1781307215265-0
concurrency_n20_20260613_003304_redis_feed8_rep1,redis,sb:events:n20:feed8:rep1,262e08cf-dc35-4ef4-a9a2-6cc6df40b750,3895060,430,23028899100,23028925100,1781307215271-0
concurrency_n20_20260613_003304_redis_feed8_rep1,redis,sb:events:n20:feed8:rep1,c19ac7f5-1244-40b2-a581-211b2f547dfb,3895067,430,23030252000,23030277000,1781307215272-0
concurrency_n20_20260613_003304_redis_feed8_rep1,redis,sb:events:n20:feed8:rep1,9db4ba45-346b-4c43-ac9b-5404abb4bad5,3895067,430,23032479000,23032502300,1781307215274-0
concurrency_n20_20260613_003304_redis_feed8_rep1,redis,sb:events:n20:feed8:rep1,144bfef4-ffc4-4f45-9ae2-1b0a02eb9661,3895107,430,23037100600,23037130500,1781307215275-0
concurrency_n20_20260613_003304_redis_feed8_rep1,redis,sb:events:n20:feed8:rep1,1d710c2e-cbc2-432b-9bf8-43caf966b015,3895113,430,23038064300,23038111400,1781307215278-0
concurrency_n20_20260613_003304_redis_feed8_rep1,redis,sb:events:n20:feed8:rep1,4a6581a9-0412-4587-8dc0-4ffe46c29171,3895095,431,23038928100,23038946500,1781307215279-0
concurrency_n20_20260613_003304_redis_feed8_rep1,redis,sb:events:n20:feed8:rep1,32187eb7-eedb-4e12-a898-a7d56d3b68a6,3895095,431,23041796800,23041833200,1781307215289-0
concurrency_n20_20260613_003304_redis_feed8_rep1,redis,sb:events:n20:feed8:rep1,6f6abba1-714f-4452-95ed-dd6cc46b399b,3895121,431,23042979900,23043243100,1781307215290-0
concurrency_n20_20260613_003304_redis_feed8_rep1,redis,sb:events:n20:feed8:rep1,bb21425a-e4f4-4be2-8056-cf17dd2b881e,3895121,431,23044410400,23044441200,1781307215291-0
concurrency_n20_20260613_003304_redis_feed8_rep1,redis,sb:events:n20:feed8:rep1,ac1f6adf-b947-4def-8356-a26808cfdd55,3895060,431,23045586400,23045609000,1781307215293-0
concurrency_n20_20260613_003304_redis_feed8_rep1,redis,sb:events:n20:feed8:rep1,9354de97-1691-4640-b8dc-a3a4aac7f3f2,3895060,431,23046705500,23046725800,1781307215293-1
concurrency_n20_20260613_003304_redis_feed8_rep1,redis,sb:events:n20:feed8:rep1,e3014085-76db-4cd3-996c-114a6765ff2b,3895060,431,23047647900,23047668700,1781307215296-0
concurrency_n20_20260613_003304_redis_feed8_rep1,redis,sb:events:n20:feed8:rep1,e3632c7d-6f54-4e9e-9d94-3e205aa61725,3895060,431,23049171600,23049398700,1781307215297-0
concurrency_n20_20260613_003304_redis_feed8_rep1,redis,sb:events:n20:feed8:rep1,54cc941c-73bd-49d2-96ac-b1524e6e9c73,3895067,431,23050745100,23050778900,1781307215300-0
concurrency_n20_20260613_003304_redis_feed8_rep1,redis,sb:events:n20:feed8:rep1,4479164d-0996-42af-9f05-6b6463406836,3895107,431,23052214700,23052245700,1781307215301-0
concurrency_n20_20260613_003304_redis_feed8_rep1,redis,sb:events:n20:feed8:rep1,e8d5b618-cd87-489d-ba58-f5bc4dc905f4,3895107,431,23055188800,23055219100,1781307215302-0
concurrency_n20_20260613_003304_redis_feed8_rep1,redis,sb:events:n20:feed8:rep1,8676e2f7-a190-45a5-811d-d2ec168d652b,3895107,431,23056655500,23056678800,1781307215304-0
concurrency_n20_20260613_003304_redis_feed8_rep1,redis,sb:events:n20:feed8:rep1,f2705ddd-761e-4696-add2-9450c946b2d2,3895107,431,23057756600,23057778700,1781307215305-0
concurrency_n20_20260613_003304_redis_feed8_rep1,redis,sb:events:n20:feed8:rep1,8fa44da0-9f33-4997-a61a-cd790ade4ac0,3895107,431,23058975300,23059000800,1781307215306-0
concurrency_n20_20260613_003304_redis_feed8_rep1,redis,sb:events:n20:feed8:rep1,5ac3b939-8489-44ae-8196-d90c071a4e2b,3895113,431,23060160600,23060187200,1781307215307-0
concurrency_n20_20260613_003304_redis_feed8_rep1,redis,sb:events:n20:feed8:rep1,b3e61b06-ad2b-4430-b01f-2bae1332dc42,3895113,431,23062217400,23062239900,1781307215308-0
concurrency_n20_20260613_003304_redis_feed8_rep1,redis,sb:events:n20:feed8:rep1,96005594-9251-40b6-8a5a-9336a35101e4,3895113,431,23063770300,23063792100,1781307215312-0
concurrency_n20_20260613_003304_redis_feed8_rep1,redis,sb:events:n20:feed8:rep1,88d4aea8-b87a-4fd2-b153-f3537ba33b68,3895095,432,23065669100,23065692600,1781307215313-0
concurrency_n20_20260613_003304_redis_feed8_rep1,redis,sb:events:n20:feed8:rep1,c1fa473a-9e1c-4633-a285-8c1741fb4574,3895095,432,23066894900,23066918700,1781307215315-0
concurrency_n20_20260613_003304_redis_feed8_rep1,redis,sb:events:n20:feed8:rep1,9bbddf36-ac73-4aa3-a031-94e75138231f,3895095,432,23068454500,23068475800,1781307215316-0
concurrency_n20_20260613_003304_redis_feed8_rep1,redis,sb:events:n20:feed8:rep1,c7dde75e-004e-46b4-a795-8a30d801b6bb,3895060,432,23069511400,23069531700,1781307215318-0
concurrency_n20_20260613_003304_redis_feed8_rep1,redis,sb:events:n20:feed8:rep1,df18bfeb-46df-479c-a423-b135de585619,3895060,432,23070845600,23070866400,1781307215321-0
concurrency_n20_20260613_003304_redis_feed8_rep1,redis,sb:events:n20:feed8:rep1,129db130-d09b-4e91-a358-7ac06bac952e,3895067,432,23073207500,23073232800,1781307215324-0
concurrency_n20_20260613_003304_redis_feed8_rep1,redis,sb:events:n20:feed8:rep1,48add514-4b91-4a5b-94f3-9870629eb0aa,3895113,432,23075562100,23075592200,1781307215326-0
concurrency_n20_20260613_003304_redis_feed8_rep1,redis,sb:events:n20:feed8:rep1,493545a5-6aa4-4023-9420-46007b1a3ce8,3895095,433,23078920400,23078949600,1781307215332-0
concurrency_n20_20260613_003304_redis_feed8_rep1,redis,sb:events:n20:feed8:rep1,b1ab7cf7-adff-4370-914b-ba4be232fd2e,3895095,433,23080256900,23080307200,1781307215333-0
concurrency_n20_20260613_003304_redis_feed8_rep1,redis,sb:events:n20:feed8:rep1,b49dcd3c-6f29-40c3-87a1-111f4b10edcc,3895067,433,23082129700,23082155900,1781307215334-0
concurrency_n20_20260613_003304_redis_feed8_rep1,redis,sb:events:n20:feed8:rep1,b7adec60-6c24-4fa4-85f1-e8d69d928fc4,3895067,433,23083791100,23083816900,1781307215336-0
concurrency_n20_20260613_003304_redis_feed8_rep1,redis,sb:events:n20:feed8:rep1,5dc3eb73-6e81-4402-903c-91723503a97b,3895113,433,23085377100,23085458900,1781307215338-0
concurrency_n20_20260613_003304_redis_feed8_rep1,redis,sb:events:n20:feed8:rep1,848557c8-e3b0-4304-8e75-0f092d5f538b,3895113,433,23086454600,23086478400,1781307215342-0
concurrency_n20_20260613_003304_redis_feed8_rep1,redis,sb:events:n20:feed8:rep1,b96fac13-833d-4317-bdd8-27039d4efe4c,3895121,434,23090785300,23090813700,1781307215344-0
concurrency_n20_20260613_003304_redis_feed8_rep1,redis,sb:events:n20:feed8:rep1,2785f3be-29b1-4860-9818-3d324c7c8513,3895067,434,23093239000,23093259900,1781307215345-0
concurrency_n20_20260613_003304_redis_feed8_rep1,redis,sb:events:n20:feed8:rep1,7411ec5f-a392-46c2-b39a-a6ce300040ce,3895134,434,23094459800,23094482200,1781307215347-0
concurrency_n20_20260613_003304_redis_feed8_rep1,redis,sb:events:n20:feed8:rep1,355b84ac-ece7-446f-8ebd-0c8ed6bdef6b,3895095,435,23095879200,23095901200,1781307215355-0
concurrency_n20_20260613_003304_redis_feed8_rep1,redis,sb:events:n20:feed8:rep1,d69457d5-e8ea-465a-b7bd-fb5f43c24a86,3895121,435,23099080300,23099105900,1781307215358-0
concurrency_n20_20260613_003304_redis_feed8_rep1,redis,sb:events:n20:feed8:rep1,4b2ad3a7-763e-40ec-920b-ecc3295c0b46,3895121,435,23103267200,23103288800,1781307215362-0
concurrency_n20_20260613_003304_redis_feed8_rep1,redis,sb:events:n20:feed8:rep1,094fe689-aadc-4af2-ae32-ef2095f0332c,3895060,435,23104769100,23104792500,1781307215363-0
concurrency_n20_20260613_003304_redis_feed8_rep1,redis,sb:events:n20:feed8:rep1,d9c29d58-b124-4bfd-ab19-425feb9af87e,3895067,435,23105841200,23106127200,1781307215365-0
concurrency_n20_20260613_003304_redis_feed8_rep1,redis,sb:events:n20:feed8:rep1,727c58ca-fe98-4f29-ab91-bc46259c9b71,3895067,435,23107358300,23107385600,1781307215368-0
concurrency_n20_20260613_003304_redis_feed8_rep1,redis,sb:events:n20:feed8:rep1,ed0b9f44-e15b-427c-8d2b-d97f55fdc7c7,3895086,435,23110407700,23110436200,1781307215370-0
concurrency_n20_20260613_003304_redis_feed8_rep1,redis,sb:events:n20:feed8:rep1,16a56046-af8d-4ba3-b3dc-43de66273854,3895113,435,23112741200,23112833700,1781307215371-0
concurrency_n20_20260613_003304_redis_feed8_rep1,redis,sb:events:n20:feed8:rep1,475b1c6c-47d5-4a80-9b4c-72f2fcb41fd7,3895095,436,23114812600,23114839500,1781307215375-0
concurrency_n20_20260613_003304_redis_feed8_rep1,redis,sb:events:n20:feed8:rep1,16e5ad03-7768-454a-804c-08564ee079f7,3895060,436,23117423100,23117506300,1781307215377-0
concurrency_n20_20260613_003304_redis_feed8_rep1,redis,sb:events:n20:feed8:rep1,3bd62e95-05b6-4e65-9231-39e838eb8842,3895060,436,23118556700,23118576900,1781307215379-0
concurrency_n20_20260613_003304_redis_feed8_rep1,redis,sb:events:n20:feed8:rep1,f44ae8ce-cef1-43b4-9e4a-4b72af18ec99,3895134,436,23119574400,23119592500,1781307215383-0
concurrency_n20_20260613_003304_redis_feed8_rep1,redis,sb:events:n20:feed8:rep1,ef287494-52f4-4aca-906e-c1edce19b58f,3895086,436,23122567700,23122593300,1781307215384-0
concurrency_n20_20260613_003304_redis_feed8_rep1,redis,sb:events:n20:feed8:rep1,5c4bb60c-b1ec-43bd-859f-01a372519ccf,3895086,436,23125509100,23125539400,1781307215386-0
concurrency_n20_20260613_003304_redis_feed8_rep1,redis,sb:events:n20:feed8:rep1,8197e381-d8c3-4fb0-b801-b3ba90fd20c9,3895086,436,23133756500,23133778300,1781307215389-0
concurrency_n20_20260613_003304_redis_feed8_rep1,redis,sb:events:n20:feed8:rep1,5dfbc264-25d2-487c-9d6d-f52626ebe7fc,3895113,436,23134801000,23134823300,1781307215390-0
concurrency_n20_20260613_003304_redis_feed8_rep1,redis,sb:events:n20:feed8:rep1,0157e06e-c1f4-45e2-a345-3750b06b9a5c,3895113,436,23136711700,23136740200,1781307215391-0
concurrency_n20_20260613_003304_redis_feed8_rep1,redis,sb:events:n20:feed8:rep1,1f541b89-a6a6-4c92-ba55-71f3897550dd,3895113,436,23137724900,23137777800,1781307215394-0
concurrency_n20_20260613_003304_redis_feed8_rep1,redis,sb:events:n20:feed8:rep1,6498dc6b-e7de-41bf-b7f0-cf3bf49be188,3895113,436,23139166300,23139193400,1781307215395-0
concurrency_n20_20260613_003304_redis_feed8_rep1,redis,sb:events:n20:feed8:rep1,4549fc3e-e957-4689-839b-57471879a085,3895113,436,23140520100,23140547000,1781307215399-0
concurrency_n20_20260613_003304_redis_feed8_rep1,redis,sb:events:n20:feed8:rep1,da84b5d9-2277-482a-9361-1c1aa276c423,3895095,437,23144830400,23145226500,1781307215402-0
concurrency_n20_20260613_003304_redis_feed8_rep1,redis,sb:events:n20:feed8:rep1,a2940536-baaa-4a93-b5f2-41362dd74f23,3895095,437,23148180500,23148209900,1781307215404-0
concurrency_n20_20260613_003304_redis_feed8_rep1,redis,sb:events:n20:feed8:rep1,5fc6d303-5356-4b7c-b25a-8710ac89d84c,3895067,437,23150083100,23150107400,1781307215406-0
concurrency_n20_20260613_003304_redis_feed8_rep1,redis,sb:events:n20:feed8:rep1,caef0d3c-5341-4407-976e-c3670c999ab1,3895113,437,23151922000,23151952900,1781307215407-0
concurrency_n20_20260613_003304_redis_feed8_rep1,redis,sb:events:n20:feed8:rep1,32389334-659a-4a79-afea-97290dcd3df4,3895121,438,23155241800,23155272300,1781307215408-0
concurrency_n20_20260613_003304_redis_feed8_rep1,redis,sb:events:n20:feed8:rep1,a12e9638-29c2-4c16-9b05-d506cace3264,3895067,438,23158688300,23158715100,1781307215409-0
concurrency_n20_20260613_003304_redis_feed8_rep1,redis,sb:events:n20:feed8:rep1,f5ee6a62-e25d-4aa7-af17-199665116373,3895067,438,23163597800,23163626200,1781307215411-0
concurrency_n20_20260613_003304_redis_feed8_rep1,redis,sb:events:n20:feed8:rep1,561d6113-04f3-4452-b671-9032cd80905e,3895067,438,23164934300,23164957700,1781307215414-0
concurrency_n20_20260613_003304_redis_feed8_rep1,redis,sb:events:n20:feed8:rep1,49dbe2f4-0751-4108-ad6e-e588b879fa5a,3895086,438,23169751200,23169777400,1781307215416-0
concurrency_n20_20260613_003304_redis_feed8_rep1,redis,sb:events:n20:feed8:rep1,c0c196e8-3953-48d2-a1f4-b528b36b3bbe,3895086,438,23170777500,23170802700,1781307215418-0
concurrency_n20_20260613_003304_redis_feed8_rep1,redis,sb:events:n20:feed8:rep1,b57676ce-ceb6-42b5-b9c8-4c3e8fd7a167,3895086,438,23172762700,23172794600,1781307215421-0
concurrency_n20_20260613_003304_redis_feed8_rep1,redis,sb:events:n20:feed8:rep1,15db4ee9-576c-4602-b829-3a8b0029ae3f,3895086,438,23175779100,23176002700,1781307215425-0
concurrency_n20_20260613_003304_redis_feed8_rep1,redis,sb:events:n20:feed8:rep1,81ae327d-bfe8-4ecc-9e13-f01f8eb015b5,3895086,438,23178424100,23178456500,1781307215427-0
concurrency_n20_20260613_003304_redis_feed8_rep1,redis,sb:events:n20:feed8:rep1,ac0e8f91-6935-42c6-8b8a-415d168f3db6,3895086,438,23184022200,23184079300,1781307215428-0
concurrency_n20_20260613_003304_redis_feed8_rep1,redis,sb:events:n20:feed8:rep1,a7c6e74a-6d6c-41a4-ae44-9e7612576432,3895113,438,23185767400,23185789800,1781307215433-0
concurrency_n20_20260613_003304_redis_feed8_rep1,redis,sb:events:n20:feed8:rep1,54786c23-e3f1-4fd0-87b7-62544a2c615b,3895113,438,23187328600,23187352100,1781307215434-0
concurrency_n20_20260613_003304_redis_feed8_rep1,redis,sb:events:n20:feed8:rep1,58c9c29f-825e-4ae5-adc2-4c56c42203fc,3895113,438,23190973900,23191000300,1781307215436-0
concurrency_n20_20260613_003304_redis_feed8_rep1,redis,sb:events:n20:feed8:rep1,eed8e254-afe5-4087-b88b-b654514686d1,3895095,439,23197938500,23197974600,1781307215438-0
concurrency_n20_20260613_003304_redis_feed8_rep1,redis,sb:events:n20:feed8:rep1,6c3262eb-6358-4c82-9bc6-d19b80892428,3895134,439,23200616500,23200648800,1781307215440-0
concurrency_n20_20260613_003304_redis_feed8_rep1,redis,sb:events:n20:feed8:rep1,b4021d8d-2596-4e17-b9ad-1fce31aa26c1,3895113,439,23204257200,23204280400,1781307215442-0
concurrency_n20_20260613_003304_redis_feed8_rep1,redis,sb:events:n20:feed8:rep1,b57a80f6-6577-4585-8c4f-aa9d856fb34c,3895113,439,23205728900,23205811600,1781307215447-0
concurrency_n20_20260613_003304_redis_feed8_rep1,redis,sb:events:n20:feed8:rep1,bf0c578a-acae-46b9-86d2-5fe7717aedf5,3895060,440,23208926500,23208954900,1781307215451-0
concurrency_n20_20260613_003304_redis_feed8_rep1,redis,sb:events:n20:feed8:rep1,1cac3f24-2470-474a-955f-69cb2e1055e9,3895107,440,23210277400,23210305800,1781307215454-0
concurrency_n20_20260613_003304_redis_feed8_rep1,redis,sb:events:n20:feed8:rep1,7f8fbb4a-859a-4498-a068-acc86d0f8856,3895067,440,23211175400,23211194600,1781307215456-0
concurrency_n20_20260613_003304_redis_feed8_rep1,redis,sb:events:n20:feed8:rep1,17c63ed8-3b9b-4cc4-a909-7f32a08c6b19,3895134,440,23211967100,23211989700,1781307215457-0
concurrency_n20_20260613_003304_redis_feed8_rep1,redis,sb:events:n20:feed8:rep1,573ccd99-4c73-4985-95ff-fc4a86a4537e,3895134,440,23215231900,23215264600,1781307215461-0
concurrency_n20_20260613_003304_redis_feed8_rep1,redis,sb:events:n20:feed8:rep1,276b4ddc-bfde-471c-bdd8-a63cbf06dc06,3895086,440,23217372600,23217395100,1781307215465-0
concurrency_n20_20260613_003304_redis_feed8_rep1,redis,sb:events:n20:feed8:rep1,155c2683-3f85-4202-b794-c50d7bfa9001,3895095,441,23222835800,23222858700,1781307215466-0
concurrency_n20_20260613_003304_redis_feed8_rep1,redis,sb:events:n20:feed8:rep1,7bb6ab27-9e46-4f44-a939-cd2ac5b39d0f,3895095,441,23223876500,23223900800,1781307215469-0
concurrency_n20_20260613_003304_redis_feed8_rep1,redis,sb:events:n20:feed8:rep1,debe42e1-fcee-4d18-99c0-f55cb04cda73,3895060,441,23226862300,23226884900,1781307215470-0
concurrency_n20_20260613_003304_redis_feed8_rep1,redis,sb:events:n20:feed8:rep1,b095329c-74b5-413f-b09c-1ba29e158ce4,3895060,441,23228255500,23228275300,1781307215471-0
concurrency_n20_20260613_003304_redis_feed8_rep1,redis,sb:events:n20:feed8:rep1,10ee04cb-590d-4be1-929a-6e72ad04d538,3895086,441,23229845700,23229875700,1781307215473-0
concurrency_n20_20260613_003304_redis_feed8_rep1,redis,sb:events:n20:feed8:rep1,d0793566-ef87-45a9-b8df-39566408c616,3895086,441,23231371300,23231489800,1781307215477-0
concurrency_n20_20260613_003304_redis_feed8_rep1,redis,sb:events:n20:feed8:rep1,2603eb58-dc66-440e-80b4-a21ab04676c6,3895086,441,23235402000,23235426000,1781307215478-0
concurrency_n20_20260613_003304_redis_feed8_rep1,redis,sb:events:n20:feed8:rep1,f7cdedca-990f-4f4b-b29b-f4848481672b,3895086,441,23236832100,23236853700,1781307215481-0
concurrency_n20_20260613_003304_redis_feed8_rep1,redis,sb:events:n20:feed8:rep1,a4fdb17e-ae9b-4d1b-bd4c-96772d2bd8db,3895113,441,23242348400,23242378500,1781307215486-0
concurrency_n20_20260613_003304_redis_feed8_rep1,redis,sb:events:n20:feed8:rep1,57655f7e-e071-4ff5-9255-f63989011827,3895060,442,23243782300,23243808600,1781307215490-0
concurrency_n20_20260613_003304_redis_feed8_rep1,redis,sb:events:n20:feed8:rep1,e1b42cb7-e3de-4d0a-89d9-228422727114,3895060,442,23249657800,23249697800,1781307215491-0
concurrency_n20_20260613_003304_redis_feed8_rep1,redis,sb:events:n20:feed8:rep1,25b4bb1b-a95f-497f-96ee-bb64921c9241,3895060,442,23255118400,23255142600,1781307215493-0
concurrency_n20_20260613_003304_redis_feed8_rep1,redis,sb:events:n20:feed8:rep1,3c7cf69a-6dcf-4920-a925-b6747887a9de,3895107,442,23257391300,23257416800,1781307215501-0
concurrency_n20_20260613_003304_redis_feed8_rep1,redis,sb:events:n20:feed8:rep1,4d7ee021-7a0f-4d1e-81b4-c422c174a305,3895067,442,23262078100,23262111000,1781307215503-0
concurrency_n20_20260613_003304_redis_feed8_rep1,redis,sb:events:n20:feed8:rep1,177f1a1c-3da7-4345-a27b-c65a62441aab,3895067,442,23268572700,23268597500,1781307215505-0
concurrency_n20_20260613_003304_redis_feed8_rep1,redis,sb:events:n20:feed8:rep1,1effce85-49bb-4ab0-bcfb-fcd223cba3fc,3895095,443,23274794700,23274821500,1781307215509-0
concurrency_n20_20260613_003304_redis_feed8_rep1,redis,sb:events:n20:feed8:rep1,2a0b6c1b-2a44-482b-a32f-4d2fbd509c18,3895107,443,23275778900,23275799400,1781307215513-0
concurrency_n20_20260613_003304_redis_feed8_rep1,redis,sb:events:n20:feed8:rep1,ee6ed7de-6d67-46a2-8359-071f55d1ce89,3895067,443,23283044100,23283071000,1781307215518-0
concurrency_n20_20260613_003304_redis_feed8_rep1,redis,sb:events:n20:feed8:rep1,f0f3d4a7-55e4-4d2c-862d-0acf8e3da349,3895113,443,23287464400,23287491500,1781307215520-0
concurrency_n20_20260613_003304_redis_feed8_rep1,redis,sb:events:n20:feed8:rep1,518de82b-2508-4cef-8269-46b7984156f9,3895113,443,23288757600,23288781400,1781307215523-0
concurrency_n20_20260613_003304_redis_feed8_rep1,redis,sb:events:n20:feed8:rep1,0fc33c40-b147-4f24-b714-5f4dbb757486,3895095,444,23289919600,23289938300,1781307215527-0
concurrency_n20_20260613_003304_redis_feed8_rep1,redis,sb:events:n20:feed8:rep1,3a7824d3-4c69-41ce-94ee-d85fcf98d6da,3895095,444,23290997200,23291016300,1781307215538-0
concurrency_n20_20260613_003304_redis_feed8_rep1,redis,sb:events:n20:feed8:rep1,71576952-6aed-4168-87a4-24973b5e67f0,3895095,444,23295646900,23295741900,1781307215541-0
concurrency_n20_20260613_003304_redis_feed8_rep1,redis,sb:events:n20:feed8:rep1,8d259d1b-bd1a-4df7-b250-34e8b7170759,3895095,444,23297056000,23297117200,1781307215542-0
concurrency_n20_20260613_003304_redis_feed8_rep1,redis,sb:events:n20:feed8:rep1,bcd3a0d5-2ef8-4d48-8c44-e09faf4294c3,3895060,444,23299465800,23299491000,1781307215560-0
concurrency_n20_20260613_003304_redis_feed8_rep1,redis,sb:events:n20:feed8:rep1,c9afc7e1-31a4-42c6-9646-6119671515aa,3895060,444,23301112000,23301136700,1781307215563-0
concurrency_n20_20260613_003304_redis_feed8_rep1,redis,sb:events:n20:feed8:rep1,88c91ca2-6f51-434a-8971-ab00ddba38d8,3895060,444,23302947000,23302966900,1781307215564-0
concurrency_n20_20260613_003304_redis_feed8_rep1,redis,sb:events:n20:feed8:rep1,d2467e7b-3c5e-4492-a63c-c016097205cc,3895060,444,23304010300,23304030100,1781307215565-0
concurrency_n20_20260613_003304_redis_feed8_rep1,redis,sb:events:n20:feed8:rep1,09f08457-c39f-419b-8a8b-9c9c7b1ecda2,3895060,444,23311054400,23311079800,1781307215566-0
concurrency_n20_20260613_003304_redis_feed8_rep1,redis,sb:events:n20:feed8:rep1,b26de741-6a30-4fdf-98c7-a80234e5975a,3895107,444,23311951500,23311970500,1781307215569-0
concurrency_n20_20260613_003304_redis_feed8_rep1,redis,sb:events:n20:feed8:rep1,2f12dc48-365a-4eca-8d94-b275e81ded91,3895107,444,23315911500,23315939100,1781307215570-0
concurrency_n20_20260613_003304_redis_feed8_rep1,redis,sb:events:n20:feed8:rep1,6d943e3e-6499-44b7-9cd5-c831c1fa6629,3895067,444,23317272200,23317294400,1781307215575-0
concurrency_n20_20260613_003304_redis_feed8_rep1,redis,sb:events:n20:feed8:rep1,a6927531-98e9-40bf-9e33-fa40496a5479,3895067,444,23322397300,23322421400,1781307215579-0
concurrency_n20_20260613_003304_redis_feed8_rep1,redis,sb:events:n20:feed8:rep1,a56a5487-a30d-4bce-9d39-e18176eac0c3,3895052,444,23323995200,23324017900,1781307215581-0
concurrency_n20_20260613_003304_redis_feed8_rep1,redis,sb:events:n20:feed8:rep1,b02147ff-b3d7-4747-84ef-d7fecc8baeac,3895086,444,23327171600,23327301600,1781307215585-0
concurrency_n20_20260613_003304_redis_feed8_rep1,redis,sb:events:n20:feed8:rep1,3cad9bbc-9a2a-4132-8e77-3cf66a96fea8,3895086,444,23329757100,23329779900,1781307215589-0
concurrency_n20_20260613_003304_redis_feed8_rep1,redis,sb:events:n20:feed8:rep1,a79b49c8-c067-465b-b890-e50c04066741,3895113,444,23330873000,23330894300,1781307215590-0
concurrency_n20_20260613_003304_redis_feed8_rep1,redis,sb:events:n20:feed8:rep1,33573fe4-ca0b-4d01-a4ef-dfd2ce95d02c,3895095,445,23332573400,23332598800,1781307215594-0
concurrency_n20_20260613_003304_redis_feed8_rep1,redis,sb:events:n20:feed8:rep1,63e90760-224f-4519-b23e-41e6b13b4aa6,3895095,445,23333729500,23333749600,1781307215595-0
concurrency_n20_20260613_003304_redis_feed8_rep1,redis,sb:events:n20:feed8:rep1,e3cfe80e-4ff1-43d7-a56a-fe23b604fb1c,3895107,445,23337183500,23337206700,1781307215596-0
concurrency_n20_20260613_003304_redis_feed8_rep1,redis,sb:events:n20:feed8:rep1,67b6eee6-1a6c-414b-859e-e9552b97162f,3895052,445,23338475000,23338614900,1781307215598-0
concurrency_n20_20260613_003304_redis_feed8_rep1,redis,sb:events:n20:feed8:rep1,f794a632-b01a-468d-86e1-d5a33b3b317e,3895052,445,23340322300,23340353900,1781307215600-0
concurrency_n20_20260613_003304_redis_feed8_rep1,redis,sb:events:n20:feed8:rep1,7e58146c-c2f1-4e76-965e-bde41aea3e81,3895113,445,23341410400,23341552900,1781307215601-0
concurrency_n20_20260613_003304_redis_feed8_rep1,redis,sb:events:n20:feed8:rep1,0a504cc0-a156-4160-b8f1-dc7020285481,3895113,445,23343662700,23343848600,1781307215602-0
concurrency_n20_20260613_003304_redis_feed8_rep1,redis,sb:events:n20:feed8:rep1,5b9a7afb-6b47-49d5-b840-78c95925ff49,3895107,446,23347479900,23347501700,1781307215604-0
concurrency_n20_20260613_003304_redis_feed8_rep1,redis,sb:events:n20:feed8:rep1,c56ec238-7803-47ad-a1d3-83bf87822b02,3895067,446,23348484700,23348508400,1781307215605-0
concurrency_n20_20260613_003304_redis_feed8_rep1,redis,sb:events:n20:feed8:rep1,94180027-9028-41f3-a97a-cd3b67ec8efa,3895134,446,23349824300,23349858800,1781307215607-0
concurrency_n20_20260613_003304_redis_feed8_rep1,redis,sb:events:n20:feed8:rep1,64846ece-ecc0-49f6-84be-e3a1ace0bbfb,3895067,446,23352311800,23352361200,1781307215610-0
concurrency_n20_20260613_003304_redis_feed8_rep1,redis,sb:events:n20:feed8:rep1,e0efa831-1ceb-49cb-9cf9-6589869b1111,3895067,446,23354413400,23354439400,1781307215611-0
concurrency_n20_20260613_003304_redis_feed8_rep1,redis,sb:events:n20:feed8:rep1,9e50d3ef-cdb2-497b-818f-60a89ee23984,3895052,446,23357666600,23357688400,1781307215614-0
concurrency_n20_20260613_003304_redis_feed8_rep1,redis,sb:events:n20:feed8:rep1,8d218582-118e-4010-aa9f-e2e8613a5855,3895086,446,23358931800,23358952800,1781307215615-0
concurrency_n20_20260613_003304_redis_feed8_rep1,redis,sb:events:n20:feed8:rep1,7340cb89-e992-4aef-be64-69a5420c269a,3895095,447,23359862800,23359892800,1781307215617-0
concurrency_n20_20260613_003304_redis_feed8_rep1,redis,sb:events:n20:feed8:rep1,7adad092-34df-4101-9529-7d1dd104ad7f,3895052,447,23360769000,23360791500,1781307215620-0
concurrency_n20_20260613_003304_redis_feed8_rep1,redis,sb:events:n20:feed8:rep1,cddefb72-3ac3-4f11-8ad2-5963d94d80ea,3895052,447,23361667000,23361682700,1781307215622-0
concurrency_n20_20260613_003304_redis_feed8_rep1,redis,sb:events:n20:feed8:rep1,42a9d4e3-706d-44d3-ad3a-6702f506c9e1,3895095,448,23363825400,23363846300,1781307215624-0
concurrency_n20_20260613_003304_redis_feed8_rep1,redis,sb:events:n20:feed8:rep1,552cf4d8-4502-453b-89cc-a363d4503b0e,3895095,448,23365752400,23365777900,1781307215626-0
concurrency_n20_20260613_003304_redis_feed8_rep1,redis,sb:events:n20:feed8:rep1,f5544cfe-d1ae-4458-9692-70479c5a6bd2,3895060,448,23366949800,23366979400,1781307215627-0
concurrency_n20_20260613_003304_redis_feed8_rep1,redis,sb:events:n20:feed8:rep1,88d60541-4798-46d5-911f-a76c449216d1,3895060,448,23367847000,23367883200,1781307215628-0
concurrency_n20_20260613_003304_redis_feed8_rep1,redis,sb:events:n20:feed8:rep1,53c7bd50-e63f-4986-92c8-96d46b0bee1e,3895107,448,23369321400,23369345600,1781307215629-0
concurrency_n20_20260613_003304_redis_feed8_rep1,redis,sb:events:n20:feed8:rep1,3fef340a-10e5-4aa5-9498-1ee928305247,3895134,448,23374111800,23374138100,1781307215630-0
concurrency_n20_20260613_003304_redis_feed8_rep1,redis,sb:events:n20:feed8:rep1,644d5c7c-d1a5-47b6-a392-8d411b65c8f7,3895134,448,23375727900,23375753500,1781307215636-0
concurrency_n20_20260613_003304_redis_feed8_rep1,redis,sb:events:n20:feed8:rep1,56af3623-eca9-4c7f-bb3d-d6f6cf090c46,3895095,449,23377264100,23377287800,1781307215639-0
concurrency_n20_20260613_003304_redis_feed8_rep1,redis,sb:events:n20:feed8:rep1,4e097fd0-0828-426e-ba77-6229b2827935,3895107,449,23380810900,23380834100,1781307215641-0
concurrency_n20_20260613_003304_redis_feed8_rep1,redis,sb:events:n20:feed8:rep1,1e1dff02-7f8b-4fe3-910a-d8a1c77727b2,3895107,449,23382537000,23382595400,1781307215646-0
concurrency_n20_20260613_003304_redis_feed8_rep1,redis,sb:events:n20:feed8:rep1,02215165-9da4-4b41-bf1d-63d6acc70a50,3895107,449,23386643600,23386791900,1781307215647-0
concurrency_n20_20260613_003304_redis_feed8_rep1,redis,sb:events:n20:feed8:rep1,a0a2797a-8bde-4965-9733-fdbbbe9811e1,3895134,449,23387927300,23387990400,1781307215649-0
concurrency_n20_20260613_003304_redis_feed8_rep1,redis,sb:events:n20:feed8:rep1,74edf329-d572-4e4d-936f-b40fbce66eaf,3895134,449,23388928000,23388953400,1781307215650-0
concurrency_n20_20260613_003304_redis_feed8_rep1,redis,sb:events:n20:feed8:rep1,36c45fb0-4255-408e-83c0-7e9fc96f4eb6,3895095,450,23391341300,23391367200,1781307215652-0
concurrency_n20_20260613_003304_redis_feed8_rep1,redis,sb:events:n20:feed8:rep1,49346d04-d903-4d6f-9b19-ba4d0c15bad9,3895095,450,23392907700,23392933000,1781307215653-0
concurrency_n20_20260613_003304_redis_feed8_rep1,redis,sb:events:n20:feed8:rep1,08c08b0f-630c-456b-9807-1f7d2ec90f27,3895060,450,23394506300,23394533900,1781307215655-0
concurrency_n20_20260613_003304_redis_feed8_rep1,redis,sb:events:n20:feed8:rep1,9dbcf854-370c-4043-a227-e38e0584c5da,3895060,450,23395923600,23395946800,1781307215656-0
concurrency_n20_20260613_003304_redis_feed8_rep1,redis,sb:events:n20:feed8:rep1,1188c5b0-8e22-4da4-bd75-5b22c768cda7,3895113,450,23407275600,23407303100,1781307215657-0
concurrency_n20_20260613_003304_redis_feed8_rep1,redis,sb:events:n20:feed8:rep1,fc4349d2-e788-428b-90c0-1e2377a2b7e0,3895095,451,23410733100,23410760600,1781307215659-0
concurrency_n20_20260613_003304_redis_feed8_rep1,redis,sb:events:n20:feed8:rep1,bed10191-2c1a-4e39-bdcd-620d7cdad94f,3895095,451,23411664400,23411684100,1781307215661-0
concurrency_n20_20260613_003304_redis_feed8_rep1,redis,sb:events:n20:feed8:rep1,de745f07-6097-4825-aa95-2a29ba630c59,3895095,451,23416092400,23416120300,1781307215674-0
concurrency_n20_20260613_003304_redis_feed8_rep1,redis,sb:events:n20:feed8:rep1,5ebcc4a3-1ee4-4aa1-b7a5-5afbc8b92bd4,3895060,451,23420492200,23420549400,1781307215675-0
concurrency_n20_20260613_003304_redis_feed8_rep1,redis,sb:events:n20:feed8:rep1,059c0a6c-bf54-44ed-8d54-64e34ce75ec7,3895060,451,23423044000,23423087000,1781307215676-0
concurrency_n20_20260613_003304_redis_feed8_rep1,redis,sb:events:n20:feed8:rep1,40d656d8-7897-4e5d-8e1b-32e1b6fa4e58,3895060,451,23424728200,23424750000,1781307215678-0
concurrency_n20_20260613_003304_redis_feed8_rep1,redis,sb:events:n20:feed8:rep1,6706f68a-0fd9-496d-9e79-95e1fd03802c,3895107,451,23425473100,23425491500,1781307215679-0
concurrency_n20_20260613_003304_redis_feed8_rep1,redis,sb:events:n20:feed8:rep1,4f96086a-c6d5-48ae-af92-e337a80f8fba,3895107,451,23426437900,23426455900,1781307215680-0
concurrency_n20_20260613_003304_redis_feed8_rep1,redis,sb:events:n20:feed8:rep1,aed875e2-a9c3-4c15-a27f-d91682808df8,3895134,451,23428096200,23428120700,1781307215682-0
concurrency_n20_20260613_003304_redis_feed8_rep1,redis,sb:events:n20:feed8:rep1,fd4c2cc6-6ba7-4e63-99f0-836376096ff9,3895134,451,23429389400,23429421200,1781307215687-0
concurrency_n20_20260613_003304_redis_feed8_rep1,redis,sb:events:n20:feed8:rep1,34f32635-5565-4445-a686-f240c391ae22,3895113,451,23430704900,23430727100,1781307215688-0
concurrency_n20_20260613_003304_redis_feed8_rep1,redis,sb:events:n20:feed8:rep1,d0985595-3ebf-44b3-b8a1-40f7dc855881,3895095,452,23433948100,23433969000,1781307215690-0
concurrency_n20_20260613_003304_redis_feed8_rep1,redis,sb:events:n20:feed8:rep1,562401df-4355-4944-8719-51a612c1a9e4,3895095,452,23435084200,23435106800,1781307215691-0
concurrency_n20_20260613_003304_redis_feed8_rep1,redis,sb:events:n20:feed8:rep1,2988f030-9c1f-4b43-a9ef-bb40ccd30baf,3895107,452,23439012300,23439041800,1781307215694-0
concurrency_n20_20260613_003304_redis_feed8_rep1,redis,sb:events:n20:feed8:rep1,cdb30149-43dd-46d2-92c4-3dc2397ef658,3895052,452,23441625200,23441655800,1781307215696-0
concurrency_n20_20260613_003304_redis_feed8_rep1,redis,sb:events:n20:feed8:rep1,05b640b0-13b9-48c3-b52d-679bc686e685,3895113,452,23444464400,23444495300,1781307215698-0
concurrency_n20_20260613_003304_redis_feed8_rep1,redis,sb:events:n20:feed8:rep1,c8ce5549-a9a7-4f14-8b52-b83cc42f3648,3895113,452,23455607600,23455634300,1781307215700-0
concurrency_n20_20260613_003304_redis_feed8_rep1,redis,sb:events:n20:feed8:rep1,814fb2d7-1214-492b-a557-424d881a39b9,3895095,453,23457079100,23457105900,1781307215701-0
concurrency_n20_20260613_003304_redis_feed8_rep1,redis,sb:events:n20:feed8:rep1,46ffd64a-4a1f-4599-b3e3-8042b4b734fe,3895095,453,23458856200,23458882300,1781307215704-0
concurrency_n20_20260613_003304_redis_feed8_rep1,redis,sb:events:n20:feed8:rep1,2d4f6202-ddf8-4c7d-b4c6-7865d1ee2d9a,3895095,453,23460035500,23460056600,1781307215706-0
concurrency_n20_20260613_003304_redis_feed8_rep1,redis,sb:events:n20:feed8:rep1,66d6548d-fbc0-4b16-bbf4-d750db45eef9,3895095,453,23461008000,23461027300,1781307215708-0
concurrency_n20_20260613_003304_redis_feed8_rep1,redis,sb:events:n20:feed8:rep1,607c5b51-d7ec-438d-93ef-ebf85683ee29,3895074,453,23465257200,23465283100,1781307215711-0
concurrency_n20_20260613_003304_redis_feed8_rep1,redis,sb:events:n20:feed8:rep1,c3f11a7d-9340-497b-b55d-694fa591352f,3895052,453,23467321400,23467347100,1781307215715-0
concurrency_n20_20260613_003304_redis_feed8_rep1,redis,sb:events:n20:feed8:rep1,9aaf638b-090b-4334-8cb2-e4d9b159468c,3895095,454,23468622700,23468647200,1781307215717-0
concurrency_n20_20260613_003304_redis_feed8_rep1,redis,sb:events:n20:feed8:rep1,221fe015-6903-4898-9281-e04ad1b39ff0,3895095,454,23486146500,23486171300,1781307215721-0
concurrency_n20_20260613_003304_redis_feed8_rep1,redis,sb:events:n20:feed8:rep1,d7ba7e07-c73e-423b-84f1-70abd62a92b9,3895095,454,23489717600,23489746700,1781307215723-0
concurrency_n20_20260613_003304_redis_feed8_rep1,redis,sb:events:n20:feed8:rep1,a939137f-bea7-4c25-b7d4-cbbe6b8a0871,3895074,454,23491146900,23491215900,1781307215725-0
concurrency_n20_20260613_003304_redis_feed8_rep1,redis,sb:events:n20:feed8:rep1,a61a8556-cb94-4b66-bd46-faf3a7e21f96,3895074,454,23492714400,23492739400,1781307215733-0
concurrency_n20_20260613_003304_redis_feed8_rep1,redis,sb:events:n20:feed8:rep1,55f30dc9-0b28-4fad-a716-611d02ca20f6,3895107,454,23499096400,23499123000,1781307215734-0
concurrency_n20_20260613_003304_redis_feed8_rep1,redis,sb:events:n20:feed8:rep1,0b3025ce-3cd4-4898-ad5c-a207b61c6fa0,3895107,454,23500615300,23500679600,1781307215736-0
concurrency_n20_20260613_003304_redis_feed8_rep1,redis,sb:events:n20:feed8:rep1,dd4a183d-6153-4d52-8dbf-9478194bba81,3895052,454,23502263100,23502288500,1781307215738-0
concurrency_n20_20260613_003304_redis_feed8_rep1,redis,sb:events:n20:feed8:rep1,f2ededc6-6bc7-4ec7-b0e9-c711011e1672,3895052,454,23504494600,23504515900,1781307215742-0
concurrency_n20_20260613_003304_redis_feed8_rep1,redis,sb:events:n20:feed8:rep1,a8a72c19-64a7-4275-912e-ef6b5f09a1f7,3895095,455,23505657600,23505707800,1781307215752-0
concurrency_n20_20260613_003304_redis_feed8_rep1,redis,sb:events:n20:feed8:rep1,3f500bae-930c-4345-852e-c3aa1f1c4ab2,3895095,455,23506972100,23507000900,1781307215756-0
concurrency_n20_20260613_003304_redis_feed8_rep1,redis,sb:events:n20:feed8:rep1,26d91e47-0723-4830-b97b-9df16efd50ec,3895074,455,23509315800,23511443800,1781307215757-0
concurrency_n20_20260613_003304_redis_feed8_rep1,redis,sb:events:n20:feed8:rep1,1a555a66-cc7a-4994-a8c7-8aafdaf302f5,3895060,455,23516802400,23516830300,1781307215759-0
concurrency_n20_20260613_003304_redis_feed8_rep1,redis,sb:events:n20:feed8:rep1,caef69b5-9e37-4445-b866-fcf687c3e390,3895060,455,23524201300,23524229200,1781307215762-0
concurrency_n20_20260613_003304_redis_feed8_rep1,redis,sb:events:n20:feed8:rep1,ea192fda-5da8-47b1-9bfb-0e70fec60b62,3895107,455,23528557300,23528610200,1781307215766-0
concurrency_n20_20260613_003304_redis_feed8_rep1,redis,sb:events:n20:feed8:rep1,4da864ef-2e5e-4a17-857e-dff8921feadf,3895052,455,23531652000,23531679700,1781307215769-0
concurrency_n20_20260613_003304_redis_feed8_rep1,redis,sb:events:n20:feed8:rep1,4b618b31-6291-411b-b4c1-4aee61c4f5fa,3895052,455,23547898800,23547930200,1781307215771-0
concurrency_n20_20260613_003304_redis_feed8_rep1,redis,sb:events:n20:feed8:rep1,e3715e70-0150-4c42-b6f5-5fc67e792b5c,3895095,456,23555498400,23555526100,1781307215772-0
concurrency_n20_20260613_003304_redis_feed8_rep1,redis,sb:events:n20:feed8:rep1,df68f0b4-6ffa-4f02-8711-7859862b0ec0,3895095,456,23558568600,23558593600,1781307215773-0
concurrency_n20_20260613_003304_redis_feed8_rep1,redis,sb:events:n20:feed8:rep1,e9d549aa-6725-4174-93bf-3d3fa63e74bb,3895095,456,23560086100,23560146600,1781307215774-0
concurrency_n20_20260613_003304_redis_feed8_rep1,redis,sb:events:n20:feed8:rep1,d0f4abbd-6eb7-4821-8b4f-d17041acec3b,3895121,456,23562249800,23562279200,1781307215776-0
concurrency_n20_20260613_003304_redis_feed8_rep1,redis,sb:events:n20:feed8:rep1,b1d291fe-7aee-4867-a98f-2689070334d8,3895074,456,23567265000,23567290300,1781307215777-0
concurrency_n20_20260613_003304_redis_feed8_rep1,redis,sb:events:n20:feed8:rep1,ed5ace9b-d57f-4e11-ab3f-0434c560a8cf,3895074,456,23568697800,23568726300,1781307215781-0
concurrency_n20_20260613_003304_redis_feed8_rep1,redis,sb:events:n20:feed8:rep1,6aee31be-f0a9-4a1f-a9d5-0e49c287c868,3895107,456,23569622800,23569644100,1781307215789-0
concurrency_n20_20260613_003304_redis_feed8_rep1,redis,sb:events:n20:feed8:rep1,0af350f2-0e16-4edd-8330-da25fb192a18,3895134,456,23572443800,23574152500,1781307215794-0
concurrency_n20_20260613_003304_redis_feed8_rep1,redis,sb:events:n20:feed8:rep1,206d1fc9-724f-407b-bd2e-f7229d50f9c2,3895107,456,23579493100,23579531100,1781307215797-0
concurrency_n20_20260613_003304_redis_feed8_rep1,redis,sb:events:n20:feed8:rep1,b337407f-efd0-435a-94a6-83a6c2bb3954,3895052,456,23581522700,23581547000,1781307215799-0
concurrency_n20_20260613_003304_redis_feed8_rep1,redis,sb:events:n20:feed8:rep1,b56165c6-a538-4491-a5aa-b4fae53fbbd9,3895052,456,23583055100,23583080000,1781307215803-0
concurrency_n20_20260613_003304_redis_feed8_rep1,redis,sb:events:n20:feed8:rep1,7b77ded3-e0cc-48e7-8dea-d345a900cc2f,3895095,457,23589053700,23589079300,1781307215812-0
concurrency_n20_20260613_003304_redis_feed8_rep1,redis,sb:events:n20:feed8:rep1,8e9297e9-7710-444e-b0a0-d4baedd59a14,3895095,457,23594289200,23594324900,1781307215817-0
concurrency_n20_20260613_003304_redis_feed8_rep1,redis,sb:events:n20:feed8:rep1,5327bb35-e325-4f4a-932b-5af3b43aa66b,3895095,457,23595313300,23595335000,1781307215824-0
concurrency_n20_20260613_003304_redis_feed8_rep1,redis,sb:events:n20:feed8:rep1,e97f8dff-6503-43fa-9166-9e4d0887fdf9,3895074,457,23596602800,23596627800,1781307215825-0
concurrency_n20_20260613_003304_redis_feed8_rep1,redis,sb:events:n20:feed8:rep1,2d15aee8-4df9-4656-af9c-720bf6dfc649,3895052,457,23600449900,23600495000,1781307215827-0
concurrency_n20_20260613_003304_redis_feed8_rep1,redis,sb:events:n20:feed8:rep1,62649c3a-5540-4243-8052-9ae849db85f5,3895052,457,23601951600,23601975800,1781307215829-0
concurrency_n20_20260613_003304_redis_feed8_rep1,redis,sb:events:n20:feed8:rep1,f10cc719-391f-424d-aae8-efd754f59dd7,3895121,458,23603190700,23603230500,1781307215833-0
concurrency_n20_20260613_003304_redis_feed8_rep1,redis,sb:events:n20:feed8:rep1,a4934cc2-8ef4-495c-bc4e-df3cf2b212da,3895074,458,23604464900,23604484200,1781307215835-0
concurrency_n20_20260613_003304_redis_feed8_rep1,redis,sb:events:n20:feed8:rep1,c5c5e7b2-54dc-4971-a74c-bd2bdf94793f,3895074,458,23606749100,23606778500,1781307215836-0
concurrency_n20_20260613_003304_redis_feed8_rep1,redis,sb:events:n20:feed8:rep1,32f8e637-c16d-4b4c-b85d-fc95990dfa4f,3895134,458,23608673800,23608698400,1781307215837-0
concurrency_n20_20260613_003304_redis_feed8_rep1,redis,sb:events:n20:feed8:rep1,a4c7a862-88ed-4f34-9dd8-e1713bb51715,3895107,458,23609592000,23609612400,1781307215839-0
concurrency_n20_20260613_003304_redis_feed8_rep1,redis,sb:events:n20:feed8:rep1,8bec23da-7750-41a3-8251-f36c0b885996,3895134,458,23610410800,23610431800,1781307215841-0
concurrency_n20_20260613_003304_redis_feed8_rep1,redis,sb:events:n20:feed8:rep1,4a08e193-2786-43e0-9ffe-56c78618f834,3895052,458,23611305500,23611324400,1781307215849-0
concurrency_n20_20260613_003304_redis_feed8_rep1,redis,sb:events:n20:feed8:rep1,5d97f886-bb28-4ff2-b012-ebe08e1b7273,3895095,459,23613723400,23613886500,1781307215851-0
concurrency_n20_20260613_003304_redis_feed8_rep1,redis,sb:events:n20:feed8:rep1,92a75d72-f624-4425-90b8-1d5e6def39ad,3895095,459,23617748600,23617928900,1781307215852-0
concurrency_n20_20260613_003304_redis_feed8_rep1,redis,sb:events:n20:feed8:rep1,238c7763-291c-4d40-9337-187234311381,3895121,459,23621004200,23621025100,1781307215854-0
concurrency_n20_20260613_003304_redis_feed8_rep1,redis,sb:events:n20:feed8:rep1,afaf9839-b81b-4a1d-a69b-53fb5b774396,3895060,459,23624188200,23624213500,1781307215856-0
concurrency_n20_20260613_003304_redis_feed8_rep1,redis,sb:events:n20:feed8:rep1,88bde0c4-1921-4b8c-b860-2210237f7120,3895095,460,23626340300,23626366500,1781307215860-0
concurrency_n20_20260613_003304_redis_feed8_rep1,redis,sb:events:n20:feed8:rep1,2e6acea9-1c64-4bd5-82b4-2fe1bce0b813,3895095,460,23629337600,23629365200,1781307215862-0
concurrency_n20_20260613_003304_redis_feed8_rep1,redis,sb:events:n20:feed8:rep1,d523accf-3f1d-43e3-8dcc-a353fe988df8,3895095,460,23630834000,23630854600,1781307215867-0
concurrency_n20_20260613_003304_redis_feed8_rep1,redis,sb:events:n20:feed8:rep1,239092b2-14e5-4575-9a63-5bcc238710a3,3895121,460,23632228300,23632252200,1781307215869-0
concurrency_n20_20260613_003304_redis_feed8_rep1,redis,sb:events:n20:feed8:rep1,2d762f47-0fa3-4b48-98ec-51f41b3c9354,3895121,460,23633439700,23633464300,1781307215870-0
concurrency_n20_20260613_003304_redis_feed8_rep1,redis,sb:events:n20:feed8:rep1,c367e51f-e64a-4726-b766-ec4ff7d2b14a,3895074,460,23634575800,23634598200,1781307215871-0
concurrency_n20_20260613_003304_redis_feed8_rep1,redis,sb:events:n20:feed8:rep1,c87070a8-07a6-4fee-983f-aa48d673713a,3895074,460,23635539100,23635558400,1781307215873-0
concurrency_n20_20260613_003304_redis_feed8_rep1,redis,sb:events:n20:feed8:rep1,b733fd23-9b01-495b-8bb0-7d1ecd1f931c,3895052,460,23639134700,23639167100,1781307215876-0
concurrency_n20_20260613_003304_redis_feed8_rep1,redis,sb:events:n20:feed8:rep1,4c8b961c-84f8-4d34-8a2b-761b7a844729,3895052,460,23640087900,23640114700,1781307215877-0
concurrency_n20_20260613_003304_redis_feed8_rep1,redis,sb:events:n20:feed8:rep1,c0fa9213-52b9-498c-9e8c-c1d0dc23e151,3895095,461,23641102500,23641122300,1781307215879-0
concurrency_n20_20260613_003304_redis_feed8_rep1,redis,sb:events:n20:feed8:rep1,84185410-7e7a-4bde-9167-c77472da6f02,3895121,461,23642259400,23642282800,1781307215881-0
concurrency_n20_20260613_003304_redis_feed8_rep1,redis,sb:events:n20:feed8:rep1,516a4d87-898d-4d5d-b215-ac49cabeefa6,3895121,461,23643550600,23643573500,1781307215882-0
concurrency_n20_20260613_003304_redis_feed8_rep1,redis,sb:events:n20:feed8:rep1,2ed079cf-316c-49f9-81e1-3ef4be51a781,3895060,461,23644571300,23644591100,1781307215883-0
concurrency_n20_20260613_003304_redis_feed8_rep1,redis,sb:events:n20:feed8:rep1,6f369506-eb4a-44eb-8e9b-1b97d4df5f1e,3895060,461,23649958300,23649986000,1781307215884-0
concurrency_n20_20260613_003304_redis_feed8_rep1,redis,sb:events:n20:feed8:rep1,31b4ac75-15c9-4c9c-b364-e3b4249615d8,3895134,461,23654461000,23654486200,1781307215889-0
concurrency_n20_20260613_003304_redis_feed8_rep1,redis,sb:events:n20:feed8:rep1,425142a0-9e3d-4c06-bc82-c5251ab9110b,3895052,461,23656182000,23656218900,1781307215889-1
concurrency_n20_20260613_003304_redis_feed8_rep1,redis,sb:events:n20:feed8:rep1,7c0caa0a-62f0-4167-9cae-d99bbd90617c,3895052,461,23662011200,23662131100,1781307215892-0
concurrency_n20_20260613_003304_redis_feed8_rep1,redis,sb:events:n20:feed8:rep1,efbee4a5-cc43-4c7a-acd9-b8d078139a3c,3895095,462,23663588600,23663609800,1781307215893-0
concurrency_n20_20260613_003304_redis_feed8_rep1,redis,sb:events:n20:feed8:rep1,a56f2177-d30d-4033-99e5-8e4fa235d870,3895095,462,23664558100,23664578800,1781307215894-0
concurrency_n20_20260613_003304_redis_feed8_rep1,redis,sb:events:n20:feed8:rep1,c707d2c3-2f14-4efb-a685-161f4f1d5ee1,3895134,462,23666027900,23666051800,1781307215895-0
concurrency_n20_20260613_003304_redis_feed8_rep1,redis,sb:events:n20:feed8:rep1,95ec2cfc-f259-442a-adce-3f7490b89318,3895134,462,23667542700,23670330100,1781307215897-0
concurrency_n20_20260613_003304_redis_feed8_rep1,redis,sb:events:n20:feed8:rep1,195d0d2e-c14e-4d70-ae08-02f9b7131881,3895060,463,23671676600,23671705500,1781307215902-0
concurrency_n20_20260613_003304_redis_feed8_rep1,redis,sb:events:n20:feed8:rep1,1598f6b4-5117-4eda-9474-56753863ddc2,3895107,463,23673179900,23673272900,1781307215903-0
concurrency_n20_20260613_003304_redis_feed8_rep1,redis,sb:events:n20:feed8:rep1,b8910a8d-b569-46d5-ad56-8aeab8e0839f,3895107,463,23674532100,23674558800,1781307215904-0
concurrency_n20_20260613_003304_redis_feed8_rep1,redis,sb:events:n20:feed8:rep1,7f1ca876-71ed-4c9a-b4a6-6922cbbc8a49,3895107,463,23675422700,23675444300,1781307215905-0
concurrency_n20_20260613_003304_redis_feed8_rep1,redis,sb:events:n20:feed8:rep1,7ca4fd65-7e82-4736-adf4-1896bf70d78b,3895134,463,23679107600,23679151900,1781307215909-0
concurrency_n20_20260613_003304_redis_feed8_rep1,redis,sb:events:n20:feed8:rep1,2d2a9c85-0a00-4122-af37-aefab19aa857,3895121,464,23680998100,23681025400,1781307215910-0
concurrency_n20_20260613_003304_redis_feed8_rep1,redis,sb:events:n20:feed8:rep1,1a96bfcb-690c-4dd0-a894-ac96b30fe16b,3895121,464,23682498600,23682522200,1781307215911-0
concurrency_n20_20260613_003304_redis_feed8_rep1,redis,sb:events:n20:feed8:rep1,b84ab3e0-39fb-4518-b0ad-68526de7580d,3895121,464,23683863200,23683887100,1781307215916-0
concurrency_n20_20260613_003304_redis_feed8_rep1,redis,sb:events:n20:feed8:rep1,deaa61aa-7e2d-476e-a1b3-c29f40339989,3895060,464,23685303900,23685331500,1781307215917-0
concurrency_n20_20260613_003304_redis_feed8_rep1,redis,sb:events:n20:feed8:rep1,6431f2ce-702c-4ba2-8db4-37f2bd00ac89,3895060,464,23687374500,23687477600,1781307215919-0
concurrency_n20_20260613_003304_redis_feed8_rep1,redis,sb:events:n20:feed8:rep1,61278b66-9180-45e5-bb3e-c71d04dbcef1,3895134,464,23690220300,23690244000,1781307215921-0
concurrency_n20_20260613_003304_redis_feed8_rep1,redis,sb:events:n20:feed8:rep1,bb29f3c7-efe6-4b30-9d42-8a14bf33dc2f,3895134,464,23691090700,23691115800,1781307215922-0
concurrency_n20_20260613_003304_redis_feed8_rep1,redis,sb:events:n20:feed8:rep1,b61ef879-a5f5-4c92-bd8f-b8e2ad5a36bf,3895052,464,23692110200,23692197000,1781307215927-0
concurrency_n20_20260613_003304_redis_feed8_rep1,redis,sb:events:n20:feed8:rep1,1f6af878-619a-4af7-8f43-67c0d2456b67,3895121,465,23694809500,23694833000,1781307215931-0
concurrency_n20_20260613_003304_redis_feed8_rep1,redis,sb:events:n20:feed8:rep1,c449a2d1-d78f-4f78-8ab2-c382e1ff6859,3895052,465,23695914600,23695959800,1781307215933-0
concurrency_n20_20260613_003304_redis_feed8_rep1,redis,sb:events:n20:feed8:rep1,3551b7d1-4569-4b22-90e3-c6d14cacf651,3895052,465,23696997100,23697016200,1781307215934-0
concurrency_n20_20260613_003304_redis_feed8_rep1,redis,sb:events:n20:feed8:rep1,303979a2-5837-4cc5-9ad1-3182030f82ac,3895074,466,23698013700,23698031700,1781307215938-0
concurrency_n20_20260613_003304_redis_feed8_rep1,redis,sb:events:n20:feed8:rep1,013d4600-06a8-465f-bb35-4f44f2a423b2,3895074,466,23699561900,23699604800,1781307215939-0
concurrency_n20_20260613_003304_redis_feed8_rep1,redis,sb:events:n20:feed8:rep1,f028e4d5-c6b7-48a4-9770-794e2dc738cd,3895074,466,23701306300,23701330900,1781307215942-0
concurrency_n20_20260613_003304_redis_feed8_rep1,redis,sb:events:n20:feed8:rep1,e364364e-9cac-47ee-9ea2-c7e33822f265,3895060,466,23703342600,23703384600,1781307215944-0
concurrency_n20_20260613_003304_redis_feed8_rep1,redis,sb:events:n20:feed8:rep1,4e0fe5a3-8297-4116-b4d7-bf851fd0018c,3895060,466,23705931000,23705968500,1781307215945-0
concurrency_n20_20260613_003304_redis_feed8_rep1,redis,sb:events:n20:feed8:rep1,0af34aca-a254-4d7d-8ad5-ca72409977cf,3895060,466,23707450700,23707475200,1781307215946-0
concurrency_n20_20260613_003304_redis_feed8_rep1,redis,sb:events:n20:feed8:rep1,b3ad3de4-6d68-4620-8f9d-18471494634b,3895060,466,23708798700,23708819000,1781307215948-0
concurrency_n20_20260613_003304_redis_feed8_rep1,redis,sb:events:n20:feed8:rep1,63e6fa05-2c2d-470c-8275-6b8ceb496a4a,3895134,466,23710506100,23710531800,1781307215949-0
concurrency_n20_20260613_003304_redis_feed8_rep1,redis,sb:events:n20:feed8:rep1,1b98f1a5-d346-455f-9529-27247914498c,3895134,466,23711482700,23711499700,1781307215951-0
concurrency_n20_20260613_003304_redis_feed8_rep1,redis,sb:events:n20:feed8:rep1,0ee4dc5e-490f-44ef-9c59-4a579a982af0,3895086,466,23713367500,23713396200,1781307215952-0
concurrency_n20_20260613_003304_redis_feed8_rep1,redis,sb:events:n20:feed8:rep1,a43c9bfe-f0d8-48d5-b593-c35fbbaa8d07,3895052,466,23714750400,23714778900,1781307215954-0
concurrency_n20_20260613_003304_redis_feed8_rep1,redis,sb:events:n20:feed8:rep1,ac957123-6287-4181-9ddf-f91054f88fca,3895052,466,23717834800,23717858300,1781307215955-0
concurrency_n20_20260613_003304_redis_feed8_rep1,redis,sb:events:n20:feed8:rep1,409b6135-4860-4196-a410-db4c43ac388a,3895052,466,23719671400,23719695900,1781307215957-0
concurrency_n20_20260613_003304_redis_feed8_rep1,redis,sb:events:n20:feed8:rep1,ae6fca84-8fba-476a-a300-aa9d23f581cf,3895134,467,23727101100,23727132500,1781307215959-0
concurrency_n20_20260613_003304_redis_feed8_rep1,redis,sb:events:n20:feed8:rep1,ae87be5f-b4b9-4fcf-b6d4-db27833ed71e,3895134,467,23728883500,23728910500,1781307215960-0
concurrency_n20_20260613_003304_redis_feed8_rep1,redis,sb:events:n20:feed8:rep1,645b5472-b788-45fa-8455-62ba983607bb,3895134,467,23730516300,23730632400,1781307215961-0
concurrency_n20_20260613_003304_redis_feed8_rep1,redis,sb:events:n20:feed8:rep1,84e1b20c-faa3-4218-bb1a-d82a46ce45a4,3895086,467,23731809000,23731866200,1781307215963-0
concurrency_n20_20260613_003304_redis_feed8_rep1,redis,sb:events:n20:feed8:rep1,4c2acb78-bee3-4df6-bbcb-7a2df1dc374a,3895052,467,23733606800,23733629500,1781307215965-0
concurrency_n20_20260613_003304_redis_feed8_rep1,redis,sb:events:n20:feed8:rep1,bd3bb747-07a6-41e7-a9e0-9b8907f415aa,3895074,468,23734851600,23734873800,1781307215966-0
concurrency_n20_20260613_003304_redis_feed8_rep1,redis,sb:events:n20:feed8:rep1,d37e9558-faa8-4cce-8bcb-fbd8c48cf9cf,3895060,468,23736305700,23736328800,1781307215969-0
concurrency_n20_20260613_003304_redis_feed8_rep1,redis,sb:events:n20:feed8:rep1,5409a951-4b20-4108-a97a-36a24c36cb89,3895060,468,23737684800,23737708200,1781307215970-0
concurrency_n20_20260613_003304_redis_feed8_rep1,redis,sb:events:n20:feed8:rep1,30ef8b1c-6588-4e1e-bcf4-0d3c0a45c139,3895060,468,23742587400,23742661500,1781307215971-0
concurrency_n20_20260613_003304_redis_feed8_rep1,redis,sb:events:n20:feed8:rep1,275defc8-f603-4d1d-b38a-f7b1899bdca9,3895086,468,23743619200,23743636100,1781307215974-0
concurrency_n20_20260613_003304_redis_feed8_rep1,redis,sb:events:n20:feed8:rep1,16426f2c-7c8e-441a-a259-6347e0334371,3895086,468,23744712600,23744775400,1781307215976-0
concurrency_n20_20260613_003304_redis_feed8_rep1,redis,sb:events:n20:feed8:rep1,bba80fb6-c872-411c-a2d2-d1c418948a2e,3895052,468,23745818100,23745845000,1781307215977-0
concurrency_n20_20260613_003304_redis_feed8_rep1,redis,sb:events:n20:feed8:rep1,ce7e48a5-3f4f-4e84-a140-2689cd1f7712,3895052,468,23748296600,23748312700,1781307215984-0
concurrency_n20_20260613_003304_redis_feed8_rep1,redis,sb:events:n20:feed8:rep1,a9def167-8157-42a4-96f3-e4b278ed2525,3895121,469,23752107600,23752152800,1781307215986-0
concurrency_n20_20260613_003304_redis_feed8_rep1,redis,sb:events:n20:feed8:rep1,fa568f8a-62e2-45cb-b62c-69e3b2cacda4,3895121,469,23754363900,23754388000,1781307215994-0
concurrency_n20_20260613_003304_redis_feed8_rep1,redis,sb:events:n20:feed8:rep1,ebfd9584-3fec-4468-b6c9-2b135766992e,3895121,469,23755320900,23755468800,1781307215996-0
concurrency_n20_20260613_003304_redis_feed8_rep1,redis,sb:events:n20:feed8:rep1,80e8922d-98e3-4bc8-bcaf-156829157039,3895060,469,23756286100,23756310500,1781307215996-1
concurrency_n20_20260613_003304_redis_feed8_rep1,redis,sb:events:n20:feed8:rep1,c9b74997-4a4f-4774-a1af-bf540a8a9b8b,3895060,469,23758727700,23758754800,1781307216001-0
concurrency_n20_20260613_003304_redis_feed8_rep1,redis,sb:events:n20:feed8:rep1,68ee32a6-8016-4c53-b5a2-6df329c71f4c,3895134,469,23762040300,23762067300,1781307216002-0
concurrency_n20_20260613_003304_redis_feed8_rep1,redis,sb:events:n20:feed8:rep1,b434c3de-f024-4a7b-9f87-a737b201d788,3895086,469,23764733500,23764763300,1781307216004-0
concurrency_n20_20260613_003304_redis_feed8_rep1,redis,sb:events:n20:feed8:rep1,7f21e78e-001c-4e28-b353-a1175416b591,3895052,469,23765932600,23765958100,1781307216008-0
concurrency_n20_20260613_003304_redis_feed8_rep1,redis,sb:events:n20:feed8:rep1,df41d240-b258-46b6-9a06-bb7dd255ee20,3895052,469,23767044100,23767071000,1781307216009-0
concurrency_n20_20260613_003304_redis_feed8_rep1,redis,sb:events:n20:feed8:rep1,96c175b8-81bc-4f63-b47d-ee2fe7c7e8ff,3895121,470,23768725100,23768766200,1781307216010-0
concurrency_n20_20260613_003304_redis_feed8_rep1,redis,sb:events:n20:feed8:rep1,4b0b32e6-dd8d-41ea-8863-b654c344fa3d,3895121,470,23770256800,23770349400,1781307216011-0
concurrency_n20_20260613_003304_redis_feed8_rep1,redis,sb:events:n20:feed8:rep1,5362354e-6dbb-40e7-9ae8-6d34557bd7c7,3895121,470,23773462500,23773486100,1781307216014-0
concurrency_n20_20260613_003304_redis_feed8_rep1,redis,sb:events:n20:feed8:rep1,f1a74c60-c0cd-467b-ac77-18a6169d4b7b,3895074,470,23774510800,23774533800,1781307216016-0
concurrency_n20_20260613_003304_redis_feed8_rep1,redis,sb:events:n20:feed8:rep1,ed2e75e9-5843-4f97-b711-64b6bf43ecda,3895074,470,23775745000,23775766300,1781307216018-0
concurrency_n20_20260613_003304_redis_feed8_rep1,redis,sb:events:n20:feed8:rep1,5292885e-2105-49ba-91e7-7f6279241aa9,3895074,470,23777210500,23777233300,1781307216022-0
concurrency_n20_20260613_003304_redis_feed8_rep1,redis,sb:events:n20:feed8:rep1,a795d859-ddcc-42d7-9ce1-dd700c073a65,3895067,470,23780062400,23780098000,1781307216024-0
concurrency_n20_20260613_003304_redis_feed8_rep1,redis,sb:events:n20:feed8:rep1,1d0a36b8-9678-4f8f-b24a-c000fa11ba73,3895067,470,23781804600,23781831200,1781307216026-0
concurrency_n20_20260613_003304_redis_feed8_rep1,redis,sb:events:n20:feed8:rep1,af95cc8d-e342-4dc0-9da9-bb69cc894f5d,3895067,470,23783059900,23783084300,1781307216028-0
concurrency_n20_20260613_003304_redis_feed8_rep1,redis,sb:events:n20:feed8:rep1,143e3880-b96d-4361-9887-8cea825d687d,3895086,470,23786885500,23786920200,1781307216030-0
concurrency_n20_20260613_003304_redis_feed8_rep1,redis,sb:events:n20:feed8:rep1,83e68a0d-c4c4-4fc7-97dc-eb7f181765b9,3895086,470,23790505000,23790530000,1781307216031-0
concurrency_n20_20260613_003304_redis_feed8_rep1,redis,sb:events:n20:feed8:rep1,b28f6401-5433-4435-b1f4-17cf164072f7,3895052,470,23792642300,23792671000,1781307216035-0
concurrency_n20_20260613_003304_redis_feed8_rep1,redis,sb:events:n20:feed8:rep1,3fd1b5d6-f4a7-405d-be71-58f35782e15c,3895052,470,23810247400,23810276500,1781307216037-0
concurrency_n20_20260613_003304_redis_feed8_rep1,redis,sb:events:n20:feed8:rep1,f23fcdfa-3dcf-4322-8d2e-f19f1e6c8d62,3895121,471,23812867300,23812900200,1781307216038-0
concurrency_n20_20260613_003304_redis_feed8_rep1,redis,sb:events:n20:feed8:rep1,a26597e5-95eb-4963-a281-76f61140468d,3895121,471,23821379000,23821411300,1781307216039-0
concurrency_n20_20260613_003304_redis_feed8_rep1,redis,sb:events:n20:feed8:rep1,2ad11371-a3df-4044-86dd-dc92f137f9f8,3895074,471,23822406600,23822431800,1781307216041-0
concurrency_n20_20260613_003304_redis_feed8_rep1,redis,sb:events:n20:feed8:rep1,d89e977a-5af4-45cb-a248-6144e037ff02,3895067,471,23823574800,23823605500,1781307216043-0
concurrency_n20_20260613_003304_redis_feed8_rep1,redis,sb:events:n20:feed8:rep1,70544f47-c38c-43dc-a3c3-d5811c80fe81,3895134,471,23827088500,23827184100,1781307216047-0
concurrency_n20_20260613_003304_redis_feed8_rep1,redis,sb:events:n20:feed8:rep1,0628e032-a67c-461e-81b6-eb7ad1ca851f,3895134,471,23828407400,23828432200,1781307216049-0
concurrency_n20_20260613_003304_redis_feed8_rep1,redis,sb:events:n20:feed8:rep1,f31a81ec-4289-4c9e-a352-8a8ecf402f40,3895134,471,23829832500,23829855100,1781307216050-0
concurrency_n20_20260613_003304_redis_feed8_rep1,redis,sb:events:n20:feed8:rep1,564b992f-a93b-47e2-a3c8-58f58a03c64c,3895086,471,23831028600,23831052900,1781307216054-0
concurrency_n20_20260613_003304_redis_feed8_rep1,redis,sb:events:n20:feed8:rep1,0e75662f-3fdf-48d0-80d9-e67fcfafc207,3895052,471,23832485500,23832590900,1781307216056-0
concurrency_n20_20260613_003304_redis_feed8_rep1,redis,sb:events:n20:feed8:rep1,98b78ad0-eb59-4eb0-8829-c9320b3eebae,3895067,472,23837036100,23837062800,1781307216057-0
concurrency_n20_20260613_003304_redis_feed8_rep1,redis,sb:events:n20:feed8:rep1,ea660348-9477-44af-a655-fcaed91d91f8,3895067,472,23843038800,23843066300,1781307216078-0
concurrency_n20_20260613_003304_redis_feed8_rep1,redis,sb:events:n20:feed8:rep1,5438d909-eb08-4a8c-9503-c7bdd8f341b0,3895086,472,23844067900,23844094900,1781307216081-0
concurrency_n20_20260613_003304_redis_feed8_rep1,redis,sb:events:n20:feed8:rep1,5a1224f9-cee7-481f-b467-6d6c61240bd0,3895074,473,23845235500,23845332700,1781307216083-0
concurrency_n20_20260613_003304_redis_feed8_rep1,redis,sb:events:n20:feed8:rep1,736ddb9b-44e9-4a00-b625-037a699bbbda,3895074,473,23846555500,23846578000,1781307216084-0
concurrency_n20_20260613_003304_redis_feed8_rep1,redis,sb:events:n20:feed8:rep1,033ce2f9-2f53-430a-ba21-b9765bb014d3,3895134,473,23849784100,23849808600,1781307216086-0
concurrency_n20_20260613_003304_redis_feed8_rep1,redis,sb:events:n20:feed8:rep1,9c22693c-1a75-479c-a62b-ad9b8d7102f5,3895134,473,23852632200,23852663800,1781307216092-0
concurrency_n20_20260613_003304_redis_feed8_rep1,redis,sb:events:n20:feed8:rep1,f4eea71a-2476-4f0c-8802-c9fe7503a3eb,3895086,473,23854323600,23854349800,1781307216094-0
concurrency_n20_20260613_003304_redis_feed8_rep1,redis,sb:events:n20:feed8:rep1,96e8d159-a7c9-4e88-8221-cc6182130e2c,3895086,473,23857128600,23857396000,1781307216095-0
concurrency_n20_20260613_003304_redis_feed8_rep1,redis,sb:events:n20:feed8:rep1,763d58f2-630f-42e6-84f6-858bc0a94324,3895067,474,23859775600,23859804000,1781307216097-0
concurrency_n20_20260613_003304_redis_feed8_rep1,redis,sb:events:n20:feed8:rep1,0744fba3-56cb-428d-bf40-a354a2b63441,3895067,474,23863195100,23863246000,1781307216100-0
concurrency_n20_20260613_003304_redis_feed8_rep1,redis,sb:events:n20:feed8:rep1,916a9bb1-597a-466a-a634-35a877e27113,3895067,474,23864493300,23864514500,1781307216102-0
concurrency_n20_20260613_003304_redis_feed8_rep1,redis,sb:events:n20:feed8:rep1,fc654822-aa94-435d-a06c-7894b15c0bde,3895086,474,23865690200,23865708800,1781307216103-0
concurrency_n20_20260613_003304_redis_feed8_rep1,redis,sb:events:n20:feed8:rep1,832afd0b-9588-4cc4-8963-9ecc26783b76,3895086,474,23867408000,23867427800,1781307216105-0
concurrency_n20_20260613_003304_redis_feed8_rep1,redis,sb:events:n20:feed8:rep1,2cc8e083-9ca4-42e3-99e5-e3a2ee2ee57e,3895060,475,23869833900,23869898500,1781307216106-0
concurrency_n20_20260613_003304_redis_feed8_rep1,redis,sb:events:n20:feed8:rep1,b7aa1457-1911-4c54-86d1-eeba7711879a,3895067,475,23871978600,23872010900,1781307216109-0
concurrency_n20_20260613_003304_redis_feed8_rep1,redis,sb:events:n20:feed8:rep1,90c97a83-0af0-422d-bb6b-ac616a0e970c,3895067,475,23873145500,23873169300,1781307216110-0
concurrency_n20_20260613_003304_redis_feed8_rep1,redis,sb:events:n20:feed8:rep1,f6e716c5-a169-4919-9d7e-ed4c2e6999f6,3895134,475,23876077800,23876101100,1781307216116-0
concurrency_n20_20260613_003304_redis_feed8_rep1,redis,sb:events:n20:feed8:rep1,d09e1dad-7cbf-4ef4-b81e-5bfe0b54a46c,3895060,476,23877947500,23877969500,1781307216118-0
concurrency_n20_20260613_003304_redis_feed8_rep1,redis,sb:events:n20:feed8:rep1,14c258e3-87a9-4477-8737-28fe88293009,3895060,476,23879187900,23879215700,1781307216120-0
concurrency_n20_20260613_003304_redis_feed8_rep1,redis,sb:events:n20:feed8:rep1,8974c6d2-f53a-48ed-9034-774ad8eb6a0d,3895060,476,23880853100,23880875700,1781307216124-0
concurrency_n20_20260613_003304_redis_feed8_rep1,redis,sb:events:n20:feed8:rep1,8848ed44-1708-4b22-9b9a-65f860954a94,3895067,476,23894071200,23894096900,1781307216126-0
concurrency_n20_20260613_003304_redis_feed8_rep1,redis,sb:events:n20:feed8:rep1,a8ae1297-c18b-48d8-8655-2179adf257c6,3895134,476,23898467800,23898496100,1781307216134-0
concurrency_n20_20260613_003304_redis_feed8_rep1,redis,sb:events:n20:feed8:rep1,117e1f76-6ab5-43de-9ce6-aed027465ea8,3895086,476,23915266200,23915301600,1781307216138-0
concurrency_n20_20260613_003304_redis_feed8_rep1,redis,sb:events:n20:feed8:rep1,972ab2c7-5124-4546-881b-68c14ae1221e,3895060,477,23917938700,23917983600,1781307216139-0
concurrency_n20_20260613_003304_redis_feed8_rep1,redis,sb:events:n20:feed8:rep1,ae535027-1a9b-460d-afb7-ca950e5f6454,3895060,477,23919998900,23920027600,1781307216141-0
concurrency_n20_20260613_003304_redis_feed8_rep1,redis,sb:events:n20:feed8:rep1,8532b186-9a6a-4a44-a560-98874af82849,3895060,477,23922876900,23922906100,1781307216143-0
concurrency_n20_20260613_003304_redis_feed8_rep1,redis,sb:events:n20:feed8:rep1,244dfe20-6f6e-4563-bb81-bd9571da46cc,3895067,477,23924093400,23924116300,1781307216144-0
concurrency_n20_20260613_003304_redis_feed8_rep1,redis,sb:events:n20:feed8:rep1,8be3754f-352d-4b91-bea2-1ee0c8bcfee6,3895067,477,23926208600,23926242800,1781307216145-0
concurrency_n20_20260613_003304_redis_feed8_rep1,redis,sb:events:n20:feed8:rep1,373dc7bd-d13d-460b-9ad3-78036b35a08c,3895134,477,23928077000,23928107000,1781307216158-0
concurrency_n20_20260613_003304_redis_feed8_rep1,redis,sb:events:n20:feed8:rep1,6b49f0b1-0667-49fc-9bd5-b77c657d113e,3895134,477,23929212000,23929233400,1781307216163-0
concurrency_n20_20260613_003304_redis_feed8_rep1,redis,sb:events:n20:feed8:rep1,953250cd-ee87-42f7-8410-b94cce63746a,3895134,477,23930145800,23930165200,1781307216181-0
concurrency_n20_20260613_003304_redis_feed8_rep1,redis,sb:events:n20:feed8:rep1,7d4c9d22-2c9b-41d1-94c9-5a0adeb7353e,3895086,477,23931692400,23931744200,1781307216183-0
concurrency_n20_20260613_003304_redis_feed8_rep1,redis,sb:events:n20:feed8:rep1,d2a3b47f-7400-4125-a313-daa4691f910e,3895086,477,23932855300,23932872300,1781307216185-0
concurrency_n20_20260613_003304_redis_feed8_rep1,redis,sb:events:n20:feed8:rep1,ddde6ce4-3882-4c5f-8ff4-ec7aad5e9cea,3895060,478,23933701600,23933723800,1781307216188-0
concurrency_n20_20260613_003304_redis_feed8_rep1,redis,sb:events:n20:feed8:rep1,370792a4-6940-42de-99a4-331696d204f2,3895060,478,23935723000,23935748900,1781307216189-0
concurrency_n20_20260613_003304_redis_feed8_rep1,redis,sb:events:n20:feed8:rep1,f7ee8391-8962-4fd7-a136-65b296f2d8cf,3895134,478,23937350900,23937374500,1781307216191-0
concurrency_n20_20260613_003304_redis_feed8_rep1,redis,sb:events:n20:feed8:rep1,8a1a4c5a-cfb0-428e-b323-174a4864193c,3895134,478,23938818600,23938841400,1781307216195-0
concurrency_n20_20260613_003304_redis_feed8_rep1,redis,sb:events:n20:feed8:rep1,53f7dfa9-747e-4181-82ac-41ca2bc3822c,3895121,479,23940604500,23940630900,1781307216196-0
concurrency_n20_20260613_003304_redis_feed8_rep1,redis,sb:events:n20:feed8:rep1,aedad7e5-5109-43e5-9b0d-81cfdf493ec6,3895107,479,23942060800,23942086100,1781307216198-0
concurrency_n20_20260613_003304_redis_feed8_rep1,redis,sb:events:n20:feed8:rep1,16f91cec-0a01-42f4-8808-b253d5027be9,3895134,479,23943251100,23943271500,1781307216199-0
concurrency_n20_20260613_003304_redis_feed8_rep1,redis,sb:events:n20:feed8:rep1,908f0f79-14ce-4dc5-ac04-dc1ce7df95c4,3895134,479,23944497600,23944520000,1781307216200-0
concurrency_n20_20260613_003304_redis_feed8_rep1,redis,sb:events:n20:feed8:rep1,29b69ac5-f3de-4f44-8a84-890f758f85d5,3895134,479,23976189400,23976212100,1781307216201-0
concurrency_n20_20260613_003304_redis_feed8_rep1,redis,sb:events:n20:feed8:rep1,89a798fc-4ca8-4ef3-b77b-b4067a3072e7,3895074,480,23978538800,23978565200,1781307216202-0
concurrency_n20_20260613_003304_redis_feed8_rep1,redis,sb:events:n20:feed8:rep1,c6d9a786-6fdb-4837-b172-c7206bc135b3,3895086,480,23980983900,23981022000,1781307216204-0
concurrency_n20_20260613_003304_redis_feed8_rep1,redis,sb:events:n20:feed8:rep1,24b86b4b-a054-4249-b219-ee01b5b9c20d,3895086,480,23982856500,23982883700,1781307216206-0
concurrency_n20_20260613_003304_redis_feed8_rep1,redis,sb:events:n20:feed8:rep1,c42ddc13-8e10-4684-99d7-5725503214d8,3895086,480,23985868600,23985898700,1781307216207-0
concurrency_n20_20260613_003304_redis_feed8_rep1,redis,sb:events:n20:feed8:rep1,7ef27699-3aca-4001-a41e-b73a91fafcfd,3895113,480,23987963600,23988002200,1781307216209-0
concurrency_n20_20260613_003304_redis_feed8_rep1,redis,sb:events:n20:feed8:rep1,dbeb1fe3-ad84-404e-9f8d-0c1b827c1318,3895121,481,23993872800,23993901000,1781307216210-0
concurrency_n20_20260613_003304_redis_feed8_rep1,redis,sb:events:n20:feed8:rep1,74ec5700-b779-47b1-85cd-96b1b98339f2,3895121,481,23995482900,23995509400,1781307216212-0
concurrency_n20_20260613_003304_redis_feed8_rep1,redis,sb:events:n20:feed8:rep1,13b8dcbe-a434-4e86-971f-b214f2ea3e2e,3895134,481,24009678700,24009711900,1781307216241-0
concurrency_n20_20260613_003304_redis_feed8_rep1,redis,sb:events:n20:feed8:rep1,4aacddba-d73e-4d40-ab6b-a9f793127492,3895134,481,24027022000,24027054500,1781307216248-0
concurrency_n20_20260613_003304_redis_feed8_rep1,redis,sb:events:n20:feed8:rep1,3f5ddab5-27ce-47e8-af7e-336e770db44f,3895074,482,24029504000,24029532800,1781307216251-0
concurrency_n20_20260613_003304_redis_feed8_rep1,redis,sb:events:n20:feed8:rep1,e2642e4c-ef25-4f71-9c1d-41ca3d90afb0,3895074,482,24034923000,24034949200,1781307216253-0
concurrency_n20_20260613_003304_redis_feed8_rep1,redis,sb:events:n20:feed8:rep1,f4bf9f3e-fa6e-47a3-ad62-2932f0db7659,3895060,482,24038990900,24039027800,1781307216258-0
concurrency_n20_20260613_003304_redis_feed8_rep1,redis,sb:events:n20:feed8:rep1,285cf6ae-4c95-4012-99f8-f22d78055627,3895060,482,24040847500,24040873300,1781307216262-0
concurrency_n20_20260613_003304_redis_feed8_rep1,redis,sb:events:n20:feed8:rep1,837fea5f-21ea-4230-bbbd-6453627b552d,3895060,482,24044417000,24044456200,1781307216289-0
concurrency_n20_20260613_003304_redis_feed8_rep1,redis,sb:events:n20:feed8:rep1,95238892-450f-4835-8948-5655fb7d2a1d,3895107,482,24047496400,24047560700,1781307216292-0
concurrency_n20_20260613_003304_redis_feed8_rep1,redis,sb:events:n20:feed8:rep1,8993f7b5-53ef-4450-abf1-fc158962b361,3895107,482,24048842500,24048863300,1781307216294-0
concurrency_n20_20260613_003304_redis_feed8_rep1,redis,sb:events:n20:feed8:rep1,0adc0c81-8baf-494a-95bc-290b2e78c770,3895113,482,24050183400,24050243200,1781307216298-0
concurrency_n20_20260613_003304_redis_feed8_rep1,redis,sb:events:n20:feed8:rep1,b76bd532-c731-40f2-a89d-54e54004daa3,3895113,482,24051283600,24051307200,1781307216302-0
concurrency_n20_20260613_003304_redis_feed8_rep1,redis,sb:events:n20:feed8:rep1,ceb3caa1-56d5-4fed-a5f7-845b5dfabc79,3895113,482,24053165800,24053197500,1781307216305-0
concurrency_n20_20260613_003304_redis_feed8_rep1,redis,sb:events:n20:feed8:rep1,ca7748eb-3897-4456-b2ef-1f825740617b,3895121,483,24060014100,24060316900,1781307216308-0
concurrency_n20_20260613_003304_redis_feed8_rep1,redis,sb:events:n20:feed8:rep1,8da412b2-81d6-413b-8752-bb248389a056,3895107,483,24063267900,24063292700,1781307216310-0
concurrency_n20_20260613_003304_redis_feed8_rep1,redis,sb:events:n20:feed8:rep1,664c8602-ba21-44c4-a57e-03ca8bfbd2a3,3895086,483,24064151900,24064176700,1781307216312-0
concurrency_n20_20260613_003304_redis_feed8_rep1,redis,sb:events:n20:feed8:rep1,92836f1b-71fd-43d3-aa9a-0311e4a62d38,3895113,483,24066037000,24066169500,1781307216315-0
concurrency_n20_20260613_003304_redis_feed8_rep1,redis,sb:events:n20:feed8:rep1,047e3d1d-965e-451e-9e8d-46e9bfcf3e56,3895121,484,24068049200,24068070900,1781307216317-0
concurrency_n20_20260613_003304_redis_feed8_rep1,redis,sb:events:n20:feed8:rep1,87d38202-5915-49d4-86be-09ae2f7ab10b,3895121,484,24069211000,24069236100,1781307216319-0
concurrency_n20_20260613_003304_redis_feed8_rep1,redis,sb:events:n20:feed8:rep1,c3bfecfb-e856-4a3c-ba74-a055a8619542,3895074,484,24070224100,24070244800,1781307216320-0
concurrency_n20_20260613_003304_redis_feed8_rep1,redis,sb:events:n20:feed8:rep1,a76d4db8-b7c8-4e40-bdf5-cf6c0cb201b4,3895060,484,24071323900,24071346600,1781307216322-0
concurrency_n20_20260613_003304_redis_feed8_rep1,redis,sb:events:n20:feed8:rep1,951e7ac9-28e8-49ac-b093-c767b98fe62f,3895134,484,24073168400,24073203600,1781307216324-0
concurrency_n20_20260613_003304_redis_feed8_rep1,redis,sb:events:n20:feed8:rep1,c778d902-0701-4e35-a2a4-5948422bd79f,3895121,485,24076347800,24076427600,1781307216329-0
concurrency_n20_20260613_003304_redis_feed8_rep1,redis,sb:events:n20:feed8:rep1,b1af8396-df2a-4b40-ae2c-691eea7b965b,3895074,485,24077489500,24077506500,1781307216330-0
concurrency_n20_20260613_003304_redis_feed8_rep1,redis,sb:events:n20:feed8:rep1,7d16a773-01d1-473b-812c-282c1e6890d5,3895074,485,24078898600,24078930100,1781307216331-0
concurrency_n20_20260613_003304_redis_feed8_rep1,redis,sb:events:n20:feed8:rep1,8383a687-f70b-42dd-a2dd-22641f5009aa,3895060,485,24083757400,24083788800,1781307216332-0
concurrency_n20_20260613_003304_redis_feed8_rep1,redis,sb:events:n20:feed8:rep1,85b77830-bcf8-4e34-bca8-468c92c6ef32,3895107,485,24089226300,24089273500,1781307216334-0
concurrency_n20_20260613_003304_redis_feed8_rep1,redis,sb:events:n20:feed8:rep1,ed1633a7-5f8b-4e48-979f-8d47a597c0d4,3895107,485,24090898400,24090919000,1781307216335-0
concurrency_n20_20260613_003304_redis_feed8_rep1,redis,sb:events:n20:feed8:rep1,7f90e39a-649d-4fca-98a8-b4d30215a07b,3895107,485,24091778100,24091800000,1781307216337-0
concurrency_n20_20260613_003304_redis_feed8_rep1,redis,sb:events:n20:feed8:rep1,cd3fa78f-9ef8-4cab-bd96-c2ccf13db744,3895134,485,24093023800,24093041100,1781307216340-0
concurrency_n20_20260613_003304_redis_feed8_rep1,redis,sb:events:n20:feed8:rep1,46b6748a-b45c-4b63-bd26-53c289b17e67,3895134,485,24094219500,24094239000,1781307216341-0
concurrency_n20_20260613_003304_redis_feed8_rep1,redis,sb:events:n20:feed8:rep1,957393b2-53ad-4a4a-bfad-aa5fd3b4ca34,3895134,485,24098135200,24098156500,1781307216342-0
concurrency_n20_20260613_003304_redis_feed8_rep1,redis,sb:events:n20:feed8:rep1,f0404473-617c-4442-b678-ffd5a3faec6d,3895086,485,24099468100,24099499300,1781307216345-0
concurrency_n20_20260613_003304_redis_feed8_rep1,redis,sb:events:n20:feed8:rep1,be06b608-79e3-4e92-90c3-da7c46624e3c,3895086,485,24100465500,24100492800,1781307216350-0
concurrency_n20_20260613_003304_redis_feed8_rep1,redis,sb:events:n20:feed8:rep1,43f04a8e-de91-457b-9151-2d6a0b0048f0,3895121,486,24101531600,24101550700,1781307216353-0
concurrency_n20_20260613_003304_redis_feed8_rep1,redis,sb:events:n20:feed8:rep1,58d93f50-8b43-438f-8a71-654ba72953a2,3895121,486,24102435100,24102454600,1781307216354-0
concurrency_n20_20260613_003304_redis_feed8_rep1,redis,sb:events:n20:feed8:rep1,a942d413-8e18-478c-b604-5b6c6e4da504,3895121,486,24104885900,24104908500,1781307216356-0
concurrency_n20_20260613_003304_redis_feed8_rep1,redis,sb:events:n20:feed8:rep1,6b3565f7-be6c-4ed4-850f-cabf2e1cc00b,3895060,486,24106633900,24106661600,1781307216357-0
concurrency_n20_20260613_003304_redis_feed8_rep1,redis,sb:events:n20:feed8:rep1,b303f39f-bb13-42dd-90fb-37542c2aa67c,3895060,486,24107586300,24107607500,1781307216359-0
concurrency_n20_20260613_003304_redis_feed8_rep1,redis,sb:events:n20:feed8:rep1,6b555d33-1201-491e-b05a-daf424748369,3895107,486,24108530900,24108555700,1781307216361-0
concurrency_n20_20260613_003304_redis_feed8_rep1,redis,sb:events:n20:feed8:rep1,c93be192-605a-420c-827a-3cfd01facaa6,3895134,486,24110175300,24110198100,1781307216362-0
concurrency_n20_20260613_003304_redis_feed8_rep1,redis,sb:events:n20:feed8:rep1,a12affa9-0528-43ab-ba6c-bcf1e75acc94,3895113,486,24112714900,24112742600,1781307216365-0
concurrency_n20_20260613_003304_redis_feed8_rep1,redis,sb:events:n20:feed8:rep1,e2ea1f32-6183-4d41-ad14-3eed7e69de60,3895121,487,24113862400,24113925200,1781307216366-0
concurrency_n20_20260613_003304_redis_feed8_rep1,redis,sb:events:n20:feed8:rep1,d966ad98-cfbf-4352-9296-7184ce8dd5cf,3895121,487,24115076600,24115097100,1781307216367-0
concurrency_n20_20260613_003304_redis_feed8_rep1,redis,sb:events:n20:feed8:rep1,05222980-8d38-4f2b-afc6-771c792f2ebd,3895074,487,24115826700,24115863200,1781307216370-0
concurrency_n20_20260613_003304_redis_feed8_rep1,redis,sb:events:n20:feed8:rep1,2af02957-ad76-4bfb-8e72-dd95237e58ff,3895134,487,24116988600,24117010000,1781307216372-0
concurrency_n20_20260613_003304_redis_feed8_rep1,redis,sb:events:n20:feed8:rep1,08f7eb42-654b-48d2-bb70-c124ee425bca,3895134,487,24118763000,24118798200,1781307216374-0
concurrency_n20_20260613_003304_redis_feed8_rep1,redis,sb:events:n20:feed8:rep1,0e05c17a-6a6a-4714-b16c-2683603d2d25,3895134,487,24121222300,24121251600,1781307216375-0
concurrency_n20_20260613_003304_redis_feed8_rep1,redis,sb:events:n20:feed8:rep1,ecf56765-45f3-4939-b7c7-80aae2e885f3,3895121,488,24123040600,24123069600,1781307216377-0
concurrency_n20_20260613_003304_redis_feed8_rep1,redis,sb:events:n20:feed8:rep1,e6ecb80c-31c6-4993-80fd-fc4563512816,3895074,488,24126630800,24126656700,1781307216378-0
concurrency_n20_20260613_003304_redis_feed8_rep1,redis,sb:events:n20:feed8:rep1,a5e5a83b-7802-41aa-b6d3-bdc3d89ef467,3895074,488,24130560900,24130586600,1781307216380-0
concurrency_n20_20260613_003304_redis_feed8_rep1,redis,sb:events:n20:feed8:rep1,7c1ae576-43b9-4809-96a2-8d75d120bdf9,3895060,488,24133479800,24133506100,1781307216381-0
concurrency_n20_20260613_003304_redis_feed8_rep1,redis,sb:events:n20:feed8:rep1,b4caad63-e87c-4d16-91e6-0713c3e66d8a,3895134,488,24134683800,24134711500,1781307216383-0
concurrency_n20_20260613_003304_redis_feed8_rep1,redis,sb:events:n20:feed8:rep1,ce9bd9f3-7328-4fb6-8ce2-001279f6baca,3895134,488,24136764300,24136788000,1781307216386-0
concurrency_n20_20260613_003304_redis_feed8_rep1,redis,sb:events:n20:feed8:rep1,3cecaa4c-ea18-46a7-af6f-8f5648494858,3895134,488,24138271600,24138297900,1781307216388-0
concurrency_n20_20260613_003304_redis_feed8_rep1,redis,sb:events:n20:feed8:rep1,03cdcd5c-a767-497e-812a-1d9073e0c4a2,3895121,489,24140940200,24140965000,1781307216389-0
concurrency_n20_20260613_003304_redis_feed8_rep1,redis,sb:events:n20:feed8:rep1,9117a504-f88b-4845-b57d-cf05f5639246,3895121,489,24144095500,24144116200,1781307216391-0
concurrency_n20_20260613_003304_redis_feed8_rep1,redis,sb:events:n20:feed8:rep1,366f016f-4ca0-4933-82f3-1298e240909e,3895121,489,24145707200,24145734700,1781307216394-0
concurrency_n20_20260613_003304_redis_feed8_rep1,redis,sb:events:n20:feed8:rep1,07808a67-ad47-47bc-a238-346452e54263,3895060,489,24146709600,24146738800,1781307216396-0
concurrency_n20_20260613_003304_redis_feed8_rep1,redis,sb:events:n20:feed8:rep1,000f35a9-2b85-41c6-abac-a626f2441789,3895060,489,24147574900,24147598300,1781307216398-0
concurrency_n20_20260613_003304_redis_feed8_rep1,redis,sb:events:n20:feed8:rep1,2bdddfbd-053f-4a97-8498-95abdc1c7dc4,3895107,489,24148603200,24148628700,1781307216400-0
concurrency_n20_20260613_003304_redis_feed8_rep1,redis,sb:events:n20:feed8:rep1,98d06e2c-ae92-4556-a4f8-81378b516de0,3895107,489,24149357800,24149422000,1781307216401-0
concurrency_n20_20260613_003304_redis_feed8_rep1,redis,sb:events:n20:feed8:rep1,06595666-fba3-4a30-8c54-cca4a3cbbaec,3895107,489,24150850900,24150873300,1781307216403-0
concurrency_n20_20260613_003304_redis_feed8_rep1,redis,sb:events:n20:feed8:rep1,682d7033-38f1-439b-b78a-3d274b907f1f,3895121,490,24152814200,24152842500,1781307216404-0
concurrency_n20_20260613_003304_redis_feed8_rep1,redis,sb:events:n20:feed8:rep1,a353dfdb-141a-410a-b45c-e1cb9388a566,3895121,490,24154224900,24154251500,1781307216407-0
concurrency_n20_20260613_003304_redis_feed8_rep1,redis,sb:events:n20:feed8:rep1,2a543699-da87-4c42-89d1-1ea6ddb38055,3895074,490,24154966300,24154985400,1781307216409-0
concurrency_n20_20260613_003304_redis_feed8_rep1,redis,sb:events:n20:feed8:rep1,56076b76-7d56-462c-a75f-447aa1a0bd14,3895107,490,24157335400,24157411400,1781307216410-0
concurrency_n20_20260613_003304_redis_feed8_rep1,redis,sb:events:n20:feed8:rep1,99081fb6-b69d-4338-8f1f-922438e3783b,3895107,490,24158269900,24158289200,1781307216411-0
concurrency_n20_20260613_003304_redis_feed8_rep1,redis,sb:events:n20:feed8:rep1,88bb115f-67ab-40f6-b4c7-766b19e452be,3895134,490,24160135400,24160176700,1781307216412-0
concurrency_n20_20260613_003304_redis_feed8_rep1,redis,sb:events:n20:feed8:rep1,1d6db182-b7b7-4cab-968b-31ddf57127ab,3895134,490,24161714400,24161734900,1781307216415-0
concurrency_n20_20260613_003304_redis_feed8_rep1,redis,sb:events:n20:feed8:rep1,ec6ea184-6d2d-4f2c-bab8-9ae0e7a5fb6f,3895134,490,24163747900,24163770800,1781307216417-0
concurrency_n20_20260613_003304_redis_feed8_rep1,redis,sb:events:n20:feed8:rep1,7aa0cc37-69ea-4786-9980-3519c3255674,3895134,490,24166600500,24166626700,1781307216418-0
concurrency_n20_20260613_003304_redis_feed8_rep1,redis,sb:events:n20:feed8:rep1,e06ad83e-9048-4b32-b1f7-ee0724959468,3895086,490,24167836400,24167859000,1781307216421-0
concurrency_n20_20260613_003304_redis_feed8_rep1,redis,sb:events:n20:feed8:rep1,cdb3c3ca-1548-4619-a5c0-53922bd51131,3895121,491,24169213900,24169235500,1781307216422-0
concurrency_n20_20260613_003304_redis_feed8_rep1,redis,sb:events:n20:feed8:rep1,bb930c94-f48c-4f37-9c5b-00ced40855ca,3895074,491,24172623500,24172651600,1781307216423-0
concurrency_n20_20260613_003304_redis_feed8_rep1,redis,sb:events:n20:feed8:rep1,dd2f4e5f-d8ce-426b-9066-8df201864e61,3895074,491,24174420400,24174443700,1781307216424-0
concurrency_n20_20260613_003304_redis_feed8_rep1,redis,sb:events:n20:feed8:rep1,304eb7ff-0921-45ca-b358-ab14cceba575,3895086,491,24175283100,24175304800,1781307216425-0
concurrency_n20_20260613_003304_redis_feed8_rep1,redis,sb:events:n20:feed8:rep1,706e234a-813a-4d60-94c4-c9c4e0e5445d,3895086,491,24176311100,24176336300,1781307216427-0
concurrency_n20_20260613_003304_redis_feed8_rep1,redis,sb:events:n20:feed8:rep1,21fdfd11-c287-40e0-acfb-4f3413472b55,3895113,491,24177642800,24177662800,1781307216429-0
concurrency_n20_20260613_003304_redis_feed8_rep1,redis,sb:events:n20:feed8:rep1,8cf7a06e-4aa1-4d99-a448-2869a8267604,3895113,491,24180866500,24180894400,1781307216431-0
concurrency_n20_20260613_003304_redis_feed8_rep1,redis,sb:events:n20:feed8:rep1,9c189581-25f5-452f-a479-b63e47e7a926,3895121,492,24184026800,24184051100,1781307216433-0
concurrency_n20_20260613_003304_redis_feed8_rep1,redis,sb:events:n20:feed8:rep1,dbf5f764-0435-4902-a430-cdd06ae7e0b3,3895121,492,24193171700,24193197700,1781307216443-0
concurrency_n20_20260613_003304_redis_feed8_rep1,redis,sb:events:n20:feed8:rep1,66f10fb4-e68e-4fc6-a501-501875d01502,3895134,492,24205318800,24205348000,1781307216445-0
concurrency_n20_20260613_003304_redis_feed8_rep1,redis,sb:events:n20:feed8:rep1,c5834c0a-d01f-476c-859e-fa64401e82fa,3895060,493,24209251300,24209302000,1781307216447-0
concurrency_n20_20260613_003304_redis_feed8_rep1,redis,sb:events:n20:feed8:rep1,e499c4aa-5490-4f72-90bd-747c7f989f5f,3895086,493,24243430800,24243457900,1781307216455-0
concurrency_n20_20260613_003304_redis_feed8_rep1,redis,sb:events:n20:feed8:rep1,5e503645-a8a4-44f8-a69e-f410f81694b0,3895121,494,24274526600,24274550400,1781307216469-0
concurrency_n20_20260613_003304_redis_feed8_rep1,redis,sb:events:n20:feed8:rep1,aa291908-f334-4120-ab4d-0d58856b1b06,3895060,494,24276144800,24276172900,1781307216471-0
concurrency_n20_20260613_003304_redis_feed8_rep1,redis,sb:events:n20:feed8:rep1,9fd12bc1-c51b-440b-9dcb-07af878748e5,3895060,494,24276882600,24276903700,1781307216475-0
concurrency_n20_20260613_003304_redis_feed8_rep1,redis,sb:events:n20:feed8:rep1,79bfca80-3bb9-428e-afd3-b10dcdfab364,3895107,494,24280126600,24280231100,1781307216509-0
concurrency_n20_20260613_003304_redis_feed8_rep1,redis,sb:events:n20:feed8:rep1,282ccc6d-03c7-4a39-9b17-6c21b9d68061,3895134,494,24289995400,24290023600,1781307216522-0
concurrency_n20_20260613_003304_redis_feed8_rep1,redis,sb:events:n20:feed8:rep1,f28a1fce-5c9a-4f7d-a147-140be4739f19,3895134,494,24291031400,24291052600,1781307216524-0
concurrency_n20_20260613_003304_redis_feed8_rep1,redis,sb:events:n20:feed8:rep1,bc5cf701-66a0-4bbf-a349-b178a8999ebb,3895134,494,24293730800,24293753100,1781307216539-0
concurrency_n20_20260613_003304_redis_feed8_rep1,redis,sb:events:n20:feed8:rep1,df02b885-6e54-4fa9-aa9c-3dea7d1f3e8c,3895086,494,24296752500,24296836400,1781307216542-0
concurrency_n20_20260613_003304_redis_feed8_rep1,redis,sb:events:n20:feed8:rep1,38beb407-8de7-45aa-b363-9e9400b06786,3895086,494,24297947400,24297967700,1781307216543-0
concurrency_n20_20260613_003304_redis_feed8_rep1,redis,sb:events:n20:feed8:rep1,fb16a882-9345-4f62-b3c2-b77deeb293cd,3895086,494,24321659400,24321752600,1781307216554-0
concurrency_n20_20260613_003304_redis_feed8_rep1,redis,sb:events:n20:feed8:rep1,7f355249-a363-4945-8de6-0960fc538c4b,3895121,495,24323849400,24323877600,1781307216557-0
concurrency_n20_20260613_003304_redis_feed8_rep1,redis,sb:events:n20:feed8:rep1,79b4d10f-cbf0-47c1-824f-6698d5e4edac,3895121,495,24325557400,24325588700,1781307216558-0
concurrency_n20_20260613_003304_redis_feed8_rep1,redis,sb:events:n20:feed8:rep1,83eff5a7-d12d-45ef-ad82-77def160ad9a,3895107,495,24330998900,24331029000,1781307216560-0
concurrency_n20_20260613_003304_redis_feed8_rep1,redis,sb:events:n20:feed8:rep1,a198c926-b88b-47aa-8e41-0e5e248b3b3c,3895107,495,24333284800,24333313500,1781307216562-0
concurrency_n20_20260613_003304_redis_feed8_rep1,redis,sb:events:n20:feed8:rep1,4e9e9d9f-cdf5-43b2-a5f2-beb488fbcb19,3895134,495,24334871700,24334902400,1781307216563-0
concurrency_n20_20260613_003304_redis_feed8_rep1,redis,sb:events:n20:feed8:rep1,95e4ada0-2e61-43c6-be13-450cc214cac9,3895052,495,24336700300,24336724600,1781307216570-0
concurrency_n20_20260613_003304_redis_feed8_rep1,redis,sb:events:n20:feed8:rep1,36b81839-40f5-4f32-9b4c-dd3e73fb49c0,3895052,495,24337558900,24337578800,1781307216589-0
concurrency_n20_20260613_003304_redis_feed8_rep1,redis,sb:events:n20:feed8:rep1,fb6fbf54-77ce-4f8e-b591-1c3957b2a36a,3895052,495,24338299800,24338322200,1781307216594-0
concurrency_n20_20260613_003304_redis_feed8_rep1,redis,sb:events:n20:feed8:rep1,36d51267-1035-4ac7-bb14-68d6af0a1cd8,3895086,495,24342575200,24342603400,1781307216595-0
concurrency_n20_20260613_003304_redis_feed8_rep1,redis,sb:events:n20:feed8:rep1,fa22a2ec-1760-4ad3-9e83-53154656b246,3895086,495,24345891500,24345917100,1781307216596-0
concurrency_n20_20260613_003304_redis_feed8_rep1,redis,sb:events:n20:feed8:rep1,ae71ab01-5c07-4ff3-9c80-c8fd97b5bcf6,3895074,496,24347969300,24348025300,1781307216601-0
concurrency_n20_20260613_003304_redis_feed8_rep1,redis,sb:events:n20:feed8:rep1,46528eab-fa59-442f-822e-3a79553c021d,3895060,496,24350148500,24350194700,1781307216603-0
concurrency_n20_20260613_003304_redis_feed8_rep1,redis,sb:events:n20:feed8:rep1,23ccb833-f6d6-486d-b197-093b12a3b022,3895052,496,24351787100,24351812300,1781307216605-0
concurrency_n20_20260613_003304_redis_feed8_rep1,redis,sb:events:n20:feed8:rep1,6e9c8830-ae8d-4c87-a2df-ea2f4e761a31,3895113,496,24354136300,24354167800,1781307216607-0
concurrency_n20_20260613_003304_redis_feed8_rep1,redis,sb:events:n20:feed8:rep1,349c860b-0f6f-4a48-a3a4-82754df57b17,3895121,497,24355191900,24355212800,1781307216609-0
concurrency_n20_20260613_003304_redis_feed8_rep1,redis,sb:events:n20:feed8:rep1,2374f137-bec8-49e5-9330-16563a8a81d6,3895074,497,24356199100,24356220100,1781307216610-0
concurrency_n20_20260613_003304_redis_feed8_rep1,redis,sb:events:n20:feed8:rep1,097d985b-dd53-44cd-aefd-f855260f26cd,3895121,497,24359832400,24359878800,1781307216612-0
concurrency_n20_20260613_003304_redis_feed8_rep1,redis,sb:events:n20:feed8:rep1,ab2777c0-bfb8-4da2-8a20-10a2c3e3a93d,3895074,497,24361165000,24361363100,1781307216614-0
concurrency_n20_20260613_003304_redis_feed8_rep1,redis,sb:events:n20:feed8:rep1,d469a9d6-e82d-4892-a8fe-b0d1e9aa81e9,3895121,497,24362452400,24362473600,1781307216616-0
concurrency_n20_20260613_003304_redis_feed8_rep1,redis,sb:events:n20:feed8:rep1,8d5f6a0f-1357-41f8-8bd9-68c2dc7442ee,3895121,497,24363724400,24363742500,1781307216618-0
concurrency_n20_20260613_003304_redis_feed8_rep1,redis,sb:events:n20:feed8:rep1,00fa6196-4063-45d8-956c-06c3ea90ed18,3895060,497,24368193700,24368221400,1781307216620-0
concurrency_n20_20260613_003304_redis_feed8_rep1,redis,sb:events:n20:feed8:rep1,b509255f-5ce8-4e0f-b9af-227898104cc3,3895052,497,24369369800,24369396300,1781307216622-0
concurrency_n20_20260613_003304_redis_feed8_rep1,redis,sb:events:n20:feed8:rep1,94631ed6-f06b-4d80-bca3-78f4d71c9f63,3895052,497,24370380400,24370399600,1781307216624-0
concurrency_n20_20260613_003304_redis_feed8_rep1,redis,sb:events:n20:feed8:rep1,a9527b6b-0623-4bab-bf54-aefec2fec1f9,3895052,497,24371482300,24371502500,1781307216625-0
concurrency_n20_20260613_003304_redis_feed8_rep1,redis,sb:events:n20:feed8:rep1,31975108-41b0-4ba2-8378-59b33016cf30,3895121,498,24375064400,24375092800,1781307216626-0
concurrency_n20_20260613_003304_redis_feed8_rep1,redis,sb:events:n20:feed8:rep1,cc427fbe-f6e8-4e63-952a-6b9e470993d8,3895121,498,24377005300,24377043300,1781307216628-0
concurrency_n20_20260613_003304_redis_feed8_rep1,redis,sb:events:n20:feed8:rep1,d20b19c3-a48a-4459-bd05-f6f213cec7c4,3895107,498,24378915900,24378966500,1781307216629-0
concurrency_n20_20260613_003304_redis_feed8_rep1,redis,sb:events:n20:feed8:rep1,8489e4af-e8a2-4a05-9209-57c43e56c29a,3895107,498,24380714300,24380739700,1781307216630-0
concurrency_n20_20260613_003304_redis_feed8_rep1,redis,sb:events:n20:feed8:rep1,23f81b42-468f-482f-9fba-fd5a759ece05,3895052,498,24384235500,24384265500,1781307216633-0
concurrency_n20_20260613_003304_redis_feed8_rep1,redis,sb:events:n20:feed8:rep1,4fa1ad05-9e3e-4aec-8aaa-ad45ae06e6f7,3895074,499,24386447000,24386483000,1781307216634-0
concurrency_n20_20260613_003304_redis_feed8_rep1,redis,sb:events:n20:feed8:rep1,e9c3a5da-9830-40b2-9364-64162b43b582,3895086,499,24388460500,24388489300,1781307216635-0
concurrency_n20_20260613_003304_redis_feed8_rep1,redis,sb:events:n20:feed8:rep1,feab16e4-3ce0-4fab-84a2-777868a3816a,3895052,499,24390263000,24390292700,1781307216637-0
concurrency_n20_20260613_003304_redis_feed8_rep1,redis,sb:events:n20:feed8:rep1,62929983-b83d-42b8-b2e7-a9cb86bf9a51,3895052,499,24391748300,24391774500,1781307216638-0
concurrency_n20_20260613_003304_redis_feed8_rep1,redis,sb:events:n20:feed8:rep1,9ac39e85-58a9-41c2-a2d7-2aecc4fbb2b3,3895052,499,24399843300,24399871700,1781307216640-0
concurrency_n20_20260613_003304_redis_feed8_rep1,redis,sb:events:n20:feed8:rep1,b01f8464-7bf3-438a-8574-56324d3b599d,3895052,499,24400693500,24400714900,1781307216642-0
concurrency_n20_20260613_003304_redis_feed8_rep1,redis,sb:events:n20:feed8:rep1,a4d8d068-2e7d-40c7-9473-b3a2519fcf1b,3895060,500,24401491200,24401514000,1781307216646-0
concurrency_n20_20260613_003304_redis_feed8_rep1,redis,sb:events:n20:feed8:rep1,26f59fd2-69a8-42de-8dc6-df08ee3bdb3c,3895060,500,24402706900,24402729100,1781307216649-0
concurrency_n20_20260613_003304_redis_feed8_rep1,redis,sb:events:n20:feed8:rep1,1b200e19-bcae-4e89-bbaf-519116e651e0,3895060,500,24404570100,24404616000,1781307216651-0
concurrency_n20_20260613_003304_redis_feed8_rep1,redis,sb:events:n20:feed8:rep1,769c59c8-d90f-41d6-b6c9-c1084a76dd4c,3895052,500,24406154000,24406176000,1781307216654-0
concurrency_n20_20260613_003304_redis_feed8_rep1,redis,sb:events:n20:feed8:rep1,dad1eb75-e6bd-46d1-8462-fa306e58eb98,3895052,500,24407265900,24407291200,1781307216657-0
concurrency_n20_20260613_003304_redis_feed8_rep1,redis,sb:events:n20:feed8:rep1,01858249-1519-44d6-bb45-0aba8780753c,3895074,501,24408109300,24408128900,1781307216661-0
concurrency_n20_20260613_003304_redis_feed8_rep1,redis,sb:events:n20:feed8:rep1,ef3a2a56-3dd3-458e-9803-1d23bab9927c,3895074,501,24409114800,24409135300,1781307216662-0
concurrency_n20_20260613_003304_redis_feed8_rep1,redis,sb:events:n20:feed8:rep1,0eea2dd4-63e5-477d-89c8-11a6f2bc7cc3,3895121,501,24414274800,24414301100,1781307216664-0
concurrency_n20_20260613_003304_redis_feed8_rep1,redis,sb:events:n20:feed8:rep1,4689ee5d-a165-41b9-9765-54cf26b89974,3895074,502,24415129800,24415152300,1781307216665-0
concurrency_n20_20260613_003304_redis_feed8_rep1,redis,sb:events:n20:feed8:rep1,5cdac360-9d16-49d3-9ffd-1919de2da36b,3895074,502,24416364400,24416390100,1781307216669-0
concurrency_n20_20260613_003304_redis_feed8_rep1,redis,sb:events:n20:feed8:rep1,5e582e3c-1ad1-415a-b7bc-2f176f4c9446,3895121,502,24418266200,24418292100,1781307216671-0
concurrency_n20_20260613_003304_redis_feed8_rep1,redis,sb:events:n20:feed8:rep1,befe82b8-5c71-4a55-a5b4-02af982c82d8,3895121,502,24420386100,24420428000,1781307216672-0
concurrency_n20_20260613_003304_redis_feed8_rep1,redis,sb:events:n20:feed8:rep1,b2197139-ab0d-4a33-a3ba-54116a30f7bb,3895121,502,24422282400,24422306200,1781307216673-0
concurrency_n20_20260613_003304_redis_feed8_rep1,redis,sb:events:n20:feed8:rep1,b012221e-4a45-4aeb-9c92-fd453c3300f0,3895086,502,24423287600,24423310100,1781307216675-0
concurrency_n20_20260613_003304_redis_feed8_rep1,redis,sb:events:n20:feed8:rep1,f318531c-c8ed-4a7e-97cd-55840d34acba,3895086,502,24430428700,24430454900,1781307216676-0
concurrency_n20_20260613_003304_redis_feed8_rep1,redis,sb:events:n20:feed8:rep1,5c45bd25-de47-443a-8ed9-786514ebef57,3895086,502,24441389200,24441415200,1781307216677-0
concurrency_n20_20260613_003304_redis_feed8_rep1,redis,sb:events:n20:feed8:rep1,6b55c7b4-0df3-495c-a316-e9d30d9d7cbf,3895121,503,24442739300,24442763600,1781307216678-0
concurrency_n20_20260613_003304_redis_feed8_rep1,redis,sb:events:n20:feed8:rep1,67b8807d-e89c-444e-80ff-9af9f9fb413a,3895121,503,24444370500,24444396800,1781307216680-0
concurrency_n20_20260613_003304_redis_feed8_rep1,redis,sb:events:n20:feed8:rep1,c36319b4-340c-4aa6-a301-87f79b484a51,3895121,503,24445828100,24445857500,1781307216682-0
concurrency_n20_20260613_003304_redis_feed8_rep1,redis,sb:events:n20:feed8:rep1,50f1847f-5a57-4784-959a-1723f2df29b1,3895113,503,24447495900,24447524800,1781307216684-0
concurrency_n20_20260613_003304_redis_feed8_rep1,redis,sb:events:n20:feed8:rep1,fbcb9f5a-d91a-47d4-afe2-3c2aa23dc067,3895121,504,24448614100,24448680500,1781307216685-0
concurrency_n20_20260613_003304_redis_feed8_rep1,redis,sb:events:n20:feed8:rep1,60b55915-d435-48fd-898e-04f288d4b2c3,3895086,504,24449615400,24449638500,1781307216686-0
concurrency_n20_20260613_003304_redis_feed8_rep1,redis,sb:events:n20:feed8:rep1,6e98b601-c611-457d-9593-f8d157c7f801,3895074,505,24450697300,24450719600,1781307216688-0
concurrency_n20_20260613_003304_redis_feed8_rep1,redis,sb:events:n20:feed8:rep1,fb7d3b90-692d-43e5-a65d-8e61f6e5b040,3895074,505,24487490100,24487519300,1781307216689-0
concurrency_n20_20260613_003304_redis_feed8_rep1,redis,sb:events:n20:feed8:rep1,a3cfd6b0-d711-4f55-84cc-be15bced671a,3895121,505,24489133500,24489160200,1781307216701-0
concurrency_n20_20260613_003304_redis_feed8_rep1,redis,sb:events:n20:feed8:rep1,1da2d822-cce2-4126-8882-a2d996fd1656,3895121,505,24490394500,24490416200,1781307216703-0
concurrency_n20_20260613_003304_redis_feed8_rep1,redis,sb:events:n20:feed8:rep1,df472239-e889-4914-beb3-d6285b5ce491,3895067,505,24504827100,24504865800,1781307216704-0
concurrency_n20_20260613_003304_redis_feed8_rep1,redis,sb:events:n20:feed8:rep1,f57fccfc-218e-4f67-bc86-a0d2d3fe8f66,3895086,505,24509194200,24509224900,1781307216709-0
concurrency_n20_20260613_003304_redis_feed8_rep1,redis,sb:events:n20:feed8:rep1,c856534a-3c18-4142-b38d-920963780018,3895086,505,24510141900,24510231900,1781307216710-0
concurrency_n20_20260613_003304_redis_feed8_rep1,redis,sb:events:n20:feed8:rep1,61080830-9dbb-47f1-ac2e-01fc991446bf,3895113,505,24511201300,24511220400,1781307216712-0
concurrency_n20_20260613_003304_redis_feed8_rep1,redis,sb:events:n20:feed8:rep1,ab45e3b1-1285-406a-a7df-f419271eb959,3895121,506,24512579800,24512604600,1781307216716-0
concurrency_n20_20260613_003304_redis_feed8_rep1,redis,sb:events:n20:feed8:rep1,cd48420d-0319-4e1e-a89d-cb381910cea7,3895107,506,24513729000,24513754700,1781307216750-0
concurrency_n20_20260613_003304_redis_feed8_rep1,redis,sb:events:n20:feed8:rep1,d376b111-5b18-48ea-b576-bc1d36938281,3895052,506,24515358900,24515385500,1781307216754-0
concurrency_n20_20260613_003304_redis_feed8_rep1,redis,sb:events:n20:feed8:rep1,889c4db8-e13a-48e3-8db5-cee44aba727a,3895113,506,24516319700,24516340800,1781307216756-0
concurrency_n20_20260613_003304_redis_feed8_rep1,redis,sb:events:n20:feed8:rep1,5908c90f-a5c7-482a-9a85-a6598518aca0,3895067,507,24517302500,24517318700,1781307216759-0
concurrency_n20_20260613_003304_redis_feed8_rep1,redis,sb:events:n20:feed8:rep1,3a0f5619-1db6-4faa-9444-0b8c80f39327,3895067,507,24520734300,24520757300,1781307216769-0
concurrency_n20_20260613_003304_redis_feed8_rep1,redis,sb:events:n20:feed8:rep1,52986c02-91fb-42f4-b028-11b2249bc4c3,3895067,507,24530813900,24530854700,1781307216771-0
concurrency_n20_20260613_003304_redis_feed8_rep1,redis,sb:events:n20:feed8:rep1,cc0b3883-e667-4f14-b40b-0e23e63619f2,3895086,507,24532034900,24532059800,1781307216772-0
concurrency_n20_20260613_003304_redis_feed8_rep1,redis,sb:events:n20:feed8:rep1,e6ec7ece-a735-482f-b3d2-ec79ecb4c08e,3895052,507,24533049400,24533067600,1781307216776-0
concurrency_n20_20260613_003304_redis_feed8_rep1,redis,sb:events:n20:feed8:rep1,09901199-98b3-40fa-ac48-d43fed28f1ed,3895052,507,24533904500,24533920900,1781307216778-0
concurrency_n20_20260613_003304_redis_feed8_rep1,redis,sb:events:n20:feed8:rep1,421e9071-e8f9-4792-9f29-d0723762e664,3895074,508,24535135100,24535153600,1781307216780-0
concurrency_n20_20260613_003304_redis_feed8_rep1,redis,sb:events:n20:feed8:rep1,bbf627c7-85ce-4949-90b9-67bcb2cb9202,3895121,508,24535990000,24536006800,1781307216781-0
concurrency_n20_20260613_003304_redis_feed8_rep1,redis,sb:events:n20:feed8:rep1,b1037ea4-9196-425b-98aa-8134344efb9d,3895121,508,24540263100,24540296500,1781307216782-0
concurrency_n20_20260613_003304_redis_feed8_rep1,redis,sb:events:n20:feed8:rep1,d5b86ee5-b761-4e83-b57d-5220091344ad,3895060,508,24541411900,24541437400,1781307216784-0
concurrency_n20_20260613_003304_redis_feed8_rep1,redis,sb:events:n20:feed8:rep1,a03e16dd-44d2-4881-ab44-489c1fdf20cb,3895107,508,24543579500,24543600000,1781307216786-0
concurrency_n20_20260613_003304_redis_feed8_rep1,redis,sb:events:n20:feed8:rep1,4d025bbb-e591-4758-9a46-7fe0820c3bee,3895107,508,24544732500,24544754400,1781307216787-0
concurrency_n20_20260613_003304_redis_feed8_rep1,redis,sb:events:n20:feed8:rep1,bca2b7a8-07ec-4b21-81e1-b4b6a784d816,3895086,508,24546915900,24546953500,1781307216789-0
concurrency_n20_20260613_003304_redis_feed8_rep1,redis,sb:events:n20:feed8:rep1,083dd0fc-6b14-40c4-acda-73bcc04ee37c,3895086,508,24550794800,24550829700,1781307216792-0
concurrency_n20_20260613_003304_redis_feed8_rep1,redis,sb:events:n20:feed8:rep1,b081d47f-920b-4fc7-8af2-cf60be8fd02e,3895052,508,24553700400,24553776100,1781307216794-0
concurrency_n20_20260613_003304_redis_feed8_rep1,redis,sb:events:n20:feed8:rep1,2c0c5d4c-1c85-4581-83f5-49800846ca35,3895113,508,24555256000,24555280500,1781307216795-0
concurrency_n20_20260613_003304_redis_feed8_rep1,redis,sb:events:n20:feed8:rep1,b14a1d3e-db7a-43da-b79c-401f7287dce6,3895113,508,24556275700,24556301500,1781307216798-0
concurrency_n20_20260613_003304_redis_feed8_rep1,redis,sb:events:n20:feed8:rep1,c9563460-cbf2-424f-b83f-65b8d0e4d551,3895074,509,24557211100,24557232400,1781307216799-0
concurrency_n20_20260613_003304_redis_feed8_rep1,redis,sb:events:n20:feed8:rep1,bd1a2f63-624a-4be7-a2c2-5f3708bcd61a,3895074,509,24558313700,24558333500,1781307216800-0
concurrency_n20_20260613_003304_redis_feed8_rep1,redis,sb:events:n20:feed8:rep1,d812dcc3-393c-4ae3-8a6b-6035c319fca8,3895074,509,24559758700,24559779600,1781307216801-0
concurrency_n20_20260613_003304_redis_feed8_rep1,redis,sb:events:n20:feed8:rep1,43f2530a-b5e4-4824-904d-7bcd7a452fb3,3895060,509,24560699000,24560720800,1781307216803-0
concurrency_n20_20260613_003304_redis_feed8_rep1,redis,sb:events:n20:feed8:rep1,0e71b093-1f11-4790-9d02-3d5cba62b88e,3895060,509,24561579800,24561600800,1781307216804-0
concurrency_n20_20260613_003304_redis_feed8_rep1,redis,sb:events:n20:feed8:rep1,1777e72e-d9a0-432d-a526-b44383537534,3895086,509,24562602600,24562624000,1781307216806-0
concurrency_n20_20260613_003304_redis_feed8_rep1,redis,sb:events:n20:feed8:rep1,8a1cf37c-7492-4977-84f4-907948223c58,3895052,509,24564729700,24564748600,1781307216809-0
concurrency_n20_20260613_003304_redis_feed8_rep1,redis,sb:events:n20:feed8:rep1,8d95c8b0-773f-44fd-9ed5-ce557f0b98c3,3895052,509,24566774700,24566801100,1781307216811-0
concurrency_n20_20260613_003304_redis_feed8_rep1,redis,sb:events:n20:feed8:rep1,6f41d8bd-52f1-4795-8953-ea9e6b1ca541,3895074,510,24568078600,24568105500,1781307216815-0
concurrency_n20_20260613_003304_redis_feed8_rep1,redis,sb:events:n20:feed8:rep1,707e2712-d8d0-4b39-93ac-3647b978fd93,3895067,510,24569197100,24569218900,1781307216817-0
concurrency_n20_20260613_003304_redis_feed8_rep1,redis,sb:events:n20:feed8:rep1,a5cc2446-04a8-4eb1-82f0-358ed4234e3c,3895107,510,24572740200,24572775400,1781307216820-0
concurrency_n20_20260613_003304_redis_feed8_rep1,redis,sb:events:n20:feed8:rep1,2feeace9-9f8b-42be-9d66-ffe05617788d,3895086,510,24574371000,24574412400,1781307216823-0
concurrency_n20_20260613_003304_redis_feed8_rep1,redis,sb:events:n20:feed8:rep1,8b399507-b4f2-43ae-bfdf-92b3748cbe95,3895086,510,24576491300,24576518000,1781307216824-0
concurrency_n20_20260613_003304_redis_feed8_rep1,redis,sb:events:n20:feed8:rep1,4814d196-9529-4781-a9e5-3d2bd2da645b,3895052,510,24577746000,24577770200,1781307216825-0
concurrency_n20_20260613_003304_redis_feed8_rep1,redis,sb:events:n20:feed8:rep1,9e9bbbe9-6657-45a4-b8b2-5d9b0eb39bdc,3895086,510,24579839900,24579870900,1781307216826-0
concurrency_n20_20260613_003304_redis_feed8_rep1,redis,sb:events:n20:feed8:rep1,bf565494-7169-456a-86fd-2b61f2002349,3895052,510,24581121200,24581144300,1781307216827-0
concurrency_n20_20260613_003304_redis_feed8_rep1,redis,sb:events:n20:feed8:rep1,364b48ed-28a1-4f92-bb6b-2d50b7f8ab60,3895052,510,24582854700,24582878100,1781307216829-0
concurrency_n20_20260613_003304_redis_feed8_rep1,redis,sb:events:n20:feed8:rep1,e4baa967-37f7-4f11-a846-e4b7de57a137,3895052,510,24589411100,24589439700,1781307216830-0
concurrency_n20_20260613_003304_redis_feed8_rep1,redis,sb:events:n20:feed8:rep1,9aa4d688-5d3b-4354-b6f0-bde65819e05a,3895121,511,24593915000,24593951400,1781307216833-0
concurrency_n20_20260613_003304_redis_feed8_rep1,redis,sb:events:n20:feed8:rep1,2c3e0b08-b58b-4293-b275-9542c9b9cfe8,3895086,511,24610907900,24610935900,1781307216837-0
concurrency_n20_20260613_003304_redis_feed8_rep1,redis,sb:events:n20:feed8:rep1,95be481e-b01f-48a2-a7ee-8e5a9988246f,3895086,511,24612736000,24612773200,1781307216838-0
concurrency_n20_20260613_003304_redis_feed8_rep1,redis,sb:events:n20:feed8:rep1,41ec44b0-09af-4a1a-b648-2a5bbdcdaacc,3895113,511,24614702200,24614727500,1781307216842-0
concurrency_n20_20260613_003304_redis_feed8_rep1,redis,sb:events:n20:feed8:rep1,8018154e-2201-424b-92e6-af940af71af8,3895086,511,24616138900,24616160500,1781307216843-0
concurrency_n20_20260613_003304_redis_feed8_rep1,redis,sb:events:n20:feed8:rep1,c69ec7ea-eade-4613-8dfb-b85ac6d7b245,3895113,511,24617789400,24617815500,1781307216845-0
concurrency_n20_20260613_003304_redis_feed8_rep1,redis,sb:events:n20:feed8:rep1,d86d0853-7e38-4685-83e6-c970b529ed64,3895113,511,24619127100,24619153400,1781307216848-0
concurrency_n20_20260613_003304_redis_feed8_rep1,redis,sb:events:n20:feed8:rep1,9c4dda21-6b09-4161-965f-cff7fb4f7695,3895074,512,24620138600,24620159900,1781307216851-0
concurrency_n20_20260613_003304_redis_feed8_rep1,redis,sb:events:n20:feed8:rep1,a51bbcc1-1642-44dd-98df-d6d896639873,3895074,512,24622994300,24623016100,1781307216855-0
concurrency_n20_20260613_003304_redis_feed8_rep1,redis,sb:events:n20:feed8:rep1,ea039a3e-36b4-4423-8123-4acdbfee6222,3895121,512,24624037200,24624056000,1781307216876-0
concurrency_n20_20260613_003304_redis_feed8_rep1,redis,sb:events:n20:feed8:rep1,61d6b03d-09cb-4971-85d4-bf79b2d16af9,3895121,512,24626160900,24626207400,1781307216878-0
concurrency_n20_20260613_003304_redis_feed8_rep1,redis,sb:events:n20:feed8:rep1,a44f6845-53e0-4746-8124-ef0bcef725ed,3895060,512,24627484200,24627504200,1781307216880-0
concurrency_n20_20260613_003304_redis_feed8_rep1,redis,sb:events:n20:feed8:rep1,576e8524-ca4d-43b2-b2c0-4a99781138d8,3895060,512,24628777700,24628799400,1781307216882-0
concurrency_n20_20260613_003304_redis_feed8_rep1,redis,sb:events:n20:feed8:rep1,7bae91e0-3b0a-4e74-9db6-4ee7415f29ed,3895060,512,24692543400,24692570900,1781307216885-0
concurrency_n20_20260613_003304_redis_feed8_rep1,redis,sb:events:n20:feed8:rep1,7741a524-b265-4a90-8936-6f5c55318a03,3895060,512,24695012300,24695035800,1781307216887-0
concurrency_n20_20260613_003304_redis_feed8_rep1,redis,sb:events:n20:feed8:rep1,bccf15ca-7a9c-4b7a-aa80-f9e4253e58c3,3895067,512,24696517100,24696544500,1781307216888-0
concurrency_n20_20260613_003304_redis_feed8_rep1,redis,sb:events:n20:feed8:rep1,396ca39c-5519-4ba0-bcac-f6a1c1b47742,3895067,512,24699034400,24699056700,1781307216889-0
concurrency_n20_20260613_003304_redis_feed8_rep1,redis,sb:events:n20:feed8:rep1,08c1a3ee-c054-4508-a673-b6383c63e127,3895086,512,24702251600,24702772200,1781307216890-0
concurrency_n20_20260613_003304_redis_feed8_rep1,redis,sb:events:n20:feed8:rep1,74bd4e36-7331-453b-a774-836d5d02f062,3895086,512,24705092600,24705143000,1781307216892-0
concurrency_n20_20260613_003304_redis_feed8_rep1,redis,sb:events:n20:feed8:rep1,1f254274-d98b-4654-98b1-be07e18b05d4,3895060,513,24707576300,24707608100,1781307216893-0
concurrency_n20_20260613_003304_redis_feed8_rep1,redis,sb:events:n20:feed8:rep1,947c902c-d4cd-4cca-8b89-f3f14eaa36b3,3895060,513,24708357200,24708376300,1781307216894-0
concurrency_n20_20260613_003304_redis_feed8_rep1,redis,sb:events:n20:feed8:rep1,7cfac252-e778-42f1-8ed0-2a05aa353412,3895067,513,24709237900,24709256800,1781307216914-0
concurrency_n20_20260613_003304_redis_feed8_rep1,redis,sb:events:n20:feed8:rep1,c8531bb0-c0a2-44f4-89aa-d2eb333d62fd,3895107,513,24710140700,24710163300,1781307216956-0
concurrency_n20_20260613_003304_redis_feed8_rep1,redis,sb:events:n20:feed8:rep1,c2325458-b1ce-4b61-9f06-8ee8b0899067,3895107,513,24711859000,24711879200,1781307216958-0
concurrency_n20_20260613_003304_redis_feed8_rep1,redis,sb:events:n20:feed8:rep1,01330f1c-f49f-4233-ba26-d4cf784ad678,3895113,513,24713688800,24713713400,1781307216960-0
concurrency_n20_20260613_003304_redis_feed8_rep1,redis,sb:events:n20:feed8:rep1,2a47eb4b-6dd4-4358-9917-a409d773dc6c,3895086,513,24715301800,24715458500,1781307216963-0
concurrency_n20_20260613_003304_redis_feed8_rep1,redis,sb:events:n20:feed8:rep1,9bf24c58-941f-463e-b36b-dc42bb422bbb,3895113,513,24717418700,24717438800,1781307216964-0
concurrency_n20_20260613_003304_redis_feed8_rep1,redis,sb:events:n20:feed8:rep1,f1f6da62-face-4e8d-8b7d-0215b1d54d6a,3895113,513,24718245000,24718265000,1781307216966-0
concurrency_n20_20260613_003304_redis_feed8_rep1,redis,sb:events:n20:feed8:rep1,40d4ee39-20cc-4ade-ab81-5727e8e8af1b,3895121,514,24719320100,24719344500,1781307216967-0
concurrency_n20_20260613_003304_redis_feed8_rep1,redis,sb:events:n20:feed8:rep1,dd61f0d7-af6d-4711-9660-e7285c960fdf,3895060,514,24720322900,24720365600,1781307216968-0
concurrency_n20_20260613_003304_redis_feed8_rep1,redis,sb:events:n20:feed8:rep1,5edd7501-8186-468e-9079-ef1ca338755b,3895067,514,24722253100,24722277400,1781307216969-0
concurrency_n20_20260613_003304_redis_feed8_rep1,redis,sb:events:n20:feed8:rep1,496c4c3c-7e45-459a-932d-d369e14648f3,3895067,514,24723181400,24723207000,1781307216971-0
concurrency_n20_20260613_003304_redis_feed8_rep1,redis,sb:events:n20:feed8:rep1,6662b85c-bea2-4814-b738-e1395a763d9f,3895107,514,24723907300,24723924400,1781307216973-0
concurrency_n20_20260613_003304_redis_feed8_rep1,redis,sb:events:n20:feed8:rep1,2752e67d-a614-4b54-a16f-900c27e20f16,3895113,514,24725182800,24725206300,1781307216975-0
concurrency_n20_20260613_003304_redis_feed8_rep1,redis,sb:events:n20:feed8:rep1,16db44e3-3b0b-4fc9-8685-5018808a2372,3895060,515,24728134800,24728162500,1781307216976-0
concurrency_n20_20260613_003304_redis_feed8_rep1,redis,sb:events:n20:feed8:rep1,ba454c0b-0cfe-411e-961e-b2b838c135d1,3895060,515,24729167000,24729186800,1781307216977-0
concurrency_n20_20260613_003304_redis_feed8_rep1,redis,sb:events:n20:feed8:rep1,d2e0289b-8116-4401-a890-c839d2722444,3895067,515,24730620500,24730644300,1781307216978-0
concurrency_n20_20260613_003304_redis_feed8_rep1,redis,sb:events:n20:feed8:rep1,618cf053-2206-4420-9615-011d1be96fa1,3895067,515,24731548200,24731579500,1781307216980-0
concurrency_n20_20260613_003304_redis_feed8_rep1,redis,sb:events:n20:feed8:rep1,b186773d-0c6b-412a-a9ff-b024f91ff8d6,3895067,515,24733967700,24733989600,1781307216984-0
concurrency_n20_20260613_003304_redis_feed8_rep1,redis,sb:events:n20:feed8:rep1,468426b8-5dca-4583-a16f-e7fc65e45f2d,3895107,515,24755380900,24755408000,1781307216985-0
concurrency_n20_20260613_003304_redis_feed8_rep1,redis,sb:events:n20:feed8:rep1,a9c5212e-15a6-4280-873b-daf7dd3dd77d,3895107,515,24756984400,24757012800,1781307216987-0
concurrency_n20_20260613_003304_redis_feed8_rep1,redis,sb:events:n20:feed8:rep1,11a33591-e999-4cd2-95ba-6988f22811d4,3895107,515,24758515100,24758541400,1781307216991-0
concurrency_n20_20260613_003304_redis_feed8_rep1,redis,sb:events:n20:feed8:rep1,25a355bc-eb29-409d-b376-f40b1ddd60a5,3895113,515,24759547600,24759568400,1781307216994-0
concurrency_n20_20260613_003304_redis_feed8_rep1,redis,sb:events:n20:feed8:rep1,11700670-0e62-42b1-b9bf-6b86fdc6e57a,3895113,515,24760748100,24760771600,1781307216995-0
concurrency_n20_20260613_003304_redis_feed8_rep1,redis,sb:events:n20:feed8:rep1,9dee56a9-9275-4b4f-b3b4-f9461e40c061,3895074,516,24762754600,24762778600,1781307216997-0
concurrency_n20_20260613_003304_redis_feed8_rep1,redis,sb:events:n20:feed8:rep1,d4a4b6ec-9625-438e-a709-e9c4038d7379,3895121,516,24763696200,24763714800,1781307216998-0
concurrency_n20_20260613_003304_redis_feed8_rep1,redis,sb:events:n20:feed8:rep1,3da791bb-390e-4ccb-9344-bfef4fd966c3,3895121,516,24766020400,24766042700,1781307216999-0
concurrency_n20_20260613_003304_redis_feed8_rep1,redis,sb:events:n20:feed8:rep1,e7ba2c84-9b71-4424-ae10-390ccc364bd0,3895060,516,24767389500,24767417200,1781307217004-0
concurrency_n20_20260613_003304_redis_feed8_rep1,redis,sb:events:n20:feed8:rep1,e1900452-ba67-4981-a631-d7d973843a53,3895067,516,24768665200,24768746200,1781307217020-0
concurrency_n20_20260613_003304_redis_feed8_rep1,redis,sb:events:n20:feed8:rep1,d1799f25-3a6d-44b7-b8e2-13ae58b02b31,3895107,516,24769847100,24769880600,1781307217021-0
concurrency_n20_20260613_003304_redis_feed8_rep1,redis,sb:events:n20:feed8:rep1,bb2ec522-c94f-4d37-9104-3eac011aab1e,3895107,516,24770703500,24770720600,1781307217023-0
concurrency_n20_20260613_003304_redis_feed8_rep1,redis,sb:events:n20:feed8:rep1,80342f59-095a-46c5-960c-d33edb58e89d,3895074,517,24771413300,24771434100,1781307217025-0
concurrency_n20_20260613_003304_redis_feed8_rep1,redis,sb:events:n20:feed8:rep1,44fb2aca-0b6d-4a21-bc37-60141d9958a2,3895074,517,24772050000,24772069600,1781307217027-0
concurrency_n20_20260613_003304_redis_feed8_rep1,redis,sb:events:n20:feed8:rep1,cb1133fe-2b8c-47f1-87ca-6822ee962229,3895060,517,24772938200,24773008500,1781307217029-0
concurrency_n20_20260613_003304_redis_feed8_rep1,redis,sb:events:n20:feed8:rep1,ce594660-7c58-4437-bce3-46bda6f43677,3895060,517,24774329800,24774664900,1781307217030-0
concurrency_n20_20260613_003304_redis_feed8_rep1,redis,sb:events:n20:feed8:rep1,307fb41d-a8e4-4032-aac3-61ac29190dc3,3895060,517,24776692500,24776712700,1781307217032-0
concurrency_n20_20260613_003304_redis_feed8_rep1,redis,sb:events:n20:feed8:rep1,15f38ad4-b80e-49c0-b797-58fc2e508726,3895060,517,24777618800,24777638200,1781307217034-0
concurrency_n20_20260613_003304_redis_feed8_rep1,redis,sb:events:n20:feed8:rep1,987af024-d57c-4ed6-a13e-78e2fcdaba0d,3895067,517,24778733600,24778757500,1781307217035-0
concurrency_n20_20260613_003304_redis_feed8_rep1,redis,sb:events:n20:feed8:rep1,54ea6238-1075-455d-8f7b-20002c1a72dc,3895067,517,24779548700,24779568000,1781307217036-0
concurrency_n20_20260613_003304_redis_feed8_rep1,redis,sb:events:n20:feed8:rep1,0c1f2874-e5d3-484f-8dd1-fe32faedeb29,3895113,517,24780983500,24781007000,1781307217037-0
concurrency_n20_20260613_003304_redis_feed8_rep1,redis,sb:events:n20:feed8:rep1,2a25cb31-5e32-4c2b-8d68-23edf14c8a48,3895060,518,24785864600,24785947000,1781307217038-0
concurrency_n20_20260613_003304_redis_feed8_rep1,redis,sb:events:n20:feed8:rep1,d7d9bb2e-61cf-458a-bddb-607b06f62208,3895060,518,24788851800,24788879700,1781307217039-0
concurrency_n20_20260613_003304_redis_feed8_rep1,redis,sb:events:n20:feed8:rep1,01732720-50cd-4d38-8262-17749ccb1ad1,3895060,518,24792031600,24792057900,1781307217040-0
concurrency_n20_20260613_003304_redis_feed8_rep1,redis,sb:events:n20:feed8:rep1,1918e176-5d63-4eff-b5b7-5836540fdac9,3895107,518,24796057700,24796084700,1781307217041-0
concurrency_n20_20260613_003304_redis_feed8_rep1,redis,sb:events:n20:feed8:rep1,f9f6ce8c-80f1-4bb7-b6cd-53a1629a771b,3895060,519,24800025800,24800047200,1781307217042-0
concurrency_n20_20260613_003304_redis_feed8_rep1,redis,sb:events:n20:feed8:rep1,49d14939-2450-4ab8-b09d-76753d13cc23,3895067,519,24801257100,24801283100,1781307217043-0
concurrency_n20_20260613_003304_redis_feed8_rep1,redis,sb:events:n20:feed8:rep1,ef422be2-d385-4919-9e4c-4b4228eae971,3895067,519,24802039900,24802058700,1781307217045-0
concurrency_n20_20260613_003304_redis_feed8_rep1,redis,sb:events:n20:feed8:rep1,b8f9bd6b-9a37-4794-a85d-6f812ad4e301,3895067,519,24802769100,24802786100,1781307217046-0
concurrency_n20_20260613_003304_redis_feed8_rep1,redis,sb:events:n20:feed8:rep1,98e7f20a-28db-49e7-a4f9-88c516782a38,3895067,519,24804654100,24804709000,1781307217051-0
concurrency_n20_20260613_003304_redis_feed8_rep1,redis,sb:events:n20:feed8:rep1,1b30f7b4-a2f4-40c0-9335-1edaa3de5712,3895107,519,24806670400,24806697500,1781307217053-0
concurrency_n20_20260613_003304_redis_feed8_rep1,redis,sb:events:n20:feed8:rep1,e72dc9b5-9f93-4650-9995-76d13c4c57d1,3895107,519,24808180500,24808204300,1781307217056-0
concurrency_n20_20260613_003304_redis_feed8_rep1,redis,sb:events:n20:feed8:rep1,a2ee9a83-1908-4f93-94dd-384a2f5307fb,3895074,520,24809685900,24809709500,1781307217061-0
concurrency_n20_20260613_003304_redis_feed8_rep1,redis,sb:events:n20:feed8:rep1,97fad311-53da-45b1-9717-a2093f668ed8,3895121,520,24810893000,24810918400,1781307217062-0
concurrency_n20_20260613_003304_redis_feed8_rep1,redis,sb:events:n20:feed8:rep1,6384539d-b3da-405b-a218-c451b8266af7,3895060,520,24812274200,24812310500,1781307217064-0
concurrency_n20_20260613_003304_redis_feed8_rep1,redis,sb:events:n20:feed8:rep1,55ba4e9b-a045-4940-86fd-798ea3f396f0,3895060,520,24815907400,24815933700,1781307217066-0
concurrency_n20_20260613_003304_redis_feed8_rep1,redis,sb:events:n20:feed8:rep1,b9414508-e2ef-431a-a120-12b5df982604,3895060,520,24817379900,24817415100,1781307217067-0
concurrency_n20_20260613_003304_redis_feed8_rep1,redis,sb:events:n20:feed8:rep1,f9715d9b-f136-405f-9c3a-37d9e1c7f7ec,3895107,520,24818967400,24818997000,1781307217068-0
concurrency_n20_20260613_003304_redis_feed8_rep1,redis,sb:events:n20:feed8:rep1,427f23e2-9f1d-4bf8-8f85-c861ade4c627,3895113,520,24836654900,24836682900,1781307217069-0
concurrency_n20_20260613_003304_redis_feed8_rep1,redis,sb:events:n20:feed8:rep1,59e64ca6-6769-446c-9659-93e6adee6c3a,3895113,520,24837758200,24837778400,1781307217070-0
concurrency_n20_20260613_003304_redis_feed8_rep1,redis,sb:events:n20:feed8:rep1,6863a428-b5a4-4564-b24d-d5f89a670a56,3895074,521,24839409900,24839443500,1781307217072-0
concurrency_n20_20260613_003304_redis_feed8_rep1,redis,sb:events:n20:feed8:rep1,8f79565a-a90d-4d26-909d-bbcdeaccba2d,3895074,521,24840789800,24840821400,1781307217074-0
concurrency_n20_20260613_003304_redis_feed8_rep1,redis,sb:events:n20:feed8:rep1,0a04a0e3-695a-44fb-bd5c-ad69c331d69f,3895074,521,24843351900,24843385600,1781307217075-0
concurrency_n20_20260613_003304_redis_feed8_rep1,redis,sb:events:n20:feed8:rep1,100ca139-0417-4dc3-859a-dfc70383e14e,3895121,521,24844347200,24844368400,1781307217076-0
concurrency_n20_20260613_003304_redis_feed8_rep1,redis,sb:events:n20:feed8:rep1,6bb0889f-9c99-43b3-8e1b-2ee506e1152b,3895121,521,24845141100,24845165600,1781307217080-0
concurrency_n20_20260613_003304_redis_feed8_rep1,redis,sb:events:n20:feed8:rep1,81db2ad5-3ed7-4089-afc5-f6110181b19b,3895060,521,24848169600,24848221700,1781307217081-0
concurrency_n20_20260613_003304_redis_feed8_rep1,redis,sb:events:n20:feed8:rep1,d04d92f0-9341-4805-aa5e-860c0f597675,3895067,521,24851105600,24851132200,1781307217083-0
concurrency_n20_20260613_003304_redis_feed8_rep1,redis,sb:events:n20:feed8:rep1,e900863b-6a63-498e-a44a-fc911d66d242,3895060,521,24852519900,24852556100,1781307217084-0
concurrency_n20_20260613_003304_redis_feed8_rep1,redis,sb:events:n20:feed8:rep1,3c13745a-2a7f-4c59-8e84-f53e76666ec1,3895067,521,24855238000,24855264400,1781307217101-0
concurrency_n20_20260613_003304_redis_feed8_rep1,redis,sb:events:n20:feed8:rep1,1c7ef114-f32e-4af6-bb53-0123d788159f,3895060,521,24857387500,24857419300,1781307217102-0
concurrency_n20_20260613_003304_redis_feed8_rep1,redis,sb:events:n20:feed8:rep1,16f54a3a-428e-4f0c-aadb-ce44890fd041,3895067,521,24860418800,24860507200,1781307217105-0
concurrency_n20_20260613_003304_redis_feed8_rep1,redis,sb:events:n20:feed8:rep1,925eaa91-afdb-45d5-b9f3-0e05080ddba1,3895107,521,24862654300,24862684000,1781307217107-0
concurrency_n20_20260613_003304_redis_feed8_rep1,redis,sb:events:n20:feed8:rep1,384ddab3-0b7c-488d-8e9d-9ee9c937d8d5,3895107,521,24866463400,24866495700,1781307217108-0
concurrency_n20_20260613_003304_redis_feed8_rep1,redis,sb:events:n20:feed8:rep1,0bbb1280-45ac-457c-95da-2864bd579cec,3895113,521,24882101300,24882133800,1781307217111-0
concurrency_n20_20260613_003304_redis_feed8_rep1,redis,sb:events:n20:feed8:rep1,7a582bf1-dd75-4e0c-ba5f-9351d2fc8da7,3895060,522,24883306700,24883330600,1781307217112-0
concurrency_n20_20260613_003304_redis_feed8_rep1,redis,sb:events:n20:feed8:rep1,93707c41-6647-4824-96c6-c5c05465b9b4,3895060,522,24902395700,24902414300,1781307217114-0
concurrency_n20_20260613_003304_redis_feed8_rep1,redis,sb:events:n20:feed8:rep1,afa3ae87-cc2d-4200-9123-f20dfb05a1b6,3895107,522,24904074700,24904103800,1781307217117-0
concurrency_n20_20260613_003304_redis_feed8_rep1,redis,sb:events:n20:feed8:rep1,d0468067-11cd-402a-9c58-31fc1975d03f,3895107,522,24905586000,24905608000,1781307217118-0
concurrency_n20_20260613_003304_redis_feed8_rep1,redis,sb:events:n20:feed8:rep1,8c60e9aa-b5a2-4ad4-9a48-881f24cada96,3895107,522,24906855100,24906922500,1781307217121-0
concurrency_n20_20260613_003304_redis_feed8_rep1,redis,sb:events:n20:feed8:rep1,b36b7db0-bb9e-4a24-b075-f591e5ae57d7,3895107,522,24908078200,24908102500,1781307217126-0
concurrency_n20_20260613_003304_redis_feed8_rep1,redis,sb:events:n20:feed8:rep1,a40624b3-bfad-4c10-b540-5d7afb11569f,3895113,522,24909107700,24909128900,1781307217127-0
concurrency_n20_20260613_003304_redis_feed8_rep1,redis,sb:events:n20:feed8:rep1,323f6d53-5da4-4be9-9de0-c6a5ad6e8bdc,3895113,522,24910211200,24910341600,1781307217130-0
concurrency_n20_20260613_003304_redis_feed8_rep1,redis,sb:events:n20:feed8:rep1,1db19b5b-fff8-4b33-aa5a-375f8827004d,3895121,523,24911206900,24911226000,1781307217132-0
concurrency_n20_20260613_003304_redis_feed8_rep1,redis,sb:events:n20:feed8:rep1,c04c1057-5911-4a54-abca-1e0470cac6c9,3895107,523,24912860800,24912888200,1781307217133-0
concurrency_n20_20260613_003304_redis_feed8_rep1,redis,sb:events:n20:feed8:rep1,3fbcf76b-4681-4e0a-863b-de9c7a8cb3b2,3895107,523,24915216100,24915240600,1781307217151-0
concurrency_n20_20260613_003304_redis_feed8_rep1,redis,sb:events:n20:feed8:rep1,f0b960f6-595f-4c51-b6ca-764db484988c,3895113,523,24916522000,24916545300,1781307217154-0
concurrency_n20_20260613_003304_redis_feed8_rep1,redis,sb:events:n20:feed8:rep1,ea053585-687d-4d7b-8ede-317fd787b930,3895074,524,24918421200,24918451000,1781307217155-0
concurrency_n20_20260613_003304_redis_feed8_rep1,redis,sb:events:n20:feed8:rep1,6ec67334-6443-449b-9dd4-2101103fae8e,3895121,524,24919446200,24919464500,1781307217161-0
concurrency_n20_20260613_003304_redis_feed8_rep1,redis,sb:events:n20:feed8:rep1,6f968e3c-e7ae-4e31-a433-c1291d40addc,3895121,524,24920270800,24920290300,1781307217163-0
concurrency_n20_20260613_003304_redis_feed8_rep1,redis,sb:events:n20:feed8:rep1,70dd6be1-f1a4-4d16-a7aa-a3b03f355375,3895107,524,24921268800,24921292100,1781307217164-0
concurrency_n20_20260613_003304_redis_feed8_rep1,redis,sb:events:n20:feed8:rep1,1fc02a37-540b-47ff-acb8-22ade5c1808a,3895107,524,24924100200,24924121400,1781307217168-0
concurrency_n20_20260613_003304_redis_feed8_rep1,redis,sb:events:n20:feed8:rep1,d5d42c02-ad64-49fc-a51b-b65f26c9fd72,3895074,525,24925703100,24926525600,1781307217170-0
concurrency_n20_20260613_003304_redis_feed8_rep1,redis,sb:events:n20:feed8:rep1,4cc5777a-4670-4e70-8819-1d9d1b95f36b,3895074,525,24927991000,24928019000,1781307217172-0
concurrency_n20_20260613_003304_redis_feed8_rep1,redis,sb:events:n20:feed8:rep1,4668001f-8001-484b-a362-a7c6f02060d5,3895060,525,24929308800,24929331700,1781307217173-0
concurrency_n20_20260613_003304_redis_feed8_rep1,redis,sb:events:n20:feed8:rep1,20eb3f50-409c-4c6c-b18e-8114b26de7ce,3895113,525,24930273200,24930291900,1781307217175-0
concurrency_n20_20260613_003304_redis_feed8_rep1,redis,sb:events:n20:feed8:rep1,0ac6d9ef-7559-48e2-a503-f553badb78e5,3895113,525,24931201700,24931221800,1781307217177-0
concurrency_n20_20260613_003304_redis_feed8_rep1,redis,sb:events:n20:feed8:rep1,8acbf3dc-91e8-4fce-b107-0d55d4e7e86e,3895074,526,24931976500,24932034900,1781307217178-0
concurrency_n20_20260613_003304_redis_feed8_rep1,redis,sb:events:n20:feed8:rep1,38daa8b4-9905-4022-85b4-45b82d6d7d25,3895074,526,24933586400,24933607600,1781307217184-0
concurrency_n20_20260613_003304_redis_feed8_rep1,redis,sb:events:n20:feed8:rep1,b0e8ae72-248f-4087-ae40-c9f006d93a78,3895060,526,24934942400,24934963200,1781307217185-0
concurrency_n20_20260613_003304_redis_feed8_rep1,redis,sb:events:n20:feed8:rep1,9163276e-2a34-4c52-8291-2a46db09c9af,3895060,526,24936138800,24936161200,1781307217186-0
concurrency_n20_20260613_003304_redis_feed8_rep1,redis,sb:events:n20:feed8:rep1,20f95845-0afb-4666-9204-584035a84896,3895113,526,24937708500,24937768200,1781307217188-0
concurrency_n20_20260613_003304_redis_feed8_rep1,redis,sb:events:n20:feed8:rep1,50d5f2fb-6a21-4b16-a1de-e3a095e7b9c7,3895074,527,24941851800,24941885100,1781307217189-0
concurrency_n20_20260613_003304_redis_feed8_rep1,redis,sb:events:n20:feed8:rep1,20430d39-2dd0-4b2b-a895-b2462cd22a01,3895074,527,24943019600,24943040500,1781307217190-0
concurrency_n20_20260613_003304_redis_feed8_rep1,redis,sb:events:n20:feed8:rep1,0586e00d-dfec-4211-9411-cb219db4edb9,3895121,527,24945017500,24945041000,1781307217193-0
concurrency_n20_20260613_003304_redis_feed8_rep1,redis,sb:events:n20:feed8:rep1,88fd2d06-fd20-40f3-a233-29ee82e4be59,3895107,527,24948016600,24948058600,1781307217195-0
concurrency_n20_20260613_003304_redis_feed8_rep1,redis,sb:events:n20:feed8:rep1,3c1237a2-1e6b-4e7e-892f-8ea18799c544,3895107,527,24950570400,24950593700,1781307217196-0
concurrency_n20_20260613_003304_redis_feed8_rep1,redis,sb:events:n20:feed8:rep1,2dd81da3-006b-4909-b0d4-6c3468d474c4,3895107,527,24965850700,24965884800,1781307217198-0
concurrency_n20_20260613_003304_redis_feed8_rep1,redis,sb:events:n20:feed8:rep1,b61d5bec-03f0-44eb-a8cf-0e53b1986f2a,3895113,527,24986539800,24986580600,1781307217199-0
concurrency_n20_20260613_003304_redis_feed8_rep1,redis,sb:events:n20:feed8:rep1,7de78a3e-57f7-4e9a-8978-4776114f764e,3895113,527,24988915700,24988963500,1781307217201-0
concurrency_n20_20260613_003304_redis_feed8_rep1,redis,sb:events:n20:feed8:rep1,a8f4416a-3223-4b2b-8803-7c50dc6524db,3895113,527,24990673000,24990697400,1781307217202-0
concurrency_n20_20260613_003304_redis_feed8_rep1,redis,sb:events:n20:feed8:rep1,1c7e1733-2224-46bc-a9c7-8ad2228cc8da,3895113,527,24991736000,24991755400,1781307217203-0
concurrency_n20_20260613_003304_redis_feed8_rep1,redis,sb:events:n20:feed8:rep1,e2076223-02eb-472d-a936-fbb5cdd986dc,3895121,528,24993604600,24993637700,1781307217204-0
concurrency_n20_20260613_003304_redis_feed8_rep1,redis,sb:events:n20:feed8:rep1,514d79ad-cba0-4ef5-be08-cbce1ba32532,3895121,528,25013169200,25013195600,1781307217209-0
concurrency_n20_20260613_003304_redis_feed8_rep1,redis,sb:events:n20:feed8:rep1,5fe2d08b-ff8c-490e-a3a1-cdcc36200b52,3895113,528,25014636100,25014672000,1781307217210-0
concurrency_n20_20260613_003304_redis_feed8_rep1,redis,sb:events:n20:feed8:rep1,0d44ff91-9591-424e-816c-8b915d80daf7,3895113,528,25017923500,25018540200,1781307217213-0
concurrency_n20_20260613_003304_redis_feed8_rep1,redis,sb:events:n20:feed8:rep1,3ff5ec17-6825-4c77-8e7b-f189cb6ccc31,3895113,528,25027911300,25028074800,1781307217229-0
concurrency_n20_20260613_003304_redis_feed8_rep1,redis,sb:events:n20:feed8:rep1,88a70e2b-aa99-407a-aa6d-9df6e46201fd,3895113,528,25034437500,25034473500,1781307217251-0
concurrency_n20_20260613_003304_redis_feed8_rep1,redis,sb:events:n20:feed8:rep1,426d47f2-1048-4e8d-9436-9cab0f3615e1,3895113,528,25036134300,25036216800,1781307217253-0
concurrency_n20_20260613_003304_redis_feed8_rep1,redis,sb:events:n20:feed8:rep1,40e298c8-d5ab-4313-93d4-027ecac8abd8,3895113,528,25037143700,25037167700,1781307217256-0
concurrency_n20_20260613_003304_redis_feed8_rep1,redis,sb:events:n20:feed8:rep1,47c30f1f-12b0-44fc-a75f-05995691d7f6,3895074,529,25038219900,25038258000,1781307217259-0
concurrency_n20_20260613_003304_redis_feed8_rep1,redis,sb:events:n20:feed8:rep1,76536861-eeb2-425f-874f-b20b0a3fa013,3895074,529,25039562400,25039589300,1781307217266-0
concurrency_n20_20260613_003304_redis_feed8_rep1,redis,sb:events:n20:feed8:rep1,fc85387d-38fe-4e36-af03-f6285d524b11,3895060,529,25040491900,25040516500,1781307217275-0
concurrency_n20_20260613_003304_redis_feed8_rep1,redis,sb:events:n20:feed8:rep1,4a87053e-de71-4a38-b614-bfa386590bf7,3895060,529,25041525500,25041564700,1781307217276-0
concurrency_n20_20260613_003304_redis_feed8_rep1,redis,sb:events:n20:feed8:rep1,2d1556d4-e7e8-4782-9b7d-9993c28e6f09,3895060,529,25043795500,25043851900,1781307217278-0
concurrency_n20_20260613_003304_redis_feed8_rep1,redis,sb:events:n20:feed8:rep1,b2eaa0f5-b277-4aff-ad6d-22048f042d0b,3895107,529,25044986700,25045015500,1781307217280-0
concurrency_n20_20260613_003304_redis_feed8_rep1,redis,sb:events:n20:feed8:rep1,6b4603ff-7dd4-4c70-ab6a-48f688a7fbd4,3895107,529,25047775200,25047803100,1781307217283-0
concurrency_n20_20260613_003304_redis_feed8_rep1,redis,sb:events:n20:feed8:rep1,78163599-662a-4bd1-9dc5-2e67086e5c6a,3895107,529,25048743800,25048764800,1781307217287-0
concurrency_n20_20260613_003304_redis_feed8_rep1,redis,sb:events:n20:feed8:rep1,1a606b94-ccd9-4617-89e4-29166ea76203,3895107,529,25049811400,25050017300,1781307217303-0
concurrency_n20_20260613_003304_redis_feed8_rep1,redis,sb:events:n20:feed8:rep1,f87fad46-6903-4223-bfb4-aa69c8c966cf,3895121,530,25054728100,25054756600,1781307217304-0
concurrency_n20_20260613_003304_redis_feed8_rep1,redis,sb:events:n20:feed8:rep1,679988f1-cad3-4221-ab60-1a56bb0f620f,3895060,530,25055624900,25055647400,1781307217306-0
concurrency_n20_20260613_003304_redis_feed8_rep1,redis,sb:events:n20:feed8:rep1,7130de76-79b4-4847-829f-e93dac87d18e,3895060,530,25058336700,25058364100,1781307217312-0
concurrency_n20_20260613_003304_redis_feed8_rep1,redis,sb:events:n20:feed8:rep1,a2344659-ee5e-4d27-8515-ee8dbb044828,3895060,530,25059297400,25059325100,1781307217314-0
concurrency_n20_20260613_003304_redis_feed8_rep1,redis,sb:events:n20:feed8:rep1,c0a666df-6a6f-4185-8b75-361e7541087e,3895060,531,25060281700,25060302700,1781307217320-0
concurrency_n20_20260613_003304_redis_feed8_rep1,redis,sb:events:n20:feed8:rep1,5ab52d01-14bc-4c14-868c-b48aab97be67,3895113,531,25062258100,25062285300,1781307217321-0
concurrency_n20_20260613_003304_redis_feed8_rep1,redis,sb:events:n20:feed8:rep1,b3d47cba-9dc5-47de-93b1-84861d275008,3895074,532,25063626800,25063705300,1781307217322-0
concurrency_n20_20260613_003304_redis_feed8_rep1,redis,sb:events:n20:feed8:rep1,69f9209e-3c7a-451b-b126-174f4360c8d4,3895074,532,25064864800,25065049700,1781307217323-0
concurrency_n20_20260613_003304_redis_feed8_rep1,redis,sb:events:n20:feed8:rep1,98a0e1f1-d198-470d-a431-5502797ce25c,3895074,532,25070004700,25070119100,1781307217327-0
concurrency_n20_20260613_003304_redis_feed8_rep1,redis,sb:events:n20:feed8:rep1,18dd411d-85f0-4136-b3e7-c5902b8a208e,3895121,532,25071477100,25071583200,1781307217328-0
concurrency_n20_20260613_003304_redis_feed8_rep1,redis,sb:events:n20:feed8:rep1,76565dde-1d43-48fb-b342-6892a1965454,3895121,532,25072850300,25072871500,1781307217330-0
concurrency_n20_20260613_003304_redis_feed8_rep1,redis,sb:events:n20:feed8:rep1,1dbba64f-83de-49a3-a064-d640469697c6,3895060,532,25075708400,25075744900,1781307217331-0
concurrency_n20_20260613_003304_redis_feed8_rep1,redis,sb:events:n20:feed8:rep1,22c0ff40-4176-40d2-822f-e4e1bf865c2f,3895060,532,25077437300,25077474800,1781307217332-0
concurrency_n20_20260613_003304_redis_feed8_rep1,redis,sb:events:n20:feed8:rep1,fa03ef74-4b46-403d-98ea-0574bfa2f274,3895121,533,25102051200,25102074900,1781307217333-0
concurrency_n20_20260613_003304_redis_feed8_rep1,redis,sb:events:n20:feed8:rep1,bd9d976c-88bf-43b4-bb61-670fec26ee77,3895060,533,25103159100,25103183000,1781307217335-0
concurrency_n20_20260613_003304_redis_feed8_rep1,redis,sb:events:n20:feed8:rep1,3b1c82ae-32b8-466f-ac10-2a4a759923a7,3895060,533,25108409900,25108441900,1781307217336-0
concurrency_n20_20260613_003304_redis_feed8_rep1,redis,sb:events:n20:feed8:rep1,a9aeffde-608f-479a-8195-c6cff7363b53,3895060,533,25117251800,25117278100,1781307217337-0
concurrency_n20_20260613_003304_redis_feed8_rep1,redis,sb:events:n20:feed8:rep1,c2ceda69-a891-4f75-bd3a-82ce65de4e03,3895113,533,25150278300,25150308900,1781307217339-0
concurrency_n20_20260613_003304_redis_feed8_rep1,redis,sb:events:n20:feed8:rep1,72210159-6177-452d-b763-5093adc3a0f7,3895113,533,25151895400,25151921100,1781307217344-0
concurrency_n20_20260613_003304_redis_feed8_rep1,redis,sb:events:n20:feed8:rep1,23d76782-ae92-476d-b67f-e83c05ae4f3c,3895074,534,25171741600,25171764900,1781307217372-0
concurrency_n20_20260613_003304_redis_feed8_rep1,redis,sb:events:n20:feed8:rep1,3ae1883b-49e4-4cae-96e1-ebe9f8b86fa4,3895074,534,25175517700,25175550300,1781307217374-0
concurrency_n20_20260613_003304_redis_feed8_rep1,redis,sb:events:n20:feed8:rep1,20793f16-5045-4628-b937-903bd9ddd8b1,3895121,534,25179042400,25179075600,1781307217413-0
concurrency_n20_20260613_003304_redis_feed8_rep1,redis,sb:events:n20:feed8:rep1,5206fdc4-e834-4926-8e17-6a35c6efe19b,3895121,534,25180678600,25180709200,1781307217416-0
concurrency_n20_20260613_003304_redis_feed8_rep1,redis,sb:events:n20:feed8:rep1,b42b431a-7f87-4841-a26c-d062b50fa91c,3895060,534,25182642200,25182809200,1781307217418-0
concurrency_n20_20260613_003304_redis_feed8_rep1,redis,sb:events:n20:feed8:rep1,60ded7c9-9ca6-4c1a-908e-190e034e9b4d,3895060,534,25185710300,25186860200,1781307217437-0
concurrency_n20_20260613_003304_redis_feed8_rep1,redis,sb:events:n20:feed8:rep1,888d4d11-95dc-4569-956a-909e5f4f0c9b,3895113,534,25188964900,25188988300,1781307217440-0
concurrency_n20_20260613_003304_redis_feed8_rep1,redis,sb:events:n20:feed8:rep1,86e59ab8-52a5-47b9-b233-c51919874314,3895074,535,25190356800,25190381900,1781307217443-0
concurrency_n20_20260613_003304_redis_feed8_rep1,redis,sb:events:n20:feed8:rep1,34087afe-8b11-4b18-8077-75d7bf487ab5,3895074,535,25191606700,25191631000,1781307217445-0
concurrency_n20_20260613_003304_redis_feed8_rep1,redis,sb:events:n20:feed8:rep1,1b1f1874-5deb-48ed-a8cc-694f8ef41f93,3895074,535,25192637000,25192665000,1781307217448-0
concurrency_n20_20260613_003304_redis_feed8_rep1,redis,sb:events:n20:feed8:rep1,e3a7ef47-1c6d-43f8-b980-2e76fe84fca6,3895074,535,25193541100,25193563100,1781307217450-0
concurrency_n20_20260613_003304_redis_feed8_rep1,redis,sb:events:n20:feed8:rep1,9243ad22-ffe5-487a-883a-00ca2426cbc6,3895113,535,25196650500,25196692900,1781307217453-0
concurrency_n20_20260613_003304_redis_feed8_rep1,redis,sb:events:n20:feed8:rep1,558471da-7f0c-4323-a8cd-45ac26e02493,3895074,537,25197640800,25197661300,1781307217455-0
concurrency_n20_20260613_003304_redis_feed8_rep1,redis,sb:events:n20:feed8:rep1,37769987-c623-49bd-982f-457e7c2c54c6,3895074,537,25198801100,25198822900,1781307217457-0
concurrency_n20_20260613_003304_redis_feed8_rep1,redis,sb:events:n20:feed8:rep1,97bd1984-aa8c-4314-b0aa-49e019abba86,3895113,537,25200220100,25200244800,1781307217458-0
concurrency_n20_20260613_003304_redis_feed8_rep1,redis,sb:events:n20:feed8:rep1,4ad2f10b-6c5f-4bf4-bd0f-6c774204bbab,3895113,537,25201615900,25201638900,1781307217460-0
concurrency_n20_20260613_003304_redis_feed8_rep1,redis,sb:events:n20:feed8:rep1,e14c881c-eaf5-4fd3-a7cc-fe51d1c61611,3895113,537,25202894700,25202934000,1781307217461-0
concurrency_n20_20260613_003304_redis_feed8_rep1,redis,sb:events:n20:feed8:rep1,eef66377-b49e-423f-a41e-49421e57bb42,3895121,538,25205081400,25205106500,1781307217462-0
concurrency_n20_20260613_003304_redis_feed8_rep1,redis,sb:events:n20:feed8:rep1,86ae382d-4941-4bda-a330-9fe50b114248,3895121,539,25237038700,25237067900,1781307217464-0
concurrency_n20_20260613_003304_redis_feed8_rep1,redis,sb:events:n20:feed8:rep1,0d012ec4-81c4-4764-a774-c4536052a186,3895121,539,25238433300,25238454900,1781307217466-0
concurrency_n20_20260613_003304_redis_feed8_rep1,redis,sb:events:n20:feed8:rep1,28c9e517-2569-4fbc-853a-f074119c9788,3895074,540,25239338300,25239359200,1781307217467-0
concurrency_n20_20260613_003304_redis_feed8_rep1,redis,sb:events:n20:feed8:rep1,e0ca184a-d196-4de5-b7ce-9a4c6e2e2f24,3895113,540,25240336100,25240354900,1781307217468-0
concurrency_n20_20260613_003304_redis_feed8_rep1,redis,sb:events:n20:feed8:rep1,dac6bba1-3eab-4824-b9a3-3f4f36a8eb1e,3895121,541,25241888900,25241909800,1781307217485-0
concurrency_n20_20260613_003304_redis_feed8_rep1,redis,sb:events:n20:feed8:rep1,c31b9cc9-3b1a-44a0-a6f2-be48997538e8,3895113,541,25244701700,25244938000,1781307217499-0
concurrency_n20_20260613_003304_redis_feed8_rep1,redis,sb:events:n20:feed8:rep1,00552043-304e-41f3-bb44-8e748409e117,3895074,542,25246861300,25246886500,1781307217505-0
concurrency_n20_20260613_003304_redis_feed8_rep1,redis,sb:events:n20:feed8:rep1,8edb264a-dc4f-4342-8072-84d76719426f,3895074,542,25248426500,25250307900,1781307217507-0
concurrency_n20_20260613_003304_redis_feed8_rep1,redis,sb:events:n20:feed8:rep1,114a796c-5924-4003-ac98-472f7ece84b0,3895121,543,25252248800,25252274400,1781307217508-0
concurrency_n20_20260613_003304_redis_feed8_rep1,redis,sb:events:n20:feed8:rep1,08a83dc4-fe12-4653-b91c-c46acb3aa1c8,3895121,543,25255010000,25255031800,1781307217510-0
concurrency_n20_20260613_003304_redis_feed8_rep1,redis,sb:events:n20:feed8:rep1,5fc48371-8960-48e0-90bb-39206df20f0e,3895067,543,25255965400,25255986100,1781307217513-0
concurrency_n20_20260613_003304_redis_feed8_rep1,redis,sb:events:n20:feed8:rep1,4ca56301-fb5e-4ff6-87a9-187fd9acd073,3895067,544,25257187100,25257208200,1781307217515-0
concurrency_n20_20260613_003304_redis_feed8_rep1,redis,sb:events:n20:feed8:rep1,195e62ed-d797-42dd-a6a9-d2da586e28e9,3895067,544,25259695500,25259719400,1781307217519-0
concurrency_n20_20260613_003304_redis_feed8_rep1,redis,sb:events:n20:feed8:rep1,c2aaa4f8-586e-4123-a563-f51f104fcb4c,3895067,544,25264081800,25264109900,1781307217520-0
concurrency_n20_20260613_003304_redis_feed8_rep1,redis,sb:events:n20:feed8:rep1,724ad51f-37a2-4fcc-82e3-5343ba152abe,3895067,545,25267039400,25267064900,1781307217521-0
concurrency_n20_20260613_003304_redis_feed8_rep1,redis,sb:events:n20:feed8:rep1,a52b067b-b6ab-4c29-b6aa-3051f76118d3,3895067,545,25269891700,25269920400,1781307217522-0
concurrency_n20_20260613_003304_redis_feed8_rep1,redis,sb:events:n20:feed8:rep1,9be986a7-155e-446d-bf13-33b700facdd7,3895113,545,25279438000,25279467200,1781307217524-0
concurrency_n20_20260613_003304_redis_feed8_rep1,redis,sb:events:n20:feed8:rep1,42521cfa-66d0-4cb6-be10-74dabb6621cb,3895121,546,25283861400,25283988200,1781307217525-0
concurrency_n20_20260613_003304_redis_feed8_rep1,redis,sb:events:n20:feed8:rep1,50a45666-4bd1-4a0f-bb58-5bce15f0c18d,3895067,546,25287166100,25287358700,1781307217532-0
concurrency_n20_20260613_003304_redis_feed8_rep1,redis,sb:events:n20:feed8:rep1,aada797c-0f16-40dd-acda-e63855e0add1,3895052,546,25314250600,25314275600,1781307217534-0
concurrency_n20_20260613_003304_redis_feed8_rep1,redis,sb:events:n20:feed8:rep1,107dcccc-f47a-4cf1-be88-4eed5d83cbfc,3895074,547,25315984300,25316009400,1781307217535-0
concurrency_n20_20260613_003304_redis_feed8_rep1,redis,sb:events:n20:feed8:rep1,917c3cb6-0a99-417e-9d00-2b7464cb3b49,3895121,547,25316930200,25317001400,1781307217537-0
concurrency_n20_20260613_003304_redis_feed8_rep1,redis,sb:events:n20:feed8:rep1,271ca6ca-d5de-4a63-98ee-15a0e2f5ba41,3895121,547,25318061100,25318083500,1781307217544-0
concurrency_n20_20260613_003304_redis_feed8_rep1,redis,sb:events:n20:feed8:rep1,f19133a2-dedc-4b1b-adeb-8191b2f723c1,3895067,547,25320121500,25320143600,1781307217550-0
concurrency_n20_20260613_003304_redis_feed8_rep1,redis,sb:events:n20:feed8:rep1,0d692cac-82f0-409a-b794-1f98658c9bcc,3895067,547,25322322000,25322348700,1781307217551-0
concurrency_n20_20260613_003304_redis_feed8_rep1,redis,sb:events:n20:feed8:rep1,d4293557-ec93-4548-a9b0-018e9870ecae,3895067,547,25323289200,25323314600,1781307217562-0
concurrency_n20_20260613_003304_redis_feed8_rep1,redis,sb:events:n20:feed8:rep1,f2648b2a-5801-4fcd-b48e-4a73735afe58,3895052,547,25324048500,25324068100,1781307217579-0
concurrency_n20_20260613_003304_redis_feed8_rep1,redis,sb:events:n20:feed8:rep1,9f3456ac-f1d6-4bbc-800b-c67a84d2c90b,3895113,547,25325059000,25325081600,1781307217581-0
concurrency_n20_20260613_003304_redis_feed8_rep1,redis,sb:events:n20:feed8:rep1,6e1b36a3-7f86-4ddf-b891-045568d370ff,3895113,547,25325922400,25325998200,1781307217582-0
concurrency_n20_20260613_003304_redis_feed8_rep1,redis,sb:events:n20:feed8:rep1,db616ee1-4697-4630-b0d2-adcfa3f122f8,3895074,548,25326772500,25326793200,1781307217584-0
concurrency_n20_20260613_003304_redis_feed8_rep1,redis,sb:events:n20:feed8:rep1,5e66e5ea-b1e6-4b23-8035-f7f690628de7,3895074,548,25330441100,25330463700,1781307217585-0
concurrency_n20_20260613_003304_redis_feed8_rep1,redis,sb:events:n20:feed8:rep1,35c04d45-7aa6-4dbc-9c71-2236688d2bd9,3895074,548,25331538900,25331568900,1781307217586-0
concurrency_n20_20260613_003304_redis_feed8_rep1,redis,sb:events:n20:feed8:rep1,c76abb45-261c-4d0a-a386-c8faa8ede37e,3895067,548,25332544500,25332569900,1781307217589-0
concurrency_n20_20260613_003304_redis_feed8_rep1,redis,sb:events:n20:feed8:rep1,96274ec9-d7da-481c-af37-5a870a00e846,3895067,548,25333916100,25333939000,1781307217590-0
concurrency_n20_20260613_003304_redis_feed8_rep1,redis,sb:events:n20:feed8:rep1,6aeb0706-ec98-4e40-8b86-5f4a8e50ecda,3895067,548,25336083500,25336107700,1781307217592-0
concurrency_n20_20260613_003304_redis_feed8_rep1,redis,sb:events:n20:feed8:rep1,dc353653-50c1-4683-ba8c-307ffe1b7400,3895052,548,25337277600,25337301200,1781307217594-0
concurrency_n20_20260613_003304_redis_feed8_rep1,redis,sb:events:n20:feed8:rep1,28af6429-8a64-48bb-98d0-87cb8f9b288a,3895052,548,25340106600,25340137200,1781307217596-0
concurrency_n20_20260613_003304_redis_feed8_rep1,redis,sb:events:n20:feed8:rep1,eb3bdb0f-c8c1-472c-9297-4f624735f22d,3895095,549,25342339600,25342366600,1781307217597-0
concurrency_n20_20260613_003304_redis_feed8_rep1,redis,sb:events:n20:feed8:rep1,4e5fbf4b-f9e0-498e-94b9-0d444fb51f19,3895067,549,25343082800,25343100600,1781307217598-0
concurrency_n20_20260613_003304_redis_feed8_rep1,redis,sb:events:n20:feed8:rep1,a910d314-abc6-4693-bc9b-c1c459d771b2,3895067,549,25343919900,25343936600,1781307217599-0
concurrency_n20_20260613_003304_redis_feed8_rep1,redis,sb:events:n20:feed8:rep1,b92da8bd-bffa-4bf9-a7d8-d63457c8bcee,3895095,550,25344742300,25344759100,1781307217600-0
concurrency_n20_20260613_003304_redis_feed8_rep1,redis,sb:events:n20:feed8:rep1,ab99dda8-b45f-497a-8fce-f1d7219d9a6b,3895067,550,25345901100,25345927400,1781307217603-0
concurrency_n20_20260613_003304_redis_feed8_rep1,redis,sb:events:n20:feed8:rep1,fff26681-b31a-4fe7-ad79-73837c1b9ce6,3895052,550,25347957000,25347993600,1781307217605-0
concurrency_n20_20260613_003304_redis_feed8_rep1,redis,sb:events:n20:feed8:rep1,034ad4ab-5822-459a-8e08-0e8ca1983870,3895113,550,25348726500,25348745900,1781307217606-0
concurrency_n20_20260613_003304_redis_feed8_rep1,redis,sb:events:n20:feed8:rep1,f3706411-3b40-4d16-8baf-d7bb9dcd9f63,3895121,551,25349648700,25349715200,1781307217608-0
concurrency_n20_20260613_003304_redis_feed8_rep1,redis,sb:events:n20:feed8:rep1,d40f3696-86be-4b7b-ae08-82ae999c1c43,3895067,551,25351053000,25351077400,1781307217609-0
concurrency_n20_20260613_003304_redis_feed8_rep1,redis,sb:events:n20:feed8:rep1,f17aa964-2944-459b-91aa-eac26dccf3cf,3895067,551,25352186800,25352401800,1781307217610-0
concurrency_n20_20260613_003304_redis_feed8_rep1,redis,sb:events:n20:feed8:rep1,d4ab804e-1b50-4172-9f66-77e04ebcfead,3895067,552,25353531100,25353553900,1781307217611-0
concurrency_n20_20260613_003304_redis_feed8_rep1,redis,sb:events:n20:feed8:rep1,a6e3aa18-12ab-4dfd-81dd-505d6521a65a,3895113,552,25354432400,25354458500,1781307217613-0
concurrency_n20_20260613_003304_redis_feed8_rep1,redis,sb:events:n20:feed8:rep1,827ed3d9-da89-4e4b-af26-3f6df863306c,3895113,552,25360885500,25360928600,1781307217614-0
concurrency_n20_20260613_003304_redis_feed8_rep1,redis,sb:events:n20:feed8:rep1,0a606142-7bb7-473a-b6bd-854622f3677b,3895121,553,25362032400,25362056300,1781307217615-0
concurrency_n20_20260613_003304_redis_feed8_rep1,redis,sb:events:n20:feed8:rep1,2c4d7a1a-42cd-4a7d-92fa-e70688518c50,3895121,553,25362833800,25362854500,1781307217617-0
concurrency_n20_20260613_003304_redis_feed8_rep1,redis,sb:events:n20:feed8:rep1,36e32e50-497d-49b4-85ac-7e59aa279522,3895052,553,25363664700,25363684000,1781307217619-0
concurrency_n20_20260613_003304_redis_feed8_rep1,redis,sb:events:n20:feed8:rep1,3ef44783-dd48-4af3-a84a-d13b92371ec4,3895052,553,25364445500,25364478300,1781307217620-0
concurrency_n20_20260613_003304_redis_feed8_rep1,redis,sb:events:n20:feed8:rep1,25d4de3e-3e2a-4f3c-b5b4-6896dffcf292,3895113,553,25368028200,25368060500,1781307217626-0
concurrency_n20_20260613_003304_redis_feed8_rep1,redis,sb:events:n20:feed8:rep1,d84a6ea0-eb04-49ee-8011-71fbea9094ff,3895113,554,25369059200,25369081200,1781307217633-0
concurrency_n20_20260613_003304_redis_feed8_rep1,redis,sb:events:n20:feed8:rep1,459e933b-3a7b-4903-9846-28f8af49f3b8,3895113,554,25371405100,25371429700,1781307217634-0
concurrency_n20_20260613_003304_redis_feed8_rep1,redis,sb:events:n20:feed8:rep1,3b170f61-0722-4ef0-9378-98882ff08363,3895121,555,25373212900,25373247000,1781307217637-0
concurrency_n20_20260613_003304_redis_feed8_rep1,redis,sb:events:n20:feed8:rep1,d85b4617-fc6b-4613-a6c4-f1b2bf1e83f7,3895121,555,25374139000,25374160600,1781307217638-0
concurrency_n20_20260613_003304_redis_feed8_rep1,redis,sb:events:n20:feed8:rep1,7a2e7555-68ea-419c-86aa-bf4dcb78e05c,3895067,555,25378902600,25378925300,1781307217639-0
concurrency_n20_20260613_003304_redis_feed8_rep1,redis,sb:events:n20:feed8:rep1,37ad6f42-511c-4a7c-acbf-ffdb05343d00,3895067,555,25379652300,25379691500,1781307217642-0
concurrency_n20_20260613_003304_redis_feed8_rep1,redis,sb:events:n20:feed8:rep1,4d65f18f-6c0e-4c7e-a92e-9eddfe918c80,3895113,556,25386970800,25386994800,1781307217652-0
concurrency_n20_20260613_003304_redis_feed8_rep1,redis,sb:events:n20:feed8:rep1,3608104d-8c99-4ff1-8776-6f10c9aa16f1,3895067,557,25388677300,25388700400,1781307217653-0
concurrency_n20_20260613_003304_redis_feed8_rep1,redis,sb:events:n20:feed8:rep1,6f68b267-cacb-43af-a94a-b86a7b012586,3895067,557,25393043900,25393073800,1781307217654-0
concurrency_n20_20260613_003304_redis_feed8_rep1,redis,sb:events:n20:feed8:rep1,960c6c53-3ff0-441f-9839-e525d22ee603,3895067,557,25394455100,25394479200,1781307217657-0
concurrency_n20_20260613_003304_redis_feed8_rep1,redis,sb:events:n20:feed8:rep1,771782c4-84a1-45da-9472-a42a4cdac870,3895052,557,25396695800,25396720000,1781307217660-0
concurrency_n20_20260613_003304_redis_feed8_rep1,redis,sb:events:n20:feed8:rep1,e4703900-92e0-477e-bb89-4874b45fa1aa,3895121,558,25399125200,25399150100,1781307217664-0
concurrency_n20_20260613_003304_redis_feed8_rep1,redis,sb:events:n20:feed8:rep1,f0da8169-c4b7-45fc-8c14-df99f65fa592,3895067,558,25401357000,25401377600,1781307217665-0
concurrency_n20_20260613_003304_redis_feed8_rep1,redis,sb:events:n20:feed8:rep1,ec56ac0a-94da-4bf7-9500-8424d742497f,3895113,558,25402234000,25402254100,1781307217666-0
concurrency_n20_20260613_003304_redis_feed8_rep1,redis,sb:events:n20:feed8:rep1,7e05c347-4251-406d-894c-81b8c0754146,3895113,558,25411532200,25411650800,1781307217668-0
concurrency_n20_20260613_003304_redis_feed8_rep1,redis,sb:events:n20:feed8:rep1,ff7df466-18e4-462c-aca8-68b0b661c050,3895121,559,25412978300,25413003400,1781307217674-0
concurrency_n20_20260613_003304_redis_feed8_rep1,redis,sb:events:n20:feed8:rep1,3abb82ea-6b10-4c94-a8c7-018787b8cfac,3895121,559,25414145400,25414170100,1781307217675-0
concurrency_n20_20260613_003304_redis_feed8_rep1,redis,sb:events:n20:feed8:rep1,35b0c8d9-a0bc-413a-844c-2ad4f48df2e9,3895067,559,25416651900,25416688000,1781307217678-0
concurrency_n20_20260613_003304_redis_feed8_rep1,redis,sb:events:n20:feed8:rep1,00edadfb-d24e-4eda-b463-ec2eb761a863,3895052,559,25418007300,25418582400,1781307217680-0
concurrency_n20_20260613_003304_redis_feed8_rep1,redis,sb:events:n20:feed8:rep1,2f30fa17-863e-4982-af77-279928d8bf7d,3895052,559,25425279400,25425307700,1781307217681-0
concurrency_n20_20260613_003304_redis_feed8_rep1,redis,sb:events:n20:feed8:rep1,774c27ef-4247-40e0-8ef1-d1c415e50681,3895052,559,25427443400,25427468000,1781307217682-0
concurrency_n20_20260613_003304_redis_feed8_rep1,redis,sb:events:n20:feed8:rep1,b1731242-8dfe-4ce0-8f9f-14ea8fab3216,3895113,559,25428744900,25428772400,1781307217683-0
concurrency_n20_20260613_003304_redis_feed8_rep1,redis,sb:events:n20:feed8:rep1,1e564b86-97b7-4d25-8679-fa80ce5aaa80,3895113,559,25429744700,25429769500,1781307217685-0
concurrency_n20_20260613_003304_redis_feed8_rep1,redis,sb:events:n20:feed8:rep1,750e6cda-3390-4817-83ea-ca66bd967062,3895134,560,25430786500,25430811000,1781307217689-0
concurrency_n20_20260613_003304_redis_feed8_rep1,redis,sb:events:n20:feed8:rep1,8b99f53b-121b-43c5-8f44-c9c08aa83bd8,3895134,561,25431800400,25431821800,1781307217691-0
concurrency_n20_20260613_003304_redis_feed8_rep1,redis,sb:events:n20:feed8:rep1,9dca34a8-c117-4b0b-a475-102ac8d30665,3895113,561,25432777200,25432798300,1781307217692-0
concurrency_n20_20260613_003304_redis_feed8_rep1,redis,sb:events:n20:feed8:rep1,bdf25150-5586-4645-96fc-c8e50cdd82d7,3895113,561,25435408500,25435441500,1781307217693-0
concurrency_n20_20260613_003304_redis_feed8_rep1,redis,sb:events:n20:feed8:rep1,33da9109-a7ef-4a4e-a9aa-b0942d42eedb,3895113,561,25442531000,25442559400,1781307217695-0
concurrency_n20_20260613_003304_redis_feed8_rep1,redis,sb:events:n20:feed8:rep1,86ce68ca-57a3-4495-8309-d66397796e67,3895052,562,25444231200,25444261700,1781307217696-0
concurrency_n20_20260613_003304_redis_feed8_rep1,redis,sb:events:n20:feed8:rep1,f42f73e7-ae7d-4683-bf94-dcf6164d5621,3895113,562,25445200800,25445232800,1781307217697-0
concurrency_n20_20260613_003304_redis_feed8_rep1,redis,sb:events:n20:feed8:rep1,b63ba05a-0566-49c9-b015-6bf55a59abb7,3895113,562,25447000900,25447032000,1781307217698-0
concurrency_n20_20260613_003304_redis_feed8_rep1,redis,sb:events:n20:feed8:rep1,282e0578-2dfb-424b-aa7f-f27e530978c6,3895113,562,25448087700,25448109900,1781307217700-0
concurrency_n20_20260613_003304_redis_feed8_rep1,redis,sb:events:n20:feed8:rep1,bbb0feea-68e0-4535-993c-ac50e15abd87,3895113,562,25449901700,25449927200,1781307217702-0
concurrency_n20_20260613_003304_redis_feed8_rep1,redis,sb:events:n20:feed8:rep1,e9972a5d-bd71-4307-8afc-8945594b52b9,3895060,563,25450787700,25450809200,1781307217710-0
concurrency_n20_20260613_003304_redis_feed8_rep1,redis,sb:events:n20:feed8:rep1,ecd29e2b-a31e-4693-9112-e61c9b4704fc,3895134,563,25451909100,25451932600,1781307217712-0
concurrency_n20_20260613_003304_redis_feed8_rep1,redis,sb:events:n20:feed8:rep1,f524e58e-1159-490f-9fd6-5e3be74f43ce,3895067,563,25471479900,25471504900,1781307217714-0
concurrency_n20_20260613_003304_redis_feed8_rep1,redis,sb:events:n20:feed8:rep1,3fb80ec5-a7a4-47b1-ad37-10866e0d0a07,3895067,563,25487782000,25487821300,1781307217715-0
concurrency_n20_20260613_003304_redis_feed8_rep1,redis,sb:events:n20:feed8:rep1,d38152a9-beaf-4baa-a20c-7b9ab30bc942,3895067,563,25489517000,25489552400,1781307217716-0
concurrency_n20_20260613_003304_redis_feed8_rep1,redis,sb:events:n20:feed8:rep1,06db91e0-abb2-46ee-84eb-7d5d5156a3d5,3895052,563,25491277300,25491349400,1781307217718-0
concurrency_n20_20260613_003304_redis_feed8_rep1,redis,sb:events:n20:feed8:rep1,4bd124dd-4b82-4bba-884c-46919b42647d,3895060,564,25492850000,25492886900,1781307217750-0
concurrency_n20_20260613_003304_redis_feed8_rep1,redis,sb:events:n20:feed8:rep1,abc73bc5-baf9-498e-96fd-e2db6a0bb05e,3895060,564,25495010700,25495033500,1781307217752-0
concurrency_n20_20260613_003304_redis_feed8_rep1,redis,sb:events:n20:feed8:rep1,0c2223f4-cd8c-4528-9ef6-35eaa67cab84,3895067,564,25495751300,25495770700,1781307217755-0
concurrency_n20_20260613_003304_redis_feed8_rep1,redis,sb:events:n20:feed8:rep1,609fb6dd-8540-439a-b616-ecabd68f7482,3895113,564,25501577300,25501608300,1781307217760-0
concurrency_n20_20260613_003304_redis_feed8_rep1,redis,sb:events:n20:feed8:rep1,ecbea6bc-c576-452e-b9b9-7cd529b60fd7,3895113,564,25502675800,25502704100,1781307217761-0
concurrency_n20_20260613_003304_redis_feed8_rep1,redis,sb:events:n20:feed8:rep1,f61244dd-1742-467e-816c-849a144abd5c,3895113,564,25503957900,25503984600,1781307217765-0
concurrency_n20_20260613_003304_redis_feed8_rep1,redis,sb:events:n20:feed8:rep1,8a932753-b413-4516-87f0-3dc6ad69a845,3895121,565,25506281300,25506314900,1781307217767-0
concurrency_n20_20260613_003304_redis_feed8_rep1,redis,sb:events:n20:feed8:rep1,bb5ed357-d8b5-44a3-8835-b969dba3555c,3895060,565,25507268100,25507327100,1781307217768-0
concurrency_n20_20260613_003304_redis_feed8_rep1,redis,sb:events:n20:feed8:rep1,692e3ebd-8ed8-4bc6-9715-2adb6d32961d,3895134,565,25508573600,25508611500,1781307217771-0
concurrency_n20_20260613_003304_redis_feed8_rep1,redis,sb:events:n20:feed8:rep1,b317b4ab-591f-4025-b660-69b0b91865c1,3895134,565,25511567800,25511590200,1781307217772-0
concurrency_n20_20260613_003304_redis_feed8_rep1,redis,sb:events:n20:feed8:rep1,554b1c6d-9aee-4611-8ed8-38c7c0c7e8fa,3895134,565,25516497800,25516523700,1781307217774-0
concurrency_n20_20260613_003304_redis_feed8_rep1,redis,sb:events:n20:feed8:rep1,058d670b-2399-456e-8420-862d0b2cf6a7,3895134,565,25517763800,25517784800,1781307217775-0
concurrency_n20_20260613_003304_redis_feed8_rep1,redis,sb:events:n20:feed8:rep1,cf2aab32-f699-444b-b047-595ad92c9e50,3895113,565,25518738400,25518761900,1781307217776-0
concurrency_n20_20260613_003304_redis_feed8_rep1,redis,sb:events:n20:feed8:rep1,db9f4659-660c-4da5-af41-197ce1cfbcaf,3895121,566,25520665300,25520688000,1781307217777-0
concurrency_n20_20260613_003304_redis_feed8_rep1,redis,sb:events:n20:feed8:rep1,6da8638f-22e2-498a-85c1-05ab2e07b258,3895121,566,25521459500,25521482400,1781307217781-0
concurrency_n20_20260613_003304_redis_feed8_rep1,redis,sb:events:n20:feed8:rep1,ae3dc312-e545-4a15-b0bb-235550514b38,3895060,566,25522166800,25522184900,1781307217783-0
concurrency_n20_20260613_003304_redis_feed8_rep1,redis,sb:events:n20:feed8:rep1,a9be64a4-16aa-46ad-a2e1-7285994613dc,3895060,566,25523358000,25523402300,1781307217784-0
concurrency_n20_20260613_003304_redis_feed8_rep1,redis,sb:events:n20:feed8:rep1,29a763c8-e688-484b-9faf-cd734436e0a7,3895060,566,25524386500,25524408000,1781307217785-0
concurrency_n20_20260613_003304_redis_feed8_rep1,redis,sb:events:n20:feed8:rep1,435fe1a6-cf5b-494b-a06d-55317e35e187,3895134,566,25527304300,25527330800,1781307217786-0
concurrency_n20_20260613_003304_redis_feed8_rep1,redis,sb:events:n20:feed8:rep1,49b784a4-5bc8-40cf-8e94-f0a3049b756a,3895134,566,25528188900,25528218900,1781307217788-0
concurrency_n20_20260613_003304_redis_feed8_rep1,redis,sb:events:n20:feed8:rep1,add4c52f-bef3-4f9e-9e3a-9f3b12602dc7,3895134,566,25529399200,25529431200,1781307217789-0
concurrency_n20_20260613_003304_redis_feed8_rep1,redis,sb:events:n20:feed8:rep1,bbad49fb-71c2-4fbf-901a-1295fa8cba46,3895060,567,25530242800,25530263700,1781307217792-0
concurrency_n20_20260613_003304_redis_feed8_rep1,redis,sb:events:n20:feed8:rep1,0d499b61-56d7-444f-b1a1-34ab319882f8,3895067,567,25532515700,25532537400,1781307217793-0
concurrency_n20_20260613_003304_redis_feed8_rep1,redis,sb:events:n20:feed8:rep1,9be861d7-d952-440c-9b03-985be6e791fa,3895067,567,25533708600,25533730100,1781307217794-0
concurrency_n20_20260613_003304_redis_feed8_rep1,redis,sb:events:n20:feed8:rep1,a23bc1ec-70f0-4cee-ac65-c548c161e34c,3895113,567,25534567400,25534586800,1781307217797-0
concurrency_n20_20260613_003304_redis_feed8_rep1,redis,sb:events:n20:feed8:rep1,1acb9806-886f-4bf8-a858-8b2f3b876ab4,3895113,567,25536310000,25536329300,1781307217798-0
concurrency_n20_20260613_003304_redis_feed8_rep1,redis,sb:events:n20:feed8:rep1,d6dc199d-fe0f-4dca-873c-666cc4f7580b,3895074,568,25537498800,25537523700,1781307217799-0
concurrency_n20_20260613_003304_redis_feed8_rep1,redis,sb:events:n20:feed8:rep1,4207d6a4-0228-4577-b031-4d416166a912,3895121,568,25538433000,25538455400,1781307217801-0
concurrency_n20_20260613_003304_redis_feed8_rep1,redis,sb:events:n20:feed8:rep1,b9041f26-493b-437f-a7da-3a6424b43560,3895134,568,25540471600,25540496100,1781307217802-0
concurrency_n20_20260613_003304_redis_feed8_rep1,redis,sb:events:n20:feed8:rep1,4143af48-0f1a-438c-a7af-ab6981596e34,3895074,569,25541756100,25541781500,1781307217803-0
concurrency_n20_20260613_003304_redis_feed8_rep1,redis,sb:events:n20:feed8:rep1,5ecc44df-780b-422c-ba24-37d2b3e2438f,3895074,569,25542668600,25542830000,1781307217804-0
concurrency_n20_20260613_003304_redis_feed8_rep1,redis,sb:events:n20:feed8:rep1,3a16a221-9434-413f-9a6b-0a8fcaac7187,3895074,569,25545223800,25545243100,1781307217805-0
concurrency_n20_20260613_003304_redis_feed8_rep1,redis,sb:events:n20:feed8:rep1,ae9ea283-4d1d-4e4e-ab59-748ba8a34e98,3895121,569,25546253200,25546276600,1781307217807-0
concurrency_n20_20260613_003304_redis_feed8_rep1,redis,sb:events:n20:feed8:rep1,b69cb150-6add-467e-95f5-373f645aec83,3895121,569,25552036600,25552075900,1781307217808-0
concurrency_n20_20260613_003304_redis_feed8_rep1,redis,sb:events:n20:feed8:rep1,e118cc39-f22c-4fd7-8959-0f87ccd83edb,3895121,569,25564726400,25564754200,1781307217810-0
concurrency_n20_20260613_003304_redis_feed8_rep1,redis,sb:events:n20:feed8:rep1,ed41f0d9-2fcc-4f3e-b408-3a6332f3ccc2,3895134,569,25567874100,25567905000,1781307217811-0
concurrency_n20_20260613_003304_redis_feed8_rep1,redis,sb:events:n20:feed8:rep1,d6277188-5e56-4821-865a-2136185eb9f8,3895134,569,25569046000,25569096400,1781307217812-0
concurrency_n20_20260613_003304_redis_feed8_rep1,redis,sb:events:n20:feed8:rep1,62287493-880c-4ed1-8e95-2fc6c48f7406,3895134,569,25570346800,25570372500,1781307217829-0
concurrency_n20_20260613_003304_redis_feed8_rep1,redis,sb:events:n20:feed8:rep1,94695ec3-fd04-4e7d-ad92-32a4b4910c85,3895134,569,25571315800,25571337600,1781307217831-0
concurrency_n20_20260613_003304_redis_feed8_rep1,redis,sb:events:n20:feed8:rep1,498d3916-efb1-4f24-bf9b-394fcf3fb8aa,3895052,569,25573948000,25573971800,1781307217834-0
concurrency_n20_20260613_003304_redis_feed8_rep1,redis,sb:events:n20:feed8:rep1,82a04586-669c-4ea2-99d8-ed5037368a1d,3895113,569,25574674900,25574725200,1781307217836-0
concurrency_n20_20260613_003304_redis_feed8_rep1,redis,sb:events:n20:feed8:rep1,0c595cc6-c86d-45aa-90be-80aad494ce6e,3895121,570,25575653200,25575672000,1781307217837-0
concurrency_n20_20260613_003304_redis_feed8_rep1,redis,sb:events:n20:feed8:rep1,12e6e67d-9811-4ba0-a908-f5a04b6d09cf,3895067,570,25576453000,25576472200,1781307217839-0
concurrency_n20_20260613_003304_redis_feed8_rep1,redis,sb:events:n20:feed8:rep1,ba2fee64-0a6b-4776-95ed-f065ac49eff6,3895134,570,25578357100,25578381100,1781307217840-0
concurrency_n20_20260613_003304_redis_feed8_rep1,redis,sb:events:n20:feed8:rep1,aeab8653-2c7c-48d1-8e69-a7f408f6ebe0,3895134,570,25597113400,25597307500,1781307217841-0
concurrency_n20_20260613_003304_redis_feed8_rep1,redis,sb:events:n20:feed8:rep1,544cac47-5c40-405d-b6d0-62165e550723,3895113,570,25599885200,25599917300,1781307217842-0
concurrency_n20_20260613_003304_redis_feed8_rep1,redis,sb:events:n20:feed8:rep1,8b305c0c-e9f9-4e2d-bcaa-23e4552182a9,3895121,571,25602952100,25602974600,1781307217843-0
concurrency_n20_20260613_003304_redis_feed8_rep1,redis,sb:events:n20:feed8:rep1,715129f6-aac2-40bb-9334-8c49a26fc045,3895121,571,25604399800,25604427600,1781307217861-0
concurrency_n20_20260613_003304_redis_feed8_rep1,redis,sb:events:n20:feed8:rep1,7dcc71fb-6a76-4e95-9839-a311460a34bd,3895121,571,25606652900,25606680000,1781307217863-0
concurrency_n20_20260613_003304_redis_feed8_rep1,redis,sb:events:n20:feed8:rep1,bbdc363f-ddad-4a3c-b497-24be542c3737,3895067,571,25608036900,25608065700,1781307217865-0
concurrency_n20_20260613_003304_redis_feed8_rep1,redis,sb:events:n20:feed8:rep1,7220c3ce-1994-4b3e-b8ad-820ec2f7be2d,3895067,571,25609049800,25609076500,1781307217867-0
concurrency_n20_20260613_003304_redis_feed8_rep1,redis,sb:events:n20:feed8:rep1,a3d79461-7ba9-4564-9c6d-897f19ef3a64,3895134,571,25612101900,25612124900,1781307217868-0
concurrency_n20_20260613_003304_redis_feed8_rep1,redis,sb:events:n20:feed8:rep1,29363af0-2353-4423-b976-37fa82d94740,3895134,571,25612992300,25613015000,1781307217869-0
concurrency_n20_20260613_003304_redis_feed8_rep1,redis,sb:events:n20:feed8:rep1,e838d752-a46c-4ab6-b347-0f20bebe3fa9,3895052,571,25613739800,25613765000,1781307217871-0
concurrency_n20_20260613_003304_redis_feed8_rep1,redis,sb:events:n20:feed8:rep1,88975cca-31fe-4a50-b622-4fb93865a601,3895052,571,25615034100,25615057200,1781307217875-0
concurrency_n20_20260613_003304_redis_feed8_rep1,redis,sb:events:n20:feed8:rep1,1db38ded-2eec-4ccc-952c-59dbc482485a,3895074,572,25616082500,25616111300,1781307217877-0
concurrency_n20_20260613_003304_redis_feed8_rep1,redis,sb:events:n20:feed8:rep1,9a741e55-d2cd-45fc-823d-7d38ae02b3f6,3895121,572,25618930500,25619009900,1781307217878-0
concurrency_n20_20260613_003304_redis_feed8_rep1,redis,sb:events:n20:feed8:rep1,6cf6ed29-f0fe-46e6-8365-74b2cf732543,3895121,572,25620101500,25620131200,1781307217880-0
concurrency_n20_20260613_003304_redis_feed8_rep1,redis,sb:events:n20:feed8:rep1,43d43481-ebe4-4d6e-8388-55250d1a3131,3895134,572,25621100500,25621132400,1781307217881-0
concurrency_n20_20260613_003304_redis_feed8_rep1,redis,sb:events:n20:feed8:rep1,55234fec-33e8-446b-9245-ce746400f97f,3895134,572,25622461500,25622495400,1781307217882-0
concurrency_n20_20260613_003304_redis_feed8_rep1,redis,sb:events:n20:feed8:rep1,fd52e903-b306-4c1c-a68f-dcdcf71fef24,3895134,572,25623443100,25623465800,1781307217884-0
concurrency_n20_20260613_003304_redis_feed8_rep1,redis,sb:events:n20:feed8:rep1,ab509877-2fc3-4aa9-8158-d1f5ebe8da6d,3895052,572,25625311900,25625348100,1781307217884-1
concurrency_n20_20260613_003304_redis_feed8_rep1,redis,sb:events:n20:feed8:rep1,943ef8eb-5292-4c53-8072-91c657571f42,3895052,572,25626276300,25626298200,1781307217886-0
concurrency_n20_20260613_003304_redis_feed8_rep1,redis,sb:events:n20:feed8:rep1,3ea8a716-0bb8-43be-b33c-dfa6014257ac,3895074,573,25628163700,25628248300,1781307217888-0
concurrency_n20_20260613_003304_redis_feed8_rep1,redis,sb:events:n20:feed8:rep1,d5b4c99c-7c16-47cf-b5b3-c48c1d852fd8,3895121,573,25629344600,25629365800,1781307217889-0
concurrency_n20_20260613_003304_redis_feed8_rep1,redis,sb:events:n20:feed8:rep1,249bd339-ce23-492c-b3cf-b7214716e130,3895067,573,25630282400,25630307900,1781307217890-0
concurrency_n20_20260613_003304_redis_feed8_rep1,redis,sb:events:n20:feed8:rep1,f9b530b9-7dc4-48e9-bf73-ced6b0b1925a,3895134,573,25632012200,25632034100,1781307217892-0
concurrency_n20_20260613_003304_redis_feed8_rep1,redis,sb:events:n20:feed8:rep1,fb1a9369-b9d5-4fd7-ac71-aa651f0168e9,3895052,573,25651161200,25651187400,1781307217893-0
concurrency_n20_20260613_003304_redis_feed8_rep1,redis,sb:events:n20:feed8:rep1,2dda5918-4209-4100-960e-e3edb058d48d,3895052,573,25652204400,25652231700,1781307217894-0
concurrency_n20_20260613_003304_redis_feed8_rep1,redis,sb:events:n20:feed8:rep1,1dae3789-5635-4d14-80fc-efd3c40db3b5,3895052,573,25652970600,25653004300,1781307217895-0
concurrency_n20_20260613_003304_redis_feed8_rep1,redis,sb:events:n20:feed8:rep1,0bcbb1c4-b220-4298-9847-5f821da04e9a,3895113,573,25653772500,25653793000,1781307217896-0
concurrency_n20_20260613_003304_redis_feed8_rep1,redis,sb:events:n20:feed8:rep1,8d5e711c-8993-4de5-ac7a-7ebccc01baf8,3895113,573,25655765500,25655791500,1781307217915-0
concurrency_n20_20260613_003304_redis_feed8_rep1,redis,sb:events:n20:feed8:rep1,fec8d35a-02e4-4e46-99cd-8782881124ea,3895074,574,25656611100,25656632900,1781307217916-0
concurrency_n20_20260613_003304_redis_feed8_rep1,redis,sb:events:n20:feed8:rep1,f9c117a9-8333-4dca-8508-4cd6b1ed4bf7,3895074,574,25657547600,25657570500,1781307217917-0
concurrency_n20_20260613_003304_redis_feed8_rep1,redis,sb:events:n20:feed8:rep1,ae054521-50e4-4650-88dc-56beb4f776e6,3895074,574,25658651100,25658672000,1781307217919-0
concurrency_n20_20260613_003304_redis_feed8_rep1,redis,sb:events:n20:feed8:rep1,e7ab799d-7eea-4ae5-a2e6-46a4ad5a46ed,3895074,574,25659603600,25659633500,1781307217920-0
concurrency_n20_20260613_003304_redis_feed8_rep1,redis,sb:events:n20:feed8:rep1,2ab1b2f9-6737-4a08-885e-10b6be2bb13c,3895121,574,25661842800,25661872400,1781307217921-0
concurrency_n20_20260613_003304_redis_feed8_rep1,redis,sb:events:n20:feed8:rep1,d8d8428e-76c9-4881-b4ed-0b13a72e0565,3895121,574,25662807700,25662843100,1781307217922-0
concurrency_n20_20260613_003304_redis_feed8_rep1,redis,sb:events:n20:feed8:rep1,596f2d53-66d8-4a23-b0a3-94edc6df8281,3895067,574,25663802300,25663822100,1781307217923-0
concurrency_n20_20260613_003304_redis_feed8_rep1,redis,sb:events:n20:feed8:rep1,8c02596a-6342-4489-8bbd-b18c0c84026a,3895067,574,25664671100,25664693200,1781307217924-0
concurrency_n20_20260613_003304_redis_feed8_rep1,redis,sb:events:n20:feed8:rep1,a3349cce-9229-41e9-8ccc-a5efc421a6f2,3895134,574,25665518600,25665547000,1781307217925-0
concurrency_n20_20260613_003304_redis_feed8_rep1,redis,sb:events:n20:feed8:rep1,44e48928-bcd2-425d-bcd2-88b4b3e10764,3895134,574,25666180300,25666201600,1781307217926-0
concurrency_n20_20260613_003304_redis_feed8_rep1,redis,sb:events:n20:feed8:rep1,4acfe84d-7381-4822-a218-7728e9b84f0f,3895134,574,25675736900,25675777600,1781307217928-0
concurrency_n20_20260613_003304_redis_feed8_rep1,redis,sb:events:n20:feed8:rep1,2b5f9db5-ec05-4a07-a5f4-075a0ae73ace,3895086,574,25676774900,25676796300,1781307217929-0
concurrency_n20_20260613_003304_redis_feed8_rep1,redis,sb:events:n20:feed8:rep1,8b90acda-680a-4983-88c4-e77ee2e520d2,3895052,574,25677833400,25677857500,1781307217930-0
concurrency_n20_20260613_003304_redis_feed8_rep1,redis,sb:events:n20:feed8:rep1,7199c049-130c-485e-8717-eed79cf6473e,3895052,574,25680336700,25680359200,1781307217933-0
concurrency_n20_20260613_003304_redis_feed8_rep1,redis,sb:events:n20:feed8:rep1,12f5d714-255c-4b77-b547-77df0d331ded,3895113,574,25681041500,25681066800,1781307217934-0
concurrency_n20_20260613_003304_redis_feed8_rep1,redis,sb:events:n20:feed8:rep1,19395768-0b78-473c-b1b1-61eda33bc094,3895113,574,25681829600,25681852300,1781307217938-0
concurrency_n20_20260613_003304_redis_feed8_rep1,redis,sb:events:n20:feed8:rep1,74bcdb7e-b4a3-40c3-8702-ef661db0155a,3895121,575,25683244300,25683265900,1781307217942-0
concurrency_n20_20260613_003304_redis_feed8_rep1,redis,sb:events:n20:feed8:rep1,485c6144-6361-4d77-a04e-9c1ed63426f0,3895107,575,25684076600,25684102400,1781307217944-0
concurrency_n20_20260613_003304_redis_feed8_rep1,redis,sb:events:n20:feed8:rep1,6efe26ce-d9e7-4d1c-9b78-3fa828b115be,3895074,576,25686174800,25686230900,1781307217945-0
concurrency_n20_20260613_003304_redis_feed8_rep1,redis,sb:events:n20:feed8:rep1,d5ebcc59-0d70-4f75-be32-b9bf306ede6d,3895121,576,25687489800,25687518500,1781307217947-0
concurrency_n20_20260613_003304_redis_feed8_rep1,redis,sb:events:n20:feed8:rep1,ac26105e-fbcb-4f13-9b1d-a042b7bbb33b,3895121,576,25688740100,25688774900,1781307217948-0
concurrency_n20_20260613_003304_redis_feed8_rep1,redis,sb:events:n20:feed8:rep1,2192e17c-695d-4241-ad3a-adb09073f21b,3895121,576,25689807500,25689830800,1781307217949-0
concurrency_n20_20260613_003304_redis_feed8_rep1,redis,sb:events:n20:feed8:rep1,fe9872b2-9d59-431d-a963-6c10708ce1da,3895067,576,25691206600,25691234400,1781307217950-0
concurrency_n20_20260613_003304_redis_feed8_rep1,redis,sb:events:n20:feed8:rep1,5ec70097-2e02-49bb-9982-c006e40c1594,3895086,576,25693810800,25693847400,1781307217951-0
concurrency_n20_20260613_003304_redis_feed8_rep1,redis,sb:events:n20:feed8:rep1,8dda5da9-19e2-4ea6-ab79-a0867e90239c,3895095,577,25694736800,25694759100,1781307217952-0
concurrency_n20_20260613_003304_redis_feed8_rep1,redis,sb:events:n20:feed8:rep1,330d23cc-c68b-4abb-93b1-62511656376a,3895074,577,25695595300,25695617800,1781307217954-0
concurrency_n20_20260613_003304_redis_feed8_rep1,redis,sb:events:n20:feed8:rep1,1d9edec0-5b27-45ad-96af-ada428ee719d,3895074,577,25696518100,25696538200,1781307217956-0
concurrency_n20_20260613_003304_redis_feed8_rep1,redis,sb:events:n20:feed8:rep1,6eb1a20d-8605-47f7-a06c-978069a3e269,3895121,577,25697359800,25697380200,1781307217957-0
concurrency_n20_20260613_003304_redis_feed8_rep1,redis,sb:events:n20:feed8:rep1,1e0d08d8-5dad-4be4-8e3d-b29725e55eb2,3895121,577,25698285300,25698305700,1781307217958-0
concurrency_n20_20260613_003304_redis_feed8_rep1,redis,sb:events:n20:feed8:rep1,9027b7b2-378a-4f24-a52f-05c83d32d245,3895107,577,25700692800,25700717300,1781307217960-0
concurrency_n20_20260613_003304_redis_feed8_rep1,redis,sb:events:n20:feed8:rep1,3501862c-2758-4201-a40b-b95d554e6457,3895107,577,25702062400,25702092900,1781307217961-0
concurrency_n20_20260613_003304_redis_feed8_rep1,redis,sb:events:n20:feed8:rep1,82b64c2b-7393-440f-bc6b-a47e02f6b722,3895107,577,25703703400,25703733100,1781307217962-0
concurrency_n20_20260613_003304_redis_feed8_rep1,redis,sb:events:n20:feed8:rep1,c7f7e256-15ad-4c70-988c-b1ea0c3e1771,3895086,577,25707857700,25707890400,1781307217963-0
concurrency_n20_20260613_003304_redis_feed8_rep1,redis,sb:events:n20:feed8:rep1,9504210d-0a74-4674-87d1-40e9820a7635,3895052,577,25709276200,25709297100,1781307217965-0
concurrency_n20_20260613_003304_redis_feed8_rep1,redis,sb:events:n20:feed8:rep1,d6e3276d-1d76-459b-bdaa-285f24adb999,3895113,577,25724210000,25724239800,1781307217966-0
concurrency_n20_20260613_003304_redis_feed8_rep1,redis,sb:events:n20:feed8:rep1,8d663b5e-05b6-4fe3-982b-e6ccdb91ac07,3895113,577,25738306300,25738335800,1781307217969-0
concurrency_n20_20260613_003304_redis_feed8_rep1,redis,sb:events:n20:feed8:rep1,514df5c9-615b-4951-87a5-600e1487f35c,3895107,578,25741713100,25741746800,1781307217973-0
concurrency_n20_20260613_003304_redis_feed8_rep1,redis,sb:events:n20:feed8:rep1,c1e37455-ff85-42ac-ba62-7ddcb5049d00,3895067,578,25744447500,25744482400,1781307217975-0
concurrency_n20_20260613_003304_redis_feed8_rep1,redis,sb:events:n20:feed8:rep1,1acaf70d-3037-4637-8830-b34157ea49f4,3895067,578,25746285800,25746320500,1781307217981-0
concurrency_n20_20260613_003304_redis_feed8_rep1,redis,sb:events:n20:feed8:rep1,fd006d44-2ee6-445a-aa8a-393b20bcff1c,3895074,579,25750475600,25750497900,1781307217987-0
concurrency_n20_20260613_003304_redis_feed8_rep1,redis,sb:events:n20:feed8:rep1,b61fab98-a6e0-4a32-b7e7-883f80a70d36,3895121,579,25756044900,25756068800,1781307218017-0
concurrency_n20_20260613_003304_redis_feed8_rep1,redis,sb:events:n20:feed8:rep1,f3a33620-83eb-4f9d-93b8-8f12b8874b10,3895067,579,25758783200,25758810600,1781307218022-0
concurrency_n20_20260613_003304_redis_feed8_rep1,redis,sb:events:n20:feed8:rep1,a4dbeb96-2862-4c2b-93f8-b996f946ed69,3895067,579,25759819100,25759844900,1781307218023-0
concurrency_n20_20260613_003304_redis_feed8_rep1,redis,sb:events:n20:feed8:rep1,de736173-7b94-48a1-9b15-3e529c34349b,3895067,579,25761440000,25761460500,1781307218025-0
concurrency_n20_20260613_003304_redis_feed8_rep1,redis,sb:events:n20:feed8:rep1,399fcced-37b1-496e-969f-d2568e5dda43,3895086,579,25762525300,25762569500,1781307218026-0
concurrency_n20_20260613_003304_redis_feed8_rep1,redis,sb:events:n20:feed8:rep1,f00d1a0d-3f91-4487-88ab-397cee279024,3895052,579,25765366700,25765390600,1781307218028-0
concurrency_n20_20260613_003304_redis_feed8_rep1,redis,sb:events:n20:feed8:rep1,44936a01-9dbe-4db5-b92e-14f4b4229339,3895052,579,25768536500,25768597600,1781307218030-0
concurrency_n20_20260613_003304_redis_feed8_rep1,redis,sb:events:n20:feed8:rep1,0fb7f4fe-944a-4419-84e5-274e4c29cb41,3895052,579,25774308900,25774333100,1781307218034-0
concurrency_n20_20260613_003304_redis_feed8_rep1,redis,sb:events:n20:feed8:rep1,26926823-2671-44ab-a8b0-79cebc31dac5,3895095,580,25776703100,25776734500,1781307218037-0
concurrency_n20_20260613_003304_redis_feed8_rep1,redis,sb:events:n20:feed8:rep1,06f17fd1-cb74-4096-8974-2340bfe25f2d,3895095,580,25778826700,25778851800,1781307218040-0
concurrency_n20_20260613_003304_redis_feed8_rep1,redis,sb:events:n20:feed8:rep1,03878179-d332-4d06-b754-b72c00c252be,3895074,580,25781512500,25781545000,1781307218043-0
concurrency_n20_20260613_003304_redis_feed8_rep1,redis,sb:events:n20:feed8:rep1,47c6df2d-d37a-4e2b-b740-93b358bdd219,3895074,580,25784163700,25784185900,1781307218046-0
concurrency_n20_20260613_003304_redis_feed8_rep1,redis,sb:events:n20:feed8:rep1,2afc41b2-4d4a-4d1e-937c-5240c039f51d,3895121,580,25785060100,25785089200,1781307218047-0
concurrency_n20_20260613_003304_redis_feed8_rep1,redis,sb:events:n20:feed8:rep1,6d1f2668-9ae8-42cb-b2d7-b6f477fa210e,3895121,580,25786892300,25786917000,1781307218048-0
concurrency_n20_20260613_003304_redis_feed8_rep1,redis,sb:events:n20:feed8:rep1,c2905112-a6a1-4371-99a0-b3c99454cc7b,3895067,580,25796283100,25796326100,1781307218050-0
concurrency_n20_20260613_003304_redis_feed8_rep1,redis,sb:events:n20:feed8:rep1,07161a20-941d-47d1-91f5-1e46df08ae8f,3895086,580,25797432700,25797481100,1781307218052-0
concurrency_n20_20260613_003304_redis_feed8_rep1,redis,sb:events:n20:feed8:rep1,6e774bb4-a1e1-4dfa-98e0-3a901ceb87fd,3895086,580,25802176300,25802206500,1781307218053-0
concurrency_n20_20260613_003304_redis_feed8_rep1,redis,sb:events:n20:feed8:rep1,26bc86da-748c-461a-82a8-48cfafcb8b23,3895113,580,25803636200,25803665000,1781307218057-0
concurrency_n20_20260613_003304_redis_feed8_rep1,redis,sb:events:n20:feed8:rep1,3e16077f-8888-4a37-9f41-aaf81610729c,3895113,580,25804470600,25804508700,1781307218060-0
concurrency_n20_20260613_003304_redis_feed8_rep1,redis,sb:events:n20:feed8:rep1,126d8b10-79d0-4513-b666-aa12d29b5919,3895113,580,25806582600,25806608900,1781307218063-0
concurrency_n20_20260613_003304_redis_feed8_rep1,redis,sb:events:n20:feed8:rep1,aaf8057c-333d-4648-9307-2648b6b38225,3895121,581,25807466900,25807572200,1781307218064-0
concurrency_n20_20260613_003304_redis_feed8_rep1,redis,sb:events:n20:feed8:rep1,a13bf632-3dbd-469c-a5cf-bb14853ea364,3895095,582,25809193700,25809216800,1781307218067-0
concurrency_n20_20260613_003304_redis_feed8_rep1,redis,sb:events:n20:feed8:rep1,15708b87-1ca9-489a-9fa0-ece9c6c24d40,3895095,582,25810406300,25810428500,1781307218069-0
concurrency_n20_20260613_003304_redis_feed8_rep1,redis,sb:events:n20:feed8:rep1,e8e057c1-643b-4f62-aac5-d4e64d879faa,3895074,582,25811284700,25811393800,1781307218070-0
concurrency_n20_20260613_003304_redis_feed8_rep1,redis,sb:events:n20:feed8:rep1,407a488f-1875-42e4-8467-91a113a9ca14,3895121,582,25812290700,25812312000,1781307218071-0
concurrency_n20_20260613_003304_redis_feed8_rep1,redis,sb:events:n20:feed8:rep1,8af7f37f-0855-4c04-8ab2-2b8022f0301a,3895121,582,25814096900,25814121300,1781307218073-0
concurrency_n20_20260613_003304_redis_feed8_rep1,redis,sb:events:n20:feed8:rep1,f3d4cb1e-d5ae-4ed8-b435-5bf99155b9d1,3895067,582,25815056800,25815078500,1781307218074-0
concurrency_n20_20260613_003304_redis_feed8_rep1,redis,sb:events:n20:feed8:rep1,a52e8dda-066e-4fab-ac60-e599fb9146b9,3895067,582,25815917400,25815939500,1781307218075-0
concurrency_n20_20260613_003304_redis_feed8_rep1,redis,sb:events:n20:feed8:rep1,6a1ac214-62a2-464d-8e27-b542815426b9,3895052,582,25816815600,25816849100,1781307218077-0
concurrency_n20_20260613_003304_redis_feed8_rep1,redis,sb:events:n20:feed8:rep1,654b5170-715f-4121-b1a4-1b2fa6d41363,3895113,582,25817912000,25817955600,1781307218078-0
concurrency_n20_20260613_003304_redis_feed8_rep1,redis,sb:events:n20:feed8:rep1,8002ac93-fea2-48c7-a08e-89645a85ed71,3895095,583,25819253900,25819281400,1781307218079-0
concurrency_n20_20260613_003304_redis_feed8_rep1,redis,sb:events:n20:feed8:rep1,d163cfe2-ca06-4dfc-a6f1-b93b3c6968aa,3895095,583,25822206500,25822234500,1781307218081-0
concurrency_n20_20260613_003304_redis_feed8_rep1,redis,sb:events:n20:feed8:rep1,2bc6ac86-5796-4188-938a-a55395c05826,3895074,583,25822928400,25822954800,1781307218082-0
concurrency_n20_20260613_003304_redis_feed8_rep1,redis,sb:events:n20:feed8:rep1,df464102-1945-47e6-9b71-2d042cca530d,3895074,583,25824160300,25824303900,1781307218083-0
concurrency_n20_20260613_003304_redis_feed8_rep1,redis,sb:events:n20:feed8:rep1,bd14667d-5e2c-413d-808f-3c81cce91e4e,3895121,583,25844483500,25844509000,1781307218089-0
concurrency_n20_20260613_003304_redis_feed8_rep1,redis,sb:events:n20:feed8:rep1,25817096-b252-46b1-afcb-457f6547860c,3895095,584,25845898600,25845950700,1781307218107-0
concurrency_n20_20260613_003304_redis_feed8_rep1,redis,sb:events:n20:feed8:rep1,5f3b5117-1fa6-43b6-95f2-4100eddf6b91,3895095,584,25850502500,25850534600,1781307218109-0
concurrency_n20_20260613_003304_redis_feed8_rep1,redis,sb:events:n20:feed8:rep1,6dacc37b-35b7-48c3-bf50-20da75990c64,3895095,584,25851451800,25851479200,1781307218112-0
concurrency_n20_20260613_003304_redis_feed8_rep1,redis,sb:events:n20:feed8:rep1,2be6cb1e-6475-475d-8e73-3d17196b4796,3895121,584,25853268600,25853288900,1781307218114-0
concurrency_n20_20260613_003304_redis_feed8_rep1,redis,sb:events:n20:feed8:rep1,e8e97225-a503-4f1c-9084-dad448ad351a,3895121,584,25854213700,25854237600,1781307218117-0
concurrency_n20_20260613_003304_redis_feed8_rep1,redis,sb:events:n20:feed8:rep1,a99b1edb-17d3-4eac-9643-4a93f7607844,3895086,584,25855642500,25855709500,1781307218118-0
concurrency_n20_20260613_003304_redis_feed8_rep1,redis,sb:events:n20:feed8:rep1,dee82969-8747-49e7-b33f-2584cb83a6ec,3895052,584,25858181000,25858204700,1781307218119-0
concurrency_n20_20260613_003304_redis_feed8_rep1,redis,sb:events:n20:feed8:rep1,41c5b82d-9c22-40ee-8306-d16f4e77e6cb,3895052,584,25860581300,25860614100,1781307218121-0
concurrency_n20_20260613_003304_redis_feed8_rep1,redis,sb:events:n20:feed8:rep1,b2c8c6d5-4526-47af-8161-be9a5bc3ffe8,3895095,585,25862601700,25862634600,1781307218122-0
concurrency_n20_20260613_003304_redis_feed8_rep1,redis,sb:events:n20:feed8:rep1,c039c599-0593-4656-9076-4022b598a10a,3895095,585,25865260200,25865284100,1781307218123-0
concurrency_n20_20260613_003304_redis_feed8_rep1,redis,sb:events:n20:feed8:rep1,e31d3d1a-a15c-40b5-9da2-932a37570abf,3895074,585,25866519600,25866543400,1781307218125-0
concurrency_n20_20260613_003304_redis_feed8_rep1,redis,sb:events:n20:feed8:rep1,934c6929-d98f-469a-b9a5-d811df5d6196,3895067,585,25868706700,25868751600,1781307218127-0
concurrency_n20_20260613_003304_redis_feed8_rep1,redis,sb:events:n20:feed8:rep1,cea9fbf0-e6ce-4511-b252-51e223ac9f03,3895086,585,25870305800,25870331600,1781307218129-0
concurrency_n20_20260613_003304_redis_feed8_rep1,redis,sb:events:n20:feed8:rep1,eaadf129-ba27-43ce-9517-0e27218d35dc,3895121,586,25880641700,25880669000,1781307218130-0
concurrency_n20_20260613_003304_redis_feed8_rep1,redis,sb:events:n20:feed8:rep1,ccbe3f4d-4aa9-4caa-86e1-0f6dd610eaec,3895067,586,25883112200,25883274700,1781307218132-0
concurrency_n20_20260613_003304_redis_feed8_rep1,redis,sb:events:n20:feed8:rep1,53084186-3b2c-4728-aa37-ece7042f5bf8,3895067,586,25884482200,25884507500,1781307218133-0
concurrency_n20_20260613_003304_redis_feed8_rep1,redis,sb:events:n20:feed8:rep1,4a31e5db-6985-4e82-9277-c5b4346ee03e,3895086,586,25885563600,25885631000,1781307218134-0
concurrency_n20_20260613_003304_redis_feed8_rep1,redis,sb:events:n20:feed8:rep1,d4698e93-767a-4a04-9b43-145c313dc583,3895074,587,25888427700,25888483100,1781307218136-0
concurrency_n20_20260613_003304_redis_feed8_rep1,redis,sb:events:n20:feed8:rep1,28ee7bbf-019d-48d7-982b-8ef8460fa8cf,3895074,587,25889906800,25890048100,1781307218137-0
concurrency_n20_20260613_003304_redis_feed8_rep1,redis,sb:events:n20:feed8:rep1,aa0f6ad4-6b9a-490a-aac9-de3727a54e95,3895121,587,25891899100,25891929900,1781307218145-0
concurrency_n20_20260613_003304_redis_feed8_rep1,redis,sb:events:n20:feed8:rep1,c2b60be5-8a97-4f3a-91f1-56b4a00cb397,3895121,587,25894682700,25894719000,1781307218147-0
concurrency_n20_20260613_003304_redis_feed8_rep1,redis,sb:events:n20:feed8:rep1,c5bbefc4-2220-4ef9-951b-46c03379a3fd,3895121,587,25896704100,25896728900,1781307218148-0
concurrency_n20_20260613_003304_redis_feed8_rep1,redis,sb:events:n20:feed8:rep1,a359b301-ff67-407b-8c92-0a2981771d6a,3895067,587,25898635700,25898660900,1781307218149-0
concurrency_n20_20260613_003304_redis_feed8_rep1,redis,sb:events:n20:feed8:rep1,01b2c475-8bfa-4408-a256-4b578f8cba11,3895052,587,25899849500,25899980500,1781307218151-0
concurrency_n20_20260613_003304_redis_feed8_rep1,redis,sb:events:n20:feed8:rep1,93cdfde4-d905-419e-970c-66838f08b789,3895095,588,25901544200,25901577500,1781307218153-0
concurrency_n20_20260613_003304_redis_feed8_rep1,redis,sb:events:n20:feed8:rep1,0007e05d-1ecd-4a27-9e6c-0176a558137b,3895095,588,25904356800,25904380500,1781307218155-0
concurrency_n20_20260613_003304_redis_feed8_rep1,redis,sb:events:n20:feed8:rep1,df05a7fa-61cf-4637-ac5a-dd71ecc74a46,3895074,588,25905080700,25905101800,1781307218157-0
concurrency_n20_20260613_003304_redis_feed8_rep1,redis,sb:events:n20:feed8:rep1,01f933ec-0422-411a-ba65-50c62b560327,3895074,588,25906233500,25906261200,1781307218159-0
concurrency_n20_20260613_003304_redis_feed8_rep1,redis,sb:events:n20:feed8:rep1,2d16c691-e38a-4070-8977-ba0a8f0062a6,3895121,588,25908628400,25909347600,1781307218160-0
concurrency_n20_20260613_003304_redis_feed8_rep1,redis,sb:events:n20:feed8:rep1,ad3c7cfe-990e-48e0-a5b6-07324d7dffdf,3895121,588,25910532900,25910556000,1781307218162-0
concurrency_n20_20260613_003304_redis_feed8_rep1,redis,sb:events:n20:feed8:rep1,2d6de105-3c8e-46f8-aba1-2ca82db5db75,3895121,588,25911415600,25911439300,1781307218164-0
concurrency_n20_20260613_003304_redis_feed8_rep1,redis,sb:events:n20:feed8:rep1,9a87f887-e1e8-4e56-a787-b33541d656b2,3895121,588,25912776900,25912802500,1781307218166-0
concurrency_n20_20260613_003304_redis_feed8_rep1,redis,sb:events:n20:feed8:rep1,01f77ba8-732f-460e-9843-000fe8c22e88,3895134,588,25914292200,25914323000,1781307218167-0
concurrency_n20_20260613_003304_redis_feed8_rep1,redis,sb:events:n20:feed8:rep1,ce1f7616-723f-4d2e-976c-217ce8af7dfc,3895052,588,25916101700,25916131700,1781307218170-0
concurrency_n20_20260613_003304_redis_feed8_rep1,redis,sb:events:n20:feed8:rep1,1799529b-9648-4fc6-b554-538c995a3d7b,3895052,588,25917002700,25917026800,1781307218170-1
concurrency_n20_20260613_003304_redis_feed8_rep1,redis,sb:events:n20:feed8:rep1,8273b7db-96ad-41d7-bad6-a79c3a73f8bd,3895113,588,25918115600,25918138300,1781307218172-0
concurrency_n20_20260613_003304_redis_feed8_rep1,redis,sb:events:n20:feed8:rep1,e1645f19-ebe2-44a2-afb4-0f6694777739,3895134,589,25920201900,25920227100,1781307218174-0
concurrency_n20_20260613_003304_redis_feed8_rep1,redis,sb:events:n20:feed8:rep1,809cb891-65b3-4382-be9b-2c923fb09941,3895134,589,25921229100,25921256700,1781307218176-0
concurrency_n20_20260613_003304_redis_feed8_rep1,redis,sb:events:n20:feed8:rep1,4fb2ce2e-ae99-47be-8835-d4fe76a81a1e,3895067,589,25922875100,25922931300,1781307218177-0
concurrency_n20_20260613_003304_redis_feed8_rep1,redis,sb:events:n20:feed8:rep1,3d089aa7-d69e-4513-b9b4-bd51df20dd3f,3895067,589,25924747000,25924775200,1781307218179-0
concurrency_n20_20260613_003304_redis_feed8_rep1,redis,sb:events:n20:feed8:rep1,c4106ee7-bccf-4d7c-96b1-66bdf3556775,3895067,589,25927070500,25927161300,1781307218180-0
concurrency_n20_20260613_003304_redis_feed8_rep1,redis,sb:events:n20:feed8:rep1,fd572d23-148f-4dee-82da-ff57f4613bc3,3895113,589,25928902800,25928964700,1781307218181-0
concurrency_n20_20260613_003304_redis_feed8_rep1,redis,sb:events:n20:feed8:rep1,dfedbad8-ed5f-4886-9f1a-8e785565e557,3895095,590,25930834500,25930988800,1781307218183-0
concurrency_n20_20260613_003304_redis_feed8_rep1,redis,sb:events:n20:feed8:rep1,7e4dbf65-c4de-4920-b670-7ee27db2791e,3895095,590,25931905700,25931929200,1781307218185-0
concurrency_n20_20260613_003304_redis_feed8_rep1,redis,sb:events:n20:feed8:rep1,e0e51306-6abb-4869-9b4f-b78bfef48a64,3895095,590,25934973400,25935013300,1781307218186-0
concurrency_n20_20260613_003304_redis_feed8_rep1,redis,sb:events:n20:feed8:rep1,274a4919-849b-41ff-a8db-95719055d98f,3895095,590,25935944600,25935968000,1781307218187-0
concurrency_n20_20260613_003304_redis_feed8_rep1,redis,sb:events:n20:feed8:rep1,ffd58c50-e6dc-4754-a17f-4bcedff0bd58,3895095,590,25936947600,25936972200,1781307218189-0
concurrency_n20_20260613_003304_redis_feed8_rep1,redis,sb:events:n20:feed8:rep1,4d63112a-4703-42dc-9b8b-0d491b710db4,3895121,590,25938107700,25938188700,1781307218191-0
concurrency_n20_20260613_003304_redis_feed8_rep1,redis,sb:events:n20:feed8:rep1,a492638f-cf4e-4655-b650-5f7805409bdc,3895121,590,25939145800,25939178100,1781307218193-0
concurrency_n20_20260613_003304_redis_feed8_rep1,redis,sb:events:n20:feed8:rep1,95429182-4915-412e-9c8f-eba416a911f9,3895086,590,25941110200,25941137100,1781307218194-0
concurrency_n20_20260613_003304_redis_feed8_rep1,redis,sb:events:n20:feed8:rep1,de2d9276-b461-421a-a7d5-95b38a2fe016,3895074,591,25943888800,25943913900,1781307218201-0
concurrency_n20_20260613_003304_redis_feed8_rep1,redis,sb:events:n20:feed8:rep1,20ebfb52-e4b9-4c9e-839d-43d0755b2d0d,3895067,591,25945077500,25945103000,1781307218202-0
concurrency_n20_20260613_003304_redis_feed8_rep1,redis,sb:events:n20:feed8:rep1,55aff21f-5c1d-476e-853b-2b75b44ee60f,3895067,591,25946110600,25946169600,1781307218203-0
concurrency_n20_20260613_003304_redis_feed8_rep1,redis,sb:events:n20:feed8:rep1,7392ddeb-056c-4099-9ec9-6bd3f433a94d,3895086,591,25947073200,25947163800,1781307218205-0
concurrency_n20_20260613_003304_redis_feed8_rep1,redis,sb:events:n20:feed8:rep1,c38fbeec-9df9-4255-9284-cc8a89885445,3895086,591,25948344400,25948369200,1781307218207-0
concurrency_n20_20260613_003304_redis_feed8_rep1,redis,sb:events:n20:feed8:rep1,79abe03f-a1e7-4211-9dd9-13c47f0e3826,3895113,591,25950364100,25950385400,1781307218210-0
concurrency_n20_20260613_003304_redis_feed8_rep1,redis,sb:events:n20:feed8:rep1,23f7d010-216e-448e-bb0b-e44b94ed38fd,3895113,591,25968622600,25968674300,1781307218211-0
concurrency_n20_20260613_003304_redis_feed8_rep1,redis,sb:events:n20:feed8:rep1,3cbf1fef-6c02-4b30-97a6-cfa657fefa69,3895113,591,25969948900,25969993800,1781307218212-0
concurrency_n20_20260613_003304_redis_feed8_rep1,redis,sb:events:n20:feed8:rep1,62cb7654-87d6-49ca-b7e3-394c14e14586,3895095,592,25970960600,25971032800,1781307218213-0
concurrency_n20_20260613_003304_redis_feed8_rep1,redis,sb:events:n20:feed8:rep1,07489da0-ed25-4dec-9f71-e7d52d170d6f,3895074,592,25971822300,25971843800,1781307218214-0
concurrency_n20_20260613_003304_redis_feed8_rep1,redis,sb:events:n20:feed8:rep1,8f6ec563-4ae7-4d02-a80c-10edf465fc58,3895074,592,25974545200,25974574900,1781307218215-0
concurrency_n20_20260613_003304_redis_feed8_rep1,redis,sb:events:n20:feed8:rep1,bcd383cc-3f29-47fa-b423-a4f49b7ded62,3895060,592,25975450500,25975474900,1781307218233-0
concurrency_n20_20260613_003304_redis_feed8_rep1,redis,sb:events:n20:feed8:rep1,8837658b-2527-43e3-a879-61625227993a,3895121,592,25976544400,25976571900,1781307218235-0
concurrency_n20_20260613_003304_redis_feed8_rep1,redis,sb:events:n20:feed8:rep1,7102b045-f359-41ef-91a8-d13c6d9b3028,3895067,592,25977811400,25977894000,1781307218236-0
concurrency_n20_20260613_003304_redis_feed8_rep1,redis,sb:events:n20:feed8:rep1,1ccaafd0-5da8-4c30-9cd8-7090212b6c92,3895095,593,25978894800,25978919000,1781307218238-0
concurrency_n20_20260613_003304_redis_feed8_rep1,redis,sb:events:n20:feed8:rep1,24d3f73e-8b24-4a15-9099-4a3a7109a3b2,3895095,593,25983573200,25983597300,1781307218239-0
concurrency_n20_20260613_003304_redis_feed8_rep1,redis,sb:events:n20:feed8:rep1,b1cbbb36-ac6e-4c70-b238-98b51f3bbb7c,3895095,593,25984946900,25984972300,1781307218241-0
concurrency_n20_20260613_003304_redis_feed8_rep1,redis,sb:events:n20:feed8:rep1,57253780-463d-4baa-9322-b11a5b9ebc86,3895074,593,25986195700,25986222400,1781307218242-0
concurrency_n20_20260613_003304_redis_feed8_rep1,redis,sb:events:n20:feed8:rep1,97c68392-b18c-4eb6-b41a-02a291f7bdcd,3895060,593,25986942500,25987001200,1781307218243-0
concurrency_n20_20260613_003304_redis_feed8_rep1,redis,sb:events:n20:feed8:rep1,325b7350-d13b-4667-9ae2-08650699aee7,3895060,593,25987793600,25987811900,1781307218244-0
concurrency_n20_20260613_003304_redis_feed8_rep1,redis,sb:events:n20:feed8:rep1,1ee45a48-d32b-412a-a1b3-a4e08abe87ea,3895121,593,25988648100,25988669200,1781307218246-0
concurrency_n20_20260613_003304_redis_feed8_rep1,redis,sb:events:n20:feed8:rep1,c01d1018-8026-4e17-b3b9-4c78935ea6b8,3895121,593,25989860600,25989882700,1781307218247-0
concurrency_n20_20260613_003304_redis_feed8_rep1,redis,sb:events:n20:feed8:rep1,bbd763f4-fe80-4cea-9bf4-1b47e08d11d6,3895067,593,25991988700,25992033800,1781307218249-0
concurrency_n20_20260613_003304_redis_feed8_rep1,redis,sb:events:n20:feed8:rep1,aa6d638b-e544-42a0-9835-0ccf2a8b2009,3895067,593,25995517900,26002436300,1781307218251-0
concurrency_n20_20260613_003304_redis_feed8_rep1,redis,sb:events:n20:feed8:rep1,867833da-be58-4632-bf9d-10b4978f6b09,3895067,593,26016894700,26016922600,1781307218252-0
concurrency_n20_20260613_003304_redis_feed8_rep1,redis,sb:events:n20:feed8:rep1,869aae17-d932-4ee3-b96a-8b08c917626d,3895067,594,26018652400,26018708400,1781307218253-0
concurrency_n20_20260613_003304_redis_feed8_rep1,redis,sb:events:n20:feed8:rep1,7ef4fe71-8a42-4e25-8404-442b43c65cbe,3895086,594,26020774300,26020955300,1781307218255-0
concurrency_n20_20260613_003304_redis_feed8_rep1,redis,sb:events:n20:feed8:rep1,9609ad02-f511-4e04-a077-be41c9922920,3895052,594,26023875200,26023919500,1781307218256-0
concurrency_n20_20260613_003304_redis_feed8_rep1,redis,sb:events:n20:feed8:rep1,fc0dd055-9543-4007-a0bd-faaf427044b9,3895113,594,26027606800,26027663600,1781307218258-0
concurrency_n20_20260613_003304_redis_feed8_rep1,redis,sb:events:n20:feed8:rep1,78d5565d-e7bd-4df3-8894-f8b4be813d9f,3895095,595,26028963900,26028992200,1781307218281-0
concurrency_n20_20260613_003304_redis_feed8_rep1,redis,sb:events:n20:feed8:rep1,70a15b69-d176-48c0-aaf5-32ecf171eb90,3895095,595,26030096600,26030142500,1781307218284-0
concurrency_n20_20260613_003304_redis_feed8_rep1,redis,sb:events:n20:feed8:rep1,92df5b4c-9c50-41fc-a2db-03910550d1cd,3895095,595,26030920400,26030940500,1781307218288-0
concurrency_n20_20260613_003304_redis_feed8_rep1,redis,sb:events:n20:feed8:rep1,c64c07f4-7b41-417b-a342-f8e693d9ff62,3895060,595,26031732700,26031752100,1781307218290-0
concurrency_n20_20260613_003304_redis_feed8_rep1,redis,sb:events:n20:feed8:rep1,3e671347-5500-4b12-9ded-efff1b8e899a,3895067,595,26033387500,26033420300,1781307218291-0
concurrency_n20_20260613_003304_redis_feed8_rep1,redis,sb:events:n20:feed8:rep1,7b751184-997d-404d-9060-41ff2e453407,3895067,595,26036980800,26037003200,1781307218296-0
concurrency_n20_20260613_003304_redis_feed8_rep1,redis,sb:events:n20:feed8:rep1,a850c678-e21a-4e6f-90c9-a51e6a8fd8cb,3895067,595,26037888800,26037911200,1781307218297-0
concurrency_n20_20260613_003304_redis_feed8_rep1,redis,sb:events:n20:feed8:rep1,82e91245-e35c-4e7a-9b9f-36567f4fb53e,3895067,595,26038788500,26038810100,1781307218298-0
concurrency_n20_20260613_003304_redis_feed8_rep1,redis,sb:events:n20:feed8:rep1,39456ea0-0b80-4c31-8130-70e6d5bbfe2b,3895052,595,26040629300,26040717000,1781307218300-0
concurrency_n20_20260613_003304_redis_feed8_rep1,redis,sb:events:n20:feed8:rep1,5e65a51e-1c00-48d0-ab7c-e4f6ea8d6c57,3895052,595,26046339700,26046368900,1781307218301-0
concurrency_n20_20260613_003304_redis_feed8_rep1,redis,sb:events:n20:feed8:rep1,60e98bd7-d72c-422f-95ef-9ade285cbf36,3895113,595,26048269300,26048359900,1781307218302-0
concurrency_n20_20260613_003304_redis_feed8_rep1,redis,sb:events:n20:feed8:rep1,68f25357-617f-432d-a774-4e511ea8b43c,3895113,595,26049504500,26049526300,1781307218303-0
concurrency_n20_20260613_003304_redis_feed8_rep1,redis,sb:events:n20:feed8:rep1,e66736e2-0e2b-4dd0-893c-11cb9911c93d,3895074,596,26050668200,26050709500,1781307218305-0
concurrency_n20_20260613_003304_redis_feed8_rep1,redis,sb:events:n20:feed8:rep1,a4de3a21-86e4-4464-8f73-6f99aac1a914,3895074,596,26052755300,26052780000,1781307218310-0
concurrency_n20_20260613_003304_redis_feed8_rep1,redis,sb:events:n20:feed8:rep1,a56ebc2b-d6e5-4ddf-b7a2-fd73a17a7b67,3895121,596,26057349200,26057383000,1781307218312-0
concurrency_n20_20260613_003304_redis_feed8_rep1,redis,sb:events:n20:feed8:rep1,025d0917-460a-43d5-9551-4c7417149147,3895086,596,26058706000,26058731700,1781307218314-0
concurrency_n20_20260613_003304_redis_feed8_rep1,redis,sb:events:n20:feed8:rep1,dabafd5b-e47f-44e9-9371-4e45b7a854c0,3895086,596,26068105500,26068155800,1781307218315-0
concurrency_n20_20260613_003304_redis_feed8_rep1,redis,sb:events:n20:feed8:rep1,a099715a-3c28-437f-8708-fe3330203256,3895052,596,26069442000,26069468900,1781307218316-0
concurrency_n20_20260613_003304_redis_feed8_rep1,redis,sb:events:n20:feed8:rep1,4ad2e00f-8f8e-4c16-aaaf-4d389988550f,3895113,596,26070615100,26070708000,1781307218317-0
concurrency_n20_20260613_003304_redis_feed8_rep1,redis,sb:events:n20:feed8:rep1,429965c2-860d-4f12-8b2a-bb2604711b1b,3895113,596,26076314700,26076416600,1781307218319-0
concurrency_n20_20260613_003304_redis_feed8_rep1,redis,sb:events:n20:feed8:rep1,6d992ac7-8092-4c3d-9938-ee63ec251fb9,3895113,596,26077594100,26077645600,1781307218323-0
concurrency_n20_20260613_003304_redis_feed8_rep1,redis,sb:events:n20:feed8:rep1,d8d93327-120a-4a11-adf6-2be67f0cbf9f,3895095,597,26078565600,26078585900,1781307218324-0
concurrency_n20_20260613_003304_redis_feed8_rep1,redis,sb:events:n20:feed8:rep1,afdd469f-31ed-4c14-9509-0a869670a319,3895107,597,26079505600,26079527000,1781307218336-0
concurrency_n20_20260613_003304_redis_feed8_rep1,redis,sb:events:n20:feed8:rep1,15ff84f8-5411-4f4c-b403-410a9a87844b,3895121,597,26080475200,26080494200,1781307218337-0
concurrency_n20_20260613_003304_redis_feed8_rep1,redis,sb:events:n20:feed8:rep1,a2d459f5-b2f5-4230-980f-428882780ad7,3895121,597,26083099500,26083119300,1781307218339-0
concurrency_n20_20260613_003304_redis_feed8_rep1,redis,sb:events:n20:feed8:rep1,3d29d282-4708-4cc5-a441-c2937ee305ba,3895052,597,26083952300,26083974000,1781307218343-0
concurrency_n20_20260613_003304_redis_feed8_rep1,redis,sb:events:n20:feed8:rep1,1eb502e7-3f05-417a-b7f7-b12b64e0f817,3895052,597,26084916400,26084940700,1781307218344-0
concurrency_n20_20260613_003304_redis_feed8_rep1,redis,sb:events:n20:feed8:rep1,0b6b240e-8dcb-4b7c-9568-ff6f91c58520,3895113,597,26088647700,26088767300,1781307218345-0
concurrency_n20_20260613_003304_redis_feed8_rep1,redis,sb:events:n20:feed8:rep1,16689d72-9e0b-49be-a374-2a6e85cc790f,3895074,598,26091401400,26091503400,1781307218347-0
concurrency_n20_20260613_003304_redis_feed8_rep1,redis,sb:events:n20:feed8:rep1,0194222a-31c9-49eb-b56f-eb5ae999d927,3895107,598,26094737700,26094763600,1781307218348-0
concurrency_n20_20260613_003304_redis_feed8_rep1,redis,sb:events:n20:feed8:rep1,3448dd12-e7c1-449a-b8b7-89a9efda9a6a,3895107,598,26095655800,26095682700,1781307218349-0
concurrency_n20_20260613_003304_redis_feed8_rep1,redis,sb:events:n20:feed8:rep1,70706640-fa1a-4f13-948a-d6f359a8b7ce,3895121,598,26096320300,26096344600,1781307218351-0
concurrency_n20_20260613_003304_redis_feed8_rep1,redis,sb:events:n20:feed8:rep1,d3b7b07f-fc87-4ca9-bed4-8747b5edd352,3895086,598,26098385200,26098417200,1781307218354-0
concurrency_n20_20260613_003304_redis_feed8_rep1,redis,sb:events:n20:feed8:rep1,992e40c4-184e-406f-8648-916d30f2af24,3895052,598,26099600600,26099633000,1781307218357-0
concurrency_n20_20260613_003304_redis_feed8_rep1,redis,sb:events:n20:feed8:rep1,e8bd7331-c826-415a-bf93-83626ea5b567,3895113,598,26103912700,26103938600,1781307218359-0
concurrency_n20_20260613_003304_redis_feed8_rep1,redis,sb:events:n20:feed8:rep1,fd5697d4-df0f-4481-83a4-2ba2c0b3ed81,3895113,598,26105578100,26105609800,1781307218360-0
concurrency_n20_20260613_003304_redis_feed8_rep1,redis,sb:events:n20:feed8:rep1,a98d1db4-a554-4290-9887-5f1ac16a5651,3895113,598,26106946400,26106977500,1781307218364-0
concurrency_n20_20260613_003304_redis_feed8_rep1,redis,sb:events:n20:feed8:rep1,6fa0d1e8-ab63-47b8-87a7-93516a9f4975,3895095,599,26108744100,26108775800,1781307218366-0
concurrency_n20_20260613_003304_redis_feed8_rep1,redis,sb:events:n20:feed8:rep1,297487ce-1887-48df-adec-dfec5e677300,3895095,599,26111342900,26111376000,1781307218370-0
concurrency_n20_20260613_003304_redis_feed8_rep1,redis,sb:events:n20:feed8:rep1,5ec47445-daf6-48e4-a036-c1513f14005a,3895095,599,26112272700,26112654200,1781307218371-0
concurrency_n20_20260613_003304_redis_feed8_rep1,redis,sb:events:n20:feed8:rep1,77e80273-6376-47e3-a9ce-66412fcf1a24,3895074,599,26115193700,26115231200,1781307218373-0
concurrency_n20_20260613_003304_redis_feed8_rep1,redis,sb:events:n20:feed8:rep1,1505872e-3190-4b41-9eaa-3ca2bc93c056,3895074,599,26116766300,26116793500,1781307218375-0
concurrency_n20_20260613_003304_redis_feed8_rep1,redis,sb:events:n20:feed8:rep1,bdb8df01-2865-4796-a69f-b15d47e177eb,3895060,599,26119804400,26119828100,1781307218376-0
concurrency_n20_20260613_003304_redis_feed8_rep1,redis,sb:events:n20:feed8:rep1,bd65e731-6511-4ac1-a903-2e4dccf2b761,3895060,599,26120845000,26120869700,1781307218377-0
concurrency_n20_20260613_003304_redis_feed8_rep1,redis,sb:events:n20:feed8:rep1,832c2cb9-d99f-4222-8483-a7ba2d897559,3895121,599,26121780600,26121800000,1781307218378-0
concurrency_n20_20260613_003304_redis_feed8_rep1,redis,sb:events:n20:feed8:rep1,dab46250-a6a1-4d9f-92a8-11d6890e79d2,3895121,599,26122834000,26122955200,1781307218380-0
concurrency_n20_20260613_003304_redis_feed8_rep1,redis,sb:events:n20:feed8:rep1,520a7584-038a-4311-9040-51792b1b9d82,3895052,599,26123649500,26123728100,1781307218383-0
concurrency_n20_20260613_003304_redis_feed8_rep1,redis,sb:events:n20:feed8:rep1,dc8e1918-234f-4fea-8aa0-0111b971bf68,3895052,599,26125680900,26125702600,1781307218385-0
concurrency_n20_20260613_003304_redis_feed8_rep1,redis,sb:events:n20:feed8:rep1,453274d2-fbc7-45a5-85be-8224ecf4e430,3895113,599,26127324800,26127385400,1781307218386-0
concurrency_n20_20260613_003304_redis_feed8_rep1,redis,sb:events:n20:feed8:rep1,3656789d-4b9c-4b5a-9ec1-167bf77a76d6,3895113,599,26128236300,26128264300,1781307218387-0
concurrency_n20_20260613_003304_redis_feed8_rep1,redis,sb:events:n20:feed8:rep1,0e7386cb-f8ce-4dfe-b10c-1ea03beca223,3895095,600,26129172700,26129204800,1781307218388-0
concurrency_n20_20260613_003304_redis_feed8_rep1,redis,sb:events:n20:feed8:rep1,6f7d1385-e675-483e-a3eb-cf10ad5faa3a,3895095,600,26130760000,26130789200,1781307218389-0
concurrency_n20_20260613_003304_redis_feed8_rep1,redis,sb:events:n20:feed8:rep1,40d45191-8f2d-4197-a519-bb3093a56c47,3895074,600,26133022200,26133089500,1781307218390-0
concurrency_n20_20260613_003304_redis_feed8_rep1,redis,sb:events:n20:feed8:rep1,29fd27aa-51df-41ac-b3a0-d03fa518ae38,3895060,600,26135973800,26135997600,1781307218392-0
concurrency_n20_20260613_003304_redis_feed8_rep1,redis,sb:events:n20:feed8:rep1,0e0310aa-0552-48ad-9e97-591e122c78b9,3895067,600,26137241500,26137270600,1781307218394-0
concurrency_n20_20260613_003304_redis_feed8_rep1,redis,sb:events:n20:feed8:rep1,29a0bfad-41ae-4241-99f8-2cd38849736a,3895086,600,26138250400,26138276900,1781307218396-0
concurrency_n20_20260613_003304_redis_feed8_rep1,redis,sb:events:n20:feed8:rep1,6594127e-6701-4f06-a373-1e6e8a4518b9,3895086,600,26139059700,26139075900,1781307218399-0
