run_id,backend,stream,event_id,match_id,t_sim_seconds,t_emit_offset_s,t_prod_sched_ns,t_prod_send_ns,t_broker_ack_ns,redis_id
s2sf12j2_redis_rep2_20260611_223851,redis,s2sf12j2_redis_rep2_20260611_223851,ea1e6876-4179-4750-8231-55c3d6ec8001,3895113,0,-1.4613541829775407,770138149,784492000,804233500,1781213935134-0
s2sf12j2_redis_rep2_20260611_223851,redis,s2sf12j2_redis_rep2_20260611_223851,7eb000ee-2ef0-462a-bd57-e4320f459c68,3895067,0,-1.3900987884383924,770731944,804469400,804952900,1781213935135-0
s2sf12j2_redis_rep2_20260611_223851,redis,s2sf12j2_redis_rep2_20260611_223851,84fbca7e-c79e-4f67-8026-4c9578366292,3895107,0,-0.989115412351636,774073472,805072800,805639500,1781213935136-0
s2sf12j2_redis_rep2_20260611_223851,redis,s2sf12j2_redis_rep2_20260611_223851,69bb4fa7-f177-49a8-9b19-7c01cd9d9a9c,3895052,0,-0.955765297937964,774351390,805746500,806278400,1781213935136-1
s2sf12j2_redis_rep2_20260611_223851,redis,s2sf12j2_redis_rep2_20260611_223851,7f498384-e379-41b8-bdd2-8bf16412e8cc,3895134,0,-0.6081867526392397,777247878,806376600,806884500,1781213935137-0
s2sf12j2_redis_rep2_20260611_223851,redis,s2sf12j2_redis_rep2_20260611_223851,6c9ebdf9-117f-4a31-8b52-ebcf3c35d0c6,3895086,0,-0.3363955376959393,779512804,807061600,807681000,1781213935138-0
s2sf12j2_redis_rep2_20260611_223851,redis,s2sf12j2_redis_rep2_20260611_223851,16d29511-a5c7-4a18-a4b4-d40571e69bd4,3895121,0,-0.31158692523486,779719543,807801900,808341100,1781213935138-1
s2sf12j2_redis_rep2_20260611_223851,redis,s2sf12j2_redis_rep2_20260611_223851,664c81bb-315d-4de4-86d5-f326eebf0684,3895074,0,0.4644201119859548,786186267,808469600,808949800,1781213935139-0
s2sf12j2_redis_rep2_20260611_223851,redis,s2sf12j2_redis_rep2_20260611_223851,9103cd62-6a36-40c6-9f80-ab1f6d258133,3895095,0,0.8920991910897675,789750259,809057700,809555200,1781213935140-0
s2sf12j2_redis_rep2_20260611_223851,redis,s2sf12j2_redis_rep2_20260611_223851,207c41be-4905-457d-af38-e356b67981de,3895060,0,1.7493693950198934,796894178,809707100,810230900,1781213935140-1
s2sf12j2_redis_rep2_20260611_223851,redis,s2sf12j2_redis_rep2_20260611_223851,a88295ad-33e8-4427-872c-eba006d8a0ef,3895113,0,-1.4613541829775407,770138149,810346000,810904600,1781213935141-0
s2sf12j2_redis_rep2_20260611_223851,redis,s2sf12j2_redis_rep2_20260611_223851,d593adb3-8980-46f6-b384-4a91f4ec01ba,3895067,0,-1.3900987884383924,770731944,811000100,811680900,1781213935142-0
s2sf12j2_redis_rep2_20260611_223851,redis,s2sf12j2_redis_rep2_20260611_223851,b4bd630b-4e82-4f31-8947-17beb238dc5a,3895107,0,-0.989115412351636,774073472,811948200,812739100,1781213935143-0
s2sf12j2_redis_rep2_20260611_223851,redis,s2sf12j2_redis_rep2_20260611_223851,9790a466-9c56-42aa-96aa-a9ad1a6f8811,3895052,0,-0.955765297937964,774351390,813033900,814027500,1781213935144-0
s2sf12j2_redis_rep2_20260611_223851,redis,s2sf12j2_redis_rep2_20260611_223851,4af6d17a-69ad-4bca-aece-f3be76c10138,3895134,0,-0.6081867526392397,777247878,814209400,814781400,1781213935145-0
s2sf12j2_redis_rep2_20260611_223851,redis,s2sf12j2_redis_rep2_20260611_223851,6755b1ac-4f37-4c35-b1ef-181d68375e7d,3895086,0,-0.3363955376959393,779512804,814909400,815739200,1781213935146-0
s2sf12j2_redis_rep2_20260611_223851,redis,s2sf12j2_redis_rep2_20260611_223851,27cf4ae2-0319-4fc6-9ace-9f960bb0e4e6,3895121,0,-0.31158692523486,779719543,815860600,816406000,1781213935147-0
s2sf12j2_redis_rep2_20260611_223851,redis,s2sf12j2_redis_rep2_20260611_223851,3dd463f6-b445-407d-8120-bf6aeab35526,3895074,0,0.4644201119859548,786186267,816535100,817028000,1781213935147-1
s2sf12j2_redis_rep2_20260611_223851,redis,s2sf12j2_redis_rep2_20260611_223851,73376ffb-3f9f-4570-9b3e-c51d44315ef3,3895095,0,0.8920991910897675,789750259,817129800,817715200,1781213935148-0
s2sf12j2_redis_rep2_20260611_223851,redis,s2sf12j2_redis_rep2_20260611_223851,fefef503-f3cc-4d41-9b3f-9ddc57b6a93b,3895060,0,1.7493693950198934,796894178,817805800,818262900,1781213935148-1
s2sf12j2_redis_rep2_20260611_223851,redis,s2sf12j2_redis_rep2_20260611_223851,6d6ab3f4-8136-407c-a92f-3f8a6549abdd,3895113,0,-1.4613541829775407,770138149,818363000,818811700,1781213935149-0
s2sf12j2_redis_rep2_20260611_223851,redis,s2sf12j2_redis_rep2_20260611_223851,a40403c7-74d7-45e6-ba91-5ebd6c313d8e,3895067,0,-1.3900987884383924,770731944,818897400,819454500,1781213935150-0
s2sf12j2_redis_rep2_20260611_223851,redis,s2sf12j2_redis_rep2_20260611_223851,6810c39c-8726-412f-b831-62dfec867465,3895107,0,-0.989115412351636,774073472,819543200,820180800,1781213935150-1
s2sf12j2_redis_rep2_20260611_223851,redis,s2sf12j2_redis_rep2_20260611_223851,c6762724-3ad0-4ed1-b232-7f32ac192ec6,3895052,0,-0.955765297937964,774351390,820329300,820893800,1781213935151-0
s2sf12j2_redis_rep2_20260611_223851,redis,s2sf12j2_redis_rep2_20260611_223851,a281da9d-e3f4-43f1-ac2e-f46bbd04fed0,3895134,0,-0.6081867526392397,777247878,820983200,821432900,1781213935152-0
s2sf12j2_redis_rep2_20260611_223851,redis,s2sf12j2_redis_rep2_20260611_223851,8b3af8ba-e26c-40b0-8278-c3e4c7a925f8,3895086,0,-0.3363955376959393,779512804,821589400,822141600,1781213935152-1
s2sf12j2_redis_rep2_20260611_223851,redis,s2sf12j2_redis_rep2_20260611_223851,92e52894-484a-48de-8051-469ea23d6aaa,3895121,0,-0.31158692523486,779719543,822289100,822915400,1781213935153-0
s2sf12j2_redis_rep2_20260611_223851,redis,s2sf12j2_redis_rep2_20260611_223851,77f9b3e5-e0e4-4032-8228-089aa0dd578b,3895074,0,0.4644201119859548,786186267,823045300,823653400,1781213935154-0
s2sf12j2_redis_rep2_20260611_223851,redis,s2sf12j2_redis_rep2_20260611_223851,52a1e2ea-5b27-4cb1-9204-865583191956,3895095,0,0.8920991910897675,789750259,823813800,824327000,1781213935154-1
s2sf12j2_redis_rep2_20260611_223851,redis,s2sf12j2_redis_rep2_20260611_223851,2f46ad65-50a4-4834-9bd9-86a61f034234,3895060,0,1.7493693950198934,796894178,824436300,824930400,1781213935155-0
s2sf12j2_redis_rep2_20260611_223851,redis,s2sf12j2_redis_rep2_20260611_223851,51a7253e-31ed-49f5-9494-f5ab0d2ee039,3895113,0,-1.4613541829775407,770138149,825030000,825470400,1781213935156-0
s2sf12j2_redis_rep2_20260611_223851,redis,s2sf12j2_redis_rep2_20260611_223851,fae27a68-42f4-44cf-8fc0-8d4126407ae3,3895067,0,-1.3900987884383924,770731944,825568400,826024300,1781213935156-1
s2sf12j2_redis_rep2_20260611_223851,redis,s2sf12j2_redis_rep2_20260611_223851,a549d56e-c626-419f-9244-ad813ec8e559,3895107,0,-0.989115412351636,774073472,826113400,826617100,1781213935157-0
s2sf12j2_redis_rep2_20260611_223851,redis,s2sf12j2_redis_rep2_20260611_223851,ba22283a-c920-448c-804e-3737cccd9fff,3895052,0,-0.955765297937964,774351390,826739000,827423200,1781213935157-1
s2sf12j2_redis_rep2_20260611_223851,redis,s2sf12j2_redis_rep2_20260611_223851,6d5e4ad7-9dd8-428b-97f9-5eee0ee14c17,3895134,0,-0.6081867526392397,777247878,827588200,828147500,1781213935158-0
s2sf12j2_redis_rep2_20260611_223851,redis,s2sf12j2_redis_rep2_20260611_223851,b795eae8-ba56-4343-8662-92a8da669bc5,3895086,0,-0.3363955376959393,779512804,828255600,828779100,1781213935159-0
s2sf12j2_redis_rep2_20260611_223851,redis,s2sf12j2_redis_rep2_20260611_223851,d16c061b-99fe-4266-ad73-d7f9c73482b0,3895121,0,-0.31158692523486,779719543,828882400,829380300,1781213935160-0
s2sf12j2_redis_rep2_20260611_223851,redis,s2sf12j2_redis_rep2_20260611_223851,e627413d-5de5-402a-9bb3-90c4cd3b65ec,3895074,0,0.4644201119859548,786186267,829489800,830097000,1781213935160-1
s2sf12j2_redis_rep2_20260611_223851,redis,s2sf12j2_redis_rep2_20260611_223851,a7102458-910f-4583-b653-e3165351e124,3895095,0,0.8920991910897675,789750259,830230200,830724100,1781213935161-0
s2sf12j2_redis_rep2_20260611_223851,redis,s2sf12j2_redis_rep2_20260611_223851,3b3a42a2-e2a1-49f8-9b77-5ec638303a06,3895060,0,1.7493693950198934,796894178,830814300,831325400,1781213935161-1
s2sf12j2_redis_rep2_20260611_223851,redis,s2sf12j2_redis_rep2_20260611_223851,ac5aac4c-5a0e-44c2-97ca-ec38bdb05917,3895113,0,-1.4613541829775407,770138149,831412600,831960100,1781213935162-0
s2sf12j2_redis_rep2_20260611_223851,redis,s2sf12j2_redis_rep2_20260611_223851,ad010a23-88fe-43af-8b5c-8cd1772842ac,3895067,0,-1.3900987884383924,770731944,832045600,832534200,1781213935163-0
s2sf12j2_redis_rep2_20260611_223851,redis,s2sf12j2_redis_rep2_20260611_223851,cc3b6a56-e194-4ce6-901d-a4f84177e81b,3895107,0,-0.989115412351636,774073472,832616100,833167000,1781213935163-1
s2sf12j2_redis_rep2_20260611_223851,redis,s2sf12j2_redis_rep2_20260611_223851,9a50295b-7f7a-449c-9ef3-87e60467e8e1,3895052,0,-0.955765297937964,774351390,833279400,833843600,1781213935164-0
s2sf12j2_redis_rep2_20260611_223851,redis,s2sf12j2_redis_rep2_20260611_223851,1bed9ec9-1af9-4570-a620-8aab3469a6dd,3895134,0,-0.6081867526392397,777247878,833938200,834411100,1781213935165-0
s2sf12j2_redis_rep2_20260611_223851,redis,s2sf12j2_redis_rep2_20260611_223851,3aee3cdf-be11-4ee6-b4bb-828cb4edbe36,3895086,0,-0.3363955376959393,779512804,834496600,835043400,1781213935165-1
s2sf12j2_redis_rep2_20260611_223851,redis,s2sf12j2_redis_rep2_20260611_223851,1cdd596e-bf1f-4096-848a-a2a5db4fd313,3895121,0,-0.31158692523486,779719543,835126800,835578100,1781213935166-0
s2sf12j2_redis_rep2_20260611_223851,redis,s2sf12j2_redis_rep2_20260611_223851,16252ec8-ab09-4119-bcf6-7fd6524f9128,3895074,0,0.4644201119859548,786186267,835664100,836181600,1781213935166-1
s2sf12j2_redis_rep2_20260611_223851,redis,s2sf12j2_redis_rep2_20260611_223851,4a13ba2d-59ad-43d3-b567-6aee81422367,3895095,0,0.8920991910897675,789750259,836259900,836811100,1781213935167-0
s2sf12j2_redis_rep2_20260611_223851,redis,s2sf12j2_redis_rep2_20260611_223851,69bdfb9b-ba46-41c8-814a-98f0a43c6501,3895060,0,1.7493693950198934,796894178,836890900,837348100,1781213935168-0
s2sf12j2_redis_rep2_20260611_223851,redis,s2sf12j2_redis_rep2_20260611_223851,e03021cc-80c5-4ac6-909e-903dca845ee3,3895107,0,-0.989115412351636,774073472,837460800,838012400,1781213935168-1
s2sf12j2_redis_rep2_20260611_223851,redis,s2sf12j2_redis_rep2_20260611_223851,f3dfb8ef-6678-493f-bbce-99f9678b7f75,3895107,0,-0.989115412351636,774073472,838123700,838833100,1781213935169-0
s2sf12j2_redis_rep2_20260611_223851,redis,s2sf12j2_redis_rep2_20260611_223851,17c0df03-219a-4603-befe-8cd2f58d6d47,3895052,1,-0.8724319646046307,775045834,838929600,839728500,1781213935170-0
s2sf12j2_redis_rep2_20260611_223851,redis,s2sf12j2_redis_rep2_20260611_223851,b306ec30-5755-4017-861a-670617955a41,3895074,1,0.5477534453192882,786880712,839827300,840401400,1781213935171-0
s2sf12j2_redis_rep2_20260611_223851,redis,s2sf12j2_redis_rep2_20260611_223851,6c4c62f2-7d95-4094-a714-50c0161ee2e6,3895052,1,-0.8724319646046307,775045834,840506000,840990600,1781213935171-1
s2sf12j2_redis_rep2_20260611_223851,redis,s2sf12j2_redis_rep2_20260611_223851,2b7eff06-8d56-4f2c-bab1-076d4077ed10,3895074,1,0.5477534453192882,786880712,841107400,841603900,1781213935172-0
s2sf12j2_redis_rep2_20260611_223851,redis,s2sf12j2_redis_rep2_20260611_223851,8d4e66c1-7ddb-4e75-b89f-bdb0592be264,3895107,1,-0.9057820790183024,774767917,841697800,842233600,1781213935172-1
s2sf12j2_redis_rep2_20260611_223851,redis,s2sf12j2_redis_rep2_20260611_223851,d54cc444-c9f7-4e31-820a-28e0ad5d8ec4,3895113,2,-1.294687516310874,771527038,842351500,843020500,1781213935173-0
s2sf12j2_redis_rep2_20260611_223851,redis,s2sf12j2_redis_rep2_20260611_223851,0e2c9eac-6504-4dae-9939-5f2920e7102d,3895067,2,-1.2234321217717257,772120833,843202500,843734900,1781213935174-0
s2sf12j2_redis_rep2_20260611_223851,redis,s2sf12j2_redis_rep2_20260611_223851,50dad646-a7c1-450b-8a63-2e2fd90b3cd1,3895134,2,-0.4415200859725731,778636766,843836500,844345700,1781213935174-1
s2sf12j2_redis_rep2_20260611_223851,redis,s2sf12j2_redis_rep2_20260611_223851,40f9b6ab-32ab-47e8-8b92-9b97e90d4c4f,3895086,2,-0.1697288710292726,780901693,844467300,844991100,1781213935175-0
s2sf12j2_redis_rep2_20260611_223851,redis,s2sf12j2_redis_rep2_20260611_223851,f8442e6f-3919-46bc-848a-5f545627cf82,3895121,2,-0.1449202585681933,781108432,845075100,845504600,1781213935176-0
s2sf12j2_redis_rep2_20260611_223851,redis,s2sf12j2_redis_rep2_20260611_223851,f69d0d63-6ad0-41ea-bcec-f1b86b886a83,3895095,2,1.0587658577564345,791139148,845597600,846113800,1781213935176-1
s2sf12j2_redis_rep2_20260611_223851,redis,s2sf12j2_redis_rep2_20260611_223851,ceaa47dd-e3bf-4016-ade0-ed3d54afe971,3895060,2,1.91603606168656,798283067,846198700,846750500,1781213935177-0
s2sf12j2_redis_rep2_20260611_223851,redis,s2sf12j2_redis_rep2_20260611_223851,eb3fde27-a34b-42be-b262-d329e138fff2,3895113,2,-1.294687516310874,771527038,846844300,847319500,1781213935178-0
s2sf12j2_redis_rep2_20260611_223851,redis,s2sf12j2_redis_rep2_20260611_223851,c04183cf-75d8-42b0-91fd-4a026dba10b4,3895067,2,-1.2234321217717257,772120833,847403400,847906500,1781213935178-1
s2sf12j2_redis_rep2_20260611_223851,redis,s2sf12j2_redis_rep2_20260611_223851,b293256b-d885-4135-98ca-8ecf12f9e5a6,3895134,2,-0.4415200859725731,778636766,848046500,848847400,1781213935179-0
s2sf12j2_redis_rep2_20260611_223851,redis,s2sf12j2_redis_rep2_20260611_223851,55321383-ae1f-407e-8f20-2524fd16d04a,3895086,2,-0.1697288710292726,780901693,848952700,849513400,1781213935180-0
s2sf12j2_redis_rep2_20260611_223851,redis,s2sf12j2_redis_rep2_20260611_223851,f296523f-5c17-4d25-8371-f7142523a057,3895121,2,-0.1449202585681933,781108432,849603400,850265500,1781213935180-1
s2sf12j2_redis_rep2_20260611_223851,redis,s2sf12j2_redis_rep2_20260611_223851,285e8e4a-7c84-4ca1-9688-d8b56d623cc2,3895095,2,1.0587658577564345,791139148,850362200,850925500,1781213935181-0
s2sf12j2_redis_rep2_20260611_223851,redis,s2sf12j2_redis_rep2_20260611_223851,70432a35-52ff-429b-8a11-c47bba8fab19,3895060,2,1.91603606168656,798283067,851022800,851521700,1781213935182-0
s2sf12j2_redis_rep2_20260611_223851,redis,s2sf12j2_redis_rep2_20260611_223851,6acfcb07-7343-4821-aa28-a91f66140043,3895134,2,-0.4415200859725731,778636766,851608500,852155200,1781213935182-1
s2sf12j2_redis_rep2_20260611_223851,redis,s2sf12j2_redis_rep2_20260611_223851,d6b118e9-dee4-4f3a-9046-2a086e85ca6b,3895074,2,0.6310867786526214,787575156,852237200,852687900,1781213935183-0
s2sf12j2_redis_rep2_20260611_223851,redis,s2sf12j2_redis_rep2_20260611_223851,080124d4-8c99-46a5-aaf3-9a935ccd1248,3895107,2,-0.8224487456849693,775462361,852768600,853248500,1781213935183-1
s2sf12j2_redis_rep2_20260611_223851,redis,s2sf12j2_redis_rep2_20260611_223851,f9a9b240-dc0d-49e8-b72a-ec081b4c2bf3,3895107,2,-0.8224487456849693,775462361,853329900,853819200,1781213935184-0
s2sf12j2_redis_rep2_20260611_223851,redis,s2sf12j2_redis_rep2_20260611_223851,e5f7cd6e-b6e9-4538-96f5-380ee1534325,3895107,2,-0.8224487456849693,775462361,853899800,854407300,1781213935185-0
s2sf12j2_redis_rep2_20260611_223851,redis,s2sf12j2_redis_rep2_20260611_223851,15bf07b2-c5b7-4074-8693-1d9e4a5b7153,3895052,3,-0.705765297937964,776434723,854488200,855039800,1781213935185-1
s2sf12j2_redis_rep2_20260611_223851,redis,s2sf12j2_redis_rep2_20260611_223851,28f3d343-a6db-4854-bae5-f3390857e90c,3895086,3,-0.0863955376959393,781596138,855119100,855582800,1781213935186-0
s2sf12j2_redis_rep2_20260611_223851,redis,s2sf12j2_redis_rep2_20260611_223851,c5fa6ce0-df8d-42a2-8bdd-601d167d5ec1,3895121,3,-0.0615869252348599,781802876,855666300,856214200,1781213935186-1
s2sf12j2_redis_rep2_20260611_223851,redis,s2sf12j2_redis_rep2_20260611_223851,494d25f1-83d3-4375-aa5c-29dfd26dfebd,3895095,3,1.1420991910897675,791833593,856293700,856987100,1781213935187-0
s2sf12j2_redis_rep2_20260611_223851,redis,s2sf12j2_redis_rep2_20260611_223851,748f1afc-2300-4252-bc9b-f161b5e7c6ef,3895060,3,1.9993693950198932,798977511,857132000,857790100,1781213935188-0
s2sf12j2_redis_rep2_20260611_223851,redis,s2sf12j2_redis_rep2_20260611_223851,3c689040-9b59-4fad-8456-48b2ec8a2058,3895052,3,-0.705765297937964,776434723,857874400,858507700,1781213935189-0
s2sf12j2_redis_rep2_20260611_223851,redis,s2sf12j2_redis_rep2_20260611_223851,c5dd24ba-9256-48e3-b852-121bc71914e3,3895107,3,-0.7391154123516359,776156805,858691900,859451700,1781213935189-1
s2sf12j2_redis_rep2_20260611_223851,redis,s2sf12j2_redis_rep2_20260611_223851,3114849f-6506-405c-bb4d-71ba30905d5e,3895107,3,-0.7391154123516359,776156805,859642700,860212500,1781213935190-0
s2sf12j2_redis_rep2_20260611_223851,redis,s2sf12j2_redis_rep2_20260611_223851,042f1fd2-3cd4-439a-97c4-9275f435f098,3895113,4,-1.1280208496442077,772915927,860330200,860825000,1781213935191-0
s2sf12j2_redis_rep2_20260611_223851,redis,s2sf12j2_redis_rep2_20260611_223851,0195cc34-10dc-41e9-ada9-e853f9c16f02,3895134,4,-0.2748534193059064,780025655,861088400,861586200,1781213935192-0
s2sf12j2_redis_rep2_20260611_223851,redis,s2sf12j2_redis_rep2_20260611_223851,4f14f36d-c3c1-45d5-9c94-a65f9489d40f,3895074,4,0.797753445319288,788964045,862264100,862804500,1781213935193-0
s2sf12j2_redis_rep2_20260611_223851,redis,s2sf12j2_redis_rep2_20260611_223851,980abd18-b5d2-49cd-b110-7f534fd23dfc,3895095,4,1.2254325244231008,792528037,862941300,863479500,1781213935194-0
s2sf12j2_redis_rep2_20260611_223851,redis,s2sf12j2_redis_rep2_20260611_223851,88661240-834a-430d-8629-b37b64dbcddc,3895052,4,-0.6224319646046308,777129167,863586200,864073700,1781213935194-1
s2sf12j2_redis_rep2_20260611_223851,redis,s2sf12j2_redis_rep2_20260611_223851,5342ea84-0732-454a-9551-8bc9fbe70d05,3895134,4,-0.2748534193059064,780025655,864158700,864663800,1781213935195-0
s2sf12j2_redis_rep2_20260611_223851,redis,s2sf12j2_redis_rep2_20260611_223851,2256b8d2-0b23-4080-9849-1553d0135c73,3895074,4,0.797753445319288,788964045,864759100,865244600,1781213935195-1
s2sf12j2_redis_rep2_20260611_223851,redis,s2sf12j2_redis_rep2_20260611_223851,df085776-1a71-4f2d-9b9a-d385914ac874,3895095,4,1.2254325244231008,792528037,865324900,865723700,1781213935196-0
s2sf12j2_redis_rep2_20260611_223851,redis,s2sf12j2_redis_rep2_20260611_223851,b8c2ef59-5a72-4382-8d37-ef532f1ba623,3895107,4,-0.6557820790183027,776851250,865804100,866285500,1781213935196-1
s2sf12j2_redis_rep2_20260611_223851,redis,s2sf12j2_redis_rep2_20260611_223851,aabb516d-6ede-4543-9394-967c0499af8a,3895067,5,-0.9734321217717256,774204166,866366900,866803900,1781213935197-0
s2sf12j2_redis_rep2_20260611_223851,redis,s2sf12j2_redis_rep2_20260611_223851,c93d7723-7a1c-4be8-97e1-0babb1be6f11,3895113,5,-1.044687516310874,773610371,866926800,867495500,1781213935198-0
s2sf12j2_redis_rep2_20260611_223851,redis,s2sf12j2_redis_rep2_20260611_223851,3cb0c74e-75be-431c-917f-011efc184fdb,3895113,5,-1.044687516310874,773610371,867578100,868164800,1781213935198-1
s2sf12j2_redis_rep2_20260611_223851,redis,s2sf12j2_redis_rep2_20260611_223851,3d52c020-9bad-49c3-8ae7-05c40e223268,3895113,5,-1.044687516310874,773610371,868248000,868824700,1781213935199-0
s2sf12j2_redis_rep2_20260611_223851,redis,s2sf12j2_redis_rep2_20260611_223851,39ec53e3-9bd4-4411-814d-6e1ede254aac,3895086,6,0.1636044623040606,783679470,868907400,869423500,1781213935200-0
s2sf12j2_redis_rep2_20260611_223851,redis,s2sf12j2_redis_rep2_20260611_223851,c744951c-c660-4c83-8083-049bf85c8cbd,3895060,6,2.2493693950198934,801060844,869519000,869999000,1781213935200-1
s2sf12j2_redis_rep2_20260611_223851,redis,s2sf12j2_redis_rep2_20260611_223851,33fdf203-b847-4fa5-9021-5f1875717796,3895060,6,2.2493693950198934,801060844,870089900,870658200,1781213935201-0
s2sf12j2_redis_rep2_20260611_223851,redis,s2sf12j2_redis_rep2_20260611_223851,98e575e4-0886-40e5-96a8-9c9f857ebcc1,3895052,6,-0.455765297937964,778518056,870743900,871267800,1781213935201-1
s2sf12j2_redis_rep2_20260611_223851,redis,s2sf12j2_redis_rep2_20260611_223851,d4683bb7-cdad-4a7d-9851-743212fba939,3895074,6,0.9644201119859548,790352934,871351100,871779400,1781213935202-0
s2sf12j2_redis_rep2_20260611_223851,redis,s2sf12j2_redis_rep2_20260611_223851,f019df08-0da5-48d9-a838-1da35f369c3c,3895052,6,-0.455765297937964,778518056,871862200,872401400,1781213935203-0
s2sf12j2_redis_rep2_20260611_223851,redis,s2sf12j2_redis_rep2_20260611_223851,e8a7f299-6faa-4914-bcdf-2e44131ed85c,3895107,6,-0.4891154123516359,778240139,872553800,873170400,1781213935203-1
s2sf12j2_redis_rep2_20260611_223851,redis,s2sf12j2_redis_rep2_20260611_223851,7ddab21c-8faf-4fbc-a290-a2cdb40b7df7,3895107,6,-0.4891154123516359,778240139,873275100,873924900,1781213935204-0
s2sf12j2_redis_rep2_20260611_223851,redis,s2sf12j2_redis_rep2_20260611_223851,d6006eb1-3ef6-4955-a47a-7b2b9192b522,3895121,7,0.2717464080984734,784580653,874021300,874515800,1781213935205-0
s2sf12j2_redis_rep2_20260611_223851,redis,s2sf12j2_redis_rep2_20260611_223851,d87f4aa7-4a9b-4319-8dd9-c5426dc81e34,3895121,7,0.2717464080984734,784580653,874603800,875112300,1781213935205-1
s2sf12j2_redis_rep2_20260611_223851,redis,s2sf12j2_redis_rep2_20260611_223851,a0313cd5-9822-48bf-8ca6-3c92789a7474,3895121,7,0.2717464080984734,784580653,875194100,875760900,1781213935206-0
s2sf12j2_redis_rep2_20260611_223851,redis,s2sf12j2_redis_rep2_20260611_223851,a88a8b7b-dab2-4a21-a85b-580af51a83d1,3895095,7,1.475432524423101,794611371,875861900,876420200,1781213935207-0
s2sf12j2_redis_rep2_20260611_223851,redis,s2sf12j2_redis_rep2_20260611_223851,ff2841c0-d955-494b-a7a9-ac8bbb82ad73,3895113,7,-0.8780208496442073,774999260,876566300,877115100,1781213935207-1
s2sf12j2_redis_rep2_20260611_223851,redis,s2sf12j2_redis_rep2_20260611_223851,39fe9846-f889-4790-956c-d8df633e77d5,3895074,7,1.0477534453192885,791047378,877209700,877811700,1781213935208-0
s2sf12j2_redis_rep2_20260611_223851,redis,s2sf12j2_redis_rep2_20260611_223851,5af66cb7-f6a6-47cb-a57d-696dcdbe6716,3895113,7,-0.8780208496442073,774999260,877897700,878638900,1781213935209-0
s2sf12j2_redis_rep2_20260611_223851,redis,s2sf12j2_redis_rep2_20260611_223851,5550d825-5f3b-41f6-bba0-d4cf66c1438e,3895074,7,1.0477534453192885,791047378,878855200,879524700,1781213935210-0
s2sf12j2_redis_rep2_20260611_223851,redis,s2sf12j2_redis_rep2_20260611_223851,45ee08ea-fdab-4a8e-8114-f0dec4a5e815,3895113,7,-0.8780208496442073,774999260,879690300,880388200,1781213935210-1
s2sf12j2_redis_rep2_20260611_223851,redis,s2sf12j2_redis_rep2_20260611_223851,e8aa6b61-931b-4bf8-b329-cb66ffbd4313,3895074,7,1.0477534453192885,791047378,880492900,881081800,1781213935211-0
s2sf12j2_redis_rep2_20260611_223851,redis,s2sf12j2_redis_rep2_20260611_223851,b2d11f7f-8c0d-4533-b2a3-843e981238ad,3895067,8,-0.7234321217717258,776287499,881209100,881751800,1781213935212-0
s2sf12j2_redis_rep2_20260611_223851,redis,s2sf12j2_redis_rep2_20260611_223851,320e0bbb-8e37-429c-aa29-d58d9ae85075,3895067,8,-0.7234321217717258,776287499,881843900,882329900,1781213935213-0
s2sf12j2_redis_rep2_20260611_223851,redis,s2sf12j2_redis_rep2_20260611_223851,1739877d-1a9a-45a1-a72d-189cd19ce825,3895060,8,2.41603606168656,802449733,882460800,883011700,1781213935213-1
s2sf12j2_redis_rep2_20260611_223851,redis,s2sf12j2_redis_rep2_20260611_223851,d8ec2ac3-0202-455a-8a5d-255e1e4cc473,3895121,8,0.3550797414318066,785275097,883098000,883739500,1781213935214-0
s2sf12j2_redis_rep2_20260611_223851,redis,s2sf12j2_redis_rep2_20260611_223851,71c80fb5-ad88-4f1a-a7d4-fd63ed429bcd,3895095,8,1.558765857756434,795305815,883821200,884284200,1781213935214-1
s2sf12j2_redis_rep2_20260611_223851,redis,s2sf12j2_redis_rep2_20260611_223851,2da5d3ff-deec-4d16-b866-8a7d1fbb93e9,3895060,8,2.41603606168656,802449733,884367700,884985300,1781213935215-0
s2sf12j2_redis_rep2_20260611_223851,redis,s2sf12j2_redis_rep2_20260611_223851,1d75ee1b-f1e8-43ab-a31d-cc0805acd5e2,3895052,8,-0.2890986312712974,779906945,885069800,885554200,1781213935216-0
s2sf12j2_redis_rep2_20260611_223851,redis,s2sf12j2_redis_rep2_20260611_223851,cc3655de-3632-4a2c-8a22-d670144485db,3895095,8,1.558765857756434,795305815,885634100,886207900,1781213935216-1
s2sf12j2_redis_rep2_20260611_223851,redis,s2sf12j2_redis_rep2_20260611_223851,38932aa9-ad68-4202-bc2b-cca968001831,3895113,8,-0.7946875163108741,775693705,886295300,886818400,1781213935217-0
s2sf12j2_redis_rep2_20260611_223851,redis,s2sf12j2_redis_rep2_20260611_223851,5ff692af-8337-40bf-bf94-3357c44a9765,3895113,8,-0.7946875163108741,775693705,886900300,887437800,1781213935218-0
s2sf12j2_redis_rep2_20260611_223851,redis,s2sf12j2_redis_rep2_20260611_223851,dd059ddd-697b-4957-a691-f20eec306ea5,3895121,9,0.43841307476514,785969542,887529300,888038500,1781213935218-1
s2sf12j2_redis_rep2_20260611_223851,redis,s2sf12j2_redis_rep2_20260611_223851,8f1fbe41-034b-43eb-9585-edbb0aadb7ba,3895052,9,-0.205765297937964,780601390,888140800,888738200,1781213935219-0
s2sf12j2_redis_rep2_20260611_223851,redis,s2sf12j2_redis_rep2_20260611_223851,629bf2a1-ed9d-4d49-a2d8-cfd7a59e6e3e,3895121,9,0.43841307476514,785969542,889299000,890155300,1781213935220-0
s2sf12j2_redis_rep2_20260611_223851,redis,s2sf12j2_redis_rep2_20260611_223851,99c1964f-2b9c-4442-b485-f7e6ce554c84,3895095,9,1.6420991910897675,796000259,890524500,891200900,1781213935221-0
s2sf12j2_redis_rep2_20260611_223851,redis,s2sf12j2_redis_rep2_20260611_223851,4127d02c-6da9-47dc-b26f-40da7d121a92,3895052,9,-0.205765297937964,780601390,891421200,892101400,1781213935222-0
s2sf12j2_redis_rep2_20260611_223851,redis,s2sf12j2_redis_rep2_20260611_223851,9d075ad4-9f9f-4e6f-a093-5919a1a920b3,3895074,9,1.2144201119859548,792436267,892281900,892949200,1781213935223-0
s2sf12j2_redis_rep2_20260611_223851,redis,s2sf12j2_redis_rep2_20260611_223851,0427f1ec-ddae-4698-ab55-cc0403e01b74,3895095,9,1.6420991910897675,796000259,893074900,893790100,1781213935224-0
s2sf12j2_redis_rep2_20260611_223851,redis,s2sf12j2_redis_rep2_20260611_223851,43c3670a-83aa-427e-b4db-68d69ea6f60a,3895074,9,1.2144201119859548,792436267,893941600,894595000,1781213935225-0
s2sf12j2_redis_rep2_20260611_223851,redis,s2sf12j2_redis_rep2_20260611_223851,31528025-7c8a-4a3c-abf4-a6b496204f3f,3895074,9,1.2144201119859548,792436267,894702300,895200000,1781213935225-1
s2sf12j2_redis_rep2_20260611_223851,redis,s2sf12j2_redis_rep2_20260611_223851,08b17ce3-0fb5-45ee-b37f-1dff007b694a,3895067,10,-0.556765455105059,777676388,895289500,895826800,1781213935226-0
s2sf12j2_redis_rep2_20260611_223851,redis,s2sf12j2_redis_rep2_20260611_223851,174d1bd5-23b1-403b-b417-fc59eab9339c,3895134,10,0.2251465806940936,784192321,895945700,896493800,1781213935227-0
s2sf12j2_redis_rep2_20260611_223851,redis,s2sf12j2_redis_rep2_20260611_223851,7cba4468-f2eb-4352-94e8-2474e078f085,3895067,10,-0.556765455105059,777676388,896604600,897193700,1781213935227-1
s2sf12j2_redis_rep2_20260611_223851,redis,s2sf12j2_redis_rep2_20260611_223851,7604592e-b68b-4f0b-a7ff-eca7a0e2440b,3895134,10,0.2251465806940936,784192321,897319000,897844800,1781213935228-0
s2sf12j2_redis_rep2_20260611_223851,redis,s2sf12j2_redis_rep2_20260611_223851,3a82e4ae-0527-4391-a6c1-23c5e4ace661,3895067,10,-0.556765455105059,777676388,897964000,898579900,1781213935229-0
s2sf12j2_redis_rep2_20260611_223851,redis,s2sf12j2_redis_rep2_20260611_223851,55773380-38a7-49a4-b73a-a688f19444c1,3895134,10,0.2251465806940936,784192321,898682400,899149300,1781213935229-1
s2sf12j2_redis_rep2_20260611_223851,redis,s2sf12j2_redis_rep2_20260611_223851,ed38d77f-8234-4921-88d2-52ae89331fc2,3895060,10,2.582702728353227,803838622,899271200,899875200,1781213935230-0
s2sf12j2_redis_rep2_20260611_223851,redis,s2sf12j2_redis_rep2_20260611_223851,74e102e0-b7bc-4d69-a21b-fe814eb02b6e,3895134,10,0.2251465806940936,784192321,899962100,900552600,1781213935231-0
s2sf12j2_redis_rep2_20260611_223851,redis,s2sf12j2_redis_rep2_20260611_223851,7aa7a387-f694-48d3-9239-56af7324dae2,3895060,10,2.582702728353227,803838622,900639100,901135100,1781213935231-1
s2sf12j2_redis_rep2_20260611_223851,redis,s2sf12j2_redis_rep2_20260611_223851,897c5f7a-b611-400d-a4bd-546cbba4e897,3895134,10,0.2251465806940936,784192321,901256600,901823800,1781213935232-0
s2sf12j2_redis_rep2_20260611_223851,redis,s2sf12j2_redis_rep2_20260611_223851,2fdcfc97-4f53-46be-ae4a-a5b67c508cf9,3895121,10,0.5217464080984734,786663986,901903800,902382400,1781213935233-0
s2sf12j2_redis_rep2_20260611_223851,redis,s2sf12j2_redis_rep2_20260611_223851,fac6763f-5f80-4b02-94e3-799bd452abc8,3895113,10,-0.6280208496442073,777082593,902466300,903045000,1781213935233-1
s2sf12j2_redis_rep2_20260611_223851,redis,s2sf12j2_redis_rep2_20260611_223851,d5a131da-001e-451d-94a2-16c8fddf1ae0,3895086,11,0.5802711289707273,787151692,903137200,903607900,1781213935234-0
s2sf12j2_redis_rep2_20260611_223851,redis,s2sf12j2_redis_rep2_20260611_223851,43134fef-e6aa-4650-9198-9da79f955c83,3895067,11,-0.4734321217717258,778370833,903695800,904216900,1781213935234-1
s2sf12j2_redis_rep2_20260611_223851,redis,s2sf12j2_redis_rep2_20260611_223851,e62a0339-6478-4758-9dda-9c3a672cda2b,3895067,11,-0.4734321217717258,778370833,904327600,904899000,1781213935235-0
s2sf12j2_redis_rep2_20260611_223851,redis,s2sf12j2_redis_rep2_20260611_223851,b767f8cf-4d2d-45c2-befd-2acd1c356621,3895060,11,2.66603606168656,804533067,905021600,905553700,1781213935236-0
s2sf12j2_redis_rep2_20260611_223851,redis,s2sf12j2_redis_rep2_20260611_223851,635f9e3a-22a3-4328-aa0d-299e2244750f,3895134,11,0.3084799140274269,784886765,905677400,906259100,1781213935236-1
s2sf12j2_redis_rep2_20260611_223851,redis,s2sf12j2_redis_rep2_20260611_223851,b2a1e34b-f362-4be7-abc3-7d5015d54850,3895121,11,0.6050797414318067,787358431,906358300,906813700,1781213935237-0
s2sf12j2_redis_rep2_20260611_223851,redis,s2sf12j2_redis_rep2_20260611_223851,6fcdcd6a-f032-47d6-8ab5-40021f4c097d,3895095,11,1.808765857756434,797389148,906943300,907531800,1781213935238-0
s2sf12j2_redis_rep2_20260611_223851,redis,s2sf12j2_redis_rep2_20260611_223851,177cc6d8-cc4d-4509-9a20-021f81a25de5,3895134,11,0.3084799140274269,784886765,907683300,908162200,1781213935238-1
s2sf12j2_redis_rep2_20260611_223851,redis,s2sf12j2_redis_rep2_20260611_223851,480e7b02-6900-48ff-a092-84edfe968c1e,3895121,11,0.6050797414318067,787358431,908292200,908914400,1781213935239-0
s2sf12j2_redis_rep2_20260611_223851,redis,s2sf12j2_redis_rep2_20260611_223851,523c9836-c56d-469f-a9b2-b2cccef6dab7,3895095,11,1.808765857756434,797389148,909012300,909558600,1781213935240-0
s2sf12j2_redis_rep2_20260611_223851,redis,s2sf12j2_redis_rep2_20260611_223851,429856a9-3da6-4b26-b2c7-bffd25ab0c19,3895113,11,-0.5446875163108741,777777038,909656500,910276300,1781213935240-1
s2sf12j2_redis_rep2_20260611_223851,redis,s2sf12j2_redis_rep2_20260611_223851,7962ad90-9dc3-435e-b10a-9bbfa62c5d21,3895074,11,1.3810867786526213,793825156,910368500,910887200,1781213935241-0
s2sf12j2_redis_rep2_20260611_223851,redis,s2sf12j2_redis_rep2_20260611_223851,7913f543-9fcd-488e-84d6-8a14f0455694,3895074,11,1.3810867786526213,793825156,910968500,911446200,1781213935242-0
s2sf12j2_redis_rep2_20260611_223851,redis,s2sf12j2_redis_rep2_20260611_223851,8847c801-2b00-4bf3-9bb8-88f92ab95fa1,3895074,11,1.3810867786526213,793825156,911524200,912061300,1781213935242-1
s2sf12j2_redis_rep2_20260611_223851,redis,s2sf12j2_redis_rep2_20260611_223851,5b924c30-ccff-4008-a917-fda9ba37cba4,3895074,11,1.3810867786526213,793825156,912140900,912562200,1781213935243-0
s2sf12j2_redis_rep2_20260611_223851,redis,s2sf12j2_redis_rep2_20260611_223851,1e2eb1e6-7441-4fcb-b532-b7e4ff107657,3895086,12,0.6636044623040607,787846137,912644200,913088500,1781213935243-1
s2sf12j2_redis_rep2_20260611_223851,redis,s2sf12j2_redis_rep2_20260611_223851,a03fa6b0-0944-4d90-9881-9d2b47418d86,3895086,12,0.6636044623040607,787846137,913187900,913716300,1781213935244-0
s2sf12j2_redis_rep2_20260611_223851,redis,s2sf12j2_redis_rep2_20260611_223851,e7281523-4786-460c-a9a4-c25b2828a783,3895086,12,0.6636044623040607,787846137,913803700,914274400,1781213935244-1
s2sf12j2_redis_rep2_20260611_223851,redis,s2sf12j2_redis_rep2_20260611_223851,86c3a258-b8ca-4ec4-955d-05e4a45f4053,3895067,12,-0.3900987884383924,779065277,914356600,914830900,1781213935245-0
s2sf12j2_redis_rep2_20260611_223851,redis,s2sf12j2_redis_rep2_20260611_223851,585a8685-12a2-418f-91a6-4d2a02ad8430,3895052,12,0.0442347020620359,782684722,914916100,915448700,1781213935246-0
s2sf12j2_redis_rep2_20260611_223851,redis,s2sf12j2_redis_rep2_20260611_223851,316981db-6e7f-44a0-999e-b56d5da36fd6,3895060,12,2.7493693950198934,805227511,915546200,916046600,1781213935246-1
s2sf12j2_redis_rep2_20260611_223851,redis,s2sf12j2_redis_rep2_20260611_223851,e7b35a27-1240-4696-9680-00347a4fd4ab,3895067,12,-0.3900987884383924,779065277,916138500,916683300,1781213935247-0
s2sf12j2_redis_rep2_20260611_223851,redis,s2sf12j2_redis_rep2_20260611_223851,66cebf02-2ea6-4c35-a551-862b09130220,3895107,12,0.010884587648364,782406804,916773200,917222400,1781213935247-1
s2sf12j2_redis_rep2_20260611_223851,redis,s2sf12j2_redis_rep2_20260611_223851,01867a27-4aa7-42ac-ab96-6d7f49d8dcb8,3895134,12,0.3918132473607603,785581210,917358200,917979000,1781213935248-0
s2sf12j2_redis_rep2_20260611_223851,redis,s2sf12j2_redis_rep2_20260611_223851,5bdb34eb-55f0-4afa-b200-3172dc49c743,3895121,12,0.68841307476514,788052875,918099100,918699200,1781213935249-0
s2sf12j2_redis_rep2_20260611_223851,redis,s2sf12j2_redis_rep2_20260611_223851,817e0fb2-07b1-470b-9ad7-0bba4767e247,3895095,12,1.8920991910897675,798083593,918781400,919334100,1781213935249-1
s2sf12j2_redis_rep2_20260611_223851,redis,s2sf12j2_redis_rep2_20260611_223851,ba2de37d-ee65-4feb-a5ea-b54fc0236494,3895113,12,-0.4613541829775407,778471482,919414200,920018300,1781213935250-0
s2sf12j2_redis_rep2_20260611_223851,redis,s2sf12j2_redis_rep2_20260611_223851,c55ee278-e7d5-4f2f-aaf9-1d7e71c7ee6f,3895134,12,0.3918132473607603,785581210,920129600,920722600,1781213935251-0
s2sf12j2_redis_rep2_20260611_223851,redis,s2sf12j2_redis_rep2_20260611_223851,51fb02b5-26e7-43ac-8165-4ca01a5c46d6,3895113,12,-0.4613541829775407,778471482,920823200,921407200,1781213935252-0
s2sf12j2_redis_rep2_20260611_223851,redis,s2sf12j2_redis_rep2_20260611_223851,da7c4c87-47cc-43e4-abc7-ed5153ccd953,3895086,13,0.7469377956373939,788540581,921537600,922135000,1781213935252-1
s2sf12j2_redis_rep2_20260611_223851,redis,s2sf12j2_redis_rep2_20260611_223851,2d158032-d266-417c-b308-7988ff8c3ffc,3895086,13,0.7469377956373939,788540581,922265400,922851800,1781213935253-0
s2sf12j2_redis_rep2_20260611_223851,redis,s2sf12j2_redis_rep2_20260611_223851,54f1c83c-f7c4-4413-8a2a-69aaac9bec05,3895052,13,0.1275680353953692,783379166,922992400,923494900,1781213935254-0
s2sf12j2_redis_rep2_20260611_223851,redis,s2sf12j2_redis_rep2_20260611_223851,4c6fb264-6641-4514-9dfb-96a0f17f3899,3895060,13,2.832702728353227,805921956,923627400,924264000,1781213935254-1
s2sf12j2_redis_rep2_20260611_223851,redis,s2sf12j2_redis_rep2_20260611_223851,e295f3e0-e0cc-4adc-91fa-062599b27d25,3895107,13,0.0942179209816973,783101249,924405300,924949400,1781213935255-0
s2sf12j2_redis_rep2_20260611_223851,redis,s2sf12j2_redis_rep2_20260611_223851,50fa5c47-ce69-41d3-bf4a-29b4f86d02fd,3895052,13,0.1275680353953692,783379166,925057900,925576900,1781213935256-0
s2sf12j2_redis_rep2_20260611_223851,redis,s2sf12j2_redis_rep2_20260611_223851,fe1233fa-d40a-4e0c-8b0d-55809b7d774b,3895060,13,2.832702728353227,805921956,925690100,926396000,1781213935256-1
s2sf12j2_redis_rep2_20260611_223851,redis,s2sf12j2_redis_rep2_20260611_223851,d79cf0c7-e0cd-4718-a96e-2b06b1cb0bed,3895107,13,0.0942179209816973,783101249,926512700,927105800,1781213935257-0
s2sf12j2_redis_rep2_20260611_223851,redis,s2sf12j2_redis_rep2_20260611_223851,d46689a3-08bd-4188-bc0d-6a6bace1f531,3895086,14,0.8302711289707274,789235026,927201100,927762100,1781213935258-0
s2sf12j2_redis_rep2_20260611_223851,redis,s2sf12j2_redis_rep2_20260611_223851,93753357-15d4-4424-9899-669adf6f34ea,3895052,14,0.2109013687287027,784073611,927863100,928414800,1781213935259-0
s2sf12j2_redis_rep2_20260611_223851,redis,s2sf12j2_redis_rep2_20260611_223851,1615450f-4d55-4fef-91d6-ab9f981c6185,3895095,14,2.058765857756434,799472482,928567200,929098300,1781213935259-1
s2sf12j2_redis_rep2_20260611_223851,redis,s2sf12j2_redis_rep2_20260611_223851,9dcf795d-a1b5-4b33-b421-af35da8f1708,3895095,14,2.058765857756434,799472482,929209200,929844800,1781213935260-0
s2sf12j2_redis_rep2_20260611_223851,redis,s2sf12j2_redis_rep2_20260611_223851,bd76ea17-62ca-436b-b60f-ebbce8df5a58,3895074,14,1.6310867786526215,795908489,929955700,930486700,1781213935261-0
s2sf12j2_redis_rep2_20260611_223851,redis,s2sf12j2_redis_rep2_20260611_223851,d0309ed5-a714-4866-9594-2806ec7f3053,3895074,14,1.6310867786526215,795908489,930598700,931179600,1781213935261-1
s2sf12j2_redis_rep2_20260611_223851,redis,s2sf12j2_redis_rep2_20260611_223851,59d5f7d4-b2c8-4777-ad5d-f682a5be2482,3895074,14,1.6310867786526215,795908489,931308300,931972100,1781213935262-0
s2sf12j2_redis_rep2_20260611_223851,redis,s2sf12j2_redis_rep2_20260611_223851,7b8d5bb4-4ed6-4983-806a-c8ca1feeef81,3895121,15,0.93841307476514,790136208,932184100,932791900,1781213935263-0
s2sf12j2_redis_rep2_20260611_223851,redis,s2sf12j2_redis_rep2_20260611_223851,8d671e50-4b4d-4fcc-be94-351d53828756,3895107,15,0.2608845876483641,784490138,932932900,933717700,1781213935264-0
s2sf12j2_redis_rep2_20260611_223851,redis,s2sf12j2_redis_rep2_20260611_223851,bf8ecf65-adbc-42d1-99f7-c48a6ef2ec06,3895052,15,0.2942347020620359,784768055,933857600,934507300,1781213935265-0
s2sf12j2_redis_rep2_20260611_223851,redis,s2sf12j2_redis_rep2_20260611_223851,4cf23b83-c0d3-4df1-bdef-c5caded9cc07,3895121,15,0.93841307476514,790136208,934641700,935232300,1781213935265-1
s2sf12j2_redis_rep2_20260611_223851,redis,s2sf12j2_redis_rep2_20260611_223851,67f9bdbc-8feb-49b2-b7fe-705375aac0db,3895052,15,0.2942347020620359,784768055,935433200,936230800,1781213935266-0
s2sf12j2_redis_rep2_20260611_223851,redis,s2sf12j2_redis_rep2_20260611_223851,a6fdb7f7-8cbe-4f00-a6bc-68733f24f18c,3895121,15,0.93841307476514,790136208,936463500,937096600,1781213935267-0
s2sf12j2_redis_rep2_20260611_223851,redis,s2sf12j2_redis_rep2_20260611_223851,5891ef4b-5571-4b46-961f-60fcb3d5029b,3895095,15,2.1420991910897675,800166926,937331600,937967500,1781213935268-0
s2sf12j2_redis_rep2_20260611_223851,redis,s2sf12j2_redis_rep2_20260611_223851,0ae08622-c5d6-4f51-ac0a-85c965101887,3895095,15,2.1420991910897675,800166926,938160400,938815700,1781213935269-0
s2sf12j2_redis_rep2_20260611_223851,redis,s2sf12j2_redis_rep2_20260611_223851,b2aa3ef3-18c5-47bb-8d2b-ae0489efea39,3895134,16,0.7251465806940935,788358988,938964200,939542000,1781213935270-0
s2sf12j2_redis_rep2_20260611_223851,redis,s2sf12j2_redis_rep2_20260611_223851,923309c9-3dcf-4141-a48f-e3208bd1f952,3895113,16,-0.1280208496442074,781249260,939685600,940247600,1781213935270-1
s2sf12j2_redis_rep2_20260611_223851,redis,s2sf12j2_redis_rep2_20260611_223851,e8f5cb79-b270-408d-8a30-991d50c8bccd,3895095,16,2.225432524423101,800861371,940362300,940945300,1781213935271-0
s2sf12j2_redis_rep2_20260611_223851,redis,s2sf12j2_redis_rep2_20260611_223851,740e3759-e2fa-4c08-bb5e-ac9ff7760fce,3895074,16,1.797753445319288,797297378,941052900,941535900,1781213935272-0
s2sf12j2_redis_rep2_20260611_223851,redis,s2sf12j2_redis_rep2_20260611_223851,3f1b90e5-46c3-4832-b386-a774f9ef7762,3895074,16,1.797753445319288,797297378,941636400,942155300,1781213935272-1
s2sf12j2_redis_rep2_20260611_223851,redis,s2sf12j2_redis_rep2_20260611_223851,4453ce7d-4348-41a1-a86f-beae68288f76,3895074,16,1.797753445319288,797297378,942262500,942802400,1781213935273-0
s2sf12j2_redis_rep2_20260611_223851,redis,s2sf12j2_redis_rep2_20260611_223851,8eadb67c-5080-4a27-836f-922f5a6eeeb6,3895074,16,1.797753445319288,797297378,942899800,943450600,1781213935274-0
s2sf12j2_redis_rep2_20260611_223851,redis,s2sf12j2_redis_rep2_20260611_223851,4917b4e0-e17c-4412-bec0-734319e40d03,3895074,16,1.797753445319288,797297378,943543000,944040900,1781213935274-1
s2sf12j2_redis_rep2_20260611_223851,redis,s2sf12j2_redis_rep2_20260611_223851,6bae2646-95ef-4ae3-808b-79fa5756e3a0,3895086,17,1.0802711289707274,791318359,944133200,944677100,1781213935275-0
s2sf12j2_redis_rep2_20260611_223851,redis,s2sf12j2_redis_rep2_20260611_223851,6099cc29-0d11-4fee-9d00-ce786f36eca9,3895113,17,-0.0446875163108739,781943705,944799600,945366500,1781213935276-0
s2sf12j2_redis_rep2_20260611_223851,redis,s2sf12j2_redis_rep2_20260611_223851,86a2db30-3020-4a3a-af2f-3b1d59b73adc,3895052,17,0.4609013687287027,786156944,945472500,946007700,1781213935276-1
s2sf12j2_redis_rep2_20260611_223851,redis,s2sf12j2_redis_rep2_20260611_223851,da8b4ee3-3079-4353-ac9d-451a47100b52,3895121,17,1.1050797414318068,791525097,946108400,946657500,1781213935277-0
s2sf12j2_redis_rep2_20260611_223851,redis,s2sf12j2_redis_rep2_20260611_223851,238ccd63-a906-4647-a994-0b592cedbb4d,3895113,17,-0.0446875163108739,781943705,946751700,947247000,1781213935277-1
s2sf12j2_redis_rep2_20260611_223851,redis,s2sf12j2_redis_rep2_20260611_223851,5f5f1bfd-17e6-4a75-a48d-23c004391ca0,3895121,17,1.1050797414318068,791525097,947448700,947942800,1781213935278-0
s2sf12j2_redis_rep2_20260611_223851,redis,s2sf12j2_redis_rep2_20260611_223851,f56d4891-5044-48bc-98bd-2714de02c555,3895095,17,2.308765857756434,801555815,948036700,948569000,1781213935279-0
s2sf12j2_redis_rep2_20260611_223851,redis,s2sf12j2_redis_rep2_20260611_223851,74fb2011-216f-43aa-8c61-587989c3083d,3895095,17,2.308765857756434,801555815,948661800,949186600,1781213935279-1
s2sf12j2_redis_rep2_20260611_223851,redis,s2sf12j2_redis_rep2_20260611_223851,c4f630f3-cffd-4397-a545-146b8ed79cba,3895095,17,2.308765857756434,801555815,949269800,949733100,1781213935280-0
s2sf12j2_redis_rep2_20260611_223851,redis,s2sf12j2_redis_rep2_20260611_223851,a2d472e0-2844-401d-94b3-333c820b3d2d,3895086,18,1.163604462304061,792012803,949829700,950276300,1781213935280-1
s2sf12j2_redis_rep2_20260611_223851,redis,s2sf12j2_redis_rep2_20260611_223851,a3d8c0c0-3e97-47d3-8bee-8eba75a19ae8,3895086,18,1.163604462304061,792012803,950361300,950815700,1781213935281-0
s2sf12j2_redis_rep2_20260611_223851,redis,s2sf12j2_redis_rep2_20260611_223851,e1464657-428c-47db-b28c-41c44d976b21,3895086,18,1.163604462304061,792012803,950914200,951451400,1781213935282-0
s2sf12j2_redis_rep2_20260611_223851,redis,s2sf12j2_redis_rep2_20260611_223851,c6cba519-72a4-4c6a-a204-27bb2809348d,3895107,18,0.5108845876483641,786573471,951564800,952071800,1781213935282-1
s2sf12j2_redis_rep2_20260611_223851,redis,s2sf12j2_redis_rep2_20260611_223851,415243ce-3849-4896-9be1-75365ad90b78,3895134,18,0.8918132473607603,789747877,952165600,952657000,1781213935283-0
s2sf12j2_redis_rep2_20260611_223851,redis,s2sf12j2_redis_rep2_20260611_223851,f3cf7038-cbb0-4e2b-be0e-87d31d2aa135,3895086,18,1.163604462304061,792012803,952747300,953349800,1781213935283-1
s2sf12j2_redis_rep2_20260611_223851,redis,s2sf12j2_redis_rep2_20260611_223851,0419e708-847b-4ff2-a6f7-50031b3683e4,3895107,18,0.5108845876483641,786573471,953437500,953850000,1781213935284-0
s2sf12j2_redis_rep2_20260611_223851,redis,s2sf12j2_redis_rep2_20260611_223851,f9096f10-3921-40be-bcaa-d7439f4bef6c,3895134,18,0.8918132473607603,789747877,953937900,954431500,1781213935285-0
s2sf12j2_redis_rep2_20260611_223851,redis,s2sf12j2_redis_rep2_20260611_223851,b4c2c8e7-ca1b-4d18-863e-e58021f75654,3895086,18,1.163604462304061,792012803,954520800,954987600,1781213935285-1
s2sf12j2_redis_rep2_20260611_223851,redis,s2sf12j2_redis_rep2_20260611_223851,da618d2e-27e6-47f5-ba91-a32d880fc3f3,3895052,18,0.544234702062036,786851389,955070600,955700300,1781213935286-0
s2sf12j2_redis_rep2_20260611_223851,redis,s2sf12j2_redis_rep2_20260611_223851,c6085c22-483f-4a4b-a3a7-27fbee22ae65,3895052,18,0.544234702062036,786851389,955805300,956312900,1781213935286-1
s2sf12j2_redis_rep2_20260611_223851,redis,s2sf12j2_redis_rep2_20260611_223851,3211acd7-830e-4b57-9d44-ffc087f09783,3895121,18,1.18841307476514,792219542,956399200,956977300,1781213935287-0
s2sf12j2_redis_rep2_20260611_223851,redis,s2sf12j2_redis_rep2_20260611_223851,5ecff428-f7e5-4098-a070-003bae61d520,3895052,18,0.544234702062036,786851389,957063300,957649500,1781213935288-0
s2sf12j2_redis_rep2_20260611_223851,redis,s2sf12j2_redis_rep2_20260611_223851,08a00791-17e3-4e67-acbb-494c7c518e23,3895095,18,2.3920991910897675,802250259,957740400,958215100,1781213935288-1
s2sf12j2_redis_rep2_20260611_223851,redis,s2sf12j2_redis_rep2_20260611_223851,4acda0ae-ebda-4589-806c-c3233063335e,3895107,19,0.5942179209816973,787267916,958293100,958755300,1781213935289-0
s2sf12j2_redis_rep2_20260611_223851,redis,s2sf12j2_redis_rep2_20260611_223851,61c008f9-cf5c-4ebe-ae27-f5ee5b22c150,3895134,19,0.9751465806940935,790442321,958848700,959304400,1781213935289-1
s2sf12j2_redis_rep2_20260611_223851,redis,s2sf12j2_redis_rep2_20260611_223851,7d098e93-c4a3-4d21-94e1-ee7f39346658,3895113,19,0.1219791503557925,783332592,959406300,959898600,1781213935290-0
s2sf12j2_redis_rep2_20260611_223851,redis,s2sf12j2_redis_rep2_20260611_223851,95573a25-89e1-4453-899f-9231016295df,3895107,19,0.5942179209816973,787267916,959985900,960463600,1781213935291-0
s2sf12j2_redis_rep2_20260611_223851,redis,s2sf12j2_redis_rep2_20260611_223851,f6afab09-dd54-41b0-9eab-2f54641f6cc7,3895134,19,0.9751465806940935,790442321,960549500,961044000,1781213935291-1
s2sf12j2_redis_rep2_20260611_223851,redis,s2sf12j2_redis_rep2_20260611_223851,82b43325-f1c1-48f8-8a96-f447e73e0014,3895107,19,0.5942179209816973,787267916,961124000,961752900,1781213935292-0
s2sf12j2_redis_rep2_20260611_223851,redis,s2sf12j2_redis_rep2_20260611_223851,fbeffccf-f6ec-4792-812e-6aa5f8535b6c,3895134,19,0.9751465806940935,790442321,961873100,962435700,1781213935293-0
s2sf12j2_redis_rep2_20260611_223851,redis,s2sf12j2_redis_rep2_20260611_223851,babaa5b7-7d2a-455f-9d53-09929055b994,3895121,19,1.2717464080984733,792913986,962555100,963155900,1781213935293-1
s2sf12j2_redis_rep2_20260611_223851,redis,s2sf12j2_redis_rep2_20260611_223851,31656a86-ac6f-48e7-8588-664d49470dcf,3895121,19,1.2717464080984733,792913986,963237300,963722400,1781213935294-0
s2sf12j2_redis_rep2_20260611_223851,redis,s2sf12j2_redis_rep2_20260611_223851,c1fd3b58-ecc8-4b74-baf6-d706324c0a37,3895095,19,2.475432524423101,802944704,963805000,964390700,1781213935295-0
s2sf12j2_redis_rep2_20260611_223851,redis,s2sf12j2_redis_rep2_20260611_223851,34a68da4-a761-418e-a94a-29bb8fd8e96e,3895095,19,2.475432524423101,802944704,964471900,965056600,1781213935295-1
s2sf12j2_redis_rep2_20260611_223851,redis,s2sf12j2_redis_rep2_20260611_223851,5ea481e0-e6e1-4897-b6e0-78445211ad3d,3895060,20,3.41603606168656,810783067,965145000,965660600,1781213935296-0
s2sf12j2_redis_rep2_20260611_223851,redis,s2sf12j2_redis_rep2_20260611_223851,58a678fb-10ef-4114-9bbb-099466db1636,3895086,20,1.3302711289707274,793401692,965738600,966265600,1781213935296-1
s2sf12j2_redis_rep2_20260611_223851,redis,s2sf12j2_redis_rep2_20260611_223851,5e0455ba-95d7-4dc9-92d6-c8b777a5c7b6,3895086,20,1.3302711289707274,793401692,966371200,967003800,1781213935297-0
s2sf12j2_redis_rep2_20260611_223851,redis,s2sf12j2_redis_rep2_20260611_223851,9adb3957-42ed-4d0a-80fc-38ad27500ee0,3895113,20,0.205312483689126,784027037,967122200,967691500,1781213935298-0
s2sf12j2_redis_rep2_20260611_223851,redis,s2sf12j2_redis_rep2_20260611_223851,8e9c5a9a-0084-457b-93be-2ba84bbe4fcb,3895113,20,0.205312483689126,784027037,967809300,968379200,1781213935299-0
s2sf12j2_redis_rep2_20260611_223851,redis,s2sf12j2_redis_rep2_20260611_223851,91c869e1-262b-4223-89b4-903cf7e9b527,3895107,20,0.6775512543150308,787962360,968495400,968967100,1781213935299-1
s2sf12j2_redis_rep2_20260611_223851,redis,s2sf12j2_redis_rep2_20260611_223851,a6f33202-5449-458f-8473-9c4274528e11,3895052,20,0.7109013687287027,788240278,969069200,969646200,1781213935300-0
s2sf12j2_redis_rep2_20260611_223851,redis,s2sf12j2_redis_rep2_20260611_223851,20d4b309-2546-439a-96d6-c362fb3ecb2d,3895113,20,0.205312483689126,784027037,969783200,970378600,1781213935300-1
s2sf12j2_redis_rep2_20260611_223851,redis,s2sf12j2_redis_rep2_20260611_223851,91e88312-848a-47f2-8871-b71be8bb172c,3895107,20,0.6775512543150308,787962360,970488000,970978700,1781213935301-0
s2sf12j2_redis_rep2_20260611_223851,redis,s2sf12j2_redis_rep2_20260611_223851,04f7f325-bfc0-4731-a32f-7f8232c8296e,3895121,20,1.3550797414318068,793608431,971078500,971555300,1781213935302-0
s2sf12j2_redis_rep2_20260611_223851,redis,s2sf12j2_redis_rep2_20260611_223851,5bd4ec7d-4d90-4a2d-bcea-2fe45009e3e5,3895113,20,0.205312483689126,784027037,971654500,972197300,1781213935302-1
s2sf12j2_redis_rep2_20260611_223851,redis,s2sf12j2_redis_rep2_20260611_223851,90ec0daf-d61f-4501-ab28-c24d33c3ac5f,3895060,21,3.4993693950198934,811477511,972287100,972892700,1781213935303-0
s2sf12j2_redis_rep2_20260611_223851,redis,s2sf12j2_redis_rep2_20260611_223851,948f6c30-084e-4ef6-a45d-90557e5552d8,3895060,21,3.4993693950198934,811477511,973010000,973608700,1781213935304-0
s2sf12j2_redis_rep2_20260611_223851,redis,s2sf12j2_redis_rep2_20260611_223851,a4cf9a70-b481-4b49-9ce1-ca29ff7c506e,3895134,21,1.1418132473607605,791831210,973746700,974434900,1781213935305-0
s2sf12j2_redis_rep2_20260611_223851,redis,s2sf12j2_redis_rep2_20260611_223851,ce0cff7d-de0c-4e19-8496-2dd948d69413,3895052,21,0.794234702062036,788934722,974535500,975111100,1781213935305-1
s2sf12j2_redis_rep2_20260611_223851,redis,s2sf12j2_redis_rep2_20260611_223851,d2616640-d066-4175-a00a-35d3db6e7ef0,3895134,21,1.1418132473607605,791831210,975221500,975804800,1781213935306-0
s2sf12j2_redis_rep2_20260611_223851,redis,s2sf12j2_redis_rep2_20260611_223851,377feb38-fa03-4b29-bb7f-2cfbb3baf194,3895107,21,0.7608845876483641,788656804,975904700,976440600,1781213935307-0
s2sf12j2_redis_rep2_20260611_223851,redis,s2sf12j2_redis_rep2_20260611_223851,ebaf6e35-461e-411b-a4c6-bd8c8807ed4b,3895052,21,0.794234702062036,788934722,976536300,977055300,1781213935307-1
s2sf12j2_redis_rep2_20260611_223851,redis,s2sf12j2_redis_rep2_20260611_223851,a5317761-7d6b-4332-832c-56edfbce761f,3895121,21,1.43841307476514,794302875,977138700,977670000,1781213935308-0
s2sf12j2_redis_rep2_20260611_223851,redis,s2sf12j2_redis_rep2_20260611_223851,6824686d-4590-42ed-bcb5-84522be6958f,3895113,21,0.2886458170224593,784721481,977756000,978306900,1781213935308-1
s2sf12j2_redis_rep2_20260611_223851,redis,s2sf12j2_redis_rep2_20260611_223851,d0a1094c-65af-4a38-8aa7-a18ff8210a8e,3895107,21,0.7608845876483641,788656804,978406400,978906400,1781213935309-0
s2sf12j2_redis_rep2_20260611_223851,redis,s2sf12j2_redis_rep2_20260611_223851,7b952b7f-319c-4b59-9887-322eb909afae,3895121,21,1.43841307476514,794302875,978995100,979482500,1781213935310-0
s2sf12j2_redis_rep2_20260611_223851,redis,s2sf12j2_redis_rep2_20260611_223851,4c5afbe4-b097-4acf-8087-c15c6b876bb2,3895113,21,0.2886458170224593,784721481,979561600,980133100,1781213935310-1
s2sf12j2_redis_rep2_20260611_223851,redis,s2sf12j2_redis_rep2_20260611_223851,d7d57b8f-e679-4a01-9112-8c67d14816da,3895121,21,1.43841307476514,794302875,980251000,980796600,1781213935311-0
s2sf12j2_redis_rep2_20260611_223851,redis,s2sf12j2_redis_rep2_20260611_223851,13cdffc6-1a64-46ed-9d46-9d52584911eb,3895095,21,2.6420991910897675,804333593,980876800,981510300,1781213935312-0
s2sf12j2_redis_rep2_20260611_223851,redis,s2sf12j2_redis_rep2_20260611_223851,380b0b2e-41af-476d-bb8d-683c2c4bc624,3895134,22,1.2251465806940935,792525654,981590300,982123500,1781213935312-1
s2sf12j2_redis_rep2_20260611_223851,redis,s2sf12j2_redis_rep2_20260611_223851,9a40ee6a-81c2-48c1-b86d-7b611f1cbad9,3895052,22,0.8775680353953692,789629166,982247800,982979700,1781213935313-0
s2sf12j2_redis_rep2_20260611_223851,redis,s2sf12j2_redis_rep2_20260611_223851,13033282-511b-44a2-bdfb-112ad4f2cbe2,3895107,22,0.8442179209816973,789351249,983100300,983655700,1781213935314-0
s2sf12j2_redis_rep2_20260611_223851,redis,s2sf12j2_redis_rep2_20260611_223851,064b72e5-2907-4fec-ae0a-2108f5e8524f,3895052,22,0.8775680353953692,789629166,983792600,984493000,1781213935315-0
s2sf12j2_redis_rep2_20260611_223851,redis,s2sf12j2_redis_rep2_20260611_223851,6d76d333-ddbe-4dd4-b0e0-f04bace0d42c,3895121,22,1.5217464080984733,794997320,984689500,985411700,1781213935315-1
s2sf12j2_redis_rep2_20260611_223851,redis,s2sf12j2_redis_rep2_20260611_223851,b718de1e-9955-427d-a714-9612b515b37f,3895060,23,3.66603606168656,812866400,985581400,986262500,1781213935316-0
s2sf12j2_redis_rep2_20260611_223851,redis,s2sf12j2_redis_rep2_20260611_223851,5d1189db-89e2-4f3a-9fe7-9ca309a9180b,3895086,23,1.5802711289707274,795485026,986377300,986905000,1781213935317-0
s2sf12j2_redis_rep2_20260611_223851,redis,s2sf12j2_redis_rep2_20260611_223851,0ff21259-8e4f-4ca9-b2f0-eeca108eaf72,3895107,23,0.9275512543150308,790045693,987017100,987503500,1781213935318-0
s2sf12j2_redis_rep2_20260611_223851,redis,s2sf12j2_redis_rep2_20260611_223851,bf131dfc-aa54-477b-aa3a-fe427e0f5a4d,3895052,23,0.9609013687287028,790323611,987589800,988183400,1781213935318-1
s2sf12j2_redis_rep2_20260611_223851,redis,s2sf12j2_redis_rep2_20260611_223851,f436fba2-fe86-4de4-81a8-6f0ade75bb37,3895095,23,2.808765857756434,805722482,988296700,988765000,1781213935319-0
s2sf12j2_redis_rep2_20260611_223851,redis,s2sf12j2_redis_rep2_20260611_223851,0330715d-3ebb-4144-b556-11d9aea021f7,3895107,23,0.9275512543150308,790045693,988858200,989294400,1781213935319-1
s2sf12j2_redis_rep2_20260611_223851,redis,s2sf12j2_redis_rep2_20260611_223851,cb77e8ab-344f-468f-81fa-a6da694d993e,3895095,23,2.808765857756434,805722482,989375600,990110700,1781213935320-0
s2sf12j2_redis_rep2_20260611_223851,redis,s2sf12j2_redis_rep2_20260611_223851,13f2f67e-ce8a-45c1-91d1-965bd994230e,3895107,23,0.9275512543150308,790045693,990205300,990893200,1781213935321-0
s2sf12j2_redis_rep2_20260611_223851,redis,s2sf12j2_redis_rep2_20260611_223851,30439125-dd53-46d2-95b0-e188be25443c,3895067,24,0.6099012115616076,787398610,990993700,991552300,1781213935322-0
s2sf12j2_redis_rep2_20260611_223851,redis,s2sf12j2_redis_rep2_20260611_223851,11e909cf-1292-4ff6-877b-047271284066,3895060,24,3.749369395019893,813560844,991647800,992145900,1781213935322-1
s2sf12j2_redis_rep2_20260611_223851,redis,s2sf12j2_redis_rep2_20260611_223851,43d00079-b73c-4617-aa1a-2d5d3d54ba34,3895086,24,1.663604462304061,796179470,992250000,992838100,1781213935323-0
s2sf12j2_redis_rep2_20260611_223851,redis,s2sf12j2_redis_rep2_20260611_223851,a332d835-268e-4498-8bfb-67085f324c46,3895086,24,1.663604462304061,796179470,992931400,993469500,1781213935324-0
s2sf12j2_redis_rep2_20260611_223851,redis,s2sf12j2_redis_rep2_20260611_223851,cf31353b-8f9d-4a5e-9fbe-b74bcc381264,3895121,24,1.68841307476514,796386208,993560400,994169500,1781213935324-1
s2sf12j2_redis_rep2_20260611_223851,redis,s2sf12j2_redis_rep2_20260611_223851,e8f164f5-a160-4c46-a82c-abe4e89677d9,3895121,24,1.68841307476514,796386208,994257100,994801000,1781213935325-0
s2sf12j2_redis_rep2_20260611_223851,redis,s2sf12j2_redis_rep2_20260611_223851,dcc91b79-7910-496f-853c-e3a279361c9c,3895107,24,1.010884587648364,790740138,994886200,995429800,1781213935326-0
s2sf12j2_redis_rep2_20260611_223851,redis,s2sf12j2_redis_rep2_20260611_223851,a815f844-803f-46d0-98ef-cb7d3aca3c8b,3895067,25,0.6932345448949411,788093054,995514500,996017600,1781213935326-1
s2sf12j2_redis_rep2_20260611_223851,redis,s2sf12j2_redis_rep2_20260611_223851,ead699aa-f13c-4cdf-8423-f658ad925cb5,3895067,25,0.6932345448949411,788093054,996102500,996606400,1781213935327-0
s2sf12j2_redis_rep2_20260611_223851,redis,s2sf12j2_redis_rep2_20260611_223851,9f680d72-f947-4b6e-a483-04e6cb981cf5,3895060,25,3.832702728353227,814255289,996692200,997227700,1781213935327-1
s2sf12j2_redis_rep2_20260611_223851,redis,s2sf12j2_redis_rep2_20260611_223851,84c01004-f3ae-4fda-bcdd-31980eb13196,3895060,25,3.832702728353227,814255289,997324300,997816400,1781213935328-0
s2sf12j2_redis_rep2_20260611_223851,redis,s2sf12j2_redis_rep2_20260611_223851,2b8248b7-ca1e-4b25-8019-43dcd354312b,3895134,25,1.4751465806940938,794608988,997907400,998432900,1781213935329-0
s2sf12j2_redis_rep2_20260611_223851,redis,s2sf12j2_redis_rep2_20260611_223851,07087bbe-871b-46b9-af20-4c074da4a10d,3895113,25,0.6219791503557928,787499259,998556300,999100900,1781213935329-1
s2sf12j2_redis_rep2_20260611_223851,redis,s2sf12j2_redis_rep2_20260611_223851,24fa959e-ad78-4dfb-9cf7-ff352947271c,3895052,25,1.1275680353953694,791712500,999283800,999871000,1781213935330-0
s2sf12j2_redis_rep2_20260611_223851,redis,s2sf12j2_redis_rep2_20260611_223851,03f103fa-f1fc-463e-87d9-cd3db62d4291,3895052,25,1.1275680353953694,791712500,999994200,1000536800,1781213935331-0
s2sf12j2_redis_rep2_20260611_223851,redis,s2sf12j2_redis_rep2_20260611_223851,da6d72e8-314a-4232-892f-7f2b7aa233da,3895052,25,1.1275680353953694,791712500,1000677400,1001244500,1781213935331-1
s2sf12j2_redis_rep2_20260611_223851,redis,s2sf12j2_redis_rep2_20260611_223851,197edbf9-491f-48e7-b569-16790aa29662,3895107,25,1.0942179209816976,791434582,1001344000,1001865600,1781213935332-0
s2sf12j2_redis_rep2_20260611_223851,redis,s2sf12j2_redis_rep2_20260611_223851,8cbf25e7-f76d-430e-b1c7-4b5c77f460f1,3895107,25,1.0942179209816976,791434582,1002011200,1002545300,1781213935333-0
s2sf12j2_redis_rep2_20260611_223851,redis,s2sf12j2_redis_rep2_20260611_223851,e1f2d0bd-aeb0-42b2-867d-f5e407986d61,3895086,26,1.8302711289707272,797568359,1002635300,1003224300,1781213935333-1
s2sf12j2_redis_rep2_20260611_223851,redis,s2sf12j2_redis_rep2_20260611_223851,1cfdd0b2-0f61-4520-8329-c24d895696b1,3895113,26,0.7053124836891258,788193704,1003313300,1003852600,1781213935334-0
s2sf12j2_redis_rep2_20260611_223851,redis,s2sf12j2_redis_rep2_20260611_223851,4a4a7e44-43c5-44e2-bf4c-ca1637daea87,3895107,26,1.1775512543150306,792129027,1003942600,1004477800,1781213935335-0
s2sf12j2_redis_rep2_20260611_223851,redis,s2sf12j2_redis_rep2_20260611_223851,b812268f-ce7d-4b17-9ad2-f38e50908694,3895107,26,1.1775512543150306,792129027,1004573800,1005037300,1781213935335-1
s2sf12j2_redis_rep2_20260611_223851,redis,s2sf12j2_redis_rep2_20260611_223851,984ac2c7-33e7-43ac-8152-f88bdf9bcb40,3895107,26,1.1775512543150306,792129027,1005173500,1005752500,1781213935336-0
s2sf12j2_redis_rep2_20260611_223851,redis,s2sf12j2_redis_rep2_20260611_223851,2c82e5ca-792d-4700-8f46-ad27ebbb3545,3895107,26,1.1775512543150306,792129027,1005836400,1006385300,1781213935337-0
s2sf12j2_redis_rep2_20260611_223851,redis,s2sf12j2_redis_rep2_20260611_223851,d109e813-a171-4eab-bd01-20c8e0a2d54b,3895067,27,0.8599012115616076,789481943,1006484000,1007009500,1781213935337-1
s2sf12j2_redis_rep2_20260611_223851,redis,s2sf12j2_redis_rep2_20260611_223851,4dbc35f7-4520-4c1d-a0c1-81c1760b2c40,3895067,27,0.8599012115616076,789481943,1007112800,1007652700,1781213935338-0
s2sf12j2_redis_rep2_20260611_223851,redis,s2sf12j2_redis_rep2_20260611_223851,10df0432-33a1-4c21-9b36-dc9a9488ba69,3895067,27,0.8599012115616076,789481943,1007737300,1008229700,1781213935338-1
s2sf12j2_redis_rep2_20260611_223851,redis,s2sf12j2_redis_rep2_20260611_223851,1ada5a52-ccdd-47d6-bfae-a3c6cfe6695c,3895086,27,1.913604462304061,798262803,1008310000,1009073800,1781213935339-0
s2sf12j2_redis_rep2_20260611_223851,redis,s2sf12j2_redis_rep2_20260611_223851,3e22029c-1ffc-479a-8824-66a065a2fdf6,3895134,27,1.6418132473607605,795997877,1009156900,1009644400,1781213935340-0
s2sf12j2_redis_rep2_20260611_223851,redis,s2sf12j2_redis_rep2_20260611_223851,49b31666-46f5-4aa7-a2b1-869d05a27d90,3895086,27,1.913604462304061,798262803,1009723300,1010269200,1781213935340-1
s2sf12j2_redis_rep2_20260611_223851,redis,s2sf12j2_redis_rep2_20260611_223851,3ef9a433-6ad8-4533-b8c7-8465064ae209,3895134,27,1.6418132473607605,795997877,1010346200,1010849300,1781213935341-0
s2sf12j2_redis_rep2_20260611_223851,redis,s2sf12j2_redis_rep2_20260611_223851,c3ae126d-34d6-421c-813d-3e3179428b05,3895086,27,1.913604462304061,798262803,1010927800,1011431700,1781213935342-0
s2sf12j2_redis_rep2_20260611_223851,redis,s2sf12j2_redis_rep2_20260611_223851,cfe9b540-ca3b-4aad-b553-0674713203bb,3895113,27,0.7886458170224593,788888148,1011520700,1012035600,1781213935342-1
s2sf12j2_redis_rep2_20260611_223851,redis,s2sf12j2_redis_rep2_20260611_223851,6a8269d2-5ce9-4921-9502-03ae5b27b8b6,3895113,27,0.7886458170224593,788888148,1012115100,1012707300,1781213935343-0
s2sf12j2_redis_rep2_20260611_223851,redis,s2sf12j2_redis_rep2_20260611_223851,87c20b3f-2fe3-4696-b387-5997a79262eb,3895052,27,1.294234702062036,793101389,1012807100,1013369200,1781213935344-0
s2sf12j2_redis_rep2_20260611_223851,redis,s2sf12j2_redis_rep2_20260611_223851,ce148b24-1185-48a7-bc22-d593e8115f3c,3895052,27,1.294234702062036,793101389,1013462800,1014105900,1781213935344-1
s2sf12j2_redis_rep2_20260611_223851,redis,s2sf12j2_redis_rep2_20260611_223851,12eedca2-420b-4b01-a81d-12b847d2f8a6,3895107,27,1.260884587648364,792823471,1014241300,1014799600,1781213935345-0
s2sf12j2_redis_rep2_20260611_223851,redis,s2sf12j2_redis_rep2_20260611_223851,b343f95e-f220-4957-afda-b760c0859784,3895107,27,1.260884587648364,792823471,1014923500,1015504400,1781213935346-0
s2sf12j2_redis_rep2_20260611_223851,redis,s2sf12j2_redis_rep2_20260611_223851,d4611d70-d895-41fc-95ab-a1c65347c86b,3895095,28,3.225432524423101,809194704,1015622900,1016161800,1781213935346-1
s2sf12j2_redis_rep2_20260611_223851,redis,s2sf12j2_redis_rep2_20260611_223851,e3e1f7c7-4932-4722-9f8c-b801ec0f3eb9,3895113,28,0.8719791503557928,789582592,1016261500,1016854900,1781213935347-0
s2sf12j2_redis_rep2_20260611_223851,redis,s2sf12j2_redis_rep2_20260611_223851,f2148745-955f-4ae6-99fc-7eea72344f5c,3895052,28,1.3775680353953694,793795833,1016956000,1017668700,1781213935348-0
s2sf12j2_redis_rep2_20260611_223851,redis,s2sf12j2_redis_rep2_20260611_223851,2e41f9b8-5553-4025-bfb2-90dc50a9013a,3895107,28,1.3442179209816976,793517916,1017773300,1018270500,1781213935348-1
s2sf12j2_redis_rep2_20260611_223851,redis,s2sf12j2_redis_rep2_20260611_223851,78f5f9b2-8e23-4ed5-bc21-6cb65b4bfecd,3895107,28,1.3442179209816976,793517916,1018361800,1018889700,1781213935349-0
s2sf12j2_redis_rep2_20260611_223851,redis,s2sf12j2_redis_rep2_20260611_223851,d0c9136b-fb00-4bfe-bd7f-3b3dbdc6992c,3895107,28,1.3442179209816976,793517916,1018980200,1019439700,1781213935350-0
s2sf12j2_redis_rep2_20260611_223851,redis,s2sf12j2_redis_rep2_20260611_223851,9279e24a-1872-4df5-9f01-bb6acffcaaf3,3895107,28,1.3442179209816976,793517916,1019534200,1020040000,1781213935350-1
s2sf12j2_redis_rep2_20260611_223851,redis,s2sf12j2_redis_rep2_20260611_223851,79692146-523d-48d7-bb97-a2bfe9215a4c,3895107,28,1.3442179209816976,793517916,1020128400,1020704300,1781213935351-0
s2sf12j2_redis_rep2_20260611_223851,redis,s2sf12j2_redis_rep2_20260611_223851,447b0a0c-05be-471b-aaf1-2bc3a39574a6,3895067,29,1.026567878228274,790870832,1020819200,1021380300,1781213935352-0
s2sf12j2_redis_rep2_20260611_223851,redis,s2sf12j2_redis_rep2_20260611_223851,5a772691-1265-464f-aabd-c573e8a0ab8c,3895074,29,2.8810867786526213,806325156,1021461700,1022084300,1781213935352-1
s2sf12j2_redis_rep2_20260611_223851,redis,s2sf12j2_redis_rep2_20260611_223851,263393dd-6b86-4b3d-b4d4-08e19a071251,3895134,29,1.8084799140274268,797386765,1022170400,1022678200,1781213935353-0
s2sf12j2_redis_rep2_20260611_223851,redis,s2sf12j2_redis_rep2_20260611_223851,6b3357d7-8b5b-4068-944b-8abb2b0458ff,3895086,29,2.080271128970727,799651692,1022772400,1023307300,1781213935353-1
s2sf12j2_redis_rep2_20260611_223851,redis,s2sf12j2_redis_rep2_20260611_223851,8ecf55aa-b2b4-4325-87ae-b9773d146ca4,3895086,29,2.080271128970727,799651692,1023402900,1024024200,1781213935354-0
s2sf12j2_redis_rep2_20260611_223851,redis,s2sf12j2_redis_rep2_20260611_223851,dcdc9caf-542f-4fed-b166-7702a8293952,3895086,29,2.080271128970727,799651692,1024134900,1024658500,1781213935355-0
s2sf12j2_redis_rep2_20260611_223851,redis,s2sf12j2_redis_rep2_20260611_223851,ae5bee75-9e2e-4cae-8851-9bc9f0cc7b5a,3895095,29,3.308765857756434,809889148,1024749200,1025236600,1781213935355-1
s2sf12j2_redis_rep2_20260611_223851,redis,s2sf12j2_redis_rep2_20260611_223851,aa1a96f4-8527-46a3-acd2-83312ccc9a0e,3895095,29,3.308765857756434,809889148,1025319900,1025881200,1781213935356-0
s2sf12j2_redis_rep2_20260611_223851,redis,s2sf12j2_redis_rep2_20260611_223851,ee3252c0-e79b-495e-ae80-583351179971,3895113,29,0.9553124836891258,790277037,1025981200,1026573500,1781213935357-0
s2sf12j2_redis_rep2_20260611_223851,redis,s2sf12j2_redis_rep2_20260611_223851,19f46068-5944-4812-bfac-1e1aa46413fb,3895113,29,0.9553124836891258,790277037,1026653900,1027315200,1781213935357-1
s2sf12j2_redis_rep2_20260611_223851,redis,s2sf12j2_redis_rep2_20260611_223851,914c3940-48b4-4246-bd08-2b34e8349649,3895052,29,1.4609013687287025,794490278,1027400300,1028259000,1781213935358-0
s2sf12j2_redis_rep2_20260611_223851,redis,s2sf12j2_redis_rep2_20260611_223851,45e61b15-c483-49fa-8a40-525424f6f0fd,3895107,29,1.4275512543150306,794212360,1028343500,1029016000,1781213935359-0
s2sf12j2_redis_rep2_20260611_223851,redis,s2sf12j2_redis_rep2_20260611_223851,15787cdd-9935-4bff-b68c-760a497af7cc,3895107,29,1.4275512543150306,794212360,1029183500,1030048700,1781213935360-0
s2sf12j2_redis_rep2_20260611_223851,redis,s2sf12j2_redis_rep2_20260611_223851,71b87a61-6e42-47b4-b6be-ca855a10d871,3895074,30,2.964420111985955,807019600,1030219900,1030753700,1781213935361-0
s2sf12j2_redis_rep2_20260611_223851,redis,s2sf12j2_redis_rep2_20260611_223851,627a9ff5-4a44-4ca1-a183-ed241303d231,3895074,30,2.964420111985955,807019600,1030855200,1031351000,1781213935361-1
s2sf12j2_redis_rep2_20260611_223851,redis,s2sf12j2_redis_rep2_20260611_223851,9351a75c-1c91-4205-b38c-4875eb4ab288,3895134,30,1.8918132473607605,798081210,1031463000,1031970400,1781213935362-0
s2sf12j2_redis_rep2_20260611_223851,redis,s2sf12j2_redis_rep2_20260611_223851,0eb76ef4-ed2e-4a58-b18f-6a3f6722f9e1,3895074,30,2.964420111985955,807019600,1032076200,1032679600,1781213935363-0
s2sf12j2_redis_rep2_20260611_223851,redis,s2sf12j2_redis_rep2_20260611_223851,b1ebe5e7-8980-4421-b068-c1b1a36c650d,3895134,30,1.8918132473607605,798081210,1032773000,1033434400,1781213935364-0
s2sf12j2_redis_rep2_20260611_223851,redis,s2sf12j2_redis_rep2_20260611_223851,f1851ae9-876d-42a8-8c1c-9d39b58512ef,3895134,30,1.8918132473607605,798081210,1033553800,1034170300,1781213935364-1
s2sf12j2_redis_rep2_20260611_223851,redis,s2sf12j2_redis_rep2_20260611_223851,296e5f1d-e535-4774-b97f-5a38164d4b8f,3895095,30,3.3920991910897675,810583593,1034279900,1034847000,1781213935365-0
s2sf12j2_redis_rep2_20260611_223851,redis,s2sf12j2_redis_rep2_20260611_223851,b3acab4e-f147-4ab7-8b84-8d90f00ed126,3895067,31,1.193234544894941,792259721,1034946500,1035499200,1781213935366-0
s2sf12j2_redis_rep2_20260611_223851,redis,s2sf12j2_redis_rep2_20260611_223851,e06cfc4c-9c3c-4733-a711-b3d88fad8f32,3895086,31,2.246937795637394,801040581,1035600300,1036156100,1781213935366-1
s2sf12j2_redis_rep2_20260611_223851,redis,s2sf12j2_redis_rep2_20260611_223851,f7644a7f-0ac8-482f-9ec0-f722e6b7f072,3895086,31,2.246937795637394,801040581,1036255100,1036818400,1781213935367-0
s2sf12j2_redis_rep2_20260611_223851,redis,s2sf12j2_redis_rep2_20260611_223851,10ccacd2-12e9-4f5f-907e-988c1c25c90e,3895086,31,2.246937795637394,801040581,1036908200,1037378300,1781213935368-0
s2sf12j2_redis_rep2_20260611_223851,redis,s2sf12j2_redis_rep2_20260611_223851,5139bbac-6a19-4cef-956b-a1a6c0e36dbc,3895095,31,3.475432524423101,811278037,1037484200,1038055900,1781213935368-1
s2sf12j2_redis_rep2_20260611_223851,redis,s2sf12j2_redis_rep2_20260611_223851,2122e986-fc97-4fb7-82e7-52bbebd90352,3895095,31,3.475432524423101,811278037,1038183000,1038778000,1781213935369-0
s2sf12j2_redis_rep2_20260611_223851,redis,s2sf12j2_redis_rep2_20260611_223851,7ec1b841-0000-48ef-8b63-277239da3299,3895067,32,1.276567878228274,792954165,1038871800,1039456200,1781213935370-0
s2sf12j2_redis_rep2_20260611_223851,redis,s2sf12j2_redis_rep2_20260611_223851,8dd23275-eba9-4971-bce5-da81859b6b2e,3895121,32,2.3550797414318065,801941764,1039580200,1040503000,1781213935370-1
s2sf12j2_redis_rep2_20260611_223851,redis,s2sf12j2_redis_rep2_20260611_223851,2c6c5867-a9c6-45c0-b53b-8f50c49f7e92,3895113,32,1.2053124836891258,792360370,1040717900,1041304300,1781213935371-0
s2sf12j2_redis_rep2_20260611_223851,redis,s2sf12j2_redis_rep2_20260611_223851,b858f0f4-ba17-4962-b947-b84799009462,3895113,32,1.2053124836891258,792360370,1041421700,1042153500,1781213935372-0
s2sf12j2_redis_rep2_20260611_223851,redis,s2sf12j2_redis_rep2_20260611_223851,bab99ff3-3588-4401-a890-bdf6608b9a48,3895107,32,1.6775512543150306,796295693,1042260400,1042795600,1781213935373-0
s2sf12j2_redis_rep2_20260611_223851,redis,s2sf12j2_redis_rep2_20260611_223851,c1ae8433-3128-4a28-aae7-22525204f668,3895067,33,1.3599012115616076,793648610,1042936700,1043626100,1781213935374-0
s2sf12j2_redis_rep2_20260611_223851,redis,s2sf12j2_redis_rep2_20260611_223851,3eaad870-8b07-4e98-b321-069674f3f82b,3895074,33,3.214420111985955,809102934,1043730600,1044790200,1781213935375-0
s2sf12j2_redis_rep2_20260611_223851,redis,s2sf12j2_redis_rep2_20260611_223851,4bdb4956-a093-46d2-98fe-109bb1fb1765,3895121,33,2.43841307476514,802636208,1045024100,1045682200,1781213935376-0
s2sf12j2_redis_rep2_20260611_223851,redis,s2sf12j2_redis_rep2_20260611_223851,592d4541-7545-4895-bb90-16cd88fd6bf2,3895121,33,2.43841307476514,802636208,1045834400,1046474000,1781213935377-0
s2sf12j2_redis_rep2_20260611_223851,redis,s2sf12j2_redis_rep2_20260611_223851,a5ee5014-88eb-46e6-994c-e1ba365efbb1,3895121,33,2.43841307476514,802636208,1046628300,1047174800,1781213935377-1
s2sf12j2_redis_rep2_20260611_223851,redis,s2sf12j2_redis_rep2_20260611_223851,85016910-7a46-41d7-9daa-e67ae1f50e97,3895086,33,2.4136044623040607,802429470,1047282800,1047856800,1781213935378-0
s2sf12j2_redis_rep2_20260611_223851,redis,s2sf12j2_redis_rep2_20260611_223851,4dd4ac95-4164-4d15-8e70-836f84f12a8a,3895121,33,2.43841307476514,802636208,1047957900,1048635000,1781213935379-0
s2sf12j2_redis_rep2_20260611_223851,redis,s2sf12j2_redis_rep2_20260611_223851,02c211e4-b3bf-4022-be9f-fc5e3d0f59b6,3895086,33,2.4136044623040607,802429470,1048743400,1049256100,1781213935379-1
s2sf12j2_redis_rep2_20260611_223851,redis,s2sf12j2_redis_rep2_20260611_223851,b1f40782-0844-4ca7-8a99-20694926c324,3895121,33,2.43841307476514,802636208,1049344400,1049937800,1781213935380-0
s2sf12j2_redis_rep2_20260611_223851,redis,s2sf12j2_redis_rep2_20260611_223851,d9e6bd9b-89d4-45ee-85fc-00900e577173,3895121,33,2.43841307476514,802636208,1050034500,1050670000,1781213935381-0
s2sf12j2_redis_rep2_20260611_223851,redis,s2sf12j2_redis_rep2_20260611_223851,5452081a-96f0-4852-86c5-8e0190c4ce6c,3895107,33,1.760884587648364,796990138,1050756100,1051235000,1781213935381-1
s2sf12j2_redis_rep2_20260611_223851,redis,s2sf12j2_redis_rep2_20260611_223851,db85ec6b-1a44-4182-96fb-36516fe277aa,3895107,33,1.760884587648364,796990138,1051323300,1051744500,1781213935382-0
s2sf12j2_redis_rep2_20260611_223851,redis,s2sf12j2_redis_rep2_20260611_223851,92c1b7bb-eaee-47f1-bb28-3688ba247c98,3895060,34,4.582702728353227,820505289,1051827400,1052255600,1781213935382-1
s2sf12j2_redis_rep2_20260611_223851,redis,s2sf12j2_redis_rep2_20260611_223851,3d40db80-19ae-4784-9115-8a64c8382f1f,3895074,34,3.2977534453192883,809797378,1052390900,1052947600,1781213935383-0
s2sf12j2_redis_rep2_20260611_223851,redis,s2sf12j2_redis_rep2_20260611_223851,f7ccc18b-f57d-473d-aef2-7b018211ff13,3895074,34,3.2977534453192883,809797378,1053054400,1053540100,1781213935384-0
s2sf12j2_redis_rep2_20260611_223851,redis,s2sf12j2_redis_rep2_20260611_223851,343cc444-e0ab-43f0-a93f-66266b9dbea8,3895113,34,1.3719791503557928,793749259,1053631900,1054043300,1781213935384-1
s2sf12j2_redis_rep2_20260611_223851,redis,s2sf12j2_redis_rep2_20260611_223851,1286483f-b0bf-4d49-9a2f-2233368aaa37,3895113,34,1.3719791503557928,793749259,1054127400,1054584000,1781213935385-0
s2sf12j2_redis_rep2_20260611_223851,redis,s2sf12j2_redis_rep2_20260611_223851,35c75d8f-f13e-4940-8843-96202930c58c,3895121,34,2.521746408098473,803330653,1054665100,1055601400,1781213935385-1
s2sf12j2_redis_rep2_20260611_223851,redis,s2sf12j2_redis_rep2_20260611_223851,d97ce31d-b6bd-454f-b4f3-583b06b5b821,3895113,34,1.3719791503557928,793749259,1055691500,1056223300,1781213935386-0
s2sf12j2_redis_rep2_20260611_223851,redis,s2sf12j2_redis_rep2_20260611_223851,db104f0b-4bee-4708-8598-d5233acbfd34,3895107,34,1.8442179209816976,797684582,1056331400,1056939100,1781213935387-0
s2sf12j2_redis_rep2_20260611_223851,redis,s2sf12j2_redis_rep2_20260611_223851,d8bafa86-623c-428c-b507-6da8d83df984,3895060,35,4.66603606168656,821199733,1057060100,1057721300,1781213935388-0
s2sf12j2_redis_rep2_20260611_223851,redis,s2sf12j2_redis_rep2_20260611_223851,8a9895c6-a43d-4488-b3c3-826e7813c15e,3895060,35,4.66603606168656,821199733,1057813200,1058443900,1781213935389-0
s2sf12j2_redis_rep2_20260611_223851,redis,s2sf12j2_redis_rep2_20260611_223851,38e6d097-a9de-49da-b6cf-d57ea1fbdfa9,3895121,35,2.6050797414318065,804025097,1058554400,1059178600,1781213935389-1
s2sf12j2_redis_rep2_20260611_223851,redis,s2sf12j2_redis_rep2_20260611_223851,5e8cf1bd-a044-4542-b2bf-cac8667f4322,3895113,35,1.4553124836891258,794443704,1059288900,1059864700,1781213935390-0
s2sf12j2_redis_rep2_20260611_223851,redis,s2sf12j2_redis_rep2_20260611_223851,90d289d6-4046-4fdb-9ea5-387717cb297d,3895113,35,1.4553124836891258,794443704,1060132200,1060789900,1781213935391-0
s2sf12j2_redis_rep2_20260611_223851,redis,s2sf12j2_redis_rep2_20260611_223851,edd5ce07-d5a1-480e-b4b3-d3cfe453d008,3895113,35,1.4553124836891258,794443704,1060929500,1061641200,1781213935392-0
s2sf12j2_redis_rep2_20260611_223851,redis,s2sf12j2_redis_rep2_20260611_223851,d5f49005-e164-4a56-b36c-8e788d813b4c,3895086,36,2.6636044623040607,804512803,1061818000,1062843300,1781213935393-0
s2sf12j2_redis_rep2_20260611_223851,redis,s2sf12j2_redis_rep2_20260611_223851,42c600fd-1ba8-4635-888b-d1c43e4642ca,3895121,36,2.68841307476514,804719542,1062998300,1063617700,1781213935394-0
s2sf12j2_redis_rep2_20260611_223851,redis,s2sf12j2_redis_rep2_20260611_223851,32090cac-d662-4ecc-99e0-ac0e4575877f,3895113,36,1.5386458170224593,795138148,1063731800,1064349400,1781213935394-1
s2sf12j2_redis_rep2_20260611_223851,redis,s2sf12j2_redis_rep2_20260611_223851,c375c660-a042-4e1d-9377-a3d8e9137b77,3895113,36,1.5386458170224593,795138148,1064451300,1065033600,1781213935395-0
s2sf12j2_redis_rep2_20260611_223851,redis,s2sf12j2_redis_rep2_20260611_223851,956dc981-5c22-41fc-800c-123fe8ce5e4a,3895113,36,1.5386458170224593,795138148,1065143700,1065713200,1781213935396-0
s2sf12j2_redis_rep2_20260611_223851,redis,s2sf12j2_redis_rep2_20260611_223851,2385fdd1-5767-4de2-9c4b-54ed4e9d1e43,3895067,37,1.693234544894941,796426387,1065832600,1066463300,1781213935397-0
s2sf12j2_redis_rep2_20260611_223851,redis,s2sf12j2_redis_rep2_20260611_223851,68b68600-4736-4bb8-96f4-4648b096d2ad,3895074,37,3.5477534453192883,811880712,1066581000,1067094900,1781213935397-1
s2sf12j2_redis_rep2_20260611_223851,redis,s2sf12j2_redis_rep2_20260611_223851,06029eea-1721-442f-b067-5ea6dc7b0631,3895074,37,3.5477534453192883,811880712,1067194600,1067735300,1781213935398-0
s2sf12j2_redis_rep2_20260611_223851,redis,s2sf12j2_redis_rep2_20260611_223851,345213be-58bb-4752-82aa-82a0cd026971,3895121,37,2.771746408098473,805413986,1067829800,1068312500,1781213935398-1
s2sf12j2_redis_rep2_20260611_223851,redis,s2sf12j2_redis_rep2_20260611_223851,26e2822c-be09-429f-b5e1-9478a147e355,3895121,37,2.771746408098473,805413986,1068447800,1069051300,1781213935399-0
s2sf12j2_redis_rep2_20260611_223851,redis,s2sf12j2_redis_rep2_20260611_223851,6fa24066-9ea3-4e9f-83cb-2c9bf05e6167,3895121,37,2.771746408098473,805413986,1069143900,1069710000,1781213935400-0
s2sf12j2_redis_rep2_20260611_223851,redis,s2sf12j2_redis_rep2_20260611_223851,325e9b33-e862-4822-88ad-25bff06d2c07,3895121,37,2.771746408098473,805413986,1069804300,1070356100,1781213935401-0
s2sf12j2_redis_rep2_20260611_223851,redis,s2sf12j2_redis_rep2_20260611_223851,acb76887-5356-44c9-bc8e-16b40dea5fdd,3895113,37,1.6219791503557928,795832592,1070449800,1070932100,1781213935401-1
s2sf12j2_redis_rep2_20260611_223851,redis,s2sf12j2_redis_rep2_20260611_223851,5647da51-88db-4e25-a864-8610b7aaea93,3895067,38,1.776567878228274,797120832,1071020200,1071536600,1781213935402-0
s2sf12j2_redis_rep2_20260611_223851,redis,s2sf12j2_redis_rep2_20260611_223851,26deaac5-4c1c-429d-bc3b-a714e513cc0c,3895060,38,4.91603606168656,823283067,1071625000,1072078300,1781213935402-1
s2sf12j2_redis_rep2_20260611_223851,redis,s2sf12j2_redis_rep2_20260611_223851,12a36da3-d1f7-4490-a4f8-f4be3907a880,3895067,38,1.776567878228274,797120832,1072160000,1072682700,1781213935403-0
s2sf12j2_redis_rep2_20260611_223851,redis,s2sf12j2_redis_rep2_20260611_223851,bb7d9289-4044-46d8-8558-4f23cc40f18b,3895095,38,4.058765857756434,816139148,1072773700,1073275600,1781213935403-1
s2sf12j2_redis_rep2_20260611_223851,redis,s2sf12j2_redis_rep2_20260611_223851,191352f4-b6b1-4676-bb29-03561c51730b,3895107,38,2.1775512543150306,800462360,1073368900,1073847600,1781213935404-0
s2sf12j2_redis_rep2_20260611_223851,redis,s2sf12j2_redis_rep2_20260611_223851,90e3b280-77a2-42f8-80a1-789498a383d1,3895060,39,4.999369395019894,823977511,1073935900,1074511100,1781213935405-0
s2sf12j2_redis_rep2_20260611_223851,redis,s2sf12j2_redis_rep2_20260611_223851,cea8c7fe-1b2f-4beb-9b6b-0c11f999b909,3895060,39,4.999369395019894,823977511,1074604800,1075159600,1781213935405-1
s2sf12j2_redis_rep2_20260611_223851,redis,s2sf12j2_redis_rep2_20260611_223851,59f60e75-1337-46d7-bc7c-676bad3acc07,3895060,39,4.999369395019894,823977511,1075273400,1075810800,1781213935406-0
s2sf12j2_redis_rep2_20260611_223851,redis,s2sf12j2_redis_rep2_20260611_223851,00da8b93-dab3-460e-b1e5-1ee467331388,3895095,39,4.142099191089768,816833593,1075920800,1076432600,1781213935407-0
s2sf12j2_redis_rep2_20260611_223851,redis,s2sf12j2_redis_rep2_20260611_223851,91c32868-e70e-4b6a-a7ce-6723528ed7e8,3895095,39,4.142099191089768,816833593,1076546600,1077130100,1781213935407-1
s2sf12j2_redis_rep2_20260611_223851,redis,s2sf12j2_redis_rep2_20260611_223851,58ddef64-ed5b-4758-911b-9cc6f9bc3ab0,3895121,39,2.93841307476514,806802875,1077229800,1077773700,1781213935408-0
s2sf12j2_redis_rep2_20260611_223851,redis,s2sf12j2_redis_rep2_20260611_223851,bfd7ab2d-8af5-4ae1-a8a2-c438e0ecf01d,3895121,39,2.93841307476514,806802875,1077901900,1078471600,1781213935409-0
s2sf12j2_redis_rep2_20260611_223851,redis,s2sf12j2_redis_rep2_20260611_223851,220cb931-5cd7-4c7b-8fc0-6550c89e4b6b,3895113,39,1.7886458170224593,797221481,1078565100,1079051000,1781213935409-1
s2sf12j2_redis_rep2_20260611_223851,redis,s2sf12j2_redis_rep2_20260611_223851,fb37f522-69f3-458c-96f4-574410785219,3895121,39,2.93841307476514,806802875,1079140700,1079675200,1781213935410-0
s2sf12j2_redis_rep2_20260611_223851,redis,s2sf12j2_redis_rep2_20260611_223851,4b550bc1-31ac-4914-8a11-29a4cecb6380,3895113,39,1.7886458170224593,797221481,1079772200,1080286500,1781213935410-1
s2sf12j2_redis_rep2_20260611_223851,redis,s2sf12j2_redis_rep2_20260611_223851,f85aeff4-b9ad-4127-9dd6-ee22d8df6683,3895107,39,2.260884587648364,801156804,1080387000,1080879700,1781213935411-0
s2sf12j2_redis_rep2_20260611_223851,redis,s2sf12j2_redis_rep2_20260611_223851,e435a0b9-4c8a-4470-b59a-5ec58d706789,3895060,40,5.082702728353227,824671956,1080968700,1081458500,1781213935412-0
s2sf12j2_redis_rep2_20260611_223851,redis,s2sf12j2_redis_rep2_20260611_223851,22e32209-bb97-4c30-9b3b-beee02261e71,3895074,40,3.797753445319288,813964045,1081570700,1082085600,1781213935412-1
s2sf12j2_redis_rep2_20260611_223851,redis,s2sf12j2_redis_rep2_20260611_223851,42c834c5-484a-4ac0-8d9f-0bd7f0b4ae95,3895086,40,2.996937795637394,807290581,1082173400,1082685400,1781213935413-0
s2sf12j2_redis_rep2_20260611_223851,redis,s2sf12j2_redis_rep2_20260611_223851,dc60fe07-6cc5-473b-8ccf-9bf00e152a49,3895086,40,2.996937795637394,807290581,1082780400,1083305700,1781213935413-1
s2sf12j2_redis_rep2_20260611_223851,redis,s2sf12j2_redis_rep2_20260611_223851,75b3f799-6706-436e-bad8-445ccd64f4e2,3895095,40,4.225432524423101,817528037,1083396400,1083897100,1781213935414-0
s2sf12j2_redis_rep2_20260611_223851,redis,s2sf12j2_redis_rep2_20260611_223851,846dfbba-d9ca-4a4e-9f80-b12670b4085e,3895067,41,2.026567878228274,799204165,1084000800,1084498900,1781213935415-0
s2sf12j2_redis_rep2_20260611_223851,redis,s2sf12j2_redis_rep2_20260611_223851,b20d045a-73cb-4eab-8dfc-bc07269ce986,3895060,41,5.16603606168656,825366400,1084601200,1085134600,1781213935415-1
s2sf12j2_redis_rep2_20260611_223851,redis,s2sf12j2_redis_rep2_20260611_223851,998ca3a4-a5cc-4a15-9c36-122431d2f843,3895060,41,5.16603606168656,825366400,1085228000,1085756900,1781213935416-0
s2sf12j2_redis_rep2_20260611_223851,redis,s2sf12j2_redis_rep2_20260611_223851,61c32a5d-7d5c-4b88-a59b-8e5ebed5e25c,3895060,41,5.16603606168656,825366400,1085864000,1086330900,1781213935417-0
s2sf12j2_redis_rep2_20260611_223851,redis,s2sf12j2_redis_rep2_20260611_223851,d4bf08dc-9205-4261-8876-566102e23931,3895060,41,5.16603606168656,825366400,1086411100,1086976000,1781213935417-1
s2sf12j2_redis_rep2_20260611_223851,redis,s2sf12j2_redis_rep2_20260611_223851,932cd718-07b8-4f43-843a-040ea138a086,3895095,41,4.308765857756434,818222482,1087058300,1087609800,1781213935418-0
s2sf12j2_redis_rep2_20260611_223851,redis,s2sf12j2_redis_rep2_20260611_223851,d63c807a-8016-408b-8ede-1c8b62314bd2,3895095,41,4.308765857756434,818222482,1087834300,1088404100,1781213935419-0
s2sf12j2_redis_rep2_20260611_223851,redis,s2sf12j2_redis_rep2_20260611_223851,b6b79bd5-83a0-45aa-ae80-3d1d5e30a83f,3895095,41,4.308765857756434,818222482,1088487700,1088984700,1781213935419-1
s2sf12j2_redis_rep2_20260611_223851,redis,s2sf12j2_redis_rep2_20260611_223851,f9d31109-d4a2-4fbf-b479-d10ce5b80123,3895095,41,4.308765857756434,818222482,1089067400,1089646700,1781213935420-0
s2sf12j2_redis_rep2_20260611_223851,redis,s2sf12j2_redis_rep2_20260611_223851,0bcbb10c-b3c8-406b-be58-ce0986f273ae,3895095,41,4.308765857756434,818222482,1089726100,1090220900,1781213935420-1
s2sf12j2_redis_rep2_20260611_223851,redis,s2sf12j2_redis_rep2_20260611_223851,92b772f2-c273-4ec4-a7e2-3d09c1452965,3895107,41,2.4275512543150306,802545693,1090326000,1091066900,1781213935421-0
s2sf12j2_redis_rep2_20260611_223851,redis,s2sf12j2_redis_rep2_20260611_223851,e2fec3bf-0acb-49b9-9afa-4d4a4ecce0c1,3895107,41,2.4275512543150306,802545693,1091197000,1091752500,1781213935422-0
s2sf12j2_redis_rep2_20260611_223851,redis,s2sf12j2_redis_rep2_20260611_223851,5ec55ad0-1494-4ad7-9fdd-7226078bb2db,3895067,42,2.109901211561608,799898610,1091876400,1092518100,1781213935423-0
s2sf12j2_redis_rep2_20260611_223851,redis,s2sf12j2_redis_rep2_20260611_223851,e04b6836-a1e8-4472-b5ef-4f602b2c983e,3895067,42,2.109901211561608,799898610,1092672000,1093193200,1781213935423-1
s2sf12j2_redis_rep2_20260611_223851,redis,s2sf12j2_redis_rep2_20260611_223851,13e3148f-e1f5-46b5-929a-d4dc6755ebf6,3895067,42,2.109901211561608,799898610,1093317300,1093782000,1781213935424-0
s2sf12j2_redis_rep2_20260611_223851,redis,s2sf12j2_redis_rep2_20260611_223851,468623e8-7e76-4b78-b553-f607b9fb4b07,3895067,42,2.109901211561608,799898610,1093878400,1094391300,1781213935425-0
s2sf12j2_redis_rep2_20260611_223851,redis,s2sf12j2_redis_rep2_20260611_223851,65a00927-90a1-4c33-a35c-363da5bcaaeb,3895060,42,5.249369395019894,826060844,1094494300,1094920900,1781213935425-1
s2sf12j2_redis_rep2_20260611_223851,redis,s2sf12j2_redis_rep2_20260611_223851,747510a6-98ed-4a69-9400-5617988abdfa,3895060,42,5.249369395019894,826060844,1095015100,1095496800,1781213935426-0
s2sf12j2_redis_rep2_20260611_223851,redis,s2sf12j2_redis_rep2_20260611_223851,f5acbdd4-0316-4e8d-b8d1-48c192aba5ba,3895060,42,5.249369395019894,826060844,1095592600,1096059100,1781213935426-1
s2sf12j2_redis_rep2_20260611_223851,redis,s2sf12j2_redis_rep2_20260611_223851,244fd2c8-b53e-4e9e-8f15-a3d4fc996e95,3895060,42,5.249369395019894,826060844,1096145100,1096614900,1781213935427-0
s2sf12j2_redis_rep2_20260611_223851,redis,s2sf12j2_redis_rep2_20260611_223851,4bbe9045-17fc-4dd4-b422-1b2c0b7f7c2d,3895086,42,3.1636044623040607,808679470,1096709500,1097277700,1781213935427-1
s2sf12j2_redis_rep2_20260611_223851,redis,s2sf12j2_redis_rep2_20260611_223851,ee5e44ed-cec3-40a9-b760-3312d3d02746,3895086,42,3.1636044623040607,808679470,1097359500,1097888600,1781213935428-0
s2sf12j2_redis_rep2_20260611_223851,redis,s2sf12j2_redis_rep2_20260611_223851,b7857dd2-503f-47c6-a8b4-71291a3e9b6c,3895121,42,3.18841307476514,808886208,1097973400,1098434800,1781213935429-0
s2sf12j2_redis_rep2_20260611_223851,redis,s2sf12j2_redis_rep2_20260611_223851,02d38453-def0-4dfb-8f41-809f0d0ee531,3895113,42,2.0386458170224597,799304815,1098514600,1098987100,1781213935429-1
s2sf12j2_redis_rep2_20260611_223851,redis,s2sf12j2_redis_rep2_20260611_223851,88b6503f-b7ef-4671-8e00-5ce2fc49c9f7,3895107,42,2.510884587648364,803240138,1099067600,1099570300,1781213935430-0
s2sf12j2_redis_rep2_20260611_223851,redis,s2sf12j2_redis_rep2_20260611_223851,0ada3c93-0dea-44b3-838b-308d7032cb53,3895134,43,2.9751465806940938,807108988,1099655800,1100164900,1781213935430-1
s2sf12j2_redis_rep2_20260611_223851,redis,s2sf12j2_redis_rep2_20260611_223851,490ee852-fb5c-4bc5-9ad4-60c7fa3aeb35,3895060,43,5.332702728353227,826755289,1100248500,1100787500,1781213935431-0
s2sf12j2_redis_rep2_20260611_223851,redis,s2sf12j2_redis_rep2_20260611_223851,e2b37f00-81ce-493d-9f04-3b60b2d08ff3,3895060,43,5.332702728353227,826755289,1100866700,1101480200,1781213935432-0
s2sf12j2_redis_rep2_20260611_223851,redis,s2sf12j2_redis_rep2_20260611_223851,33f17635-b8f6-4118-a3df-72500fc4136b,3895060,43,5.332702728353227,826755289,1101563500,1102052000,1781213935432-1
s2sf12j2_redis_rep2_20260611_223851,redis,s2sf12j2_redis_rep2_20260611_223851,e04ea77c-949a-42c1-a58b-9b2cd5ec3f86,3895086,43,3.246937795637394,809373914,1102160700,1102713400,1781213935433-0
s2sf12j2_redis_rep2_20260611_223851,redis,s2sf12j2_redis_rep2_20260611_223851,ea294bae-9cde-4a49-ba92-8de0e5558724,3895086,43,3.246937795637394,809373914,1102800300,1103276600,1781213935433-1
s2sf12j2_redis_rep2_20260611_223851,redis,s2sf12j2_redis_rep2_20260611_223851,bf7dd8ff-3505-484f-b34a-1cfbd05f5203,3895086,43,3.246937795637394,809373914,1103370800,1103905200,1781213935434-0
s2sf12j2_redis_rep2_20260611_223851,redis,s2sf12j2_redis_rep2_20260611_223851,7e09cb25-daea-481e-a291-444a2e190a68,3895113,43,2.1219791503557928,799999259,1103992000,1104518400,1781213935435-0
s2sf12j2_redis_rep2_20260611_223851,redis,s2sf12j2_redis_rep2_20260611_223851,4334c761-3d76-4734-89ce-0d25fd4d1d5c,3895067,44,2.276567878228274,801287498,1104608100,1105054100,1781213935435-1
s2sf12j2_redis_rep2_20260611_223851,redis,s2sf12j2_redis_rep2_20260611_223851,de2f5dd9-8866-4731-8ba6-b62075693025,3895067,44,2.276567878228274,801287498,1105141400,1105889800,1781213935436-0
s2sf12j2_redis_rep2_20260611_223851,redis,s2sf12j2_redis_rep2_20260611_223851,e607fbaf-57c6-46a5-9065-cd6ef1483ee7,3895060,44,5.41603606168656,827449733,1106087000,1106711900,1781213935437-0
s2sf12j2_redis_rep2_20260611_223851,redis,s2sf12j2_redis_rep2_20260611_223851,b081c486-1265-44bc-9b1e-bdbab86027bc,3895060,44,5.41603606168656,827449733,1106843300,1107476100,1781213935438-0
s2sf12j2_redis_rep2_20260611_223851,redis,s2sf12j2_redis_rep2_20260611_223851,1294206e-9663-4a6b-9df5-c439b597a356,3895086,44,3.330271128970727,810068359,1107681800,1108563400,1781213935439-0
s2sf12j2_redis_rep2_20260611_223851,redis,s2sf12j2_redis_rep2_20260611_223851,6e6d3a04-3b2d-4594-912c-ef552bb70b66,3895121,44,3.3550797414318065,810275097,1108710500,1109319700,1781213935439-1
s2sf12j2_redis_rep2_20260611_223851,redis,s2sf12j2_redis_rep2_20260611_223851,b7d0f261-5334-4d69-96af-25ae011560ca,3895121,44,3.3550797414318065,810275097,1109432700,1110040500,1781213935440-0
s2sf12j2_redis_rep2_20260611_223851,redis,s2sf12j2_redis_rep2_20260611_223851,6bfc5905-fd3d-4a0f-8dd4-e66a22373576,3895134,45,3.1418132473607603,808497877,1110177900,1110702400,1781213935441-0
s2sf12j2_redis_rep2_20260611_223851,redis,s2sf12j2_redis_rep2_20260611_223851,2083aef2-6d41-4a34-8a5a-4a3775a71852,3895134,45,3.1418132473607603,808497877,1110825700,1111354200,1781213935442-0
s2sf12j2_redis_rep2_20260611_223851,redis,s2sf12j2_redis_rep2_20260611_223851,e7838e3a-3874-4ca3-b660-ea74ef2c384d,3895060,45,5.499369395019894,828144178,1111497900,1112070000,1781213935442-1
s2sf12j2_redis_rep2_20260611_223851,redis,s2sf12j2_redis_rep2_20260611_223851,58cdc1d1-788b-4e0b-a07b-84d6db9ad04b,3895086,45,3.4136044623040607,810762803,1112169200,1112691200,1781213935443-0
s2sf12j2_redis_rep2_20260611_223851,redis,s2sf12j2_redis_rep2_20260611_223851,959b2e5b-016f-4594-9d72-537819b03bd8,3895086,45,3.4136044623040607,810762803,1112785800,1113345100,1781213935443-1
s2sf12j2_redis_rep2_20260611_223851,redis,s2sf12j2_redis_rep2_20260611_223851,43d448f5-3161-4484-a1e9-7ead8dbb8df2,3895113,45,2.2886458170224597,801388148,1113473300,1114024900,1781213935444-0
s2sf12j2_redis_rep2_20260611_223851,redis,s2sf12j2_redis_rep2_20260611_223851,7baac0c7-203d-4e43-89f7-7d482a26ee0d,3895121,45,3.43841307476514,810969542,1114116900,1114656200,1781213935445-0
s2sf12j2_redis_rep2_20260611_223851,redis,s2sf12j2_redis_rep2_20260611_223851,31bf416b-2f8b-436b-a233-07d16a05f948,3895113,45,2.2886458170224597,801388148,1114744800,1115256100,1781213935445-1
s2sf12j2_redis_rep2_20260611_223851,redis,s2sf12j2_redis_rep2_20260611_223851,84b5ba76-8141-4875-82aa-039802b7b1e9,3895113,45,2.2886458170224597,801388148,1115443800,1116088600,1781213935446-0
s2sf12j2_redis_rep2_20260611_223851,redis,s2sf12j2_redis_rep2_20260611_223851,87666b3c-fae0-4ec8-a71d-c2d3be7beb84,3895052,46,2.877568035395369,806295833,1116185900,1116748700,1781213935447-0
s2sf12j2_redis_rep2_20260611_223851,redis,s2sf12j2_redis_rep2_20260611_223851,89e0e216-29e0-4bad-b415-358338ffc09f,3895121,46,3.521746408098473,811663986,1116834800,1117256200,1781213935447-1
s2sf12j2_redis_rep2_20260611_223851,redis,s2sf12j2_redis_rep2_20260611_223851,533800e7-a633-4c16-989e-88d349c01143,3895113,46,2.3719791503557928,802082592,1117343000,1117820700,1781213935448-0
s2sf12j2_redis_rep2_20260611_223851,redis,s2sf12j2_redis_rep2_20260611_223851,351f7fc6-14b7-46ba-9fb9-04f41961ded3,3895052,47,2.9609013687287025,806990278,1117916700,1118520100,1781213935449-0
s2sf12j2_redis_rep2_20260611_223851,redis,s2sf12j2_redis_rep2_20260611_223851,fdc51a4b-28c8-4fce-84e7-171fe7b1d4b6,3895052,47,2.9609013687287025,806990278,1118615500,1119102100,1781213935449-1
s2sf12j2_redis_rep2_20260611_223851,redis,s2sf12j2_redis_rep2_20260611_223851,f2ada232-d480-4ba1-abd7-75e39f0030a3,3895060,47,5.66603606168656,829533067,1119226600,1119826800,1781213935450-0
s2sf12j2_redis_rep2_20260611_223851,redis,s2sf12j2_redis_rep2_20260611_223851,79dceb5a-d57a-4e48-9857-49a39de9e10c,3895060,47,5.66603606168656,829533067,1119917700,1120434800,1781213935451-0
s2sf12j2_redis_rep2_20260611_223851,redis,s2sf12j2_redis_rep2_20260611_223851,0c0f4cd0-cd24-4049-a9c1-842b9ce36562,3895060,47,5.66603606168656,829533067,1120537100,1121189500,1781213935451-1
s2sf12j2_redis_rep2_20260611_223851,redis,s2sf12j2_redis_rep2_20260611_223851,04713f82-6bc1-4e6b-904b-eb4fd56d5eb3,3895067,48,2.609901211561608,804065276,1121291700,1121840600,1781213935452-0
s2sf12j2_redis_rep2_20260611_223851,redis,s2sf12j2_redis_rep2_20260611_223851,5f268cd7-74fc-4aea-9caa-8cdf9d717648,3895067,48,2.609901211561608,804065276,1121948200,1122400800,1781213935453-0
s2sf12j2_redis_rep2_20260611_223851,redis,s2sf12j2_redis_rep2_20260611_223851,76fa657c-52d9-444e-8432-b36a4d76771f,3895067,48,2.609901211561608,804065276,1122503300,1122990700,1781213935453-1
s2sf12j2_redis_rep2_20260611_223851,redis,s2sf12j2_redis_rep2_20260611_223851,96bd8297-91b0-47fc-a7b2-2c433ec2e694,3895052,48,3.044234702062036,807684722,1123090700,1123556800,1781213935454-0
s2sf12j2_redis_rep2_20260611_223851,redis,s2sf12j2_redis_rep2_20260611_223851,8d0349fb-568c-440c-9069-42adbf1f9c3a,3895052,48,3.044234702062036,807684722,1123640100,1124189100,1781213935454-1
s2sf12j2_redis_rep2_20260611_223851,redis,s2sf12j2_redis_rep2_20260611_223851,f5c259e0-c5c7-49b0-9c59-02585ab58986,3895086,48,3.6636044623040607,812846137,1124276100,1124817500,1781213935455-0
s2sf12j2_redis_rep2_20260611_223851,redis,s2sf12j2_redis_rep2_20260611_223851,e008a8be-aa49-49e9-bd13-a93552b5c052,3895113,48,2.5386458170224597,803471481,1124900800,1125322500,1781213935456-0
s2sf12j2_redis_rep2_20260611_223851,redis,s2sf12j2_redis_rep2_20260611_223851,cda89eb4-2a08-49d3-b303-e8d036641f46,3895134,49,3.4751465806940933,811275654,1125403300,1125865500,1781213935456-1
s2sf12j2_redis_rep2_20260611_223851,redis,s2sf12j2_redis_rep2_20260611_223851,dc5c5cf4-f423-403a-b51c-979540ef7622,3895060,49,5.832702728353226,830921956,1125942900,1126436100,1781213935457-0
s2sf12j2_redis_rep2_20260611_223851,redis,s2sf12j2_redis_rep2_20260611_223851,1a55229e-3379-44ed-a2d0-4c24a2d6169a,3895060,49,5.832702728353226,830921956,1126525600,1127033000,1781213935457-1
s2sf12j2_redis_rep2_20260611_223851,redis,s2sf12j2_redis_rep2_20260611_223851,fac5aea2-5596-489a-968e-56f16712940d,3895107,49,3.094217920981697,808101249,1127111100,1127481900,1781213935458-0
s2sf12j2_redis_rep2_20260611_223851,redis,s2sf12j2_redis_rep2_20260611_223851,efcf17d5-c042-4aaf-b0d7-93d7c93295e4,3895067,50,2.7765678782282746,805454165,1127560400,1127987000,1781213935458-1
s2sf12j2_redis_rep2_20260611_223851,redis,s2sf12j2_redis_rep2_20260611_223851,47018dac-e300-4c82-be64-a8bc5b624fe0,3895052,50,3.210901368728703,809073611,1128067200,1128604400,1781213935459-0
s2sf12j2_redis_rep2_20260611_223851,redis,s2sf12j2_redis_rep2_20260611_223851,e3fd3a05-da3c-47a0-a92c-2719348c579e,3895052,50,3.210901368728703,809073611,1128695100,1129318000,1781213935459-1
s2sf12j2_redis_rep2_20260611_223851,redis,s2sf12j2_redis_rep2_20260611_223851,2128811a-aed8-4767-93e5-6b8c8d052321,3895086,50,3.830271128970728,814235026,1129406500,1129936600,1781213935460-0
s2sf12j2_redis_rep2_20260611_223851,redis,s2sf12j2_redis_rep2_20260611_223851,3aac7306-7a20-48a5-899a-01fd2c81174c,3895086,50,3.830271128970728,814235026,1130030000,1130746300,1781213935461-0
s2sf12j2_redis_rep2_20260611_223851,redis,s2sf12j2_redis_rep2_20260611_223851,2776e660-6018-41ee-a851-c1d3110acce6,3895107,50,3.177551254315031,808795693,1130841300,1131455200,1781213935462-0
s2sf12j2_redis_rep2_20260611_223851,redis,s2sf12j2_redis_rep2_20260611_223851,fd3aeff8-4268-476c-9189-7980aa44e693,3895107,50,3.177551254315031,808795693,1131551400,1132066100,1781213935462-1
s2sf12j2_redis_rep2_20260611_223851,redis,s2sf12j2_redis_rep2_20260611_223851,868c8013-7306-466b-93e7-217812448fd5,3895134,51,3.64181324736076,812664543,1132157400,1132759700,1781213935463-0
s2sf12j2_redis_rep2_20260611_223851,redis,s2sf12j2_redis_rep2_20260611_223851,3001fadd-127b-4ce2-8879-42a84e9d6d18,3895134,51,3.64181324736076,812664543,1132853500,1133605000,1781213935464-0
s2sf12j2_redis_rep2_20260611_223851,redis,s2sf12j2_redis_rep2_20260611_223851,671975c8-652d-4d37-a960-34ea283e6839,3895067,51,2.859901211561608,806148610,1133692300,1134206100,1781213935464-1
s2sf12j2_redis_rep2_20260611_223851,redis,s2sf12j2_redis_rep2_20260611_223851,e6696fb9-60bc-4c61-804c-d5089d51dbfc,3895134,51,3.64181324736076,812664543,1134291700,1134728000,1781213935465-0
s2sf12j2_redis_rep2_20260611_223851,redis,s2sf12j2_redis_rep2_20260611_223851,dd68b07e-7dda-40cd-be54-f8f588fb2d65,3895067,51,2.859901211561608,806148610,1134805300,1135262000,1781213935465-1
s2sf12j2_redis_rep2_20260611_223851,redis,s2sf12j2_redis_rep2_20260611_223851,a204aa5b-dd2a-4419-b242-75fb830e408a,3895067,51,2.859901211561608,806148610,1135339500,1135856300,1781213935466-0
s2sf12j2_redis_rep2_20260611_223851,redis,s2sf12j2_redis_rep2_20260611_223851,6a0f8b8e-4e1b-42ee-b523-30b9a57b096e,3895052,51,3.294234702062036,809768055,1135977200,1136514800,1781213935467-0
s2sf12j2_redis_rep2_20260611_223851,redis,s2sf12j2_redis_rep2_20260611_223851,cbe82ece-02bd-4fb5-9e40-ca8251b72ec7,3895086,51,3.9136044623040607,814929470,1136597400,1137188400,1781213935467-1
s2sf12j2_redis_rep2_20260611_223851,redis,s2sf12j2_redis_rep2_20260611_223851,77377af1-c630-4e85-8bdb-0ca5557b3287,3895107,51,3.260884587648364,809490138,1137305200,1138096000,1781213935468-0
s2sf12j2_redis_rep2_20260611_223851,redis,s2sf12j2_redis_rep2_20260611_223851,ee90bada-1c6b-428a-aacb-049c3b7d8627,3895107,51,3.260884587648364,809490138,1138287900,1138912000,1781213935469-0
s2sf12j2_redis_rep2_20260611_223851,redis,s2sf12j2_redis_rep2_20260611_223851,43d10675-f46f-4529-b68d-2cb72e3bc959,3895107,51,3.260884587648364,809490138,1139039800,1139646200,1781213935470-0
s2sf12j2_redis_rep2_20260611_223851,redis,s2sf12j2_redis_rep2_20260611_223851,098845c7-c0d6-49d4-a7e8-62ad71df1740,3895107,51,3.260884587648364,809490138,1139791700,1140432900,1781213935471-0
s2sf12j2_redis_rep2_20260611_223851,redis,s2sf12j2_redis_rep2_20260611_223851,7b0bb4e0-11e8-47ec-b963-780b060ecd67,3895107,51,3.260884587648364,809490138,1140559000,1141224400,1781213935471-1
s2sf12j2_redis_rep2_20260611_223851,redis,s2sf12j2_redis_rep2_20260611_223851,0138382f-c7f1-453f-a804-e83d80388701,3895134,52,3.725146580694093,813358988,1141320400,1142091700,1781213935472-0
s2sf12j2_redis_rep2_20260611_223851,redis,s2sf12j2_redis_rep2_20260611_223851,b6598ae5-294f-495f-8871-3ed5da30a210,3895067,52,2.9432345448949406,806843054,1142192000,1142846900,1781213935473-0
s2sf12j2_redis_rep2_20260611_223851,redis,s2sf12j2_redis_rep2_20260611_223851,6258c422-389a-4b00-9a65-a893eb7f7fbd,3895067,52,2.9432345448949406,806843054,1143048800,1143695400,1781213935474-0
s2sf12j2_redis_rep2_20260611_223851,redis,s2sf12j2_redis_rep2_20260611_223851,43b4b6c3-f7eb-4660-9535-85090ee4a9c7,3895086,52,3.9969377956373937,815623914,1143810000,1144344100,1781213935475-0
s2sf12j2_redis_rep2_20260611_223851,redis,s2sf12j2_redis_rep2_20260611_223851,0824066b-6377-4f4d-b9d6-b892e16165cf,3895086,52,3.9969377956373937,815623914,1144451700,1145057900,1781213935475-1
s2sf12j2_redis_rep2_20260611_223851,redis,s2sf12j2_redis_rep2_20260611_223851,c45e4c17-d965-492f-bf68-f2cc34aea3c6,3895107,52,3.344217920981697,810184582,1145282200,1145942200,1781213935476-0
s2sf12j2_redis_rep2_20260611_223851,redis,s2sf12j2_redis_rep2_20260611_223851,3ff1967f-6e9f-4711-9f48-702eea0b78d3,3895107,52,3.344217920981697,810184582,1146103300,1146907800,1781213935477-0
s2sf12j2_redis_rep2_20260611_223851,redis,s2sf12j2_redis_rep2_20260611_223851,7773b9fa-34dc-44fc-95f0-80ebcf280e8c,3895074,53,4.881086778652621,822991823,1147033100,1147704900,1781213935478-0
s2sf12j2_redis_rep2_20260611_223851,redis,s2sf12j2_redis_rep2_20260611_223851,e9064962-a3ad-4469-be2a-58f85fcc0a21,3895067,53,3.0265678782282746,807537498,1147821100,1148372600,1781213935479-0
s2sf12j2_redis_rep2_20260611_223851,redis,s2sf12j2_redis_rep2_20260611_223851,439b5ce9-bc81-47ba-8976-7bcd6b7de738,3895052,53,3.460901368728703,811156944,1148529800,1149120900,1781213935479-1
s2sf12j2_redis_rep2_20260611_223851,redis,s2sf12j2_redis_rep2_20260611_223851,65bd167c-af9e-4117-a832-2bd3eab41c47,3895052,53,3.460901368728703,811156944,1149231900,1149840500,1781213935480-0
s2sf12j2_redis_rep2_20260611_223851,redis,s2sf12j2_redis_rep2_20260611_223851,f410a2e4-a20a-4740-9789-df374ad99354,3895134,54,3.89181324736076,814747877,1149945200,1150737600,1781213935481-0
s2sf12j2_redis_rep2_20260611_223851,redis,s2sf12j2_redis_rep2_20260611_223851,ded4b97c-05de-492d-afdf-293ace2b3224,3895134,54,3.89181324736076,814747877,1150841300,1151310700,1781213935482-0
s2sf12j2_redis_rep2_20260611_223851,redis,s2sf12j2_redis_rep2_20260611_223851,4e0d3771-4b3b-409c-98fd-b89277a436ea,3895067,54,3.109901211561608,808231943,1151409300,1151975400,1781213935482-1
s2sf12j2_redis_rep2_20260611_223851,redis,s2sf12j2_redis_rep2_20260611_223851,424b5613-2a63-4bf4-8cfe-75e394f8c6df,3895095,54,5.392099191089768,827250259,1152077400,1152660100,1781213935483-0
s2sf12j2_redis_rep2_20260611_223851,redis,s2sf12j2_redis_rep2_20260611_223851,d626a450-651a-452f-8bd2-40bd73e5570f,3895052,54,3.544234702062036,811851389,1152786300,1153428700,1781213935484-0
s2sf12j2_redis_rep2_20260611_223851,redis,s2sf12j2_redis_rep2_20260611_223851,a2f0fa0d-a8be-4dae-886f-c4f1e40c1b23,3895060,54,6.249369395019894,834394178,1153552100,1154059300,1781213935484-1
s2sf12j2_redis_rep2_20260611_223851,redis,s2sf12j2_redis_rep2_20260611_223851,b9207043-5322-448b-9124-e5f49b7edaf7,3895086,54,4.163604462304061,817012803,1154173800,1154865800,1781213935485-0
s2sf12j2_redis_rep2_20260611_223851,redis,s2sf12j2_redis_rep2_20260611_223851,f39a69f5-2e2b-496a-9f94-591e8b152d22,3895067,55,3.1932345448949406,808926387,1155021500,1155646400,1781213935486-0
s2sf12j2_redis_rep2_20260611_223851,redis,s2sf12j2_redis_rep2_20260611_223851,c96ef0ba-2909-41e9-a9b0-43407092a108,3895067,55,3.1932345448949406,808926387,1155776700,1156295500,1781213935486-1
s2sf12j2_redis_rep2_20260611_223851,redis,s2sf12j2_redis_rep2_20260611_223851,437f9130-077f-43ac-81f2-d1c218161259,3895052,55,3.627568035395369,812545833,1156413200,1156932600,1781213935487-0
s2sf12j2_redis_rep2_20260611_223851,redis,s2sf12j2_redis_rep2_20260611_223851,d1da2207-3155-4079-bbef-e54815cde0d4,3895067,55,3.1932345448949406,808926387,1157051200,1157638700,1781213935488-0
s2sf12j2_redis_rep2_20260611_223851,redis,s2sf12j2_redis_rep2_20260611_223851,def5f329-5561-402c-a454-962f20833a5e,3895052,55,3.627568035395369,812545833,1157756300,1158296200,1781213935488-1
s2sf12j2_redis_rep2_20260611_223851,redis,s2sf12j2_redis_rep2_20260611_223851,edf8e33e-3227-4baf-8b1e-c9798a4bffb1,3895060,55,6.332702728353226,835088622,1158406200,1158936700,1781213935489-0
s2sf12j2_redis_rep2_20260611_223851,redis,s2sf12j2_redis_rep2_20260611_223851,afda6e2d-5673-419e-946e-2a513db81b5e,3895060,55,6.332702728353226,835088622,1159059000,1159524300,1781213935490-0
s2sf12j2_redis_rep2_20260611_223851,redis,s2sf12j2_redis_rep2_20260611_223851,86442978-c9ac-4f8b-a277-3c2aea80938f,3895086,55,4.246937795637393,817707248,1159610100,1160134400,1781213935490-1
s2sf12j2_redis_rep2_20260611_223851,redis,s2sf12j2_redis_rep2_20260611_223851,ac9f8882-ceb0-433a-a7ce-42572013a74e,3895086,55,4.246937795637393,817707248,1160219000,1160775200,1781213935491-0
s2sf12j2_redis_rep2_20260611_223851,redis,s2sf12j2_redis_rep2_20260611_223851,db2260b8-339c-4012-80d4-af54e4fefdb1,3895107,55,3.594217920981697,812267916,1160858000,1161421000,1781213935492-0
s2sf12j2_redis_rep2_20260611_223851,redis,s2sf12j2_redis_rep2_20260611_223851,6fa9e978-a06d-4ccb-856f-d1582b5abd82,3895107,55,3.594217920981697,812267916,1161538700,1162234400,1781213935492-1
s2sf12j2_redis_rep2_20260611_223851,redis,s2sf12j2_redis_rep2_20260611_223851,e7e4cb72-ce69-4bab-b7d1-1bfaf6e47af1,3895107,55,3.594217920981697,812267916,1162355900,1162875800,1781213935493-0
s2sf12j2_redis_rep2_20260611_223851,redis,s2sf12j2_redis_rep2_20260611_223851,4ee5d31d-6e7c-4942-8760-1f2e13c7ba9c,3895074,56,5.131086778652621,825075156,1162976400,1163604600,1781213935494-0
s2sf12j2_redis_rep2_20260611_223851,redis,s2sf12j2_redis_rep2_20260611_223851,592ec0c8-e456-449d-a137-235f6bfd6017,3895074,56,5.131086778652621,825075156,1163690300,1164198800,1781213935494-1
s2sf12j2_redis_rep2_20260611_223851,redis,s2sf12j2_redis_rep2_20260611_223851,437249ff-c7a3-4486-836a-2c9089708413,3895074,56,5.131086778652621,825075156,1164278200,1164931300,1781213935495-0
s2sf12j2_redis_rep2_20260611_223851,redis,s2sf12j2_redis_rep2_20260611_223851,f90ccdda-1623-4c46-83d7-a93b10bbb095,3895134,56,4.058479914027427,816136765,1165011400,1165715200,1781213935496-0
s2sf12j2_redis_rep2_20260611_223851,redis,s2sf12j2_redis_rep2_20260611_223851,d38e730e-330c-42a9-8889-f2b613aae2a5,3895134,56,4.058479914027427,816136765,1165807900,1166229200,1781213935496-1
s2sf12j2_redis_rep2_20260611_223851,redis,s2sf12j2_redis_rep2_20260611_223851,c0a6ff18-bef9-4da4-a93d-df405de515ca,3895134,56,4.058479914027427,816136765,1166312500,1166819500,1781213935497-0
s2sf12j2_redis_rep2_20260611_223851,redis,s2sf12j2_redis_rep2_20260611_223851,842b2425-b726-4944-88b7-6e59c5144f28,3895052,56,3.710901368728703,813240278,1166905000,1167406100,1781213935498-0
s2sf12j2_redis_rep2_20260611_223851,redis,s2sf12j2_redis_rep2_20260611_223851,6260cbb1-d2f6-4026-baaa-31ce8297fc11,3895060,56,6.41603606168656,835783067,1167491200,1168020800,1781213935498-1
s2sf12j2_redis_rep2_20260611_223851,redis,s2sf12j2_redis_rep2_20260611_223851,597f312d-75ca-4d9d-bba8-27ea4be07ca1,3895086,56,4.330271128970727,818401692,1168098600,1168569800,1781213935499-0
s2sf12j2_redis_rep2_20260611_223851,redis,s2sf12j2_redis_rep2_20260611_223851,425f41d2-7da1-4c10-b0f5-cc89c05ea4fe,3895086,56,4.330271128970727,818401692,1168649900,1169241100,1781213935499-1
s2sf12j2_redis_rep2_20260611_223851,redis,s2sf12j2_redis_rep2_20260611_223851,a38a5179-ed61-4c45-ab30-f6e861acd9a8,3895086,56,4.330271128970727,818401692,1169435600,1170076200,1781213935500-0
s2sf12j2_redis_rep2_20260611_223851,redis,s2sf12j2_redis_rep2_20260611_223851,e2de8d47-cc41-49eb-a56e-8da9b62c1102,3895086,56,4.330271128970727,818401692,1170201100,1170718400,1781213935501-0
s2sf12j2_redis_rep2_20260611_223851,redis,s2sf12j2_redis_rep2_20260611_223851,b608a12f-beb4-4db1-9424-437a6d8b6ff1,3895107,56,3.677551254315031,812962360,1170824500,1171394000,1781213935502-0
s2sf12j2_redis_rep2_20260611_223851,redis,s2sf12j2_redis_rep2_20260611_223851,38a429db-494a-4c85-9245-e989a3f81915,3895107,56,3.677551254315031,812962360,1171493500,1172107000,1781213935502-1
s2sf12j2_redis_rep2_20260611_223851,redis,s2sf12j2_redis_rep2_20260611_223851,cf6f40da-1c9d-4066-80cc-915eb4f227de,3895134,57,4.14181324736076,816831210,1172290400,1172874200,1781213935503-0
s2sf12j2_redis_rep2_20260611_223851,redis,s2sf12j2_redis_rep2_20260611_223851,129e9e4c-4a52-491d-89a9-fb8b711d3de0,3895095,57,5.642099191089768,829333593,1172978100,1173584500,1781213935504-0
s2sf12j2_redis_rep2_20260611_223851,redis,s2sf12j2_redis_rep2_20260611_223851,43c4c705-3da0-414e-b853-cb075fc6bc69,3895134,57,4.14181324736076,816831210,1173702900,1174317000,1781213935504-1
s2sf12j2_redis_rep2_20260611_223851,redis,s2sf12j2_redis_rep2_20260611_223851,0b9a69ba-96cd-4641-b931-eff7dce3a2f8,3895134,57,4.14181324736076,816831210,1174407500,1174902000,1781213935505-0
s2sf12j2_redis_rep2_20260611_223851,redis,s2sf12j2_redis_rep2_20260611_223851,d377d77b-8a2f-4385-b85e-ff34ae6fc979,3895067,57,3.359901211561608,810315276,1174987900,1175505500,1781213935506-0
s2sf12j2_redis_rep2_20260611_223851,redis,s2sf12j2_redis_rep2_20260611_223851,18d94d6f-1440-4daa-80a9-47f19ee5186b,3895067,57,3.359901211561608,810315276,1175591700,1176137000,1781213935506-1
s2sf12j2_redis_rep2_20260611_223851,redis,s2sf12j2_redis_rep2_20260611_223851,df30aec4-f392-4ae8-8617-ebfbcfafc297,3895052,57,3.794234702062036,813934722,1176229500,1176862900,1781213935507-0
s2sf12j2_redis_rep2_20260611_223851,redis,s2sf12j2_redis_rep2_20260611_223851,47099e16-f149-4698-ab0f-18dd33415330,3895052,57,3.794234702062036,813934722,1176946700,1177536400,1781213935508-0
s2sf12j2_redis_rep2_20260611_223851,redis,s2sf12j2_redis_rep2_20260611_223851,909fb80b-31ba-4530-924f-36e24598500e,3895060,57,6.499369395019894,836477511,1177615700,1178217500,1781213935508-1
s2sf12j2_redis_rep2_20260611_223851,redis,s2sf12j2_redis_rep2_20260611_223851,f5b43151-5fdf-4d15-a30b-4ff7b695c61f,3895060,57,6.499369395019894,836477511,1178295000,1178753900,1781213935509-0
s2sf12j2_redis_rep2_20260611_223851,redis,s2sf12j2_redis_rep2_20260611_223851,f75fcf2d-b54f-4930-8863-1a48eba0ad9b,3895086,57,4.413604462304061,819096137,1178837500,1179255600,1781213935509-1
s2sf12j2_redis_rep2_20260611_223851,redis,s2sf12j2_redis_rep2_20260611_223851,0050f3cf-d991-464f-9340-a30c01c082d8,3895086,57,4.413604462304061,819096137,1179333100,1179909200,1781213935510-0
s2sf12j2_redis_rep2_20260611_223851,redis,s2sf12j2_redis_rep2_20260611_223851,0c14b70a-ac75-4bf6-b4df-53b669c54b6c,3895074,58,5.297753445319287,826464045,1179988300,1180569300,1781213935511-0
s2sf12j2_redis_rep2_20260611_223851,redis,s2sf12j2_redis_rep2_20260611_223851,9f945bf8-24a8-4f64-9dd4-5a1c5c201981,3895095,58,5.7254325244231,830028037,1180650100,1181195600,1781213935511-1
s2sf12j2_redis_rep2_20260611_223851,redis,s2sf12j2_redis_rep2_20260611_223851,36a42e6a-c56b-4d28-9ed5-75fef386b165,3895052,58,3.877568035395369,814629166,1181273700,1181858800,1781213935512-0
s2sf12j2_redis_rep2_20260611_223851,redis,s2sf12j2_redis_rep2_20260611_223851,4ef419c9-5ff0-444e-86a6-50a703b1769f,3895107,58,3.844217920981697,814351249,1181943200,1182491900,1781213935513-0
s2sf12j2_redis_rep2_20260611_223851,redis,s2sf12j2_redis_rep2_20260611_223851,41969f07-3af9-4753-98e8-69fbd27d21a4,3895095,59,5.808765857756434,830722482,1182587800,1183169900,1781213935513-1
s2sf12j2_redis_rep2_20260611_223851,redis,s2sf12j2_redis_rep2_20260611_223851,5674247a-ead4-4a96-bd38-ef2319eecf34,3895134,59,4.308479914027427,818220099,1183260800,1183689500,1781213935514-0
s2sf12j2_redis_rep2_20260611_223851,redis,s2sf12j2_redis_rep2_20260611_223851,8be02bf7-5395-4605-b57b-8f501e04d189,3895067,59,3.5265678782282746,811704165,1183779800,1184351300,1781213935514-1
s2sf12j2_redis_rep2_20260611_223851,redis,s2sf12j2_redis_rep2_20260611_223851,b7b039ca-bac1-4467-af8e-0fd8796bb6c9,3895052,59,3.960901368728703,815323611,1184454200,1184927400,1781213935515-0
s2sf12j2_redis_rep2_20260611_223851,redis,s2sf12j2_redis_rep2_20260611_223851,5ba85175-4aee-426a-bece-2a16c73e89b7,3895052,59,3.960901368728703,815323611,1185033200,1185492200,1781213935516-0
s2sf12j2_redis_rep2_20260611_223851,redis,s2sf12j2_redis_rep2_20260611_223851,73b4ab23-4ab4-4983-91d2-d8e21f5270f8,3895060,59,6.66603606168656,837866400,1185597800,1186171600,1781213935516-1
s2sf12j2_redis_rep2_20260611_223851,redis,s2sf12j2_redis_rep2_20260611_223851,d89d3340-d2ef-47db-9827-7d447bae5b2d,3895086,59,4.580271128970727,820485026,1186265500,1186719800,1781213935517-0
s2sf12j2_redis_rep2_20260611_223851,redis,s2sf12j2_redis_rep2_20260611_223851,ea520500-8ba0-47a7-ac12-b4c9c0a92146,3895074,60,5.464420111985955,827852934,1186810600,1187422700,1781213935518-0
s2sf12j2_redis_rep2_20260611_223851,redis,s2sf12j2_redis_rep2_20260611_223851,dd8d63c4-feb8-4523-ab68-826a6480eefd,3895074,60,5.464420111985955,827852934,1187511000,1187999900,1781213935518-1
s2sf12j2_redis_rep2_20260611_223851,redis,s2sf12j2_redis_rep2_20260611_223851,a8bd1431-210e-4840-8d05-60ce4a7de877,3895095,60,5.892099191089768,831416926,1188084400,1188638300,1781213935519-0
s2sf12j2_redis_rep2_20260611_223851,redis,s2sf12j2_redis_rep2_20260611_223851,14bd2c1c-b359-4192-a0ae-90ad860f3371,3895067,60,3.609901211561608,812398610,1188725600,1189260000,1781213935519-1
s2sf12j2_redis_rep2_20260611_223851,redis,s2sf12j2_redis_rep2_20260611_223851,7ccea271-b2cf-40d9-8e25-30ed33e37625,3895067,60,3.609901211561608,812398610,1189347000,1189881600,1781213935520-0
s2sf12j2_redis_rep2_20260611_223851,redis,s2sf12j2_redis_rep2_20260611_223851,50b41d81-f36f-4161-a4d2-36ba1befc4be,3895060,60,6.749369395019894,838560844,1189987500,1190617900,1781213935521-0
s2sf12j2_redis_rep2_20260611_223851,redis,s2sf12j2_redis_rep2_20260611_223851,ff19107a-4ba4-4822-ac3e-e71716667059,3895060,60,6.749369395019894,838560844,1190730600,1191231500,1781213935521-1
s2sf12j2_redis_rep2_20260611_223851,redis,s2sf12j2_redis_rep2_20260611_223851,9ff39e51-5a18-4e88-bd18-76090587a988,3895086,60,4.663604462304061,821179470,1191324800,1191830900,1781213935522-0
s2sf12j2_redis_rep2_20260611_223851,redis,s2sf12j2_redis_rep2_20260611_223851,0fef3645-2465-4dbf-8266-c2a35ee8293c,3895086,60,4.663604462304061,821179470,1191912800,1192330800,1781213935523-0
s2sf12j2_redis_rep2_20260611_223851,redis,s2sf12j2_redis_rep2_20260611_223851,015fcb4f-7419-4731-84a0-81b3fd422ff7,3895086,60,4.663604462304061,821179470,1192411000,1192985800,1781213935523-1
s2sf12j2_redis_rep2_20260611_223851,redis,s2sf12j2_redis_rep2_20260611_223851,166ea076-01d6-49a4-87eb-ff7908834a7f,3895086,60,4.663604462304061,821179470,1193084900,1193677900,1781213935524-0
s2sf12j2_redis_rep2_20260611_223851,redis,s2sf12j2_redis_rep2_20260611_223851,b0d138df-c84d-4eeb-a19e-0550afb12c63,3895086,60,4.663604462304061,821179470,1193763100,1194317200,1781213935524-1
s2sf12j2_redis_rep2_20260611_223851,redis,s2sf12j2_redis_rep2_20260611_223851,d1f3d4f7-aeb6-4d26-95e1-37c7df992845,3895107,60,4.0108845876483645,815740138,1194430500,1194870800,1781213935525-0
s2sf12j2_redis_rep2_20260611_223851,redis,s2sf12j2_redis_rep2_20260611_223851,09e0176e-01c2-4e75-8d19-c75cbac22a53,3895107,60,4.0108845876483645,815740138,1194980500,1195654100,1781213935526-0
s2sf12j2_redis_rep2_20260611_223851,redis,s2sf12j2_redis_rep2_20260611_223851,573ca97f-df12-4b24-b903-fd5cfab89f5f,3895095,61,5.9754325244231,832111371,1195765000,1196208800,1781213935526-1
s2sf12j2_redis_rep2_20260611_223851,redis,s2sf12j2_redis_rep2_20260611_223851,34c91fb7-795d-4df5-8ab3-5f70f1b97f3e,3895095,61,5.9754325244231,832111371,1196326800,1196977500,1781213935527-0
s2sf12j2_redis_rep2_20260611_223851,redis,s2sf12j2_redis_rep2_20260611_223851,1836c083-ec4c-43a4-8657-38a223bb16dd,3895095,61,5.9754325244231,832111371,1197101800,1197638300,1781213935528-0
s2sf12j2_redis_rep2_20260611_223851,redis,s2sf12j2_redis_rep2_20260611_223851,f6c45edb-47d0-4be4-b045-3ba176307346,3895067,61,3.6932345448949406,813093054,1197745800,1198270500,1781213935528-1
s2sf12j2_redis_rep2_20260611_223851,redis,s2sf12j2_redis_rep2_20260611_223851,1ea888d8-48ff-4d6c-885b-c9a8d3744c05,3895107,61,4.094217920981697,816434582,1198361000,1198765500,1781213935529-0
s2sf12j2_redis_rep2_20260611_223851,redis,s2sf12j2_redis_rep2_20260611_223851,87ab9da6-4d4d-49ac-b346-d587633dca6d,3895107,61,4.094217920981697,816434582,1198905000,1199340300,1781213935530-0
s2sf12j2_redis_rep2_20260611_223851,redis,s2sf12j2_redis_rep2_20260611_223851,e0937145-d1ed-4877-a928-cbb18cbb25ca,3895074,62,5.631086778652621,829241823,1199433400,1200158600,1781213935530-1
s2sf12j2_redis_rep2_20260611_223851,redis,s2sf12j2_redis_rep2_20260611_223851,129ff6d0-9863-49c1-8dba-874870c239f0,3895134,62,4.558479914027427,820303432,1200398900,1201238100,1781213935531-0
s2sf12j2_redis_rep2_20260611_223851,redis,s2sf12j2_redis_rep2_20260611_223851,061e0628-68ad-4a80-b7f9-013270c622e6,3895134,62,4.558479914027427,820303432,1201421000,1202066500,1781213935532-0
s2sf12j2_redis_rep2_20260611_223851,redis,s2sf12j2_redis_rep2_20260611_223851,38bc5dd4-ab47-4018-b7d9-81675e34065d,3895095,62,6.058765857756434,832805815,1202211200,1202816400,1781213935533-0
s2sf12j2_redis_rep2_20260611_223851,redis,s2sf12j2_redis_rep2_20260611_223851,01c545d4-a6cc-4676-8a4d-8009474261f5,3895095,62,6.058765857756434,832805815,1202950000,1203503000,1781213935534-0
s2sf12j2_redis_rep2_20260611_223851,redis,s2sf12j2_redis_rep2_20260611_223851,d26fbd2e-8f2e-4866-bdbe-c8760f22c74d,3895067,62,3.7765678782282746,813787498,1203631400,1204147600,1781213935534-1
s2sf12j2_redis_rep2_20260611_223851,redis,s2sf12j2_redis_rep2_20260611_223851,31c46aa3-00f1-4007-b8cc-d80c69e3ed14,3895095,62,6.058765857756434,832805815,1204253300,1204779200,1781213935535-0
s2sf12j2_redis_rep2_20260611_223851,redis,s2sf12j2_redis_rep2_20260611_223851,1fdb765d-367a-4525-b795-03e1041c7b47,3895067,62,3.7765678782282746,813787498,1204885500,1205406100,1781213935536-0
s2sf12j2_redis_rep2_20260611_223851,redis,s2sf12j2_redis_rep2_20260611_223851,215702bd-988d-4c16-b912-098e706dc436,3895060,62,6.91603606168656,839949733,1205520900,1206137500,1781213935536-1
s2sf12j2_redis_rep2_20260611_223851,redis,s2sf12j2_redis_rep2_20260611_223851,9148af0d-4762-4534-9be6-d021bfa84229,3895086,62,4.830271128970727,822568359,1206275600,1206887900,1781213935537-0
s2sf12j2_redis_rep2_20260611_223851,redis,s2sf12j2_redis_rep2_20260611_223851,7b87a711-05be-4ab9-bd63-138ccf3a3aee,3895107,62,4.177551254315031,817129027,1206976500,1207471900,1781213935538-0
s2sf12j2_redis_rep2_20260611_223851,redis,s2sf12j2_redis_rep2_20260611_223851,e7be6cf1-4254-4d29-8124-ea29bd35b3dd,3895107,62,4.177551254315031,817129027,1207643300,1208203800,1781213935538-1
s2sf12j2_redis_rep2_20260611_223851,redis,s2sf12j2_redis_rep2_20260611_223851,462b9630-76bb-4eb7-8af1-c70d7cd3c9b6,3895134,63,4.64181324736076,820997877,1208293600,1209494700,1781213935539-0
s2sf12j2_redis_rep2_20260611_223851,redis,s2sf12j2_redis_rep2_20260611_223851,36c29050-0f8f-4cea-ac50-3893cb3751f1,3895134,63,4.64181324736076,820997877,1209626600,1210222800,1781213935540-0
s2sf12j2_redis_rep2_20260611_223851,redis,s2sf12j2_redis_rep2_20260611_223851,25afa92b-9c66-4495-9ab0-db38372482b3,3895134,63,4.64181324736076,820997877,1210332600,1210851100,1781213935541-0
s2sf12j2_redis_rep2_20260611_223851,redis,s2sf12j2_redis_rep2_20260611_223851,b7213b1a-f155-4850-9b2f-536ed9db34f2,3895086,63,4.913604462304061,823262803,1210951500,1211438400,1781213935542-0
s2sf12j2_redis_rep2_20260611_223851,redis,s2sf12j2_redis_rep2_20260611_223851,a83a4d9a-a403-46b1-8409-6ef6d1831b2c,3895086,63,4.913604462304061,823262803,1211577100,1212221000,1781213935542-1
s2sf12j2_redis_rep2_20260611_223851,redis,s2sf12j2_redis_rep2_20260611_223851,23a40fdf-f42f-4d42-8d67-eb5f408de82e,3895107,63,4.2608845876483645,817823471,1212308800,1212862500,1781213935543-0
s2sf12j2_redis_rep2_20260611_223851,redis,s2sf12j2_redis_rep2_20260611_223851,1379ddbd-ee4e-4f78-b58a-fe294f7f36a2,3895107,63,4.2608845876483645,817823471,1212951300,1213414000,1781213935544-0
s2sf12j2_redis_rep2_20260611_223851,redis,s2sf12j2_redis_rep2_20260611_223851,32858944-d09e-4ab1-9836-35cc84ca5f23,3895107,63,4.2608845876483645,817823471,1213504700,1214046400,1781213935544-1
s2sf12j2_redis_rep2_20260611_223851,redis,s2sf12j2_redis_rep2_20260611_223851,8a1229f0-48a8-463b-bab1-5f70bbabe623,3895107,63,4.2608845876483645,817823471,1214166400,1214796800,1781213935545-0
s2sf12j2_redis_rep2_20260611_223851,redis,s2sf12j2_redis_rep2_20260611_223851,4842b3ff-23c6-47cf-8c16-3e48a1cd8d1f,3895134,64,4.725146580694093,821692321,1214977500,1215556600,1781213935546-0
s2sf12j2_redis_rep2_20260611_223851,redis,s2sf12j2_redis_rep2_20260611_223851,acbc865f-9141-40f9-a346-65ef52c6929b,3895095,64,6.2254325244231,834194704,1215653000,1216170100,1781213935546-1
s2sf12j2_redis_rep2_20260611_223851,redis,s2sf12j2_redis_rep2_20260611_223851,3738ac1c-fd85-42ff-af77-922e92caa0da,3895095,64,6.2254325244231,834194704,1216299000,1216989700,1781213935547-0
s2sf12j2_redis_rep2_20260611_223851,redis,s2sf12j2_redis_rep2_20260611_223851,8d43c287-36a4-460e-a406-9a814d3e200f,3895134,65,4.808479914027427,822386765,1217103800,1217740100,1781213935548-0
s2sf12j2_redis_rep2_20260611_223851,redis,s2sf12j2_redis_rep2_20260611_223851,0cd25412-a43a-4f1f-a330-290560bd0864,3895134,65,4.808479914027427,822386765,1217856500,1218495700,1781213935549-0
s2sf12j2_redis_rep2_20260611_223851,redis,s2sf12j2_redis_rep2_20260611_223851,a29483ce-323c-439b-a556-c452ba8e3740,3895134,65,4.808479914027427,822386765,1218608500,1219070500,1781213935549-1
s2sf12j2_redis_rep2_20260611_223851,redis,s2sf12j2_redis_rep2_20260611_223851,0e01a3a4-1219-481f-a5e6-55796434f5bb,3895060,65,7.16603606168656,842033067,1219156400,1219727200,1781213935550-0
s2sf12j2_redis_rep2_20260611_223851,redis,s2sf12j2_redis_rep2_20260611_223851,d9141f23-47e6-4f96-8d68-afdb07320f56,3895060,65,7.16603606168656,842033067,1219811900,1220388800,1781213935551-0
s2sf12j2_redis_rep2_20260611_223851,redis,s2sf12j2_redis_rep2_20260611_223851,b9c1c240-c544-4839-bcc4-5a923b040753,3895107,65,4.427551254315031,819212360,1220471300,1221058400,1781213935551-1
s2sf12j2_redis_rep2_20260611_223851,redis,s2sf12j2_redis_rep2_20260611_223851,f53c9e0a-20c5-4066-827d-52fd789ef212,3895107,65,4.427551254315031,819212360,1221171000,1221745100,1781213935552-0
s2sf12j2_redis_rep2_20260611_223851,redis,s2sf12j2_redis_rep2_20260611_223851,a915d518-180b-4427-bd9f-e289d0c966bf,3895107,65,4.427551254315031,819212360,1221824000,1222357000,1781213935553-0
s2sf12j2_redis_rep2_20260611_223851,redis,s2sf12j2_redis_rep2_20260611_223851,7a5db723-f143-425c-a710-638c90148339,3895107,65,4.427551254315031,819212360,1222459000,1223051100,1781213935553-1
s2sf12j2_redis_rep2_20260611_223851,redis,s2sf12j2_redis_rep2_20260611_223851,124b56b6-5aad-473a-a03d-51ba544e2841,3895074,66,5.964420111985955,832019600,1223148100,1223677600,1781213935554-0
s2sf12j2_redis_rep2_20260611_223851,redis,s2sf12j2_redis_rep2_20260611_223851,efc39209-6b62-4e89-889d-cdd3adb621aa,3895095,66,6.392099191089768,835583593,1223798400,1224324100,1781213935554-1
s2sf12j2_redis_rep2_20260611_223851,redis,s2sf12j2_redis_rep2_20260611_223851,77baec20-ea17-4e90-9865-9ea44e5b9906,3895060,66,7.249369395019894,842727511,1224412100,1224948800,1781213935555-0
s2sf12j2_redis_rep2_20260611_223851,redis,s2sf12j2_redis_rep2_20260611_223851,2b0079ed-347b-4639-ae5e-e42346f7f024,3895060,66,7.249369395019894,842727511,1225078100,1225643400,1781213935556-0
s2sf12j2_redis_rep2_20260611_223851,redis,s2sf12j2_redis_rep2_20260611_223851,22d98172-0940-4b76-9d89-977103cfaf56,3895086,66,5.163604462304061,825346137,1225751300,1226284300,1781213935556-1
s2sf12j2_redis_rep2_20260611_223851,redis,s2sf12j2_redis_rep2_20260611_223851,879a2ca6-96c3-4b1b-b2c0-4a20cb875ef0,3895107,66,4.5108845876483645,819906804,1226398600,1226984100,1781213935557-0
s2sf12j2_redis_rep2_20260611_223851,redis,s2sf12j2_redis_rep2_20260611_223851,c2d28a7c-daa5-4926-982f-1652183c5083,3895113,67,4.121979150355792,816665926,1227083300,1227587600,1781213935558-0
s2sf12j2_redis_rep2_20260611_223851,redis,s2sf12j2_redis_rep2_20260611_223851,969e6e2a-a707-4254-a316-0c56fe2e1401,3895134,67,4.975146580694093,823775654,1227683400,1228255400,1781213935558-1
s2sf12j2_redis_rep2_20260611_223851,redis,s2sf12j2_redis_rep2_20260611_223851,243d0981-94fe-4740-a31e-5ed204a71634,3895095,67,6.4754325244231,836278037,1228448400,1229061900,1781213935559-0
s2sf12j2_redis_rep2_20260611_223851,redis,s2sf12j2_redis_rep2_20260611_223851,f3623e43-a3ad-472d-bf07-52854c1156a0,3895134,67,4.975146580694093,823775654,1229151800,1229745600,1781213935560-0
s2sf12j2_redis_rep2_20260611_223851,redis,s2sf12j2_redis_rep2_20260611_223851,1d25289e-8fad-4dd2-a7ed-f62ac9124432,3895095,67,6.4754325244231,836278037,1229862200,1230427700,1781213935561-0
s2sf12j2_redis_rep2_20260611_223851,redis,s2sf12j2_redis_rep2_20260611_223851,bd92c3a1-9dc9-4b79-bb47-cf45e3d7bb5c,3895134,67,4.975146580694093,823775654,1230516500,1231104700,1781213935561-1
s2sf12j2_redis_rep2_20260611_223851,redis,s2sf12j2_redis_rep2_20260611_223851,22f1fbed-caed-4cd7-a01a-4c33238f8369,3895060,67,7.332702728353226,843421956,1231228500,1231887200,1781213935562-0
s2sf12j2_redis_rep2_20260611_223851,redis,s2sf12j2_redis_rep2_20260611_223851,6d9d2fb5-5c2e-4d06-8fb2-5ebcf5814440,3895086,67,5.246937795637393,826040581,1232026500,1232665400,1781213935563-0
s2sf12j2_redis_rep2_20260611_223851,redis,s2sf12j2_redis_rep2_20260611_223851,ec6e3c89-0592-45ca-92a4-0b1f73639cc9,3895086,67,5.246937795637393,826040581,1232789300,1233326600,1781213935563-1
s2sf12j2_redis_rep2_20260611_223851,redis,s2sf12j2_redis_rep2_20260611_223851,5af1575f-7cd2-4bfd-a8ec-b8345a0203f6,3895107,67,4.594217920981697,820601249,1233437800,1233935800,1781213935564-0
s2sf12j2_redis_rep2_20260611_223851,redis,s2sf12j2_redis_rep2_20260611_223851,19991ad9-4667-4a8d-ad80-aa34b26b07cc,3895107,67,4.594217920981697,820601249,1234040900,1234527300,1781213935565-0
s2sf12j2_redis_rep2_20260611_223851,redis,s2sf12j2_redis_rep2_20260611_223851,867520d6-dfef-41bc-a2cb-92814d1b009e,3895107,67,4.594217920981697,820601249,1234634900,1235160300,1781213935565-1
s2sf12j2_redis_rep2_20260611_223851,redis,s2sf12j2_redis_rep2_20260611_223851,b4990958-c5e9-4397-98fb-8b00e533bd8d,3895067,68,4.276567878228274,817954165,1235257700,1235844500,1781213935566-0
s2sf12j2_redis_rep2_20260611_223851,redis,s2sf12j2_redis_rep2_20260611_223851,36f8affa-15ee-4df1-9318-99c8bafa69d9,3895067,68,4.276567878228274,817954165,1235927500,1236491400,1781213935567-0
s2sf12j2_redis_rep2_20260611_223851,redis,s2sf12j2_redis_rep2_20260611_223851,f86f35a5-e792-4bba-a580-a9faaf7b91b8,3895067,68,4.276567878228274,817954165,1236577200,1237190000,1781213935567-1
s2sf12j2_redis_rep2_20260611_223851,redis,s2sf12j2_redis_rep2_20260611_223851,0e74dafc-22b0-4338-b83e-c9d1e0aa24f9,3895095,68,6.558765857756434,836972482,1237308200,1238023800,1781213935568-0
s2sf12j2_redis_rep2_20260611_223851,redis,s2sf12j2_redis_rep2_20260611_223851,b11c6b88-fb5e-40e2-bf63-fdf423948d08,3895134,68,5.058479914027427,824470099,1238121900,1238637200,1781213935569-0
s2sf12j2_redis_rep2_20260611_223851,redis,s2sf12j2_redis_rep2_20260611_223851,ed8b7343-7610-4f35-88df-fd3ee7038bf6,3895095,68,6.558765857756434,836972482,1238720300,1239250100,1781213935569-1
s2sf12j2_redis_rep2_20260611_223851,redis,s2sf12j2_redis_rep2_20260611_223851,47a53206-d225-475c-8a03-727c2cea5798,3895107,68,4.677551254315031,821295693,1239331500,1239910000,1781213935570-0
s2sf12j2_redis_rep2_20260611_223851,redis,s2sf12j2_redis_rep2_20260611_223851,7f414b32-2539-459e-a9d2-cb11a5bf6bb4,3895107,68,4.677551254315031,821295693,1240024300,1240623200,1781213935571-0
s2sf12j2_redis_rep2_20260611_223851,redis,s2sf12j2_redis_rep2_20260611_223851,0abe475e-507a-4aa0-8898-55101c96acf3,3895074,69,6.214420111985955,834102934,1240704300,1241203600,1781213935571-1
s2sf12j2_redis_rep2_20260611_223851,redis,s2sf12j2_redis_rep2_20260611_223851,367dfd27-b619-44de-b6c4-7ad7d566c4aa,3895074,69,6.214420111985955,834102934,1241284000,1241750100,1781213935572-0
s2sf12j2_redis_rep2_20260611_223851,redis,s2sf12j2_redis_rep2_20260611_223851,e8a7f976-a305-43a3-a4fa-8c50b143e343,3895074,69,6.214420111985955,834102934,1241860900,1242429800,1781213935573-0
s2sf12j2_redis_rep2_20260611_223851,redis,s2sf12j2_redis_rep2_20260611_223851,4b32f517-ca9b-42eb-b0e2-fa3d3fd72a9d,3895113,69,4.288645817022459,818054815,1242518400,1243130500,1781213935573-1
s2sf12j2_redis_rep2_20260611_223851,redis,s2sf12j2_redis_rep2_20260611_223851,281fd3ce-e8df-441f-8cfd-a07364810af5,3895134,69,5.14181324736076,825164543,1243228800,1243711300,1781213935574-0
s2sf12j2_redis_rep2_20260611_223851,redis,s2sf12j2_redis_rep2_20260611_223851,703eb940-4760-476a-8e93-15095c5c61ae,3895134,69,5.14181324736076,825164543,1243834000,1244473800,1781213935575-0
s2sf12j2_redis_rep2_20260611_223851,redis,s2sf12j2_redis_rep2_20260611_223851,67aa4360-2ca6-40ae-ae0c-19bc9664a04f,3895134,69,5.14181324736076,825164543,1244591200,1245186400,1781213935575-1
s2sf12j2_redis_rep2_20260611_223851,redis,s2sf12j2_redis_rep2_20260611_223851,2ca85bad-b7b5-47d4-931f-36e0b6ca84c8,3895060,69,7.499369395019894,844810844,1245283400,1245810700,1781213935576-0
s2sf12j2_redis_rep2_20260611_223851,redis,s2sf12j2_redis_rep2_20260611_223851,6391b46f-de24-49c6-bb62-a2ec65d9499b,3895134,69,5.14181324736076,825164543,1245891400,1246322600,1781213935577-0
s2sf12j2_redis_rep2_20260611_223851,redis,s2sf12j2_redis_rep2_20260611_223851,b98a316d-476c-4b9c-8842-e1bedddaa80c,3895060,69,7.499369395019894,844810844,1246401400,1247035400,1781213935577-1
s2sf12j2_redis_rep2_20260611_223851,redis,s2sf12j2_redis_rep2_20260611_223851,eacb7d73-9ad3-4ec1-80ea-616c89070d06,3895060,69,7.499369395019894,844810844,1247173500,1247849300,1781213935578-0
s2sf12j2_redis_rep2_20260611_223851,redis,s2sf12j2_redis_rep2_20260611_223851,ba95ec5e-1bbc-4177-9b95-d5d01d513f38,3895060,69,7.499369395019894,844810844,1247951800,1248500500,1781213935579-0
s2sf12j2_redis_rep2_20260611_223851,redis,s2sf12j2_redis_rep2_20260611_223851,e1f59890-1435-4ba2-80d9-8b3be217affe,3895086,69,5.413604462304061,827429470,1248619600,1249176500,1781213935579-1
s2sf12j2_redis_rep2_20260611_223851,redis,s2sf12j2_redis_rep2_20260611_223851,8d519b7c-5ec8-4ac8-84c9-0452499a59e4,3895067,70,4.44323454489494,819343054,1249282800,1249815400,1781213935580-0
s2sf12j2_redis_rep2_20260611_223851,redis,s2sf12j2_redis_rep2_20260611_223851,2d4baaec-2c5a-4ff2-8313-30f9417e93b8,3895067,70,4.44323454489494,819343054,1249929200,1250471700,1781213935581-0
s2sf12j2_redis_rep2_20260611_223851,redis,s2sf12j2_redis_rep2_20260611_223851,5479badb-65f4-40d6-877b-c6d336d4f055,3895067,70,4.44323454489494,819343054,1250572300,1251136900,1781213935581-1
s2sf12j2_redis_rep2_20260611_223851,redis,s2sf12j2_redis_rep2_20260611_223851,4b946b9d-6dfa-4667-9bf3-4a155e7bf557,3895095,70,6.7254325244231,838361371,1251231100,1251746300,1781213935582-0
s2sf12j2_redis_rep2_20260611_223851,redis,s2sf12j2_redis_rep2_20260611_223851,0e0c6463-85aa-4e53-95a9-9fb881abd73d,3895095,70,6.7254325244231,838361371,1251836300,1252294100,1781213935583-0
s2sf12j2_redis_rep2_20260611_223851,redis,s2sf12j2_redis_rep2_20260611_223851,080735a9-1e68-4c36-addb-696097f34cad,3895134,70,5.225146580694093,825858988,1252387100,1252900700,1781213935583-1
s2sf12j2_redis_rep2_20260611_223851,redis,s2sf12j2_redis_rep2_20260611_223851,ac53cb18-8fe5-49f9-beb1-7041a7087452,3895134,70,5.225146580694093,825858988,1253027900,1253690300,1781213935584-0
s2sf12j2_redis_rep2_20260611_223851,redis,s2sf12j2_redis_rep2_20260611_223851,3a99f56c-7492-450b-8baa-742b6125553f,3895086,70,5.496937795637393,828123914,1253826200,1254391600,1781213935585-0
s2sf12j2_redis_rep2_20260611_223851,redis,s2sf12j2_redis_rep2_20260611_223851,d5433b8f-f6d6-45c3-af43-2cddf339f8a2,3895086,70,5.496937795637393,828123914,1254491000,1255001200,1781213935585-1
s2sf12j2_redis_rep2_20260611_223851,redis,s2sf12j2_redis_rep2_20260611_223851,28009e86-e67a-4c78-9ae9-9631dcd03d8d,3895074,71,6.381086778652621,835491823,1255110600,1255709300,1781213935586-0
s2sf12j2_redis_rep2_20260611_223851,redis,s2sf12j2_redis_rep2_20260611_223851,130387fb-d150-4ba9-a5a3-fbad1ec9875a,3895074,71,6.381086778652621,835491823,1255879400,1256478500,1781213935587-0
s2sf12j2_redis_rep2_20260611_223851,redis,s2sf12j2_redis_rep2_20260611_223851,64edd3bf-0d45-4889-b29d-3e52cf2bfab6,3895113,71,4.455312483689126,819443704,1256634200,1257134700,1781213935587-1
s2sf12j2_redis_rep2_20260611_223851,redis,s2sf12j2_redis_rep2_20260611_223851,0f5b1f64-76db-4a0a-9aa2-19720783e25e,3895067,71,4.526567878228274,820037498,1257225500,1257764300,1781213935588-0
s2sf12j2_redis_rep2_20260611_223851,redis,s2sf12j2_redis_rep2_20260611_223851,a1e9cef7-0191-43da-803d-5de771649a04,3895067,71,4.526567878228274,820037498,1257856200,1258402200,1781213935589-0
s2sf12j2_redis_rep2_20260611_223851,redis,s2sf12j2_redis_rep2_20260611_223851,7a6f68e7-7f57-4509-ad78-5afa6f5cbcfd,3895095,71,6.808765857756434,839055815,1258538800,1259131300,1781213935589-1
s2sf12j2_redis_rep2_20260611_223851,redis,s2sf12j2_redis_rep2_20260611_223851,65416e96-ab82-45f6-83ec-f23beb6e7403,3895052,72,5.044234702062036,824351389,1259295700,1259876500,1781213935590-0
s2sf12j2_redis_rep2_20260611_223851,redis,s2sf12j2_redis_rep2_20260611_223851,619811cc-0ff8-4c5d-b3b3-c9d1fc5fd457,3895095,72,6.892099191089768,839750259,1259977500,1260459100,1781213935591-0
s2sf12j2_redis_rep2_20260611_223851,redis,s2sf12j2_redis_rep2_20260611_223851,a4d7338b-e05b-4a0a-976f-3bc978858503,3895095,72,6.892099191089768,839750259,1260565300,1261114100,1781213935591-1
s2sf12j2_redis_rep2_20260611_223851,redis,s2sf12j2_redis_rep2_20260611_223851,e8102462-a276-4a5b-a772-16bf8e3d8314,3895095,72,6.892099191089768,839750259,1261210300,1261885500,1781213935592-0
s2sf12j2_redis_rep2_20260611_223851,redis,s2sf12j2_redis_rep2_20260611_223851,960ee649-a7e7-4b33-9479-dae36d7e1a3a,3895095,72,6.892099191089768,839750259,1261995400,1262487700,1781213935593-0
s2sf12j2_redis_rep2_20260611_223851,redis,s2sf12j2_redis_rep2_20260611_223851,a916cdcd-7cb8-4756-987e-8fc479ffcdbf,3895086,72,5.663604462304061,829512803,1262585800,1263127500,1781213935593-1
s2sf12j2_redis_rep2_20260611_223851,redis,s2sf12j2_redis_rep2_20260611_223851,eb933861-289b-4a65-8450-301c0f249de2,3895074,73,6.547753445319287,836880712,1263355700,1264289800,1781213935594-0
s2sf12j2_redis_rep2_20260611_223851,redis,s2sf12j2_redis_rep2_20260611_223851,253d7c12-c293-456e-b02f-30065daeb31a,3895052,73,5.1275680353953685,825045833,1264449800,1265487700,1781213935596-0
s2sf12j2_redis_rep2_20260611_223851,redis,s2sf12j2_redis_rep2_20260611_223851,ef8e2d33-6773-4093-9d0c-aa253f6492c6,3895052,73,5.1275680353953685,825045833,1265614700,1266107100,1781213935596-1
s2sf12j2_redis_rep2_20260611_223851,redis,s2sf12j2_redis_rep2_20260611_223851,f244b229-4382-49ff-a159-2eb53ec47566,3895113,73,4.621979150355792,820832592,1266192500,1266736300,1781213935597-0
s2sf12j2_redis_rep2_20260611_223851,redis,s2sf12j2_redis_rep2_20260611_223851,59167877-23ef-4fbd-9e96-127aef642a42,3895134,73,5.475146580694093,827942321,1266817900,1267419900,1781213935598-0
s2sf12j2_redis_rep2_20260611_223851,redis,s2sf12j2_redis_rep2_20260611_223851,e070983c-7ef0-4a59-8492-631b39ddb6ee,3895134,73,5.475146580694093,827942321,1267510600,1268038100,1781213935598-1
s2sf12j2_redis_rep2_20260611_223851,redis,s2sf12j2_redis_rep2_20260611_223851,86fd9161-30db-4f9d-8709-7b22e7cd9f37,3895086,73,5.746937795637393,830207248,1268154700,1268725000,1781213935599-0
s2sf12j2_redis_rep2_20260611_223851,redis,s2sf12j2_redis_rep2_20260611_223851,3dd8c747-4d06-438f-822f-59be62a38dbd,3895086,73,5.746937795637393,830207248,1268840700,1269361400,1781213935600-0
s2sf12j2_redis_rep2_20260611_223851,redis,s2sf12j2_redis_rep2_20260611_223851,0ac2f4e4-a59f-4b03-94ae-b65472503b1c,3895113,74,4.705312483689126,821527037,1269450600,1269962400,1781213935600-1
s2sf12j2_redis_rep2_20260611_223851,redis,s2sf12j2_redis_rep2_20260611_223851,d7de91c1-aaf7-4be5-8968-e876ee80e100,3895086,74,5.830271128970727,830901692,1270059400,1270663800,1781213935601-0
s2sf12j2_redis_rep2_20260611_223851,redis,s2sf12j2_redis_rep2_20260611_223851,347e4824-813c-43a1-9ab5-557ddfa469ae,3895074,75,6.714420111985955,838269600,1270755900,1271313900,1781213935601-1
s2sf12j2_redis_rep2_20260611_223851,redis,s2sf12j2_redis_rep2_20260611_223851,c95f44b1-c0d3-465b-a5b8-24951f956a21,3895121,75,5.9384130747651405,831802875,1271407900,1271882800,1781213935602-0
s2sf12j2_redis_rep2_20260611_223851,redis,s2sf12j2_redis_rep2_20260611_223851,3b379bf2-15a7-4ba4-9a0c-b3fb8527a1d4,3895074,75,6.714420111985955,838269600,1271969100,1272469200,1781213935603-0
s2sf12j2_redis_rep2_20260611_223851,redis,s2sf12j2_redis_rep2_20260611_223851,7c9e8cf2-07c3-471b-8da6-681419a22208,3895052,75,5.294234702062036,826434722,1272557600,1273344900,1781213935603-1
s2sf12j2_redis_rep2_20260611_223851,redis,s2sf12j2_redis_rep2_20260611_223851,2ba1d3c8-01a5-4707-aded-c1032d5c1a2a,3895113,75,4.788645817022459,822221481,1273446100,1274014500,1781213935604-0
s2sf12j2_redis_rep2_20260611_223851,redis,s2sf12j2_redis_rep2_20260611_223851,bb60fb7c-cdba-45cd-9403-9fe70eac599e,3895086,75,5.913604462304061,831596137,1274101700,1274711200,1781213935605-0
s2sf12j2_redis_rep2_20260611_223851,redis,s2sf12j2_redis_rep2_20260611_223851,a0905d11-1ec5-4b7a-a98c-963d4cd31d70,3895086,75,5.913604462304061,831596137,1274837400,1275473500,1781213935606-0
s2sf12j2_redis_rep2_20260611_223851,redis,s2sf12j2_redis_rep2_20260611_223851,7583768d-7e29-47cd-af3c-cf0b393f6ee5,3895086,75,5.913604462304061,831596137,1275580600,1276190600,1781213935606-1
s2sf12j2_redis_rep2_20260611_223851,redis,s2sf12j2_redis_rep2_20260611_223851,38bdbceb-2d1b-4b19-b303-df25485ff8cf,3895113,76,4.871979150355792,822915926,1276300500,1276898700,1781213935607-0
s2sf12j2_redis_rep2_20260611_223851,redis,s2sf12j2_redis_rep2_20260611_223851,e1a2cf65-5a43-4d3d-934d-8c2fe376ad00,3895113,76,4.871979150355792,822915926,1277027600,1277722200,1781213935608-0
s2sf12j2_redis_rep2_20260611_223851,redis,s2sf12j2_redis_rep2_20260611_223851,5f497f92-d774-4657-adf5-8e4bc8af2247,3895095,76,7.2254325244231,842528037,1277816500,1278397300,1781213935609-0
s2sf12j2_redis_rep2_20260611_223851,redis,s2sf12j2_redis_rep2_20260611_223851,7aba694b-2ebc-401d-be15-655d0b773b87,3895095,76,7.2254325244231,842528037,1278597600,1279211000,1781213935609-1
s2sf12j2_redis_rep2_20260611_223851,redis,s2sf12j2_redis_rep2_20260611_223851,8dfa2725-e96f-4a76-bb98-9ee4575d6a03,3895086,76,5.996937795637393,832290581,1279329200,1279866800,1781213935610-0
s2sf12j2_redis_rep2_20260611_223851,redis,s2sf12j2_redis_rep2_20260611_223851,f9364b88-b733-45cf-a170-19bd0c68cdbc,3895074,77,6.881086778652621,839658489,1280001600,1280724100,1781213935611-0
s2sf12j2_redis_rep2_20260611_223851,redis,s2sf12j2_redis_rep2_20260611_223851,a84cf4b4-83d9-478a-aa80-3a0eae44c904,3895052,77,5.460901368728703,827823611,1280834200,1281355400,1781213935612-0
s2sf12j2_redis_rep2_20260611_223851,redis,s2sf12j2_redis_rep2_20260611_223851,1ea7e806-c0fc-48a8-829a-af9ea7b3aa73,3895052,77,5.460901368728703,827823611,1281472000,1282005500,1781213935612-1
s2sf12j2_redis_rep2_20260611_223851,redis,s2sf12j2_redis_rep2_20260611_223851,b772fbf5-f3a6-47cf-99bf-5c7adba135f8,3895113,77,4.955312483689126,823610370,1282108500,1282762100,1781213935613-0
s2sf12j2_redis_rep2_20260611_223851,redis,s2sf12j2_redis_rep2_20260611_223851,1c068f50-c84a-4e1d-824e-578b65120800,3895113,77,4.955312483689126,823610370,1282869300,1283425000,1781213935614-0
s2sf12j2_redis_rep2_20260611_223851,redis,s2sf12j2_redis_rep2_20260611_223851,068a8c35-4ab7-43d1-8463-c4452fd842bd,3895067,77,5.026567878228274,824204165,1283522200,1284066400,1781213935614-1
s2sf12j2_redis_rep2_20260611_223851,redis,s2sf12j2_redis_rep2_20260611_223851,7d37b5cc-3e2d-4ab5-b4af-a45e73138874,3895113,77,4.955312483689126,823610370,1284159100,1284672600,1781213935615-0
s2sf12j2_redis_rep2_20260611_223851,redis,s2sf12j2_redis_rep2_20260611_223851,d3eafa83-830e-4546-b34f-72ea722a5e41,3895113,77,4.955312483689126,823610370,1284763200,1285436900,1781213935616-0
s2sf12j2_redis_rep2_20260611_223851,redis,s2sf12j2_redis_rep2_20260611_223851,ac7217b3-16a1-434f-a555-38147f80fd38,3895113,77,4.955312483689126,823610370,1285533000,1286189000,1781213935616-1
s2sf12j2_redis_rep2_20260611_223851,redis,s2sf12j2_redis_rep2_20260611_223851,195e209c-bc46-4725-ad21-f82a13d77148,3895074,78,6.964420111985955,840352934,1286331400,1286921600,1781213935617-0
s2sf12j2_redis_rep2_20260611_223851,redis,s2sf12j2_redis_rep2_20260611_223851,5aab8dfd-d52c-4f67-806a-20e57ec5d557,3895074,78,6.964420111985955,840352934,1287020700,1287498000,1781213935618-0
s2sf12j2_redis_rep2_20260611_223851,redis,s2sf12j2_redis_rep2_20260611_223851,bbf03926-59ca-4606-9ea2-3cd31eb2fff9,3895067,78,5.109901211561608,824898610,1287604500,1288128100,1781213935618-1
s2sf12j2_redis_rep2_20260611_223851,redis,s2sf12j2_redis_rep2_20260611_223851,6fc5bbd2-8105-451e-ad72-538d52fdd810,3895067,78,5.109901211561608,824898610,1288209000,1288946900,1781213935619-0
s2sf12j2_redis_rep2_20260611_223851,redis,s2sf12j2_redis_rep2_20260611_223851,f500021a-9e63-4063-afe0-b13494e43e25,3895113,78,5.038645817022459,824304815,1289070400,1289598600,1781213935620-0
s2sf12j2_redis_rep2_20260611_223851,redis,s2sf12j2_redis_rep2_20260611_223851,7fd60487-cf13-4688-a589-1979aee7d23a,3895113,78,5.038645817022459,824304815,1289683900,1290151400,1781213935620-1
s2sf12j2_redis_rep2_20260611_223851,redis,s2sf12j2_redis_rep2_20260611_223851,c82d0617-8b6a-4c3a-87b0-6a2aac137cbd,3895121,79,6.271746408098473,834580653,1290232300,1290972400,1781213935621-0
s2sf12j2_redis_rep2_20260611_223851,redis,s2sf12j2_redis_rep2_20260611_223851,e6ae1bb5-29df-4ee2-861a-12940ff0fa0c,3895121,79,6.271746408098473,834580653,1291098000,1291755300,1781213935622-0
s2sf12j2_redis_rep2_20260611_223851,redis,s2sf12j2_redis_rep2_20260611_223851,d027a7a8-d227-41d0-854b-c86a4a71e20b,3895074,79,7.047753445319287,841047378,1291868100,1292380200,1781213935623-0
s2sf12j2_redis_rep2_20260611_223851,redis,s2sf12j2_redis_rep2_20260611_223851,ed5753a5-c289-4649-b971-065a09c34081,3895074,79,7.047753445319287,841047378,1292457600,1292886500,1781213935623-1
s2sf12j2_redis_rep2_20260611_223851,redis,s2sf12j2_redis_rep2_20260611_223851,0cff468a-4801-4e93-bdff-e3cf0fb9e825,3895067,79,5.19323454489494,825593054,1292965100,1293421300,1781213935624-0
s2sf12j2_redis_rep2_20260611_223851,redis,s2sf12j2_redis_rep2_20260611_223851,a0ad5112-916a-41aa-8d46-d7681863838a,3895113,79,5.121979150355792,824999259,1293503800,1294007300,1781213935624-1
s2sf12j2_redis_rep2_20260611_223851,redis,s2sf12j2_redis_rep2_20260611_223851,9bae5df9-4f8d-4f3e-861a-e44685e969a9,3895086,79,6.246937795637393,834373914,1294104600,1294824500,1781213935625-0
s2sf12j2_redis_rep2_20260611_223851,redis,s2sf12j2_redis_rep2_20260611_223851,030b5453-777e-489d-9691-bca667cdbb07,3895067,80,5.276567878228274,826287498,1294922600,1295486000,1781213935626-0
s2sf12j2_redis_rep2_20260611_223851,redis,s2sf12j2_redis_rep2_20260611_223851,b3e931e5-5dc9-4367-8a43-f27bd647d688,3895067,80,5.276567878228274,826287498,1295588800,1296023000,1781213935626-1
s2sf12j2_redis_rep2_20260611_223851,redis,s2sf12j2_redis_rep2_20260611_223851,86b4af1d-95ac-4092-9d96-efc8703ea4a6,3895113,80,5.205312483689126,825693704,1296116200,1296729400,1781213935627-0
s2sf12j2_redis_rep2_20260611_223851,redis,s2sf12j2_redis_rep2_20260611_223851,03442bfd-3838-49c7-898a-1f0c6950d9f2,3895086,80,6.330271128970727,835068359,1296829600,1297333500,1781213935628-0
s2sf12j2_redis_rep2_20260611_223851,redis,s2sf12j2_redis_rep2_20260611_223851,896dc77b-f5fe-4a62-bcb2-a2b3ea7c36a5,3895086,80,6.330271128970727,835068359,1297427100,1298003800,1781213935628-1
s2sf12j2_redis_rep2_20260611_223851,redis,s2sf12j2_redis_rep2_20260611_223851,42ba23fd-6dda-41c5-b674-5fe50e298b30,3895121,81,6.4384130747651405,835969542,1298102400,1298546300,1781213935629-0
s2sf12j2_redis_rep2_20260611_223851,redis,s2sf12j2_redis_rep2_20260611_223851,e083ff1e-a815-4ceb-be0d-74e46f4b2105,3895121,81,6.4384130747651405,835969542,1298640300,1299087500,1781213935629-1
s2sf12j2_redis_rep2_20260611_223851,redis,s2sf12j2_redis_rep2_20260611_223851,4accf764-c81d-4823-937b-355299ea8c73,3895074,81,7.214420111985955,842436267,1299169200,1299675700,1781213935630-0
s2sf12j2_redis_rep2_20260611_223851,redis,s2sf12j2_redis_rep2_20260611_223851,e8cfafef-37c7-4e00-be7f-4bee056a1e72,3895052,81,5.794234702062036,830601389,1299755100,1300175000,1781213935630-1
s2sf12j2_redis_rep2_20260611_223851,redis,s2sf12j2_redis_rep2_20260611_223851,86913597-82b0-4000-9be5-2b7fa42caa76,3895113,81,5.288645817022459,826388148,1300289000,1300875400,1781213935631-0
s2sf12j2_redis_rep2_20260611_223851,redis,s2sf12j2_redis_rep2_20260611_223851,ba9abae9-f6c5-434d-ae12-bd0b2c182bc6,3895113,81,5.288645817022459,826388148,1300963300,1301545000,1781213935632-0
s2sf12j2_redis_rep2_20260611_223851,redis,s2sf12j2_redis_rep2_20260611_223851,e243eff1-e63a-41fb-98e9-2bde3272420a,3895113,81,5.288645817022459,826388148,1301628700,1302274100,1781213935632-1
s2sf12j2_redis_rep2_20260611_223851,redis,s2sf12j2_redis_rep2_20260611_223851,4c5443dc-d6fc-427d-9bac-1ffea8874db9,3895086,81,6.413604462304061,835762803,1302366800,1302970000,1781213935633-0
s2sf12j2_redis_rep2_20260611_223851,redis,s2sf12j2_redis_rep2_20260611_223851,107a8aee-57d5-4f7a-8971-91621e90374f,3895086,81,6.413604462304061,835762803,1303076900,1303602600,1781213935634-0
s2sf12j2_redis_rep2_20260611_223851,redis,s2sf12j2_redis_rep2_20260611_223851,507d41e8-a33f-4d01-b9ff-168feada4ee3,3895086,81,6.413604462304061,835762803,1303704700,1304195600,1781213935634-1
s2sf12j2_redis_rep2_20260611_223851,redis,s2sf12j2_redis_rep2_20260611_223851,62fbcc89-c9e1-40a1-acdd-06d58528a62b,3895121,82,6.521746408098473,836663986,1304286800,1304777000,1781213935635-0
s2sf12j2_redis_rep2_20260611_223851,redis,s2sf12j2_redis_rep2_20260611_223851,f21cae0b-5501-4169-bf7a-f978ab2259b1,3895121,82,6.521746408098473,836663986,1304876800,1305382300,1781213935636-0
s2sf12j2_redis_rep2_20260611_223851,redis,s2sf12j2_redis_rep2_20260611_223851,2a4589ee-8a60-4838-bb5f-949f057a46be,3895052,82,5.8775680353953685,831295833,1305514100,1306064500,1781213935636-1
s2sf12j2_redis_rep2_20260611_223851,redis,s2sf12j2_redis_rep2_20260611_223851,fe0f397f-f5e0-4759-9e45-af76f196daa7,3895052,82,5.8775680353953685,831295833,1306174500,1306688900,1781213935637-0
s2sf12j2_redis_rep2_20260611_223851,redis,s2sf12j2_redis_rep2_20260611_223851,7f9bca75-fdac-456a-a077-a1b6679635f9,3895067,82,5.44323454489494,827676387,1306805900,1307473100,1781213935638-0
s2sf12j2_redis_rep2_20260611_223851,redis,s2sf12j2_redis_rep2_20260611_223851,7e6e7d87-a93a-4d9b-9518-b45914cddc8e,3895086,82,6.496937795637393,836457248,1307568700,1308272700,1781213935638-1
s2sf12j2_redis_rep2_20260611_223851,redis,s2sf12j2_redis_rep2_20260611_223851,13c22074-4da3-469f-af37-643f4a6d2211,3895074,83,7.381086778652621,843825156,1308356800,1309059300,1781213935639-0
s2sf12j2_redis_rep2_20260611_223851,redis,s2sf12j2_redis_rep2_20260611_223851,fa58fa6c-9d21-48a3-b8f9-7a66751a2a7a,3895074,83,7.381086778652621,843825156,1309190900,1309730600,1781213935640-0
s2sf12j2_redis_rep2_20260611_223851,redis,s2sf12j2_redis_rep2_20260611_223851,c5a4b0aa-b03e-4e82-a80a-ea91e7ecf394,3895052,83,5.960901368728703,831990278,1309837200,1310441700,1781213935641-0
s2sf12j2_redis_rep2_20260611_223851,redis,s2sf12j2_redis_rep2_20260611_223851,29ebd69c-b1d1-4dc7-b54b-31a857a4d433,3895067,83,5.526567878228274,828370832,1310544200,1311067800,1781213935641-1
s2sf12j2_redis_rep2_20260611_223851,redis,s2sf12j2_redis_rep2_20260611_223851,7f356a1a-a126-4380-8bab-651b39b4bceb,3895095,83,7.808765857756434,847389148,1311164500,1311693500,1781213935642-0
s2sf12j2_redis_rep2_20260611_223851,redis,s2sf12j2_redis_rep2_20260611_223851,e6de5b8f-521e-495c-bcc2-1496fe2c2457,3895067,83,5.526567878228274,828370832,1311789000,1312260500,1781213935642-1
s2sf12j2_redis_rep2_20260611_223851,redis,s2sf12j2_redis_rep2_20260611_223851,78eec9d2-2279-474b-8174-5955e289ab49,3895113,83,5.455312483689126,827777037,1312354600,1312923900,1781213935643-0
s2sf12j2_redis_rep2_20260611_223851,redis,s2sf12j2_redis_rep2_20260611_223851,ff5a7afc-11a6-4f3c-b55c-403c5730e20b,3895113,83,5.455312483689126,827777037,1313024600,1313545100,1781213935644-0
s2sf12j2_redis_rep2_20260611_223851,redis,s2sf12j2_redis_rep2_20260611_223851,787336fc-bb27-441e-9329-430b61f3c14b,3895086,83,6.580271128970727,837151692,1313701600,1314189900,1781213935644-1
s2sf12j2_redis_rep2_20260611_223851,redis,s2sf12j2_redis_rep2_20260611_223851,6c237c16-6750-4dc1-9995-bd07debf26c1,3895052,84,6.044234702062036,832684722,1314288200,1314809500,1781213935645-0
s2sf12j2_redis_rep2_20260611_223851,redis,s2sf12j2_redis_rep2_20260611_223851,587dfd13-6676-4362-a28f-be1edea9a6c6,3895052,84,6.044234702062036,832684722,1314921600,1315669600,1781213935646-0
s2sf12j2_redis_rep2_20260611_223851,redis,s2sf12j2_redis_rep2_20260611_223851,6b5e6f95-6428-4d18-b21d-9c9a79525b5a,3895095,84,7.892099191089768,848083593,1315771500,1316340700,1781213935647-0
s2sf12j2_redis_rep2_20260611_223851,redis,s2sf12j2_redis_rep2_20260611_223851,56f7af39-fd83-4562-94a1-ef575eab5c2f,3895067,84,5.609901211561608,829065276,1316464200,1317000400,1781213935647-1
s2sf12j2_redis_rep2_20260611_223851,redis,s2sf12j2_redis_rep2_20260611_223851,2bac81e7-2ae1-49d5-93fc-c73136033765,3895095,84,7.892099191089768,848083593,1317097800,1317672100,1781213935648-0
s2sf12j2_redis_rep2_20260611_223851,redis,s2sf12j2_redis_rep2_20260611_223851,111b9035-afa8-4884-8908-b5c13ccb8b02,3895086,84,6.663604462304061,837846137,1317762500,1318389300,1781213935648-1
s2sf12j2_redis_rep2_20260611_223851,redis,s2sf12j2_redis_rep2_20260611_223851,42a5a0e6-3823-4e64-ba59-9875f5ffb0ad,3895086,84,6.663604462304061,837846137,1318477800,1319072200,1781213935649-0
s2sf12j2_redis_rep2_20260611_223851,redis,s2sf12j2_redis_rep2_20260611_223851,5b4be5da-e353-47d1-9aa2-e412034a7cc9,3895121,85,6.771746408098473,838747320,1319165700,1319741200,1781213935650-0
s2sf12j2_redis_rep2_20260611_223851,redis,s2sf12j2_redis_rep2_20260611_223851,7b1bfe4d-343b-4a49-9f36-ac1c9281053e,3895121,85,6.771746408098473,838747320,1319857200,1320469000,1781213935651-0
s2sf12j2_redis_rep2_20260611_223851,redis,s2sf12j2_redis_rep2_20260611_223851,5f38e18f-86ae-43b3-a606-39c39db57cee,3895052,85,6.1275680353953685,833379166,1320610000,1321148900,1781213935651-1
s2sf12j2_redis_rep2_20260611_223851,redis,s2sf12j2_redis_rep2_20260611_223851,5f0b504c-329e-4a36-9b61-e4fcfa79dbad,3895067,85,5.69323454489494,829759721,1321268100,1321821900,1781213935652-0
s2sf12j2_redis_rep2_20260611_223851,redis,s2sf12j2_redis_rep2_20260611_223851,d47829c7-5e69-4c6e-bd70-9fcceb367367,3895095,85,7.9754325244231,848778037,1321910800,1322575600,1781213935653-0
s2sf12j2_redis_rep2_20260611_223851,redis,s2sf12j2_redis_rep2_20260611_223851,8b9f3b73-7860-4cab-accb-f394ff0cf96f,3895067,85,5.69323454489494,829759721,1322712700,1323269800,1781213935653-1
s2sf12j2_redis_rep2_20260611_223851,redis,s2sf12j2_redis_rep2_20260611_223851,6521de44-af00-4c95-a37f-4936185cbd0c,3895067,85,5.69323454489494,829759721,1323371200,1323891300,1781213935654-0
s2sf12j2_redis_rep2_20260611_223851,redis,s2sf12j2_redis_rep2_20260611_223851,f3f24509-b665-4851-9411-fa3fd6de93f8,3895113,85,5.621979150355792,829165926,1324007700,1324685900,1781213935655-0
s2sf12j2_redis_rep2_20260611_223851,redis,s2sf12j2_redis_rep2_20260611_223851,726edc96-91b9-4771-85d8-b5dd43e7bbe3,3895086,85,6.746937795637393,838540581,1324798200,1325363100,1781213935656-0
s2sf12j2_redis_rep2_20260611_223851,redis,s2sf12j2_redis_rep2_20260611_223851,4d769c60-6b01-42c7-ba36-1565e549eae8,3895052,86,6.210901368728703,834073611,1325468700,1326336600,1781213935656-1
s2sf12j2_redis_rep2_20260611_223851,redis,s2sf12j2_redis_rep2_20260611_223851,c241d9b6-58dd-4ea2-8b5e-16e7aef4e822,3895052,86,6.210901368728703,834073611,1326521300,1327070200,1781213935657-0
s2sf12j2_redis_rep2_20260611_223851,redis,s2sf12j2_redis_rep2_20260611_223851,3c0fbaec-8fc8-4e7a-99c4-0210d8e061e5,3895095,86,8.058765857756434,849472482,1327167100,1327684000,1781213935658-0
s2sf12j2_redis_rep2_20260611_223851,redis,s2sf12j2_redis_rep2_20260611_223851,5d5b8e92-4834-42c7-886b-7c908d58f5ae,3895095,86,8.058765857756434,849472482,1327786200,1328335600,1781213935658-1
s2sf12j2_redis_rep2_20260611_223851,redis,s2sf12j2_redis_rep2_20260611_223851,9f6e6858-572d-4258-b587-e91b56d684d3,3895067,86,5.776567878228274,830454165,1328427400,1329012400,1781213935659-0
s2sf12j2_redis_rep2_20260611_223851,redis,s2sf12j2_redis_rep2_20260611_223851,345cb7e8-5870-4a38-bc70-b4727a52d6fa,3895113,86,5.705312483689126,829860370,1329107800,1329902900,1781213935660-0
s2sf12j2_redis_rep2_20260611_223851,redis,s2sf12j2_redis_rep2_20260611_223851,a4f84a5e-7d03-4a36-97ae-d1ad5b9e1121,3895067,86,5.776567878228274,830454165,1330079500,1330688900,1781213935661-0
s2sf12j2_redis_rep2_20260611_223851,redis,s2sf12j2_redis_rep2_20260611_223851,6abd10fe-abb5-4ef7-8139-fc8300228420,3895113,86,5.705312483689126,829860370,1330793100,1331323900,1781213935661-1
s2sf12j2_redis_rep2_20260611_223851,redis,s2sf12j2_redis_rep2_20260611_223851,540d57d3-6135-4d4e-ac1b-cdaf6d884ea2,3895086,86,6.830271128970727,839235026,1331447300,1332059000,1781213935662-0
s2sf12j2_redis_rep2_20260611_223851,redis,s2sf12j2_redis_rep2_20260611_223851,bbe8d73a-45fd-4e6a-a589-d54755e6a1cc,3895086,86,6.830271128970727,839235026,1332210500,1332947900,1781213935663-0
s2sf12j2_redis_rep2_20260611_223851,redis,s2sf12j2_redis_rep2_20260611_223851,f1de8ed7-dd06-4972-8198-fc3268ff24cf,3895052,87,6.294234702062036,834768055,1333107200,1333680300,1781213935664-0
s2sf12j2_redis_rep2_20260611_223851,redis,s2sf12j2_redis_rep2_20260611_223851,a8d82eb3-1443-4b6d-b31d-5118f044f4bc,3895052,87,6.294234702062036,834768055,1333830300,1334643400,1781213935665-0
s2sf12j2_redis_rep2_20260611_223851,redis,s2sf12j2_redis_rep2_20260611_223851,2747e907-b5f5-49ce-a909-8fda34bd750f,3895086,87,6.913604462304061,839929470,1334754400,1335426100,1781213935666-0
s2sf12j2_redis_rep2_20260611_223851,redis,s2sf12j2_redis_rep2_20260611_223851,56d69800-edf7-4142-ab4c-9526158c14df,3895086,87,6.913604462304061,839929470,1335580600,1336214600,1781213935666-1
s2sf12j2_redis_rep2_20260611_223851,redis,s2sf12j2_redis_rep2_20260611_223851,29f5b82a-3d6b-4a71-9a45-22f52290b730,3895121,88,7.021746408098473,840830653,1336312000,1336892500,1781213935667-0
s2sf12j2_redis_rep2_20260611_223851,redis,s2sf12j2_redis_rep2_20260611_223851,2893e770-31b5-4ebb-841e-a1658c844d55,3895074,88,7.797753445319287,847297378,1336990700,1337462200,1781213935668-0
s2sf12j2_redis_rep2_20260611_223851,redis,s2sf12j2_redis_rep2_20260611_223851,42d34e4a-89a3-415f-a454-449a5dd7cdee,3895121,88,7.021746408098473,840830653,1337564300,1338121800,1781213935668-1
s2sf12j2_redis_rep2_20260611_223851,redis,s2sf12j2_redis_rep2_20260611_223851,0376753a-5e29-4cd4-a4d7-008663a3ef13,3895052,88,6.3775680353953685,835462500,1338211500,1338746200,1781213935669-0
s2sf12j2_redis_rep2_20260611_223851,redis,s2sf12j2_redis_rep2_20260611_223851,beca7090-e47b-48f6-97fe-75ca3adcef14,3895095,88,8.2254325244231,850861371,1338831100,1339495600,1781213935670-0
s2sf12j2_redis_rep2_20260611_223851,redis,s2sf12j2_redis_rep2_20260611_223851,d9b493eb-d245-442c-9601-4b14887e636d,3895067,88,5.94323454489494,831843054,1339646200,1340442000,1781213935671-0
s2sf12j2_redis_rep2_20260611_223851,redis,s2sf12j2_redis_rep2_20260611_223851,2d52eb52-cff2-401e-a12e-b6299e0198b1,3895067,88,5.94323454489494,831843054,1340573900,1341232900,1781213935671-1
s2sf12j2_redis_rep2_20260611_223851,redis,s2sf12j2_redis_rep2_20260611_223851,2a4b618e-fbb6-4fd9-b3f6-17220dbb0cd2,3895074,89,7.881086778652621,847991823,1341351500,1341846300,1781213935672-0
s2sf12j2_redis_rep2_20260611_223851,redis,s2sf12j2_redis_rep2_20260611_223851,64be0f38-c5d1-4a99-842b-603860a63b66,3895121,89,7.105079741431807,841525097,1341966100,1342524600,1781213935673-0
s2sf12j2_redis_rep2_20260611_223851,redis,s2sf12j2_redis_rep2_20260611_223851,646f5a83-a844-4c20-9a34-2cfae264f835,3895074,89,7.881086778652621,847991823,1342644000,1343206600,1781213935673-1
s2sf12j2_redis_rep2_20260611_223851,redis,s2sf12j2_redis_rep2_20260611_223851,3c5e67f5-946c-4062-bb82-b40e613923ab,3895121,89,7.105079741431807,841525097,1343336700,1343842900,1781213935674-0
s2sf12j2_redis_rep2_20260611_223851,redis,s2sf12j2_redis_rep2_20260611_223851,d8fa0a0f-dbd5-4d56-849d-e542d0f4c863,3895052,89,6.460901368728703,836156944,1343995400,1344615800,1781213935675-0
s2sf12j2_redis_rep2_20260611_223851,redis,s2sf12j2_redis_rep2_20260611_223851,4365972f-a6eb-41f4-8405-84a44f9c3f15,3895052,89,6.460901368728703,836156944,1344718500,1345200200,1781213935675-1
s2sf12j2_redis_rep2_20260611_223851,redis,s2sf12j2_redis_rep2_20260611_223851,1ebc41a8-9a54-4ed7-b7f0-0ad98ca182d9,3895121,90,7.1884130747651405,842219542,1345294600,1345806300,1781213935676-0
s2sf12j2_redis_rep2_20260611_223851,redis,s2sf12j2_redis_rep2_20260611_223851,e9349458-19c1-433d-a74b-514a898592ca,3895052,90,6.544234702062036,836851389,1345896100,1346418600,1781213935677-0
s2sf12j2_redis_rep2_20260611_223851,redis,s2sf12j2_redis_rep2_20260611_223851,f5b2bcc8-9b50-4da0-aa1f-3d552544b1f0,3895095,90,8.392099191089768,852250259,1346522300,1347027400,1781213935677-1
s2sf12j2_redis_rep2_20260611_223851,redis,s2sf12j2_redis_rep2_20260611_223851,942e1fa9-401d-4f6a-aeda-0317698cd045,3895095,90,8.392099191089768,852250259,1347121700,1347636000,1781213935678-0
s2sf12j2_redis_rep2_20260611_223851,redis,s2sf12j2_redis_rep2_20260611_223851,87f538be-2098-4fe4-8810-f51747834230,3895113,90,6.038645817022459,832638148,1347722500,1348207100,1781213935678-1
s2sf12j2_redis_rep2_20260611_223851,redis,s2sf12j2_redis_rep2_20260611_223851,66b31129-9550-48eb-aab9-fdc69ac92c81,3895113,90,6.038645817022459,832638148,1348292600,1348804700,1781213935679-0
s2sf12j2_redis_rep2_20260611_223851,redis,s2sf12j2_redis_rep2_20260611_223851,df2e5510-62cc-4163-98c5-5a8a588c1ad8,3895113,90,6.038645817022459,832638148,1348894000,1349434200,1781213935680-0
s2sf12j2_redis_rep2_20260611_223851,redis,s2sf12j2_redis_rep2_20260611_223851,b313223c-4773-4a1b-bfa4-80104490c9eb,3895113,90,6.038645817022459,832638148,1349520500,1350010300,1781213935680-1
s2sf12j2_redis_rep2_20260611_223851,redis,s2sf12j2_redis_rep2_20260611_223851,8e334322-dfb2-4dec-825b-7b610bd9d614,3895074,91,8.047753445319287,849380712,1350095200,1350605500,1781213935681-0
s2sf12j2_redis_rep2_20260611_223851,redis,s2sf12j2_redis_rep2_20260611_223851,70c06522-06f2-43da-a2bd-4356b359a600,3895067,91,6.19323454489494,833926387,1350690800,1351123800,1781213935681-1
s2sf12j2_redis_rep2_20260611_223851,redis,s2sf12j2_redis_rep2_20260611_223851,b0a8fbce-c821-491c-a37f-da9d3746ba52,3895067,91,6.19323454489494,833926387,1351206100,1351699800,1781213935682-0
s2sf12j2_redis_rep2_20260611_223851,redis,s2sf12j2_redis_rep2_20260611_223851,dd6208c4-623c-488d-be28-3134d724633f,3895067,91,6.19323454489494,833926387,1351778000,1352274600,1781213935682-1
s2sf12j2_redis_rep2_20260611_223851,redis,s2sf12j2_redis_rep2_20260611_223851,828b3f57-9b71-4499-ae26-f64755e48e20,3895113,91,6.121979150355792,833332592,1352369700,1352893000,1781213935683-0
s2sf12j2_redis_rep2_20260611_223851,redis,s2sf12j2_redis_rep2_20260611_223851,5b7445ba-ce8f-482b-8d65-82b1b4f2988a,3895067,91,6.19323454489494,833926387,1352987800,1353456600,1781213935684-0
s2sf12j2_redis_rep2_20260611_223851,redis,s2sf12j2_redis_rep2_20260611_223851,d258e6f7-f318-4cb5-88c3-f16a5e8f313c,3895086,91,7.246937795637393,842707248,1353547300,1353984200,1781213935684-1
s2sf12j2_redis_rep2_20260611_223851,redis,s2sf12j2_redis_rep2_20260611_223851,e68a1a15-69d7-40f2-b136-55b7c64aef10,3895074,92,8.131086778652621,850075156,1354067900,1354540200,1781213935685-0
s2sf12j2_redis_rep2_20260611_223851,redis,s2sf12j2_redis_rep2_20260611_223851,66973f0d-2300-46ef-a265-d3cf2d66f504,3895095,92,8.558765857756434,853639148,1354662700,1355183200,1781213935685-1
s2sf12j2_redis_rep2_20260611_223851,redis,s2sf12j2_redis_rep2_20260611_223851,416f6860-d593-4042-949c-a5da924f1a3a,3895113,92,6.205312483689126,834027037,1355278800,1355906200,1781213935686-0
s2sf12j2_redis_rep2_20260611_223851,redis,s2sf12j2_redis_rep2_20260611_223851,0581db2b-9d21-40c8-a8fe-a36bac9bd0fe,3895113,92,6.205312483689126,834027037,1356044500,1356729200,1781213935687-0
s2sf12j2_redis_rep2_20260611_223851,redis,s2sf12j2_redis_rep2_20260611_223851,c6712579-4e48-4c9d-aca9-13c7ae5216d1,3895113,92,6.205312483689126,834027037,1356832700,1357529200,1781213935688-0
s2sf12j2_redis_rep2_20260611_223851,redis,s2sf12j2_redis_rep2_20260611_223851,2fa064d8-f9d2-4c60-87c3-f13c608a9d28,3895113,92,6.205312483689126,834027037,1357635000,1358224800,1781213935688-1
s2sf12j2_redis_rep2_20260611_223851,redis,s2sf12j2_redis_rep2_20260611_223851,7754eb17-443e-4c9f-8d7e-72d1d27c6976,3895086,92,7.330271128970727,843401692,1358323400,1358789200,1781213935689-0
s2sf12j2_redis_rep2_20260611_223851,redis,s2sf12j2_redis_rep2_20260611_223851,c1b1b2dc-2091-4daa-84c0-0d2383d34a86,3895086,92,7.330271128970727,843401692,1358879500,1359327400,1781213935690-0
s2sf12j2_redis_rep2_20260611_223851,redis,s2sf12j2_redis_rep2_20260611_223851,c9193dbc-a436-48e8-8fd1-6edce33ef239,3895121,93,7.43841307476514,844302875,1359414200,1360017500,1781213935690-1
s2sf12j2_redis_rep2_20260611_223851,redis,s2sf12j2_redis_rep2_20260611_223851,8591e32d-b0d5-4d52-99c1-f6f01c29e65c,3895134,93,7.14181324736076,841831210,1360157800,1360817000,1781213935691-0
s2sf12j2_redis_rep2_20260611_223851,redis,s2sf12j2_redis_rep2_20260611_223851,05cd20fa-12bd-4596-bee5-f161b155bfcc,3895052,93,6.794234702062036,838934722,1360908800,1361480000,1781213935692-0
s2sf12j2_redis_rep2_20260611_223851,redis,s2sf12j2_redis_rep2_20260611_223851,c5f54ab2-8a92-40ea-8281-2ef5c18edb30,3895052,93,6.794234702062036,838934722,1361578000,1362107900,1781213935692-1
s2sf12j2_redis_rep2_20260611_223851,redis,s2sf12j2_redis_rep2_20260611_223851,edee64bb-b610-4ca3-ae10-9c2b105e12c6,3895052,93,6.794234702062036,838934722,1362205800,1362749200,1781213935693-0
s2sf12j2_redis_rep2_20260611_223851,redis,s2sf12j2_redis_rep2_20260611_223851,728082f9-d38e-463f-b904-e542e36fb188,3895095,93,8.642099191089768,854333593,1362848200,1363393600,1781213935694-0
s2sf12j2_redis_rep2_20260611_223851,redis,s2sf12j2_redis_rep2_20260611_223851,3ccfac04-5845-4f47-8032-20180f4ffe45,3895095,93,8.642099191089768,854333593,1363501300,1364045000,1781213935694-1
s2sf12j2_redis_rep2_20260611_223851,redis,s2sf12j2_redis_rep2_20260611_223851,e9499440-364d-4088-acc6-78a5c8f79b80,3895113,93,6.288645817022459,834721481,1364186900,1364789000,1781213935695-0
s2sf12j2_redis_rep2_20260611_223851,redis,s2sf12j2_redis_rep2_20260611_223851,cab10015-6ac5-42f8-8be8-4ef18eb0c600,3895113,93,6.288645817022459,834721481,1364949000,1365524000,1781213935696-0
s2sf12j2_redis_rep2_20260611_223851,redis,s2sf12j2_redis_rep2_20260611_223851,66f99ca0-8d55-4369-b532-8afa4fb60cb6,3895113,93,6.288645817022459,834721481,1365647000,1366226200,1781213935696-1
s2sf12j2_redis_rep2_20260611_223851,redis,s2sf12j2_redis_rep2_20260611_223851,43dbd405-1322-474b-af1c-daa2625cddd6,3895074,94,8.297753445319287,851464045,1366334000,1366961900,1781213935697-0
s2sf12j2_redis_rep2_20260611_223851,redis,s2sf12j2_redis_rep2_20260611_223851,1d6d4b5f-fcb8-4542-a2a0-cef25ccdbd81,3895121,94,7.521746408098473,844997320,1367074800,1367554000,1781213935698-0
s2sf12j2_redis_rep2_20260611_223851,redis,s2sf12j2_redis_rep2_20260611_223851,e00a5ad0-eaf2-4669-b550-11fd0e701be9,3895074,94,8.297753445319287,851464045,1367652700,1368094200,1781213935698-1
s2sf12j2_redis_rep2_20260611_223851,redis,s2sf12j2_redis_rep2_20260611_223851,7b40fbd4-a6c0-40d7-b4f9-23abcffcd4c5,3895121,94,7.521746408098473,844997320,1368186000,1368826900,1781213935699-0
s2sf12j2_redis_rep2_20260611_223851,redis,s2sf12j2_redis_rep2_20260611_223851,d661cba6-658b-499f-805a-039b315ddbd1,3895134,94,7.225146580694093,842525654,1368946100,1369476500,1781213935700-0
s2sf12j2_redis_rep2_20260611_223851,redis,s2sf12j2_redis_rep2_20260611_223851,373c00ad-aaab-417b-8bd0-1d896bdb010c,3895134,94,7.225146580694093,842525654,1369603400,1370320600,1781213935700-1
s2sf12j2_redis_rep2_20260611_223851,redis,s2sf12j2_redis_rep2_20260611_223851,292d775e-e7f6-4184-a905-16b5d63af2ad,3895134,94,7.225146580694093,842525654,1370531400,1371353600,1781213935701-0
s2sf12j2_redis_rep2_20260611_223851,redis,s2sf12j2_redis_rep2_20260611_223851,2b9c84e1-253a-4b23-ade6-906d178e7dbf,3895052,94,6.8775680353953685,839629166,1371705000,1372392200,1781213935703-0
s2sf12j2_redis_rep2_20260611_223851,redis,s2sf12j2_redis_rep2_20260611_223851,f37a2ea2-ffd2-4be1-ae29-4d6fcdaa75c8,3895052,94,6.8775680353953685,839629166,1372620200,1373297600,1781213935703-1
s2sf12j2_redis_rep2_20260611_223851,redis,s2sf12j2_redis_rep2_20260611_223851,28947f12-5bda-4d7a-8819-ae670f2b2ca1,3895052,94,6.8775680353953685,839629166,1373493100,1374404700,1781213935705-0
s2sf12j2_redis_rep2_20260611_223851,redis,s2sf12j2_redis_rep2_20260611_223851,bd1d1124-a984-42f1-b66b-28b07f32153e,3895052,94,6.8775680353953685,839629166,1374652600,1375110700,1781213935705-1
s2sf12j2_redis_rep2_20260611_223851,redis,s2sf12j2_redis_rep2_20260611_223851,6db048b0-fb35-4772-b8a4-385ff5d3bf54,3895052,94,6.8775680353953685,839629166,1375241900,1375865200,1781213935706-0
s2sf12j2_redis_rep2_20260611_223851,redis,s2sf12j2_redis_rep2_20260611_223851,e4c17700-43bb-43a3-ac49-f13944a9566e,3895052,94,6.8775680353953685,839629166,1375965800,1376675900,1781213935707-0
s2sf12j2_redis_rep2_20260611_223851,redis,s2sf12j2_redis_rep2_20260611_223851,f0ddd78d-dbb8-4d59-a5a9-59a4471fb126,3895067,94,6.44323454489494,836009721,1376773000,1377318000,1781213935707-1
s2sf12j2_redis_rep2_20260611_223851,redis,s2sf12j2_redis_rep2_20260611_223851,ace43399-85d9-46d5-9d23-fb51847aead6,3895086,94,7.496937795637393,844790581,1377420500,1377946800,1781213935708-0
s2sf12j2_redis_rep2_20260611_223851,redis,s2sf12j2_redis_rep2_20260611_223851,5043e3af-3c3c-4fde-b62f-9da75c031686,3895074,95,8.381086778652621,852158489,1378035400,1378454800,1781213935709-0
s2sf12j2_redis_rep2_20260611_223851,redis,s2sf12j2_redis_rep2_20260611_223851,7fae2d6a-026a-49ee-96da-30429e822d18,3895134,95,7.308479914027427,843220099,1378544200,1379132200,1781213935709-1
s2sf12j2_redis_rep2_20260611_223851,redis,s2sf12j2_redis_rep2_20260611_223851,8a11b84c-28ad-45df-b47d-888026d081da,3895134,95,7.308479914027427,843220099,1379220300,1379730700,1781213935710-0
s2sf12j2_redis_rep2_20260611_223851,redis,s2sf12j2_redis_rep2_20260611_223851,3742c998-92f6-475b-84cb-66d216cbb7b9,3895134,95,7.308479914027427,843220099,1379811800,1380215500,1781213935710-1
s2sf12j2_redis_rep2_20260611_223851,redis,s2sf12j2_redis_rep2_20260611_223851,6d272944-e0e1-4bba-95ea-74ddbcd89857,3895067,95,6.526567878228274,836704165,1380296200,1380703400,1781213935711-0
s2sf12j2_redis_rep2_20260611_223851,redis,s2sf12j2_redis_rep2_20260611_223851,e72b1bcb-24bf-49c9-b727-7e1159f070d7,3895067,95,6.526567878228274,836704165,1380786600,1381403500,1781213935712-0
s2sf12j2_redis_rep2_20260611_223851,redis,s2sf12j2_redis_rep2_20260611_223851,c3e5d0fb-db35-45e3-ab6f-992a3559fa70,3895113,95,6.455312483689126,836110370,1381523700,1382145200,1781213935712-1
s2sf12j2_redis_rep2_20260611_223851,redis,s2sf12j2_redis_rep2_20260611_223851,38441982-a067-4462-a822-42717582d3f6,3895113,95,6.455312483689126,836110370,1382235600,1382740300,1781213935713-0
s2sf12j2_redis_rep2_20260611_223851,redis,s2sf12j2_redis_rep2_20260611_223851,2b992ee9-94f0-4cab-8f7a-855c68a6839d,3895086,95,7.580271128970727,845485026,1382827500,1383420600,1781213935714-0
s2sf12j2_redis_rep2_20260611_223851,redis,s2sf12j2_redis_rep2_20260611_223851,fdbc2ce9-1260-4093-84c7-967fefe71601,3895074,96,8.464420111985955,852852934,1383552900,1384108200,1781213935714-1
s2sf12j2_redis_rep2_20260611_223851,redis,s2sf12j2_redis_rep2_20260611_223851,689ce84b-5aa2-4e4d-856a-ae00e2bc2164,3895074,96,8.464420111985955,852852934,1384202100,1384689100,1781213935715-0
s2sf12j2_redis_rep2_20260611_223851,redis,s2sf12j2_redis_rep2_20260611_223851,81a2e0ba-0069-484b-b48d-3028ad8f8901,3895113,96,6.538645817022459,836804815,1384775400,1385587300,1781213935715-1
s2sf12j2_redis_rep2_20260611_223851,redis,s2sf12j2_redis_rep2_20260611_223851,5e3179a0-084a-4e80-9da2-5f35e8ec0452,3895086,96,7.663604462304061,846179470,1385708200,1386211500,1781213935716-0
s2sf12j2_redis_rep2_20260611_223851,redis,s2sf12j2_redis_rep2_20260611_223851,ba5596c8-74af-4d91-971f-67e828d714f1,3895086,96,7.663604462304061,846179470,1386307800,1386800200,1781213935717-0
s2sf12j2_redis_rep2_20260611_223851,redis,s2sf12j2_redis_rep2_20260611_223851,f1642bb5-9d19-4590-a656-35b6b538b16f,3895095,97,8.975432524423102,857111371,1386898500,1387405100,1781213935718-0
s2sf12j2_redis_rep2_20260611_223851,redis,s2sf12j2_redis_rep2_20260611_223851,604cba08-934e-4d65-adfc-d2e0e276c634,3895095,97,8.975432524423102,857111371,1387500700,1387987300,1781213935718-1
s2sf12j2_redis_rep2_20260611_223851,redis,s2sf12j2_redis_rep2_20260611_223851,4e0c0132-c685-4866-babe-f1f6449ebb28,3895067,97,6.693234544894942,838093054,1388078600,1388688700,1781213935719-0
s2sf12j2_redis_rep2_20260611_223851,redis,s2sf12j2_redis_rep2_20260611_223851,6c6e6e43-3708-4a97-a623-144db45e0acf,3895113,97,6.621979150355793,837499259,1388774200,1389279400,1781213935719-1
s2sf12j2_redis_rep2_20260611_223851,redis,s2sf12j2_redis_rep2_20260611_223851,1c8f3337-ba8c-4afc-9ce5-ba81c530b442,3895113,97,6.621979150355793,837499259,1389386700,1389943200,1781213935720-0
s2sf12j2_redis_rep2_20260611_223851,redis,s2sf12j2_redis_rep2_20260611_223851,246150e9-1505-46a9-bdb8-34f5bffecb20,3895113,97,6.621979150355793,837499259,1390054800,1390531700,1781213935721-0
s2sf12j2_redis_rep2_20260611_223851,redis,s2sf12j2_redis_rep2_20260611_223851,c0f7d5c0-0cc1-4b31-b688-e44c5aeb403a,3895067,98,6.776567878228274,838787498,1390621200,1391144400,1781213935721-1
s2sf12j2_redis_rep2_20260611_223851,redis,s2sf12j2_redis_rep2_20260611_223851,904d4597-9a8b-4c50-b89c-5e1276d64954,3895067,98,6.776567878228274,838787498,1391291600,1391768800,1781213935722-0
s2sf12j2_redis_rep2_20260611_223851,redis,s2sf12j2_redis_rep2_20260611_223851,f5f5e776-6f22-45f7-b749-df1979955015,3895113,98,6.705312483689125,838193704,1391857000,1392529500,1781213935723-0
s2sf12j2_redis_rep2_20260611_223851,redis,s2sf12j2_redis_rep2_20260611_223851,a1aa8792-71c5-4cec-8342-1f1de877fc46,3895074,99,8.714420111985955,854936267,1392679700,1393218200,1781213935723-1
s2sf12j2_redis_rep2_20260611_223851,redis,s2sf12j2_redis_rep2_20260611_223851,6a114c66-3879-45e7-a3f1-7127dc522348,3895134,99,7.64181324736076,845997877,1393324100,1393872800,1781213935724-0
s2sf12j2_redis_rep2_20260611_223851,redis,s2sf12j2_redis_rep2_20260611_223851,0e820704-1d4e-443f-a7a5-d4851762f39a,3895134,99,7.64181324736076,845997877,1393960100,1394470500,1781213935725-0
s2sf12j2_redis_rep2_20260611_223851,redis,s2sf12j2_redis_rep2_20260611_223851,17827804-f674-473a-902e-f330c076c8c1,3895134,99,7.64181324736076,845997877,1394553400,1395164900,1781213935725-1
s2sf12j2_redis_rep2_20260611_223851,redis,s2sf12j2_redis_rep2_20260611_223851,e21625cc-e833-4fae-8f65-fa74a92271c7,3895113,99,6.788645817022459,838888148,1395249400,1395870500,1781213935726-0
s2sf12j2_redis_rep2_20260611_223851,redis,s2sf12j2_redis_rep2_20260611_223851,723686b3-e9f2-4317-bbcb-e453383a72c7,3895113,99,6.788645817022459,838888148,1395986000,1396467800,1781213935727-0
s2sf12j2_redis_rep2_20260611_223851,redis,s2sf12j2_redis_rep2_20260611_223851,0210955c-5e97-4eaa-962a-9b505438af33,3895067,100,6.943234544894942,840176387,1396553200,1397062500,1781213935727-1
s2sf12j2_redis_rep2_20260611_223851,redis,s2sf12j2_redis_rep2_20260611_223851,d662683e-78f4-4327-a130-eca57da08e65,3895113,100,6.871979150355793,839582592,1397142200,1397632700,1781213935728-0
s2sf12j2_redis_rep2_20260611_223851,redis,s2sf12j2_redis_rep2_20260611_223851,e7a32d60-17f2-4653-b406-d3c00919ba68,3895086,100,7.996937795637395,848957248,1397711300,1398388300,1781213935728-1
s2sf12j2_redis_rep2_20260611_223851,redis,s2sf12j2_redis_rep2_20260611_223851,82c166fa-ade3-48e4-9cfd-0a7b77351e5d,3895074,101,8.881086778652621,856325156,1398475100,1399027600,1781213935729-0
s2sf12j2_redis_rep2_20260611_223851,redis,s2sf12j2_redis_rep2_20260611_223851,0ba11e25-68d9-45a5-8a08-7fb1024e737b,3895074,101,8.881086778652621,856325156,1399114100,1399699000,1781213935730-0
s2sf12j2_redis_rep2_20260611_223851,redis,s2sf12j2_redis_rep2_20260611_223851,90292410-abee-4709-9724-ebceff929eb5,3895074,101,8.881086778652621,856325156,1399846500,1400376900,1781213935731-0
s2sf12j2_redis_rep2_20260611_223851,redis,s2sf12j2_redis_rep2_20260611_223851,de7eb155-5947-48f4-a85b-989cf955acad,3895067,101,7.026567878228274,840870832,1400456900,1400975400,1781213935731-1
s2sf12j2_redis_rep2_20260611_223851,redis,s2sf12j2_redis_rep2_20260611_223851,1e5fa95c-f7bb-4ee5-b98f-7e2a7d2d8740,3895067,101,7.026567878228274,840870832,1401065600,1401727900,1781213935732-0
s2sf12j2_redis_rep2_20260611_223851,redis,s2sf12j2_redis_rep2_20260611_223851,8853c9b4-5f34-4c74-bb8e-5e91ea6e82fd,3895067,101,7.026567878228274,840870832,1401913900,1402552000,1781213935733-0
s2sf12j2_redis_rep2_20260611_223851,redis,s2sf12j2_redis_rep2_20260611_223851,13308a5e-185e-437c-93b3-04925e1f7a7f,3895113,101,6.955312483689125,840277037,1402746100,1403405800,1781213935734-0
s2sf12j2_redis_rep2_20260611_223851,redis,s2sf12j2_redis_rep2_20260611_223851,e1b23096-a8e4-46c7-bf3c-5a8d02ec2fca,3895113,101,6.955312483689125,840277037,1403580500,1404126000,1781213935734-1
s2sf12j2_redis_rep2_20260611_223851,redis,s2sf12j2_redis_rep2_20260611_223851,55ae1db6-a1c7-4396-b6fa-6639141da51f,3895113,101,6.955312483689125,840277037,1404257600,1404809700,1781213935735-0
s2sf12j2_redis_rep2_20260611_223851,redis,s2sf12j2_redis_rep2_20260611_223851,ec34c8e8-e439-417d-be80-dee7a13d9afe,3895134,102,7.89181324736076,848081210,1404929300,1405487600,1781213935736-0
s2sf12j2_redis_rep2_20260611_223851,redis,s2sf12j2_redis_rep2_20260611_223851,55dbbd79-e70f-447c-ab7a-e41b1498ac79,3895134,102,7.89181324736076,848081210,1405596800,1406100100,1781213935736-1
s2sf12j2_redis_rep2_20260611_223851,redis,s2sf12j2_redis_rep2_20260611_223851,cfe7d394-f3bb-49eb-84d0-499aabcfe0e2,3895134,102,7.89181324736076,848081210,1406184100,1406681000,1781213935737-0
s2sf12j2_redis_rep2_20260611_223851,redis,s2sf12j2_redis_rep2_20260611_223851,f1c92395-1a06-456d-9d88-ab3208cfe8f6,3895113,102,7.038645817022459,840971481,1406764000,1407328200,1781213935737-1
s2sf12j2_redis_rep2_20260611_223851,redis,s2sf12j2_redis_rep2_20260611_223851,9e3a9e99-b3bd-4944-b63c-656899f9748c,3895113,102,7.038645817022459,840971481,1407426400,1407997200,1781213935738-0
s2sf12j2_redis_rep2_20260611_223851,redis,s2sf12j2_redis_rep2_20260611_223851,5b0a5ebd-4ef7-42d2-86e9-765c1bf6aacd,3895113,102,7.038645817022459,840971481,1408115500,1408600100,1781213935739-0
s2sf12j2_redis_rep2_20260611_223851,redis,s2sf12j2_redis_rep2_20260611_223851,2819dbe2-3954-4dc1-b68f-d793b69fb516,3895086,102,8.163604462304061,850346137,1408682300,1409129500,1781213935739-1
s2sf12j2_redis_rep2_20260611_223851,redis,s2sf12j2_redis_rep2_20260611_223851,7c0046e9-5242-4e8f-b221-663acbf246b9,3895086,102,8.163604462304061,850346137,1409209200,1409801100,1781213935740-0
s2sf12j2_redis_rep2_20260611_223851,redis,s2sf12j2_redis_rep2_20260611_223851,b784b8bd-c600-44fd-8613-ef300f482c1b,3895067,103,7.193234544894942,842259721,1409885600,1410465400,1781213935741-0
s2sf12j2_redis_rep2_20260611_223851,redis,s2sf12j2_redis_rep2_20260611_223851,1709bde2-a33d-4bff-ab11-c14976e26251,3895113,103,7.121979150355793,841665926,1410613500,1411180600,1781213935741-1
s2sf12j2_redis_rep2_20260611_223851,redis,s2sf12j2_redis_rep2_20260611_223851,ab82d08d-066f-4d9a-af27-bdf9139ddf57,3895113,103,7.121979150355793,841665926,1411275300,1411768400,1781213935742-0
s2sf12j2_redis_rep2_20260611_223851,redis,s2sf12j2_redis_rep2_20260611_223851,d410a0bd-dba4-4ce7-abf5-6e2d33f31d8d,3895086,103,8.246937795637395,851040581,1411862000,1412374700,1781213935743-0
s2sf12j2_redis_rep2_20260611_223851,redis,s2sf12j2_redis_rep2_20260611_223851,0f7c0920-c2ab-4b17-823a-d1b6604457e9,3895134,104,8.058479914027426,849470099,1412489500,1413070400,1781213935743-1
s2sf12j2_redis_rep2_20260611_223851,redis,s2sf12j2_redis_rep2_20260611_223851,11460547-0c20-4ed4-9e6b-f686939aeada,3895134,104,8.058479914027426,849470099,1413165200,1413715700,1781213935744-0
s2sf12j2_redis_rep2_20260611_223851,redis,s2sf12j2_redis_rep2_20260611_223851,7b844904-4518-49e9-8d58-2d70f4261222,3895067,104,7.276567878228274,842954165,1413802400,1414264100,1781213935744-1
s2sf12j2_redis_rep2_20260611_223851,redis,s2sf12j2_redis_rep2_20260611_223851,379b1c5d-9bb5-4352-b0dd-7d4224d24cf1,3895067,104,7.276567878228274,842954165,1414354400,1414974900,1781213935745-0
s2sf12j2_redis_rep2_20260611_223851,redis,s2sf12j2_redis_rep2_20260611_223851,c65987b8-a2c4-47cb-a3a4-b90d6e934106,3895067,104,7.276567878228274,842954165,1415058200,1415682800,1781213935746-0
s2sf12j2_redis_rep2_20260611_223851,redis,s2sf12j2_redis_rep2_20260611_223851,c33b8bd3-6d11-49d7-a7c4-ef3e239c1f54,3895113,104,7.205312483689125,842360370,1415781000,1416258100,1781213935746-1
s2sf12j2_redis_rep2_20260611_223851,redis,s2sf12j2_redis_rep2_20260611_223851,37948d06-f6fd-4260-8720-417930402e39,3895113,104,7.205312483689125,842360370,1416347800,1416900600,1781213935747-0
s2sf12j2_redis_rep2_20260611_223851,redis,s2sf12j2_redis_rep2_20260611_223851,8581b9b0-2405-4d83-99b5-371a0d861078,3895086,104,8.330271128970727,851735026,1416999500,1417574000,1781213935748-0
s2sf12j2_redis_rep2_20260611_223851,redis,s2sf12j2_redis_rep2_20260611_223851,5a0472aa-e08b-4d06-ab73-efbd5b50381b,3895086,104,8.330271128970727,851735026,1417784100,1418512800,1781213935749-0
s2sf12j2_redis_rep2_20260611_223851,redis,s2sf12j2_redis_rep2_20260611_223851,72e045c1-5699-46b1-b609-47e88ca8b9c6,3895052,105,7.794234702062036,847268055,1418741700,1419339600,1781213935749-1
s2sf12j2_redis_rep2_20260611_223851,redis,s2sf12j2_redis_rep2_20260611_223851,5d93f9ec-dd62-4143-b88c-53cf9db42807,3895134,105,8.14181324736076,850164543,1419479300,1420028300,1781213935750-0
s2sf12j2_redis_rep2_20260611_223851,redis,s2sf12j2_redis_rep2_20260611_223851,bba7fe11-e6e4-4489-9154-a1b0e1527094,3895107,105,7.7608845876483645,846990138,1420159400,1420853700,1781213935751-0
s2sf12j2_redis_rep2_20260611_223851,redis,s2sf12j2_redis_rep2_20260611_223851,bc5ac9dc-cfb7-40ad-9fbb-76f4bc5fe84c,3895067,105,7.359901211561608,843648610,1420967500,1421867000,1781213935752-0
s2sf12j2_redis_rep2_20260611_223851,redis,s2sf12j2_redis_rep2_20260611_223851,e65f6899-862d-413f-8f65-7e29da7b66d1,3895067,105,7.359901211561608,843648610,1422005500,1422608200,1781213935753-0
s2sf12j2_redis_rep2_20260611_223851,redis,s2sf12j2_redis_rep2_20260611_223851,b7e73470-d092-435d-b493-4c5a02853b61,3895067,105,7.359901211561608,843648610,1422786500,1423449700,1781213935754-0
s2sf12j2_redis_rep2_20260611_223851,redis,s2sf12j2_redis_rep2_20260611_223851,ef25cd4c-3a03-4433-bcce-04171dcc3521,3895086,105,8.413604462304061,852429470,1423605900,1424168800,1781213935754-1
s2sf12j2_redis_rep2_20260611_223851,redis,s2sf12j2_redis_rep2_20260611_223851,343a3699-95eb-48de-a123-f751839fa5d5,3895134,106,8.225146580694094,850858988,1424270300,1424907100,1781213935755-0
s2sf12j2_redis_rep2_20260611_223851,redis,s2sf12j2_redis_rep2_20260611_223851,5007351f-cf6d-4f38-abfb-07149e361068,3895067,106,7.443234544894942,844343054,1425003400,1425545600,1781213935756-0
s2sf12j2_redis_rep2_20260611_223851,redis,s2sf12j2_redis_rep2_20260611_223851,7c71c9e4-3c68-4d91-a719-0c1f3b736f50,3895067,106,7.443234544894942,844343054,1425651700,1426130900,1781213935756-1
s2sf12j2_redis_rep2_20260611_223851,redis,s2sf12j2_redis_rep2_20260611_223851,f2c5825d-365a-4682-a9dc-dd203fbf5457,3895113,106,7.371979150355793,843749259,1426228000,1426739100,1781213935757-0
s2sf12j2_redis_rep2_20260611_223851,redis,s2sf12j2_redis_rep2_20260611_223851,29e0c466-391a-40f8-b4ce-2fe8f2d3cbd9,3895113,106,7.371979150355793,843749259,1426829900,1427331200,1781213935758-0
s2sf12j2_redis_rep2_20260611_223851,redis,s2sf12j2_redis_rep2_20260611_223851,9be6d5b2-1def-4cbc-ae53-a779159d0915,3895113,106,7.371979150355793,843749259,1427419600,1427835200,1781213935758-1
s2sf12j2_redis_rep2_20260611_223851,redis,s2sf12j2_redis_rep2_20260611_223851,0e8d6519-0edf-47c9-8305-2c826a71513f,3895086,106,8.496937795637395,853123914,1427917300,1428395300,1781213935759-0
s2sf12j2_redis_rep2_20260611_223851,redis,s2sf12j2_redis_rep2_20260611_223851,e9cab33f-5f40-49a3-b7fc-a69771b80008,3895086,106,8.496937795637395,853123914,1428529200,1428955300,1781213935759-1
s2sf12j2_redis_rep2_20260611_223851,redis,s2sf12j2_redis_rep2_20260611_223851,cbdba06b-9e29-414c-bc4f-9580fbb9f441,3895052,107,7.9609013687287025,848656944,1429040000,1429500000,1781213935760-0
s2sf12j2_redis_rep2_20260611_223851,redis,s2sf12j2_redis_rep2_20260611_223851,2526c2b2-3b7c-436a-b75d-14c0e76b7337,3895052,107,7.9609013687287025,848656944,1429581500,1430056300,1781213935760-1
s2sf12j2_redis_rep2_20260611_223851,redis,s2sf12j2_redis_rep2_20260611_223851,27646fac-073e-4ef6-b37d-d3e1d12fadff,3895134,107,8.308479914027426,851553432,1430148600,1430716500,1781213935761-0
s2sf12j2_redis_rep2_20260611_223851,redis,s2sf12j2_redis_rep2_20260611_223851,9e3511f7-13cb-4b3c-9f7e-5a70e1446bcb,3895134,107,8.308479914027426,851553432,1430804500,1431351000,1781213935762-0
s2sf12j2_redis_rep2_20260611_223851,redis,s2sf12j2_redis_rep2_20260611_223851,702f074d-fb36-45a2-be9a-6abdcd182ce0,3895134,107,8.308479914027426,851553432,1431439600,1432120200,1781213935762-1
s2sf12j2_redis_rep2_20260611_223851,redis,s2sf12j2_redis_rep2_20260611_223851,9ad57bd7-c9d8-4dbc-b7df-c826e2a93276,3895107,107,7.927551254315031,848379027,1432212100,1432724500,1781213935763-0
s2sf12j2_redis_rep2_20260611_223851,redis,s2sf12j2_redis_rep2_20260611_223851,c97e8cf5-546c-47b5-ae9a-2727d472a505,3895107,107,7.927551254315031,848379027,1432808600,1433360300,1781213935764-0
s2sf12j2_redis_rep2_20260611_223851,redis,s2sf12j2_redis_rep2_20260611_223851,20619fe5-acd9-4561-b937-977ea2e815a4,3895107,107,7.927551254315031,848379027,1433474600,1434143600,1781213935764-1
s2sf12j2_redis_rep2_20260611_223851,redis,s2sf12j2_redis_rep2_20260611_223851,9de49e44-f9ca-4936-8169-093f6a29bbb3,3895121,108,8.68841307476514,854719542,1434312100,1434941300,1781213935765-0
s2sf12j2_redis_rep2_20260611_223851,redis,s2sf12j2_redis_rep2_20260611_223851,f6a1cf5d-91aa-4da6-92eb-ea7261dc67e3,3895107,108,8.010884587648365,849073471,1435050400,1436098600,1781213935766-0
s2sf12j2_redis_rep2_20260611_223851,redis,s2sf12j2_redis_rep2_20260611_223851,1f358520-88de-4fba-acdc-1b07a205435e,3895107,108,8.010884587648365,849073471,1436251200,1436859300,1781213935767-0
s2sf12j2_redis_rep2_20260611_223851,redis,s2sf12j2_redis_rep2_20260611_223851,41d0ce65-e3fe-4ec0-a9f2-c2a7eebff4e0,3895107,108,8.010884587648365,849073471,1436981900,1437534100,1781213935768-0
s2sf12j2_redis_rep2_20260611_223851,redis,s2sf12j2_redis_rep2_20260611_223851,21dee0fb-5d81-48c1-8288-7f701d838295,3895067,108,7.609901211561608,845731943,1437652500,1438162300,1781213935768-1
s2sf12j2_redis_rep2_20260611_223851,redis,s2sf12j2_redis_rep2_20260611_223851,9c0d8c9d-b5b7-46ba-9304-d716adc447c2,3895086,108,8.663604462304061,854512803,1438270900,1438782800,1781213935769-0
s2sf12j2_redis_rep2_20260611_223851,redis,s2sf12j2_redis_rep2_20260611_223851,0c2762f4-d89c-498f-8f26-7427fe581ffb,3895121,109,8.771746408098474,855413986,1438929900,1439573800,1781213935770-0
s2sf12j2_redis_rep2_20260611_223851,redis,s2sf12j2_redis_rep2_20260611_223851,b5ebc124-dbfd-4356-a6eb-2609f9143ccd,3895121,109,8.771746408098474,855413986,1439739100,1440451600,1781213935771-0
s2sf12j2_redis_rep2_20260611_223851,redis,s2sf12j2_redis_rep2_20260611_223851,a08bd5e4-b884-40a9-99e7-2e6ec11c9468,3895052,109,8.12756803539537,850045833,1440584200,1441037000,1781213935771-1
s2sf12j2_redis_rep2_20260611_223851,redis,s2sf12j2_redis_rep2_20260611_223851,6a9dcea1-2952-4c3a-98e4-4c6c65274736,3895052,109,8.12756803539537,850045833,1441150900,1441777800,1781213935772-0
s2sf12j2_redis_rep2_20260611_223851,redis,s2sf12j2_redis_rep2_20260611_223851,b4b06f9a-98a5-44e6-ba3e-b31d9951b125,3895052,109,8.12756803539537,850045833,1441880500,1442438400,1781213935773-0
s2sf12j2_redis_rep2_20260611_223851,redis,s2sf12j2_redis_rep2_20260611_223851,992bbe98-e47e-4708-89d4-a6ab8c0af31d,3895134,109,8.475146580694094,852942321,1442538900,1443025000,1781213935773-1
s2sf12j2_redis_rep2_20260611_223851,redis,s2sf12j2_redis_rep2_20260611_223851,142b9c29-49d5-4f3a-b30a-e573ddbf7700,3895107,109,8.094217920981698,849767916,1443120900,1443677600,1781213935774-0
s2sf12j2_redis_rep2_20260611_223851,redis,s2sf12j2_redis_rep2_20260611_223851,e0feafd9-95d2-4415-a36f-cb898baf5a29,3895107,109,8.094217920981698,849767916,1443772100,1444331900,1781213935774-1
s2sf12j2_redis_rep2_20260611_223851,redis,s2sf12j2_redis_rep2_20260611_223851,911c8215-0099-46a6-ad30-00c107b2179a,3895107,109,8.094217920981698,849767916,1444422600,1444967400,1781213935775-0
s2sf12j2_redis_rep2_20260611_223851,redis,s2sf12j2_redis_rep2_20260611_223851,c5f98d0c-da42-4c2c-82fe-8b575b76bda1,3895107,109,8.094217920981698,849767916,1445052300,1445686400,1781213935776-0
s2sf12j2_redis_rep2_20260611_223851,redis,s2sf12j2_redis_rep2_20260611_223851,24d6b1ef-00d0-4d6c-aa3b-c7820ef973c0,3895113,109,7.621979150355793,845832592,1445775200,1446247800,1781213935776-1
s2sf12j2_redis_rep2_20260611_223851,redis,s2sf12j2_redis_rep2_20260611_223851,c7efcc3e-070e-40d8-a151-a97c646a22dc,3895086,109,8.746937795637395,855207248,1446328300,1446787800,1781213935777-0
s2sf12j2_redis_rep2_20260611_223851,redis,s2sf12j2_redis_rep2_20260611_223851,ce9691b1-8c85-4575-8f83-6d6b0dd6ae29,3895086,109,8.746937795637395,855207248,1446873900,1447363100,1781213935778-0
s2sf12j2_redis_rep2_20260611_223851,redis,s2sf12j2_redis_rep2_20260611_223851,97be3159-7459-47e2-a9a3-236c8c402e2e,3895052,110,8.210901368728702,850740278,1447467900,1447994600,1781213935778-1
s2sf12j2_redis_rep2_20260611_223851,redis,s2sf12j2_redis_rep2_20260611_223851,c3323881-9112-4b7d-b3cf-06062fcb5902,3895052,110,8.210901368728702,850740278,1448074600,1448869200,1781213935779-0
s2sf12j2_redis_rep2_20260611_223851,redis,s2sf12j2_redis_rep2_20260611_223851,8107f6b4-2ca4-4426-b2f1-fddbf56b3d12,3895107,110,8.17755125431503,850462360,1448995500,1449485500,1781213935780-0
s2sf12j2_redis_rep2_20260611_223851,redis,s2sf12j2_redis_rep2_20260611_223851,5cdf8f93-3144-4a4d-b2b7-50ef011136b8,3895107,110,8.17755125431503,850462360,1449597600,1450133800,1781213935780-1
s2sf12j2_redis_rep2_20260611_223851,redis,s2sf12j2_redis_rep2_20260611_223851,61d9445d-6620-45a8-9d8c-b32705645f62,3895107,110,8.17755125431503,850462360,1450238900,1450734500,1781213935781-0
s2sf12j2_redis_rep2_20260611_223851,redis,s2sf12j2_redis_rep2_20260611_223851,a9799eea-c672-4ecd-9ba0-90a736c24a87,3895067,110,7.776567878228274,847120832,1450837000,1451343500,1781213935782-0
s2sf12j2_redis_rep2_20260611_223851,redis,s2sf12j2_redis_rep2_20260611_223851,e7340a13-792c-4042-b5d0-9ead45dbf21f,3895067,110,7.776567878228274,847120832,1451444600,1451945700,1781213935782-1
s2sf12j2_redis_rep2_20260611_223851,redis,s2sf12j2_redis_rep2_20260611_223851,91483f9e-a629-476a-9701-36dbd203741d,3895067,110,7.776567878228274,847120832,1452033700,1452638300,1781213935783-0
s2sf12j2_redis_rep2_20260611_223851,redis,s2sf12j2_redis_rep2_20260611_223851,6762475a-b66e-4b20-b7af-fbde39fdc7c9,3895113,110,7.705312483689125,846527037,1452722400,1453231600,1781213935783-1
s2sf12j2_redis_rep2_20260611_223851,redis,s2sf12j2_redis_rep2_20260611_223851,b8b38f3e-a656-4846-a0ed-da17aa29d986,3895113,110,7.705312483689125,846527037,1453316800,1453868900,1781213935784-0
s2sf12j2_redis_rep2_20260611_223851,redis,s2sf12j2_redis_rep2_20260611_223851,7c853898-8a8a-46f3-ba54-ccd88563a52e,3895113,110,7.705312483689125,846527037,1453997900,1454450000,1781213935785-0
s2sf12j2_redis_rep2_20260611_223851,redis,s2sf12j2_redis_rep2_20260611_223851,26c094bc-d1c8-42f2-b616-325b8e085f8f,3895113,110,7.705312483689125,846527037,1454539700,1454967900,1781213935785-1
s2sf12j2_redis_rep2_20260611_223851,redis,s2sf12j2_redis_rep2_20260611_223851,70ac486f-ae17-4fb7-9926-eff1d5fcb4d3,3895113,110,7.705312483689125,846527037,1455052700,1455657200,1781213935786-0
s2sf12j2_redis_rep2_20260611_223851,redis,s2sf12j2_redis_rep2_20260611_223851,67f159f8-0e87-477b-aad7-f2484553936e,3895113,110,7.705312483689125,846527037,1455744900,1456278200,1781213935786-1
s2sf12j2_redis_rep2_20260611_223851,redis,s2sf12j2_redis_rep2_20260611_223851,64bc8b69-4baf-4c85-9ea8-a8cb97bc5fb4,3895121,111,8.93841307476514,856802875,1456428400,1456862200,1781213935787-0
s2sf12j2_redis_rep2_20260611_223851,redis,s2sf12j2_redis_rep2_20260611_223851,3fd9667f-d5ab-42b7-9320-b4a4407a7260,3895113,111,7.788645817022459,847221481,1456949400,1457410700,1781213935788-0
s2sf12j2_redis_rep2_20260611_223851,redis,s2sf12j2_redis_rep2_20260611_223851,6aa04e2b-f226-4e4c-84a1-6438d188c9a6,3895052,112,8.37756803539537,852129166,1457499800,1458067700,1781213935788-1
s2sf12j2_redis_rep2_20260611_223851,redis,s2sf12j2_redis_rep2_20260611_223851,2e64c80b-b9a7-440c-8066-930bfa2c46bb,3895107,112,8.344217920981698,851851249,1458186600,1458831800,1781213935789-0
s2sf12j2_redis_rep2_20260611_223851,redis,s2sf12j2_redis_rep2_20260611_223851,19bba5a5-8072-4b4c-801f-234c78944a77,3895107,112,8.344217920981698,851851249,1458967800,1459528800,1781213935790-0
s2sf12j2_redis_rep2_20260611_223851,redis,s2sf12j2_redis_rep2_20260611_223851,7a548134-dd4e-470b-bfab-5d177d356f45,3895067,112,7.943234544894942,848509721,1459626600,1460188100,1781213935790-1
s2sf12j2_redis_rep2_20260611_223851,redis,s2sf12j2_redis_rep2_20260611_223851,45002568-a496-4ab7-87a7-380e89d6640d,3895067,112,7.943234544894942,848509721,1460308500,1460857100,1781213935791-0
s2sf12j2_redis_rep2_20260611_223851,redis,s2sf12j2_redis_rep2_20260611_223851,ddadd240-6377-490e-a404-b37b67a30fd4,3895067,112,7.943234544894942,848509721,1460990500,1461498900,1781213935792-0
s2sf12j2_redis_rep2_20260611_223851,redis,s2sf12j2_redis_rep2_20260611_223851,9314664c-5c01-4a5a-b79c-e7881d06fd32,3895086,112,8.996937795637395,857290581,1461593000,1462113400,1781213935792-1
s2sf12j2_redis_rep2_20260611_223851,redis,s2sf12j2_redis_rep2_20260611_223851,dc4271d8-7107-479f-a6b7-343a5e10fc80,3895113,112,7.871979150355793,847915926,1462196500,1462732500,1781213935793-0
s2sf12j2_redis_rep2_20260611_223851,redis,s2sf12j2_redis_rep2_20260611_223851,750b8b16-cb65-4b93-9bf2-b66af9280590,3895121,113,9.105079741431808,858191764,1462821500,1463396800,1781213935794-0
s2sf12j2_redis_rep2_20260611_223851,redis,s2sf12j2_redis_rep2_20260611_223851,d61632a6-1e43-412c-9930-695e7a0e3878,3895121,113,9.105079741431808,858191764,1463502800,1464065200,1781213935794-1
s2sf12j2_redis_rep2_20260611_223851,redis,s2sf12j2_redis_rep2_20260611_223851,9a0e6542-ddb5-4cc5-ac8e-762f234226e1,3895121,113,9.105079741431808,858191764,1464170900,1464744800,1781213935795-0
s2sf12j2_redis_rep2_20260611_223851,redis,s2sf12j2_redis_rep2_20260611_223851,c7d7a1e8-0f1a-4674-8818-e29ff292795b,3895052,113,8.460901368728702,852823611,1464878100,1465672200,1781213935796-0
s2sf12j2_redis_rep2_20260611_223851,redis,s2sf12j2_redis_rep2_20260611_223851,97d8e43c-7f14-4447-ae06-290765162250,3895052,113,8.460901368728702,852823611,1465805000,1466402300,1781213935797-0
s2sf12j2_redis_rep2_20260611_223851,redis,s2sf12j2_redis_rep2_20260611_223851,c8ff62dc-59ef-4080-baee-5f6217dbc1bb,3895052,113,8.460901368728702,852823611,1466563400,1467208900,1781213935797-1
s2sf12j2_redis_rep2_20260611_223851,redis,s2sf12j2_redis_rep2_20260611_223851,b248d17d-7408-44b7-80ac-950b87e98a57,3895052,113,8.460901368728702,852823611,1467324200,1467849500,1781213935798-0
s2sf12j2_redis_rep2_20260611_223851,redis,s2sf12j2_redis_rep2_20260611_223851,d504c8cc-bf08-403b-9f0f-1d3dfc3b260c,3895067,113,8.026567878228274,849204165,1467957100,1468476600,1781213935799-0
s2sf12j2_redis_rep2_20260611_223851,redis,s2sf12j2_redis_rep2_20260611_223851,b50cfe07-9c82-4ab6-8959-f4124f7e95da,3895067,113,8.026567878228274,849204165,1468586200,1469224000,1781213935799-1
s2sf12j2_redis_rep2_20260611_223851,redis,s2sf12j2_redis_rep2_20260611_223851,dbc49305-1448-401e-a486-14dac27ad308,3895086,113,9.080271128970727,857985026,1469368800,1469934600,1781213935800-0
s2sf12j2_redis_rep2_20260611_223851,redis,s2sf12j2_redis_rep2_20260611_223851,c58e2f66-49be-477c-bbb6-b18188180609,3895086,113,9.080271128970727,857985026,1470045900,1470550900,1781213935801-0
s2sf12j2_redis_rep2_20260611_223851,redis,s2sf12j2_redis_rep2_20260611_223851,3d1371cd-b194-40a5-92e0-a41779d68bd5,3895113,113,7.955312483689125,848610370,1470669900,1471546400,1781213935802-0
s2sf12j2_redis_rep2_20260611_223851,redis,s2sf12j2_redis_rep2_20260611_223851,26953926-00a3-4f5f-bb1d-6a7249bae936,3895113,113,7.955312483689125,848610370,1471665400,1472188400,1781213935802-1
s2sf12j2_redis_rep2_20260611_223851,redis,s2sf12j2_redis_rep2_20260611_223851,2116b6a3-7d95-4e53-98ab-20afb5dd9951,3895113,113,7.955312483689125,848610370,1472296500,1472799200,1781213935803-0
s2sf12j2_redis_rep2_20260611_223851,redis,s2sf12j2_redis_rep2_20260611_223851,91f0bfc9-6dac-47b0-bafb-9f62e10a710f,3895113,113,7.955312483689125,848610370,1472912700,1473504400,1781213935804-0
s2sf12j2_redis_rep2_20260611_223851,redis,s2sf12j2_redis_rep2_20260611_223851,0186c979-505b-41c3-9b8e-6bb584c2d354,3895134,114,8.89181324736076,856414543,1473629000,1474134300,1781213935804-1
s2sf12j2_redis_rep2_20260611_223851,redis,s2sf12j2_redis_rep2_20260611_223851,171eff5b-4437-41ee-927f-e533939b451c,3895134,114,8.89181324736076,856414543,1474247900,1474931700,1781213935805-0
s2sf12j2_redis_rep2_20260611_223851,redis,s2sf12j2_redis_rep2_20260611_223851,ed61d850-a665-4e5e-a9b4-fa4860cd73a9,3895052,114,8.544234702062036,853518055,1475054100,1475868100,1781213935806-0
s2sf12j2_redis_rep2_20260611_223851,redis,s2sf12j2_redis_rep2_20260611_223851,c9f142b4-0f18-423c-9272-741f44713316,3895052,114,8.544234702062036,853518055,1475999100,1476515800,1781213935807-0
s2sf12j2_redis_rep2_20260611_223851,redis,s2sf12j2_redis_rep2_20260611_223851,be1bdcf2-142d-411b-ba28-d6c2499bbd28,3895052,114,8.544234702062036,853518055,1476627600,1477235400,1781213935807-1
s2sf12j2_redis_rep2_20260611_223851,redis,s2sf12j2_redis_rep2_20260611_223851,b45e1a89-6f3c-4d8f-ad6c-9deb82845628,3895052,114,8.544234702062036,853518055,1477350500,1477900600,1781213935808-0
s2sf12j2_redis_rep2_20260611_223851,redis,s2sf12j2_redis_rep2_20260611_223851,db789b2b-870f-4716-b452-e54958307050,3895052,114,8.544234702062036,853518055,1478008900,1478747400,1781213935809-0
s2sf12j2_redis_rep2_20260611_223851,redis,s2sf12j2_redis_rep2_20260611_223851,a9acce11-8ebc-41d3-9fe6-2333092d65b6,3895107,114,8.510884587648365,853240138,1478911400,1479511800,1781213935810-0
s2sf12j2_redis_rep2_20260611_223851,redis,s2sf12j2_redis_rep2_20260611_223851,7377ad6e-fa0b-4596-81b9-ac590287046b,3895107,114,8.510884587648365,853240138,1479642100,1480246900,1781213935810-1
s2sf12j2_redis_rep2_20260611_223851,redis,s2sf12j2_redis_rep2_20260611_223851,0f2e3e9c-1659-4b1e-8767-68615acb8390,3895067,114,8.109901211561608,849898610,1480439500,1481048000,1781213935811-0
s2sf12j2_redis_rep2_20260611_223851,redis,s2sf12j2_redis_rep2_20260611_223851,d3ed5183-b51f-426c-9c0d-0b3772c2d450,3895113,114,8.03864581702246,849304815,1481188500,1481850900,1781213935812-0
s2sf12j2_redis_rep2_20260611_223851,redis,s2sf12j2_redis_rep2_20260611_223851,0ede5dbd-8812-4aea-8181-e9fa6fd135cf,3895113,114,8.03864581702246,849304815,1481980100,1482506600,1781213935813-0
s2sf12j2_redis_rep2_20260611_223851,redis,s2sf12j2_redis_rep2_20260611_223851,cdde5370-fb15-4a58-adf4-45eed020acf8,3895113,114,8.03864581702246,849304815,1482629900,1483230900,1781213935813-1
s2sf12j2_redis_rep2_20260611_223851,redis,s2sf12j2_redis_rep2_20260611_223851,17cb5297-54dd-428b-9795-e463bf435ca1,3895121,115,9.271746408098474,859580653,1483344900,1483864800,1781213935814-0
s2sf12j2_redis_rep2_20260611_223851,redis,s2sf12j2_redis_rep2_20260611_223851,50a6623d-60b8-45b1-8685-0701fb4f6c9f,3895121,115,9.271746408098474,859580653,1483966500,1484438100,1781213935815-0
s2sf12j2_redis_rep2_20260611_223851,redis,s2sf12j2_redis_rep2_20260611_223851,7a1ba5fc-c4e3-4918-a896-085d43ee76b6,3895121,115,9.271746408098474,859580653,1484533700,1485075300,1781213935815-1
s2sf12j2_redis_rep2_20260611_223851,redis,s2sf12j2_redis_rep2_20260611_223851,3d4305d7-c8f8-4354-b310-21e2b727b442,3895134,115,8.975146580694094,857108988,1485168200,1485694400,1781213935816-0
s2sf12j2_redis_rep2_20260611_223851,redis,s2sf12j2_redis_rep2_20260611_223851,9448c0b2-c494-4c40-a7e6-8959d9c073ef,3895134,115,8.975146580694094,857108988,1485887100,1486459000,1781213935817-0
s2sf12j2_redis_rep2_20260611_223851,redis,s2sf12j2_redis_rep2_20260611_223851,0e3ede14-3ebc-41c2-a975-1d49d5de4bb2,3895052,115,8.62756803539537,854212500,1486557700,1487117200,1781213935817-1
s2sf12j2_redis_rep2_20260611_223851,redis,s2sf12j2_redis_rep2_20260611_223851,0e7d8edf-fcfa-4072-b346-cbca8880cbc6,3895052,115,8.62756803539537,854212500,1487211200,1487707700,1781213935818-0
s2sf12j2_redis_rep2_20260611_223851,redis,s2sf12j2_redis_rep2_20260611_223851,f10a1738-f05c-41c3-bb31-199f77d1efe5,3895052,115,8.62756803539537,854212500,1487835400,1488397900,1781213935819-0
s2sf12j2_redis_rep2_20260611_223851,redis,s2sf12j2_redis_rep2_20260611_223851,b5e59fb5-c369-47e1-92be-0a5e0073312b,3895107,115,8.594217920981698,853934582,1488491300,1488973800,1781213935819-1
s2sf12j2_redis_rep2_20260611_223851,redis,s2sf12j2_redis_rep2_20260611_223851,9074ea1f-84fd-41b2-a58d-64c5e86f206f,3895107,115,8.594217920981698,853934582,1489064900,1489610100,1781213935820-0
s2sf12j2_redis_rep2_20260611_223851,redis,s2sf12j2_redis_rep2_20260611_223851,0b564d85-b990-494e-92dc-f5c12a9ad7e7,3895067,115,8.193234544894942,850593054,1489715500,1490245700,1781213935820-1
s2sf12j2_redis_rep2_20260611_223851,redis,s2sf12j2_redis_rep2_20260611_223851,dfa44927-1786-4242-a3c9-6bb78f92a41d,3895121,116,9.355079741431808,860275097,1490330900,1490816400,1781213935821-0
s2sf12j2_redis_rep2_20260611_223851,redis,s2sf12j2_redis_rep2_20260611_223851,28167a01-c198-4e27-808e-d05ab7dd92fe,3895121,116,9.355079741431808,860275097,1490901700,1491497400,1781213935822-0
s2sf12j2_redis_rep2_20260611_223851,redis,s2sf12j2_redis_rep2_20260611_223851,12de5a66-0731-4744-9042-e9da4bd3738e,3895121,116,9.355079741431808,860275097,1491580300,1492090400,1781213935822-1
s2sf12j2_redis_rep2_20260611_223851,redis,s2sf12j2_redis_rep2_20260611_223851,ba8994b3-43e5-4898-9f47-3d747cc8a03e,3895052,116,8.710901368728702,854906944,1492214100,1492744400,1781213935823-0
s2sf12j2_redis_rep2_20260611_223851,redis,s2sf12j2_redis_rep2_20260611_223851,53f544f0-0701-4acc-8950-50e2edc7b679,3895052,116,8.710901368728702,854906944,1492828700,1493305900,1781213935824-0
s2sf12j2_redis_rep2_20260611_223851,redis,s2sf12j2_redis_rep2_20260611_223851,22f8ff4f-420d-4b03-b190-3fe080a231eb,3895107,116,8.67755125431503,854629027,1493388300,1493895000,1781213935824-1
s2sf12j2_redis_rep2_20260611_223851,redis,s2sf12j2_redis_rep2_20260611_223851,3297912b-e9f2-42e0-a8f7-19bca286fa92,3895067,116,8.276567878228274,851287498,1493975100,1494423000,1781213935825-0
s2sf12j2_redis_rep2_20260611_223851,redis,s2sf12j2_redis_rep2_20260611_223851,6b35b1b1-3299-4f91-9b89-b78502892306,3895067,116,8.276567878228274,851287498,1494503900,1495072500,1781213935825-1
s2sf12j2_redis_rep2_20260611_223851,redis,s2sf12j2_redis_rep2_20260611_223851,98e9e7f9-90c2-49d9-8f4a-9b3f5f40c4e7,3895113,116,8.205312483689125,850693704,1495164600,1495991100,1781213935826-0
s2sf12j2_redis_rep2_20260611_223851,redis,s2sf12j2_redis_rep2_20260611_223851,17bc10e3-7560-4f0f-a656-c11a10466f53,3895107,117,8.760884587648365,855323471,1496126300,1496780400,1781213935827-0
s2sf12j2_redis_rep2_20260611_223851,redis,s2sf12j2_redis_rep2_20260611_223851,d509cfef-14fd-48df-9635-76fd2b71384f,3895107,117,8.760884587648365,855323471,1496940100,1497536400,1781213935828-0
s2sf12j2_redis_rep2_20260611_223851,redis,s2sf12j2_redis_rep2_20260611_223851,6c18a770-7237-4414-8130-1ac21c24d62c,3895107,117,8.760884587648365,855323471,1497670200,1498238300,1781213935828-1
s2sf12j2_redis_rep2_20260611_223851,redis,s2sf12j2_redis_rep2_20260611_223851,07e7d61f-9a36-47c6-9600-14f7c660e7be,3895067,117,8.359901211561608,851981943,1498357600,1498816600,1781213935829-0
s2sf12j2_redis_rep2_20260611_223851,redis,s2sf12j2_redis_rep2_20260611_223851,ae378274-737d-4255-a738-ee950d3e72e0,3895113,117,8.28864581702246,851388148,1498958300,1499576200,1781213935830-0
s2sf12j2_redis_rep2_20260611_223851,redis,s2sf12j2_redis_rep2_20260611_223851,e3ba7692-e4e0-4c95-8c4e-2cae2279d589,3895113,117,8.28864581702246,851388148,1499688100,1500196400,1781213935830-1
s2sf12j2_redis_rep2_20260611_223851,redis,s2sf12j2_redis_rep2_20260611_223851,1ef6537d-42b1-4a9a-845b-a152415c04ff,3895121,118,9.521746408098474,861663986,1500299300,1500865500,1781213935831-0
s2sf12j2_redis_rep2_20260611_223851,redis,s2sf12j2_redis_rep2_20260611_223851,942c2d63-be6b-4ef5-9631-886f35366d16,3895121,118,9.521746408098474,861663986,1500963900,1501475800,1781213935832-0
s2sf12j2_redis_rep2_20260611_223851,redis,s2sf12j2_redis_rep2_20260611_223851,cac04a9b-0c8b-4906-a427-775d3abf3395,3895121,118,9.521746408098474,861663986,1501572500,1502075300,1781213935832-1
s2sf12j2_redis_rep2_20260611_223851,redis,s2sf12j2_redis_rep2_20260611_223851,9eee3473-7f29-4358-899e-97c57243b3fc,3895086,118,9.496937795637397,861457248,1502169600,1502720700,1781213935833-0
s2sf12j2_redis_rep2_20260611_223851,redis,s2sf12j2_redis_rep2_20260611_223851,2fa0470b-b096-4e0f-8f7e-5c3bdc27abbd,3895052,119,8.960901368728702,856990278,1502871300,1503430300,1781213935834-0
s2sf12j2_redis_rep2_20260611_223851,redis,s2sf12j2_redis_rep2_20260611_223851,8e75e7d9-d322-4c00-a2af-f2c35092b10a,3895107,119,8.92755125431503,856712360,1503524800,1504001900,1781213935834-1
s2sf12j2_redis_rep2_20260611_223851,redis,s2sf12j2_redis_rep2_20260611_223851,fc9c2958-2dc2-428b-957b-587677606e28,3895086,119,9.580271128970727,862151692,1504116400,1504680300,1781213935835-0
s2sf12j2_redis_rep2_20260611_223851,redis,s2sf12j2_redis_rep2_20260611_223851,7ae4a7ff-a6c4-4c74-942a-ad61360cea97,3895086,119,9.580271128970727,862151692,1504771700,1505269200,1781213935835-1
s2sf12j2_redis_rep2_20260611_223851,redis,s2sf12j2_redis_rep2_20260611_223851,9b98774e-3075-42de-b94e-96ed73663d39,3895086,119,9.580271128970727,862151692,1505371500,1505916900,1781213935836-0
s2sf12j2_redis_rep2_20260611_223851,redis,s2sf12j2_redis_rep2_20260611_223851,d786abf4-38cb-40e5-b6b5-e8eb9625a8ba,3895121,120,9.68841307476514,863052875,1506007900,1506625000,1781213935837-0
s2sf12j2_redis_rep2_20260611_223851,redis,s2sf12j2_redis_rep2_20260611_223851,eb426907-87c9-419e-8ee6-0ed8b6b740e4,3895052,120,9.044234702062036,857684722,1506788500,1507387900,1781213935838-0
s2sf12j2_redis_rep2_20260611_223851,redis,s2sf12j2_redis_rep2_20260611_223851,ae318e73-9edd-4aa7-8a31-7ab53c980a7f,3895113,120,8.53864581702246,853471481,1507496000,1507993300,1781213935838-1
s2sf12j2_redis_rep2_20260611_223851,redis,s2sf12j2_redis_rep2_20260611_223851,a46567a2-874a-4083-b7d8-7fb9c77581c9,3895113,121,8.621979150355793,854165926,1508153900,1508812800,1781213935839-0
s2sf12j2_redis_rep2_20260611_223851,redis,s2sf12j2_redis_rep2_20260611_223851,bdcb87b4-886d-4a51-846a-e3daf9134550,3895113,121,8.621979150355793,854165926,1508945400,1509590500,1781213935840-0
s2sf12j2_redis_rep2_20260611_223851,redis,s2sf12j2_redis_rep2_20260611_223851,c6fa8cba-1701-4ea3-ac1a-392f3600fa7f,3895113,121,8.621979150355793,854165926,1509692600,1510310100,1781213935840-1
s2sf12j2_redis_rep2_20260611_223851,redis,s2sf12j2_redis_rep2_20260611_223851,555bc5c4-24ff-470a-bcb3-f1f8c805a727,3895121,122,9.855079741431808,864441764,1510432500,1510974500,1781213935841-0
s2sf12j2_redis_rep2_20260611_223851,redis,s2sf12j2_redis_rep2_20260611_223851,408f4bbf-413e-4694-89db-f672c83307a8,3895121,122,9.855079741431808,864441764,1511111000,1511607200,1781213935842-0
s2sf12j2_redis_rep2_20260611_223851,redis,s2sf12j2_redis_rep2_20260611_223851,5eedec80-f645-4cfb-aa12-58c2d9e4aa76,3895134,122,9.558479914027426,861970099,1511700800,1512152000,1781213935842-1
s2sf12j2_redis_rep2_20260611_223851,redis,s2sf12j2_redis_rep2_20260611_223851,5e463067-3b5f-41a2-94c8-8f2b45bde467,3895113,122,8.705312483689125,854860370,1512243300,1512720000,1781213935843-0
s2sf12j2_redis_rep2_20260611_223851,redis,s2sf12j2_redis_rep2_20260611_223851,91ebf0de-d5c2-4d9a-afc6-8a0886f2b8d9,3895113,122,8.705312483689125,854860370,1512812300,1513305200,1781213935844-0
s2sf12j2_redis_rep2_20260611_223851,redis,s2sf12j2_redis_rep2_20260611_223851,5d9832a6-a171-4ef4-b701-f6b4d05feee6,3895086,123,9.91360446230406,864929470,1513457500,1514198000,1781213935844-1
s2sf12j2_redis_rep2_20260611_223851,redis,s2sf12j2_redis_rep2_20260611_223851,0ebcc909-cb95-4c8d-9d1e-9a5a1602fab8,3895074,124,10.79775344531929,872297378,1514312900,1514818500,1781213935845-0
s2sf12j2_redis_rep2_20260611_223851,redis,s2sf12j2_redis_rep2_20260611_223851,0e86a8f0-fac3-4b94-ae98-503bef435107,3895086,124,9.996937795637397,865623914,1514918400,1515528300,1781213935846-0
s2sf12j2_redis_rep2_20260611_223851,redis,s2sf12j2_redis_rep2_20260611_223851,3df3c610-7558-40f2-8409-3980c81df760,3895086,124,9.996937795637397,865623914,1515642400,1516167600,1781213935846-1
s2sf12j2_redis_rep2_20260611_223851,redis,s2sf12j2_redis_rep2_20260611_223851,b146373c-bfd4-4689-9a30-2425bedbaea1,3895121,125,10.105079741431808,866525097,1516277100,1517024800,1781213935847-0
s2sf12j2_redis_rep2_20260611_223851,redis,s2sf12j2_redis_rep2_20260611_223851,bc78e1b9-5446-43ae-a64a-472f49fcc426,3895134,125,9.808479914027426,864053432,1517145700,1517713900,1781213935848-0
s2sf12j2_redis_rep2_20260611_223851,redis,s2sf12j2_redis_rep2_20260611_223851,7668f311-474c-4a09-ba73-976cb6e622e9,3895134,125,9.808479914027426,864053432,1517822800,1518402500,1781213935849-0
s2sf12j2_redis_rep2_20260611_223851,redis,s2sf12j2_redis_rep2_20260611_223851,d486aa6d-6028-4a09-817b-504a539439c0,3895134,125,9.808479914027426,864053432,1518509300,1519128800,1781213935849-1
s2sf12j2_redis_rep2_20260611_223851,redis,s2sf12j2_redis_rep2_20260611_223851,0c3a05f7-8245-4880-8929-7fcf36f2ea64,3895086,126,10.16360446230406,867012803,1519275000,1519870600,1781213935850-0
s2sf12j2_redis_rep2_20260611_223851,redis,s2sf12j2_redis_rep2_20260611_223851,62daa303-276e-4025-88fd-f274ca6391a5,3895095,127,11.475432524423102,877944704,1520002100,1520642400,1781213935851-0
s2sf12j2_redis_rep2_20260611_223851,redis,s2sf12j2_redis_rep2_20260611_223851,afeefed6-d0ce-472b-bb6d-1575badb8431,3895121,127,10.271746408098474,867913986,1520765100,1521419500,1781213935852-0
s2sf12j2_redis_rep2_20260611_223851,redis,s2sf12j2_redis_rep2_20260611_223851,64d6040f-180b-47a2-87ef-500952d04dc9,3895121,127,10.271746408098474,867913986,1521514700,1522115800,1781213935852-1
s2sf12j2_redis_rep2_20260611_223851,redis,s2sf12j2_redis_rep2_20260611_223851,5ba62c14-0531-4810-8b10-81c900dabc24,3895052,127,9.62756803539537,862545833,1522209400,1522827800,1781213935853-0
s2sf12j2_redis_rep2_20260611_223851,redis,s2sf12j2_redis_rep2_20260611_223851,e1be1dd2-b23a-4194-bab1-2f8cf03e4b91,3895086,127,10.246937795637397,867707248,1522958200,1523585600,1781213935854-0
s2sf12j2_redis_rep2_20260611_223851,redis,s2sf12j2_redis_rep2_20260611_223851,00dfb475-72a7-4673-ba72-cb20316a774f,3895086,127,10.246937795637397,867707248,1523676100,1524278500,1781213935854-1
s2sf12j2_redis_rep2_20260611_223851,redis,s2sf12j2_redis_rep2_20260611_223851,e217828c-5b24-44e5-98c4-da628ea86b68,3895086,127,10.246937795637397,867707248,1524369400,1525090000,1781213935855-0
s2sf12j2_redis_rep2_20260611_223851,redis,s2sf12j2_redis_rep2_20260611_223851,39cbe823-8aa4-40ec-8e9c-fafa182c583c,3895086,127,10.246937795637397,867707248,1525212000,1525902200,1781213935856-0
s2sf12j2_redis_rep2_20260611_223851,redis,s2sf12j2_redis_rep2_20260611_223851,b5a26a30-b128-4077-a30b-60fe783e8f6e,3895121,128,10.355079741431808,868608431,1525991500,1526495700,1781213935857-0
s2sf12j2_redis_rep2_20260611_223851,redis,s2sf12j2_redis_rep2_20260611_223851,48d9689f-34d4-42dc-b2bb-ddaefd5f083a,3895121,129,10.43841307476514,869302875,1526582700,1527277700,1781213935857-1
s2sf12j2_redis_rep2_20260611_223851,redis,s2sf12j2_redis_rep2_20260611_223851,34f794a7-c154-4ea0-9022-72271af0e55b,3895121,129,10.43841307476514,869302875,1527414600,1528095800,1781213935858-0
s2sf12j2_redis_rep2_20260611_223851,redis,s2sf12j2_redis_rep2_20260611_223851,cb8a277a-542b-4c45-9c92-4eeb0146cc5a,3895121,129,10.43841307476514,869302875,1528206800,1528830500,1781213935859-0
s2sf12j2_redis_rep2_20260611_223851,redis,s2sf12j2_redis_rep2_20260611_223851,5b520ef2-a8d3-4a67-8426-b36c70e7f981,3895086,129,10.41360446230406,869096137,1528933500,1529465300,1781213935860-0
s2sf12j2_redis_rep2_20260611_223851,redis,s2sf12j2_redis_rep2_20260611_223851,9c855d8d-f090-4c54-961f-74a84bc48724,3895121,130,10.521746408098474,869997320,1529595300,1530161600,1781213935860-1
s2sf12j2_redis_rep2_20260611_223851,redis,s2sf12j2_redis_rep2_20260611_223851,e3332c0d-b466-4873-9fbc-85232deb3925,3895121,130,10.521746408098474,869997320,1530250900,1530742100,1781213935861-0
s2sf12j2_redis_rep2_20260611_223851,redis,s2sf12j2_redis_rep2_20260611_223851,c1a39259-85ef-4ad6-a099-74dca9a15d3d,3895052,130,9.87756803539537,864629166,1530827000,1531394500,1781213935862-0
s2sf12j2_redis_rep2_20260611_223851,redis,s2sf12j2_redis_rep2_20260611_223851,a97cdc41-3859-49e2-a4e9-71cdf9d4722a,3895095,131,11.808765857756434,880722482,1531495100,1532003600,1781213935862-1
s2sf12j2_redis_rep2_20260611_223851,redis,s2sf12j2_redis_rep2_20260611_223851,e7fddee0-3be2-4805-b58f-a6ffc185442d,3895095,131,11.808765857756434,880722482,1532089100,1532674500,1781213935863-0
s2sf12j2_redis_rep2_20260611_223851,redis,s2sf12j2_redis_rep2_20260611_223851,48ae3e9b-f068-4b72-8c89-64d3fd6673db,3895095,131,11.808765857756434,880722482,1532766500,1533295800,1781213935863-1
s2sf12j2_redis_rep2_20260611_223851,redis,s2sf12j2_redis_rep2_20260611_223851,c205f5fd-bef3-4eeb-80a5-3e15ad9d2d75,3895095,132,11.892099191089768,881416926,1533395400,1533883700,1781213935864-0
s2sf12j2_redis_rep2_20260611_223851,redis,s2sf12j2_redis_rep2_20260611_223851,b28bd901-d527-4796-8f1a-3f35c620200a,3895095,132,11.892099191089768,881416926,1533971600,1534446500,1781213935865-0
s2sf12j2_redis_rep2_20260611_223851,redis,s2sf12j2_redis_rep2_20260611_223851,9ccbcba8-de45-4714-9f61-5898f2125d47,3895095,132,11.892099191089768,881416926,1534531200,1534985000,1781213935865-1
s2sf12j2_redis_rep2_20260611_223851,redis,s2sf12j2_redis_rep2_20260611_223851,939b2704-1335-4e90-8ddb-1f203784962d,3895095,132,11.892099191089768,881416926,1535072500,1535543900,1781213935866-0
s2sf12j2_redis_rep2_20260611_223851,redis,s2sf12j2_redis_rep2_20260611_223851,9a0df9ec-ca29-416b-9455-6d0699245517,3895086,132,10.66360446230406,871179470,1535630400,1536062800,1781213935866-1
s2sf12j2_redis_rep2_20260611_223851,redis,s2sf12j2_redis_rep2_20260611_223851,62a7bbe1-0f07-4fc3-984c-d3bd87ace61c,3895095,133,11.975432524423102,882111371,1536145800,1536899300,1781213935867-0
s2sf12j2_redis_rep2_20260611_223851,redis,s2sf12j2_redis_rep2_20260611_223851,40cc1606-a137-4b66-9bcb-a6ce6855c8bd,3895095,133,11.975432524423102,882111371,1536988600,1537471600,1781213935868-0
s2sf12j2_redis_rep2_20260611_223851,redis,s2sf12j2_redis_rep2_20260611_223851,17ae4e97-cbd8-431e-b4f2-0f5e66ead733,3895060,134,12.91603606168656,889949733,1537554100,1538001100,1781213935868-1
s2sf12j2_redis_rep2_20260611_223851,redis,s2sf12j2_redis_rep2_20260611_223851,ee2a9e51-6167-4107-b5d7-222a8364c5b2,3895060,134,12.91603606168656,889949733,1538081000,1538615900,1781213935869-0
s2sf12j2_redis_rep2_20260611_223851,redis,s2sf12j2_redis_rep2_20260611_223851,1d2350ad-32f9-42d6-bf6d-3c446a78528c,3895060,134,12.91603606168656,889949733,1538693600,1539315500,1781213935869-1
s2sf12j2_redis_rep2_20260611_223851,redis,s2sf12j2_redis_rep2_20260611_223851,43285854-773c-442d-b4c6-83e7303a059a,3895095,134,12.058765857756434,882805815,1539393900,1539960900,1781213935870-0
s2sf12j2_redis_rep2_20260611_223851,redis,s2sf12j2_redis_rep2_20260611_223851,2d5d9d93-1f1e-4b29-a84b-53e672619caf,3895095,134,12.058765857756434,882805815,1540038800,1540680200,1781213935871-0
s2sf12j2_redis_rep2_20260611_223851,redis,s2sf12j2_redis_rep2_20260611_223851,fccd97a6-e828-4e8a-b6d2-74137a5c76da,3895095,134,12.058765857756434,882805815,1540769000,1541487900,1781213935872-0
s2sf12j2_redis_rep2_20260611_223851,redis,s2sf12j2_redis_rep2_20260611_223851,df1f5572-1cdb-4db5-a7fe-c8a1f4b2dbc4,3895060,136,13.082702728353228,891338622,1541571500,1542167200,1781213935872-1
s2sf12j2_redis_rep2_20260611_223851,redis,s2sf12j2_redis_rep2_20260611_223851,8034c2f5-3b8b-448f-84b6-3d56d1317298,3895095,136,12.225432524423102,884194704,1542378300,1543103700,1781213935873-0
s2sf12j2_redis_rep2_20260611_223851,redis,s2sf12j2_redis_rep2_20260611_223851,4720aca0-dc33-4b91-bf79-28e5d02a9823,3895052,136,10.37756803539537,868795833,1543244000,1543976300,1781213935874-0
s2sf12j2_redis_rep2_20260611_223851,redis,s2sf12j2_redis_rep2_20260611_223851,2ee5f551-c20e-44d1-ae04-f3a72bb838fd,3895060,137,13.16603606168656,892033067,1544111600,1544762500,1781213935875-0
s2sf12j2_redis_rep2_20260611_223851,redis,s2sf12j2_redis_rep2_20260611_223851,629f26cc-12a2-4b57-9cc8-712cc9bd6865,3895060,137,13.16603606168656,892033067,1544885900,1545401100,1781213935876-0
s2sf12j2_redis_rep2_20260611_223851,redis,s2sf12j2_redis_rep2_20260611_223851,45a9de9f-a580-42b7-9ffe-7875d9e2cd85,3895095,137,12.308765857756434,884889148,1545513500,1546324100,1781213935877-0
s2sf12j2_redis_rep2_20260611_223851,redis,s2sf12j2_redis_rep2_20260611_223851,b84450d8-0b22-4986-8df3-0e2857770d62,3895095,137,12.308765857756434,884889148,1546438200,1546947400,1781213935877-1
s2sf12j2_redis_rep2_20260611_223851,redis,s2sf12j2_redis_rep2_20260611_223851,5c6ffce4-0b2a-4651-b593-33aa03a60daa,3895095,137,12.308765857756434,884889148,1547051300,1547514300,1781213935878-0
s2sf12j2_redis_rep2_20260611_223851,redis,s2sf12j2_redis_rep2_20260611_223851,8343a3d7-f2a3-4b5f-8a66-ee83553e0b14,3895052,137,10.460901368728702,869490278,1547610900,1548152300,1781213935878-1
s2sf12j2_redis_rep2_20260611_223851,redis,s2sf12j2_redis_rep2_20260611_223851,d684e5e4-ee5a-4a7a-8013-d787ae77e932,3895052,137,10.460901368728702,869490278,1548252100,1548794800,1781213935879-0
s2sf12j2_redis_rep2_20260611_223851,redis,s2sf12j2_redis_rep2_20260611_223851,8861d98d-8203-4cf2-a8cd-292630b66f01,3895052,137,10.460901368728702,869490278,1548884900,1549372200,1781213935880-0
s2sf12j2_redis_rep2_20260611_223851,redis,s2sf12j2_redis_rep2_20260611_223851,a62239ed-a51a-421b-8166-92c7a2439ab1,3895060,138,13.249369395019894,892727511,1549465300,1549979400,1781213935880-1
s2sf12j2_redis_rep2_20260611_223851,redis,s2sf12j2_redis_rep2_20260611_223851,5e363256-e968-42b8-b91a-ff98b9978997,3895052,138,10.544234702062036,870184722,1550075400,1550595400,1781213935881-0
s2sf12j2_redis_rep2_20260611_223851,redis,s2sf12j2_redis_rep2_20260611_223851,ceca0c62-9a68-4003-a66f-6408d2996153,3895052,138,10.544234702062036,870184722,1550681200,1551258900,1781213935881-1
s2sf12j2_redis_rep2_20260611_223851,redis,s2sf12j2_redis_rep2_20260611_223851,a94f1482-b5d0-45ea-9c8a-a578eb26ade6,3895060,139,13.332702728353228,893421956,1551358300,1551848000,1781213935882-0
s2sf12j2_redis_rep2_20260611_223851,redis,s2sf12j2_redis_rep2_20260611_223851,860f5c36-ef9b-4b21-bc71-35e0157762a2,3895060,139,13.332702728353228,893421956,1551933000,1552407300,1781213935883-0
s2sf12j2_redis_rep2_20260611_223851,redis,s2sf12j2_redis_rep2_20260611_223851,a0b9412b-af5d-4ae7-a768-2fb5ca78088c,3895095,139,12.475432524423102,886278037,1552506300,1553081800,1781213935883-1
s2sf12j2_redis_rep2_20260611_223851,redis,s2sf12j2_redis_rep2_20260611_223851,b8237fa5-ce5b-46d9-b92b-7c5d2fc0882a,3895107,139,10.594217920981698,870601249,1553175400,1553817500,1781213935884-0
s2sf12j2_redis_rep2_20260611_223851,redis,s2sf12j2_redis_rep2_20260611_223851,2e82cdf4-082a-4d1e-9590-c48cd417ba08,3895052,139,10.62756803539537,870879166,1553909100,1554436600,1781213935885-0
s2sf12j2_redis_rep2_20260611_223851,redis,s2sf12j2_redis_rep2_20260611_223851,6bc4c8b2-62da-473a-b751-2a43ebdc54fb,3895052,139,10.62756803539537,870879166,1554521100,1555001400,1781213935885-1
s2sf12j2_redis_rep2_20260611_223851,redis,s2sf12j2_redis_rep2_20260611_223851,4522c929-1571-459e-b17b-c2ab5a6247a2,3895052,139,10.62756803539537,870879166,1555084200,1555584600,1781213935886-0
s2sf12j2_redis_rep2_20260611_223851,redis,s2sf12j2_redis_rep2_20260611_223851,3be64c0b-6dad-4022-a71b-2ee59ed562fb,3895095,140,12.558765857756434,886972482,1555665700,1556129300,1781213935886-1
s2sf12j2_redis_rep2_20260611_223851,redis,s2sf12j2_redis_rep2_20260611_223851,7d0b87cf-fe4a-4f0d-bf10-8f1cb6bb60aa,3895095,140,12.558765857756434,886972482,1556209000,1556717000,1781213935887-0
s2sf12j2_redis_rep2_20260611_223851,redis,s2sf12j2_redis_rep2_20260611_223851,7d80a5a5-c9aa-4f70-be18-22fc1fa21038,3895095,140,12.558765857756434,886972482,1556799500,1557297900,1781213935888-0
s2sf12j2_redis_rep2_20260611_223851,redis,s2sf12j2_redis_rep2_20260611_223851,d0c874f5-c964-4141-8b5a-b4603dc98153,3895060,141,13.499369395019894,894810844,1557387300,1558058900,1781213935888-1
s2sf12j2_redis_rep2_20260611_223851,redis,s2sf12j2_redis_rep2_20260611_223851,fc1d2703-50cf-44fc-9a11-e2005c1a4742,3895060,141,13.499369395019894,894810844,1558185300,1558747200,1781213935889-0
s2sf12j2_redis_rep2_20260611_223851,redis,s2sf12j2_redis_rep2_20260611_223851,e42abc58-f3f6-471d-9d22-1ae2102faef1,3895095,141,12.642099191089768,887666926,1558855900,1559451300,1781213935890-0
s2sf12j2_redis_rep2_20260611_223851,redis,s2sf12j2_redis_rep2_20260611_223851,06d8c140-613c-415f-897a-9ff64cf3c9e4,3895052,141,10.794234702062036,872268055,1559589700,1560121100,1781213935890-1
s2sf12j2_redis_rep2_20260611_223851,redis,s2sf12j2_redis_rep2_20260611_223851,c97920dc-91b1-4ba4-90d4-d2ee1eb8ec4f,3895060,142,13.582702728353228,895505289,1560223100,1560812200,1781213935891-0
s2sf12j2_redis_rep2_20260611_223851,redis,s2sf12j2_redis_rep2_20260611_223851,8716c4f7-df1a-4c73-86c6-7af9557668c9,3895060,142,13.582702728353228,895505289,1560917800,1561439600,1781213935892-0
s2sf12j2_redis_rep2_20260611_223851,redis,s2sf12j2_redis_rep2_20260611_223851,dcbde8b8-ac84-457d-8048-5ac02e6f03cd,3895095,142,12.725432524423102,888361371,1561550600,1562056900,1781213935892-1
s2sf12j2_redis_rep2_20260611_223851,redis,s2sf12j2_redis_rep2_20260611_223851,d1eee694-bd64-4580-aae4-cf9edba91fe0,3895095,142,12.725432524423102,888361371,1562157900,1562726900,1781213935893-0
s2sf12j2_redis_rep2_20260611_223851,redis,s2sf12j2_redis_rep2_20260611_223851,38e364aa-af8a-4dbf-b99e-a24330dd2459,3895095,142,12.725432524423102,888361371,1562826600,1563339000,1781213935894-0
s2sf12j2_redis_rep2_20260611_223851,redis,s2sf12j2_redis_rep2_20260611_223851,41c876fb-891b-43ac-a188-4c32b52e1fb2,3895107,142,10.844217920981698,872684582,1563440000,1563917800,1781213935894-1
s2sf12j2_redis_rep2_20260611_223851,redis,s2sf12j2_redis_rep2_20260611_223851,c31ba033-bcf9-4d3c-83f2-c72b6d7d9dee,3895107,143,10.92755125431503,873379027,1564008400,1564516900,1781213935895-0
s2sf12j2_redis_rep2_20260611_223851,redis,s2sf12j2_redis_rep2_20260611_223851,a10f0ac6-c79a-4bb1-b6a3-6a425336db0b,3895052,143,10.960901368728702,873656944,1564604900,1565123800,1781213935895-1
s2sf12j2_redis_rep2_20260611_223851,redis,s2sf12j2_redis_rep2_20260611_223851,e513158e-b9e9-40d0-a11f-a77b226a2fdf,3895052,143,10.960901368728702,873656944,1565207800,1565714400,1781213935896-0
s2sf12j2_redis_rep2_20260611_223851,redis,s2sf12j2_redis_rep2_20260611_223851,14769c8b-1ce7-4a1a-9280-f86fcb3970c4,3895134,144,11.39181324736076,877247877,1565794800,1566262900,1781213935897-0
s2sf12j2_redis_rep2_20260611_223851,redis,s2sf12j2_redis_rep2_20260611_223851,27da8a02-d707-4ce8-a293-db4242406f9d,3895095,144,12.892099191089768,889750259,1566340500,1566867900,1781213935897-1
s2sf12j2_redis_rep2_20260611_223851,redis,s2sf12j2_redis_rep2_20260611_223851,2bbbcd7d-6c83-4bcb-b2da-5d70b7b62595,3895095,144,12.892099191089768,889750259,1566944400,1567434300,1781213935898-0
s2sf12j2_redis_rep2_20260611_223851,redis,s2sf12j2_redis_rep2_20260611_223851,4e4aad3f-1662-4b68-818c-8a861d35dad3,3895060,145,13.832702728353228,897588622,1567511700,1568077600,1781213935898-1
s2sf12j2_redis_rep2_20260611_223851,redis,s2sf12j2_redis_rep2_20260611_223851,2af2b993-757d-4545-8b47-d555bd5647ba,3895060,145,13.832702728353228,897588622,1568175400,1568895100,1781213935899-0
s2sf12j2_redis_rep2_20260611_223851,redis,s2sf12j2_redis_rep2_20260611_223851,274e4c69-0479-4360-8935-b4b883d351bd,3895134,145,11.475146580694094,877942321,1569028600,1569633300,1781213935900-0
s2sf12j2_redis_rep2_20260611_223851,redis,s2sf12j2_redis_rep2_20260611_223851,b72e24dd-2850-4c5f-8d96-f16624b518cd,3895134,145,11.475146580694094,877942321,1569793200,1570273600,1781213935900-1
s2sf12j2_redis_rep2_20260611_223851,redis,s2sf12j2_redis_rep2_20260611_223851,d5778bdf-d6e5-4a9e-98d0-307cefd0aa3a,3895134,145,11.475146580694094,877942321,1570368100,1571044200,1781213935901-0
s2sf12j2_redis_rep2_20260611_223851,redis,s2sf12j2_redis_rep2_20260611_223851,6ee3cb36-02c5-4388-9dd0-e89b8e673c69,3895107,145,11.094217920981698,874767916,1571138300,1571678600,1781213935902-0
s2sf12j2_redis_rep2_20260611_223851,redis,s2sf12j2_redis_rep2_20260611_223851,d492ff71-49f1-47b9-93d5-3a2ba41aa1a6,3895107,145,11.094217920981698,874767916,1571784300,1572375100,1781213935903-0
s2sf12j2_redis_rep2_20260611_223851,redis,s2sf12j2_redis_rep2_20260611_223851,61823ed4-1479-4890-b776-23c242285441,3895052,145,11.12756803539537,875045833,1572472600,1572964700,1781213935903-1
s2sf12j2_redis_rep2_20260611_223851,redis,s2sf12j2_redis_rep2_20260611_223851,905aae4b-8bb8-4cbe-b367-1dbdb13016f8,3895095,146,13.058765857756434,891139148,1573071800,1573644900,1781213935904-0
s2sf12j2_redis_rep2_20260611_223851,redis,s2sf12j2_redis_rep2_20260611_223851,2ad342b1-7289-486b-a50a-dd635e0fe308,3895095,146,13.058765857756434,891139148,1573782100,1574317800,1781213935905-0
s2sf12j2_redis_rep2_20260611_223851,redis,s2sf12j2_redis_rep2_20260611_223851,df1c3c1b-e9a2-4e50-a24b-0789cd2a61bd,3895052,146,11.210901368728702,875740278,1574430700,1575073800,1781213935905-1
s2sf12j2_redis_rep2_20260611_223851,redis,s2sf12j2_redis_rep2_20260611_223851,16f50eaa-bf9a-435a-869e-b4b94d90aef3,3895052,146,11.210901368728702,875740278,1575180600,1575728100,1781213935906-0
s2sf12j2_redis_rep2_20260611_223851,redis,s2sf12j2_redis_rep2_20260611_223851,5bc87cbd-db36-4bd5-a4d7-c07ed5435238,3895052,146,11.210901368728702,875740278,1575838700,1576538400,1781213935907-0
s2sf12j2_redis_rep2_20260611_223851,redis,s2sf12j2_redis_rep2_20260611_223851,94b8fb4f-15a6-4678-b49e-dbb1635dac91,3895074,147,12.714420111985955,888269600,1576641200,1577156700,1781213935907-1
s2sf12j2_redis_rep2_20260611_223851,redis,s2sf12j2_redis_rep2_20260611_223851,3a8e7135-5cd1-47d4-a1a8-caa6066bc446,3895060,147,13.999369395019894,898977511,1577255500,1577884200,1781213935908-0
s2sf12j2_redis_rep2_20260611_223851,redis,s2sf12j2_redis_rep2_20260611_223851,a690da0f-daea-46a9-8c95-fb0028dc9d52,3895060,147,13.999369395019894,898977511,1577980800,1578471300,1781213935909-0
s2sf12j2_redis_rep2_20260611_223851,redis,s2sf12j2_redis_rep2_20260611_223851,3bac1e29-591a-46c6-b1a0-98c8ce30328e,3895134,147,11.64181324736076,879331210,1578596600,1579175200,1781213935909-1
s2sf12j2_redis_rep2_20260611_223851,redis,s2sf12j2_redis_rep2_20260611_223851,dae48e3b-1290-4abc-a270-e05bcb5f6d54,3895134,147,11.64181324736076,879331210,1579306800,1579947600,1781213935910-0
s2sf12j2_redis_rep2_20260611_223851,redis,s2sf12j2_redis_rep2_20260611_223851,e7879c9d-92f2-4c18-b907-e14444eaa7ef,3895107,147,11.260884587648365,876156804,1580044600,1580554600,1781213935911-0
s2sf12j2_redis_rep2_20260611_223851,redis,s2sf12j2_redis_rep2_20260611_223851,1bedfa64-1d37-4506-aa21-4945f199f31e,3895052,147,11.294234702062036,876434722,1580649600,1581214900,1781213935911-1
s2sf12j2_redis_rep2_20260611_223851,redis,s2sf12j2_redis_rep2_20260611_223851,929a1602-3f39-4a54-810e-a0a90e250ff3,3895052,147,11.294234702062036,876434722,1581316900,1582013500,1781213935912-0
s2sf12j2_redis_rep2_20260611_223851,redis,s2sf12j2_redis_rep2_20260611_223851,5cbd0c3c-0bbf-4858-9d74-0206232f9fca,3895052,147,11.294234702062036,876434722,1582143300,1582917400,1781213935913-0
s2sf12j2_redis_rep2_20260611_223851,redis,s2sf12j2_redis_rep2_20260611_223851,fe614350-e134-46ba-8efb-925f5ac87ae7,3895060,148,14.082702728353228,899671956,1583054700,1583601600,1781213935914-0
s2sf12j2_redis_rep2_20260611_223851,redis,s2sf12j2_redis_rep2_20260611_223851,a4c1b81e-781e-4d08-83a5-c54a57580b62,3895134,148,11.725146580694094,880025654,1583716700,1584261800,1781213935914-1
s2sf12j2_redis_rep2_20260611_223851,redis,s2sf12j2_redis_rep2_20260611_223851,efb14b0b-f196-4536-8723-97a984f41655,3895095,148,13.225432524423102,892528037,1584412000,1585067200,1781213935915-0
s2sf12j2_redis_rep2_20260611_223851,redis,s2sf12j2_redis_rep2_20260611_223851,e9b560c1-2ff1-4cfc-b6b6-f593904510c4,3895134,149,11.808479914027426,880720099,1585175300,1585712200,1781213935916-0
s2sf12j2_redis_rep2_20260611_223851,redis,s2sf12j2_redis_rep2_20260611_223851,4fa6170b-3931-48f1-8db7-6af349365210,3895095,149,13.308765857756434,893222482,1585812100,1586291300,1781213935917-0
s2sf12j2_redis_rep2_20260611_223851,redis,s2sf12j2_redis_rep2_20260611_223851,32bb9c4d-af8f-4d4b-8694-0c58f8fae3b8,3895095,149,13.308765857756434,893222482,1586384800,1586921800,1781213935917-1
s2sf12j2_redis_rep2_20260611_223851,redis,s2sf12j2_redis_rep2_20260611_223851,5758447e-1001-49e1-a0ab-154017c719b5,3895095,149,13.308765857756434,893222482,1587017900,1587531400,1781213935918-0
s2sf12j2_redis_rep2_20260611_223851,redis,s2sf12j2_redis_rep2_20260611_223851,3c21c5d0-aa2b-4f7e-8add-85164d82adfa,3895095,149,13.308765857756434,893222482,1587625100,1588167100,1781213935918-1
s2sf12j2_redis_rep2_20260611_223851,redis,s2sf12j2_redis_rep2_20260611_223851,41fd2317-da9a-4fa3-8cbb-1848d1bdeb69,3895107,149,11.42755125431503,877545693,1588261200,1588756600,1781213935919-0
s2sf12j2_redis_rep2_20260611_223851,redis,s2sf12j2_redis_rep2_20260611_223851,1d4d5d50-bf23-4946-a4d9-a43b9b640a29,3895107,149,11.42755125431503,877545693,1588845700,1589535700,1781213935920-0
s2sf12j2_redis_rep2_20260611_223851,redis,s2sf12j2_redis_rep2_20260611_223851,3e95469a-5da3-41cb-9f40-0ff79f6eee66,3895121,150,12.18841307476514,883886208,1589726100,1590478200,1781213935921-0
s2sf12j2_redis_rep2_20260611_223851,redis,s2sf12j2_redis_rep2_20260611_223851,4d521520-8fe2-4624-a9ba-edbd457751d2,3895052,150,11.544234702062036,878518055,1590665700,1591544300,1781213935922-0
s2sf12j2_redis_rep2_20260611_223851,redis,s2sf12j2_redis_rep2_20260611_223851,d5d8d151-674a-421d-8a54-7f334aa9777f,3895052,150,11.544234702062036,878518055,1591734900,1592285500,1781213935922-1
s2sf12j2_redis_rep2_20260611_223851,redis,s2sf12j2_redis_rep2_20260611_223851,8135d562-0da3-440b-a0e2-268dae7d9672,3895060,151,14.332702728353228,901755289,1592423900,1592964700,1781213935923-0
s2sf12j2_redis_rep2_20260611_223851,redis,s2sf12j2_redis_rep2_20260611_223851,7ce1c8d6-183a-46fb-8712-67062f116c4f,3895060,151,14.332702728353228,901755289,1593096300,1593766600,1781213935924-0
s2sf12j2_redis_rep2_20260611_223851,redis,s2sf12j2_redis_rep2_20260611_223851,e5697ff1-eca1-4a24-aae7-62ba05de1074,3895052,151,11.62756803539537,879212500,1593914200,1594494300,1781213935925-0
s2sf12j2_redis_rep2_20260611_223851,redis,s2sf12j2_redis_rep2_20260611_223851,9bd995e3-84c3-4035-856f-bdba64f40d06,3895052,151,11.62756803539537,879212500,1594607900,1595156800,1781213935925-1
s2sf12j2_redis_rep2_20260611_223851,redis,s2sf12j2_redis_rep2_20260611_223851,3efe044e-977e-40db-9d4a-0e3476de3f67,3895095,152,13.558765857756434,895305815,1595260300,1595799800,1781213935926-0
s2sf12j2_redis_rep2_20260611_223851,redis,s2sf12j2_redis_rep2_20260611_223851,560019c8-3875-4a6f-94d2-2d748c2ef69c,3895095,152,13.558765857756434,895305815,1595904600,1596420000,1781213935927-0
s2sf12j2_redis_rep2_20260611_223851,redis,s2sf12j2_redis_rep2_20260611_223851,ee231cf7-4ea9-423c-aa4a-d19a0e921779,3895095,152,13.558765857756434,895305815,1596550100,1597078600,1781213935927-1
s2sf12j2_redis_rep2_20260611_223851,redis,s2sf12j2_redis_rep2_20260611_223851,7821e82d-571e-4aa1-a8e3-56c4eefc7b05,3895121,153,12.43841307476514,885969542,1597176900,1597928800,1781213935928-0
s2sf12j2_redis_rep2_20260611_223851,redis,s2sf12j2_redis_rep2_20260611_223851,3a186596-9309-482a-bbad-7b51899fc415,3895121,153,12.43841307476514,885969542,1598028700,1598717400,1781213935929-0
s2sf12j2_redis_rep2_20260611_223851,redis,s2sf12j2_redis_rep2_20260611_223851,53c69f88-d128-4cb5-a2d9-a75cbdf9777e,3895121,153,12.43841307476514,885969542,1598827700,1599271800,1781213935930-0
s2sf12j2_redis_rep2_20260611_223851,redis,s2sf12j2_redis_rep2_20260611_223851,2b913c12-2cfc-440e-8fcf-7ff6726c5114,3895134,153,12.14181324736076,883497877,1599419000,1599925100,1781213935930-1
s2sf12j2_redis_rep2_20260611_223851,redis,s2sf12j2_redis_rep2_20260611_223851,1cd2a870-6e10-4903-a9f4-f9d3c7d27880,3895134,153,12.14181324736076,883497877,1600021100,1600494500,1781213935931-0
s2sf12j2_redis_rep2_20260611_223851,redis,s2sf12j2_redis_rep2_20260611_223851,2710caf5-de6e-4803-a75f-13924c689eff,3895052,153,11.794234702062036,880601389,1600586800,1601137900,1781213935931-1
s2sf12j2_redis_rep2_20260611_223851,redis,s2sf12j2_redis_rep2_20260611_223851,67ca4c48-ec9b-4c45-9485-ae00f0ffa467,3895052,153,11.794234702062036,880601389,1601235700,1601723100,1781213935932-0
s2sf12j2_redis_rep2_20260611_223851,redis,s2sf12j2_redis_rep2_20260611_223851,02fdd3d0-6246-4121-a658-c8c64d83c9e7,3895060,154,14.582702728353228,903838622,1601817000,1602370000,1781213935933-0
s2sf12j2_redis_rep2_20260611_223851,redis,s2sf12j2_redis_rep2_20260611_223851,1e0d6109-9dfd-400c-a886-d2276b2b2b20,3895060,154,14.582702728353228,903838622,1602466300,1603151800,1781213935933-1
s2sf12j2_redis_rep2_20260611_223851,redis,s2sf12j2_redis_rep2_20260611_223851,37a43b9f-5690-41fd-b4f7-53215ab15ee1,3895060,155,14.66603606168656,904533067,1603249400,1603807800,1781213935934-0
s2sf12j2_redis_rep2_20260611_223851,redis,s2sf12j2_redis_rep2_20260611_223851,49bd1cab-27d5-4339-b91a-7dfbd42952eb,3895121,155,12.605079741431808,887358431,1603901300,1604445900,1781213935935-0
s2sf12j2_redis_rep2_20260611_223851,redis,s2sf12j2_redis_rep2_20260611_223851,a27b2434-031d-4a71-af65-f628ef68fc5b,3895121,155,12.605079741431808,887358431,1604568600,1605052000,1781213935935-1
s2sf12j2_redis_rep2_20260611_223851,redis,s2sf12j2_redis_rep2_20260611_223851,10ac3bc0-892c-4260-9e07-97c22aef1ce2,3895134,155,12.308479914027426,884886765,1605140400,1605630000,1781213935936-0
s2sf12j2_redis_rep2_20260611_223851,redis,s2sf12j2_redis_rep2_20260611_223851,a736895f-1c77-494e-8f8e-502d082d0ca0,3895052,155,11.960901368728702,881990278,1605746800,1606272800,1781213935936-1
s2sf12j2_redis_rep2_20260611_223851,redis,s2sf12j2_redis_rep2_20260611_223851,38175d9c-de79-4c30-bc4c-b0d7f7fe5980,3895052,155,11.960901368728702,881990278,1606356300,1606912400,1781213935937-0
s2sf12j2_redis_rep2_20260611_223851,redis,s2sf12j2_redis_rep2_20260611_223851,74620976-1608-4f8c-a5de-b1e3dd833aef,3895052,155,11.960901368728702,881990278,1606997500,1607484400,1781213935938-0
s2sf12j2_redis_rep2_20260611_223851,redis,s2sf12j2_redis_rep2_20260611_223851,d6c0e2f9-eb69-40e7-bd64-4657105044bb,3895134,156,12.39181324736076,885581210,1607581200,1608021100,1781213935938-1
s2sf12j2_redis_rep2_20260611_223851,redis,s2sf12j2_redis_rep2_20260611_223851,66be2bd8-927e-4312-a10f-c69ce778c754,3895052,157,12.12756803539537,883379166,1608113400,1608836300,1781213935939-0
s2sf12j2_redis_rep2_20260611_223851,redis,s2sf12j2_redis_rep2_20260611_223851,4cfebc37-3c47-4d89-97e7-503777ab08f4,3895113,157,11.621979150355791,879165926,1608932400,1609453600,1781213935940-0
s2sf12j2_redis_rep2_20260611_223851,redis,s2sf12j2_redis_rep2_20260611_223851,6b911dbc-6b25-422a-b5d3-7dd506d777c1,3895052,157,12.12756803539537,883379166,1609557600,1610303900,1781213935940-1
s2sf12j2_redis_rep2_20260611_223851,redis,s2sf12j2_redis_rep2_20260611_223851,f467bace-c955-4ce1-830c-9cccfe579e16,3895121,158,12.855079741431808,889441764,1610407400,1611029300,1781213935941-0
s2sf12j2_redis_rep2_20260611_223851,redis,s2sf12j2_redis_rep2_20260611_223851,fdd7141d-e8fc-4721-8aba-a514a2ffc07f,3895134,158,12.558479914027426,886970099,1611120000,1611724400,1781213935942-0
s2sf12j2_redis_rep2_20260611_223851,redis,s2sf12j2_redis_rep2_20260611_223851,3527c8c9-9a06-4440-b7e7-cbed73e892a4,3895134,158,12.558479914027426,886970099,1611817900,1612455600,1781213935943-0
s2sf12j2_redis_rep2_20260611_223851,redis,s2sf12j2_redis_rep2_20260611_223851,1c5201e6-dc5a-41b5-b164-c138f7f347e5,3895086,158,12.830271128970727,889235026,1612553900,1613056200,1781213935943-1
s2sf12j2_redis_rep2_20260611_223851,redis,s2sf12j2_redis_rep2_20260611_223851,ba0d2b7d-b635-49be-afbc-96b5266bef5e,3895113,158,11.705312483689124,879860370,1613143100,1613659900,1781213935944-0
s2sf12j2_redis_rep2_20260611_223851,redis,s2sf12j2_redis_rep2_20260611_223851,0b6f9a01-cab0-4450-8c8e-e8a2b415b444,3895074,159,13.714420111985955,896602934,1613743700,1614195600,1781213935944-1
s2sf12j2_redis_rep2_20260611_223851,redis,s2sf12j2_redis_rep2_20260611_223851,db765aeb-a06a-48e4-91e5-97ab87af96cd,3895107,159,12.260884587648365,884490138,1614277600,1614713600,1781213935945-0
s2sf12j2_redis_rep2_20260611_223851,redis,s2sf12j2_redis_rep2_20260611_223851,0dfe650b-727a-488e-9548-afe4b58cab9c,3895113,159,11.78864581702246,880554815,1614792600,1615308000,1781213935945-1
s2sf12j2_redis_rep2_20260611_223851,redis,s2sf12j2_redis_rep2_20260611_223851,f2616473-0593-4f98-91a4-29b4ab860370,3895121,160,13.021746408098474,890830653,1615388900,1615865500,1781213935946-0
s2sf12j2_redis_rep2_20260611_223851,redis,s2sf12j2_redis_rep2_20260611_223851,c91b6d01-70e3-4a5e-8d2c-607f8c2ba0cc,3895107,160,12.344217920981698,885184582,1615949600,1616521200,1781213935947-0
s2sf12j2_redis_rep2_20260611_223851,redis,s2sf12j2_redis_rep2_20260611_223851,bbc5955b-810c-4da2-96cf-f48f68ec638a,3895107,160,12.344217920981698,885184582,1616618800,1617164300,1781213935947-1
s2sf12j2_redis_rep2_20260611_223851,redis,s2sf12j2_redis_rep2_20260611_223851,61692e98-2e82-43eb-85ac-8ae97f0e2012,3895107,160,12.344217920981698,885184582,1617247700,1617870300,1781213935948-0
s2sf12j2_redis_rep2_20260611_223851,redis,s2sf12j2_redis_rep2_20260611_223851,da8d983d-e5dc-4256-abf8-1ab19d4b1934,3895113,160,11.871979150355791,881249259,1617979300,1618662300,1781213935949-0
s2sf12j2_redis_rep2_20260611_223851,redis,s2sf12j2_redis_rep2_20260611_223851,b3db99f3-b85a-4495-86c0-c5955460608a,3895113,160,11.871979150355791,881249259,1618752300,1619271900,1781213935949-1
s2sf12j2_redis_rep2_20260611_223851,redis,s2sf12j2_redis_rep2_20260611_223851,f4d34ba3-4b7f-4866-bc69-6cd2cb54c3c9,3895113,160,11.871979150355791,881249259,1619355100,1619919300,1781213935950-0
s2sf12j2_redis_rep2_20260611_223851,redis,s2sf12j2_redis_rep2_20260611_223851,48823480-e90f-4df5-af40-4ad04ded1f5b,3895134,161,12.808479914027426,889053432,1620007200,1620632000,1781213935951-0
s2sf12j2_redis_rep2_20260611_223851,redis,s2sf12j2_redis_rep2_20260611_223851,582ed7de-ab5b-451f-8522-5fb5ae535956,3895134,161,12.808479914027426,889053432,1620764400,1621477100,1781213935952-0
s2sf12j2_redis_rep2_20260611_223851,redis,s2sf12j2_redis_rep2_20260611_223851,b189c791-b3b6-41a5-8c6f-69ddcdbef563,3895134,161,12.808479914027426,889053432,1621590200,1622164200,1781213935952-1
s2sf12j2_redis_rep2_20260611_223851,redis,s2sf12j2_redis_rep2_20260611_223851,694bc879-88d7-47a0-bed8-dee5569c8172,3895107,161,12.42755125431503,885879027,1622261500,1622794100,1781213935953-0
s2sf12j2_redis_rep2_20260611_223851,redis,s2sf12j2_redis_rep2_20260611_223851,7c3be079-ffa9-46b6-8d91-9b1151bc888c,3895086,161,13.080271128970727,891318359,1622893800,1623402200,1781213935954-0
s2sf12j2_redis_rep2_20260611_223851,redis,s2sf12j2_redis_rep2_20260611_223851,317134da-6744-46b3-aec6-6c1193cf1d0a,3895086,161,13.080271128970727,891318359,1623494000,1624051700,1781213935954-1
s2sf12j2_redis_rep2_20260611_223851,redis,s2sf12j2_redis_rep2_20260611_223851,cf14778c-80d8-4496-8f4b-98a9b0ef2fcb,3895113,161,11.955312483689124,881943704,1624146100,1624669100,1781213935955-0
s2sf12j2_redis_rep2_20260611_223851,redis,s2sf12j2_redis_rep2_20260611_223851,bc8b5564-9e71-4619-ad90-083edca2dee7,3895074,162,13.964420111985955,898686267,1624781900,1625427400,1781213935956-0
s2sf12j2_redis_rep2_20260611_223851,redis,s2sf12j2_redis_rep2_20260611_223851,83c0b97d-595b-4c62-a67d-02d252a05533,3895074,162,13.964420111985955,898686267,1625538700,1626081900,1781213935956-1
s2sf12j2_redis_rep2_20260611_223851,redis,s2sf12j2_redis_rep2_20260611_223851,05f4b123-540f-4b43-a68b-46fc44a2574b,3895074,162,13.964420111985955,898686267,1626170100,1626650000,1781213935957-0
s2sf12j2_redis_rep2_20260611_223851,redis,s2sf12j2_redis_rep2_20260611_223851,0ff7f5a9-14e7-4615-99f1-ebb1304a772c,3895121,162,13.18841307476514,892219542,1626790200,1627387500,1781213935958-0
s2sf12j2_redis_rep2_20260611_223851,redis,s2sf12j2_redis_rep2_20260611_223851,bbf7f332-2f44-4234-9155-7d6009fb7738,3895121,162,13.18841307476514,892219542,1627504200,1628054000,1781213935958-1
s2sf12j2_redis_rep2_20260611_223851,redis,s2sf12j2_redis_rep2_20260611_223851,69df8442-94e9-453a-94ad-426dcaa0579a,3895107,162,12.510884587648365,886573471,1628149800,1628673000,1781213935959-0
s2sf12j2_redis_rep2_20260611_223851,redis,s2sf12j2_redis_rep2_20260611_223851,71f8aaf9-8141-4474-96dc-0dc56cb5ca0d,3895107,162,12.510884587648365,886573471,1628789000,1629467200,1781213935959-1
s2sf12j2_redis_rep2_20260611_223851,redis,s2sf12j2_redis_rep2_20260611_223851,d0a516db-7270-4612-abb8-e9c1204e1c58,3895086,162,13.16360446230406,892012803,1629551000,1630041100,1781213935960-0
s2sf12j2_redis_rep2_20260611_223851,redis,s2sf12j2_redis_rep2_20260611_223851,73a1d35e-ff5d-4fbb-abcb-fe88d0718746,3895086,162,13.16360446230406,892012803,1630123300,1630644200,1781213935961-0
s2sf12j2_redis_rep2_20260611_223851,redis,s2sf12j2_redis_rep2_20260611_223851,e004fe58-8616-4805-8555-9c7ba582ef4c,3895086,162,13.16360446230406,892012803,1630736400,1631254900,1781213935961-1
s2sf12j2_redis_rep2_20260611_223851,redis,s2sf12j2_redis_rep2_20260611_223851,43e9d656-4d2e-4c62-8372-7327f3ce42c3,3895113,162,12.03864581702246,882638148,1631334200,1631922700,1781213935962-0
s2sf12j2_redis_rep2_20260611_223851,redis,s2sf12j2_redis_rep2_20260611_223851,340debd2-c4c3-43c9-a358-6e0667039dd6,3895113,162,12.03864581702246,882638148,1632005700,1632440200,1781213935963-0
s2sf12j2_redis_rep2_20260611_223851,redis,s2sf12j2_redis_rep2_20260611_223851,96e6c0ad-4a64-4176-9fb4-274862f82d73,3895113,162,12.03864581702246,882638148,1632527200,1633164200,1781213935963-1
s2sf12j2_redis_rep2_20260611_223851,redis,s2sf12j2_redis_rep2_20260611_223851,14b983d6-7c2e-4c60-8a95-1b0a49355c0e,3895113,163,12.121979150355791,883332592,1633256300,1633865300,1781213935964-0
s2sf12j2_redis_rep2_20260611_223851,redis,s2sf12j2_redis_rep2_20260611_223851,818c8ff2-8fc7-49ca-bf1a-66ee14e04123,3895074,164,14.13108677865262,900075156,1633955800,1634455500,1781213935965-0
s2sf12j2_redis_rep2_20260611_223851,redis,s2sf12j2_redis_rep2_20260611_223851,19959a0b-6c86-46c0-9154-90dcb3274904,3895074,164,14.13108677865262,900075156,1634542200,1635012500,1781213935965-1
s2sf12j2_redis_rep2_20260611_223851,redis,s2sf12j2_redis_rep2_20260611_223851,9ce7b785-4ecd-44b5-90e3-b733d34dfe2e,3895074,164,14.13108677865262,900075156,1635098400,1635589200,1781213935966-0
s2sf12j2_redis_rep2_20260611_223851,redis,s2sf12j2_redis_rep2_20260611_223851,eca48472-18cb-4b31-ae55-ac17179aef8e,3895121,164,13.355079741431808,893608431,1635678900,1636135700,1781213935966-1
s2sf12j2_redis_rep2_20260611_223851,redis,s2sf12j2_redis_rep2_20260611_223851,867ca390-a97c-4aaf-a312-1b84a626e10c,3895074,165,14.214420111985955,900769600,1636223200,1636707100,1781213935967-0
s2sf12j2_redis_rep2_20260611_223851,redis,s2sf12j2_redis_rep2_20260611_223851,f8ae8a1d-85ae-4a8f-b6bc-23d2d5a1ac71,3895121,165,13.43841307476514,894302875,1636792300,1637486500,1781213935968-0
s2sf12j2_redis_rep2_20260611_223851,redis,s2sf12j2_redis_rep2_20260611_223851,2c9d55e8-d805-4f99-a6d7-8c539b0266dc,3895121,165,13.43841307476514,894302875,1637703200,1638296600,1781213935969-0
s2sf12j2_redis_rep2_20260611_223851,redis,s2sf12j2_redis_rep2_20260611_223851,43e45598-d200-443f-abc6-cfe05b9bd39e,3895134,165,13.14181324736076,891831210,1638400500,1638897600,1781213935969-1
s2sf12j2_redis_rep2_20260611_223851,redis,s2sf12j2_redis_rep2_20260611_223851,2be38728-ebc2-4ed8-9349-08fb1a446d3d,3895134,165,13.14181324736076,891831210,1638996400,1639505400,1781213935970-0
s2sf12j2_redis_rep2_20260611_223851,redis,s2sf12j2_redis_rep2_20260611_223851,94dc0cb8-281c-41c2-99ab-0caf104a8c89,3895107,165,12.760884587648365,888656804,1639615600,1640175100,1781213935970-1
s2sf12j2_redis_rep2_20260611_223851,redis,s2sf12j2_redis_rep2_20260611_223851,96c59163-8000-437f-b044-79ebef56ab77,3895107,165,12.760884587648365,888656804,1640307100,1640939400,1781213935971-0
s2sf12j2_redis_rep2_20260611_223851,redis,s2sf12j2_redis_rep2_20260611_223851,a88add67-30ad-48ae-9d3d-47841f1412ee,3895107,165,12.760884587648365,888656804,1641073500,1641849600,1781213935972-0
s2sf12j2_redis_rep2_20260611_223851,redis,s2sf12j2_redis_rep2_20260611_223851,a6cb7fd6-e4a9-445a-b160-6335527f38a2,3895113,165,12.28864581702246,884721481,1641959400,1642506200,1781213935973-0
s2sf12j2_redis_rep2_20260611_223851,redis,s2sf12j2_redis_rep2_20260611_223851,87c1a5ee-e14f-48b7-8810-be5f77d239b6,3895113,165,12.28864581702246,884721481,1642612900,1643134700,1781213935973-1
s2sf12j2_redis_rep2_20260611_223851,redis,s2sf12j2_redis_rep2_20260611_223851,8df36443-cd0c-4c4b-945b-238b9dcfccf6,3895134,166,13.225146580694094,892525654,1643239800,1643993700,1781213935974-0
s2sf12j2_redis_rep2_20260611_223851,redis,s2sf12j2_redis_rep2_20260611_223851,7d119d9d-15cd-4187-bf0c-04237164d654,3895134,166,13.225146580694094,892525654,1644126300,1644592800,1781213935975-0
s2sf12j2_redis_rep2_20260611_223851,redis,s2sf12j2_redis_rep2_20260611_223851,550e6f49-307b-4008-b27e-bcfde346348b,3895134,166,13.225146580694094,892525654,1644717500,1645254600,1781213935975-1
s2sf12j2_redis_rep2_20260611_223851,redis,s2sf12j2_redis_rep2_20260611_223851,79d30816-809f-49d3-987f-4faa3bf7a1c4,3895134,166,13.225146580694094,892525654,1645347300,1645817700,1781213935976-0
s2sf12j2_redis_rep2_20260611_223851,redis,s2sf12j2_redis_rep2_20260611_223851,b3b14886-30e0-4aef-ac42-acede6528102,3895107,166,12.844217920981698,889351249,1645913200,1646477900,1781213935977-0
s2sf12j2_redis_rep2_20260611_223851,redis,s2sf12j2_redis_rep2_20260611_223851,7a4cbbd9-03aa-4159-bd71-77952f625375,3895113,166,12.371979150355791,885415926,1646561100,1647046500,1781213935977-1
s2sf12j2_redis_rep2_20260611_223851,redis,s2sf12j2_redis_rep2_20260611_223851,408c8260-11ce-4a03-917b-59fc81ed2a2e,3895107,167,12.92755125431503,890045693,1647125700,1647633700,1781213935978-0
s2sf12j2_redis_rep2_20260611_223851,redis,s2sf12j2_redis_rep2_20260611_223851,4162aaae-2c4d-40e1-a3b6-3b1de0193db0,3895107,167,12.92755125431503,890045693,1647718800,1648219600,1781213935978-1
s2sf12j2_redis_rep2_20260611_223851,redis,s2sf12j2_redis_rep2_20260611_223851,6293a92c-cdfd-4b76-87bc-646d14c8e379,3895107,167,12.92755125431503,890045693,1648298800,1648835700,1781213935979-0
s2sf12j2_redis_rep2_20260611_223851,redis,s2sf12j2_redis_rep2_20260611_223851,bc45eb44-defd-46ed-bc67-78f41b3effdf,3895074,168,14.464420111985955,902852934,1648913200,1649451400,1781213935980-0
s2sf12j2_redis_rep2_20260611_223851,redis,s2sf12j2_redis_rep2_20260611_223851,4bcff9c0-91ca-44c7-a3e7-77b6f3f2257d,3895121,168,13.68841307476514,896386208,1649530300,1649995100,1781213935980-1
s2sf12j2_redis_rep2_20260611_223851,redis,s2sf12j2_redis_rep2_20260611_223851,9b0cfa5a-46f9-4e02-8b87-ff17adc27e73,3895134,168,13.39181324736076,893914543,1650072800,1650566300,1781213935981-0
s2sf12j2_redis_rep2_20260611_223851,redis,s2sf12j2_redis_rep2_20260611_223851,58645ad5-803a-40d3-b885-386ac9453114,3895134,168,13.39181324736076,893914543,1650645900,1651378800,1781213935981-1
s2sf12j2_redis_rep2_20260611_223851,redis,s2sf12j2_redis_rep2_20260611_223851,0eed2083-cc6b-491c-b83d-754409ab9cad,3895107,168,13.010884587648365,890740138,1651484200,1651992000,1781213935982-0
s2sf12j2_redis_rep2_20260611_223851,redis,s2sf12j2_redis_rep2_20260611_223851,8f6737e1-8bab-492b-b76d-4cba4a059b36,3895074,169,14.54775344531929,903547378,1652093900,1652805000,1781213935983-0
s2sf12j2_redis_rep2_20260611_223851,redis,s2sf12j2_redis_rep2_20260611_223851,39f89742-821a-4ce6-8cbe-f39808686ede,3895074,169,14.54775344531929,903547378,1652950300,1653604700,1781213935984-0
s2sf12j2_redis_rep2_20260611_223851,redis,s2sf12j2_redis_rep2_20260611_223851,e15c7501-c465-49c6-afe7-55599ee22e67,3895074,169,14.54775344531929,903547378,1653967600,1654590200,1781213935985-0
s2sf12j2_redis_rep2_20260611_223851,redis,s2sf12j2_redis_rep2_20260611_223851,3529544a-55ae-4fbc-b0a6-e133216fba2d,3895074,169,14.54775344531929,903547378,1654787300,1655392700,1781213935986-0
s2sf12j2_redis_rep2_20260611_223851,redis,s2sf12j2_redis_rep2_20260611_223851,bdf70f16-88b6-449e-8210-b470cb150f2f,3895074,169,14.54775344531929,903547378,1655500700,1655985200,1781213935986-1
s2sf12j2_redis_rep2_20260611_223851,redis,s2sf12j2_redis_rep2_20260611_223851,4e375d5b-ebb2-4d0e-b207-d8f5f48b519d,3895060,169,15.832702728353228,914255289,1656086700,1656543400,1781213935987-0
s2sf12j2_redis_rep2_20260611_223851,redis,s2sf12j2_redis_rep2_20260611_223851,77c33e38-ffee-4268-aba7-f894651f7335,3895121,169,13.771746408098474,897080653,1656648400,1657187000,1781213935987-1
s2sf12j2_redis_rep2_20260611_223851,redis,s2sf12j2_redis_rep2_20260611_223851,9ec2419d-346d-44ad-b824-b6b96bba9524,3895121,169,13.771746408098474,897080653,1657287400,1658005300,1781213935988-0
s2sf12j2_redis_rep2_20260611_223851,redis,s2sf12j2_redis_rep2_20260611_223851,07e5b410-f76a-4d08-906e-11df937853e0,3895134,169,13.475146580694094,894608988,1658095100,1658718900,1781213935989-0
s2sf12j2_redis_rep2_20260611_223851,redis,s2sf12j2_redis_rep2_20260611_223851,9679bf7d-a2ec-438c-a7f9-d0d9952ad2c1,3895134,169,13.475146580694094,894608988,1658806500,1659383300,1781213935990-0
s2sf12j2_redis_rep2_20260611_223851,redis,s2sf12j2_redis_rep2_20260611_223851,d6f4facf-d6c5-479a-a242-3e7c6a56f2da,3895134,169,13.475146580694094,894608988,1659500200,1660037300,1781213935990-1
s2sf12j2_redis_rep2_20260611_223851,redis,s2sf12j2_redis_rep2_20260611_223851,0ca9b4bf-ca19-4efa-a2e3-9cad848cc503,3895107,169,13.094217920981698,891434582,1660165100,1660791100,1781213935991-0
s2sf12j2_redis_rep2_20260611_223851,redis,s2sf12j2_redis_rep2_20260611_223851,fcd91361-de77-4f55-b945-e79985c18e84,3895107,169,13.094217920981698,891434582,1660885700,1661380200,1781213935992-0
s2sf12j2_redis_rep2_20260611_223851,redis,s2sf12j2_redis_rep2_20260611_223851,d852d950-2489-4733-ab0f-ea2f4335565b,3895107,169,13.094217920981698,891434582,1661474400,1662208100,1781213935992-1
s2sf12j2_redis_rep2_20260611_223851,redis,s2sf12j2_redis_rep2_20260611_223851,8d7e145d-6436-4a2b-8fb5-c468d557b8db,3895113,169,12.621979150355791,887499259,1662291300,1662980100,1781213935993-0
s2sf12j2_redis_rep2_20260611_223851,redis,s2sf12j2_redis_rep2_20260611_223851,31e939ed-6c76-49e0-8503-be98b76e04a2,3895113,169,12.621979150355791,887499259,1663072200,1663489000,1781213935994-0
s2sf12j2_redis_rep2_20260611_223851,redis,s2sf12j2_redis_rep2_20260611_223851,f2485d48-3ace-4e0f-a6ed-3b06b865284b,3895113,169,12.621979150355791,887499259,1663574500,1664133300,1781213935994-1
s2sf12j2_redis_rep2_20260611_223851,redis,s2sf12j2_redis_rep2_20260611_223851,c8bf21cb-6239-4167-9a8c-78b25ba0bc6f,3895113,169,12.621979150355791,887499259,1664246100,1664925400,1781213935995-0
s2sf12j2_redis_rep2_20260611_223851,redis,s2sf12j2_redis_rep2_20260611_223851,9b2764a7-a84d-4943-bba5-b417858f81a7,3895074,170,14.63108677865262,904241823,1665036100,1665639700,1781213935996-0
s2sf12j2_redis_rep2_20260611_223851,redis,s2sf12j2_redis_rep2_20260611_223851,ada9ca66-9914-40ec-9721-e7008c004f43,3895074,170,14.63108677865262,904241823,1665724400,1666326000,1781213935997-0
s2sf12j2_redis_rep2_20260611_223851,redis,s2sf12j2_redis_rep2_20260611_223851,b7679522-0480-4738-bd78-2caaca3efcd4,3895060,170,15.91603606168656,914949733,1666408300,1666934000,1781213935997-1
s2sf12j2_redis_rep2_20260611_223851,redis,s2sf12j2_redis_rep2_20260611_223851,3da63f38-33cc-453a-a47d-f5fddd0db82f,3895060,170,15.91603606168656,914949733,1667030900,1667539100,1781213935998-0
s2sf12j2_redis_rep2_20260611_223851,redis,s2sf12j2_redis_rep2_20260611_223851,fadd2877-2d12-4f52-a99d-15c1947850eb,3895060,170,15.91603606168656,914949733,1667643000,1668161200,1781213935998-1
s2sf12j2_redis_rep2_20260611_223851,redis,s2sf12j2_redis_rep2_20260611_223851,e162f8fa-b3ce-4052-a096-680bf2c9ed8d,3895060,170,15.91603606168656,914949733,1668266800,1668767000,1781213935999-0
s2sf12j2_redis_rep2_20260611_223851,redis,s2sf12j2_redis_rep2_20260611_223851,53b7d815-60a3-44ab-b5b2-d8a2c44480a8,3895134,170,13.558479914027426,895303432,1668859100,1669357200,1781213936000-0
s2sf12j2_redis_rep2_20260611_223851,redis,s2sf12j2_redis_rep2_20260611_223851,329c89d3-8945-4b3b-b560-92250fd85b13,3895134,170,13.558479914027426,895303432,1669446400,1670257900,1781213936000-1
s2sf12j2_redis_rep2_20260611_223851,redis,s2sf12j2_redis_rep2_20260611_223851,fc565cea-8dcd-480a-882e-34f338524047,3895107,170,13.17755125431503,892129027,1670404300,1670922700,1781213936001-0
s2sf12j2_redis_rep2_20260611_223851,redis,s2sf12j2_redis_rep2_20260611_223851,0f604741-1adb-4f2d-bb36-69d25b830a30,3895074,171,14.714420111985955,904936267,1671023900,1671510900,1781213936002-0
s2sf12j2_redis_rep2_20260611_223851,redis,s2sf12j2_redis_rep2_20260611_223851,83a981d0-c68a-4645-befd-6421a44de32e,3895060,171,15.999369395019894,915644178,1671601200,1672191600,1781213936002-1
s2sf12j2_redis_rep2_20260611_223851,redis,s2sf12j2_redis_rep2_20260611_223851,ecd14fd7-6180-4ae4-963d-2c9e6b2a0d75,3895113,171,12.78864581702246,888888148,1672290300,1672943400,1781213936003-0
s2sf12j2_redis_rep2_20260611_223851,redis,s2sf12j2_redis_rep2_20260611_223851,3ded6d86-f943-406a-8fa2-cfeff8b82bdc,3895113,171,12.78864581702246,888888148,1673038200,1673726000,1781213936004-0
s2sf12j2_redis_rep2_20260611_223851,redis,s2sf12j2_redis_rep2_20260611_223851,0df566b3-c230-4f74-a1bd-86295b48f77a,3895074,172,14.79775344531929,905630712,1673821100,1674385200,1781213936005-0
s2sf12j2_redis_rep2_20260611_223851,redis,s2sf12j2_redis_rep2_20260611_223851,3a3474fc-bc26-4b2c-9646-fa317842c2cb,3895074,172,14.79775344531929,905630712,1674478600,1674936500,1781213936005-1
s2sf12j2_redis_rep2_20260611_223851,redis,s2sf12j2_redis_rep2_20260611_223851,7023ff3e-dd3c-47a0-b743-ea5bedfdc502,3895074,172,14.79775344531929,905630712,1675067500,1675684800,1781213936006-0
s2sf12j2_redis_rep2_20260611_223851,redis,s2sf12j2_redis_rep2_20260611_223851,fb712513-b992-4a5c-8a59-43f670f391d7,3895074,172,14.79775344531929,905630712,1675781200,1676319800,1781213936007-0
s2sf12j2_redis_rep2_20260611_223851,redis,s2sf12j2_redis_rep2_20260611_223851,d913e425-9576-4a3d-9cfa-9644dc4fe9cd,3895060,172,16.082702728353226,916338622,1676422100,1676915900,1781213936007-1
s2sf12j2_redis_rep2_20260611_223851,redis,s2sf12j2_redis_rep2_20260611_223851,07f21132-1269-4363-b9c5-82850ad32d7a,3895060,172,16.082702728353226,916338622,1677040500,1677575600,1781213936008-0
s2sf12j2_redis_rep2_20260611_223851,redis,s2sf12j2_redis_rep2_20260611_223851,e0806731-5ca1-42b9-9333-560ee6c98f92,3895074,173,14.88108677865262,906325156,1677667400,1678239200,1781213936008-1
s2sf12j2_redis_rep2_20260611_223851,redis,s2sf12j2_redis_rep2_20260611_223851,c65aa53d-0626-471c-a5b6-84d20106beb3,3895074,173,14.88108677865262,906325156,1678333100,1678791600,1781213936009-0
s2sf12j2_redis_rep2_20260611_223851,redis,s2sf12j2_redis_rep2_20260611_223851,d62d62b7-c9b1-40eb-a2bc-3f2316e75eab,3895060,173,16.166036061686558,917033067,1678875900,1679313900,1781213936010-0
s2sf12j2_redis_rep2_20260611_223851,redis,s2sf12j2_redis_rep2_20260611_223851,7fddb002-d5be-4ebe-bf94-fe7788dbdfc0,3895074,173,14.88108677865262,906325156,1679621300,1680156300,1781213936010-1
s2sf12j2_redis_rep2_20260611_223851,redis,s2sf12j2_redis_rep2_20260611_223851,a3efd64b-b9cf-4006-bcaa-9e1f8901b94f,3895121,173,14.105079741431808,899858431,1680238300,1680798900,1781213936011-0
s2sf12j2_redis_rep2_20260611_223851,redis,s2sf12j2_redis_rep2_20260611_223851,89a8bd74-951e-4c23-a496-04913466501f,3895074,174,14.964420111985955,907019600,1680877600,1681475600,1781213936012-0
s2sf12j2_redis_rep2_20260611_223851,redis,s2sf12j2_redis_rep2_20260611_223851,783d3a7a-3b92-4938-bdb9-017b63dce520,3895107,174,13.510884587648365,894906804,1681589700,1682162700,1781213936012-1
s2sf12j2_redis_rep2_20260611_223851,redis,s2sf12j2_redis_rep2_20260611_223851,aad1f066-8c65-4501-9be3-dcab671ca4aa,3895107,174,13.510884587648365,894906804,1682243800,1682865000,1781213936013-0
s2sf12j2_redis_rep2_20260611_223851,redis,s2sf12j2_redis_rep2_20260611_223851,6ca7316a-a6e3-4712-a46d-6b62b5fcbe20,3895107,174,13.510884587648365,894906804,1683055100,1683671500,1781213936014-0
s2sf12j2_redis_rep2_20260611_223851,redis,s2sf12j2_redis_rep2_20260611_223851,5b545131-098f-4250-8597-eaadd9de2def,3895113,174,13.03864581702246,890971481,1683773400,1684259100,1781213936014-1
s2sf12j2_redis_rep2_20260611_223851,redis,s2sf12j2_redis_rep2_20260611_223851,6938e47e-7ab0-40be-a612-0fe4c4455675,3895060,175,16.332702728353226,918421956,1684384700,1684931100,1781213936015-0
s2sf12j2_redis_rep2_20260611_223851,redis,s2sf12j2_redis_rep2_20260611_223851,ea1dc8a1-49ca-4f7e-abb5-531b27311736,3895060,175,16.332702728353226,918421956,1685061600,1685616800,1781213936016-0
s2sf12j2_redis_rep2_20260611_223851,redis,s2sf12j2_redis_rep2_20260611_223851,8f0fb135-64ca-4757-bca3-ba1087b603b4,3895121,175,14.271746408098474,901247320,1685722200,1686275100,1781213936016-1
s2sf12j2_redis_rep2_20260611_223851,redis,s2sf12j2_redis_rep2_20260611_223851,e5a09532-5dfc-49cd-af7b-898a2bcd2e54,3895121,175,14.271746408098474,901247320,1686374600,1686855100,1781213936017-0
s2sf12j2_redis_rep2_20260611_223851,redis,s2sf12j2_redis_rep2_20260611_223851,1d5f5ff9-6eb3-47d2-ab94-85adf59fd095,3895134,175,13.975146580694094,898775654,1686953000,1687515000,1781213936018-0
s2sf12j2_redis_rep2_20260611_223851,redis,s2sf12j2_redis_rep2_20260611_223851,762f5b17-d49b-4cb0-9c76-be2cccc17fca,3895113,175,13.121979150355791,891665926,1687657300,1688252000,1781213936018-1
s2sf12j2_redis_rep2_20260611_223851,redis,s2sf12j2_redis_rep2_20260611_223851,9c77d678-e3ff-4aec-8c04-be1d37d4e3bc,3895113,175,13.121979150355791,891665926,1688357300,1689002100,1781213936019-0
s2sf12j2_redis_rep2_20260611_223851,redis,s2sf12j2_redis_rep2_20260611_223851,5a0d418d-7511-405c-ba51-15fb7e282758,3895074,176,15.13108677865262,908408489,1689161000,1689790500,1781213936020-0
s2sf12j2_redis_rep2_20260611_223851,redis,s2sf12j2_redis_rep2_20260611_223851,28304a25-17b2-4ae7-9a8e-35e91168ca28,3895060,176,16.416036061686558,919116400,1689890900,1690392600,1781213936021-0
s2sf12j2_redis_rep2_20260611_223851,redis,s2sf12j2_redis_rep2_20260611_223851,c9c0e8eb-83e5-44b4-8c93-9a711bf73577,3895074,176,15.13108677865262,908408489,1690486400,1691017500,1781213936021-1
s2sf12j2_redis_rep2_20260611_223851,redis,s2sf12j2_redis_rep2_20260611_223851,d6bac1a1-39d6-4af3-a612-6c6dbf5fe3d8,3895134,176,14.058479914027426,899470099,1691112800,1691776400,1781213936022-0
s2sf12j2_redis_rep2_20260611_223851,redis,s2sf12j2_redis_rep2_20260611_223851,77a2e27b-c1ec-408b-8c68-cae94dcdc31e,3895134,176,14.058479914027426,899470099,1691871600,1692435800,1781213936023-0
s2sf12j2_redis_rep2_20260611_223851,redis,s2sf12j2_redis_rep2_20260611_223851,e9caa6e5-d4bf-41c0-b800-f8b3c52b5aa0,3895113,176,13.205312483689124,892360370,1692543100,1693136900,1781213936023-1
s2sf12j2_redis_rep2_20260611_223851,redis,s2sf12j2_redis_rep2_20260611_223851,0adba78d-339a-4a8b-8bdc-ceecd0f2f935,3895060,177,16.499369395019894,919810844,1693249300,1693827700,1781213936024-0
s2sf12j2_redis_rep2_20260611_223851,redis,s2sf12j2_redis_rep2_20260611_223851,78e092bd-bb76-4223-adde-2335fd790049,3895074,177,15.214420111985955,909102934,1693926200,1694475600,1781213936025-0
s2sf12j2_redis_rep2_20260611_223851,redis,s2sf12j2_redis_rep2_20260611_223851,223a8b4d-8afa-43f7-bd56-31a2dc851ae6,3895060,177,16.499369395019894,919810844,1694579000,1695212700,1781213936025-1
s2sf12j2_redis_rep2_20260611_223851,redis,s2sf12j2_redis_rep2_20260611_223851,3500b210-b623-4528-be23-af7d1a72b381,3895121,177,14.43841307476514,902636208,1695309200,1695788300,1781213936026-0
s2sf12j2_redis_rep2_20260611_223851,redis,s2sf12j2_redis_rep2_20260611_223851,13db24a6-54a1-4128-b849-34abbfa6a033,3895134,177,14.14181324736076,900164543,1695886500,1696524600,1781213936027-0
s2sf12j2_redis_rep2_20260611_223851,redis,s2sf12j2_redis_rep2_20260611_223851,d4d24445-4bb1-4715-80a1-3c1353151ad2,3895052,177,13.794234702062036,897268055,1696622200,1697624700,1781213936028-0
s2sf12j2_redis_rep2_20260611_223851,redis,s2sf12j2_redis_rep2_20260611_223851,71814c80-6b24-462b-b190-bc0ad39356b2,3895074,178,15.29775344531929,909797378,1697746100,1698385100,1781213936029-0
s2sf12j2_redis_rep2_20260611_223851,redis,s2sf12j2_redis_rep2_20260611_223851,8aec7177-cb70-4a41-92a3-b0e6d8a8bfaa,3895121,178,14.521746408098474,903330653,1698523000,1699382700,1781213936029-1
s2sf12j2_redis_rep2_20260611_223851,redis,s2sf12j2_redis_rep2_20260611_223851,76909fce-321d-4a02-a4d2-e0450722c3e4,3895121,178,14.521746408098474,903330653,1699597200,1700208700,1781213936030-0
s2sf12j2_redis_rep2_20260611_223851,redis,s2sf12j2_redis_rep2_20260611_223851,0922375c-4057-4ee6-b465-7120e7f9c5f9,3895134,178,14.225146580694094,900858988,1700354900,1700976000,1781213936031-0
s2sf12j2_redis_rep2_20260611_223851,redis,s2sf12j2_redis_rep2_20260611_223851,d47dce2c-dd02-4dcf-91b2-8479cbf5b89f,3895134,178,14.225146580694094,900858988,1701103900,1701698900,1781213936032-0
s2sf12j2_redis_rep2_20260611_223851,redis,s2sf12j2_redis_rep2_20260611_223851,5d8be6a9-6302-4807-8a3e-a7bd66fc5a8f,3895134,178,14.225146580694094,900858988,1701856300,1702389000,1781213936033-0
s2sf12j2_redis_rep2_20260611_223851,redis,s2sf12j2_redis_rep2_20260611_223851,2900d6b5-9ef2-4be9-8129-124eb12ff304,3895052,178,13.87756803539537,897962500,1702510600,1703027100,1781213936033-1
s2sf12j2_redis_rep2_20260611_223851,redis,s2sf12j2_redis_rep2_20260611_223851,597b2297-7c29-49fa-916d-9e9f63b33be6,3895052,178,13.87756803539537,897962500,1703164300,1703727800,1781213936034-0
s2sf12j2_redis_rep2_20260611_223851,redis,s2sf12j2_redis_rep2_20260611_223851,2fc5de0a-efa3-4bd7-83a5-5b446e54cac9,3895060,179,16.666036061686558,921199733,1703872600,1704458100,1781213936035-0
s2sf12j2_redis_rep2_20260611_223851,redis,s2sf12j2_redis_rep2_20260611_223851,7535129a-5e29-4a40-a33b-c0deff6f0719,3895074,179,15.38108677865262,910491823,1704564200,1705044800,1781213936035-1
s2sf12j2_redis_rep2_20260611_223851,redis,s2sf12j2_redis_rep2_20260611_223851,9d894c83-4d3f-457c-8167-97b6db92e3f0,3895074,179,15.38108677865262,910491823,1705157500,1705720200,1781213936036-0
s2sf12j2_redis_rep2_20260611_223851,redis,s2sf12j2_redis_rep2_20260611_223851,4bdb169e-8996-4b95-8eb9-258978eec186,3895074,179,15.38108677865262,910491823,1705813300,1706291200,1781213936037-0
s2sf12j2_redis_rep2_20260611_223851,redis,s2sf12j2_redis_rep2_20260611_223851,869585ce-4495-40af-9f58-b803ab392f52,3895121,179,14.605079741431808,904025097,1706408200,1706975800,1781213936037-1
s2sf12j2_redis_rep2_20260611_223851,redis,s2sf12j2_redis_rep2_20260611_223851,485d878b-e9f1-4567-9971-3ea0580cf0d0,3895121,179,14.605079741431808,904025097,1707074300,1707688500,1781213936038-0
s2sf12j2_redis_rep2_20260611_223851,redis,s2sf12j2_redis_rep2_20260611_223851,06899416-75b6-4aa5-993c-e28e20bfb3c4,3895121,179,14.605079741431808,904025097,1707800800,1708390300,1781213936039-0
s2sf12j2_redis_rep2_20260611_223851,redis,s2sf12j2_redis_rep2_20260611_223851,5b15f1f4-1a93-422b-a54a-cc1023063d24,3895134,179,14.308479914027426,901553432,1708474700,1708995400,1781213936039-1
s2sf12j2_redis_rep2_20260611_223851,redis,s2sf12j2_redis_rep2_20260611_223851,56932336-971a-40ac-acc7-cf59075f7016,3895134,179,14.308479914027426,901553432,1709078600,1709583900,1781213936040-0
s2sf12j2_redis_rep2_20260611_223851,redis,s2sf12j2_redis_rep2_20260611_223851,c0b209ae-f457-4674-9ae3-0af7ad9f2d3f,3895134,179,14.308479914027426,901553432,1709695300,1710232300,1781213936040-1
s2sf12j2_redis_rep2_20260611_223851,redis,s2sf12j2_redis_rep2_20260611_223851,ea1bffd4-e71c-4f22-8834-874fab8dfc4f,3895052,179,13.960901368728702,898656944,1710320600,1710847800,1781213936041-0
s2sf12j2_redis_rep2_20260611_223851,redis,s2sf12j2_redis_rep2_20260611_223851,8206a12d-ac0e-44ba-b692-6a94f12012dc,3895113,179,13.455312483689124,894443704,1710937200,1711453200,1781213936042-0
s2sf12j2_redis_rep2_20260611_223851,redis,s2sf12j2_redis_rep2_20260611_223851,3f7135a5-8b43-4509-a678-389cea76fa3b,3895121,180,14.68841307476514,904719542,1711536000,1712051500,1781213936042-1
s2sf12j2_redis_rep2_20260611_223851,redis,s2sf12j2_redis_rep2_20260611_223851,8ec3c9f8-de5c-411b-8cd6-8e24c336229e,3895121,180,14.68841307476514,904719542,1712212700,1712665400,1781213936043-0
s2sf12j2_redis_rep2_20260611_223851,redis,s2sf12j2_redis_rep2_20260611_223851,120cb6f0-3272-4776-bf35-fcf9b9aaad6c,3895134,180,14.39181324736076,902247877,1712778800,1713348900,1781213936044-0
s2sf12j2_redis_rep2_20260611_223851,redis,s2sf12j2_redis_rep2_20260611_223851,042baed2-4954-4e1c-9809-b45f3dac9ed8,3895134,180,14.39181324736076,902247877,1713442100,1713888900,1781213936044-1
s2sf12j2_redis_rep2_20260611_223851,redis,s2sf12j2_redis_rep2_20260611_223851,f998a84a-8533-4e54-850c-88e4a0db962e,3895074,181,15.54775344531929,911880712,1714014700,1714531700,1781213936045-0
s2sf12j2_redis_rep2_20260611_223851,redis,s2sf12j2_redis_rep2_20260611_223851,5362c702-2c5d-4802-b780-2148711f7f60,3895121,181,14.771746408098474,905413986,1714625900,1715138600,1781213936045-1
s2sf12j2_redis_rep2_20260611_223851,redis,s2sf12j2_redis_rep2_20260611_223851,77cc1f9f-374d-44d5-b5af-2c3b1ecfd536,3895121,181,14.771746408098474,905413986,1715229000,1715718300,1781213936046-0
s2sf12j2_redis_rep2_20260611_223851,redis,s2sf12j2_redis_rep2_20260611_223851,a3246662-a95a-484e-87d7-9e80a6503af2,3895134,181,14.475146580694094,902942321,1715803800,1716352200,1781213936047-0
s2sf12j2_redis_rep2_20260611_223851,redis,s2sf12j2_redis_rep2_20260611_223851,3d09929e-e60f-480a-b4f0-43b30e530c8e,3895134,181,14.475146580694094,902942321,1716434300,1717010100,1781213936047-1
s2sf12j2_redis_rep2_20260611_223851,redis,s2sf12j2_redis_rep2_20260611_223851,913157ab-1e10-4a00-8776-05d02d9dccea,3895052,181,14.12756803539537,900045833,1717130000,1717717900,1781213936048-0
s2sf12j2_redis_rep2_20260611_223851,redis,s2sf12j2_redis_rep2_20260611_223851,47f64eb4-9074-48b1-812c-830f5861ce97,3895107,181,14.094217920981698,899767916,1717805000,1718328200,1781213936049-0
s2sf12j2_redis_rep2_20260611_223851,redis,s2sf12j2_redis_rep2_20260611_223851,bbf1e609-60cb-4dcb-bd23-9ac34721002d,3895052,181,14.12756803539537,900045833,1718416800,1719018100,1781213936049-1
s2sf12j2_redis_rep2_20260611_223851,redis,s2sf12j2_redis_rep2_20260611_223851,8699603c-1d5e-452d-ba63-8b580b7f7484,3895134,182,14.558479914027426,903636765,1719100500,1719629200,1781213936050-0
s2sf12j2_redis_rep2_20260611_223851,redis,s2sf12j2_redis_rep2_20260611_223851,033da15f-211c-4323-be47-3c971cb0e9fa,3895134,182,14.558479914027426,903636765,1719716900,1720108300,1781213936050-1
s2sf12j2_redis_rep2_20260611_223851,redis,s2sf12j2_redis_rep2_20260611_223851,a03fb700-b6fc-41b3-8cc3-cc8d0ab25b50,3895052,182,14.210901368728702,900740278,1720190300,1720596400,1781213936051-0
s2sf12j2_redis_rep2_20260611_223851,redis,s2sf12j2_redis_rep2_20260611_223851,de6d4bb5-8abc-4d0d-a036-80274fc3c4f9,3895060,183,16.999369395019894,923977511,1720674900,1721134600,1781213936051-1
s2sf12j2_redis_rep2_20260611_223851,redis,s2sf12j2_redis_rep2_20260611_223851,f66b0a4a-2fea-4f85-86a3-956cc2693f46,3895060,183,16.999369395019894,923977511,1721222800,1721760600,1781213936052-0
s2sf12j2_redis_rep2_20260611_223851,redis,s2sf12j2_redis_rep2_20260611_223851,e69e807d-e72f-4442-b1ea-1e86de28df50,3895074,183,15.714420111985955,913269600,1721853400,1722402200,1781213936053-0
s2sf12j2_redis_rep2_20260611_223851,redis,s2sf12j2_redis_rep2_20260611_223851,cb6fbffa-59d1-43d8-af07-26ed640e156b,3895074,183,15.714420111985955,913269600,1722490600,1723000400,1781213936053-1
s2sf12j2_redis_rep2_20260611_223851,redis,s2sf12j2_redis_rep2_20260611_223851,faf714f7-96d7-4bb0-946c-870eda612625,3895074,183,15.714420111985955,913269600,1723086200,1723602900,1781213936054-0
s2sf12j2_redis_rep2_20260611_223851,redis,s2sf12j2_redis_rep2_20260611_223851,ce15aad7-cb49-40f2-bbae-d11549fc88e6,3895074,183,15.714420111985955,913269600,1723688800,1724170000,1781213936054-1
s2sf12j2_redis_rep2_20260611_223851,redis,s2sf12j2_redis_rep2_20260611_223851,5d1af995-e716-4c97-9756-592811556791,3895134,183,14.64181324736076,904331210,1724253600,1724808200,1781213936055-0
s2sf12j2_redis_rep2_20260611_223851,redis,s2sf12j2_redis_rep2_20260611_223851,37dd2a6a-d230-47b3-9d90-f9e9e7b9a034,3895107,183,14.260884587648365,901156804,1724889900,1725418300,1781213936056-0
s2sf12j2_redis_rep2_20260611_223851,redis,s2sf12j2_redis_rep2_20260611_223851,f9520e9a-fd27-4d3f-87aa-f0181c84be32,3895107,183,14.260884587648365,901156804,1725497100,1725975900,1781213936056-1
s2sf12j2_redis_rep2_20260611_223851,redis,s2sf12j2_redis_rep2_20260611_223851,0e89f84c-3893-44a1-8e90-35ad8cd4e274,3895052,183,14.294234702062036,901434722,1726054700,1726548700,1781213936057-0
s2sf12j2_redis_rep2_20260611_223851,redis,s2sf12j2_redis_rep2_20260611_223851,1dcf02eb-a16c-4fdd-807b-6578767dcde6,3895052,183,14.294234702062036,901434722,1726655800,1727081100,1781213936057-1
s2sf12j2_redis_rep2_20260611_223851,redis,s2sf12j2_redis_rep2_20260611_223851,4bbfa33a-6196-4d90-b3d7-378353d1a5bf,3895052,183,14.294234702062036,901434722,1727159200,1727660000,1781213936058-0
s2sf12j2_redis_rep2_20260611_223851,redis,s2sf12j2_redis_rep2_20260611_223851,fea932e4-e337-47ad-ad83-3818b34221af,3895134,184,14.725146580694094,905025654,1727745800,1728258100,1781213936058-1
s2sf12j2_redis_rep2_20260611_223851,redis,s2sf12j2_redis_rep2_20260611_223851,d5d5314a-1da7-4e7d-a6a5-059c291da52f,3895134,184,14.725146580694094,905025654,1728339700,1729080400,1781213936059-0
s2sf12j2_redis_rep2_20260611_223851,redis,s2sf12j2_redis_rep2_20260611_223851,fb0609bc-47f9-4985-896f-a398902b902f,3895134,184,14.725146580694094,905025654,1729186700,1729933200,1781213936060-0
s2sf12j2_redis_rep2_20260611_223851,redis,s2sf12j2_redis_rep2_20260611_223851,0d6fb29c-0f27-4915-adc6-b147b114a211,3895052,184,14.37756803539537,902129166,1730076900,1730576000,1781213936061-0
s2sf12j2_redis_rep2_20260611_223851,redis,s2sf12j2_redis_rep2_20260611_223851,47df7d7c-b0ee-4556-84b0-cf8d559b3d46,3895052,184,14.37756803539537,902129166,1730689300,1731162400,1781213936061-1
s2sf12j2_redis_rep2_20260611_223851,redis,s2sf12j2_redis_rep2_20260611_223851,34a96107-d3d3-4f1e-b3b0-ab8489dfe611,3895060,185,17.166036061686558,925366400,1731265900,1731751300,1781213936062-0
s2sf12j2_redis_rep2_20260611_223851,redis,s2sf12j2_redis_rep2_20260611_223851,c082b06e-6ae3-427f-9f8f-ba08b12a6a7c,3895074,185,15.88108677865262,914658489,1731858400,1732542000,1781213936063-0
s2sf12j2_redis_rep2_20260611_223851,redis,s2sf12j2_redis_rep2_20260611_223851,62af821c-cd3b-4909-be9f-4807d93603ed,3895074,185,15.88108677865262,914658489,1732653100,1733212800,1781213936063-1
s2sf12j2_redis_rep2_20260611_223851,redis,s2sf12j2_redis_rep2_20260611_223851,c55df33e-9010-4ba0-84f3-e3f8f8d158ae,3895074,185,15.88108677865262,914658489,1733341100,1733861100,1781213936064-0
s2sf12j2_redis_rep2_20260611_223851,redis,s2sf12j2_redis_rep2_20260611_223851,a71a1b4a-7e45-40ea-81ce-964334bd6e3c,3895107,185,14.42755125431503,902545693,1733979700,1734438000,1781213936065-0
s2sf12j2_redis_rep2_20260611_223851,redis,s2sf12j2_redis_rep2_20260611_223851,e39de799-4748-4e0d-a6e0-25f7d7f57162,3895134,185,14.808479914027426,905720099,1734531900,1735030900,1781213936065-1
s2sf12j2_redis_rep2_20260611_223851,redis,s2sf12j2_redis_rep2_20260611_223851,524bc892-d68d-4cf9-b02a-0787fd126e38,3895134,185,14.808479914027426,905720099,1735122500,1735722500,1781213936066-0
s2sf12j2_redis_rep2_20260611_223851,redis,s2sf12j2_redis_rep2_20260611_223851,62aa8f50-6358-4415-9cb0-f8b81c7178a9,3895052,185,14.460901368728702,902823611,1735818200,1736404200,1781213936067-0
s2sf12j2_redis_rep2_20260611_223851,redis,s2sf12j2_redis_rep2_20260611_223851,1899ac70-f6a1-4518-aca7-c464e4ef3b58,3895052,185,14.460901368728702,902823611,1736488000,1736996000,1781213936067-1
s2sf12j2_redis_rep2_20260611_223851,redis,s2sf12j2_redis_rep2_20260611_223851,1d789953-bbff-429f-8065-cc2ce1765444,3895052,185,14.460901368728702,902823611,1737076500,1737544300,1781213936068-0
s2sf12j2_redis_rep2_20260611_223851,redis,s2sf12j2_redis_rep2_20260611_223851,0ac53c63-d58c-46ac-a821-b050a0a98d60,3895060,186,17.249369395019894,926060844,1737624300,1738066900,1781213936068-1
s2sf12j2_redis_rep2_20260611_223851,redis,s2sf12j2_redis_rep2_20260611_223851,9d8f9c0b-27a7-450d-8a63-942f4e7465ce,3895086,186,15.16360446230406,908679470,1738195000,1738659800,1781213936069-0
s2sf12j2_redis_rep2_20260611_223851,redis,s2sf12j2_redis_rep2_20260611_223851,60d44227-9fec-437c-b4e6-19fb293401bb,3895107,186,14.510884587648365,903240138,1738742100,1739227800,1781213936069-1
s2sf12j2_redis_rep2_20260611_223851,redis,s2sf12j2_redis_rep2_20260611_223851,b12611f3-8156-482e-8f7b-043bc58a90e6,3895107,186,14.510884587648365,903240138,1739346900,1739863800,1781213936070-0
s2sf12j2_redis_rep2_20260611_223851,redis,s2sf12j2_redis_rep2_20260611_223851,ecc8b373-48a6-4b0a-94be-0731542bde3c,3895107,186,14.510884587648365,903240138,1739952500,1740486400,1781213936071-0
s2sf12j2_redis_rep2_20260611_223851,redis,s2sf12j2_redis_rep2_20260611_223851,7aadb2ca-9337-41dd-b89f-4968b2a26ee4,3895107,186,14.510884587648365,903240138,1740567500,1741083600,1781213936071-1
s2sf12j2_redis_rep2_20260611_223851,redis,s2sf12j2_redis_rep2_20260611_223851,1ad589a2-1a0e-45b1-81c8-40e910942f57,3895060,187,17.332702728353226,926755289,1741164700,1741736600,1781213936072-0
s2sf12j2_redis_rep2_20260611_223851,redis,s2sf12j2_redis_rep2_20260611_223851,494b9925-7d7f-4a7e-b8f0-4c25a10c56e8,3895086,187,15.246937795637397,909373914,1741838500,1742301300,1781213936073-0
s2sf12j2_redis_rep2_20260611_223851,redis,s2sf12j2_redis_rep2_20260611_223851,3fc328fb-1e2b-4f54-a60c-104f38eed19d,3895086,187,15.246937795637397,909373914,1742379000,1742914100,1781213936073-1
s2sf12j2_redis_rep2_20260611_223851,redis,s2sf12j2_redis_rep2_20260611_223851,49209fa5-8cee-46b0-a499-274fd879e505,3895134,187,14.975146580694094,907108988,1742995600,1743488500,1781213936074-0
s2sf12j2_redis_rep2_20260611_223851,redis,s2sf12j2_redis_rep2_20260611_223851,b2166754-b7ae-486a-b12d-6308ea1e33d7,3895134,187,14.975146580694094,907108988,1743570300,1744054700,1781213936074-1
s2sf12j2_redis_rep2_20260611_223851,redis,s2sf12j2_redis_rep2_20260611_223851,376b42bf-1a33-4044-856a-f88a7340a55c,3895107,187,14.594217920981698,903934582,1744136900,1744611800,1781213936075-0
s2sf12j2_redis_rep2_20260611_223851,redis,s2sf12j2_redis_rep2_20260611_223851,48dfe5a6-7eb8-4602-bc7a-5ca891d73fe7,3895107,187,14.594217920981698,903934582,1744695900,1745378700,1781213936075-1
s2sf12j2_redis_rep2_20260611_223851,redis,s2sf12j2_redis_rep2_20260611_223851,7ee1d890-8ec6-421f-84d2-54a965ff02ed,3895060,188,17.416036061686558,927449733,1745595900,1746176100,1781213936076-0
s2sf12j2_redis_rep2_20260611_223851,redis,s2sf12j2_redis_rep2_20260611_223851,63153436-ac3b-42f1-bf7e-e1bd83372d4a,3895074,188,16.13108677865262,916741823,1746302300,1746888300,1781213936077-0
s2sf12j2_redis_rep2_20260611_223851,redis,s2sf12j2_redis_rep2_20260611_223851,71f1e5f4-8f73-4835-9190-c44322320aed,3895074,188,16.13108677865262,916741823,1747040600,1747662700,1781213936078-0
s2sf12j2_redis_rep2_20260611_223851,redis,s2sf12j2_redis_rep2_20260611_223851,0706ab72-4122-4fa9-a83a-04e7ab2e07f8,3895074,188,16.13108677865262,916741823,1747796700,1748343700,1781213936079-0
s2sf12j2_redis_rep2_20260611_223851,redis,s2sf12j2_redis_rep2_20260611_223851,a33ab931-78e6-48d1-8378-557e62fb8aa0,3895074,188,16.13108677865262,916741823,1748449900,1748924300,1781213936079-1
s2sf12j2_redis_rep2_20260611_223851,redis,s2sf12j2_redis_rep2_20260611_223851,b63fe24d-4d3f-4c6f-84a5-908663b7bbda,3895074,188,16.13108677865262,916741823,1749022800,1749576500,1781213936080-0
s2sf12j2_redis_rep2_20260611_223851,redis,s2sf12j2_redis_rep2_20260611_223851,bbf7befd-2733-4137-a06d-0d16f548f131,3895074,188,16.13108677865262,916741823,1749671000,1750149400,1781213936080-1
s2sf12j2_redis_rep2_20260611_223851,redis,s2sf12j2_redis_rep2_20260611_223851,52efe327-ee18-4162-81f2-0547bd07ae8d,3895074,188,16.13108677865262,916741823,1750240800,1750705000,1781213936081-0
s2sf12j2_redis_rep2_20260611_223851,redis,s2sf12j2_redis_rep2_20260611_223851,0a955c70-1a49-400d-a820-9802dd203db3,3895134,188,15.058479914027426,907803432,1750792600,1751415100,1781213936082-0
s2sf12j2_redis_rep2_20260611_223851,redis,s2sf12j2_redis_rep2_20260611_223851,fa29dcff-ef57-4c61-83ad-3a7aa8bde055,3895134,188,15.058479914027426,907803432,1751533300,1752034400,1781213936082-1
s2sf12j2_redis_rep2_20260611_223851,redis,s2sf12j2_redis_rep2_20260611_223851,9153370f-3422-43d8-add3-8551c690e687,3895107,188,14.67755125431503,904629027,1752122300,1752607300,1781213936083-0
s2sf12j2_redis_rep2_20260611_223851,redis,s2sf12j2_redis_rep2_20260611_223851,580e89d7-b7d7-4fc1-a667-4ecf187c2534,3895052,188,14.710901368728702,904906944,1752708000,1753222000,1781213936083-1
s2sf12j2_redis_rep2_20260611_223851,redis,s2sf12j2_redis_rep2_20260611_223851,02653ad5-13a2-4bbe-a624-f1b6eebde0b5,3895052,188,14.710901368728702,904906944,1753318800,1753829200,1781213936084-0
s2sf12j2_redis_rep2_20260611_223851,redis,s2sf12j2_redis_rep2_20260611_223851,ddce2c99-b9aa-4b00-a4e2-733e446ea69f,3895052,188,14.710901368728702,904906944,1753916000,1754413900,1781213936085-0
s2sf12j2_redis_rep2_20260611_223851,redis,s2sf12j2_redis_rep2_20260611_223851,420d9b6c-74f3-4e4d-87f9-ed8e63ed247a,3895060,189,17.499369395019894,928144178,1754528900,1755030000,1781213936085-1
s2sf12j2_redis_rep2_20260611_223851,redis,s2sf12j2_redis_rep2_20260611_223851,0cfd5fbc-4767-4a50-91d8-8def2fd4ebc6,3895060,189,17.499369395019894,928144178,1755113900,1755682600,1781213936086-0
s2sf12j2_redis_rep2_20260611_223851,redis,s2sf12j2_redis_rep2_20260611_223851,8e6de0e3-d843-41cd-a76f-99c0f554aa5c,3895074,189,16.214420111985955,917436267,1755776800,1756334100,1781213936086-1
s2sf12j2_redis_rep2_20260611_223851,redis,s2sf12j2_redis_rep2_20260611_223851,0d226589-4fa8-4c69-b65a-3994c87f73f5,3895134,189,15.14181324736076,908497877,1756425400,1756966900,1781213936087-0
s2sf12j2_redis_rep2_20260611_223851,redis,s2sf12j2_redis_rep2_20260611_223851,6fca92a8-e991-4654-9814-abeb7b776cfe,3895107,189,14.760884587648365,905323471,1757058000,1757702700,1781213936088-0
s2sf12j2_redis_rep2_20260611_223851,redis,s2sf12j2_redis_rep2_20260611_223851,9e28ecd7-6d78-4a4f-870a-a816a8637dcf,3895107,189,14.760884587648365,905323471,1757798800,1758332900,1781213936089-0
s2sf12j2_redis_rep2_20260611_223851,redis,s2sf12j2_redis_rep2_20260611_223851,e64c2984-9c76-4d33-b46a-1834767226eb,3895060,190,17.582702728353226,928838622,1758483000,1759021700,1781213936089-1
s2sf12j2_redis_rep2_20260611_223851,redis,s2sf12j2_redis_rep2_20260611_223851,ddf1d26b-7930-4093-ae79-70840b6fbd1f,3895060,190,17.582702728353226,928838622,1759105800,1759639600,1781213936090-0
s2sf12j2_redis_rep2_20260611_223851,redis,s2sf12j2_redis_rep2_20260611_223851,4a46f522-67d3-4549-b152-4c311ebaa333,3895074,190,16.297753445319287,918130712,1759720000,1760191400,1781213936090-1
s2sf12j2_redis_rep2_20260611_223851,redis,s2sf12j2_redis_rep2_20260611_223851,dc2f4494-778f-4de7-91cb-4cb3dbb5af6a,3895121,190,15.521746408098474,911663986,1760298300,1761071200,1781213936091-0
s2sf12j2_redis_rep2_20260611_223851,redis,s2sf12j2_redis_rep2_20260611_223851,23a3e1e8-7679-4bf7-920e-8ad00c6c47c4,3895074,190,16.297753445319287,918130712,1761268000,1761863500,1781213936092-0
s2sf12j2_redis_rep2_20260611_223851,redis,s2sf12j2_redis_rep2_20260611_223851,269cc203-cdca-428b-85c1-c223a4039acb,3895134,190,15.225146580694094,909192321,1761996500,1762587300,1781213936093-0
s2sf12j2_redis_rep2_20260611_223851,redis,s2sf12j2_redis_rep2_20260611_223851,9cfde221-cd4a-47a3-8127-5746d79a42fd,3895134,190,15.225146580694094,909192321,1762734100,1763341000,1781213936094-0
s2sf12j2_redis_rep2_20260611_223851,redis,s2sf12j2_redis_rep2_20260611_223851,2d4f5aa2-50a7-441f-9e21-8af732fbff55,3895052,190,14.87756803539537,906295833,1763492400,1764115300,1781213936094-1
s2sf12j2_redis_rep2_20260611_223851,redis,s2sf12j2_redis_rep2_20260611_223851,d23d9dca-6443-465b-990a-5f727f37fb4d,3895052,190,14.87756803539537,906295833,1764236700,1764701100,1781213936095-0
s2sf12j2_redis_rep2_20260611_223851,redis,s2sf12j2_redis_rep2_20260611_223851,da740118-c2d3-48d1-ba3d-e86632ea06db,3895052,190,14.87756803539537,906295833,1764811500,1765309900,1781213936096-0
s2sf12j2_redis_rep2_20260611_223851,redis,s2sf12j2_redis_rep2_20260611_223851,34d82d40-22e7-4f4d-b3d0-5f9a88860924,3895052,190,14.87756803539537,906295833,1765528100,1766184400,1781213936096-1
s2sf12j2_redis_rep2_20260611_223851,redis,s2sf12j2_redis_rep2_20260611_223851,7654dee9-f339-44ce-af78-1cc206483618,3895113,190,14.371979150355791,902082592,1766284600,1766767400,1781213936097-0
s2sf12j2_redis_rep2_20260611_223851,redis,s2sf12j2_redis_rep2_20260611_223851,8c83658d-4aba-4eba-bb77-5c21d3558273,3895067,191,14.526567878228274,903370832,1766858500,1767308600,1781213936098-0
s2sf12j2_redis_rep2_20260611_223851,redis,s2sf12j2_redis_rep2_20260611_223851,d4ef0347-1d83-466c-ab0b-de30eacd70a4,3895121,191,15.605079741431808,912358431,1767392100,1767952000,1781213936098-1
s2sf12j2_redis_rep2_20260611_223851,redis,s2sf12j2_redis_rep2_20260611_223851,d601a651-0860-4ee7-8858-cbed02a392c0,3895074,191,16.38108677865262,918825156,1768076800,1768752200,1781213936099-0
s2sf12j2_redis_rep2_20260611_223851,redis,s2sf12j2_redis_rep2_20260611_223851,79e47339-3da8-4edc-83eb-c84c56515fe4,3895121,191,15.605079741431808,912358431,1768928000,1769530700,1781213936100-0
s2sf12j2_redis_rep2_20260611_223851,redis,s2sf12j2_redis_rep2_20260611_223851,99e0c535-eb27-4263-bf0d-fd14f94b5f6b,3895086,191,15.580271128970727,912151692,1769630300,1770286300,1781213936100-1
s2sf12j2_redis_rep2_20260611_223851,redis,s2sf12j2_redis_rep2_20260611_223851,bb4b1cf5-00eb-402d-9e5a-9fe9c614eecf,3895086,191,15.580271128970727,912151692,1770399500,1770970400,1781213936101-0
s2sf12j2_redis_rep2_20260611_223851,redis,s2sf12j2_redis_rep2_20260611_223851,1524c3ef-8a3e-4b17-9034-f3a92d574a83,3895086,191,15.580271128970727,912151692,1771074400,1771543600,1781213936102-0
s2sf12j2_redis_rep2_20260611_223851,redis,s2sf12j2_redis_rep2_20260611_223851,67b25810-34b8-4834-9553-fc990e5f8abb,3895086,191,15.580271128970727,912151692,1771641400,1772249400,1781213936102-1
s2sf12j2_redis_rep2_20260611_223851,redis,s2sf12j2_redis_rep2_20260611_223851,888d9d49-1498-40d0-9595-94bbe1717dc6,3895134,191,15.308479914027426,909886765,1772364900,1772999300,1781213936103-0
s2sf12j2_redis_rep2_20260611_223851,redis,s2sf12j2_redis_rep2_20260611_223851,f2d854d8-0c80-4f3a-b513-da2f9d2193c0,3895107,191,14.92755125431503,906712360,1773105800,1773678100,1781213936104-0
s2sf12j2_redis_rep2_20260611_223851,redis,s2sf12j2_redis_rep2_20260611_223851,c084ba35-530f-4dc0-a855-f9084b33bf98,3895107,191,14.92755125431503,906712360,1773790200,1774465100,1781213936105-0
s2sf12j2_redis_rep2_20260611_223851,redis,s2sf12j2_redis_rep2_20260611_223851,780261b4-a187-46bb-8369-6c70391fa578,3895052,191,14.960901368728702,906990278,1774574900,1775386100,1781213936106-0
s2sf12j2_redis_rep2_20260611_223851,redis,s2sf12j2_redis_rep2_20260611_223851,5583139b-aaef-4d91-bbb9-08100da01eed,3895052,191,14.960901368728702,906990278,1775491000,1776072300,1781213936106-1
s2sf12j2_redis_rep2_20260611_223851,redis,s2sf12j2_redis_rep2_20260611_223851,bcd7e29b-31b0-4852-b4d1-9d5e301c7a9f,3895060,192,17.749369395019894,930227511,1776163500,1776679700,1781213936107-0
s2sf12j2_redis_rep2_20260611_223851,redis,s2sf12j2_redis_rep2_20260611_223851,5e1aee62-2ce5-4739-b678-50fee9c7927b,3895060,192,17.749369395019894,930227511,1776779400,1777252200,1781213936108-0
s2sf12j2_redis_rep2_20260611_223851,redis,s2sf12j2_redis_rep2_20260611_223851,ce970621-1477-4475-9701-29338c5ee876,3895060,192,17.749369395019894,930227511,1777358300,1777855700,1781213936108-1
s2sf12j2_redis_rep2_20260611_223851,redis,s2sf12j2_redis_rep2_20260611_223851,09d37e36-6ff0-4354-b5d0-9da7dcab8071,3895060,192,17.749369395019894,930227511,1777946500,1778454900,1781213936109-0
s2sf12j2_redis_rep2_20260611_223851,redis,s2sf12j2_redis_rep2_20260611_223851,9ffa48a6-bcaf-4c18-b6c8-4fecebaed612,3895074,192,16.464420111985955,919519600,1778557000,1779110500,1781213936109-1
s2sf12j2_redis_rep2_20260611_223851,redis,s2sf12j2_redis_rep2_20260611_223851,49c7793b-13b9-4275-8f95-aab1dccab578,3895074,192,16.464420111985955,919519600,1779200500,1779691600,1781213936110-0
s2sf12j2_redis_rep2_20260611_223851,redis,s2sf12j2_redis_rep2_20260611_223851,5471af11-32d7-4b56-addf-d2628d1f76dd,3895074,192,16.464420111985955,919519600,1779777000,1780274500,1781213936110-1
s2sf12j2_redis_rep2_20260611_223851,redis,s2sf12j2_redis_rep2_20260611_223851,a3b7a28a-d7bb-40e3-b559-86cf9ea21258,3895074,192,16.464420111985955,919519600,1780363800,1780943400,1781213936111-0
s2sf12j2_redis_rep2_20260611_223851,redis,s2sf12j2_redis_rep2_20260611_223851,51fb4729-5504-488f-b8ac-7d9ad058eed1,3895074,193,16.547753445319287,920214045,1781076300,1781721600,1781213936112-0
s2sf12j2_redis_rep2_20260611_223851,redis,s2sf12j2_redis_rep2_20260611_223851,6989a48a-3d41-4a91-836c-f43c0cf375cd,3895086,193,15.746937795637391,913540581,1781828500,1782410600,1781213936113-0
s2sf12j2_redis_rep2_20260611_223851,redis,s2sf12j2_redis_rep2_20260611_223851,d48fe2aa-5806-4d30-be6f-8f4bf216e21d,3895086,193,15.746937795637391,913540581,1782510400,1783011000,1781213936113-1
s2sf12j2_redis_rep2_20260611_223851,redis,s2sf12j2_redis_rep2_20260611_223851,85de58e9-2b57-44f2-bd15-43c8614785e7,3895052,193,15.127568035395369,908379166,1783112900,1783849400,1781213936114-0
s2sf12j2_redis_rep2_20260611_223851,redis,s2sf12j2_redis_rep2_20260611_223851,aadb06a8-0a17-4549-9719-2ceb370973e3,3895052,193,15.127568035395369,908379166,1783948300,1784534500,1781213936115-0
s2sf12j2_redis_rep2_20260611_223851,redis,s2sf12j2_redis_rep2_20260611_223851,bf995fff-e50f-4112-bb7c-3e0f0c6f7d1a,3895060,194,17.91603606168656,931616400,1784656300,1785265400,1781213936115-1
s2sf12j2_redis_rep2_20260611_223851,redis,s2sf12j2_redis_rep2_20260611_223851,fccb18a5-ca11-44d4-88f5-489bb1d9f0d9,3895060,194,17.91603606168656,931616400,1785355600,1785889300,1781213936116-0
s2sf12j2_redis_rep2_20260611_223851,redis,s2sf12j2_redis_rep2_20260611_223851,d4d9296e-0ddd-499c-b857-b6d7d6b86b59,3895060,194,17.91603606168656,931616400,1785974100,1786579100,1781213936117-0
s2sf12j2_redis_rep2_20260611_223851,redis,s2sf12j2_redis_rep2_20260611_223851,34375f53-3e60-42ff-911f-c1ac08b123a0,3895060,194,17.91603606168656,931616400,1786661900,1787272500,1781213936117-1
s2sf12j2_redis_rep2_20260611_223851,redis,s2sf12j2_redis_rep2_20260611_223851,4cdf55ed-0511-4c71-a946-2d976f831af4,3895074,194,16.631086778652623,920908489,1787386600,1787949200,1781213936118-0
s2sf12j2_redis_rep2_20260611_223851,redis,s2sf12j2_redis_rep2_20260611_223851,f3ca3ab8-c52c-433b-89ca-df862dacd4a9,3895074,194,16.631086778652623,920908489,1788031000,1788491600,1781213936119-0
s2sf12j2_redis_rep2_20260611_223851,redis,s2sf12j2_redis_rep2_20260611_223851,c8996301-8ac1-4228-9119-e8f2770ba2a7,3895086,194,15.830271128970727,914235026,1788577800,1789166200,1781213936119-1
s2sf12j2_redis_rep2_20260611_223851,redis,s2sf12j2_redis_rep2_20260611_223851,6c046b96-5365-47af-8c54-5b65043428ba,3895134,194,15.558479914027428,911970099,1789285900,1789893900,1781213936120-0
s2sf12j2_redis_rep2_20260611_223851,redis,s2sf12j2_redis_rep2_20260611_223851,e1bb5abd-6fb8-450f-a34c-87cda38464f4,3895134,194,15.558479914027428,911970099,1790008500,1790579700,1781213936121-0
s2sf12j2_redis_rep2_20260611_223851,redis,s2sf12j2_redis_rep2_20260611_223851,4eb4d402-5669-4cdb-81db-1271d5448f1b,3895121,195,15.93841307476514,915136208,1790689100,1791301700,1781213936121-1
s2sf12j2_redis_rep2_20260611_223851,redis,s2sf12j2_redis_rep2_20260611_223851,68363c21-b66c-4d7e-929f-08e887bd47f7,3895086,195,15.91360446230406,914929470,1791413900,1791993700,1781213936122-0
s2sf12j2_redis_rep2_20260611_223851,redis,s2sf12j2_redis_rep2_20260611_223851,256471d2-953b-47a0-a298-8249ef937d29,3895107,195,15.260884587648365,909490138,1792071800,1792545000,1781213936123-0
s2sf12j2_redis_rep2_20260611_223851,redis,s2sf12j2_redis_rep2_20260611_223851,52c222f2-f353-4607-a328-9be49e3d9965,3895134,195,15.64181324736076,912664543,1792692300,1793359000,1781213936123-1
s2sf12j2_redis_rep2_20260611_223851,redis,s2sf12j2_redis_rep2_20260611_223851,e50641a4-5a4d-4f8f-a211-f51cc720fc0f,3895060,196,18.082702728353222,933005289,1793531600,1794094200,1781213936124-0
s2sf12j2_redis_rep2_20260611_223851,redis,s2sf12j2_redis_rep2_20260611_223851,38928839-e8dd-4582-92f7-2522f531fe61,3895121,196,16.021746408098473,915830653,1794272400,1794948900,1781213936125-0
s2sf12j2_redis_rep2_20260611_223851,redis,s2sf12j2_redis_rep2_20260611_223851,a00e2921-98ee-4756-a5b2-79066976df67,3895121,196,16.021746408098473,915830653,1795089000,1795599300,1781213936126-0
s2sf12j2_redis_rep2_20260611_223851,redis,s2sf12j2_redis_rep2_20260611_223851,d42811d8-2083-42e6-87e5-64cedfcec80d,3895074,196,16.797753445319287,922297378,1795719500,1796320500,1781213936126-1
s2sf12j2_redis_rep2_20260611_223851,redis,s2sf12j2_redis_rep2_20260611_223851,49492208-3361-4ecd-af09-afade83b8dec,3895086,196,15.996937795637391,915623914,1796444700,1797092900,1781213936127-0
s2sf12j2_redis_rep2_20260611_223851,redis,s2sf12j2_redis_rep2_20260611_223851,971ee027-fe01-459a-9207-08bd6c8f8d67,3895086,196,15.996937795637391,915623914,1797215100,1797830700,1781213936128-0
s2sf12j2_redis_rep2_20260611_223851,redis,s2sf12j2_redis_rep2_20260611_223851,446af2b6-1103-4b51-8dd1-03eda19f2798,3895086,196,15.996937795637391,915623914,1797985900,1798608300,1781213936129-0
s2sf12j2_redis_rep2_20260611_223851,redis,s2sf12j2_redis_rep2_20260611_223851,a5b88451-ad44-4809-a52a-f2cce2822d77,3895052,196,15.377568035395369,910462500,1798720900,1799216700,1781213936129-1
s2sf12j2_redis_rep2_20260611_223851,redis,s2sf12j2_redis_rep2_20260611_223851,172e96be-11a1-4478-95ec-4f9abf5f4c61,3895060,197,18.16603606168656,933699733,1799329200,1799774300,1781213936130-0
s2sf12j2_redis_rep2_20260611_223851,redis,s2sf12j2_redis_rep2_20260611_223851,b01466de-7c33-4b21-a1db-536a15898d01,3895121,197,16.10507974143181,916525097,1799872800,1800318600,1781213936131-0
s2sf12j2_redis_rep2_20260611_223851,redis,s2sf12j2_redis_rep2_20260611_223851,af0da08d-c153-492c-91c2-988ff74e077b,3895121,197,16.10507974143181,916525097,1800411500,1800924100,1781213936131-1
s2sf12j2_redis_rep2_20260611_223851,redis,s2sf12j2_redis_rep2_20260611_223851,f3700bf4-0863-4684-a153-3c50060f39d0,3895121,197,16.10507974143181,916525097,1801013800,1801646800,1781213936132-0
s2sf12j2_redis_rep2_20260611_223851,redis,s2sf12j2_redis_rep2_20260611_223851,4826bc28-41b5-447a-a457-f0c3657a219f,3895074,197,16.881086778652623,922991823,1801735300,1802387900,1781213936133-0
s2sf12j2_redis_rep2_20260611_223851,redis,s2sf12j2_redis_rep2_20260611_223851,1b097b83-1c3a-46c9-9a82-dfc9f5fbed5b,3895074,197,16.881086778652623,922991823,1802480400,1803091900,1781213936133-1
s2sf12j2_redis_rep2_20260611_223851,redis,s2sf12j2_redis_rep2_20260611_223851,72dc6540-3467-4dc2-94a8-99f15d0c178b,3895086,197,16.08027112897073,916318359,1803192600,1803764400,1781213936134-0
s2sf12j2_redis_rep2_20260611_223851,redis,s2sf12j2_redis_rep2_20260611_223851,a2683d74-48e8-46ab-b383-89bf9410c32f,3895086,197,16.08027112897073,916318359,1803861800,1804348600,1781213936135-0
s2sf12j2_redis_rep2_20260611_223851,redis,s2sf12j2_redis_rep2_20260611_223851,96e66b7e-9560-4618-b22d-38dcf3ccd1e0,3895086,197,16.08027112897073,916318359,1804444300,1804960600,1781213936135-1
s2sf12j2_redis_rep2_20260611_223851,redis,s2sf12j2_redis_rep2_20260611_223851,0bd96b1d-bdc8-40ef-917c-b2dfbb9d19c9,3895086,197,16.08027112897073,916318359,1805054900,1805605500,1781213936136-0
s2sf12j2_redis_rep2_20260611_223851,redis,s2sf12j2_redis_rep2_20260611_223851,17bd02c0-9fbf-456d-8dad-1cc75beac511,3895134,197,15.808479914027428,914053432,1805699900,1806248300,1781213936136-1
s2sf12j2_redis_rep2_20260611_223851,redis,s2sf12j2_redis_rep2_20260611_223851,1a6ddb98-6cc1-4354-a590-7b65654b9892,3895134,197,15.808479914027428,914053432,1806367600,1806955000,1781213936137-0
s2sf12j2_redis_rep2_20260611_223851,redis,s2sf12j2_redis_rep2_20260611_223851,8d22c242-bb5f-40d5-ab0c-bcee0e7859cf,3895134,197,15.808479914027428,914053432,1807046100,1807683500,1781213936138-0
s2sf12j2_redis_rep2_20260611_223851,redis,s2sf12j2_redis_rep2_20260611_223851,792dbee9-5755-449b-9dd8-fdfab7f99ccd,3895052,197,15.460901368728704,911156944,1807830400,1808385400,1781213936139-0
s2sf12j2_redis_rep2_20260611_223851,redis,s2sf12j2_redis_rep2_20260611_223851,16625b7e-c911-4dbb-bd7b-b772e039684e,3895052,197,15.460901368728704,911156944,1808621000,1809196500,1781213936139-1
s2sf12j2_redis_rep2_20260611_223851,redis,s2sf12j2_redis_rep2_20260611_223851,96a7e922-31fd-4041-ab6b-5d8d9eda6545,3895121,198,16.18841307476514,917219542,1809322800,1809897200,1781213936140-0
s2sf12j2_redis_rep2_20260611_223851,redis,s2sf12j2_redis_rep2_20260611_223851,9abb84e4-f563-49c8-bbe5-00ede9f39eea,3895074,198,16.964420111985955,923686267,1810007100,1810591500,1781213936141-0
s2sf12j2_redis_rep2_20260611_223851,redis,s2sf12j2_redis_rep2_20260611_223851,c7126d77-ac10-4829-ab34-042f805ccd56,3895107,198,15.510884587648365,911573471,1810694900,1811379600,1781213936142-0
s2sf12j2_redis_rep2_20260611_223851,redis,s2sf12j2_redis_rep2_20260611_223851,2e180f15-448d-4991-b8ce-ed0fdce47a1d,3895107,198,15.510884587648365,911573471,1811516900,1812200800,1781213936142-1
s2sf12j2_redis_rep2_20260611_223851,redis,s2sf12j2_redis_rep2_20260611_223851,bbd5b60b-0ff4-4622-b031-65089b77991b,3895134,198,15.89181324736076,914747877,1812341100,1812822300,1781213936143-0
s2sf12j2_redis_rep2_20260611_223851,redis,s2sf12j2_redis_rep2_20260611_223851,d6028f98-7860-4ce1-9f61-c875e72ca303,3895134,198,15.89181324736076,914747877,1812929000,1813476300,1781213936144-0
s2sf12j2_redis_rep2_20260611_223851,redis,s2sf12j2_redis_rep2_20260611_223851,5cd65a29-d258-4f09-bd90-7c6c953a3d99,3895060,199,18.332702728353222,935088622,1813573400,1814326300,1781213936144-1
s2sf12j2_redis_rep2_20260611_223851,redis,s2sf12j2_redis_rep2_20260611_223851,3fdf134f-f466-42ce-8bf3-2f525310bce2,3895060,199,18.332702728353222,935088622,1814443800,1815034400,1781213936145-0
s2sf12j2_redis_rep2_20260611_223851,redis,s2sf12j2_redis_rep2_20260611_223851,0a83c4de-06fa-4a56-a2b3-82575cffd17b,3895121,199,16.271746408098473,917913986,1815136300,1815714800,1781213936146-0
s2sf12j2_redis_rep2_20260611_223851,redis,s2sf12j2_redis_rep2_20260611_223851,76a5e150-9453-45e0-bd0b-02d9529f074b,3895121,199,16.271746408098473,917913986,1815809500,1816321000,1781213936147-0
s2sf12j2_redis_rep2_20260611_223851,redis,s2sf12j2_redis_rep2_20260611_223851,7a16efb7-ba64-439a-b8d1-4b33341fe52b,3895121,199,16.271746408098473,917913986,1816409900,1816921400,1781213936147-1
s2sf12j2_redis_rep2_20260611_223851,redis,s2sf12j2_redis_rep2_20260611_223851,f588ffb8-c6ab-401c-afde-4b0c1a4ad974,3895074,199,17.047753445319287,924380712,1817010800,1817507300,1781213936148-0
s2sf12j2_redis_rep2_20260611_223851,redis,s2sf12j2_redis_rep2_20260611_223851,f5b1ab45-5ef6-4a25-b908-531c40ecfb17,3895074,199,17.047753445319287,924380712,1817604400,1818093200,1781213936148-1
s2sf12j2_redis_rep2_20260611_223851,redis,s2sf12j2_redis_rep2_20260611_223851,77971109-d4df-44fc-8c58-778b5f7e405e,3895074,199,17.047753445319287,924380712,1818176900,1818654400,1781213936149-0
s2sf12j2_redis_rep2_20260611_223851,redis,s2sf12j2_redis_rep2_20260611_223851,e53e034d-e4e3-4396-af9c-3789aed49e4c,3895086,199,16.246937795637393,917707248,1818737600,1819290100,1781213936149-1
s2sf12j2_redis_rep2_20260611_223851,redis,s2sf12j2_redis_rep2_20260611_223851,a648a836-f23e-407e-908c-2d74c08c5d8b,3895086,199,16.246937795637393,917707248,1819371100,1819960200,1781213936150-0
s2sf12j2_redis_rep2_20260611_223851,redis,s2sf12j2_redis_rep2_20260611_223851,e6548093-2ec3-4b32-ad9e-c13164f9eb7e,3895086,199,16.246937795637393,917707248,1820067900,1820586100,1781213936151-0
s2sf12j2_redis_rep2_20260611_223851,redis,s2sf12j2_redis_rep2_20260611_223851,c9fbb482-a1bd-4a60-99d8-4dc04495c41a,3895086,199,16.246937795637393,917707248,1820668200,1821178400,1781213936151-1
s2sf12j2_redis_rep2_20260611_223851,redis,s2sf12j2_redis_rep2_20260611_223851,44adc433-a604-4dfa-ac83-95eaa45264d3,3895086,199,16.246937795637393,917707248,1821258800,1821774100,1781213936152-0
s2sf12j2_redis_rep2_20260611_223851,redis,s2sf12j2_redis_rep2_20260611_223851,ccfcc2a4-b123-4e6f-bb1e-4204f93b1b24,3895060,200,18.41603606168656,935783067,1821861500,1822470400,1781213936153-0
s2sf12j2_redis_rep2_20260611_223851,redis,s2sf12j2_redis_rep2_20260611_223851,23f4c933-a179-42cf-980f-74eff232c2f1,3895060,200,18.41603606168656,935783067,1822623500,1823258500,1781213936153-1
s2sf12j2_redis_rep2_20260611_223851,redis,s2sf12j2_redis_rep2_20260611_223851,daf13775-c709-498f-a1b5-f6b9e146db6b,3895060,200,18.41603606168656,935783067,1823388800,1823958700,1781213936154-0
s2sf12j2_redis_rep2_20260611_223851,redis,s2sf12j2_redis_rep2_20260611_223851,7da92d0e-971c-43dd-a7f3-2511b29bd57f,3895121,200,16.35507974143181,918608431,1824067400,1824577500,1781213936155-0
s2sf12j2_redis_rep2_20260611_223851,redis,s2sf12j2_redis_rep2_20260611_223851,3adbde33-f5f6-4f4b-8ab0-7aa75bb49341,3895107,200,15.677551254315032,912962360,1824682200,1825237200,1781213936155-1
s2sf12j2_redis_rep2_20260611_223851,redis,s2sf12j2_redis_rep2_20260611_223851,f2328187-8156-42f2-97a7-2ee0ffb6a3b9,3895107,200,15.677551254315032,912962360,1825330200,1825793100,1781213936156-0
s2sf12j2_redis_rep2_20260611_223851,redis,s2sf12j2_redis_rep2_20260611_223851,bad0945f-7f75-4d9a-9ecc-997bda22be9c,3895086,200,16.33027112897073,918401692,1825883200,1826444300,1781213936157-0
s2sf12j2_redis_rep2_20260611_223851,redis,s2sf12j2_redis_rep2_20260611_223851,06e900b7-542e-477d-8696-c42d71038ca4,3895107,200,15.677551254315032,912962360,1826544200,1827072300,1781213936157-1
s2sf12j2_redis_rep2_20260611_223851,redis,s2sf12j2_redis_rep2_20260611_223851,2fd34664-260c-48de-9436-1a04d57e369d,3895134,200,16.05847991402743,916136765,1827157500,1827697800,1781213936158-0
s2sf12j2_redis_rep2_20260611_223851,redis,s2sf12j2_redis_rep2_20260611_223851,a063c968-204d-444d-ba8e-b8defaed5422,3895052,200,15.710901368728704,913240278,1827782300,1828254000,1781213936159-0
s2sf12j2_redis_rep2_20260611_223851,redis,s2sf12j2_redis_rep2_20260611_223851,1e6bcd21-4a17-4a02-8027-ef9f77b3cd2d,3895121,201,16.43841307476514,919302875,1828337500,1828887700,1781213936159-1
s2sf12j2_redis_rep2_20260611_223851,redis,s2sf12j2_redis_rep2_20260611_223851,62ea6343-6d67-40a5-bc8a-5a677b785307,3895074,201,17.214420111985955,925769600,1828997200,1829543800,1781213936160-0
s2sf12j2_redis_rep2_20260611_223851,redis,s2sf12j2_redis_rep2_20260611_223851,ee5e48bc-8faf-4832-b825-5991970ce338,3895074,201,17.214420111985955,925769600,1829658600,1830157700,1781213936160-1
s2sf12j2_redis_rep2_20260611_223851,redis,s2sf12j2_redis_rep2_20260611_223851,a91e8210-91ec-44f0-98f4-9e05c3a0fe3d,3895074,201,17.214420111985955,925769600,1830240400,1830723600,1781213936161-0
s2sf12j2_redis_rep2_20260611_223851,redis,s2sf12j2_redis_rep2_20260611_223851,0239eda8-4ff5-4d7a-bcda-1cf186225f81,3895074,201,17.214420111985955,925769600,1830802100,1831336500,1781213936161-1
s2sf12j2_redis_rep2_20260611_223851,redis,s2sf12j2_redis_rep2_20260611_223851,0995d99a-e32a-425d-8268-3a85ae939a7a,3895086,201,16.41360446230406,919096137,1831411900,1831954600,1781213936162-0
s2sf12j2_redis_rep2_20260611_223851,redis,s2sf12j2_redis_rep2_20260611_223851,e9e37024-1acc-4745-9fec-1a15723ba7a9,3895107,201,15.760884587648365,913656804,1832035300,1832490200,1781213936163-0
s2sf12j2_redis_rep2_20260611_223851,redis,s2sf12j2_redis_rep2_20260611_223851,f4da8ee3-57ce-431e-adab-2750f84a0ac2,3895086,201,16.41360446230406,919096137,1832567900,1833095800,1781213936163-1
s2sf12j2_redis_rep2_20260611_223851,redis,s2sf12j2_redis_rep2_20260611_223851,239ffa71-f8ac-430e-8b57-e1a2b538fdca,3895086,201,16.41360446230406,919096137,1833176200,1833742400,1781213936164-0
s2sf12j2_redis_rep2_20260611_223851,redis,s2sf12j2_redis_rep2_20260611_223851,6737edef-f7b9-4344-a16c-41753531e22c,3895086,201,16.41360446230406,919096137,1833855100,1834427000,1781213936165-0
s2sf12j2_redis_rep2_20260611_223851,redis,s2sf12j2_redis_rep2_20260611_223851,ba29c511-5821-4bd5-9891-5b1eeabd18d0,3895052,201,15.794234702062036,913934722,1834504200,1835061700,1781213936165-1
s2sf12j2_redis_rep2_20260611_223851,redis,s2sf12j2_redis_rep2_20260611_223851,f06ec916-de24-4b51-9778-0f0264c35cca,3895052,201,15.794234702062036,913934722,1835143900,1835645200,1781213936166-0
s2sf12j2_redis_rep2_20260611_223851,redis,s2sf12j2_redis_rep2_20260611_223851,fa6fea07-6678-424c-ad05-f279a528bd28,3895060,202,18.582702728353222,937171956,1835731300,1836233200,1781213936166-1
s2sf12j2_redis_rep2_20260611_223851,redis,s2sf12j2_redis_rep2_20260611_223851,ed6a802e-8bd2-43f0-bd58-f3bb52d354f7,3895060,202,18.582702728353222,937171956,1836318800,1836817600,1781213936167-0
s2sf12j2_redis_rep2_20260611_223851,redis,s2sf12j2_redis_rep2_20260611_223851,30056cad-6fc9-480e-9270-daebd609d4a8,3895060,202,18.582702728353222,937171956,1836931500,1837525700,1781213936168-0
s2sf12j2_redis_rep2_20260611_223851,redis,s2sf12j2_redis_rep2_20260611_223851,9ffe785f-f42b-456b-aef5-a1bc558439dc,3895121,202,16.521746408098473,919997320,1837620400,1838085100,1781213936168-1
s2sf12j2_redis_rep2_20260611_223851,redis,s2sf12j2_redis_rep2_20260611_223851,922394ef-ca71-4347-b37a-b990f0c16a4d,3895121,202,16.521746408098473,919997320,1838189100,1838766900,1781213936169-0
s2sf12j2_redis_rep2_20260611_223851,redis,s2sf12j2_redis_rep2_20260611_223851,130afcba-4b16-4de4-a0d4-ec8ebb6487c6,3895107,202,15.844217920981697,914351249,1838873000,1839521900,1781213936170-0
s2sf12j2_redis_rep2_20260611_223851,redis,s2sf12j2_redis_rep2_20260611_223851,5b85a3a5-887a-40b3-85b4-bea0b41e5148,3895134,202,16.225146580694094,917525654,1839670700,1840183100,1781213936170-1
s2sf12j2_redis_rep2_20260611_223851,redis,s2sf12j2_redis_rep2_20260611_223851,20998e8c-81f3-41ca-b066-dfe4b384009c,3895107,202,15.844217920981697,914351249,1840290500,1840745300,1781213936171-0
s2sf12j2_redis_rep2_20260611_223851,redis,s2sf12j2_redis_rep2_20260611_223851,8b72d96d-ed9a-4019-a678-f7fa7ec57707,3895134,202,16.225146580694094,917525654,1840872300,1841338000,1781213936172-0
s2sf12j2_redis_rep2_20260611_223851,redis,s2sf12j2_redis_rep2_20260611_223851,5a280f38-320a-4d59-ba8a-cb4ed45fc8ec,3895067,203,15.526567878228276,911704165,1841428500,1842046600,1781213936172-1
s2sf12j2_redis_rep2_20260611_223851,redis,s2sf12j2_redis_rep2_20260611_223851,8414b06d-1085-489c-9e8a-bb5990ee652e,3895060,203,18.66603606168656,937866400,1842146000,1842688300,1781213936173-0
s2sf12j2_redis_rep2_20260611_223851,redis,s2sf12j2_redis_rep2_20260611_223851,cc2d56f3-55b0-498b-89c6-488bb332eb26,3895107,203,15.927551254315032,915045693,1842789400,1843337400,1781213936174-0
s2sf12j2_redis_rep2_20260611_223851,redis,s2sf12j2_redis_rep2_20260611_223851,c0d373dd-6241-4116-b046-4a379fa4065b,3895134,203,16.30847991402743,918220099,1843431300,1843921200,1781213936174-1
s2sf12j2_redis_rep2_20260611_223851,redis,s2sf12j2_redis_rep2_20260611_223851,8e2f0d5f-76bc-4074-9c9c-6db01ed09340,3895067,204,15.609901211561608,912398610,1844009800,1844475200,1781213936175-0
s2sf12j2_redis_rep2_20260611_223851,redis,s2sf12j2_redis_rep2_20260611_223851,d97f0ae0-eb7e-4fcd-9920-59ce25e17182,3895067,204,15.609901211561608,912398610,1844566500,1845073800,1781213936175-1
s2sf12j2_redis_rep2_20260611_223851,redis,s2sf12j2_redis_rep2_20260611_223851,704a7634-3317-4d13-946a-2c30d8b4e2db,3895067,204,15.609901211561608,912398610,1845164300,1845702200,1781213936176-0
s2sf12j2_redis_rep2_20260611_223851,redis,s2sf12j2_redis_rep2_20260611_223851,38a4ff68-015b-423e-a8f5-6ff82897e961,3895060,204,18.74936939501989,938560844,1845791600,1846409000,1781213936177-0
s2sf12j2_redis_rep2_20260611_223851,redis,s2sf12j2_redis_rep2_20260611_223851,104a2a5f-f42f-45e3-a0be-0b607ce6ef8d,3895060,204,18.74936939501989,938560844,1846527400,1847045800,1781213936177-1
s2sf12j2_redis_rep2_20260611_223851,redis,s2sf12j2_redis_rep2_20260611_223851,0a87405c-ee48-434a-9258-ff48a830c91b,3895060,204,18.74936939501989,938560844,1847156900,1847750300,1781213936178-0
s2sf12j2_redis_rep2_20260611_223851,redis,s2sf12j2_redis_rep2_20260611_223851,795c31a8-defb-40c2-b50c-8c64e3ace87a,3895121,204,16.68841307476514,921386208,1847860100,1848658000,1781213936179-0
s2sf12j2_redis_rep2_20260611_223851,redis,s2sf12j2_redis_rep2_20260611_223851,7b2b97e5-514f-4ee7-852f-e97c2bf0ab46,3895121,204,16.68841307476514,921386208,1848771100,1849358900,1781213936180-0
s2sf12j2_redis_rep2_20260611_223851,redis,s2sf12j2_redis_rep2_20260611_223851,fddd59c2-b0a0-4602-8c9f-b01f08a4df91,3895121,204,16.68841307476514,921386208,1849525000,1850062200,1781213936180-1
s2sf12j2_redis_rep2_20260611_223851,redis,s2sf12j2_redis_rep2_20260611_223851,faa7b2e9-52ce-4f10-9f35-89d48cfcdbff,3895107,204,16.010884587648363,915740138,1850149400,1850670500,1781213936181-0
s2sf12j2_redis_rep2_20260611_223851,redis,s2sf12j2_redis_rep2_20260611_223851,18b078eb-e5e4-4ac5-9a56-e5ae180c4cde,3895107,204,16.010884587648363,915740138,1850779100,1851354000,1781213936182-0
s2sf12j2_redis_rep2_20260611_223851,redis,s2sf12j2_redis_rep2_20260611_223851,e4a00a28-311e-44fc-b9e7-a030e7f36a37,3895074,205,17.547753445319287,928547378,1851433200,1851839600,1781213936182-1
s2sf12j2_redis_rep2_20260611_223851,redis,s2sf12j2_redis_rep2_20260611_223851,f586872d-11e2-4192-8560-ca5b871d9a0d,3895086,205,16.746937795637393,921873914,1851920000,1852473500,1781213936183-0
s2sf12j2_redis_rep2_20260611_223851,redis,s2sf12j2_redis_rep2_20260611_223851,cf6f5f44-46a4-43e7-89f0-3e0871418c79,3895134,205,16.475146580694094,919608988,1852565900,1853121800,1781213936183-1
s2sf12j2_redis_rep2_20260611_223851,redis,s2sf12j2_redis_rep2_20260611_223851,6c17d90b-75bc-4b72-8b30-16eb020400c5,3895086,205,16.746937795637393,921873914,1853201000,1853780200,1781213936184-0
s2sf12j2_redis_rep2_20260611_223851,redis,s2sf12j2_redis_rep2_20260611_223851,b2990b07-2c4a-499c-ad6b-d3f86fcbf923,3895134,205,16.475146580694094,919608988,1853865700,1854319300,1781213936185-0
s2sf12j2_redis_rep2_20260611_223851,redis,s2sf12j2_redis_rep2_20260611_223851,854c2dd7-f927-4e0c-97db-cf2836aef39b,3895086,205,16.746937795637393,921873914,1854403500,1855125900,1781213936185-1
s2sf12j2_redis_rep2_20260611_223851,redis,s2sf12j2_redis_rep2_20260611_223851,469750b6-7b77-448a-a6eb-0c08c4120fb2,3895107,205,16.094217920981695,916434582,1855284300,1855847600,1781213936186-0
s2sf12j2_redis_rep2_20260611_223851,redis,s2sf12j2_redis_rep2_20260611_223851,fca572a5-4cbf-4682-b722-f491b76bbe7a,3895067,206,15.776567878228276,913787498,1855965800,1856486400,1781213936187-0
s2sf12j2_redis_rep2_20260611_223851,redis,s2sf12j2_redis_rep2_20260611_223851,730f71ea-4842-43ed-93d4-c4e8bd167f84,3895107,206,16.17755125431503,917129027,1856593600,1857158600,1781213936187-1
s2sf12j2_redis_rep2_20260611_223851,redis,s2sf12j2_redis_rep2_20260611_223851,fdfdbc2b-100b-4a25-8e40-f841713eaa5c,3895107,206,16.17755125431503,917129027,1857258400,1857765800,1781213936188-0
s2sf12j2_redis_rep2_20260611_223851,redis,s2sf12j2_redis_rep2_20260611_223851,d032e8c5-0027-4255-9ebc-8a92fe3b1428,3895107,206,16.17755125431503,917129027,1857868700,1858351000,1781213936189-0
s2sf12j2_redis_rep2_20260611_223851,redis,s2sf12j2_redis_rep2_20260611_223851,006c33a6-6491-4858-96d7-48ef5b8c5f9a,3895107,206,16.17755125431503,917129027,1858446600,1859055800,1781213936189-1
s2sf12j2_redis_rep2_20260611_223851,redis,s2sf12j2_redis_rep2_20260611_223851,5a93556c-aeea-4cf1-a648-348fcba497cc,3895074,207,17.714420111985955,929936267,1859150800,1859708000,1781213936190-0
s2sf12j2_redis_rep2_20260611_223851,redis,s2sf12j2_redis_rep2_20260611_223851,3507a2bb-88cf-4224-a566-3ccd25feb313,3895074,207,17.714420111985955,929936267,1859799800,1860305600,1781213936191-0
s2sf12j2_redis_rep2_20260611_223851,redis,s2sf12j2_redis_rep2_20260611_223851,f8bcfd72-54ce-48f9-b066-488fb1cff269,3895113,207,15.78864581702246,913888148,1860391700,1860874300,1781213936191-1
s2sf12j2_redis_rep2_20260611_223851,redis,s2sf12j2_redis_rep2_20260611_223851,0bb9b15a-2163-4b58-a1aa-b32213d88edf,3895113,207,15.78864581702246,913888148,1860959100,1861537600,1781213936192-0
s2sf12j2_redis_rep2_20260611_223851,redis,s2sf12j2_redis_rep2_20260611_223851,6a46486a-caf4-4944-9898-6c401f82df2a,3895107,207,16.260884587648363,917823471,1861638400,1862238500,1781213936192-1
s2sf12j2_redis_rep2_20260611_223851,redis,s2sf12j2_redis_rep2_20260611_223851,a869407d-c350-49ee-a923-7fc80a69164b,3895107,207,16.260884587648363,917823471,1862326200,1862987700,1781213936193-0
s2sf12j2_redis_rep2_20260611_223851,redis,s2sf12j2_redis_rep2_20260611_223851,f5cb25b6-6bac-4cf2-a23e-bf00aa9fe0a2,3895060,208,19.082702728353222,941338622,1863081700,1863841800,1781213936194-0
s2sf12j2_redis_rep2_20260611_223851,redis,s2sf12j2_redis_rep2_20260611_223851,555457d4-fdf7-4d31-ba9f-163ef1fa44cf,3895060,208,19.082702728353222,941338622,1863967300,1864540000,1781213936195-0
s2sf12j2_redis_rep2_20260611_223851,redis,s2sf12j2_redis_rep2_20260611_223851,606cbe57-a568-4e08-aa74-b89bd94f0b0d,3895074,208,17.797753445319287,930630712,1864628800,1865189300,1781213936195-1
s2sf12j2_redis_rep2_20260611_223851,redis,s2sf12j2_redis_rep2_20260611_223851,19fc26e3-e2cd-4b33-8685-6855e3cba0d0,3895113,208,15.871979150355791,914582592,1865278500,1865791300,1781213936196-0
s2sf12j2_redis_rep2_20260611_223851,redis,s2sf12j2_redis_rep2_20260611_223851,26c4a926-4865-4d01-8e8b-bac1887ad37c,3895113,208,15.871979150355791,914582592,1865876400,1866467800,1781213936197-0
s2sf12j2_redis_rep2_20260611_223851,redis,s2sf12j2_redis_rep2_20260611_223851,04599be4-bb7c-4eaf-a3ff-bf64dd1387e3,3895113,208,15.871979150355791,914582592,1866555900,1867100600,1781213936197-1
s2sf12j2_redis_rep2_20260611_223851,redis,s2sf12j2_redis_rep2_20260611_223851,9719df55-b7b8-4c59-8bff-7836593b60db,3895052,208,16.377568035395367,918795833,1867184900,1867669800,1781213936198-0
s2sf12j2_redis_rep2_20260611_223851,redis,s2sf12j2_redis_rep2_20260611_223851,b7290de5-2a10-4d8a-a1a8-0e2b15375389,3895086,208,16.996937795637393,923957248,1867749600,1868306600,1781213936199-0
s2sf12j2_redis_rep2_20260611_223851,redis,s2sf12j2_redis_rep2_20260611_223851,4258a04b-4181-4823-b873-53c15c996900,3895086,208,16.996937795637393,923957248,1868421300,1868992100,1781213936199-1
s2sf12j2_redis_rep2_20260611_223851,redis,s2sf12j2_redis_rep2_20260611_223851,4d1d6542-05df-4c99-9ee1-4fc448d04be3,3895086,208,16.996937795637393,923957248,1869082900,1869599500,1781213936200-0
s2sf12j2_redis_rep2_20260611_223851,redis,s2sf12j2_redis_rep2_20260611_223851,d64c9e2b-97e5-44a9-8b6c-f04d5a513555,3895074,209,17.881086778652623,931325156,1869685300,1870209500,1781213936200-1
s2sf12j2_redis_rep2_20260611_223851,redis,s2sf12j2_redis_rep2_20260611_223851,93fa55a4-e47d-46f3-ad8a-56d96f4f49e9,3895074,209,17.881086778652623,931325156,1870301100,1870833100,1781213936201-0
s2sf12j2_redis_rep2_20260611_223851,redis,s2sf12j2_redis_rep2_20260611_223851,4be842db-8609-483d-b4f7-44b716327f31,3895074,209,17.881086778652623,931325156,1870924000,1871421500,1781213936202-0
s2sf12j2_redis_rep2_20260611_223851,redis,s2sf12j2_redis_rep2_20260611_223851,13720ec3-e32a-441f-b0df-ff023e7b6d7a,3895113,209,15.955312483689127,915277037,1871510900,1872040900,1781213936202-1
s2sf12j2_redis_rep2_20260611_223851,redis,s2sf12j2_redis_rep2_20260611_223851,19a92bc2-a7fb-4ca4-989f-c23629388f2f,3895113,209,15.955312483689127,915277037,1872130100,1872625800,1781213936203-0
s2sf12j2_redis_rep2_20260611_223851,redis,s2sf12j2_redis_rep2_20260611_223851,b935b96c-0415-4c16-89fd-78aa77b5a5c3,3895113,209,15.955312483689127,915277037,1872718600,1873322200,1781213936203-1
s2sf12j2_redis_rep2_20260611_223851,redis,s2sf12j2_redis_rep2_20260611_223851,cdda1d46-0250-4c23-8f29-ce4dab162b4f,3895134,209,16.80847991402743,922386765,1873452000,1873946500,1781213936204-0
s2sf12j2_redis_rep2_20260611_223851,redis,s2sf12j2_redis_rep2_20260611_223851,570d413f-e9ef-4233-be62-293f256249c7,3895052,209,16.460901368728702,919490278,1874075100,1874637800,1781213936205-0
s2sf12j2_redis_rep2_20260611_223851,redis,s2sf12j2_redis_rep2_20260611_223851,5b787a90-5908-442c-948c-798530d53b46,3895052,209,16.460901368728702,919490278,1874743100,1875393400,1781213936206-0
s2sf12j2_redis_rep2_20260611_223851,redis,s2sf12j2_redis_rep2_20260611_223851,4bb1ab04-da7c-4321-9d6a-95c972ef344b,3895086,209,17.08027112897073,924651692,1875501000,1875979000,1781213936206-1
s2sf12j2_redis_rep2_20260611_223851,redis,s2sf12j2_redis_rep2_20260611_223851,97ef2d61-cf0c-471f-8a42-5bfe3262fef9,3895086,209,17.08027112897073,924651692,1876078500,1876640400,1781213936207-0
s2sf12j2_redis_rep2_20260611_223851,redis,s2sf12j2_redis_rep2_20260611_223851,9267cb15-62bc-4b7f-a3c3-c6b40cc52a6a,3895113,210,16.03864581702246,915971481,1876814500,1877439300,1781213936208-0
s2sf12j2_redis_rep2_20260611_223851,redis,s2sf12j2_redis_rep2_20260611_223851,239820ad-e7f1-40cb-a928-1cfe1679be04,3895134,210,16.89181324736076,923081210,1877541400,1877988900,1781213936208-1
s2sf12j2_redis_rep2_20260611_223851,redis,s2sf12j2_redis_rep2_20260611_223851,a2b0fac8-412f-4cb6-9667-0773efa73656,3895113,210,16.03864581702246,915971481,1878088600,1878559800,1781213936209-0
s2sf12j2_redis_rep2_20260611_223851,redis,s2sf12j2_redis_rep2_20260611_223851,f61695ae-1555-43e1-8510-28e0b90b24e6,3895134,210,16.89181324736076,923081210,1878648700,1879180000,1781213936209-1
s2sf12j2_redis_rep2_20260611_223851,redis,s2sf12j2_redis_rep2_20260611_223851,68e1846d-61ff-468c-a399-ffb99c8d7222,3895134,210,16.89181324736076,923081210,1879302800,1879796600,1781213936210-0
s2sf12j2_redis_rep2_20260611_223851,redis,s2sf12j2_redis_rep2_20260611_223851,7639e7d7-5107-41b0-8fe1-04a1f8217001,3895086,210,17.16360446230406,925346137,1879884600,1880336800,1781213936211-0
s2sf12j2_redis_rep2_20260611_223851,redis,s2sf12j2_redis_rep2_20260611_223851,b4096be6-9255-486d-85ef-fb1f82c24839,3895086,210,17.16360446230406,925346137,1880419700,1880936600,1781213936211-1
s2sf12j2_redis_rep2_20260611_223851,redis,s2sf12j2_redis_rep2_20260611_223851,9b52a8fd-9c5c-4293-8259-7ec03f352235,3895107,210,16.510884587648363,919906804,1881013700,1881494500,1781213936212-0
s2sf12j2_redis_rep2_20260611_223851,redis,s2sf12j2_redis_rep2_20260611_223851,5f9b6b59-8a14-499f-884b-87313d1ddc01,3895086,210,17.16360446230406,925346137,1881604300,1882280200,1781213936212-1
s2sf12j2_redis_rep2_20260611_223851,redis,s2sf12j2_redis_rep2_20260611_223851,79126be9-b946-4db5-9e70-c0ea00b5d931,3895086,210,17.16360446230406,925346137,1882385800,1882969800,1781213936213-0
s2sf12j2_redis_rep2_20260611_223851,redis,s2sf12j2_redis_rep2_20260611_223851,71a926aa-c491-4365-8962-c40080f63fc7,3895060,211,19.332702728353222,943421956,1883071100,1883676900,1781213936214-0
s2sf12j2_redis_rep2_20260611_223851,redis,s2sf12j2_redis_rep2_20260611_223851,62826bb6-cd29-4a46-8c39-b821f1ffa487,3895113,211,16.12197915035579,916665926,1883797300,1884327100,1781213936215-0
s2sf12j2_redis_rep2_20260611_223851,redis,s2sf12j2_redis_rep2_20260611_223851,afd87378-26f0-4ddc-b981-bf98a48e8363,3895113,211,16.12197915035579,916665926,1884430400,1885138800,1781213936215-1
s2sf12j2_redis_rep2_20260611_223851,redis,s2sf12j2_redis_rep2_20260611_223851,2866550d-a28c-47d4-96c3-4bfb70dc24b3,3895134,211,16.975146580694094,923775654,1885252600,1885753300,1781213936216-0
s2sf12j2_redis_rep2_20260611_223851,redis,s2sf12j2_redis_rep2_20260611_223851,6a500abf-1afa-42d0-8321-40d31eb3fc9b,3895113,211,16.12197915035579,916665926,1885854400,1886470100,1781213936217-0
s2sf12j2_redis_rep2_20260611_223851,redis,s2sf12j2_redis_rep2_20260611_223851,4a13e529-c528-425f-bc58-c94138612ed7,3895134,211,16.975146580694094,923775654,1886621400,1887386300,1781213936217-1
s2sf12j2_redis_rep2_20260611_223851,redis,s2sf12j2_redis_rep2_20260611_223851,d18ac035-ae5f-403f-9a29-8c95cb4c9a98,3895107,211,16.594217920981695,920601249,1887608200,1888264200,1781213936218-0
s2sf12j2_redis_rep2_20260611_223851,redis,s2sf12j2_redis_rep2_20260611_223851,b33bd1db-ae78-4fe9-868f-2497d774e37b,3895107,211,16.594217920981695,920601249,1888390900,1888923000,1781213936219-0
s2sf12j2_redis_rep2_20260611_223851,redis,s2sf12j2_redis_rep2_20260611_223851,42646d1f-6ac6-47cf-91e9-5902162f9945,3895067,212,16.276567878228274,917954165,1889044100,1889494000,1781213936220-0
s2sf12j2_redis_rep2_20260611_223851,redis,s2sf12j2_redis_rep2_20260611_223851,f018ba31-3864-4bbd-b90b-5aba86ec11fb,3895067,212,16.276567878228274,917954165,1889618600,1890135700,1781213936220-1
s2sf12j2_redis_rep2_20260611_223851,redis,s2sf12j2_redis_rep2_20260611_223851,6814a9dc-5fb8-4566-b386-654ab7b93302,3895113,212,16.205312483689127,917360370,1890243400,1890705100,1781213936221-0
s2sf12j2_redis_rep2_20260611_223851,redis,s2sf12j2_redis_rep2_20260611_223851,3382d742-d5a5-471e-9108-83ef9eec6586,3895134,212,17.05847991402743,924470099,1890805000,1891253800,1781213936221-1
s2sf12j2_redis_rep2_20260611_223851,redis,s2sf12j2_redis_rep2_20260611_223851,fbfe8ca5-7c5c-45b7-98af-4a38bc6a58c0,3895134,212,17.05847991402743,924470099,1891352200,1891995200,1781213936222-0
s2sf12j2_redis_rep2_20260611_223851,redis,s2sf12j2_redis_rep2_20260611_223851,7bfcca6d-5cb1-42ff-966a-0c3ecfb1a8b1,3895086,212,17.33027112897073,926735026,1892113500,1892711300,1781213936223-0
s2sf12j2_redis_rep2_20260611_223851,redis,s2sf12j2_redis_rep2_20260611_223851,32e37a91-895f-44df-9efa-f0f03cdb0c4f,3895107,212,16.67755125431503,921295693,1892854000,1893598300,1781213936224-0
s2sf12j2_redis_rep2_20260611_223851,redis,s2sf12j2_redis_rep2_20260611_223851,bf4cb337-a622-4e43-9a61-3920c8482d90,3895086,212,17.33027112897073,926735026,1893715300,1894253600,1781213936224-1
s2sf12j2_redis_rep2_20260611_223851,redis,s2sf12j2_redis_rep2_20260611_223851,da0d2ca8-0650-47d0-8bf6-ff69268155fa,3895107,212,16.67755125431503,921295693,1894359700,1894964600,1781213936225-0
s2sf12j2_redis_rep2_20260611_223851,redis,s2sf12j2_redis_rep2_20260611_223851,84ec7ad7-a2e5-4993-9fc8-c0d48a121d5f,3895086,212,17.33027112897073,926735026,1895067100,1895719500,1781213936226-0
s2sf12j2_redis_rep2_20260611_223851,redis,s2sf12j2_redis_rep2_20260611_223851,201204b4-ddca-4e95-879d-5ea29aeab663,3895086,212,17.33027112897073,926735026,1895833600,1896331900,1781213936227-0
s2sf12j2_redis_rep2_20260611_223851,redis,s2sf12j2_redis_rep2_20260611_223851,b29c3caf-f291-487b-beb4-72c6aca45001,3895113,213,16.28864581702246,918054815,1896440700,1896955600,1781213936227-1
s2sf12j2_redis_rep2_20260611_223851,redis,s2sf12j2_redis_rep2_20260611_223851,ddf078ee-315b-435b-ac43-e33e19103b6a,3895113,213,16.28864581702246,918054815,1897059600,1897790600,1781213936228-0
s2sf12j2_redis_rep2_20260611_223851,redis,s2sf12j2_redis_rep2_20260611_223851,84d35a0c-988c-4977-8841-814426dca458,3895086,213,17.41360446230406,927429470,1897910800,1898507300,1781213936229-0
s2sf12j2_redis_rep2_20260611_223851,redis,s2sf12j2_redis_rep2_20260611_223851,9bcffd13-f0d8-4e1d-ba3b-73bcb59832fe,3895067,214,16.44323454489494,919343054,1898618600,1899268900,1781213936229-1
s2sf12j2_redis_rep2_20260611_223851,redis,s2sf12j2_redis_rep2_20260611_223851,a3f06e72-c4ae-4963-a365-b410eb92d1d0,3895067,214,16.44323454489494,919343054,1899362900,1899811600,1781213936230-0
s2sf12j2_redis_rep2_20260611_223851,redis,s2sf12j2_redis_rep2_20260611_223851,b15b063c-fba0-4b35-93e3-12c1ab5450b3,3895052,214,16.877568035395367,922962500,1899900200,1900414900,1781213936231-0
s2sf12j2_redis_rep2_20260611_223851,redis,s2sf12j2_redis_rep2_20260611_223851,1425eb5d-7c5a-4987-aab0-f7ff7f3acedc,3895113,214,16.37197915035579,918749259,1900508100,1901006000,1781213936231-1
s2sf12j2_redis_rep2_20260611_223851,redis,s2sf12j2_redis_rep2_20260611_223851,0f14de1c-8327-414a-834f-c3c395569755,3895107,214,16.844217920981695,922684582,1901098500,1901669200,1781213936232-0
s2sf12j2_redis_rep2_20260611_223851,redis,s2sf12j2_redis_rep2_20260611_223851,6027d630-8427-4341-9c7a-6b0b930e7fa6,3895107,214,16.844217920981695,922684582,1901813700,1902379300,1781213936233-0
s2sf12j2_redis_rep2_20260611_223851,redis,s2sf12j2_redis_rep2_20260611_223851,67c684b6-21b0-4bca-a0f4-3bd1a85e22a6,3895107,214,16.844217920981695,922684582,1902504100,1903044700,1781213936233-1
s2sf12j2_redis_rep2_20260611_223851,redis,s2sf12j2_redis_rep2_20260611_223851,c4297aed-1578-4f7d-b3d7-84dda385543a,3895107,214,16.844217920981695,922684582,1903198700,1903802100,1781213936234-0
s2sf12j2_redis_rep2_20260611_223851,redis,s2sf12j2_redis_rep2_20260611_223851,d28de1d9-1e74-4c52-9ddc-06e3482170e7,3895067,215,16.526567878228274,920037498,1903964800,1904556400,1781213936235-0
s2sf12j2_redis_rep2_20260611_223851,redis,s2sf12j2_redis_rep2_20260611_223851,ff873195-aa1c-4298-8568-dce7bf70b436,3895134,215,17.30847991402743,926553432,1904709000,1905199900,1781213936235-1
s2sf12j2_redis_rep2_20260611_223851,redis,s2sf12j2_redis_rep2_20260611_223851,d4f8880a-988d-4749-a014-2e6b53254c19,3895134,215,17.30847991402743,926553432,1905368500,1905861800,1781213936236-0
s2sf12j2_redis_rep2_20260611_223851,redis,s2sf12j2_redis_rep2_20260611_223851,1a822961-d503-4596-8ec9-1bc05cad3460,3895113,215,16.455312483689127,919443704,1905975800,1906710800,1781213936237-0
s2sf12j2_redis_rep2_20260611_223851,redis,s2sf12j2_redis_rep2_20260611_223851,cd89e398-e369-46dc-a7d4-4117da82031c,3895086,215,17.58027112897073,928818359,1906829600,1907357700,1781213936238-0
s2sf12j2_redis_rep2_20260611_223851,redis,s2sf12j2_redis_rep2_20260611_223851,8db50a50-2ec9-42fc-b4cc-d13dc6589780,3895086,215,17.58027112897073,928818359,1907468900,1907984700,1781213936238-1
s2sf12j2_redis_rep2_20260611_223851,redis,s2sf12j2_redis_rep2_20260611_223851,84e78054-b076-42f7-bc12-ff47c8e945fa,3895086,215,17.58027112897073,928818359,1908116800,1908755600,1781213936239-0
s2sf12j2_redis_rep2_20260611_223851,redis,s2sf12j2_redis_rep2_20260611_223851,effc07b6-46d7-43a9-8648-38c71c70a9a8,3895086,215,17.58027112897073,928818359,1908863500,1909521500,1781213936240-0
s2sf12j2_redis_rep2_20260611_223851,redis,s2sf12j2_redis_rep2_20260611_223851,52a2e3c3-a9c4-4501-a1b4-4d8cb93d42a4,3895067,216,16.609901211561606,920731943,1909654100,1910236700,1781213936240-1
s2sf12j2_redis_rep2_20260611_223851,redis,s2sf12j2_redis_rep2_20260611_223851,9ad7ef2d-3ff8-4405-ae02-356ff60ae4b8,3895067,216,16.609901211561606,920731943,1910343700,1910895000,1781213936241-0
s2sf12j2_redis_rep2_20260611_223851,redis,s2sf12j2_redis_rep2_20260611_223851,4866a692-7e59-4811-a95d-c7173eeb85fe,3895052,216,17.044234702062035,924351389,1911046900,1911617600,1781213936242-0
s2sf12j2_redis_rep2_20260611_223851,redis,s2sf12j2_redis_rep2_20260611_223851,9b6cc51b-41c3-44f2-b430-c1cdea81a90b,3895052,216,17.044234702062035,924351389,1911746100,1912289700,1781213936242-1
s2sf12j2_redis_rep2_20260611_223851,redis,s2sf12j2_redis_rep2_20260611_223851,9d7289ce-6be1-4143-a8b3-500601193388,3895052,216,17.044234702062035,924351389,1912410700,1913023700,1781213936243-0
s2sf12j2_redis_rep2_20260611_223851,redis,s2sf12j2_redis_rep2_20260611_223851,737abe3b-aa88-491c-a52d-b8c487a82f4d,3895107,216,17.010884587648363,924073471,1913184300,1913822800,1781213936244-0
s2sf12j2_redis_rep2_20260611_223851,redis,s2sf12j2_redis_rep2_20260611_223851,3b23f496-60ff-4fba-ba75-148e46a67145,3895107,216,17.010884587648363,924073471,1913952700,1914662700,1781213936245-0
s2sf12j2_redis_rep2_20260611_223851,redis,s2sf12j2_redis_rep2_20260611_223851,6c368dc2-0542-452b-b5e5-92eac02be8eb,3895107,216,17.010884587648363,924073471,1914789500,1915302000,1781213936246-0
s2sf12j2_redis_rep2_20260611_223851,redis,s2sf12j2_redis_rep2_20260611_223851,2b193e7e-db6f-47bc-aa3d-669b3558e349,3895086,216,17.66360446230406,929512803,1915417500,1916081500,1781213936246-1
s2sf12j2_redis_rep2_20260611_223851,redis,s2sf12j2_redis_rep2_20260611_223851,82247b75-13da-4c3e-8b3b-8065f32b78b8,3895086,216,17.66360446230406,929512803,1916198300,1916781600,1781213936247-0
s2sf12j2_redis_rep2_20260611_223851,redis,s2sf12j2_redis_rep2_20260611_223851,9ed80495-b704-41b7-8b60-d8810f21b41a,3895086,216,17.66360446230406,929512803,1916890800,1917555800,1781213936248-0
s2sf12j2_redis_rep2_20260611_223851,redis,s2sf12j2_redis_rep2_20260611_223851,a0cfcf0d-f03d-46ec-8dcc-194639d0c715,3895052,217,17.127568035395367,925045833,1917782200,1918493100,1781213936249-0
s2sf12j2_redis_rep2_20260611_223851,redis,s2sf12j2_redis_rep2_20260611_223851,4b21d046-f779-4e7c-99c5-f2eee961332c,3895052,217,17.127568035395367,925045833,1918693300,1919415600,1781213936250-0
s2sf12j2_redis_rep2_20260611_223851,redis,s2sf12j2_redis_rep2_20260611_223851,f9c9fee3-cf79-49ac-9ad2-61b7b2b70ba6,3895113,217,16.62197915035579,920832592,1919599000,1920170400,1781213936250-1
s2sf12j2_redis_rep2_20260611_223851,redis,s2sf12j2_redis_rep2_20260611_223851,759d33c3-6e07-4e8d-ac38-cd66fee1a93d,3895113,217,16.62197915035579,920832592,1920292100,1920844900,1781213936251-0
s2sf12j2_redis_rep2_20260611_223851,redis,s2sf12j2_redis_rep2_20260611_223851,7c486de8-3484-44cd-9325-e0bdadc0adde,3895086,217,17.746937795637393,930207248,1920993800,1921609800,1781213936252-0
s2sf12j2_redis_rep2_20260611_223851,redis,s2sf12j2_redis_rep2_20260611_223851,697de738-1ddd-4a69-a641-ed6e57aa15ca,3895086,217,17.746937795637393,930207248,1921728100,1922328200,1781213936252-1
s2sf12j2_redis_rep2_20260611_223851,redis,s2sf12j2_redis_rep2_20260611_223851,b16a70eb-a994-4ce1-b690-c2b190dc53b3,3895067,218,16.776567878228274,922120832,1922445500,1922996700,1781213936253-0
s2sf12j2_redis_rep2_20260611_223851,redis,s2sf12j2_redis_rep2_20260611_223851,f9bff61d-0d29-4680-ac6c-4a1f22f13c91,3895052,218,17.210901368728702,925740278,1923108900,1923815300,1781213936254-0
s2sf12j2_redis_rep2_20260611_223851,redis,s2sf12j2_redis_rep2_20260611_223851,9d5a3faa-7ecb-4013-ba26-df5791af290b,3895052,218,17.210901368728702,925740278,1923957900,1924515100,1781213936255-0
s2sf12j2_redis_rep2_20260611_223851,redis,s2sf12j2_redis_rep2_20260611_223851,0bbc4516-a191-4b32-8e92-939ac38cf11b,3895134,218,17.55847991402743,928636765,1924644800,1925227700,1781213936255-1
s2sf12j2_redis_rep2_20260611_223851,redis,s2sf12j2_redis_rep2_20260611_223851,2f6d0952-ddfa-48dd-9012-82b7ed01fb05,3895134,218,17.55847991402743,928636765,1925458400,1926032100,1781213936256-0
s2sf12j2_redis_rep2_20260611_223851,redis,s2sf12j2_redis_rep2_20260611_223851,00901f4d-0730-42c8-8f1d-033622de7271,3895134,218,17.55847991402743,928636765,1926144900,1926657400,1781213936257-0
s2sf12j2_redis_rep2_20260611_223851,redis,s2sf12j2_redis_rep2_20260611_223851,0cb25576-201c-4a78-a596-00de3fef253a,3895134,218,17.55847991402743,928636765,1926759300,1927239000,1781213936257-1
s2sf12j2_redis_rep2_20260611_223851,redis,s2sf12j2_redis_rep2_20260611_223851,c506cd0d-1f5b-444a-94b3-eb29d05bef57,3895067,219,16.859901211561606,922815276,1927335500,1927906800,1781213936258-0
s2sf12j2_redis_rep2_20260611_223851,redis,s2sf12j2_redis_rep2_20260611_223851,fd56f5f1-17ec-498b-9a96-d4b52d2940cc,3895067,219,16.859901211561606,922815276,1928007500,1928464400,1781213936259-0
s2sf12j2_redis_rep2_20260611_223851,redis,s2sf12j2_redis_rep2_20260611_223851,a8c0d779-a323-4652-980a-c22ae4f20204,3895074,219,18.714420111985955,938269600,1928563200,1929025700,1781213936259-1
s2sf12j2_redis_rep2_20260611_223851,redis,s2sf12j2_redis_rep2_20260611_223851,6eba3fdc-1e7b-4669-a60e-a2bf7c9c96fe,3895052,219,17.294234702062035,926434722,1929124700,1929619400,1781213936260-0
s2sf12j2_redis_rep2_20260611_223851,redis,s2sf12j2_redis_rep2_20260611_223851,3e42c418-9417-42a7-ad68-351e0e79f13e,3895052,219,17.294234702062035,926434722,1929733300,1930265100,1781213936260-1
s2sf12j2_redis_rep2_20260611_223851,redis,s2sf12j2_redis_rep2_20260611_223851,b576f3fc-25f9-41b4-acbe-d50795eb237b,3895134,219,17.64181324736076,929331210,1930363700,1930799200,1781213936261-0
s2sf12j2_redis_rep2_20260611_223851,redis,s2sf12j2_redis_rep2_20260611_223851,91238aa1-991a-43f5-b2e8-791de16a6e6d,3895134,219,17.64181324736076,929331210,1930887300,1931371500,1781213936262-0
s2sf12j2_redis_rep2_20260611_223851,redis,s2sf12j2_redis_rep2_20260611_223851,95ca5c4c-b90a-48aa-938f-b9cf437c66d4,3895134,219,17.64181324736076,929331210,1931459300,1931990200,1781213936262-1
s2sf12j2_redis_rep2_20260611_223851,redis,s2sf12j2_redis_rep2_20260611_223851,1f7b9fa4-26f2-46d7-87a3-5fb28d91f8df,3895086,219,17.91360446230406,931596137,1932075900,1932550400,1781213936263-0
s2sf12j2_redis_rep2_20260611_223851,redis,s2sf12j2_redis_rep2_20260611_223851,15a5bdbb-29ea-4562-be43-cc71f22d37a2,3895067,220,16.94323454489494,923509721,1932676700,1933331000,1781213936263-1
s2sf12j2_redis_rep2_20260611_223851,redis,s2sf12j2_redis_rep2_20260611_223851,b6aac65b-a04a-44bf-b4cf-1f16b6de6536,3895074,220,18.797753445319287,938964045,1933478000,1934164400,1781213936264-0
s2sf12j2_redis_rep2_20260611_223851,redis,s2sf12j2_redis_rep2_20260611_223851,bccd8c47-0541-4ee3-b82f-9e67fec67685,3895074,220,18.797753445319287,938964045,1934284900,1934911100,1781213936265-0
s2sf12j2_redis_rep2_20260611_223851,redis,s2sf12j2_redis_rep2_20260611_223851,8cb6c1bb-9279-48f1-b6ad-94a0df91cd4b,3895074,220,18.797753445319287,938964045,1935063400,1935644900,1781213936266-0
s2sf12j2_redis_rep2_20260611_223851,redis,s2sf12j2_redis_rep2_20260611_223851,1e7a833e-5cc5-45e1-8e8a-777177080f36,3895134,220,17.725146580694094,930025654,1935760800,1936360700,1781213936267-0
s2sf12j2_redis_rep2_20260611_223851,redis,s2sf12j2_redis_rep2_20260611_223851,f32c59c0-240e-42e9-8069-8810d8e67cfd,3895086,220,17.996937795637393,932290581,1936492000,1937001800,1781213936267-1
s2sf12j2_redis_rep2_20260611_223851,redis,s2sf12j2_redis_rep2_20260611_223851,d5f683d9-9d90-4c1e-b87b-b33b5413b8e7,3895086,220,17.996937795637393,932290581,1937133500,1937693800,1781213936268-0
s2sf12j2_redis_rep2_20260611_223851,redis,s2sf12j2_redis_rep2_20260611_223851,e8c6da09-655a-4bf7-b2eb-0fc030baaa8d,3895067,221,17.026567878228274,924204165,1937805800,1938325800,1781213936269-0
s2sf12j2_redis_rep2_20260611_223851,redis,s2sf12j2_redis_rep2_20260611_223851,4aedbc0a-02ad-4a1e-a658-3ffdbdf44e9a,3895067,221,17.026567878228274,924204165,1938424600,1938905900,1781213936269-1
s2sf12j2_redis_rep2_20260611_223851,redis,s2sf12j2_redis_rep2_20260611_223851,d02f67c1-7b6c-473c-b7a3-b95039112785,3895067,221,17.026567878228274,924204165,1939003300,1939533200,1781213936270-0
s2sf12j2_redis_rep2_20260611_223851,redis,s2sf12j2_redis_rep2_20260611_223851,ec09950a-6639-4067-a881-504bad1855c3,3895074,221,18.881086778652623,939658489,1939660800,1940273300,1781213936270-1
s2sf12j2_redis_rep2_20260611_223851,redis,s2sf12j2_redis_rep2_20260611_223851,a9de5d14-4077-4efa-bdef-93a5dfe13ee5,3895074,221,18.881086778652623,939658489,1940374000,1940967300,1781213936271-0
s2sf12j2_redis_rep2_20260611_223851,redis,s2sf12j2_redis_rep2_20260611_223851,bd15630a-3c02-4c22-9769-4be927977952,3895074,221,18.881086778652623,939658489,1941103100,1941830600,1781213936272-0
s2sf12j2_redis_rep2_20260611_223851,redis,s2sf12j2_redis_rep2_20260611_223851,efb1609c-eb3b-4cc6-b617-6491e121da08,3895113,221,16.955312483689127,923610370,1941940700,1942554000,1781213936273-0
s2sf12j2_redis_rep2_20260611_223851,redis,s2sf12j2_redis_rep2_20260611_223851,49febf50-2306-4c19-a94e-c8c9bdac5e80,3895052,221,17.460901368728702,927823611,1942673600,1943200700,1781213936273-1
s2sf12j2_redis_rep2_20260611_223851,redis,s2sf12j2_redis_rep2_20260611_223851,d3b4d9da-a36c-486b-8bf2-be36d0654638,3895052,221,17.460901368728702,927823611,1943308900,1943833500,1781213936274-0
s2sf12j2_redis_rep2_20260611_223851,redis,s2sf12j2_redis_rep2_20260611_223851,68eaf4af-0687-45a2-a2ed-83fb312ec606,3895134,221,17.80847991402743,930720099,1943946600,1944486200,1781213936275-0
s2sf12j2_redis_rep2_20260611_223851,redis,s2sf12j2_redis_rep2_20260611_223851,46d8d187-f75a-4cac-adb4-c815388da2ab,3895134,221,17.80847991402743,930720099,1944611900,1945116800,1781213936275-1
s2sf12j2_redis_rep2_20260611_223851,redis,s2sf12j2_redis_rep2_20260611_223851,44e5fbc3-8f44-4f10-9a3f-808ec330cdb3,3895074,222,18.964420111985955,940352934,1945210000,1945819800,1781213936276-0
s2sf12j2_redis_rep2_20260611_223851,redis,s2sf12j2_redis_rep2_20260611_223851,ec9ce405-e079-4a8e-9b40-92f04fe5a165,3895113,222,17.03864581702246,924304815,1945959700,1946590000,1781213936277-0
s2sf12j2_redis_rep2_20260611_223851,redis,s2sf12j2_redis_rep2_20260611_223851,72b9cec9-3dd7-4af1-bf25-0a2eebf04a58,3895113,222,17.03864581702246,924304815,1946728700,1947245200,1781213936277-1
s2sf12j2_redis_rep2_20260611_223851,redis,s2sf12j2_redis_rep2_20260611_223851,b8d67360-7f6b-4662-a00d-fed1eb6f1ba6,3895052,222,17.544234702062035,928518055,1947388300,1947997900,1781213936278-0
s2sf12j2_redis_rep2_20260611_223851,redis,s2sf12j2_redis_rep2_20260611_223851,7261a548-7067-4e82-8a86-962feb5db893,3895113,222,17.03864581702246,924304815,1948136800,1948727100,1781213936279-0
s2sf12j2_redis_rep2_20260611_223851,redis,s2sf12j2_redis_rep2_20260611_223851,b9c709df-968d-4bf9-b500-02ffcbb3b0e7,3895134,222,17.89181324736076,931414543,1948848500,1949328100,1781213936280-0
s2sf12j2_redis_rep2_20260611_223851,redis,s2sf12j2_redis_rep2_20260611_223851,42195328-dbd6-4c26-910e-de4b15538b0f,3895086,222,18.16360446230406,933679470,1949426500,1949951900,1781213936280-1
s2sf12j2_redis_rep2_20260611_223851,redis,s2sf12j2_redis_rep2_20260611_223851,07f2b7b2-4c41-4472-9cf5-d4da0b98eeda,3895067,223,17.19323454489494,925593054,1950055200,1950591400,1781213936281-0
s2sf12j2_redis_rep2_20260611_223851,redis,s2sf12j2_redis_rep2_20260611_223851,0a0878a4-ad4c-4683-9ea5-f01aa86197b5,3895067,223,17.19323454489494,925593054,1950719900,1951280500,1781213936281-1
s2sf12j2_redis_rep2_20260611_223851,redis,s2sf12j2_redis_rep2_20260611_223851,117347bf-5b19-4163-9c30-86cbb965d427,3895074,223,19.047753445319287,941047378,1951407600,1952007300,1781213936282-0
s2sf12j2_redis_rep2_20260611_223851,redis,s2sf12j2_redis_rep2_20260611_223851,8e99e685-dd80-45dd-8981-f51bb118dc83,3895074,223,19.047753445319287,941047378,1952126400,1952799100,1781213936283-0
s2sf12j2_redis_rep2_20260611_223851,redis,s2sf12j2_redis_rep2_20260611_223851,612591bc-c324-4919-a995-e3739095e49c,3895113,223,17.12197915035579,924999259,1952952500,1953737500,1781213936284-0
s2sf12j2_redis_rep2_20260611_223851,redis,s2sf12j2_redis_rep2_20260611_223851,2797ae7a-31ad-4d05-82f7-314d6b0d7f0b,3895113,223,17.12197915035579,924999259,1953901900,1954520800,1781213936285-0
s2sf12j2_redis_rep2_20260611_223851,redis,s2sf12j2_redis_rep2_20260611_223851,921500ef-de3c-4656-8792-6c085c592225,3895134,223,17.975146580694094,932108988,1954667600,1955585200,1781213936286-0
s2sf12j2_redis_rep2_20260611_223851,redis,s2sf12j2_redis_rep2_20260611_223851,ac6bb7f3-aed3-4799-9573-acfb89f3b71e,3895134,223,17.975146580694094,932108988,1955732400,1956554100,1781213936287-0
s2sf12j2_redis_rep2_20260611_223851,redis,s2sf12j2_redis_rep2_20260611_223851,c36f907d-331e-45b1-b44d-66fc6e330da0,3895134,223,17.975146580694094,932108988,1956743500,1957393600,1781213936288-0
s2sf12j2_redis_rep2_20260611_223851,redis,s2sf12j2_redis_rep2_20260611_223851,f8c6d770-8b1d-4ed6-9a99-24226d8cbdf3,3895134,223,17.975146580694094,932108988,1957588000,1958231800,1781213936288-1
s2sf12j2_redis_rep2_20260611_223851,redis,s2sf12j2_redis_rep2_20260611_223851,30a84c8b-f2f6-42dd-8110-cc61373e72f3,3895067,224,17.276567878228274,926287498,1958349700,1959002500,1781213936289-0
s2sf12j2_redis_rep2_20260611_223851,redis,s2sf12j2_redis_rep2_20260611_223851,4beb105f-9c3d-42ce-b3e9-a5ec0bf4ae78,3895074,224,19.131086778652623,941741823,1959142500,1959881700,1781213936290-0
s2sf12j2_redis_rep2_20260611_223851,redis,s2sf12j2_redis_rep2_20260611_223851,36f7128d-31b5-4f4f-b928-79e4bb8363ab,3895052,224,17.710901368728702,929906944,1960004600,1960604200,1781213936291-0
s2sf12j2_redis_rep2_20260611_223851,redis,s2sf12j2_redis_rep2_20260611_223851,59f0b2e1-491d-4e57-b6a3-12c2fbbbe40c,3895086,224,18.33027112897073,935068359,1960777800,1961315400,1781213936291-1
s2sf12j2_redis_rep2_20260611_223851,redis,s2sf12j2_redis_rep2_20260611_223851,3cdada44-254e-4a8e-afeb-1b005eb7fa46,3895086,224,18.33027112897073,935068359,1961452500,1962003900,1781213936292-0
s2sf12j2_redis_rep2_20260611_223851,redis,s2sf12j2_redis_rep2_20260611_223851,a3d1e34d-213d-496b-b366-c0ffd8acda77,3895086,224,18.33027112897073,935068359,1962147300,1962828000,1781213936293-0
s2sf12j2_redis_rep2_20260611_223851,redis,s2sf12j2_redis_rep2_20260611_223851,312035b9-b0d9-4e96-878f-1b32c7e13c81,3895067,225,17.359901211561606,926981943,1962954200,1963726700,1781213936294-0
s2sf12j2_redis_rep2_20260611_223851,redis,s2sf12j2_redis_rep2_20260611_223851,a32369fd-1200-449f-80ad-b2af4e7110a2,3895067,225,17.359901211561606,926981943,1964019500,1965190400,1781213936295-0
s2sf12j2_redis_rep2_20260611_223851,redis,s2sf12j2_redis_rep2_20260611_223851,0dc809b6-6308-4d9c-a41f-545c23bf0589,3895067,225,17.359901211561606,926981943,1965412200,1966229900,1781213936296-0
s2sf12j2_redis_rep2_20260611_223851,redis,s2sf12j2_redis_rep2_20260611_223851,38ad36eb-ec4c-4f83-b317-19f4d1ace560,3895074,225,19.214420111985955,942436267,1966412800,1967073800,1781213936297-0
s2sf12j2_redis_rep2_20260611_223851,redis,s2sf12j2_redis_rep2_20260611_223851,17c71536-01d7-4a85-a272-2c0a487d2e0a,3895074,225,19.214420111985955,942436267,1967330100,1968090500,1781213936298-0
s2sf12j2_redis_rep2_20260611_223851,redis,s2sf12j2_redis_rep2_20260611_223851,54f5fa44-6b26-4324-908d-f6d7d7266f9c,3895074,225,19.214420111985955,942436267,1968303500,1969082300,1781213936299-0
s2sf12j2_redis_rep2_20260611_223851,redis,s2sf12j2_redis_rep2_20260611_223851,ccb3fd0e-fe0a-423e-9e61-033b0f21b4bf,3895074,225,19.214420111985955,942436267,1969281100,1969978300,1781213936300-0
s2sf12j2_redis_rep2_20260611_223851,redis,s2sf12j2_redis_rep2_20260611_223851,a039a837-87cf-4f48-b863-3cea80abbb81,3895074,225,19.214420111985955,942436267,1970178300,1970949300,1781213936301-0
s2sf12j2_redis_rep2_20260611_223851,redis,s2sf12j2_redis_rep2_20260611_223851,468444c9-5267-4753-a238-4a226dc4ee80,3895074,225,19.214420111985955,942436267,1971110800,1971722500,1781213936302-0
s2sf12j2_redis_rep2_20260611_223851,redis,s2sf12j2_redis_rep2_20260611_223851,72f703c6-b9b4-4edd-88b5-3d0684f2468f,3895052,225,17.794234702062035,930601389,1971915600,1972646200,1781213936303-0
s2sf12j2_redis_rep2_20260611_223851,redis,s2sf12j2_redis_rep2_20260611_223851,b296ceac-b0af-48e2-98c4-ceff5443fa35,3895052,225,17.794234702062035,930601389,1972818000,1973582400,1781213936304-0
s2sf12j2_redis_rep2_20260611_223851,redis,s2sf12j2_redis_rep2_20260611_223851,3f6ce352-2e57-43ff-9619-276a1464f100,3895086,225,18.41360446230406,935762803,1973767600,1974507900,1781213936305-0
s2sf12j2_redis_rep2_20260611_223851,redis,s2sf12j2_redis_rep2_20260611_223851,55a73469-4b77-43b5-b9ba-67435754b68e,3895067,226,17.44323454489494,927676387,1974654500,1975250300,1781213936305-1
s2sf12j2_redis_rep2_20260611_223851,redis,s2sf12j2_redis_rep2_20260611_223851,7b1f0d68-1df6-4ff3-be96-47942dd2eef6,3895067,226,17.44323454489494,927676387,1975490200,1976295300,1781213936306-0
s2sf12j2_redis_rep2_20260611_223851,redis,s2sf12j2_redis_rep2_20260611_223851,a000cd00-afea-44aa-8120-d29280171b7d,3895067,226,17.44323454489494,927676387,1976481500,1977150300,1781213936307-0
s2sf12j2_redis_rep2_20260611_223851,redis,s2sf12j2_redis_rep2_20260611_223851,95a18591-415c-424d-a2ff-26070eab2674,3895074,226,19.297753445319287,943130712,1977331700,1978285100,1781213936308-0
s2sf12j2_redis_rep2_20260611_223851,redis,s2sf12j2_redis_rep2_20260611_223851,c969da32-3389-4ceb-86df-e66b125bb8dd,3895074,226,19.297753445319287,943130712,1978474600,1979316500,1781213936309-0
s2sf12j2_redis_rep2_20260611_223851,redis,s2sf12j2_redis_rep2_20260611_223851,a6bde494-d72e-4a63-bc38-9da5141d574f,3895113,226,17.37197915035579,927082592,1979531300,1980305100,1781213936310-0
s2sf12j2_redis_rep2_20260611_223851,redis,s2sf12j2_redis_rep2_20260611_223851,f859cc08-8afc-4e42-9cc2-a8870064f3ac,3895134,226,18.22514658069409,934192321,1980535100,1981185200,1781213936311-0
s2sf12j2_redis_rep2_20260611_223851,redis,s2sf12j2_redis_rep2_20260611_223851,e4a8be8c-78d4-45a8-b457-619f46e37583,3895086,226,18.496937795637397,936457248,1981366600,1982100300,1781213936312-0
s2sf12j2_redis_rep2_20260611_223851,redis,s2sf12j2_redis_rep2_20260611_223851,6bad8316-afef-4ab2-82b5-b1df55799e71,3895086,226,18.496937795637397,936457248,1982274000,1983212100,1781213936313-0
s2sf12j2_redis_rep2_20260611_223851,redis,s2sf12j2_redis_rep2_20260611_223851,7c659f16-3145-4393-96ad-541b504c8f13,3895052,227,17.960901368728702,931990278,1983445400,1984188400,1781213936314-0
s2sf12j2_redis_rep2_20260611_223851,redis,s2sf12j2_redis_rep2_20260611_223851,d53b30ec-a2c0-4e13-8619-f7aace475d28,3895052,227,17.960901368728702,931990278,1984473700,1985243100,1781213936315-0
s2sf12j2_redis_rep2_20260611_223851,redis,s2sf12j2_redis_rep2_20260611_223851,0a1c6ca1-fe45-44d6-8a4b-a990da408347,3895134,227,18.30847991402743,934886765,1985463200,1986587300,1781213936316-0
s2sf12j2_redis_rep2_20260611_223851,redis,s2sf12j2_redis_rep2_20260611_223851,c47782be-c926-4381-96d4-f5e9efe0abe9,3895134,227,18.30847991402743,934886765,1986912100,1987670100,1781213936318-0
s2sf12j2_redis_rep2_20260611_223851,redis,s2sf12j2_redis_rep2_20260611_223851,47586e80-e9f8-4582-b670-cac8e08d9eb0,3895086,227,18.58027112897073,937151692,1987869500,1988809500,1781213936319-0
s2sf12j2_redis_rep2_20260611_223851,redis,s2sf12j2_redis_rep2_20260611_223851,5c07f5c8-ab9c-4d57-9317-397ed4aba8a3,3895067,228,17.609901211561606,929065276,1989009500,1989894300,1781213936320-0
s2sf12j2_redis_rep2_20260611_223851,redis,s2sf12j2_redis_rep2_20260611_223851,50a3f312-2d69-4e1e-9e47-79f5677c263f,3895074,228,19.464420111985955,944519600,1990121300,1990841400,1781213936321-0
s2sf12j2_redis_rep2_20260611_223851,redis,s2sf12j2_redis_rep2_20260611_223851,2c36e8ae-322c-4007-b05d-b57f0fe9d6dc,3895074,228,19.464420111985955,944519600,1991039200,1991677500,1781213936322-0
s2sf12j2_redis_rep2_20260611_223851,redis,s2sf12j2_redis_rep2_20260611_223851,4628a48d-7c56-4d8d-a8e1-b4406f3e571a,3895074,228,19.464420111985955,944519600,1991842500,1993037300,1781213936323-0
s2sf12j2_redis_rep2_20260611_223851,redis,s2sf12j2_redis_rep2_20260611_223851,4545d9b9-3575-48d2-93bd-c69ed8743c82,3895113,228,17.53864581702246,928471481,1993272500,1993955400,1781213936324-0
s2sf12j2_redis_rep2_20260611_223851,redis,s2sf12j2_redis_rep2_20260611_223851,3bf3bf44-8dce-4cd8-8254-46da84e31c6a,3895113,228,17.53864581702246,928471481,1994148400,1994925000,1781213936325-0
s2sf12j2_redis_rep2_20260611_223851,redis,s2sf12j2_redis_rep2_20260611_223851,b1930f44-1c66-426c-8ca9-c5c9dc54fb27,3895052,228,18.044234702062035,932684722,1995122200,1995764500,1781213936326-0
s2sf12j2_redis_rep2_20260611_223851,redis,s2sf12j2_redis_rep2_20260611_223851,d6f9d7cd-642d-476b-afae-e6d251554cde,3895052,228,18.044234702062035,932684722,1995985000,1996860000,1781213936327-0
s2sf12j2_redis_rep2_20260611_223851,redis,s2sf12j2_redis_rep2_20260611_223851,7434581a-1e71-483e-aa97-d221e7fc61aa,3895134,228,18.39181324736076,935581210,1997094300,1998147700,1781213936328-0
s2sf12j2_redis_rep2_20260611_223851,redis,s2sf12j2_redis_rep2_20260611_223851,c6f3c9ce-07a4-441b-aa25-f40b9be04368,3895086,228,18.66360446230406,937846137,1998372400,1999389000,1781213936329-0
s2sf12j2_redis_rep2_20260611_223851,redis,s2sf12j2_redis_rep2_20260611_223851,d410fab2-bcf6-4390-a2ab-2ff03e36ec62,3895086,228,18.66360446230406,937846137,1999588000,2000279900,1781213936330-0
s2sf12j2_redis_rep2_20260611_223851,redis,s2sf12j2_redis_rep2_20260611_223851,15c182c8-6cae-4496-b509-7e7c3f68d3d2,3895113,229,17.62197915035579,929165926,2000456100,2001262500,1781213936331-0
s2sf12j2_redis_rep2_20260611_223851,redis,s2sf12j2_redis_rep2_20260611_223851,334527b5-620b-4220-940a-a70f543af21a,3895134,229,18.47514658069409,936275654,2001477000,2002203200,1781213936332-0
s2sf12j2_redis_rep2_20260611_223851,redis,s2sf12j2_redis_rep2_20260611_223851,1a2997c4-e48f-49ab-8746-f0ca2974c71d,3895086,229,18.746937795637397,938540581,2002368000,2003107600,1781213936333-0
s2sf12j2_redis_rep2_20260611_223851,redis,s2sf12j2_redis_rep2_20260611_223851,de8997e6-4537-49ca-8864-3e221f25d628,3895086,229,18.746937795637397,938540581,2003295300,2004059100,1781213936334-0
s2sf12j2_redis_rep2_20260611_223851,redis,s2sf12j2_redis_rep2_20260611_223851,448ff41d-a99b-4ac1-a39f-321a4e12ec50,3895086,229,18.746937795637397,938540581,2004226400,2004980100,1781213936335-0
s2sf12j2_redis_rep2_20260611_223851,redis,s2sf12j2_redis_rep2_20260611_223851,7d559bcd-04a3-4ecc-a6ec-e71530a6e7b4,3895074,230,19.631086778652623,945908489,2005159200,2005896600,1781213936336-0
s2sf12j2_redis_rep2_20260611_223851,redis,s2sf12j2_redis_rep2_20260611_223851,52a10b29-fc0a-489b-b798-04e90177816d,3895074,230,19.631086778652623,945908489,2006064800,2006724600,1781213936337-0
s2sf12j2_redis_rep2_20260611_223851,redis,s2sf12j2_redis_rep2_20260611_223851,85158414-113a-4b03-8a2e-9b694b28122f,3895113,230,17.705312483689127,929860370,2006897900,2007556700,1781213936338-0
s2sf12j2_redis_rep2_20260611_223851,redis,s2sf12j2_redis_rep2_20260611_223851,8facebaf-e405-4cc1-b901-d9d9622f02ab,3895067,231,17.859901211561606,931148610,2007757600,2008506100,1781213936339-0
s2sf12j2_redis_rep2_20260611_223851,redis,s2sf12j2_redis_rep2_20260611_223851,9536010e-293f-4799-9db5-e6a312a58d4a,3895067,231,17.859901211561606,931148610,2008742000,2009974300,1781213936340-0
s2sf12j2_redis_rep2_20260611_223851,redis,s2sf12j2_redis_rep2_20260611_223851,449ddc25-2698-4ba2-a9e6-a2ff4369f1c6,3895067,231,17.859901211561606,931148610,2010405500,2011253700,1781213936341-0
s2sf12j2_redis_rep2_20260611_223851,redis,s2sf12j2_redis_rep2_20260611_223851,01de2f19-a51f-4e53-add3-1887e7f141fb,3895052,231,18.294234702062035,934768055,2011473200,2012347900,1781213936342-0
s2sf12j2_redis_rep2_20260611_223851,redis,s2sf12j2_redis_rep2_20260611_223851,19409876-d733-4d93-b980-d0743f01ce5e,3895113,231,17.78864581702246,930554815,2012668700,2013517600,1781213936344-0
s2sf12j2_redis_rep2_20260611_223851,redis,s2sf12j2_redis_rep2_20260611_223851,e21a8f4f-eaf7-4772-99da-dfc8385e7a48,3895052,231,18.294234702062035,934768055,2013758000,2014587000,1781213936345-0
s2sf12j2_redis_rep2_20260611_223851,redis,s2sf12j2_redis_rep2_20260611_223851,e3156b87-6ea3-43f7-b7d2-1f7dfd3bff4e,3895134,231,18.64181324736076,937664543,2014827100,2015533100,1781213936346-0
s2sf12j2_redis_rep2_20260611_223851,redis,s2sf12j2_redis_rep2_20260611_223851,f371672d-0161-4d0a-bd85-c0524dff7741,3895134,231,18.64181324736076,937664543,2015775900,2016506200,1781213936347-0
s2sf12j2_redis_rep2_20260611_223851,redis,s2sf12j2_redis_rep2_20260611_223851,e3f07b41-a570-490e-9b2c-d972a7cb0edc,3895060,232,21.082702728353222,958005289,2016694000,2017358700,1781213936348-0
s2sf12j2_redis_rep2_20260611_223851,redis,s2sf12j2_redis_rep2_20260611_223851,22dfd210-acd0-430e-b4d4-dbc31415e8a1,3895121,232,19.021746408098476,940830653,2017531800,2018178000,1781213936348-1
s2sf12j2_redis_rep2_20260611_223851,redis,s2sf12j2_redis_rep2_20260611_223851,d3ca252e-b038-4198-b136-0c36063ef79d,3895113,232,17.87197915035579,931249259,2018322800,2018923100,1781213936349-0
s2sf12j2_redis_rep2_20260611_223851,redis,s2sf12j2_redis_rep2_20260611_223851,039192ed-5aed-4e69-8e7e-9928c5c49b7b,3895113,232,17.87197915035579,931249259,2019086800,2019680200,1781213936350-0
s2sf12j2_redis_rep2_20260611_223851,redis,s2sf12j2_redis_rep2_20260611_223851,6735caf3-fc12-44cd-842d-99249e4e803e,3895113,232,17.87197915035579,931249259,2019819200,2020383200,1781213936351-0
s2sf12j2_redis_rep2_20260611_223851,redis,s2sf12j2_redis_rep2_20260611_223851,444ec23c-e794-4af6-afd2-da112736b5ef,3895113,232,17.87197915035579,931249259,2020546800,2021150900,1781213936351-1
s2sf12j2_redis_rep2_20260611_223851,redis,s2sf12j2_redis_rep2_20260611_223851,21f9d66b-f01b-4398-9db0-0028ffa78501,3895113,232,17.87197915035579,931249259,2021303800,2021870000,1781213936352-0
s2sf12j2_redis_rep2_20260611_223851,redis,s2sf12j2_redis_rep2_20260611_223851,1207e338-9cd8-4c32-b018-d794ab1f6f07,3895134,232,18.72514658069409,938358988,2022002500,2022674500,1781213936353-0
s2sf12j2_redis_rep2_20260611_223851,redis,s2sf12j2_redis_rep2_20260611_223851,832d593f-b5f8-4691-98fa-d9d9f13685b7,3895086,232,18.996937795637397,940623914,2022820100,2023389500,1781213936354-0
s2sf12j2_redis_rep2_20260611_223851,redis,s2sf12j2_redis_rep2_20260611_223851,f52a1065-c29f-4773-a29e-eb4ae86197b2,3895086,232,18.996937795637397,940623914,2023515300,2024073800,1781213936354-1
s2sf12j2_redis_rep2_20260611_223851,redis,s2sf12j2_redis_rep2_20260611_223851,9d88e8a6-b03e-4292-83bd-f1cc62bae459,3895086,232,18.996937795637397,940623914,2024195600,2025043800,1781213936355-0
s2sf12j2_redis_rep2_20260611_223851,redis,s2sf12j2_redis_rep2_20260611_223851,3cea3b14-cd1c-4048-9e22-891601eb58d2,3895086,232,18.996937795637397,940623914,2025233900,2026052200,1781213936356-0
s2sf12j2_redis_rep2_20260611_223851,redis,s2sf12j2_redis_rep2_20260611_223851,d91e6bd0-fcb3-48b1-b391-00510455eafa,3895086,232,18.996937795637397,940623914,2026232100,2026973800,1781213936357-0
s2sf12j2_redis_rep2_20260611_223851,redis,s2sf12j2_redis_rep2_20260611_223851,a6a1302d-c9d3-4955-a001-ef2a1c9dab1d,3895060,233,21.16603606168656,958699733,2027142200,2027766500,1781213936358-0
s2sf12j2_redis_rep2_20260611_223851,redis,s2sf12j2_redis_rep2_20260611_223851,2d56b1ef-11bf-4ad7-a8cc-1667f5893f52,3895067,233,18.026567878228278,932537498,2027903700,2028832300,1781213936359-0
s2sf12j2_redis_rep2_20260611_223851,redis,s2sf12j2_redis_rep2_20260611_223851,8312772c-29b2-4250-b781-0d4b9206d9af,3895074,233,19.881086778652623,947991823,2029005500,2029750500,1781213936360-0
s2sf12j2_redis_rep2_20260611_223851,redis,s2sf12j2_redis_rep2_20260611_223851,2d868feb-58d1-48e7-9275-5deab319b157,3895113,233,17.955312483689127,931943704,2029912100,2030556900,1781213936361-0
s2sf12j2_redis_rep2_20260611_223851,redis,s2sf12j2_redis_rep2_20260611_223851,3a24294f-7eca-4180-9fd3-7eede5a85ff4,3895086,233,19.08027112897073,941318359,2030698900,2031324800,1781213936362-0
s2sf12j2_redis_rep2_20260611_223851,redis,s2sf12j2_redis_rep2_20260611_223851,a52af03a-9e28-4498-b74d-b084edc0f008,3895086,233,19.08027112897073,941318359,2031447800,2032096400,1781213936362-1
s2sf12j2_redis_rep2_20260611_223851,redis,s2sf12j2_redis_rep2_20260611_223851,d78fb2cd-3e3c-49e7-af6f-f22ceef30056,3895060,234,21.24936939501989,959394178,2032218300,2032806300,1781213936363-0
s2sf12j2_redis_rep2_20260611_223851,redis,s2sf12j2_redis_rep2_20260611_223851,65d4f63b-a154-42e7-b493-e2e11b0ad6eb,3895121,234,19.18841307476514,942219542,2032962500,2033751500,1781213936364-0
s2sf12j2_redis_rep2_20260611_223851,redis,s2sf12j2_redis_rep2_20260611_223851,d07958f0-8419-4028-89fe-fa3e4ef76e64,3895121,234,19.18841307476514,942219542,2033917100,2034590900,1781213936365-0
s2sf12j2_redis_rep2_20260611_223851,redis,s2sf12j2_redis_rep2_20260611_223851,88df104f-f29f-4e20-9e74-ce85b77d671f,3895067,234,18.109901211561606,933231943,2034746200,2035414600,1781213936366-0
s2sf12j2_redis_rep2_20260611_223851,redis,s2sf12j2_redis_rep2_20260611_223851,e2091aec-e441-4ce1-86de-5822390020ee,3895067,234,18.109901211561606,933231943,2035597400,2036225900,1781213936366-1
s2sf12j2_redis_rep2_20260611_223851,redis,s2sf12j2_redis_rep2_20260611_223851,82831382-fedc-4ae2-b6e3-e03321721a68,3895074,234,19.964420111985955,948686267,2036382800,2037030500,1781213936367-0
s2sf12j2_redis_rep2_20260611_223851,redis,s2sf12j2_redis_rep2_20260611_223851,ff0b4839-b879-4812-8cd1-fa166e2bb04f,3895074,234,19.964420111985955,948686267,2037186700,2037941200,1781213936368-0
s2sf12j2_redis_rep2_20260611_223851,redis,s2sf12j2_redis_rep2_20260611_223851,3284298c-aafe-4fca-937f-4f3b6f9d76a0,3895134,234,18.89181324736076,939747877,2038143500,2038835500,1781213936369-0
s2sf12j2_redis_rep2_20260611_223851,redis,s2sf12j2_redis_rep2_20260611_223851,8988a19a-9299-40b9-9f8f-c462076fcbfb,3895134,234,18.89181324736076,939747877,2038976100,2039657200,1781213936370-0
s2sf12j2_redis_rep2_20260611_223851,redis,s2sf12j2_redis_rep2_20260611_223851,475d3858-2562-4a46-be2f-882479e92794,3895067,235,18.19323454489494,933926387,2039834400,2040487200,1781213936371-0
s2sf12j2_redis_rep2_20260611_223851,redis,s2sf12j2_redis_rep2_20260611_223851,2c296ed4-132d-4668-96fd-a53e49c117b0,3895067,235,18.19323454489494,933926387,2040635700,2041231100,1781213936371-1
s2sf12j2_redis_rep2_20260611_223851,redis,s2sf12j2_redis_rep2_20260611_223851,5f5da0d0-9329-4e2d-b288-e6bb963fd023,3895074,235,20.047753445319287,949380712,2041360200,2041995600,1781213936372-0
s2sf12j2_redis_rep2_20260611_223851,redis,s2sf12j2_redis_rep2_20260611_223851,0a08da64-24b7-464e-b04a-343c36bc92a6,3895074,235,20.047753445319287,949380712,2042281900,2042888200,1781213936373-0
s2sf12j2_redis_rep2_20260611_223851,redis,s2sf12j2_redis_rep2_20260611_223851,4c13ef4b-f1bc-41ec-bce8-379094aee5ab,3895052,235,18.627568035395367,937545833,2043094500,2043656700,1781213936374-0
s2sf12j2_redis_rep2_20260611_223851,redis,s2sf12j2_redis_rep2_20260611_223851,3b5e8cda-cc8c-4228-ae68-88e99b381f2b,3895113,235,18.12197915035579,933332592,2043780500,2044380800,1781213936375-0
s2sf12j2_redis_rep2_20260611_223851,redis,s2sf12j2_redis_rep2_20260611_223851,67f6d552-413a-4a2b-b156-b8675b9ac9c5,3895113,235,18.12197915035579,933332592,2044524700,2045227800,1781213936375-1
s2sf12j2_redis_rep2_20260611_223851,redis,s2sf12j2_redis_rep2_20260611_223851,f899e1a3-389e-47ee-975a-22a5ede777bf,3895134,235,18.97514658069409,940442321,2045499000,2046163400,1781213936376-0
s2sf12j2_redis_rep2_20260611_223851,redis,s2sf12j2_redis_rep2_20260611_223851,24beaf43-67ff-400b-8afa-5cd95a07ab62,3895086,235,19.246937795637397,942707248,2046283000,2046887800,1781213936377-0
s2sf12j2_redis_rep2_20260611_223851,redis,s2sf12j2_redis_rep2_20260611_223851,621a92b1-0b7d-40fd-8921-c184ff9cfdbe,3895086,235,19.246937795637397,942707248,2047042500,2047670900,1781213936378-0
s2sf12j2_redis_rep2_20260611_223851,redis,s2sf12j2_redis_rep2_20260611_223851,7384369c-7014-41f4-8880-4f2012608234,3895086,235,19.246937795637397,942707248,2047776900,2048534800,1781213936379-0
s2sf12j2_redis_rep2_20260611_223851,redis,s2sf12j2_redis_rep2_20260611_223851,31d15b27-69da-4a6b-93d5-8dd5afac6acd,3895067,236,18.276567878228278,934620832,2048683100,2049474100,1781213936379-1
s2sf12j2_redis_rep2_20260611_223851,redis,s2sf12j2_redis_rep2_20260611_223851,67ea3f31-5f11-4a03-b848-5ff3d2674b45,3895067,236,18.276567878228278,934620832,2049719400,2050491800,1781213936381-0
s2sf12j2_redis_rep2_20260611_223851,redis,s2sf12j2_redis_rep2_20260611_223851,2524eba6-a951-4f46-9569-e49e95155f38,3895067,236,18.276567878228278,934620832,2050656100,2051374100,1781213936381-1
s2sf12j2_redis_rep2_20260611_223851,redis,s2sf12j2_redis_rep2_20260611_223851,7a5f3edb-7387-472d-9ab8-d44a4ed350ed,3895052,236,18.710901368728702,938240278,2051546000,2052137900,1781213936382-0
s2sf12j2_redis_rep2_20260611_223851,redis,s2sf12j2_redis_rep2_20260611_223851,9ee72651-72db-4196-af2f-388ee1f6a92c,3895052,236,18.710901368728702,938240278,2052265800,2053063500,1781213936383-0
s2sf12j2_redis_rep2_20260611_223851,redis,s2sf12j2_redis_rep2_20260611_223851,bc13fb18-c79a-4285-8048-4ce55d990c06,3895052,236,18.710901368728702,938240278,2053256200,2053990400,1781213936384-0
s2sf12j2_redis_rep2_20260611_223851,redis,s2sf12j2_redis_rep2_20260611_223851,67cf2441-69b4-4a39-9109-8d399ddba948,3895060,237,21.49936939501989,961477511,2054189000,2055009600,1781213936385-0
s2sf12j2_redis_rep2_20260611_223851,redis,s2sf12j2_redis_rep2_20260611_223851,f8cfef83-daf1-4d47-814a-75bb359f034b,3895060,237,21.49936939501989,961477511,2055203300,2055981700,1781213936386-0
s2sf12j2_redis_rep2_20260611_223851,redis,s2sf12j2_redis_rep2_20260611_223851,17bce4ec-5124-44a7-9cdc-c4a9006f479a,3895060,237,21.49936939501989,961477511,2056233600,2056988300,1781213936387-0
s2sf12j2_redis_rep2_20260611_223851,redis,s2sf12j2_redis_rep2_20260611_223851,41f58863-413b-4533-9b9f-5d6895c280f0,3895121,237,19.43841307476514,944302875,2057204000,2057964000,1781213936388-0
s2sf12j2_redis_rep2_20260611_223851,redis,s2sf12j2_redis_rep2_20260611_223851,95cf34ad-3378-4698-bd20-49e8851018ae,3895121,237,19.43841307476514,944302875,2058233700,2059175100,1781213936389-0
s2sf12j2_redis_rep2_20260611_223851,redis,s2sf12j2_redis_rep2_20260611_223851,cab35b0a-ffe6-4065-ad6b-d8b19062647f,3895067,237,18.359901211561606,935315276,2059421800,2060164800,1781213936390-0
s2sf12j2_redis_rep2_20260611_223851,redis,s2sf12j2_redis_rep2_20260611_223851,48d10da6-9958-476a-ae24-618d673f3fef,3895052,237,18.794234702062035,938934722,2060333800,2060931200,1781213936391-0
s2sf12j2_redis_rep2_20260611_223851,redis,s2sf12j2_redis_rep2_20260611_223851,42bf8a84-34b3-4952-9704-94b1c2001dfc,3895134,237,19.14181324736076,941831210,2061048200,2061653500,1781213936392-0
s2sf12j2_redis_rep2_20260611_223851,redis,s2sf12j2_redis_rep2_20260611_223851,2cfe1a0c-2b31-4742-b48e-3b93d308c6b6,3895134,237,19.14181324736076,941831210,2061775500,2062727700,1781213936393-0
s2sf12j2_redis_rep2_20260611_223851,redis,s2sf12j2_redis_rep2_20260611_223851,6e9cc2f7-1105-48ac-806c-eebcfaa34ad7,3895086,237,19.41360446230406,944096137,2062892300,2063537100,1781213936394-0
s2sf12j2_redis_rep2_20260611_223851,redis,s2sf12j2_redis_rep2_20260611_223851,cf0330f0-ffa2-47de-b0b8-2c063baff2db,3895086,237,19.41360446230406,944096137,2063666400,2064241700,1781213936394-1
s2sf12j2_redis_rep2_20260611_223851,redis,s2sf12j2_redis_rep2_20260611_223851,d164628f-e788-4811-8838-50ad9ab6f1b4,3895121,238,19.521746408098476,944997320,2064388100,2065099700,1781213936395-0
s2sf12j2_redis_rep2_20260611_223851,redis,s2sf12j2_redis_rep2_20260611_223851,edb91d96-2ccb-46b2-aec1-7a1cba6fcf9c,3895074,238,20.297753445319287,951464045,2065230600,2065838800,1781213936396-0
s2sf12j2_redis_rep2_20260611_223851,redis,s2sf12j2_redis_rep2_20260611_223851,eb564566-1ae2-40a0-9c73-edf96768135f,3895074,238,20.297753445319287,951464045,2065947600,2066608400,1781213936397-0
s2sf12j2_redis_rep2_20260611_223851,redis,s2sf12j2_redis_rep2_20260611_223851,8b9045a9-99bf-4e9e-83a6-79404c3c903d,3895052,238,18.877568035395367,939629166,2066818700,2067558800,1781213936398-0
s2sf12j2_redis_rep2_20260611_223851,redis,s2sf12j2_redis_rep2_20260611_223851,41fd0101-4197-4b4d-adcc-4bb242e5f3f7,3895052,238,18.877568035395367,939629166,2067756700,2068519000,1781213936399-0
s2sf12j2_redis_rep2_20260611_223851,redis,s2sf12j2_redis_rep2_20260611_223851,179f6461-4e11-4750-982b-97b87916e1fe,3895134,238,19.22514658069409,942525654,2068637100,2069373500,1781213936400-0
s2sf12j2_redis_rep2_20260611_223851,redis,s2sf12j2_redis_rep2_20260611_223851,af4b9e6b-8ec7-4bb9-aeba-23122365bb5c,3895121,239,19.60507974143181,945691764,2069595900,2070333700,1781213936400-1
s2sf12j2_redis_rep2_20260611_223851,redis,s2sf12j2_redis_rep2_20260611_223851,b565e8cd-c20f-403e-bb34-d4ac7a08c535,3895121,239,19.60507974143181,945691764,2070682300,2071567200,1781213936402-0
s2sf12j2_redis_rep2_20260611_223851,redis,s2sf12j2_redis_rep2_20260611_223851,bb80cd19-9173-41bc-9e42-1475f9a8bedc,3895074,239,20.381086778652623,952158489,2071810300,2072600200,1781213936403-0
s2sf12j2_redis_rep2_20260611_223851,redis,s2sf12j2_redis_rep2_20260611_223851,00b7afd1-7acc-4377-8b4a-e0d0216aff3b,3895074,239,20.381086778652623,952158489,2072821500,2073556400,1781213936404-0
s2sf12j2_redis_rep2_20260611_223851,redis,s2sf12j2_redis_rep2_20260611_223851,7a8e8174-38ce-41cb-9812-de0614ade9c8,3895074,239,20.381086778652623,952158489,2073704200,2074292000,1781213936404-1
s2sf12j2_redis_rep2_20260611_223851,redis,s2sf12j2_redis_rep2_20260611_223851,327d219f-afa6-44c2-8514-3b3dce674bd4,3895052,239,18.960901368728702,940323611,2074476700,2075281700,1781213936405-0
s2sf12j2_redis_rep2_20260611_223851,redis,s2sf12j2_redis_rep2_20260611_223851,9db6a916-bdf3-459f-86dd-c6899468b928,3895052,239,18.960901368728702,940323611,2075445100,2076231300,1781213936406-0
s2sf12j2_redis_rep2_20260611_223851,redis,s2sf12j2_redis_rep2_20260611_223851,d3237e41-96d0-4919-9186-976c6e93afaf,3895134,239,19.30847991402743,943220099,2076355400,2076847900,1781213936407-0
s2sf12j2_redis_rep2_20260611_223851,redis,s2sf12j2_redis_rep2_20260611_223851,15dc8356-9964-4eec-9066-051ee6c2fd74,3895134,239,19.30847991402743,943220099,2076972700,2077688700,1781213936408-0
s2sf12j2_redis_rep2_20260611_223851,redis,s2sf12j2_redis_rep2_20260611_223851,7e027057-82fb-4524-92cb-3b7f7905c581,3895067,240,18.609901211561606,937398610,2077807500,2078425100,1781213936409-0
s2sf12j2_redis_rep2_20260611_223851,redis,s2sf12j2_redis_rep2_20260611_223851,dd2559b7-b30c-4fec-87d0-7ffdbeb0c320,3895067,240,18.609901211561606,937398610,2078551700,2079124100,1781213936409-1
s2sf12j2_redis_rep2_20260611_223851,redis,s2sf12j2_redis_rep2_20260611_223851,904cbdd0-7559-40c5-93bb-cf32cc4f50a8,3895067,240,18.609901211561606,937398610,2079266900,2079892100,1781213936410-0
s2sf12j2_redis_rep2_20260611_223851,redis,s2sf12j2_redis_rep2_20260611_223851,519d9bd4-18d7-4c8e-859b-8d84a572f9b8,3895074,240,20.464420111985955,952852934,2080032000,2080647200,1781213936411-0
s2sf12j2_redis_rep2_20260611_223851,redis,s2sf12j2_redis_rep2_20260611_223851,de9e7764-87cf-4944-8fe5-2c6487898f77,3895074,240,20.464420111985955,952852934,2080773900,2081438600,1781213936412-0
s2sf12j2_redis_rep2_20260611_223851,redis,s2sf12j2_redis_rep2_20260611_223851,967cced6-9509-4a4f-bc44-d9358a9efdaa,3895113,240,18.53864581702246,936804815,2081617700,2082747600,1781213936412-1
s2sf12j2_redis_rep2_20260611_223851,redis,s2sf12j2_redis_rep2_20260611_223851,bc772473-a54b-4286-ac90-3e7a2cde57cf,3895052,240,19.044234702062035,941018055,2083033800,2084002400,1781213936414-0
s2sf12j2_redis_rep2_20260611_223851,redis,s2sf12j2_redis_rep2_20260611_223851,abf61b42-aee9-42ec-a079-7587daf41665,3895052,240,19.044234702062035,941018055,2084150800,2084844100,1781213936415-0
s2sf12j2_redis_rep2_20260611_223851,redis,s2sf12j2_redis_rep2_20260611_223851,3c451d86-3acc-459b-b147-66e17620685d,3895052,240,19.044234702062035,941018055,2084992300,2085605600,1781213936416-0
s2sf12j2_redis_rep2_20260611_223851,redis,s2sf12j2_redis_rep2_20260611_223851,20c87719-4039-4136-a464-0b76bf8fcb95,3895060,241,21.832702728353222,964255289,2085738300,2086379700,1781213936417-0
s2sf12j2_redis_rep2_20260611_223851,redis,s2sf12j2_redis_rep2_20260611_223851,1588a4d6-aad6-47b3-be17-ecf187891e80,3895067,241,18.69323454489494,938093054,2086537400,2087190000,1781213936417-1
s2sf12j2_redis_rep2_20260611_223851,redis,s2sf12j2_redis_rep2_20260611_223851,73248c73-24d7-467d-a8a3-c4460a8a8eda,3895052,241,19.127568035395367,941712500,2087327100,2087914800,1781213936418-0
s2sf12j2_redis_rep2_20260611_223851,redis,s2sf12j2_redis_rep2_20260611_223851,cff9e25c-04ef-48fa-aa6c-7d6793b46550,3895052,241,19.127568035395367,941712500,2088052200,2088693400,1781213936419-0
s2sf12j2_redis_rep2_20260611_223851,redis,s2sf12j2_redis_rep2_20260611_223851,9cb7e597-9ad0-4bce-86f1-4882ed215819,3895052,241,19.127568035395367,941712500,2088822100,2089480600,1781213936420-0
s2sf12j2_redis_rep2_20260611_223851,redis,s2sf12j2_redis_rep2_20260611_223851,f49586a6-6723-4a58-9b32-d8eadb110125,3895134,241,19.47514658069409,944608988,2089620900,2090170400,1781213936420-1
s2sf12j2_redis_rep2_20260611_223851,redis,s2sf12j2_redis_rep2_20260611_223851,8d6ddf7f-2405-4ce7-96a1-0ad97911a074,3895134,241,19.47514658069409,944608988,2090275900,2090801200,1781213936421-0
s2sf12j2_redis_rep2_20260611_223851,redis,s2sf12j2_redis_rep2_20260611_223851,bda48638-9908-4088-9089-c5604ab7cb37,3895086,241,19.746937795637397,946873914,2090925500,2091514200,1781213936422-0
s2sf12j2_redis_rep2_20260611_223851,redis,s2sf12j2_redis_rep2_20260611_223851,8c4605d8-c1d8-4819-966b-e2b5f69c5582,3895086,241,19.746937795637397,946873914,2091616900,2092251300,1781213936422-1
s2sf12j2_redis_rep2_20260611_223851,redis,s2sf12j2_redis_rep2_20260611_223851,17edc918-58c1-4c25-82e2-e56f00a0ceb9,3895060,242,21.91603606168656,964949733,2092385600,2092951600,1781213936423-0
s2sf12j2_redis_rep2_20260611_223851,redis,s2sf12j2_redis_rep2_20260611_223851,153f64f0-e7c3-4df9-b30e-c334c45657c2,3895060,242,21.91603606168656,964949733,2093085600,2093641100,1781213936424-0
s2sf12j2_redis_rep2_20260611_223851,redis,s2sf12j2_redis_rep2_20260611_223851,81c7d7f9-a5b4-4ba5-a6f5-cdc5d30a9663,3895060,242,21.91603606168656,964949733,2093753100,2094285800,1781213936425-0
s2sf12j2_redis_rep2_20260611_223851,redis,s2sf12j2_redis_rep2_20260611_223851,344782cb-77cb-44cb-95d5-763cc7e3e17f,3895121,242,19.85507974143181,947775097,2094386500,2094963100,1781213936425-1
s2sf12j2_redis_rep2_20260611_223851,redis,s2sf12j2_redis_rep2_20260611_223851,a9cfa2cc-3bde-4ac7-b413-b60eb1dadeed,3895067,242,18.776567878228278,938787498,2095116100,2095714900,1781213936426-0
s2sf12j2_redis_rep2_20260611_223851,redis,s2sf12j2_redis_rep2_20260611_223851,c88ef7b9-77a1-4f23-9087-fb0a98a7a192,3895067,242,18.776567878228278,938787498,2095834400,2096439800,1781213936427-0
s2sf12j2_redis_rep2_20260611_223851,redis,s2sf12j2_redis_rep2_20260611_223851,1a5a736f-8dcf-456a-be57-ffd91e45ca65,3895067,242,18.776567878228278,938787498,2096546600,2097199100,1781213936427-1
s2sf12j2_redis_rep2_20260611_223851,redis,s2sf12j2_redis_rep2_20260611_223851,1d2a8a86-c8be-4982-8909-a04c91a67073,3895107,242,19.17755125431503,942129027,2097301900,2097934600,1781213936428-0
s2sf12j2_redis_rep2_20260611_223851,redis,s2sf12j2_redis_rep2_20260611_223851,f70dcf83-40a3-4ccb-94c5-ecd399bc219a,3895134,242,19.55847991402743,945303432,2098053600,2098839400,1781213936429-0
s2sf12j2_redis_rep2_20260611_223851,redis,s2sf12j2_redis_rep2_20260611_223851,3e18f922-f609-4734-9dbe-5bc30cf10dc9,3895086,242,19.83027112897073,947568359,2098951500,2099457300,1781213936430-0
s2sf12j2_redis_rep2_20260611_223851,redis,s2sf12j2_redis_rep2_20260611_223851,2b6915a9-9be9-4b49-82ba-639d873ed4a5,3895060,243,21.99936939501989,965644178,2099561600,2100081200,1781213936430-1
s2sf12j2_redis_rep2_20260611_223851,redis,s2sf12j2_redis_rep2_20260611_223851,e655c81e-fa20-4e8a-aec9-cb837f4112ee,3895060,243,21.99936939501989,965644178,2100185800,2100760800,1781213936431-0
s2sf12j2_redis_rep2_20260611_223851,redis,s2sf12j2_redis_rep2_20260611_223851,e29bcc78-4812-4a23-a0bb-dbb1b386365e,3895113,243,18.78864581702246,938888148,2100936200,2101758000,1781213936432-0
s2sf12j2_redis_rep2_20260611_223851,redis,s2sf12j2_redis_rep2_20260611_223851,124635a1-6dab-4464-bb7e-2dd98e391ca7,3895113,243,18.78864581702246,938888148,2101944500,2102668900,1781213936433-0
s2sf12j2_redis_rep2_20260611_223851,redis,s2sf12j2_redis_rep2_20260611_223851,72aba530-d8d4-4559-9b31-ae9bab1b2129,3895134,243,19.64181324736076,945997877,2102847200,2103582100,1781213936434-0
s2sf12j2_redis_rep2_20260611_223851,redis,s2sf12j2_redis_rep2_20260611_223851,f1a07a4e-1b9a-4fb3-a68b-c02926c6f8b1,3895134,243,19.64181324736076,945997877,2103784200,2104510400,1781213936435-0
s2sf12j2_redis_rep2_20260611_223851,redis,s2sf12j2_redis_rep2_20260611_223851,35527065-8da6-493a-acd7-35d45c9e13fc,3895060,244,22.082702728353222,966338622,2104633300,2105224000,1781213936435-1
s2sf12j2_redis_rep2_20260611_223851,redis,s2sf12j2_redis_rep2_20260611_223851,dd1f273f-5818-4b79-b7ba-9e9f271b00da,3895121,244,20.021746408098476,949163986,2105349200,2105974800,1781213936436-0
s2sf12j2_redis_rep2_20260611_223851,redis,s2sf12j2_redis_rep2_20260611_223851,4903409b-3b7f-43d0-a8e0-c0edc044665a,3895121,244,20.021746408098476,949163986,2106105800,2106727900,1781213936437-0
s2sf12j2_redis_rep2_20260611_223851,redis,s2sf12j2_redis_rep2_20260611_223851,13c58c42-4403-4d24-b673-2e462aa98376,3895121,244,20.021746408098476,949163986,2106870500,2107538700,1781213936438-0
s2sf12j2_redis_rep2_20260611_223851,redis,s2sf12j2_redis_rep2_20260611_223851,a614cf8e-f99e-4113-8152-374692780a44,3895067,244,18.94323454489494,940176387,2107665400,2108356200,1781213936439-0
s2sf12j2_redis_rep2_20260611_223851,redis,s2sf12j2_redis_rep2_20260611_223851,e2c68e2e-b75c-4ba8-9573-883787d8875e,3895067,244,18.94323454489494,940176387,2108498100,2109175200,1781213936439-1
s2sf12j2_redis_rep2_20260611_223851,redis,s2sf12j2_redis_rep2_20260611_223851,e35e1956-56cb-4707-95df-7d0d7938d843,3895086,244,19.996937795637397,948957248,2109328600,2109916700,1781213936440-0
s2sf12j2_redis_rep2_20260611_223851,redis,s2sf12j2_redis_rep2_20260611_223851,0e8f1413-d59b-47ec-9251-f70210f20b0f,3895086,244,19.996937795637397,948957248,2110033400,2110580200,1781213936441-0
s2sf12j2_redis_rep2_20260611_223851,redis,s2sf12j2_redis_rep2_20260611_223851,70469754-e9ff-466e-a0ea-80b6ae48399f,3895107,245,19.42755125431503,944212360,2110681200,2111226600,1781213936441-1
s2sf12j2_redis_rep2_20260611_223851,redis,s2sf12j2_redis_rep2_20260611_223851,14d36a2e-439a-4363-985a-89eb10507ce9,3895107,245,19.42755125431503,944212360,2111366300,2111977600,1781213936442-0
s2sf12j2_redis_rep2_20260611_223851,redis,s2sf12j2_redis_rep2_20260611_223851,21dede0b-3592-49ea-a9d5-89ac71b1b282,3895052,245,19.460901368728702,944490278,2112073700,2112698800,1781213936443-0
s2sf12j2_redis_rep2_20260611_223851,redis,s2sf12j2_redis_rep2_20260611_223851,c92c7207-490c-4f75-8e99-0485e280b626,3895060,246,22.24936939501989,967727511,2112800100,2113380500,1781213936444-0
s2sf12j2_redis_rep2_20260611_223851,redis,s2sf12j2_redis_rep2_20260611_223851,a8e17e26-0a74-4dd6-aa76-d55569f0bc7d,3895060,246,22.24936939501989,967727511,2113509500,2114001000,1781213936444-1
s2sf12j2_redis_rep2_20260611_223851,redis,s2sf12j2_redis_rep2_20260611_223851,54d993e8-a8dc-4ea8-88f6-92958c4758f1,3895107,246,19.510884587648363,944906804,2114095500,2114629200,1781213936445-0
s2sf12j2_redis_rep2_20260611_223851,redis,s2sf12j2_redis_rep2_20260611_223851,e619ae8d-92f0-439c-89c4-b28d5a47566c,3895113,246,19.03864581702246,940971481,2114791200,2115309100,1781213936446-0
s2sf12j2_redis_rep2_20260611_223851,redis,s2sf12j2_redis_rep2_20260611_223851,b3916688-a71f-40ac-83ba-ebcf88241fea,3895113,246,19.03864581702246,940971481,2115424900,2116053600,1781213936446-1
s2sf12j2_redis_rep2_20260611_223851,redis,s2sf12j2_redis_rep2_20260611_223851,bde8f069-d411-493f-97d5-6f5496f030c7,3895113,246,19.03864581702246,940971481,2116161500,2116744000,1781213936447-0
s2sf12j2_redis_rep2_20260611_223851,redis,s2sf12j2_redis_rep2_20260611_223851,fe474a8e-046c-4d8c-b439-081a477b5f67,3895134,246,19.89181324736076,948081210,2116850800,2117506100,1781213936448-0
s2sf12j2_redis_rep2_20260611_223851,redis,s2sf12j2_redis_rep2_20260611_223851,c331d9f1-e5b4-4215-8c29-0c12ae07d0fe,3895134,246,19.89181324736076,948081210,2117629500,2118183200,1781213936448-1
s2sf12j2_redis_rep2_20260611_223851,redis,s2sf12j2_redis_rep2_20260611_223851,93994777-12ec-49b8-b9e7-aa4358d89c6f,3895086,246,20.16360446230406,950346137,2118299900,2118853200,1781213936449-0
s2sf12j2_redis_rep2_20260611_223851,redis,s2sf12j2_redis_rep2_20260611_223851,ff23d5d2-2668-45b7-90f0-b94a1ae8d46b,3895060,247,22.332702728353222,968421956,2118988600,2119673100,1781213936450-0
s2sf12j2_redis_rep2_20260611_223851,redis,s2sf12j2_redis_rep2_20260611_223851,ed33169e-a844-4e1c-adcf-e150cd303c45,3895060,247,22.332702728353222,968421956,2119820400,2120455900,1781213936451-0
s2sf12j2_redis_rep2_20260611_223851,redis,s2sf12j2_redis_rep2_20260611_223851,aefbfac4-fc26-4ef9-957a-87aab634d721,3895121,247,20.271746408098476,951247320,2120563700,2121130300,1781213936451-1
s2sf12j2_redis_rep2_20260611_223851,redis,s2sf12j2_redis_rep2_20260611_223851,3066699a-6bc1-44fb-a597-079f37ef1255,3895067,247,19.19323454489494,942259721,2121235400,2121838700,1781213936452-0
s2sf12j2_redis_rep2_20260611_223851,redis,s2sf12j2_redis_rep2_20260611_223851,1c63b354-a85d-49fb-a959-436969c70bd8,3895107,247,19.59421792098169,945601249,2121958600,2122583200,1781213936453-0
s2sf12j2_redis_rep2_20260611_223851,redis,s2sf12j2_redis_rep2_20260611_223851,2015c382-6367-4172-9888-040cb1050de5,3895107,247,19.59421792098169,945601249,2122692400,2123281000,1781213936453-1
s2sf12j2_redis_rep2_20260611_223851,redis,s2sf12j2_redis_rep2_20260611_223851,2d5cd8ad-b706-4ca9-b2cc-850f30956e73,3895113,247,19.12197915035579,941665926,2123391300,2124000100,1781213936454-0
s2sf12j2_redis_rep2_20260611_223851,redis,s2sf12j2_redis_rep2_20260611_223851,620742d4-224d-4705-8454-4a204380c4ae,3895113,247,19.12197915035579,941665926,2124113300,2124686600,1781213936455-0
s2sf12j2_redis_rep2_20260611_223851,redis,s2sf12j2_redis_rep2_20260611_223851,e5f06414-6c61-4d30-abea-76dc87ee2f51,3895052,247,19.627568035395367,945879166,2124789800,2125295600,1781213936455-1
s2sf12j2_redis_rep2_20260611_223851,redis,s2sf12j2_redis_rep2_20260611_223851,ba181cd8-fb21-4e0b-9680-bb52deb092e5,3895134,247,19.97514658069409,948775654,2125396900,2126098900,1781213936456-0
s2sf12j2_redis_rep2_20260611_223851,redis,s2sf12j2_redis_rep2_20260611_223851,4a66fe8f-a3e7-4faa-8668-75a5fdb0b27a,3895086,247,20.246937795637397,951040581,2126214300,2126773000,1781213936457-0
s2sf12j2_redis_rep2_20260611_223851,redis,s2sf12j2_redis_rep2_20260611_223851,ab4d2c4b-192a-4008-bd6c-274713d6958c,3895086,247,20.246937795637397,951040581,2126875400,2127361700,1781213936458-0
s2sf12j2_redis_rep2_20260611_223851,redis,s2sf12j2_redis_rep2_20260611_223851,d60b8245-40b0-43a8-876b-08f69505d1d6,3895060,248,22.41603606168656,969116400,2127467700,2127969600,1781213936458-1
s2sf12j2_redis_rep2_20260611_223851,redis,s2sf12j2_redis_rep2_20260611_223851,c7c21979-4bd2-4a01-bbb2-1b937cf113e9,3895107,248,19.67755125431503,946295693,2128074300,2128673100,1781213936459-0
s2sf12j2_redis_rep2_20260611_223851,redis,s2sf12j2_redis_rep2_20260611_223851,5bc6657b-a17c-486e-ad59-22672d97b128,3895052,248,19.710901368728702,946573611,2128814300,2129522700,1781213936460-0
s2sf12j2_redis_rep2_20260611_223851,redis,s2sf12j2_redis_rep2_20260611_223851,37ef3617-eef5-4932-b39e-7ba609cda9e9,3895052,248,19.710901368728702,946573611,2129643500,2130190200,1781213936460-1
s2sf12j2_redis_rep2_20260611_223851,redis,s2sf12j2_redis_rep2_20260611_223851,ae42d577-0431-4f31-9ead-6e4b21eb996c,3895052,248,19.710901368728702,946573611,2130295500,2130838300,1781213936461-0
s2sf12j2_redis_rep2_20260611_223851,redis,s2sf12j2_redis_rep2_20260611_223851,e22f03e1-c240-4cfb-8126-d1822a1e738b,3895086,248,20.33027112897073,951735026,2130971100,2131822800,1781213936462-0
s2sf12j2_redis_rep2_20260611_223851,redis,s2sf12j2_redis_rep2_20260611_223851,3c3c6ebe-8a92-413d-b985-2ba1fae9a34b,3895121,249,20.43841307476514,952636208,2131977200,2132627200,1781213936463-0
s2sf12j2_redis_rep2_20260611_223851,redis,s2sf12j2_redis_rep2_20260611_223851,7498434e-a29a-40c6-8bbc-b35c913149b1,3895060,249,22.49936939501989,969810844,2132753900,2133361400,1781213936464-0
s2sf12j2_redis_rep2_20260611_223851,redis,s2sf12j2_redis_rep2_20260611_223851,8ec7e7a3-3e78-4452-ab7c-60de3489eb2a,3895121,249,20.43841307476514,952636208,2133493800,2134023600,1781213936464-1
s2sf12j2_redis_rep2_20260611_223851,redis,s2sf12j2_redis_rep2_20260611_223851,8260c198-30a9-462e-9979-46e59fdcff2b,3895060,249,22.49936939501989,969810844,2134143700,2134690300,1781213936465-0
s2sf12j2_redis_rep2_20260611_223851,redis,s2sf12j2_redis_rep2_20260611_223851,e0e232f1-f077-4900-adaf-02d79dba1aa2,3895121,249,20.43841307476514,952636208,2134792500,2135342000,1781213936466-0
s2sf12j2_redis_rep2_20260611_223851,redis,s2sf12j2_redis_rep2_20260611_223851,5a749fee-582f-4572-9cc8-4d8a5fb45e1e,3895067,249,19.359901211561606,943648610,2135482300,2136010300,1781213936466-1
s2sf12j2_redis_rep2_20260611_223851,redis,s2sf12j2_redis_rep2_20260611_223851,5cde3f68-d1d9-416a-bdae-47ffc68cb272,3895067,249,19.359901211561606,943648610,2136104400,2136651500,1781213936467-0
s2sf12j2_redis_rep2_20260611_223851,redis,s2sf12j2_redis_rep2_20260611_223851,af8ff7f6-55f8-4283-a775-d12939169496,3895107,249,19.760884587648363,946990138,2136740400,2137280200,1781213936468-0
s2sf12j2_redis_rep2_20260611_223851,redis,s2sf12j2_redis_rep2_20260611_223851,6bb5ebdd-ec00-4dc5-ae7d-4faf39b4ca84,3895107,249,19.760884587648363,946990138,2137371600,2137927600,1781213936468-1
s2sf12j2_redis_rep2_20260611_223851,redis,s2sf12j2_redis_rep2_20260611_223851,e064f784-ea92-4ce3-9871-79998510315f,3895113,249,19.28864581702246,943054815,2138027400,2138578700,1781213936469-0
s2sf12j2_redis_rep2_20260611_223851,redis,s2sf12j2_redis_rep2_20260611_223851,a950b945-5931-47bb-8893-416fe97adb6f,3895113,249,19.28864581702246,943054815,2138665800,2139197800,1781213936469-1
s2sf12j2_redis_rep2_20260611_223851,redis,s2sf12j2_redis_rep2_20260611_223851,3338b6f2-30a2-4ddc-bc42-6f104e07417c,3895052,249,19.794234702062035,947268055,2139281400,2139827500,1781213936470-0
s2sf12j2_redis_rep2_20260611_223851,redis,s2sf12j2_redis_rep2_20260611_223851,dff59e8e-9bba-4344-b4d7-c048dc7bc0d2,3895134,249,20.14181324736076,950164543,2139907200,2140439900,1781213936471-0
s2sf12j2_redis_rep2_20260611_223851,redis,s2sf12j2_redis_rep2_20260611_223851,2fc35d8e-0ed5-4615-80df-5cbeb2e876d6,3895134,249,20.14181324736076,950164543,2140534900,2141033000,1781213936471-1
s2sf12j2_redis_rep2_20260611_223851,redis,s2sf12j2_redis_rep2_20260611_223851,2e1f6e6f-d929-430c-89f1-793076acf34e,3895121,250,20.521746408098476,953330653,2141143200,2141652300,1781213936472-0
s2sf12j2_redis_rep2_20260611_223851,redis,s2sf12j2_redis_rep2_20260611_223851,f9105148-0173-48a8-a0e7-8f2868f34607,3895121,250,20.521746408098476,953330653,2141737200,2142223000,1781213936472-1
s2sf12j2_redis_rep2_20260611_223851,redis,s2sf12j2_redis_rep2_20260611_223851,9687c7e2-1feb-4770-9bed-1359c7f10699,3895067,250,19.44323454489494,944343054,2142327100,2142913100,1781213936473-0
s2sf12j2_redis_rep2_20260611_223851,redis,s2sf12j2_redis_rep2_20260611_223851,763d3753-8c73-4787-908b-2f1fab2f7cb5,3895067,250,19.44323454489494,944343054,2142999200,2143465800,1781213936474-0
s2sf12j2_redis_rep2_20260611_223851,redis,s2sf12j2_redis_rep2_20260611_223851,5a633cce-0730-45b3-be3b-46490a79f46c,3895067,250,19.44323454489494,944343054,2143608900,2144198500,1781213936474-1
s2sf12j2_redis_rep2_20260611_223851,redis,s2sf12j2_redis_rep2_20260611_223851,5572f10b-277c-4944-b80f-843659418dbb,3895086,250,20.496937795637397,953123914,2144353100,2144950600,1781213936475-0
s2sf12j2_redis_rep2_20260611_223851,redis,s2sf12j2_redis_rep2_20260611_223851,bcc0a902-4f8e-4fae-b636-60e4fa615546,3895086,250,20.496937795637397,953123914,2145038300,2145685000,1781213936476-0
s2sf12j2_redis_rep2_20260611_223851,redis,s2sf12j2_redis_rep2_20260611_223851,d7b7a8a5-73a9-484f-a409-e1b805c01c87,3895067,251,19.526567878228278,945037498,2145785200,2146294700,1781213936477-0
s2sf12j2_redis_rep2_20260611_223851,redis,s2sf12j2_redis_rep2_20260611_223851,23a3f1a2-dac5-464c-adad-a58b446b585e,3895067,251,19.526567878228278,945037498,2146384800,2147017500,1781213936477-1
s2sf12j2_redis_rep2_20260611_223851,redis,s2sf12j2_redis_rep2_20260611_223851,4252a4ee-a0ef-4198-8de4-5a2f9522ce8e,3895113,251,19.455312483689127,944443704,2147154100,2147828100,1781213936478-0
s2sf12j2_redis_rep2_20260611_223851,redis,s2sf12j2_redis_rep2_20260611_223851,ab95580a-c5fd-4355-9cd4-ae53b8c8d220,3895113,251,19.455312483689127,944443704,2147996800,2148631300,1781213936479-0
s2sf12j2_redis_rep2_20260611_223851,redis,s2sf12j2_redis_rep2_20260611_223851,6b91badb-145b-403b-9cd4-6b2f130ca1a8,3895134,251,20.30847991402743,951553432,2148756000,2149334200,1781213936480-0
s2sf12j2_redis_rep2_20260611_223851,redis,s2sf12j2_redis_rep2_20260611_223851,372988d2-7155-4aa1-8ed8-d55c968cd8d0,3895134,251,20.30847991402743,951553432,2149491800,2150111600,1781213936480-1
s2sf12j2_redis_rep2_20260611_223851,redis,s2sf12j2_redis_rep2_20260611_223851,15701045-40e6-4a1e-9941-11812194ff4d,3895086,251,20.58027112897073,953818359,2150223000,2150816300,1781213936481-0
s2sf12j2_redis_rep2_20260611_223851,redis,s2sf12j2_redis_rep2_20260611_223851,6ba5f009-b494-430a-b179-7ddd78697f3e,3895086,251,20.58027112897073,953818359,2150943700,2151516500,1781213936482-0
s2sf12j2_redis_rep2_20260611_223851,redis,s2sf12j2_redis_rep2_20260611_223851,b6ea3ad2-1e31-48c5-b19a-98e10ea0ed90,3895121,252,20.68841307476514,954719542,2151623300,2152196500,1781213936482-1
s2sf12j2_redis_rep2_20260611_223851,redis,s2sf12j2_redis_rep2_20260611_223851,5d3a3138-c963-46ac-837e-56722f5994c3,3895067,252,19.609901211561606,945731943,2152294000,2152904600,1781213936483-0
s2sf12j2_redis_rep2_20260611_223851,redis,s2sf12j2_redis_rep2_20260611_223851,f5b915a8-bd5f-4dda-9c57-a42ce35d6eff,3895067,252,19.609901211561606,945731943,2153025300,2153709400,1781213936484-0
s2sf12j2_redis_rep2_20260611_223851,redis,s2sf12j2_redis_rep2_20260611_223851,4f9680a1-cfc9-4d05-a51f-9173fa11ee92,3895113,252,19.53864581702246,945138148,2153820400,2154399100,1781213936485-0
s2sf12j2_redis_rep2_20260611_223851,redis,s2sf12j2_redis_rep2_20260611_223851,abf165aa-2ce1-4c25-bf70-490c5b2abd92,3895052,252,20.044234702062035,949351389,2154487600,2154974500,1781213936485-1
s2sf12j2_redis_rep2_20260611_223851,redis,s2sf12j2_redis_rep2_20260611_223851,41c508b5-f7de-4d1c-9906-43812e26e08a,3895052,252,20.044234702062035,949351389,2155064000,2155727900,1781213936486-0
s2sf12j2_redis_rep2_20260611_223851,redis,s2sf12j2_redis_rep2_20260611_223851,68b1846d-ccc6-4d31-9345-9d67b3c84731,3895134,252,20.39181324736076,952247877,2155848300,2156558000,1781213936487-0
s2sf12j2_redis_rep2_20260611_223851,redis,s2sf12j2_redis_rep2_20260611_223851,47b7a3a6-df98-4b63-ab6c-0e67b237fd2e,3895086,252,20.66360446230406,954512803,2156650100,2157153600,1781213936487-1
s2sf12j2_redis_rep2_20260611_223851,redis,s2sf12j2_redis_rep2_20260611_223851,f30a4e52-e1bb-44d6-bbd6-b5427066570a,3895086,252,20.66360446230406,954512803,2157241500,2157930500,1781213936488-0
s2sf12j2_redis_rep2_20260611_223851,redis,s2sf12j2_redis_rep2_20260611_223851,23fcb1c6-448a-41c6-9ded-603f0e8de891,3895121,253,20.771746408098476,955413986,2158045200,2158823400,1781213936489-0
s2sf12j2_redis_rep2_20260611_223851,redis,s2sf12j2_redis_rep2_20260611_223851,827b2d28-2f37-4572-ab9c-069ea5dc9fff,3895121,253,20.771746408098476,955413986,2158908100,2159499600,1781213936490-0
s2sf12j2_redis_rep2_20260611_223851,redis,s2sf12j2_redis_rep2_20260611_223851,72bc8fb9-e854-4b72-9eb4-dbbdd76334be,3895067,253,19.69323454489494,946426387,2159609200,2160071700,1781213936490-1
s2sf12j2_redis_rep2_20260611_223851,redis,s2sf12j2_redis_rep2_20260611_223851,3b054ec0-afd6-4c32-b327-590cc4dd5ffe,3895107,253,20.09421792098169,949767916,2160153200,2160665600,1781213936491-0
s2sf12j2_redis_rep2_20260611_223851,redis,s2sf12j2_redis_rep2_20260611_223851,3aa3e80d-bde0-42ac-ae3a-3a3cd099742e,3895113,253,19.62197915035579,945832592,2160742100,2161158700,1781213936491-1
s2sf12j2_redis_rep2_20260611_223851,redis,s2sf12j2_redis_rep2_20260611_223851,c3eaf442-02ed-45bb-afff-81e4f9edadde,3895113,253,19.62197915035579,945832592,2161239500,2161789000,1781213936492-0
s2sf12j2_redis_rep2_20260611_223851,redis,s2sf12j2_redis_rep2_20260611_223851,e838618f-44ac-4e66-9194-d60c3f6e7abd,3895134,253,20.47514658069409,952942321,2161878400,2162391700,1781213936493-0
s2sf12j2_redis_rep2_20260611_223851,redis,s2sf12j2_redis_rep2_20260611_223851,56fce890-c539-4246-a231-394586bd980e,3895134,253,20.47514658069409,952942321,2162470600,2162969700,1781213936493-1
s2sf12j2_redis_rep2_20260611_223851,redis,s2sf12j2_redis_rep2_20260611_223851,7fba15f7-3edd-42da-a02b-e01058bec0e0,3895121,254,20.85507974143181,956108431,2163065900,2163651200,1781213936494-0
s2sf12j2_redis_rep2_20260611_223851,redis,s2sf12j2_redis_rep2_20260611_223851,f2326a2b-22e5-4161-8cc2-d1b54c4ff1e0,3895067,254,19.776567878228278,947120832,2163743600,2164301200,1781213936494-1
s2sf12j2_redis_rep2_20260611_223851,redis,s2sf12j2_redis_rep2_20260611_223851,62c0e076-6974-44ef-87e6-6abc089b20e5,3895067,254,19.776567878228278,947120832,2164404300,2164989500,1781213936495-0
s2sf12j2_redis_rep2_20260611_223851,redis,s2sf12j2_redis_rep2_20260611_223851,07605dac-9101-4084-85b6-0ff3aa13e713,3895107,254,20.17755125431503,950462360,2165097100,2165645900,1781213936496-0
s2sf12j2_redis_rep2_20260611_223851,redis,s2sf12j2_redis_rep2_20260611_223851,1f7b4eb1-045d-49b3-84a9-705211597510,3895113,254,19.705312483689127,946527037,2165747300,2166268200,1781213936496-1
s2sf12j2_redis_rep2_20260611_223851,redis,s2sf12j2_redis_rep2_20260611_223851,95495ca4-d30a-4194-9aad-46c67cc236cf,3895113,254,19.705312483689127,946527037,2166354800,2166841400,1781213936497-0
s2sf12j2_redis_rep2_20260611_223851,redis,s2sf12j2_redis_rep2_20260611_223851,0305b979-98f5-4dce-ae43-b9e06c071c2d,3895086,254,20.83027112897073,955901692,2166926600,2167451200,1781213936498-0
s2sf12j2_redis_rep2_20260611_223851,redis,s2sf12j2_redis_rep2_20260611_223851,7aaf1c25-30a6-42b9-b9bd-63b2d39326d9,3895086,254,20.83027112897073,955901692,2167537000,2168017500,1781213936498-1
s2sf12j2_redis_rep2_20260611_223851,redis,s2sf12j2_redis_rep2_20260611_223851,74cdadbe-4ae0-41f1-bd31-9066e33654db,3895086,254,20.83027112897073,955901692,2168104000,2168692500,1781213936499-0
s2sf12j2_redis_rep2_20260611_223851,redis,s2sf12j2_redis_rep2_20260611_223851,a6ff0aaa-7566-4d4f-a06c-46ace6c47dd0,3895121,255,20.93841307476514,956802875,2168803800,2169409200,1781213936500-0
s2sf12j2_redis_rep2_20260611_223851,redis,s2sf12j2_redis_rep2_20260611_223851,53c837f3-864c-4d65-9556-8026ebaf94f3,3895121,255,20.93841307476514,956802875,2169498300,2170166300,1781213936500-1
s2sf12j2_redis_rep2_20260611_223851,redis,s2sf12j2_redis_rep2_20260611_223851,790592ad-c30c-4fa2-874e-b463207cfb0d,3895121,255,20.93841307476514,956802875,2170279600,2170949400,1781213936501-0
s2sf12j2_redis_rep2_20260611_223851,redis,s2sf12j2_redis_rep2_20260611_223851,475bf600-abec-46e1-aa92-2d063bd4077c,3895067,255,19.859901211561606,947815276,2171042600,2171549300,1781213936502-0
s2sf12j2_redis_rep2_20260611_223851,redis,s2sf12j2_redis_rep2_20260611_223851,b10113ce-a8de-48f5-8517-af3279ec8628,3895067,255,19.859901211561606,947815276,2171635500,2172118600,1781213936502-1
s2sf12j2_redis_rep2_20260611_223851,redis,s2sf12j2_redis_rep2_20260611_223851,863a3ccc-d506-437d-8d85-656626a95677,3895067,255,19.859901211561606,947815276,2172248100,2172780600,1781213936503-0
s2sf12j2_redis_rep2_20260611_223851,redis,s2sf12j2_redis_rep2_20260611_223851,3f6e1998-3960-47d3-a9a3-d937889a724b,3895107,255,20.260884587648363,951156804,2172870400,2173459100,1781213936504-0
s2sf12j2_redis_rep2_20260611_223851,redis,s2sf12j2_redis_rep2_20260611_223851,1a436570-6eda-405a-a093-7841eb59112e,3895107,255,20.260884587648363,951156804,2173555800,2174086900,1781213936504-1
s2sf12j2_redis_rep2_20260611_223851,redis,s2sf12j2_redis_rep2_20260611_223851,ed6fcf57-b0a1-42ba-b892-7aaa0a8c1763,3895113,255,19.78864581702246,947221481,2174173000,2174647900,1781213936505-0
s2sf12j2_redis_rep2_20260611_223851,redis,s2sf12j2_redis_rep2_20260611_223851,cf794ce2-9fb3-4b38-8268-3b4f01194d09,3895086,255,20.91360446230406,956596137,2174775600,2175361500,1781213936506-0
s2sf12j2_redis_rep2_20260611_223851,redis,s2sf12j2_redis_rep2_20260611_223851,6d5c715e-caca-428e-984d-b85c4705e734,3895086,255,20.91360446230406,956596137,2175453700,2175987000,1781213936506-1
s2sf12j2_redis_rep2_20260611_223851,redis,s2sf12j2_redis_rep2_20260611_223851,52a86328-9c1c-4ae5-8a45-43a5e89ac59c,3895067,256,19.94323454489494,948509721,2176065700,2176582300,1781213936507-0
s2sf12j2_redis_rep2_20260611_223851,redis,s2sf12j2_redis_rep2_20260611_223851,4ba28518-4c9e-44cb-ac7f-39b0806cbba9,3895067,256,19.94323454489494,948509721,2176660800,2177218200,1781213936507-1
s2sf12j2_redis_rep2_20260611_223851,redis,s2sf12j2_redis_rep2_20260611_223851,a5f68153-d972-4a57-a0e5-0cb301466d19,3895067,256,19.94323454489494,948509721,2177296300,2177768100,1781213936508-0
s2sf12j2_redis_rep2_20260611_223851,redis,s2sf12j2_redis_rep2_20260611_223851,0db67404-1c02-4346-ae52-a14c248ee179,3895113,256,19.87197915035579,947915926,2177845000,2178721800,1781213936509-0
s2sf12j2_redis_rep2_20260611_223851,redis,s2sf12j2_redis_rep2_20260611_223851,e22ba07a-d04f-4fc4-9f5c-0f02a69be95b,3895134,256,20.72514658069409,955025654,2178854300,2179442000,1781213936510-0
s2sf12j2_redis_rep2_20260611_223851,redis,s2sf12j2_redis_rep2_20260611_223851,6ec97d1a-06e8-4b68-979d-3020292d1441,3895086,256,20.996937795637397,957290581,2179561000,2180075600,1781213936510-1
s2sf12j2_redis_rep2_20260611_223851,redis,s2sf12j2_redis_rep2_20260611_223851,23706c78-86ab-456e-a979-df8e697e6909,3895086,256,20.996937795637397,957290581,2180216100,2180768100,1781213936511-0
s2sf12j2_redis_rep2_20260611_223851,redis,s2sf12j2_redis_rep2_20260611_223851,59a991c1-59bf-4fad-8f31-088615a3ba09,3895121,257,21.10507974143181,958191764,2180883900,2181476700,1781213936512-0
s2sf12j2_redis_rep2_20260611_223851,redis,s2sf12j2_redis_rep2_20260611_223851,cb14ea90-5d2b-47c7-9bc3-b5c8d67229b9,3895121,257,21.10507974143181,958191764,2181583200,2182269100,1781213936512-1
s2sf12j2_redis_rep2_20260611_223851,redis,s2sf12j2_redis_rep2_20260611_223851,62e1ac85-475b-41c2-9b77-e59c9e842495,3895107,257,20.42755125431503,952545693,2182401400,2183126800,1781213936513-0
s2sf12j2_redis_rep2_20260611_223851,redis,s2sf12j2_redis_rep2_20260611_223851,3e16c4a5-f67a-49d4-b9a6-3c4ce4920dff,3895134,257,20.80847991402743,955720099,2183262400,2183933900,1781213936514-0
s2sf12j2_redis_rep2_20260611_223851,redis,s2sf12j2_redis_rep2_20260611_223851,e4df921b-4a22-4c53-911c-f17696fbd589,3895134,257,20.80847991402743,955720099,2184047900,2184578100,1781213936515-0
s2sf12j2_redis_rep2_20260611_223851,redis,s2sf12j2_redis_rep2_20260611_223851,54204948-7ae4-4ee2-afe1-e0ddd2bd4aec,3895086,257,21.08027112897073,957985026,2184685000,2185196600,1781213936515-1
s2sf12j2_redis_rep2_20260611_223851,redis,s2sf12j2_redis_rep2_20260611_223851,73a9ced2-4181-48ba-846e-bdb30829fcce,3895086,257,21.08027112897073,957985026,2185306000,2185866000,1781213936516-0
s2sf12j2_redis_rep2_20260611_223851,redis,s2sf12j2_redis_rep2_20260611_223851,38e2a384-9e04-4022-80d7-b973f795b0a9,3895067,258,20.109901211561606,949898610,2185957600,2186489200,1781213936517-0
s2sf12j2_redis_rep2_20260611_223851,redis,s2sf12j2_redis_rep2_20260611_223851,bf15dbac-44e7-4bff-a8f0-603372cda1a0,3895067,258,20.109901211561606,949898610,2186615300,2187146600,1781213936517-1
s2sf12j2_redis_rep2_20260611_223851,redis,s2sf12j2_redis_rep2_20260611_223851,f5117633-0494-4caf-8991-e6e6e82a6d58,3895074,258,21.964420111985955,965352934,2187251700,2187823900,1781213936518-0
s2sf12j2_redis_rep2_20260611_223851,redis,s2sf12j2_redis_rep2_20260611_223851,1f90c84b-8198-4fe6-926e-b127432fe1ce,3895107,258,20.510884587648363,953240138,2187920200,2188422000,1781213936519-0
s2sf12j2_redis_rep2_20260611_223851,redis,s2sf12j2_redis_rep2_20260611_223851,cc6dccb1-5860-46f3-8735-8e8f428d01b9,3895107,258,20.510884587648363,953240138,2188513500,2189131700,1781213936519-1
s2sf12j2_redis_rep2_20260611_223851,redis,s2sf12j2_redis_rep2_20260611_223851,e03baa4b-601d-4da7-8fea-80b62a62484d,3895086,258,21.16360446230406,958679470,2189222400,2189903000,1781213936520-0
s2sf12j2_redis_rep2_20260611_223851,redis,s2sf12j2_redis_rep2_20260611_223851,68854cd3-aa73-4048-ade3-4704949a8de0,3895086,258,21.16360446230406,958679470,2189991900,2190566500,1781213936521-0
s2sf12j2_redis_rep2_20260611_223851,redis,s2sf12j2_redis_rep2_20260611_223851,b48dd5a9-9fda-4540-9579-1eb7241c1732,3895086,258,21.16360446230406,958679470,2190682500,2191213100,1781213936521-1
s2sf12j2_redis_rep2_20260611_223851,redis,s2sf12j2_redis_rep2_20260611_223851,2e46e287-e9c1-4099-a47b-5bd15f749fdd,3895121,259,21.271746408098476,959580653,2191311300,2191861600,1781213936522-0
s2sf12j2_redis_rep2_20260611_223851,redis,s2sf12j2_redis_rep2_20260611_223851,e2076784-c7cd-4a7b-911d-32148bdcb668,3895067,259,20.19323454489494,950593054,2191946600,2192545600,1781213936523-0
s2sf12j2_redis_rep2_20260611_223851,redis,s2sf12j2_redis_rep2_20260611_223851,e9f720af-7816-4335-a7c7-128a55d24113,3895107,259,20.59421792098169,953934582,2192661800,2193416500,1781213936524-0
s2sf12j2_redis_rep2_20260611_223851,redis,s2sf12j2_redis_rep2_20260611_223851,663fed60-ccc7-45ed-b398-8c2b0921fb53,3895113,259,20.12197915035579,949999259,2193506200,2194098800,1781213936524-1
s2sf12j2_redis_rep2_20260611_223851,redis,s2sf12j2_redis_rep2_20260611_223851,9b56a464-22da-4631-8ac9-d069ad9e27a8,3895113,259,20.12197915035579,949999259,2194239200,2194814700,1781213936525-0
s2sf12j2_redis_rep2_20260611_223851,redis,s2sf12j2_redis_rep2_20260611_223851,10838d52-0301-4524-876a-0b60517930a0,3895113,259,20.12197915035579,949999259,2194944200,2195661200,1781213936526-0
s2sf12j2_redis_rep2_20260611_223851,redis,s2sf12j2_redis_rep2_20260611_223851,47215bf6-9a9b-44ef-83e0-300fed2e90e6,3895086,259,21.246937795637397,959373914,2195756500,2196426500,1781213936527-0
s2sf12j2_redis_rep2_20260611_223851,redis,s2sf12j2_redis_rep2_20260611_223851,6a23b116-5052-424c-8edb-ec17fc93049c,3895086,259,21.246937795637397,959373914,2196520300,2197046800,1781213936527-1
s2sf12j2_redis_rep2_20260611_223851,redis,s2sf12j2_redis_rep2_20260611_223851,9aa277b0-c06e-4c8f-871f-fc858ede75a1,3895095,260,22.558765857756438,970305815,2197132000,2197704800,1781213936528-0
s2sf12j2_redis_rep2_20260611_223851,redis,s2sf12j2_redis_rep2_20260611_223851,6bcac124-e4dc-45f1-b0bd-21ed8e841c40,3895121,260,21.35507974143181,960275097,2197788600,2198254600,1781213936529-0
s2sf12j2_redis_rep2_20260611_223851,redis,s2sf12j2_redis_rep2_20260611_223851,ee0a8cc6-0d4e-4359-8cdc-c4657c2527ba,3895121,260,21.35507974143181,960275097,2198339000,2199077400,1781213936529-1
s2sf12j2_redis_rep2_20260611_223851,redis,s2sf12j2_redis_rep2_20260611_223851,ea4cd5da-c431-45e1-9579-f6afcf1d18e1,3895074,260,22.131086778652623,966741823,2199164100,2199684500,1781213936530-0
s2sf12j2_redis_rep2_20260611_223851,redis,s2sf12j2_redis_rep2_20260611_223851,0125e4f0-5e8a-476d-8cfe-ea841d753ef4,3895067,260,20.276567878228278,951287498,2199769200,2200304300,1781213936531-0
s2sf12j2_redis_rep2_20260611_223851,redis,s2sf12j2_redis_rep2_20260611_223851,ed84fc85-9f8b-412f-81c2-680173fb86ae,3895074,260,22.131086778652623,966741823,2200390100,2200955900,1781213936531-1
s2sf12j2_redis_rep2_20260611_223851,redis,s2sf12j2_redis_rep2_20260611_223851,4942bd70-328f-4b42-b1a0-ca86e5ed0132,3895067,260,20.276567878228278,951287498,2201087500,2201702300,1781213936532-0
s2sf12j2_redis_rep2_20260611_223851,redis,s2sf12j2_redis_rep2_20260611_223851,5dad505a-6623-4536-b2ac-6022b8da73d4,3895107,260,20.67755125431503,954629027,2201789000,2202321100,1781213936533-0
s2sf12j2_redis_rep2_20260611_223851,redis,s2sf12j2_redis_rep2_20260611_223851,485ae714-24e3-4f42-b361-07329c135923,3895107,260,20.67755125431503,954629027,2202412400,2202976900,1781213936533-1
s2sf12j2_redis_rep2_20260611_223851,redis,s2sf12j2_redis_rep2_20260611_223851,71cc3eec-93e6-4ef6-a5c2-af39d963246d,3895113,260,20.205312483689127,950693704,2203062900,2203563400,1781213936534-0
s2sf12j2_redis_rep2_20260611_223851,redis,s2sf12j2_redis_rep2_20260611_223851,0ca04aaf-412c-44d0-a7a2-8b121880b269,3895113,260,20.205312483689127,950693704,2203649600,2204085900,1781213936534-1
s2sf12j2_redis_rep2_20260611_223851,redis,s2sf12j2_redis_rep2_20260611_223851,996cd44e-aacc-4356-94f2-018d44db541e,3895095,261,22.64209919108977,971000259,2204164000,2204648500,1781213936535-0
s2sf12j2_redis_rep2_20260611_223851,redis,s2sf12j2_redis_rep2_20260611_223851,16bc8159-f671-475a-bcba-c53e4796be16,3895074,261,22.214420111985955,967436267,2204726800,2205292300,1781213936536-0
s2sf12j2_redis_rep2_20260611_223851,redis,s2sf12j2_redis_rep2_20260611_223851,0fe5d0e6-56a8-4c1e-b502-944527c8b3b2,3895067,261,20.359901211561606,951981943,2205375100,2205816200,1781213936536-1
s2sf12j2_redis_rep2_20260611_223851,redis,s2sf12j2_redis_rep2_20260611_223851,24493149-eac2-44f2-b2f5-271189452a64,3895134,261,21.14181324736076,958497877,2205923900,2206438900,1781213936537-0
s2sf12j2_redis_rep2_20260611_223851,redis,s2sf12j2_redis_rep2_20260611_223851,cfa33c23-5e87-40cc-8d8c-c0758d159bc3,3895121,262,21.521746408098476,961663986,2206541600,2207105000,1781213936537-1
s2sf12j2_redis_rep2_20260611_223851,redis,s2sf12j2_redis_rep2_20260611_223851,10d650b0-aeb3-480f-a773-2363ee75ceac,3895074,262,22.297753445319287,968130712,2207215200,2207661500,1781213936538-0
s2sf12j2_redis_rep2_20260611_223851,redis,s2sf12j2_redis_rep2_20260611_223851,f095118b-5d42-442e-a60a-331f0f9173be,3895074,262,22.297753445319287,968130712,2207743800,2208343000,1781213936539-0
s2sf12j2_redis_rep2_20260611_223851,redis,s2sf12j2_redis_rep2_20260611_223851,514d34a6-6e55-491c-a213-7c9fa1c0b7fb,3895107,262,20.84421792098169,956017916,2208433000,2209176400,1781213936539-1
s2sf12j2_redis_rep2_20260611_223851,redis,s2sf12j2_redis_rep2_20260611_223851,4e2224cd-3e95-48e5-9712-7710ef3f1c0a,3895134,262,21.22514658069409,959192321,2209361700,2210033700,1781213936540-0
s2sf12j2_redis_rep2_20260611_223851,redis,s2sf12j2_redis_rep2_20260611_223851,f1cd4674-ad76-45d4-9628-c4e224ac2f35,3895134,262,21.22514658069409,959192321,2210213600,2210795000,1781213936541-0
s2sf12j2_redis_rep2_20260611_223851,redis,s2sf12j2_redis_rep2_20260611_223851,66caab40-09c3-446d-a427-cf45c915444d,3895086,262,21.496937795637397,961457248,2210935400,2211506900,1781213936542-0
s2sf12j2_redis_rep2_20260611_223851,redis,s2sf12j2_redis_rep2_20260611_223851,8618303d-99e2-4e41-bfce-73679717791a,3895121,263,21.60507974143181,962358431,2211641300,2212301300,1781213936542-1
s2sf12j2_redis_rep2_20260611_223851,redis,s2sf12j2_redis_rep2_20260611_223851,bc4a7ba2-d4e7-4286-8374-d79a5779f841,3895121,263,21.60507974143181,962358431,2212461000,2213066700,1781213936543-0
s2sf12j2_redis_rep2_20260611_223851,redis,s2sf12j2_redis_rep2_20260611_223851,8298e9c7-a913-4efc-a9ba-9ee43d90dcc5,3895067,263,20.526567878228278,953370832,2213186600,2213759100,1781213936544-0
s2sf12j2_redis_rep2_20260611_223851,redis,s2sf12j2_redis_rep2_20260611_223851,13e41f11-b758-4c70-b60d-97d3887b664b,3895067,263,20.526567878228278,953370832,2213870100,2214431900,1781213936545-0
s2sf12j2_redis_rep2_20260611_223851,redis,s2sf12j2_redis_rep2_20260611_223851,18d31a96-ce5f-4b9f-83fc-6d5e684cf434,3895067,263,20.526567878228278,953370832,2214549900,2215022900,1781213936545-1
s2sf12j2_redis_rep2_20260611_223851,redis,s2sf12j2_redis_rep2_20260611_223851,6282f2ed-5306-4692-97a8-018abed55a97,3895086,263,21.58027112897073,962151692,2215128800,2215587700,1781213936546-0
s2sf12j2_redis_rep2_20260611_223851,redis,s2sf12j2_redis_rep2_20260611_223851,0d575998-33de-49ca-b066-2b07f6d5b877,3895086,263,21.58027112897073,962151692,2215720200,2216242900,1781213936547-0
s2sf12j2_redis_rep2_20260611_223851,redis,s2sf12j2_redis_rep2_20260611_223851,2c155794-7231-487e-8463-a99b8c0bf033,3895086,263,21.58027112897073,962151692,2216342300,2216868500,1781213936547-1
s2sf12j2_redis_rep2_20260611_223851,redis,s2sf12j2_redis_rep2_20260611_223851,92038172-7102-4357-88a0-d66531d0be4e,3895086,263,21.58027112897073,962151692,2216989300,2217588200,1781213936548-0
s2sf12j2_redis_rep2_20260611_223851,redis,s2sf12j2_redis_rep2_20260611_223851,8fe456b1-05c6-45d3-8b82-1ac9bf0fe7be,3895067,264,20.609901211561606,954065276,2217681100,2218160600,1781213936548-1
s2sf12j2_redis_rep2_20260611_223851,redis,s2sf12j2_redis_rep2_20260611_223851,3d789615-1091-409c-85fd-685e7676feda,3895067,264,20.609901211561606,954065276,2218250800,2218730100,1781213936549-0
s2sf12j2_redis_rep2_20260611_223851,redis,s2sf12j2_redis_rep2_20260611_223851,13ee56a2-d705-49a4-ab4a-d4d369100413,3895107,264,21.010884587648363,957406804,2218818800,2219257600,1781213936550-0
s2sf12j2_redis_rep2_20260611_223851,redis,s2sf12j2_redis_rep2_20260611_223851,9c10cb13-35c4-4526-ac97-d99683b9e699,3895107,264,21.010884587648363,957406804,2219340600,2219956800,1781213936550-1
s2sf12j2_redis_rep2_20260611_223851,redis,s2sf12j2_redis_rep2_20260611_223851,efb93bf2-d768-4a93-af9f-ca59ff1274c9,3895134,264,21.39181324736076,960581210,2220051800,2220599600,1781213936551-0
s2sf12j2_redis_rep2_20260611_223851,redis,s2sf12j2_redis_rep2_20260611_223851,b6c7894b-dd9c-454c-8216-795a1b1cf868,3895134,265,21.47514658069409,961275654,2220698700,2221224100,1781213936551-1
s2sf12j2_redis_rep2_20260611_223851,redis,s2sf12j2_redis_rep2_20260611_223851,34c88955-3322-45ec-8d48-1dc784b8d9cb,3895086,265,21.746937795637397,963540581,2221311500,2221812900,1781213936552-0
s2sf12j2_redis_rep2_20260611_223851,redis,s2sf12j2_redis_rep2_20260611_223851,88b7d2c5-ea70-4802-8e21-22e5bec35408,3895086,265,21.746937795637397,963540581,2221898900,2222424200,1781213936553-0
s2sf12j2_redis_rep2_20260611_223851,redis,s2sf12j2_redis_rep2_20260611_223851,9e776352-0652-4d54-bb99-2af9245e34bd,3895121,266,21.85507974143181,964441764,2222531500,2223069800,1781213936553-1
s2sf12j2_redis_rep2_20260611_223851,redis,s2sf12j2_redis_rep2_20260611_223851,b554adb2-7947-471d-978b-65ab486e3695,3895107,266,21.17755125431503,958795693,2223179400,2223718600,1781213936554-0
s2sf12j2_redis_rep2_20260611_223851,redis,s2sf12j2_redis_rep2_20260611_223851,095beac9-7bb6-4509-8f3b-046dbe3256e6,3895086,266,21.83027112897073,964235026,2223805300,2224588600,1781213936555-0
s2sf12j2_redis_rep2_20260611_223851,redis,s2sf12j2_redis_rep2_20260611_223851,2180041b-af64-4877-a4d2-385bd5e76108,3895086,266,21.83027112897073,964235026,2224717700,2225328000,1781213936556-0
s2sf12j2_redis_rep2_20260611_223851,redis,s2sf12j2_redis_rep2_20260611_223851,ed4f581a-98cf-437d-b2d9-6ab817f3a8e1,3895086,266,21.83027112897073,964235026,2225450600,2226138300,1781213936556-1
s2sf12j2_redis_rep2_20260611_223851,redis,s2sf12j2_redis_rep2_20260611_223851,9e68e4a2-3f54-4586-9c97-d02b4d59c25f,3895086,266,21.83027112897073,964235026,2226250700,2226767600,1781213936557-0
s2sf12j2_redis_rep2_20260611_223851,redis,s2sf12j2_redis_rep2_20260611_223851,b9cd084b-db1f-4e4d-bb2b-8df05782ef9e,3895060,267,23.99936939501989,982310844,2226903700,2227531700,1781213936558-0
s2sf12j2_redis_rep2_20260611_223851,redis,s2sf12j2_redis_rep2_20260611_223851,4dca818c-95a9-4119-bcf7-c9ceb9b6e893,3895121,267,21.93841307476514,965136208,2227641900,2228237100,1781213936558-1
s2sf12j2_redis_rep2_20260611_223851,redis,s2sf12j2_redis_rep2_20260611_223851,46623275-b589-4b8c-a3ac-860979f10126,3895121,267,21.93841307476514,965136208,2228344800,2228872500,1781213936559-0
s2sf12j2_redis_rep2_20260611_223851,redis,s2sf12j2_redis_rep2_20260611_223851,51a56ca6-53b2-4905-a64e-1f75f54f9c22,3895074,267,22.714420111985955,971602934,2229041200,2229728500,1781213936560-0
s2sf12j2_redis_rep2_20260611_223851,redis,s2sf12j2_redis_rep2_20260611_223851,e54d1ea2-fdce-4a39-a60e-a10cbdd38c69,3895067,267,20.859901211561606,956148610,2229838200,2230478500,1781213936561-0
s2sf12j2_redis_rep2_20260611_223851,redis,s2sf12j2_redis_rep2_20260611_223851,1e1a8680-84d3-44a8-a763-d0c2f61ccaef,3895107,267,21.260884587648363,959490138,2230586100,2231140800,1781213936561-1
s2sf12j2_redis_rep2_20260611_223851,redis,s2sf12j2_redis_rep2_20260611_223851,343781b7-0e28-4c1a-9519-e9a223c4a2ab,3895086,267,21.91360446230406,964929470,2231278800,2231854900,1781213936562-0
s2sf12j2_redis_rep2_20260611_223851,redis,s2sf12j2_redis_rep2_20260611_223851,bd4fd27a-af25-48c9-b982-579d4156695a,3895086,267,21.91360446230406,964929470,2231958100,2232467300,1781213936563-0
s2sf12j2_redis_rep2_20260611_223851,redis,s2sf12j2_redis_rep2_20260611_223851,0b59b3bf-4601-4c24-8885-60395189f536,3895086,267,21.91360446230406,964929470,2232575400,2233449200,1781213936563-1
s2sf12j2_redis_rep2_20260611_223851,redis,s2sf12j2_redis_rep2_20260611_223851,0fba1ad7-479b-4b6d-bc7b-6c018c155cf0,3895074,268,22.797753445319287,972297378,2233582300,2234217200,1781213936564-0
s2sf12j2_redis_rep2_20260611_223851,redis,s2sf12j2_redis_rep2_20260611_223851,ee0a6df8-5cef-40c1-9e50-478ba581f659,3895074,268,22.797753445319287,972297378,2234324400,2234855400,1781213936565-0
s2sf12j2_redis_rep2_20260611_223851,redis,s2sf12j2_redis_rep2_20260611_223851,fd1049b3-6c01-4bcf-9e28-659dc18d76be,3895067,268,20.94323454489494,956843054,2234957100,2235524400,1781213936566-0
s2sf12j2_redis_rep2_20260611_223851,redis,s2sf12j2_redis_rep2_20260611_223851,c885f171-2860-4119-9ee5-46c6577051c7,3895067,268,20.94323454489494,956843054,2235621000,2236245900,1781213936566-1
s2sf12j2_redis_rep2_20260611_223851,redis,s2sf12j2_redis_rep2_20260611_223851,dd5cc896-95a8-4dde-b096-19f8a35fedae,3895067,268,20.94323454489494,956843054,2236383800,2236942300,1781213936567-0
s2sf12j2_redis_rep2_20260611_223851,redis,s2sf12j2_redis_rep2_20260611_223851,d2605132-7102-44cd-989b-463ca323eadd,3895067,268,20.94323454489494,956843054,2237051000,2237619100,1781213936568-0
s2sf12j2_redis_rep2_20260611_223851,redis,s2sf12j2_redis_rep2_20260611_223851,c8b2a6c1-0af0-40cb-954c-fc5b21ed2a10,3895107,268,21.34421792098169,960184582,2237724200,2238290500,1781213936568-1
s2sf12j2_redis_rep2_20260611_223851,redis,s2sf12j2_redis_rep2_20260611_223851,391c6d6b-904b-4a03-8e42-64066fa8bd04,3895107,268,21.34421792098169,960184582,2238385800,2238912500,1781213936569-0
s2sf12j2_redis_rep2_20260611_223851,redis,s2sf12j2_redis_rep2_20260611_223851,e74c249e-23f6-4b45-b6d3-1314c1b07372,3895134,268,21.72514658069409,963358988,2239007300,2239650200,1781213936570-0
s2sf12j2_redis_rep2_20260611_223851,redis,s2sf12j2_redis_rep2_20260611_223851,c83ebc9a-b029-493e-8581-ec84cacecafd,3895134,268,21.72514658069409,963358988,2239796900,2240606200,1781213936571-0
s2sf12j2_redis_rep2_20260611_223851,redis,s2sf12j2_redis_rep2_20260611_223851,aca80b04-2892-4c4f-888e-df76c7567817,3895086,268,21.996937795637397,965623914,2240749100,2241327600,1781213936572-0
s2sf12j2_redis_rep2_20260611_223851,redis,s2sf12j2_redis_rep2_20260611_223851,0cde918a-e527-4076-8a12-e5a60f799698,3895086,268,21.996937795637397,965623914,2241488400,2242094200,1781213936572-1
s2sf12j2_redis_rep2_20260611_223851,redis,s2sf12j2_redis_rep2_20260611_223851,338ab47a-b28f-4c2b-bd70-7e12984b30fc,3895060,269,24.16603606168656,983699733,2242232000,2242959900,1781213936573-0
s2sf12j2_redis_rep2_20260611_223851,redis,s2sf12j2_redis_rep2_20260611_223851,01628134-a403-45a5-9d2d-22b3bfe0979c,3895060,269,24.16603606168656,983699733,2243113300,2243734500,1781213936574-0
s2sf12j2_redis_rep2_20260611_223851,redis,s2sf12j2_redis_rep2_20260611_223851,1f368669-6dbe-435c-a840-a7460f2a4eb8,3895121,269,22.10507974143181,966525097,2243918100,2244607300,1781213936575-0
s2sf12j2_redis_rep2_20260611_223851,redis,s2sf12j2_redis_rep2_20260611_223851,723e6795-1547-43a5-8c9e-2aed6477cf78,3895121,269,22.10507974143181,966525097,2244737800,2245439500,1781213936576-0
s2sf12j2_redis_rep2_20260611_223851,redis,s2sf12j2_redis_rep2_20260611_223851,afa22405-2040-43ab-b197-f2419187cd98,3895074,269,22.881086778652623,972991823,2245616000,2246177000,1781213936576-1
s2sf12j2_redis_rep2_20260611_223851,redis,s2sf12j2_redis_rep2_20260611_223851,177f2b40-74c1-40e8-bec1-804b49c2c305,3895107,269,21.42755125431503,960879027,2246294800,2246881000,1781213936577-0
s2sf12j2_redis_rep2_20260611_223851,redis,s2sf12j2_redis_rep2_20260611_223851,6eaa0b6f-a268-4df3-8485-181924de80a4,3895060,270,24.24936939501989,984394178,2247015000,2247620400,1781213936578-0
s2sf12j2_redis_rep2_20260611_223851,redis,s2sf12j2_redis_rep2_20260611_223851,42078d0a-8356-4d5f-8c14-9258e6893705,3895060,270,24.24936939501989,984394178,2247726800,2248283700,1781213936579-0
s2sf12j2_redis_rep2_20260611_223851,redis,s2sf12j2_redis_rep2_20260611_223851,e8deba9d-f61c-4666-89ca-9aac01e5ed15,3895060,270,24.24936939501989,984394178,2248385300,2248986000,1781213936579-1
s2sf12j2_redis_rep2_20260611_223851,redis,s2sf12j2_redis_rep2_20260611_223851,01bb8b26-990c-48f7-85c8-d20de30bddea,3895074,270,22.964420111985955,973686267,2249091100,2249832700,1781213936580-0
s2sf12j2_redis_rep2_20260611_223851,redis,s2sf12j2_redis_rep2_20260611_223851,3583f06d-21fc-45fc-b46a-01fe1867d33b,3895074,270,22.964420111985955,973686267,2249940200,2250504400,1781213936581-0
s2sf12j2_redis_rep2_20260611_223851,redis,s2sf12j2_redis_rep2_20260611_223851,dfba11df-0765-423a-bb4f-a4a1b86cc36e,3895074,270,22.964420111985955,973686267,2250610700,2251125500,1781213936581-1
s2sf12j2_redis_rep2_20260611_223851,redis,s2sf12j2_redis_rep2_20260611_223851,d514dd51-cbc8-4d01-a300-dc01767fd9d5,3895067,270,21.109901211561606,958231943,2251221400,2251707500,1781213936582-0
s2sf12j2_redis_rep2_20260611_223851,redis,s2sf12j2_redis_rep2_20260611_223851,7f6e4468-5f83-4886-80bb-75c5a0d8ff6d,3895067,270,21.109901211561606,958231943,2251801900,2252304100,1781213936583-0
s2sf12j2_redis_rep2_20260611_223851,redis,s2sf12j2_redis_rep2_20260611_223851,977ef353-dfbd-4e2c-a5a2-37786c84f1f3,3895107,270,21.510884587648363,961573471,2252462000,2253069100,1781213936583-1
s2sf12j2_redis_rep2_20260611_223851,redis,s2sf12j2_redis_rep2_20260611_223851,1e9330b6-39e2-4a05-bf78-c117c52f08e8,3895107,270,21.510884587648363,961573471,2253168900,2253793500,1781213936584-0
s2sf12j2_redis_rep2_20260611_223851,redis,s2sf12j2_redis_rep2_20260611_223851,8aed6f04-02ac-4e12-be25-8acf290f30a7,3895107,270,21.510884587648363,961573471,2253916400,2254565800,1781213936585-0
s2sf12j2_redis_rep2_20260611_223851,redis,s2sf12j2_redis_rep2_20260611_223851,bc0b8dcf-0f27-4a89-ba32-bc747d9bc952,3895134,270,21.89181324736076,964747877,2254692600,2255338700,1781213936585-1
s2sf12j2_redis_rep2_20260611_223851,redis,s2sf12j2_redis_rep2_20260611_223851,e9ba22ee-8e47-4642-9ed4-f11566f547de,3895086,270,22.16360446230406,967012803,2255482000,2256107000,1781213936586-0
s2sf12j2_redis_rep2_20260611_223851,redis,s2sf12j2_redis_rep2_20260611_223851,5581ad54-dcfa-4b43-8955-ab459b7cc83d,3895060,271,24.332702728353222,985088622,2256223100,2256717300,1781213936587-0
s2sf12j2_redis_rep2_20260611_223851,redis,s2sf12j2_redis_rep2_20260611_223851,44a9ff5c-461a-4345-8903-b8369f454bab,3895121,271,22.271746408098476,967913986,2256836200,2257417200,1781213936588-0
s2sf12j2_redis_rep2_20260611_223851,redis,s2sf12j2_redis_rep2_20260611_223851,1fdfc1cf-dc92-4683-9358-6644a102d190,3895067,271,21.19323454489494,958926387,2257522200,2258019500,1781213936588-1
s2sf12j2_redis_rep2_20260611_223851,redis,s2sf12j2_redis_rep2_20260611_223851,1036de56-68da-4a7d-ae7a-0c2693862ce9,3895067,271,21.19323454489494,958926387,2258119700,2258636500,1781213936589-0
s2sf12j2_redis_rep2_20260611_223851,redis,s2sf12j2_redis_rep2_20260611_223851,07406593-3095-4290-a316-b490ea348684,3895067,271,21.19323454489494,958926387,2258735100,2259279500,1781213936590-0
s2sf12j2_redis_rep2_20260611_223851,redis,s2sf12j2_redis_rep2_20260611_223851,00119947-82ad-443c-af11-6dd33262c767,3895052,271,21.627568035395367,962545833,2259480800,2260086200,1781213936590-1
s2sf12j2_redis_rep2_20260611_223851,redis,s2sf12j2_redis_rep2_20260611_223851,0267a16d-9851-474d-b248-83f9736881eb,3895107,271,21.59421792098169,962267916,2260200400,2260749600,1781213936591-0
s2sf12j2_redis_rep2_20260611_223851,redis,s2sf12j2_redis_rep2_20260611_223851,6e729421-0bbd-49c9-b3d7-487e8f0d20dd,3895107,271,21.59421792098169,962267916,2260847700,2261372500,1781213936592-0
s2sf12j2_redis_rep2_20260611_223851,redis,s2sf12j2_redis_rep2_20260611_223851,a4412978-7f9a-4fc3-b054-1cd626d5abfd,3895107,271,21.59421792098169,962267916,2261472700,2261934700,1781213936592-1
s2sf12j2_redis_rep2_20260611_223851,redis,s2sf12j2_redis_rep2_20260611_223851,86c9ab13-4b82-4056-ae14-1fc5594b80fd,3895107,271,21.59421792098169,962267916,2262022000,2262638900,1781213936593-0
s2sf12j2_redis_rep2_20260611_223851,redis,s2sf12j2_redis_rep2_20260611_223851,bc947e40-b3f2-4f11-9aea-31ada13bfb38,3895107,271,21.59421792098169,962267916,2262742700,2263260200,1781213936593-1
s2sf12j2_redis_rep2_20260611_223851,redis,s2sf12j2_redis_rep2_20260611_223851,74542926-021d-4bd8-8a65-0130ef27dc9e,3895074,272,23.131086778652623,975075156,2263363300,2263870900,1781213936594-0
s2sf12j2_redis_rep2_20260611_223851,redis,s2sf12j2_redis_rep2_20260611_223851,0419fc46-4002-44ec-ae27-ee60e5e41bdc,3895074,272,23.131086778652623,975075156,2263963800,2264444500,1781213936595-0
s2sf12j2_redis_rep2_20260611_223851,redis,s2sf12j2_redis_rep2_20260611_223851,13575c0f-d745-415b-980c-2927d9b04576,3895107,272,21.67755125431503,962962360,2264540000,2265040000,1781213936595-1
s2sf12j2_redis_rep2_20260611_223851,redis,s2sf12j2_redis_rep2_20260611_223851,5d1aff3f-0748-4407-b489-77cd8f595cc5,3895060,273,24.49936939501989,986477511,2265126600,2265601700,1781213936596-0
s2sf12j2_redis_rep2_20260611_223851,redis,s2sf12j2_redis_rep2_20260611_223851,fb2e4456-06c9-402f-8b09-37b2a0a85011,3895060,273,24.49936939501989,986477511,2265683700,2266145500,1781213936596-1
s2sf12j2_redis_rep2_20260611_223851,redis,s2sf12j2_redis_rep2_20260611_223851,14f03a0a-69ac-45c2-9584-3133cfcdf441,3895121,273,22.43841307476514,969302875,2266226200,2266773300,1781213936597-0
s2sf12j2_redis_rep2_20260611_223851,redis,s2sf12j2_redis_rep2_20260611_223851,2e5d777b-b87c-4193-9c66-2dc4f9799c0a,3895121,273,22.43841307476514,969302875,2266879400,2267688900,1781213936598-0
s2sf12j2_redis_rep2_20260611_223851,redis,s2sf12j2_redis_rep2_20260611_223851,e6500334-9172-4211-86d2-4367cd05906d,3895074,273,23.214420111985955,975769600,2267775500,2268219600,1781213936598-1
s2sf12j2_redis_rep2_20260611_223851,redis,s2sf12j2_redis_rep2_20260611_223851,47f7c1fd-4df8-4d04-8596-5ca260499f6c,3895107,273,21.760884587648363,963656804,2268301600,2268762400,1781213936599-0
s2sf12j2_redis_rep2_20260611_223851,redis,s2sf12j2_redis_rep2_20260611_223851,0b89a38a-1b1e-41f8-a0b7-590546850b3c,3895107,273,21.760884587648363,963656804,2268903900,2269457100,1781213936600-0
s2sf12j2_redis_rep2_20260611_223851,redis,s2sf12j2_redis_rep2_20260611_223851,705881f6-76d6-46d2-a301-243af6757449,3895107,273,21.760884587648363,963656804,2269550900,2270188800,1781213936600-1
s2sf12j2_redis_rep2_20260611_223851,redis,s2sf12j2_redis_rep2_20260611_223851,50f26d4f-3cb8-4532-9185-4a10012037a5,3895107,273,21.760884587648363,963656804,2270293500,2270824600,1781213936601-0
s2sf12j2_redis_rep2_20260611_223851,redis,s2sf12j2_redis_rep2_20260611_223851,c8deccf2-d454-445c-ad38-9cc2eb62faf5,3895060,274,24.582702728353222,987171956,2270925800,2271632900,1781213936602-0
s2sf12j2_redis_rep2_20260611_223851,redis,s2sf12j2_redis_rep2_20260611_223851,ae390965-1a6c-455f-b3ca-922cf7b54142,3895121,274,22.521746408098476,969997320,2271736900,2272290700,1781213936603-0
s2sf12j2_redis_rep2_20260611_223851,redis,s2sf12j2_redis_rep2_20260611_223851,6919c78c-5325-4109-82e5-f5c2db07e3e9,3895074,274,23.297753445319287,976464045,2272397200,2272956000,1781213936603-1
s2sf12j2_redis_rep2_20260611_223851,redis,s2sf12j2_redis_rep2_20260611_223851,9f9621bb-4395-4d3a-a51e-1e5352417f9c,3895074,274,23.297753445319287,976464045,2273077600,2273816900,1781213936604-0
s2sf12j2_redis_rep2_20260611_223851,redis,s2sf12j2_redis_rep2_20260611_223851,91bb7ef0-a5ae-46fe-b05b-ba8dd1589f69,3895074,274,23.297753445319287,976464045,2273912100,2274452600,1781213936605-0
s2sf12j2_redis_rep2_20260611_223851,redis,s2sf12j2_redis_rep2_20260611_223851,8f2b509c-1b20-4fee-b757-e93b371d3008,3895052,274,21.877568035395367,964629166,2274547800,2275056300,1781213936605-1
s2sf12j2_redis_rep2_20260611_223851,redis,s2sf12j2_redis_rep2_20260611_223851,ad9f5632-f016-4768-bb7f-f954877f062a,3895052,274,21.877568035395367,964629166,2275176900,2275722900,1781213936606-0
s2sf12j2_redis_rep2_20260611_223851,redis,s2sf12j2_redis_rep2_20260611_223851,18e2c4a7-33ef-460e-9455-d33add609933,3895107,274,21.84421792098169,964351249,2275873900,2276423000,1781213936607-0
s2sf12j2_redis_rep2_20260611_223851,redis,s2sf12j2_redis_rep2_20260611_223851,bebba0a9-6275-4627-896b-8ed0fb80dae6,3895107,274,21.84421792098169,964351249,2276516500,2276983700,1781213936607-1
s2sf12j2_redis_rep2_20260611_223851,redis,s2sf12j2_redis_rep2_20260611_223851,3a395ce8-2863-48f0-9c25-dc5b497d7340,3895060,275,24.66603606168656,987866400,2277065000,2277564800,1781213936608-0
s2sf12j2_redis_rep2_20260611_223851,redis,s2sf12j2_redis_rep2_20260611_223851,e3ee7bfb-48b2-4421-aa5e-3d42632496ae,3895060,275,24.66603606168656,987866400,2277644900,2278141600,1781213936608-1
s2sf12j2_redis_rep2_20260611_223851,redis,s2sf12j2_redis_rep2_20260611_223851,9cbd77fd-6ab8-4c45-b0cb-21beb14be19c,3895067,275,21.526567878228278,961704165,2278228500,2278765400,1781213936609-0
s2sf12j2_redis_rep2_20260611_223851,redis,s2sf12j2_redis_rep2_20260611_223851,69d57cf5-7da9-48d1-9f9d-a8929a77f91b,3895052,275,21.960901368728702,965323611,2278852600,2279433600,1781213936610-0
s2sf12j2_redis_rep2_20260611_223851,redis,s2sf12j2_redis_rep2_20260611_223851,06904d29-3849-430d-8a89-6dfe0363c0aa,3895052,275,21.960901368728702,965323611,2279534300,2279978000,1781213936610-1
s2sf12j2_redis_rep2_20260611_223851,redis,s2sf12j2_redis_rep2_20260611_223851,9c2de277-bdcb-4d07-87fd-aaa32b58aa09,3895113,275,21.455312483689127,961110370,2280071500,2280675300,1781213936611-0
s2sf12j2_redis_rep2_20260611_223851,redis,s2sf12j2_redis_rep2_20260611_223851,3e029e4b-2571-4ea8-805a-a3e6062ffc31,3895060,276,24.74936939501989,988560844,2280770400,2281367600,1781213936612-0
s2sf12j2_redis_rep2_20260611_223851,redis,s2sf12j2_redis_rep2_20260611_223851,25ed9580-8a5c-468c-9a49-d265d1628d7c,3895060,276,24.74936939501989,988560844,2281468400,2282126900,1781213936612-1
s2sf12j2_redis_rep2_20260611_223851,redis,s2sf12j2_redis_rep2_20260611_223851,24e7d246-d03c-4463-9647-764ef1571c7b,3895060,276,24.74936939501989,988560844,2282240200,2282807300,1781213936613-0
s2sf12j2_redis_rep2_20260611_223851,redis,s2sf12j2_redis_rep2_20260611_223851,5d3ea8bf-19e4-4faa-b170-4213f4e8a325,3895121,276,22.68841307476514,971386208,2282922200,2283372300,1781213936614-0
s2sf12j2_redis_rep2_20260611_223851,redis,s2sf12j2_redis_rep2_20260611_223851,ab0f44f8-edc0-4be0-9286-f7a48ce1d621,3895074,276,23.464420111985955,977852934,2283480600,2284003100,1781213936614-1
s2sf12j2_redis_rep2_20260611_223851,redis,s2sf12j2_redis_rep2_20260611_223851,d5550ce2-817b-45ec-b62d-eaf2c9168046,3895074,276,23.464420111985955,977852934,2284102300,2284712800,1781213936615-0
s2sf12j2_redis_rep2_20260611_223851,redis,s2sf12j2_redis_rep2_20260611_223851,ad174cea-e878-4b47-bac6-e43587231760,3895067,276,21.609901211561606,962398610,2284806300,2285361300,1781213936616-0
s2sf12j2_redis_rep2_20260611_223851,redis,s2sf12j2_redis_rep2_20260611_223851,40babdd6-38b1-4e24-8e68-91d2b1cb2640,3895074,276,23.464420111985955,977852934,2285497600,2286067100,1781213936616-1
s2sf12j2_redis_rep2_20260611_223851,redis,s2sf12j2_redis_rep2_20260611_223851,f20e0998-f0f2-4f59-a826-427a42aff538,3895067,276,21.609901211561606,962398610,2286172400,2286708100,1781213936617-0
s2sf12j2_redis_rep2_20260611_223851,redis,s2sf12j2_redis_rep2_20260611_223851,3a855901-93d7-4b45-94b2-4c0f6c0e82ed,3895067,276,21.609901211561606,962398610,2286852800,2287325700,1781213936618-0
s2sf12j2_redis_rep2_20260611_223851,redis,s2sf12j2_redis_rep2_20260611_223851,b14b6ebe-eca3-4487-8f1d-10c596a36043,3895067,276,21.609901211561606,962398610,2287418900,2287904100,1781213936618-1
s2sf12j2_redis_rep2_20260611_223851,redis,s2sf12j2_redis_rep2_20260611_223851,cfcb5f7a-11c5-4c7d-aca0-34a607c28528,3895067,276,21.609901211561606,962398610,2288022300,2288579400,1781213936619-0
s2sf12j2_redis_rep2_20260611_223851,redis,s2sf12j2_redis_rep2_20260611_223851,e84ef588-3bfd-48b9-af0f-1de178e3704f,3895067,276,21.609901211561606,962398610,2288670400,2289208400,1781213936619-1
s2sf12j2_redis_rep2_20260611_223851,redis,s2sf12j2_redis_rep2_20260611_223851,4cacd608-9f81-4f99-a2ee-6215f1c722dc,3895052,276,22.044234702062035,966018055,2289310100,2289878500,1781213936620-0
s2sf12j2_redis_rep2_20260611_223851,redis,s2sf12j2_redis_rep2_20260611_223851,7cc8a6ee-1fe0-4a05-96ee-79c9193f1042,3895134,276,22.39181324736076,968914543,2289983300,2290514400,1781213936621-0
s2sf12j2_redis_rep2_20260611_223851,redis,s2sf12j2_redis_rep2_20260611_223851,868323ed-f7b6-4532-b538-6da877f8c6ea,3895134,276,22.39181324736076,968914543,2290605500,2291166500,1781213936621-1
s2sf12j2_redis_rep2_20260611_223851,redis,s2sf12j2_redis_rep2_20260611_223851,018bfbd5-8993-41c6-9f87-96900fdb3b6b,3895052,277,22.127568035395367,966712500,2291301900,2291901700,1781213936622-0
s2sf12j2_redis_rep2_20260611_223851,redis,s2sf12j2_redis_rep2_20260611_223851,e12d511e-1106-4f3b-bf88-d506519c4884,3895052,277,22.127568035395367,966712500,2291989800,2292459700,1781213936623-0
s2sf12j2_redis_rep2_20260611_223851,redis,s2sf12j2_redis_rep2_20260611_223851,c1ce0b69-c83b-4203-a004-0cc06eaaea18,3895052,277,22.127568035395367,966712500,2292667500,2293368700,1781213936624-0
s2sf12j2_redis_rep2_20260611_223851,redis,s2sf12j2_redis_rep2_20260611_223851,94b39728-4689-424b-998b-45215151d294,3895113,277,21.62197915035579,962499259,2293467700,2294028100,1781213936624-1
s2sf12j2_redis_rep2_20260611_223851,redis,s2sf12j2_redis_rep2_20260611_223851,2e59a3f6-708e-4f6d-9857-0db997357252,3895107,277,22.09421792098169,966434582,2294128100,2294664600,1781213936625-0
s2sf12j2_redis_rep2_20260611_223851,redis,s2sf12j2_redis_rep2_20260611_223851,6f9a912e-8839-48b1-8ff9-2642edecd22e,3895134,277,22.47514658069409,969608988,2294762100,2295412500,1781213936626-0
s2sf12j2_redis_rep2_20260611_223851,redis,s2sf12j2_redis_rep2_20260611_223851,8fc24d79-0a41-4f88-99d7-204758d39b89,3895134,277,22.47514658069409,969608988,2295502500,2296005300,1781213936626-1
s2sf12j2_redis_rep2_20260611_223851,redis,s2sf12j2_redis_rep2_20260611_223851,baf0b43d-7488-4aba-aac8-3be34e44c57e,3895060,278,24.91603606168656,989949733,2296086300,2296554200,1781213936627-0
s2sf12j2_redis_rep2_20260611_223851,redis,s2sf12j2_redis_rep2_20260611_223851,0d8489b9-7f91-4328-b9aa-66d7c5e770c4,3895060,278,24.91603606168656,989949733,2296636200,2297196500,1781213936627-1
s2sf12j2_redis_rep2_20260611_223851,redis,s2sf12j2_redis_rep2_20260611_223851,f5ac72a0-313e-4115-9141-cb1c511e5982,3895060,278,24.91603606168656,989949733,2297275200,2297769000,1781213936628-0
s2sf12j2_redis_rep2_20260611_223851,redis,s2sf12j2_redis_rep2_20260611_223851,a9d798fa-3d9d-4b30-9e68-36e6d3883cd3,3895052,278,22.210901368728702,967406944,2297848000,2298279400,1781213936629-0
s2sf12j2_redis_rep2_20260611_223851,redis,s2sf12j2_redis_rep2_20260611_223851,a59fc0f2-8e48-4685-a06b-7b4dddeef5ee,3895052,278,22.210901368728702,967406944,2298359800,2298924800,1781213936629-1
s2sf12j2_redis_rep2_20260611_223851,redis,s2sf12j2_redis_rep2_20260611_223851,2ae64d10-519e-4f7d-8016-1e7020ea6102,3895113,278,21.705312483689127,963193704,2299009000,2299573200,1781213936630-0
s2sf12j2_redis_rep2_20260611_223851,redis,s2sf12j2_redis_rep2_20260611_223851,6c225640-f176-4e3d-ac14-90e4c5e92771,3895107,278,22.17755125431503,967129027,2299672800,2300263800,1781213936630-1
s2sf12j2_redis_rep2_20260611_223851,redis,s2sf12j2_redis_rep2_20260611_223851,4b050067-d4a7-4ccf-8e57-bca82a28a6d4,3895107,278,22.17755125431503,967129027,2300344900,2300914400,1781213936631-0
s2sf12j2_redis_rep2_20260611_223851,redis,s2sf12j2_redis_rep2_20260611_223851,49cf4fe8-b797-43be-ac83-247a4ec230d6,3895067,279,21.859901211561606,964481943,2301086300,2301858500,1781213936632-0
s2sf12j2_redis_rep2_20260611_223851,redis,s2sf12j2_redis_rep2_20260611_223851,910ee5d4-a9ee-4e89-9716-f1fa16a2a1a8,3895067,279,21.859901211561606,964481943,2302035700,2302678800,1781213936633-0
s2sf12j2_redis_rep2_20260611_223851,redis,s2sf12j2_redis_rep2_20260611_223851,2cab364f-9f1a-48d5-84a0-39eb53d6a523,3895107,279,22.260884587648363,967823471,2302845700,2303468700,1781213936634-0
s2sf12j2_redis_rep2_20260611_223851,redis,s2sf12j2_redis_rep2_20260611_223851,8d0c4828-6ecc-4c3a-ad37-c9ef7b46bae6,3895060,280,25.082702728353222,991338622,2303635500,2304483600,1781213936634-1
s2sf12j2_redis_rep2_20260611_223851,redis,s2sf12j2_redis_rep2_20260611_223851,e2545d71-6cb3-4d04-b512-29634e629949,3895060,280,25.082702728353222,991338622,2304619000,2305216800,1781213936635-0
s2sf12j2_redis_rep2_20260611_223851,redis,s2sf12j2_redis_rep2_20260611_223851,5658732c-8910-4bc4-b28f-cf8177cced8f,3895074,280,23.797753445319287,980630712,2305328100,2305936600,1781213936636-0
s2sf12j2_redis_rep2_20260611_223851,redis,s2sf12j2_redis_rep2_20260611_223851,1a2f1bb2-b17c-4251-964c-c55a609354dc,3895067,280,21.94323454489494,965176387,2306044500,2306661900,1781213936637-0
s2sf12j2_redis_rep2_20260611_223851,redis,s2sf12j2_redis_rep2_20260611_223851,9238108d-5286-460e-a544-1977259b4b14,3895067,280,21.94323454489494,965176387,2306761600,2307356000,1781213936638-0
s2sf12j2_redis_rep2_20260611_223851,redis,s2sf12j2_redis_rep2_20260611_223851,4274c45b-a4a8-4d35-b735-92673ff7bb85,3895107,280,22.34421792098169,968517916,2307452700,2307902400,1781213936638-1
s2sf12j2_redis_rep2_20260611_223851,redis,s2sf12j2_redis_rep2_20260611_223851,ffad8e12-d947-4590-a5cd-09ad0a25fda0,3895107,280,22.34421792098169,968517916,2307992600,2308460800,1781213936639-0
s2sf12j2_redis_rep2_20260611_223851,redis,s2sf12j2_redis_rep2_20260611_223851,9e65c182-64c2-458a-b4a6-046ac7633e88,3895107,280,22.34421792098169,968517916,2308547500,2309014600,1781213936639-1
s2sf12j2_redis_rep2_20260611_223851,redis,s2sf12j2_redis_rep2_20260611_223851,d9b862fb-af09-4321-a4ba-3fbac00741ea,3895107,280,22.34421792098169,968517916,2309101900,2309695200,1781213936640-0
s2sf12j2_redis_rep2_20260611_223851,redis,s2sf12j2_redis_rep2_20260611_223851,2efcc702-f0a6-4e9d-a945-d4a1a1df34e7,3895121,281,23.10507974143181,974858431,2309790100,2310285000,1781213936641-0
s2sf12j2_redis_rep2_20260611_223851,redis,s2sf12j2_redis_rep2_20260611_223851,7473579b-eaa2-4648-a82c-d30461462a01,3895067,281,22.026567878228278,965870832,2310387600,2310872200,1781213936641-1
s2sf12j2_redis_rep2_20260611_223851,redis,s2sf12j2_redis_rep2_20260611_223851,8bd03049-5688-479a-b578-c689c3828aad,3895067,281,22.026567878228278,965870832,2310967500,2311438400,1781213936642-0
s2sf12j2_redis_rep2_20260611_223851,redis,s2sf12j2_redis_rep2_20260611_223851,52171c5c-7129-4cfe-bf36-3f3933d86f9f,3895067,281,22.026567878228278,965870832,2311523800,2312055600,1781213936642-1
s2sf12j2_redis_rep2_20260611_223851,redis,s2sf12j2_redis_rep2_20260611_223851,7bfa15b0-20b4-444d-b3a4-8e0d1d2d60ce,3895067,281,22.026567878228278,965870832,2312149900,2312709000,1781213936643-0
s2sf12j2_redis_rep2_20260611_223851,redis,s2sf12j2_redis_rep2_20260611_223851,513566a5-0596-433d-b838-5a0ecbbb6391,3895052,281,22.460901368728702,969490278,2312824400,2313305900,1781213936644-0
s2sf12j2_redis_rep2_20260611_223851,redis,s2sf12j2_redis_rep2_20260611_223851,5752b5a5-7543-4f2b-b691-05f80bfdfdb4,3895113,281,21.955312483689127,965277037,2313413600,2313906000,1781213936644-1
s2sf12j2_redis_rep2_20260611_223851,redis,s2sf12j2_redis_rep2_20260611_223851,deff4a58-2b46-4ee3-afb5-7beaa4e271cf,3895113,281,21.955312483689127,965277037,2314000400,2314458200,1781213936645-0
s2sf12j2_redis_rep2_20260611_223851,redis,s2sf12j2_redis_rep2_20260611_223851,f8ee9336-adc4-46ed-9a34-53bc427ca7dc,3895121,282,23.18841307476514,975552875,2314595200,2315118600,1781213936645-1
s2sf12j2_redis_rep2_20260611_223851,redis,s2sf12j2_redis_rep2_20260611_223851,c8d6e150-201e-40de-bbf2-56fb717bab49,3895121,282,23.18841307476514,975552875,2315245100,2315706200,1781213936646-0
s2sf12j2_redis_rep2_20260611_223851,redis,s2sf12j2_redis_rep2_20260611_223851,97b9f2ad-35c3-49e8-8e35-900be9cf79b3,3895074,282,23.964420111985955,982019600,2315813300,2316496600,1781213936647-0
s2sf12j2_redis_rep2_20260611_223851,redis,s2sf12j2_redis_rep2_20260611_223851,a44cbcbf-12ed-49a6-9d32-2c82422cb944,3895074,282,23.964420111985955,982019600,2316672800,2317372600,1781213936648-0
s2sf12j2_redis_rep2_20260611_223851,redis,s2sf12j2_redis_rep2_20260611_223851,9aaa2778-697e-4c11-82eb-8c57f2d4ec16,3895052,282,22.544234702062035,970184722,2317501000,2318164000,1781213936648-1
s2sf12j2_redis_rep2_20260611_223851,redis,s2sf12j2_redis_rep2_20260611_223851,1a72cf08-746a-4d2b-907f-05cc7a7e8f01,3895052,282,22.544234702062035,970184722,2318314000,2318951600,1781213936649-0
s2sf12j2_redis_rep2_20260611_223851,redis,s2sf12j2_redis_rep2_20260611_223851,315fc20d-7643-46e6-8d84-3cfb7816d4d4,3895107,282,22.510884587648363,969906804,2319069200,2319662400,1781213936650-0
s2sf12j2_redis_rep2_20260611_223851,redis,s2sf12j2_redis_rep2_20260611_223851,8c947879-4c6e-4acd-ac86-b132ac1078c3,3895107,282,22.510884587648363,969906804,2319798500,2320477400,1781213936651-0
s2sf12j2_redis_rep2_20260611_223851,redis,s2sf12j2_redis_rep2_20260611_223851,bd91d331-3fad-4773-b280-31b8e2669675,3895107,282,22.510884587648363,969906804,2320582800,2321173200,1781213936651-1
s2sf12j2_redis_rep2_20260611_223851,redis,s2sf12j2_redis_rep2_20260611_223851,2cd0c91a-68f3-4c69-b978-da4ecf01bde4,3895121,283,23.271746408098476,976247320,2321307400,2321976500,1781213936652-0
s2sf12j2_redis_rep2_20260611_223851,redis,s2sf12j2_redis_rep2_20260611_223851,3a3e5e21-de4e-4bd2-affa-64baa9598327,3895067,283,22.19323454489494,967259721,2322092600,2322594400,1781213936653-0
s2sf12j2_redis_rep2_20260611_223851,redis,s2sf12j2_redis_rep2_20260611_223851,3997464c-8bb8-48c4-ba87-2c3428361a16,3895052,283,22.627568035395367,970879166,2322689300,2323193700,1781213936653-1
s2sf12j2_redis_rep2_20260611_223851,redis,s2sf12j2_redis_rep2_20260611_223851,b7143e0f-b3b7-4e41-88e9-0813c82c834f,3895107,283,22.59421792098169,970601249,2323299600,2323801800,1781213936654-0
s2sf12j2_redis_rep2_20260611_223851,redis,s2sf12j2_redis_rep2_20260611_223851,52174727-508f-4236-b78d-96aacfb5d310,3895107,283,22.59421792098169,970601249,2323894600,2324421300,1781213936655-0
s2sf12j2_redis_rep2_20260611_223851,redis,s2sf12j2_redis_rep2_20260611_223851,e94e2b5f-2092-418d-adb7-2a6f17b89379,3895060,284,25.41603606168656,994116400,2324512100,2325061000,1781213936655-1
s2sf12j2_redis_rep2_20260611_223851,redis,s2sf12j2_redis_rep2_20260611_223851,d713fc77-ffb3-4552-97d8-219bc743bbbd,3895121,284,23.35507974143181,976941764,2325147900,2325631800,1781213936656-0
s2sf12j2_redis_rep2_20260611_223851,redis,s2sf12j2_redis_rep2_20260611_223851,368713b6-97c5-443c-9fd1-4afb44a00723,3895121,284,23.35507974143181,976941764,2325721300,2326277400,1781213936657-0
s2sf12j2_redis_rep2_20260611_223851,redis,s2sf12j2_redis_rep2_20260611_223851,cad4a11b-995b-4d03-a3f1-02007a646905,3895121,284,23.35507974143181,976941764,2326390200,2326956200,1781213936657-1
s2sf12j2_redis_rep2_20260611_223851,redis,s2sf12j2_redis_rep2_20260611_223851,508812af-8f6e-40e5-b3ed-7b2d494bc38d,3895067,284,22.276567878228278,967954165,2327034200,2327574800,1781213936658-0
s2sf12j2_redis_rep2_20260611_223851,redis,s2sf12j2_redis_rep2_20260611_223851,e1c51bfa-af34-42e9-9204-05fbadc7713b,3895067,284,22.276567878228278,967954165,2327656100,2328195000,1781213936658-1
s2sf12j2_redis_rep2_20260611_223851,redis,s2sf12j2_redis_rep2_20260611_223851,3cf8259d-cc18-447f-a465-d72dc70c4da2,3895113,284,22.205312483689127,967360370,2328272300,2328860600,1781213936659-0
s2sf12j2_redis_rep2_20260611_223851,redis,s2sf12j2_redis_rep2_20260611_223851,53051d4a-9f6c-484d-8b94-e11b91a1776b,3895052,284,22.710901368728702,971573611,2328941700,2329808300,1781213936660-0
s2sf12j2_redis_rep2_20260611_223851,redis,s2sf12j2_redis_rep2_20260611_223851,d0e24332-4557-4964-a5c1-deeac13c4cbe,3895052,284,22.710901368728702,971573611,2329910600,2330424800,1781213936661-0
s2sf12j2_redis_rep2_20260611_223851,redis,s2sf12j2_redis_rep2_20260611_223851,568df90e-0d23-44bf-8c96-729a611c51c4,3895107,284,22.67755125431503,971295693,2330532500,2331073900,1781213936661-1
s2sf12j2_redis_rep2_20260611_223851,redis,s2sf12j2_redis_rep2_20260611_223851,e0b1d442-0d16-4a88-9444-333968dc8cea,3895107,284,22.67755125431503,971295693,2331172300,2331738200,1781213936662-0
s2sf12j2_redis_rep2_20260611_223851,redis,s2sf12j2_redis_rep2_20260611_223851,b6be47be-1e4f-45ae-8cd1-cdd58669ebe7,3895121,285,23.43841307476514,977636208,2331841800,2332884500,1781213936663-0
s2sf12j2_redis_rep2_20260611_223851,redis,s2sf12j2_redis_rep2_20260611_223851,016e5e03-8ae5-443c-8aa6-10076b5ed010,3895121,285,23.43841307476514,977636208,2332990100,2333555200,1781213936664-0
s2sf12j2_redis_rep2_20260611_223851,redis,s2sf12j2_redis_rep2_20260611_223851,d93ea45f-d401-4624-9c71-e74e636938ed,3895052,285,22.794234702062035,972268055,2333654900,2334250800,1781213936664-1
s2sf12j2_redis_rep2_20260611_223851,redis,s2sf12j2_redis_rep2_20260611_223851,3f9279c0-50e8-46e7-985d-3085893e0dd2,3895060,286,25.582702728353222,995505289,2334387800,2334932400,1781213936665-0
s2sf12j2_redis_rep2_20260611_223851,redis,s2sf12j2_redis_rep2_20260611_223851,dceab60f-ca34-4ec5-a4cf-4425124f24fe,3895060,286,25.582702728353222,995505289,2335082700,2335670500,1781213936666-0
s2sf12j2_redis_rep2_20260611_223851,redis,s2sf12j2_redis_rep2_20260611_223851,b9ea5a4c-9efb-498e-b63f-87006c8d0afe,3895060,286,25.582702728353222,995505289,2335831700,2336355800,1781213936667-0
s2sf12j2_redis_rep2_20260611_223851,redis,s2sf12j2_redis_rep2_20260611_223851,9d0d68a1-257a-4c76-91c7-393de106a90d,3895074,286,24.297753445319287,984797378,2336462700,2336958100,1781213936667-1
s2sf12j2_redis_rep2_20260611_223851,redis,s2sf12j2_redis_rep2_20260611_223851,ccece201-2ec8-4dc7-9ef2-19e1b53d4854,3895074,286,24.297753445319287,984797378,2337059100,2337659500,1781213936668-0
s2sf12j2_redis_rep2_20260611_223851,redis,s2sf12j2_redis_rep2_20260611_223851,7c912e6e-a49b-415b-9144-a410923bdea1,3895067,286,22.44323454489494,969343054,2337762700,2338401100,1781213936669-0
s2sf12j2_redis_rep2_20260611_223851,redis,s2sf12j2_redis_rep2_20260611_223851,0472c1db-c54a-4459-b1aa-3092003b314d,3895060,287,25.66603606168656,996199733,2338566900,2339165100,1781213936669-1
s2sf12j2_redis_rep2_20260611_223851,redis,s2sf12j2_redis_rep2_20260611_223851,c491e4ae-72ac-4df5-a9f7-e605733e9c90,3895060,287,25.66603606168656,996199733,2339259000,2339850600,1781213936670-0
s2sf12j2_redis_rep2_20260611_223851,redis,s2sf12j2_redis_rep2_20260611_223851,2210e28b-c847-4bd8-8a4e-28153c51246f,3895121,287,23.60507974143181,979025097,2339942800,2340472100,1781213936671-0
s2sf12j2_redis_rep2_20260611_223851,redis,s2sf12j2_redis_rep2_20260611_223851,4f24880f-c5f9-44fc-8b94-2fd3585ae7aa,3895074,287,24.381086778652623,985491823,2340564100,2341133000,1781213936671-1
s2sf12j2_redis_rep2_20260611_223851,redis,s2sf12j2_redis_rep2_20260611_223851,532f4b4e-4d00-441e-a152-7cef4ac7661f,3895074,287,24.381086778652623,985491823,2341227500,2341780300,1781213936672-0
s2sf12j2_redis_rep2_20260611_223851,redis,s2sf12j2_redis_rep2_20260611_223851,3dee3e7a-bb98-48d5-b17d-f2453d85da21,3895052,287,22.960901368728702,973656944,2341874000,2342502000,1781213936673-0
s2sf12j2_redis_rep2_20260611_223851,redis,s2sf12j2_redis_rep2_20260611_223851,436f8b9d-e733-48dd-95af-6c666d943323,3895052,287,22.960901368728702,973656944,2342756800,2343353200,1781213936674-0
s2sf12j2_redis_rep2_20260611_223851,redis,s2sf12j2_redis_rep2_20260611_223851,37e539f8-e57d-400e-a028-1b737a77d139,3895052,287,22.960901368728702,973656944,2343458200,2344012300,1781213936674-1
s2sf12j2_redis_rep2_20260611_223851,redis,s2sf12j2_redis_rep2_20260611_223851,2af57b69-0d8c-4f5a-abda-b91069e7ba3c,3895121,288,23.68841307476514,979719542,2344169000,2344622900,1781213936675-0
s2sf12j2_redis_rep2_20260611_223851,redis,s2sf12j2_redis_rep2_20260611_223851,2883749a-85e0-4460-9c58-23a96957cd78,3895121,288,23.68841307476514,979719542,2344726900,2345295200,1781213936676-0
s2sf12j2_redis_rep2_20260611_223851,redis,s2sf12j2_redis_rep2_20260611_223851,074468e7-3de4-4ccd-97aa-08a191a38d7c,3895074,288,24.464420111985955,986186267,2345400900,2345908600,1781213936676-1
s2sf12j2_redis_rep2_20260611_223851,redis,s2sf12j2_redis_rep2_20260611_223851,5e05380b-6d8d-4bc9-b533-d416873c7628,3895067,288,22.609901211561606,970731943,2346014900,2346637700,1781213936677-0
s2sf12j2_redis_rep2_20260611_223851,redis,s2sf12j2_redis_rep2_20260611_223851,30ad9869-ce4f-4108-ad24-a561d3ad2bac,3895067,288,22.609901211561606,970731943,2346800400,2347558200,1781213936678-0
s2sf12j2_redis_rep2_20260611_223851,redis,s2sf12j2_redis_rep2_20260611_223851,5bb93865-ae8c-4c29-a356-0cac3669e69f,3895067,288,22.609901211561606,970731943,2347714600,2348349600,1781213936679-0
s2sf12j2_redis_rep2_20260611_223851,redis,s2sf12j2_redis_rep2_20260611_223851,78641a7b-ee1e-4f5b-9bc6-9920fa278f65,3895113,288,22.53864581702246,970138148,2348472900,2349077000,1781213936679-1
s2sf12j2_redis_rep2_20260611_223851,redis,s2sf12j2_redis_rep2_20260611_223851,fcce792b-4e1d-49f6-a796-010f392c1c5e,3895113,288,22.53864581702246,970138148,2349197500,2349803000,1781213936680-0
s2sf12j2_redis_rep2_20260611_223851,redis,s2sf12j2_redis_rep2_20260611_223851,97030666-e6be-4b0d-9985-c0ac4f819aa6,3895113,288,22.53864581702246,970138148,2349920100,2350535600,1781213936681-0
s2sf12j2_redis_rep2_20260611_223851,redis,s2sf12j2_redis_rep2_20260611_223851,222733d1-fdb8-480b-9174-93e35fa3d92f,3895052,288,23.044234702062035,974351389,2350642700,2351228400,1781213936681-1
s2sf12j2_redis_rep2_20260611_223851,redis,s2sf12j2_redis_rep2_20260611_223851,c350d38a-9b8c-416a-8181-4da8385d50eb,3895052,288,23.044234702062035,974351389,2351328100,2351864800,1781213936682-0
s2sf12j2_redis_rep2_20260611_223851,redis,s2sf12j2_redis_rep2_20260611_223851,855459c3-9793-49f9-b7cc-33b4ef505e76,3895074,289,24.547753445319287,986880712,2351973100,2352520700,1781213936683-0
s2sf12j2_redis_rep2_20260611_223851,redis,s2sf12j2_redis_rep2_20260611_223851,c619a0ab-94f8-4132-bc6f-b69bbe7c6258,3895074,289,24.547753445319287,986880712,2352620900,2353186800,1781213936683-1
s2sf12j2_redis_rep2_20260611_223851,redis,s2sf12j2_redis_rep2_20260611_223851,0deb3949-e376-4bb3-bf42-292241af1fc3,3895067,289,22.69323454489494,971426387,2353293100,2353830700,1781213936684-0
s2sf12j2_redis_rep2_20260611_223851,redis,s2sf12j2_redis_rep2_20260611_223851,e13bb720-cac7-4b4e-9043-8ff568dc9ea4,3895067,289,22.69323454489494,971426387,2353922900,2354495000,1781213936685-0
s2sf12j2_redis_rep2_20260611_223851,redis,s2sf12j2_redis_rep2_20260611_223851,b1819484-a737-4005-a078-fbc16d00a218,3895067,289,22.69323454489494,971426387,2354590300,2355097400,1781213936685-1
s2sf12j2_redis_rep2_20260611_223851,redis,s2sf12j2_redis_rep2_20260611_223851,14b99c89-208b-4afc-9b06-de307f4fa529,3895067,289,22.69323454489494,971426387,2355189300,2355715800,1781213936686-0
s2sf12j2_redis_rep2_20260611_223851,redis,s2sf12j2_redis_rep2_20260611_223851,82d694c7-ace4-40f4-9782-79438b8bf697,3895113,289,22.62197915035579,970832592,2355822200,2356274800,1781213936687-0
s2sf12j2_redis_rep2_20260611_223851,redis,s2sf12j2_redis_rep2_20260611_223851,031a37dd-5216-44d4-8dd8-42b700368108,3895060,290,25.91603606168656,998283067,2356367800,2356821100,1781213936687-1
s2sf12j2_redis_rep2_20260611_223851,redis,s2sf12j2_redis_rep2_20260611_223851,62294c7e-65a0-454c-883c-b34b8504902b,3895060,290,25.91603606168656,998283067,2356907500,2357328500,1781213936688-0
s2sf12j2_redis_rep2_20260611_223851,redis,s2sf12j2_redis_rep2_20260611_223851,8d94172c-d061-4ef2-a3c2-7177b47b99bc,3895060,290,25.91603606168656,998283067,2357413200,2357958700,1781213936688-1
s2sf12j2_redis_rep2_20260611_223851,redis,s2sf12j2_redis_rep2_20260611_223851,668cd208-f691-4bba-9f3c-0a14df0c9b0c,3895060,290,25.91603606168656,998283067,2358079300,2358595000,1781213936689-0
s2sf12j2_redis_rep2_20260611_223851,redis,s2sf12j2_redis_rep2_20260611_223851,36fc975f-e79c-470b-8e57-cd853ad49237,3895060,290,25.91603606168656,998283067,2358678300,2359206800,1781213936689-1
s2sf12j2_redis_rep2_20260611_223851,redis,s2sf12j2_redis_rep2_20260611_223851,1ac55428-9906-43e8-8174-3bda7a9fe6b1,3895060,290,25.91603606168656,998283067,2359317700,2359816600,1781213936690-0
s2sf12j2_redis_rep2_20260611_223851,redis,s2sf12j2_redis_rep2_20260611_223851,e6bbb505-91c2-4c10-9b72-8924f0839f52,3895060,290,25.91603606168656,998283067,2359896100,2360379300,1781213936691-0
s2sf12j2_redis_rep2_20260611_223851,redis,s2sf12j2_redis_rep2_20260611_223851,7a5563b0-2c03-4bc5-8402-b111508a5ee8,3895067,290,22.776567878228278,972120832,2360463900,2360966600,1781213936691-1
s2sf12j2_redis_rep2_20260611_223851,redis,s2sf12j2_redis_rep2_20260611_223851,ead8a0b1-660f-4b45-874d-ead74ba1bb2b,3895052,290,23.210901368728702,975740278,2361046700,2361659600,1781213936692-0
s2sf12j2_redis_rep2_20260611_223851,redis,s2sf12j2_redis_rep2_20260611_223851,ff64ee0b-91ec-4b8b-9633-9aeb1991bf79,3895060,291,25.99936939501989,998977511,2361741500,2362318300,1781213936693-0
s2sf12j2_redis_rep2_20260611_223851,redis,s2sf12j2_redis_rep2_20260611_223851,39540963-f69a-404f-ae7d-01584d355d07,3895060,291,25.99936939501989,998977511,2362397900,2362963200,1781213936693-1
s2sf12j2_redis_rep2_20260611_223851,redis,s2sf12j2_redis_rep2_20260611_223851,c5070639-4fab-4769-80a0-bae3f5d81ba1,3895060,291,25.99936939501989,998977511,2363055200,2363649600,1781213936694-0
s2sf12j2_redis_rep2_20260611_223851,redis,s2sf12j2_redis_rep2_20260611_223851,2b946c2d-338e-465e-bdd9-a05718d6d00f,3895067,291,22.859901211561606,972815276,2363752400,2364305900,1781213936695-0
s2sf12j2_redis_rep2_20260611_223851,redis,s2sf12j2_redis_rep2_20260611_223851,f9637bde-65d5-4f7f-8fd0-8db01ac15608,3895067,291,22.859901211561606,972815276,2364411400,2364946100,1781213936695-1
s2sf12j2_redis_rep2_20260611_223851,redis,s2sf12j2_redis_rep2_20260611_223851,a799e186-36fe-4c38-b13a-9a5ee115a7bd,3895113,291,22.78864581702246,972221481,2365044300,2365623100,1781213936696-0
s2sf12j2_redis_rep2_20260611_223851,redis,s2sf12j2_redis_rep2_20260611_223851,8f4296e3-f01f-4788-aadd-fb2a55cac976,3895113,291,22.78864581702246,972221481,2365731700,2366271000,1781213936697-0
s2sf12j2_redis_rep2_20260611_223851,redis,s2sf12j2_redis_rep2_20260611_223851,373ac539-8011-4af6-bd85-41faa59db919,3895060,292,26.082702728353222,999671956,2366365800,2366977200,1781213936697-1
s2sf12j2_redis_rep2_20260611_223851,redis,s2sf12j2_redis_rep2_20260611_223851,20baa747-3493-4b7a-8a4a-eb66bb12360f,3895060,292,26.082702728353222,999671956,2367112400,2367739400,1781213936698-0
s2sf12j2_redis_rep2_20260611_223851,redis,s2sf12j2_redis_rep2_20260611_223851,923c3edc-3b42-4e65-a104-9938fea3f27b,3895121,292,24.021746408098476,982497320,2367860300,2368427600,1781213936699-0
s2sf12j2_redis_rep2_20260611_223851,redis,s2sf12j2_redis_rep2_20260611_223851,e863797e-ee51-4760-bd0c-d7fc8e239489,3895074,292,24.797753445319287,988964045,2368564200,2369100000,1781213936699-1
s2sf12j2_redis_rep2_20260611_223851,redis,s2sf12j2_redis_rep2_20260611_223851,f45e9e2d-7246-4c70-a5ee-da73a09d6003,3895067,292,22.94323454489494,973509721,2369206800,2369782400,1781213936700-0
s2sf12j2_redis_rep2_20260611_223851,redis,s2sf12j2_redis_rep2_20260611_223851,1ce34b94-abf5-4f2e-9b44-3e00cc340a28,3895052,292,23.377568035395367,977129166,2369920400,2370634800,1781213936701-0
s2sf12j2_redis_rep2_20260611_223851,redis,s2sf12j2_redis_rep2_20260611_223851,13188bbf-d36c-48e5-9b3e-47562b47ee30,3895052,292,23.377568035395367,977129166,2370766900,2371330100,1781213936702-0
s2sf12j2_redis_rep2_20260611_223851,redis,s2sf12j2_redis_rep2_20260611_223851,3a8d3305-f836-456d-9769-c9bd5457e10c,3895060,293,26.16603606168656,1000366400,2371425700,2372027200,1781213936702-1
s2sf12j2_redis_rep2_20260611_223851,redis,s2sf12j2_redis_rep2_20260611_223851,0986d2ef-edb7-4b75-8010-836d6fceef2b,3895121,293,24.10507974143181,983191764,2372223300,2372771200,1781213936703-0
s2sf12j2_redis_rep2_20260611_223851,redis,s2sf12j2_redis_rep2_20260611_223851,f4bc9db2-bc67-451c-85c4-1482da8a97b3,3895067,293,23.026567878228278,974204165,2372870400,2373550400,1781213936704-0
s2sf12j2_redis_rep2_20260611_223851,redis,s2sf12j2_redis_rep2_20260611_223851,67ed9ebe-0206-4bb7-b0c5-e741aba9899a,3895067,293,23.026567878228278,974204165,2373668700,2374177600,1781213936704-1
s2sf12j2_redis_rep2_20260611_223851,redis,s2sf12j2_redis_rep2_20260611_223851,1aae39c4-96e4-48e0-9c29-231834224a3f,3895095,294,25.39209919108977,993916926,2374296000,2374835900,1781213936705-0
s2sf12j2_redis_rep2_20260611_223851,redis,s2sf12j2_redis_rep2_20260611_223851,cb19df7e-ca27-4be0-b413-19669292f459,3895121,294,24.18841307476514,983886208,2374941700,2375503500,1781213936706-0
s2sf12j2_redis_rep2_20260611_223851,redis,s2sf12j2_redis_rep2_20260611_223851,0d57616a-2f85-478d-8de1-ea0b8b67b105,3895121,294,24.18841307476514,983886208,2375605900,2376143400,1781213936706-1
s2sf12j2_redis_rep2_20260611_223851,redis,s2sf12j2_redis_rep2_20260611_223851,4971ad38-8e39-4aa9-9821-6ee3099297b8,3895121,294,24.18841307476514,983886208,2376241000,2376733400,1781213936707-0
s2sf12j2_redis_rep2_20260611_223851,redis,s2sf12j2_redis_rep2_20260611_223851,07f2ae82-090e-472c-b2e1-a2d650cab5b3,3895074,294,24.964420111985955,990352934,2376825600,2377282000,1781213936708-0
s2sf12j2_redis_rep2_20260611_223851,redis,s2sf12j2_redis_rep2_20260611_223851,c7b89f32-85b9-4313-988d-29c1bd5e9457,3895074,294,24.964420111985955,990352934,2377372500,2377854500,1781213936708-1
s2sf12j2_redis_rep2_20260611_223851,redis,s2sf12j2_redis_rep2_20260611_223851,2cb73fd8-9c3f-471d-80d9-ead557fb7487,3895121,295,24.271746408098476,984580653,2377938900,2378483400,1781213936709-0
s2sf12j2_redis_rep2_20260611_223851,redis,s2sf12j2_redis_rep2_20260611_223851,05dea85d-8834-45d4-b28d-20542902d49c,3895074,295,25.047753445319287,991047378,2378612700,2379339900,1781213936709-1
s2sf12j2_redis_rep2_20260611_223851,redis,s2sf12j2_redis_rep2_20260611_223851,6c252943-c328-4a1c-93f1-b362b2f70c00,3895052,295,23.627568035395367,979212500,2379473100,2380053500,1781213936710-0
s2sf12j2_redis_rep2_20260611_223851,redis,s2sf12j2_redis_rep2_20260611_223851,ae5ecdf4-846f-4b41-a02d-6132a5440563,3895095,296,25.558765857756438,995305815,2380166400,2380715900,1781213936711-0
s2sf12j2_redis_rep2_20260611_223851,redis,s2sf12j2_redis_rep2_20260611_223851,6a6800b7-ef80-4060-9fbc-c74e853d039c,3895095,296,25.558765857756438,995305815,2380819800,2381334900,1781213936712-0
s2sf12j2_redis_rep2_20260611_223851,redis,s2sf12j2_redis_rep2_20260611_223851,5e632e41-4df9-4c0c-b570-a5134bd09a32,3895060,296,26.41603606168656,1002449733,2381437500,2381952100,1781213936712-1
s2sf12j2_redis_rep2_20260611_223851,redis,s2sf12j2_redis_rep2_20260611_223851,bde8cd33-f116-41c3-a89e-cc8af20f3fa8,3895074,296,25.131086778652623,991741823,2382078600,2382663200,1781213936713-0
s2sf12j2_redis_rep2_20260611_223851,redis,s2sf12j2_redis_rep2_20260611_223851,95c2714f-7d33-4004-b5c7-bafe998115e9,3895074,296,25.131086778652623,991741823,2382788800,2383314700,1781213936714-0
s2sf12j2_redis_rep2_20260611_223851,redis,s2sf12j2_redis_rep2_20260611_223851,2b5fcfd5-b13d-4730-8cee-7fd1d0eae227,3895052,296,23.710901368728702,979906944,2383420200,2383936700,1781213936714-1
s2sf12j2_redis_rep2_20260611_223851,redis,s2sf12j2_redis_rep2_20260611_223851,0f494371-1412-4a1d-9500-8b0ec603ef04,3895052,296,23.710901368728702,979906944,2384038200,2384631100,1781213936715-0
s2sf12j2_redis_rep2_20260611_223851,redis,s2sf12j2_redis_rep2_20260611_223851,4eface8a-4a6d-4583-a477-33e09413d486,3895060,297,26.49936939501989,1003144178,2384734800,2385188600,1781213936715-1
s2sf12j2_redis_rep2_20260611_223851,redis,s2sf12j2_redis_rep2_20260611_223851,74aedab1-2ee4-4b47-b5a7-b52071217d25,3895060,297,26.49936939501989,1003144178,2385283800,2385741100,1781213936716-0
s2sf12j2_redis_rep2_20260611_223851,redis,s2sf12j2_redis_rep2_20260611_223851,fb951a65-69c4-43f5-803e-77154362d4cd,3895060,297,26.49936939501989,1003144178,2385831600,2386337200,1781213936717-0
s2sf12j2_redis_rep2_20260611_223851,redis,s2sf12j2_redis_rep2_20260611_223851,82ae78e4-2353-4812-8531-bac4e5d45a62,3895067,297,23.359901211561606,976981943,2386439200,2386918200,1781213936717-1
s2sf12j2_redis_rep2_20260611_223851,redis,s2sf12j2_redis_rep2_20260611_223851,5d079eea-163c-44b1-b879-610f17e4913b,3895113,297,23.28864581702246,976388148,2387009700,2387451900,1781213936718-0
s2sf12j2_redis_rep2_20260611_223851,redis,s2sf12j2_redis_rep2_20260611_223851,77d3e3a4-500d-472f-bb4c-9d2c4bdf1415,3895052,297,23.794234702062035,980601389,2387572400,2388075800,1781213936718-1
s2sf12j2_redis_rep2_20260611_223851,redis,s2sf12j2_redis_rep2_20260611_223851,8d451769-761b-4aa2-bd80-0b5222f042bb,3895095,298,25.7254325244231,996694704,2388169500,2388644500,1781213936719-0
s2sf12j2_redis_rep2_20260611_223851,redis,s2sf12j2_redis_rep2_20260611_223851,00eab1c4-f988-4434-a555-faa7f132b766,3895095,298,25.7254325244231,996694704,2388736100,2389218700,1781213936719-1
s2sf12j2_redis_rep2_20260611_223851,redis,s2sf12j2_redis_rep2_20260611_223851,b9bcf81d-8f22-46e7-927b-f3204e669c97,3895095,298,25.7254325244231,996694704,2389314900,2389776100,1781213936720-0
s2sf12j2_redis_rep2_20260611_223851,redis,s2sf12j2_redis_rep2_20260611_223851,718aa7b3-74c2-476e-899a-8dae176314e2,3895060,298,26.582702728353222,1003838622,2389866600,2390441700,1781213936721-0
s2sf12j2_redis_rep2_20260611_223851,redis,s2sf12j2_redis_rep2_20260611_223851,99e1e1f0-ebd2-4a65-95db-1b4a1aa15064,3895074,298,25.297753445319287,993130712,2390531600,2391117300,1781213936721-1
s2sf12j2_redis_rep2_20260611_223851,redis,s2sf12j2_redis_rep2_20260611_223851,8c65fc02-c93d-4f7d-9284-ddc9356593cf,3895067,298,23.44323454489494,977676387,2391205400,2391808400,1781213936722-0
s2sf12j2_redis_rep2_20260611_223851,redis,s2sf12j2_redis_rep2_20260611_223851,656fdc64-4df3-45a5-b9f9-521c9b9051a4,3895113,298,23.37197915035579,977082592,2391919900,2392392000,1781213936723-0
s2sf12j2_redis_rep2_20260611_223851,redis,s2sf12j2_redis_rep2_20260611_223851,6add2fd9-3279-4cb8-ab0a-6abb395360b3,3895067,298,23.44323454489494,977676387,2392479400,2393034900,1781213936723-1
s2sf12j2_redis_rep2_20260611_223851,redis,s2sf12j2_redis_rep2_20260611_223851,64489658-e252-4571-ab52-d1d2b22755dc,3895113,298,23.37197915035579,977082592,2393118600,2393628600,1781213936724-0
s2sf12j2_redis_rep2_20260611_223851,redis,s2sf12j2_redis_rep2_20260611_223851,dd5373c8-4da2-45f8-9ebb-81e2ef709ea7,3895067,298,23.44323454489494,977676387,2393733900,2394323200,1781213936725-0
s2sf12j2_redis_rep2_20260611_223851,redis,s2sf12j2_redis_rep2_20260611_223851,da6e321b-2781-4b97-b334-1e563ecebe3f,3895052,298,23.877568035395367,981295833,2394421700,2394897700,1781213936725-1
s2sf12j2_redis_rep2_20260611_223851,redis,s2sf12j2_redis_rep2_20260611_223851,97862e41-8162-462d-966c-20907bac6716,3895052,298,23.877568035395367,981295833,2394994200,2395511900,1781213936726-0
s2sf12j2_redis_rep2_20260611_223851,redis,s2sf12j2_redis_rep2_20260611_223851,537b9f6d-9f19-45bd-b1d3-f95cd1ed9cab,3895095,299,25.808765857756438,997389148,2395601600,2396063900,1781213936726-1
s2sf12j2_redis_rep2_20260611_223851,redis,s2sf12j2_redis_rep2_20260611_223851,06be9e5c-74f2-4cc2-bd53-0e5e2264e1f3,3895121,299,24.60507974143181,987358431,2396171300,2396860400,1781213936727-0
s2sf12j2_redis_rep2_20260611_223851,redis,s2sf12j2_redis_rep2_20260611_223851,7094fbf3-95f1-41b6-8ccb-585622239dd0,3895074,299,25.381086778652623,993825156,2396982800,2397663300,1781213936728-0
s2sf12j2_redis_rep2_20260611_223851,redis,s2sf12j2_redis_rep2_20260611_223851,f430ac1c-53ee-4623-8a53-59e387e15d09,3895074,299,25.381086778652623,993825156,2397812700,2398312000,1781213936729-0
s2sf12j2_redis_rep2_20260611_223851,redis,s2sf12j2_redis_rep2_20260611_223851,249c087a-57fd-4380-8163-b270ca216e68,3895074,299,25.381086778652623,993825156,2398402700,2398956100,1781213936729-1
s2sf12j2_redis_rep2_20260611_223851,redis,s2sf12j2_redis_rep2_20260611_223851,5819712d-1202-4261-b09a-3c5a035d31c4,3895113,299,23.455312483689127,977777037,2399079800,2399842400,1781213936730-0
s2sf12j2_redis_rep2_20260611_223851,redis,s2sf12j2_redis_rep2_20260611_223851,efafb7cf-dca9-4911-b0be-52eb4fa6a7ff,3895067,299,23.526567878228278,978370832,2399967800,2400517700,1781213936731-0
s2sf12j2_redis_rep2_20260611_223851,redis,s2sf12j2_redis_rep2_20260611_223851,e8c6b47d-c8ce-4f5a-bce3-a4920939ebe7,3895113,299,23.455312483689127,977777037,2400605000,2401113100,1781213936731-1
s2sf12j2_redis_rep2_20260611_223851,redis,s2sf12j2_redis_rep2_20260611_223851,aa74e2d6-5821-4d22-815b-f180bd50d595,3895067,299,23.526567878228278,978370832,2401201200,2401795300,1781213936732-0
s2sf12j2_redis_rep2_20260611_223851,redis,s2sf12j2_redis_rep2_20260611_223851,dc30c04b-62a8-4004-8fe6-24d22811d7b7,3895113,299,23.455312483689127,977777037,2401877700,2402314600,1781213936733-0
s2sf12j2_redis_rep2_20260611_223851,redis,s2sf12j2_redis_rep2_20260611_223851,2134c16a-89a6-4c8f-bcc3-95339ff6ee8c,3895052,299,23.960901368728702,981990278,2402402000,2402856200,1781213936733-1
s2sf12j2_redis_rep2_20260611_223851,redis,s2sf12j2_redis_rep2_20260611_223851,7cd7ca7c-1a6f-4462-a3d7-807dee884e86,3895052,299,23.960901368728702,981990278,2402937100,2403362400,1781213936734-0
s2sf12j2_redis_rep2_20260611_223851,redis,s2sf12j2_redis_rep2_20260611_223851,a51e1b30-3f66-4cb6-aa08-611959cf6adc,3895060,300,26.74936939501989,1005227511,2403449800,2403984800,1781213936734-1
s2sf12j2_redis_rep2_20260611_223851,redis,s2sf12j2_redis_rep2_20260611_223851,ceafaebf-d3ac-4908-a79a-f59d2e88ad4c,3895060,300,26.74936939501989,1005227511,2404073100,2404533900,1781213936735-0
s2sf12j2_redis_rep2_20260611_223851,redis,s2sf12j2_redis_rep2_20260611_223851,87409ec8-1ff0-4642-b767-d9a46f5ce73e,3895121,300,24.68841307476514,988052875,2404614600,2405130100,1781213936735-1
s2sf12j2_redis_rep2_20260611_223851,redis,s2sf12j2_redis_rep2_20260611_223851,fac41051-b41b-4225-96c2-c7bf36a1207f,3895067,300,23.609901211561606,979065276,2405211400,2405761300,1781213936736-0
s2sf12j2_redis_rep2_20260611_223851,redis,s2sf12j2_redis_rep2_20260611_223851,b96f1f4a-8655-463f-ba71-5f18276acc6a,3895113,300,23.53864581702246,978471481,2405844400,2406425300,1781213936737-0
s2sf12j2_redis_rep2_20260611_223851,redis,s2sf12j2_redis_rep2_20260611_223851,afc49b5c-9965-4b69-8368-80f1cc87a50f,3895067,300,23.609901211561606,979065276,2406525600,2407005200,1781213936737-1
s2sf12j2_redis_rep2_20260611_223851,redis,s2sf12j2_redis_rep2_20260611_223851,8108d6ee-d747-46a2-877f-ce8d6bd7f451,3895113,300,23.53864581702246,978471481,2407092400,2407678900,1781213936738-0
s2sf12j2_redis_rep2_20260611_223851,redis,s2sf12j2_redis_rep2_20260611_223851,9558bdd0-94c9-4cb5-8a73-ffa3172737ec,3895113,300,23.53864581702246,978471481,2407765000,2408268900,1781213936739-0
s2sf12j2_redis_rep2_20260611_223851,redis,s2sf12j2_redis_rep2_20260611_223851,eb4e9b3c-8691-4e5b-a98b-bbf020338c86,3895113,301,23.62197915035579,979165926,2408351300,2408942800,1781213936739-1
s2sf12j2_redis_rep2_20260611_223851,redis,s2sf12j2_redis_rep2_20260611_223851,7de44808-f2d7-4e70-867e-3e80d4d3ac44,3895052,301,24.127568035395367,983379166,2409022900,2409698300,1781213936740-0
s2sf12j2_redis_rep2_20260611_223851,redis,s2sf12j2_redis_rep2_20260611_223851,3aa52e8d-cde4-41cf-a8df-9cec290542e0,3895086,301,24.746937795637397,988540581,2409852800,2410585300,1781213936741-0
s2sf12j2_redis_rep2_20260611_223851,redis,s2sf12j2_redis_rep2_20260611_223851,7dd1d933-8e69-45a8-92b1-d4769bca669d,3895095,302,26.058765857756438,999472482,2410712500,2411287000,1781213936742-0
s2sf12j2_redis_rep2_20260611_223851,redis,s2sf12j2_redis_rep2_20260611_223851,b8e73548-07dd-497a-9304-4808ae894b6e,3895095,302,26.058765857756438,999472482,2411401800,2411966600,1781213936742-1
s2sf12j2_redis_rep2_20260611_223851,redis,s2sf12j2_redis_rep2_20260611_223851,c7283f15-0bb0-4647-ae69-794ab9cc5519,3895060,302,26.91603606168656,1006616400,2412084800,2412586500,1781213936743-0
s2sf12j2_redis_rep2_20260611_223851,redis,s2sf12j2_redis_rep2_20260611_223851,6d7577e3-98ad-4f4e-a818-a5fc53eb32f2,3895074,302,25.631086778652623,995908489,2412717400,2413247600,1781213936744-0
s2sf12j2_redis_rep2_20260611_223851,redis,s2sf12j2_redis_rep2_20260611_223851,0037af2f-1a36-4f81-a0cf-58e64700f6de,3895067,302,23.776567878228278,980454165,2413371300,2413916100,1781213936744-1
s2sf12j2_redis_rep2_20260611_223851,redis,s2sf12j2_redis_rep2_20260611_223851,df961d90-fc03-4f0b-8772-a1b9ef05ab58,3895113,302,23.705312483689127,979860370,2414012000,2414544300,1781213936745-0
s2sf12j2_redis_rep2_20260611_223851,redis,s2sf12j2_redis_rep2_20260611_223851,dfb18a12-cd4c-467a-98ac-b9d0c4ba74f7,3895113,302,23.705312483689127,979860370,2414664100,2415181600,1781213936745-1
s2sf12j2_redis_rep2_20260611_223851,redis,s2sf12j2_redis_rep2_20260611_223851,060e3a55-03f6-479f-b489-4c652141074f,3895113,302,23.705312483689127,979860370,2415282200,2415776600,1781213936746-0
s2sf12j2_redis_rep2_20260611_223851,redis,s2sf12j2_redis_rep2_20260611_223851,83eea9c1-06df-47e7-8331-e4ea00bcd5b7,3895052,302,24.210901368728702,984073611,2415880300,2416493500,1781213936747-0
s2sf12j2_redis_rep2_20260611_223851,redis,s2sf12j2_redis_rep2_20260611_223851,cabe7a89-5bbb-4aff-b7e9-04be4291461c,3895052,302,24.210901368728702,984073611,2416603700,2417121400,1781213936747-1
s2sf12j2_redis_rep2_20260611_223851,redis,s2sf12j2_redis_rep2_20260611_223851,db033c3c-c5f2-4c87-b560-27eb9759a6a2,3895052,302,24.210901368728702,984073611,2417244400,2417809700,1781213936748-0
s2sf12j2_redis_rep2_20260611_223851,redis,s2sf12j2_redis_rep2_20260611_223851,f9d09c0a-2818-4faf-ba9d-4b0bec1414bc,3895052,302,24.210901368728702,984073611,2417920400,2418417900,1781213936749-0
s2sf12j2_redis_rep2_20260611_223851,redis,s2sf12j2_redis_rep2_20260611_223851,575fd3db-8c8d-4fa2-8f8d-89fd4c0c857c,3895060,303,26.99936939501989,1007310844,2418521700,2419164400,1781213936749-1
s2sf12j2_redis_rep2_20260611_223851,redis,s2sf12j2_redis_rep2_20260611_223851,8019e093-194a-45f9-b023-b71b55ca31af,3895060,303,26.99936939501989,1007310844,2419258100,2419864300,1781213936750-0
s2sf12j2_redis_rep2_20260611_223851,redis,s2sf12j2_redis_rep2_20260611_223851,db1df0d6-2710-4cd6-9680-3be33c6da982,3895067,303,23.859901211561606,981148610,2419992400,2420566400,1781213936751-0
s2sf12j2_redis_rep2_20260611_223851,redis,s2sf12j2_redis_rep2_20260611_223851,b16ae0ab-32ca-4054-a821-7ee170618cca,3895067,303,23.859901211561606,981148610,2420653300,2421145600,1781213936751-1
s2sf12j2_redis_rep2_20260611_223851,redis,s2sf12j2_redis_rep2_20260611_223851,a0c8ca9b-ff31-4ce7-ba5f-69ec864bbcfb,3895067,303,23.859901211561606,981148610,2421232500,2421748300,1781213936752-0
s2sf12j2_redis_rep2_20260611_223851,redis,s2sf12j2_redis_rep2_20260611_223851,102d700f-edb6-4450-9564-f9357198e84f,3895086,303,24.91360446230406,989929470,2421839000,2422371500,1781213936753-0
s2sf12j2_redis_rep2_20260611_223851,redis,s2sf12j2_redis_rep2_20260611_223851,b2040ece-5bfc-40ba-9dc3-280d14f09e05,3895086,303,24.91360446230406,989929470,2422487600,2422996600,1781213936753-1
s2sf12j2_redis_rep2_20260611_223851,redis,s2sf12j2_redis_rep2_20260611_223851,718fce06-ce88-4acb-bb98-58dc617a96c8,3895086,303,24.91360446230406,989929470,2423093800,2423644300,1781213936754-0
s2sf12j2_redis_rep2_20260611_223851,redis,s2sf12j2_redis_rep2_20260611_223851,915b16b5-48ce-4314-8502-7f45b4386917,3895060,304,27.082702728353222,1008005289,2423737200,2424203900,1781213936754-1
s2sf12j2_redis_rep2_20260611_223851,redis,s2sf12j2_redis_rep2_20260611_223851,b2d9f8ab-85c0-41b1-8326-ff74fc3e165b,3895074,304,25.797753445319287,997297378,2424296300,2424781600,1781213936755-0
s2sf12j2_redis_rep2_20260611_223851,redis,s2sf12j2_redis_rep2_20260611_223851,3c7d1ab8-3ffc-461e-ad62-0aa4126f896b,3895074,304,25.797753445319287,997297378,2424869700,2425590900,1781213936756-0
s2sf12j2_redis_rep2_20260611_223851,redis,s2sf12j2_redis_rep2_20260611_223851,386e6305-4872-4f18-b622-d4339d7905c4,3895134,304,24.72514658069409,988358988,2425703000,2426257800,1781213936756-1
s2sf12j2_redis_rep2_20260611_223851,redis,s2sf12j2_redis_rep2_20260611_223851,36ec1e91-9ed7-4dbb-9543-9454e8745816,3895134,304,24.72514658069409,988358988,2426411100,2426924200,1781213936757-0
s2sf12j2_redis_rep2_20260611_223851,redis,s2sf12j2_redis_rep2_20260611_223851,4420a63c-a82e-4492-9a2e-153f57eb246b,3895067,304,23.94323454489494,981843054,2427035000,2427523600,1781213936758-0
s2sf12j2_redis_rep2_20260611_223851,redis,s2sf12j2_redis_rep2_20260611_223851,cd0849a2-1147-4614-a938-c73111f1e2eb,3895067,304,23.94323454489494,981843054,2427627900,2428198700,1781213936758-1
s2sf12j2_redis_rep2_20260611_223851,redis,s2sf12j2_redis_rep2_20260611_223851,0c35dc03-4034-4ca2-943b-4d2eb061e176,3895113,304,23.87197915035579,981249259,2428290300,2428820900,1781213936759-0
s2sf12j2_redis_rep2_20260611_223851,redis,s2sf12j2_redis_rep2_20260611_223851,e4264198-f510-4662-9058-7ab621a69ec3,3895113,304,23.87197915035579,981249259,2428916000,2429435000,1781213936760-0
s2sf12j2_redis_rep2_20260611_223851,redis,s2sf12j2_redis_rep2_20260611_223851,9b5cf4b2-0c74-43f0-b877-34990738da3e,3895052,304,24.377568035395367,985462500,2429527200,2430036000,1781213936760-1
s2sf12j2_redis_rep2_20260611_223851,redis,s2sf12j2_redis_rep2_20260611_223851,78d1e41b-f432-43f2-ae5d-7b0ddab9036f,3895086,304,24.996937795637397,990623914,2430122700,2430544900,1781213936761-0
s2sf12j2_redis_rep2_20260611_223851,redis,s2sf12j2_redis_rep2_20260611_223851,bb89db40-cc3f-4041-bb40-f2dd98ec5ef4,3895086,304,24.996937795637397,990623914,2430630000,2431093800,1781213936761-1
s2sf12j2_redis_rep2_20260611_223851,redis,s2sf12j2_redis_rep2_20260611_223851,0155141d-8b85-42dd-a480-4565866fc2e7,3895086,304,24.996937795637397,990623914,2431174700,2431764100,1781213936762-0
s2sf12j2_redis_rep2_20260611_223851,redis,s2sf12j2_redis_rep2_20260611_223851,b494532b-97ac-40df-a52c-53124e07e5d8,3895086,304,24.996937795637397,990623914,2431849500,2432427800,1781213936763-0
s2sf12j2_redis_rep2_20260611_223851,redis,s2sf12j2_redis_rep2_20260611_223851,7395219c-f7a8-4a4d-a6c7-06691e49f44d,3895074,305,25.881086778652623,997991823,2432513800,2433018800,1781213936763-1
s2sf12j2_redis_rep2_20260611_223851,redis,s2sf12j2_redis_rep2_20260611_223851,19d7984e-5557-4c9e-8e8d-82a79562a873,3895074,305,25.881086778652623,997991823,2433117900,2433662100,1781213936764-0
s2sf12j2_redis_rep2_20260611_223851,redis,s2sf12j2_redis_rep2_20260611_223851,51e28d97-f246-4253-9def-429310671f5f,3895134,305,24.80847991402743,989053432,2433764900,2434249600,1781213936765-0
s2sf12j2_redis_rep2_20260611_223851,redis,s2sf12j2_redis_rep2_20260611_223851,1c188c3d-1e4c-4e07-9789-5f0b097ad893,3895134,305,24.80847991402743,989053432,2434338600,2434835600,1781213936765-1
s2sf12j2_redis_rep2_20260611_223851,redis,s2sf12j2_redis_rep2_20260611_223851,d5f0e59a-1f5d-4984-af27-e8b16ead1847,3895134,305,24.80847991402743,989053432,2434924300,2435418700,1781213936766-0
s2sf12j2_redis_rep2_20260611_223851,redis,s2sf12j2_redis_rep2_20260611_223851,8ad96758-6bc9-4271-8b8a-683024fe4fde,3895113,305,23.955312483689127,981943704,2435519700,2436106100,1781213936766-1
s2sf12j2_redis_rep2_20260611_223851,redis,s2sf12j2_redis_rep2_20260611_223851,a2f6a8b6-bfd0-4f00-b481-c4a141869ef7,3895086,305,25.08027112897073,991318359,2436209900,2436683000,1781213936767-0
s2sf12j2_redis_rep2_20260611_223851,redis,s2sf12j2_redis_rep2_20260611_223851,14753394-c9b4-43da-b362-aa324a935c2c,3895060,306,27.24936939501989,1009394178,2436776400,2437261900,1781213936767-1
s2sf12j2_redis_rep2_20260611_223851,redis,s2sf12j2_redis_rep2_20260611_223851,0cea65f8-6851-4a87-b894-ed4b6cc9f3a7,3895060,306,27.24936939501989,1009394178,2437385200,2438112000,1781213936768-0
s2sf12j2_redis_rep2_20260611_223851,redis,s2sf12j2_redis_rep2_20260611_223851,6cbaa479-a9b0-4023-9cd4-8e833f4c37f8,3895134,306,24.89181324736076,989747877,2438201100,2438702700,1781213936769-0
s2sf12j2_redis_rep2_20260611_223851,redis,s2sf12j2_redis_rep2_20260611_223851,fed1fed7-f300-4f72-8bf9-84b8c04b534c,3895134,306,24.89181324736076,989747877,2438788900,2439400100,1781213936770-0
s2sf12j2_redis_rep2_20260611_223851,redis,s2sf12j2_redis_rep2_20260611_223851,23fc05dc-8610-4cea-b081-8c677ec5eb8e,3895067,306,24.109901211561606,983231943,2439530900,2440027000,1781213936770-1
s2sf12j2_redis_rep2_20260611_223851,redis,s2sf12j2_redis_rep2_20260611_223851,7d705d8e-510f-4254-99aa-b8ae3983f183,3895113,306,24.03864581702246,982638148,2440145000,2441019900,1781213936771-0
s2sf12j2_redis_rep2_20260611_223851,redis,s2sf12j2_redis_rep2_20260611_223851,f1467b99-9da9-46d2-ac75-690a3e4e6022,3895113,306,24.03864581702246,982638148,2441216500,2441904200,1781213936772-0
s2sf12j2_redis_rep2_20260611_223851,redis,s2sf12j2_redis_rep2_20260611_223851,5f9c2b45-e34b-4485-9f9c-c04f7a6a8141,3895113,306,24.03864581702246,982638148,2442077800,2442702400,1781213936773-0
s2sf12j2_redis_rep2_20260611_223851,redis,s2sf12j2_redis_rep2_20260611_223851,a79fae77-027f-4626-bd9a-43a8da911cc9,3895113,306,24.03864581702246,982638148,2442943800,2443602500,1781213936774-0
s2sf12j2_redis_rep2_20260611_223851,redis,s2sf12j2_redis_rep2_20260611_223851,b9d922e7-926b-4ab4-883f-14bef294f95a,3895095,307,26.4754325244231,1002944704,2443778600,2444392900,1781213936775-0
s2sf12j2_redis_rep2_20260611_223851,redis,s2sf12j2_redis_rep2_20260611_223851,9782329a-4987-4ed6-b83e-789650c72f3f,3895060,307,27.332702728353222,1010088622,2444548400,2445163800,1781213936775-1
s2sf12j2_redis_rep2_20260611_223851,redis,s2sf12j2_redis_rep2_20260611_223851,140e2782-5931-4f7f-b4b3-d8992cc0894d,3895113,307,24.12197915035579,983332592,2445282500,2445911100,1781213936776-0
s2sf12j2_redis_rep2_20260611_223851,redis,s2sf12j2_redis_rep2_20260611_223851,84201b0f-e559-4c49-8c72-b2ca95dd03b4,3895113,307,24.12197915035579,983332592,2446028700,2446547000,1781213936777-0
s2sf12j2_redis_rep2_20260611_223851,redis,s2sf12j2_redis_rep2_20260611_223851,4367de93-46a3-4051-9a03-c6091645b426,3895113,307,24.12197915035579,983332592,2446692900,2447311700,1781213936777-1
s2sf12j2_redis_rep2_20260611_223851,redis,s2sf12j2_redis_rep2_20260611_223851,a12bf24f-3f94-4b6b-a4c9-0ab1022463d6,3895113,307,24.12197915035579,983332592,2447430700,2447950800,1781213936778-0
s2sf12j2_redis_rep2_20260611_223851,redis,s2sf12j2_redis_rep2_20260611_223851,7a623911-e8bb-4240-91a7-ea53efb3bf67,3895113,307,24.12197915035579,983332592,2448060100,2448574400,1781213936779-0
s2sf12j2_redis_rep2_20260611_223851,redis,s2sf12j2_redis_rep2_20260611_223851,d818ea1b-fc04-4c3f-999d-3c923a1b9eb4,3895067,308,24.276567878228278,984620832,2448681800,2449197300,1781213936779-1
s2sf12j2_redis_rep2_20260611_223851,redis,s2sf12j2_redis_rep2_20260611_223851,66556ab9-c3cd-4075-8cff-e99be86fc596,3895067,308,24.276567878228278,984620832,2449309300,2449962400,1781213936780-0
s2sf12j2_redis_rep2_20260611_223851,redis,s2sf12j2_redis_rep2_20260611_223851,dabb4a55-9daf-4581-984f-65c72af87c2f,3895113,308,24.205312483689127,984027037,2450143400,2450787500,1781213936781-0
s2sf12j2_redis_rep2_20260611_223851,redis,s2sf12j2_redis_rep2_20260611_223851,3e4b67ce-6155-4cce-aa94-52d3c3d9b226,3895113,308,24.205312483689127,984027037,2450900300,2451390900,1781213936782-0
s2sf12j2_redis_rep2_20260611_223851,redis,s2sf12j2_redis_rep2_20260611_223851,b6d05a20-dc65-405d-93d6-c19f605a50fd,3895113,308,24.205312483689127,984027037,2451496000,2452084100,1781213936782-1
s2sf12j2_redis_rep2_20260611_223851,redis,s2sf12j2_redis_rep2_20260611_223851,f2fc96e0-e656-4e93-b2a6-371b149cc18b,3895113,308,24.205312483689127,984027037,2452186500,2452955800,1781213936783-0
s2sf12j2_redis_rep2_20260611_223851,redis,s2sf12j2_redis_rep2_20260611_223851,5547e81f-56b4-4b07-bddd-4e88812cbfb7,3895113,308,24.205312483689127,984027037,2453070400,2453633300,1781213936784-0
s2sf12j2_redis_rep2_20260611_223851,redis,s2sf12j2_redis_rep2_20260611_223851,6c732d25-06af-445d-979a-8de486f470de,3895113,308,24.205312483689127,984027037,2453745000,2454463800,1781213936785-0
s2sf12j2_redis_rep2_20260611_223851,redis,s2sf12j2_redis_rep2_20260611_223851,680f1e2b-51f4-4060-885f-44b943dcf8df,3895086,308,25.33027112897073,993401692,2454572800,2455100500,1781213936785-1
s2sf12j2_redis_rep2_20260611_223851,redis,s2sf12j2_redis_rep2_20260611_223851,532f5421-1002-4ba7-818c-1737d037ad0f,3895074,309,26.214420111985955,1000769600,2455247300,2455814200,1781213936786-0
s2sf12j2_redis_rep2_20260611_223851,redis,s2sf12j2_redis_rep2_20260611_223851,09b34f3f-1ad0-456f-9d0e-130693641fbd,3895134,309,25.14181324736076,991831210,2455943600,2456718400,1781213936787-0
s2sf12j2_redis_rep2_20260611_223851,redis,s2sf12j2_redis_rep2_20260611_223851,45d8d54a-c51c-447f-8c28-03e9807e66f9,3895134,309,25.14181324736076,991831210,2456902700,2457514400,1781213936788-0
s2sf12j2_redis_rep2_20260611_223851,redis,s2sf12j2_redis_rep2_20260611_223851,609bcb20-0647-439e-bf53-2c740528fc88,3895074,310,26.297753445319287,1001464045,2457676600,2458291000,1781213936789-0
s2sf12j2_redis_rep2_20260611_223851,redis,s2sf12j2_redis_rep2_20260611_223851,a1d192bf-a397-4555-b139-8bf87b76ff89,3895074,310,26.297753445319287,1001464045,2458430900,2459148700,1781213936789-1
s2sf12j2_redis_rep2_20260611_223851,redis,s2sf12j2_redis_rep2_20260611_223851,747f518f-8d91-4775-847e-ea3d859a2d6c,3895067,310,24.44323454489494,986009721,2459277900,2459902600,1781213936790-0
s2sf12j2_redis_rep2_20260611_223851,redis,s2sf12j2_redis_rep2_20260611_223851,e0293eec-a320-42e6-bf9c-776ea3503c80,3895113,310,24.37197915035579,985415926,2460024900,2460578200,1781213936791-0
s2sf12j2_redis_rep2_20260611_223851,redis,s2sf12j2_redis_rep2_20260611_223851,db738598-8c4f-44a6-8d07-5dba07dd8beb,3895113,310,24.37197915035579,985415926,2460687400,2461272100,1781213936791-1
s2sf12j2_redis_rep2_20260611_223851,redis,s2sf12j2_redis_rep2_20260611_223851,e977c99a-d4e4-4812-8753-825831ea0a3c,3895086,310,25.496937795637397,994790581,2461378000,2461873100,1781213936792-0
s2sf12j2_redis_rep2_20260611_223851,redis,s2sf12j2_redis_rep2_20260611_223851,513a4b6e-de63-4ac2-af0d-169a0db57dee,3895086,310,25.496937795637397,994790581,2461972600,2462753100,1781213936793-0
s2sf12j2_redis_rep2_20260611_223851,redis,s2sf12j2_redis_rep2_20260611_223851,39f82a98-f156-451b-8a78-d38df708fe7d,3895086,310,25.496937795637397,994790581,2462887200,2463465100,1781213936794-0
s2sf12j2_redis_rep2_20260611_223851,redis,s2sf12j2_redis_rep2_20260611_223851,9564460e-4591-4403-ba64-eef8909d478b,3895074,311,26.381086778652623,1002158489,2463570700,2464166500,1781213936794-1
s2sf12j2_redis_rep2_20260611_223851,redis,s2sf12j2_redis_rep2_20260611_223851,e4592b39-096a-471d-ac41-d41533b199e0,3895074,311,26.381086778652623,1002158489,2464301800,2464827400,1781213936795-0
s2sf12j2_redis_rep2_20260611_223851,redis,s2sf12j2_redis_rep2_20260611_223851,6d8b0a03-77b2-4c9e-b013-220e2b370560,3895134,311,25.30847991402743,993220099,2464921200,2465397900,1781213936796-0
s2sf12j2_redis_rep2_20260611_223851,redis,s2sf12j2_redis_rep2_20260611_223851,45e0b58b-2260-4018-820d-cff887cddebc,3895134,311,25.30847991402743,993220099,2465503400,2466025700,1781213936796-1
s2sf12j2_redis_rep2_20260611_223851,redis,s2sf12j2_redis_rep2_20260611_223851,adb989ce-7a4a-47dc-8dcd-7283780030ac,3895134,311,25.30847991402743,993220099,2466122800,2466652400,1781213936797-0
s2sf12j2_redis_rep2_20260611_223851,redis,s2sf12j2_redis_rep2_20260611_223851,073aa6a8-86a6-4d30-8eec-ce1c6dc16a83,3895086,311,25.58027112897073,995485026,2466763700,2467300500,1781213936798-0
s2sf12j2_redis_rep2_20260611_223851,redis,s2sf12j2_redis_rep2_20260611_223851,a150ed53-71c7-4630-87d7-d4259178dc89,3895086,311,25.58027112897073,995485026,2467394200,2467828200,1781213936798-1
s2sf12j2_redis_rep2_20260611_223851,redis,s2sf12j2_redis_rep2_20260611_223851,3acafed4-ed80-481d-adb1-6d8bcabdb08d,3895052,312,25.044234702062035,991018055,2467914400,2468435300,1781213936799-0
s2sf12j2_redis_rep2_20260611_223851,redis,s2sf12j2_redis_rep2_20260611_223851,11f8cda4-8e26-4350-99f8-210e244442e2,3895060,313,27.832702728353222,1014255289,2468525600,2469065500,1781213936799-1
s2sf12j2_redis_rep2_20260611_223851,redis,s2sf12j2_redis_rep2_20260611_223851,73e93481-ff4c-4edb-8ef5-9ee2a3b5f35b,3895074,313,26.547753445319287,1003547378,2469150400,2469673400,1781213936800-0
s2sf12j2_redis_rep2_20260611_223851,redis,s2sf12j2_redis_rep2_20260611_223851,d0b08268-9caf-485b-b0bb-7b02cfaf47ac,3895134,313,25.47514658069409,994608988,2469757300,2470230900,1781213936801-0
s2sf12j2_redis_rep2_20260611_223851,redis,s2sf12j2_redis_rep2_20260611_223851,6378a2d7-fa17-456f-92cc-7de2179432cb,3895134,313,25.47514658069409,994608988,2470309400,2470793800,1781213936801-1
s2sf12j2_redis_rep2_20260611_223851,redis,s2sf12j2_redis_rep2_20260611_223851,84123f89-e20a-454c-ab6e-d5a6e63880af,3895086,313,25.746937795637397,996873914,2470871000,2471339500,1781213936802-0
s2sf12j2_redis_rep2_20260611_223851,redis,s2sf12j2_redis_rep2_20260611_223851,3b2b6418-b75c-44fa-8975-8fb60e3c7b7c,3895086,313,25.746937795637397,996873914,2471420100,2471973300,1781213936802-1
s2sf12j2_redis_rep2_20260611_223851,redis,s2sf12j2_redis_rep2_20260611_223851,b676a690-300d-462b-b0a0-44689f3e7271,3895060,314,27.91603606168656,1014949733,2472110700,2472706000,1781213936803-0
s2sf12j2_redis_rep2_20260611_223851,redis,s2sf12j2_redis_rep2_20260611_223851,0b6cf8b2-8c0f-479b-9e85-5662f9cf2f79,3895060,314,27.91603606168656,1014949733,2472823400,2473290000,1781213936804-0
s2sf12j2_redis_rep2_20260611_223851,redis,s2sf12j2_redis_rep2_20260611_223851,3c2cbdfb-eca8-4567-bea4-efa56a11ff0c,3895060,314,27.91603606168656,1014949733,2473401000,2473948600,1781213936804-1
s2sf12j2_redis_rep2_20260611_223851,redis,s2sf12j2_redis_rep2_20260611_223851,605b7d6d-f015-4950-9733-14ba5fd4e42a,3895060,314,27.91603606168656,1014949733,2474069100,2474539800,1781213936805-0
s2sf12j2_redis_rep2_20260611_223851,redis,s2sf12j2_redis_rep2_20260611_223851,2f0fbbcc-2fda-4daa-806a-056a5187ebba,3895060,314,27.91603606168656,1014949733,2474636400,2475063400,1781213936805-1
s2sf12j2_redis_rep2_20260611_223851,redis,s2sf12j2_redis_rep2_20260611_223851,9b1e8c53-a1de-4f2c-99e6-0b9aaaa1c745,3895134,314,25.55847991402743,995303432,2475161300,2475873700,1781213936806-0
s2sf12j2_redis_rep2_20260611_223851,redis,s2sf12j2_redis_rep2_20260611_223851,c23e3eb6-c6dd-4b4f-8eaf-5473b505ad9a,3895052,314,25.210901368728702,992406944,2475975300,2476497400,1781213936807-0
s2sf12j2_redis_rep2_20260611_223851,redis,s2sf12j2_redis_rep2_20260611_223851,394bdb55-88c5-43c6-a113-15457f7dcf1b,3895052,314,25.210901368728702,992406944,2476595400,2477106700,1781213936807-1
s2sf12j2_redis_rep2_20260611_223851,redis,s2sf12j2_redis_rep2_20260611_223851,4f1d2266-06ab-4b6d-a731-2f03cfa891e3,3895113,314,24.705312483689127,988193704,2477212200,2477738400,1781213936808-0
s2sf12j2_redis_rep2_20260611_223851,redis,s2sf12j2_redis_rep2_20260611_223851,99fab9e3-ddf0-4f49-89cc-ed1438559485,3895086,314,25.83027112897073,997568359,2477831800,2478479600,1781213936809-0
s2sf12j2_redis_rep2_20260611_223851,redis,s2sf12j2_redis_rep2_20260611_223851,c43891c6-f7d0-4b53-854f-7b0c0bf409d9,3895086,314,25.83027112897073,997568359,2478571100,2479068400,1781213936809-1
s2sf12j2_redis_rep2_20260611_223851,redis,s2sf12j2_redis_rep2_20260611_223851,b02d8af1-0dd1-423d-94ea-c81f1d60adfc,3895060,315,27.99936939501989,1015644178,2479156600,2479764300,1781213936810-0
s2sf12j2_redis_rep2_20260611_223851,redis,s2sf12j2_redis_rep2_20260611_223851,d2d96254-cdb5-40f6-a713-824acbab17a3,3895107,315,25.260884587648363,992823471,2479851700,2480453800,1781213936811-0
s2sf12j2_redis_rep2_20260611_223851,redis,s2sf12j2_redis_rep2_20260611_223851,02302c67-a71e-4acf-bab1-d73bccb3ff36,3895134,315,25.64181324736076,995997877,2480540300,2481139600,1781213936811-1
s2sf12j2_redis_rep2_20260611_223851,redis,s2sf12j2_redis_rep2_20260611_223851,dacab50e-dea6-47d0-a67f-506895f82189,3895134,315,25.64181324736076,995997877,2481221600,2481650800,1781213936812-0
s2sf12j2_redis_rep2_20260611_223851,redis,s2sf12j2_redis_rep2_20260611_223851,392dd4b7-a180-48b3-9dbc-acabf60191e3,3895052,315,25.294234702062035,993101389,2481744900,2482343600,1781213936813-0
s2sf12j2_redis_rep2_20260611_223851,redis,s2sf12j2_redis_rep2_20260611_223851,04c9affe-5c2c-4541-880e-6449dac86ae3,3895086,315,25.91360446230406,998262803,2482428600,2483000700,1781213936813-1
s2sf12j2_redis_rep2_20260611_223851,redis,s2sf12j2_redis_rep2_20260611_223851,562ce0ba-cc5e-4622-b2e0-e5a4fa545b29,3895060,316,28.082702728353222,1016338622,2483177700,2483804600,1781213936814-0
s2sf12j2_redis_rep2_20260611_223851,redis,s2sf12j2_redis_rep2_20260611_223851,6da99785-0da0-4aca-93d6-27fa7a4cbad6,3895060,316,28.082702728353222,1016338622,2483892200,2484387400,1781213936815-0
s2sf12j2_redis_rep2_20260611_223851,redis,s2sf12j2_redis_rep2_20260611_223851,2da25799-fa27-4e14-ab83-65f4610738a7,3895107,316,25.34421792098169,993517916,2484478700,2485027700,1781213936815-1
s2sf12j2_redis_rep2_20260611_223851,redis,s2sf12j2_redis_rep2_20260611_223851,2add13d1-e99d-4136-ab7e-853a487aa346,3895052,316,25.377568035395367,993795833,2485138500,2485720400,1781213936816-0
s2sf12j2_redis_rep2_20260611_223851,redis,s2sf12j2_redis_rep2_20260611_223851,677c2260-b99e-46fe-983b-d8be3d3623ff,3895052,316,25.377568035395367,993795833,2485844400,2486454700,1781213936817-0
s2sf12j2_redis_rep2_20260611_223851,redis,s2sf12j2_redis_rep2_20260611_223851,4a574c7f-cffa-4555-9ba1-e18af3476fbf,3895052,316,25.377568035395367,993795833,2486541100,2487066200,1781213936817-1
s2sf12j2_redis_rep2_20260611_223851,redis,s2sf12j2_redis_rep2_20260611_223851,246935a5-58c1-4438-a255-74262e4c8629,3895113,316,24.87197915035579,989582592,2487148800,2487686200,1781213936818-0
s2sf12j2_redis_rep2_20260611_223851,redis,s2sf12j2_redis_rep2_20260611_223851,76707c05-6d43-4d3e-b06d-3645f7e25876,3895113,316,24.87197915035579,989582592,2487773300,2488391000,1781213936819-0
s2sf12j2_redis_rep2_20260611_223851,redis,s2sf12j2_redis_rep2_20260611_223851,7f412a00-eccd-4d4f-98d3-3ced82f667f2,3895074,317,26.881086778652623,1006325156,2488522600,2488990700,1781213936819-1
s2sf12j2_redis_rep2_20260611_223851,redis,s2sf12j2_redis_rep2_20260611_223851,ec646053-bd4f-4edf-bdda-23c1b37a2104,3895074,317,26.881086778652623,1006325156,2489087800,2489555800,1781213936820-0
s2sf12j2_redis_rep2_20260611_223851,redis,s2sf12j2_redis_rep2_20260611_223851,400a0629-38de-4e49-b260-f9dd814599a5,3895107,317,25.42755125431503,994212360,2489653500,2490166800,1781213936820-1
s2sf12j2_redis_rep2_20260611_223851,redis,s2sf12j2_redis_rep2_20260611_223851,d8fb521c-b883-43f7-aaee-9be4a2e5e541,3895107,317,25.42755125431503,994212360,2490266600,2490675300,1781213936821-0
s2sf12j2_redis_rep2_20260611_223851,redis,s2sf12j2_redis_rep2_20260611_223851,ad8763fe-6c7b-44d5-87a8-ab6b960e2a1e,3895134,317,25.80847991402743,997386765,2490765000,2491209400,1781213936822-0
s2sf12j2_redis_rep2_20260611_223851,redis,s2sf12j2_redis_rep2_20260611_223851,da096edb-269d-4bbf-85f0-16f9d6d675bb,3895052,317,25.460901368728702,994490278,2491290100,2491752700,1781213936822-1
s2sf12j2_redis_rep2_20260611_223851,redis,s2sf12j2_redis_rep2_20260611_223851,78c9fc5e-2d64-4fae-a14d-b9253211ecf5,3895052,317,25.460901368728702,994490278,2491835000,2492272700,1781213936823-0
s2sf12j2_redis_rep2_20260611_223851,redis,s2sf12j2_redis_rep2_20260611_223851,9c15a0fc-0c14-4605-ba21-f98e9588afeb,3895113,317,24.955312483689127,990277037,2492354700,2492975500,1781213936823-1
s2sf12j2_redis_rep2_20260611_223851,redis,s2sf12j2_redis_rep2_20260611_223851,8441f5f4-1d8c-4b91-b4c9-fd67eddbee0a,3895060,318,28.24936939501989,1017727511,2493061500,2493656500,1781213936824-0
s2sf12j2_redis_rep2_20260611_223851,redis,s2sf12j2_redis_rep2_20260611_223851,8d1f4b7d-8eff-47e6-ae0c-91b8d06bc7d9,3895052,318,25.544234702062035,995184722,2493742300,2494189500,1781213936824-1
s2sf12j2_redis_rep2_20260611_223851,redis,s2sf12j2_redis_rep2_20260611_223851,ec53d3eb-784c-4b06-8b15-2a4e6d8c8897,3895113,318,25.03864581702246,990971481,2494271900,2494774700,1781213936825-0
s2sf12j2_redis_rep2_20260611_223851,redis,s2sf12j2_redis_rep2_20260611_223851,09a9066d-3190-4258-b6a3-10a62c95e149,3895113,318,25.03864581702246,990971481,2494862300,2495294500,1781213936826-0
s2sf12j2_redis_rep2_20260611_223851,redis,s2sf12j2_redis_rep2_20260611_223851,26196cc9-cd14-47de-9b97-80d6985b326f,3895107,319,25.59421792098169,995601249,2495377000,2495917600,1781213936826-1
s2sf12j2_redis_rep2_20260611_223851,redis,s2sf12j2_redis_rep2_20260611_223851,5a0b00b5-8620-4121-8530-0b794c2eab40,3895107,319,25.59421792098169,995601249,2496021900,2496556100,1781213936827-0
s2sf12j2_redis_rep2_20260611_223851,redis,s2sf12j2_redis_rep2_20260611_223851,5c073b2f-c213-4ab7-a313-1a59712c78e5,3895134,319,25.97514658069409,998775654,2496645800,2497243400,1781213936827-1
s2sf12j2_redis_rep2_20260611_223851,redis,s2sf12j2_redis_rep2_20260611_223851,20ae7112-b2c8-41d2-aeb1-63d9a704d650,3895134,319,25.97514658069409,998775654,2497328900,2498048800,1781213936828-0
s2sf12j2_redis_rep2_20260611_223851,redis,s2sf12j2_redis_rep2_20260611_223851,37927a43-1600-4ff9-ab32-90ef87a3a16a,3895134,319,25.97514658069409,998775654,2498137700,2498779900,1781213936829-0
s2sf12j2_redis_rep2_20260611_223851,redis,s2sf12j2_redis_rep2_20260611_223851,f2d2fda6-0d5f-4519-8c00-771a4f8ccaa3,3895052,319,25.627568035395367,995879166,2498902600,2499460600,1781213936830-0
s2sf12j2_redis_rep2_20260611_223851,redis,s2sf12j2_redis_rep2_20260611_223851,1cce44ec-247a-4b01-86ae-aee511d9af28,3895052,319,25.627568035395367,995879166,2499579400,2500312800,1781213936831-0
s2sf12j2_redis_rep2_20260611_223851,redis,s2sf12j2_redis_rep2_20260611_223851,682ff6dc-45e1-4759-b841-e8e940b73945,3895095,320,27.558765857756438,1011972482,2500401400,2500957400,1781213936831-1
s2sf12j2_redis_rep2_20260611_223851,redis,s2sf12j2_redis_rep2_20260611_223851,80ea0fc3-2a53-4f63-89a6-b5fe54a9d7d9,3895095,320,27.558765857756438,1011972482,2501074500,2501683300,1781213936832-0
s2sf12j2_redis_rep2_20260611_223851,redis,s2sf12j2_redis_rep2_20260611_223851,3ddd1bf5-ebc0-46d8-80e9-7754349fb9cc,3895060,320,28.41603606168656,1019116400,2501774500,2502309000,1781213936833-0
s2sf12j2_redis_rep2_20260611_223851,redis,s2sf12j2_redis_rep2_20260611_223851,8707266c-f4f4-4701-9a98-93a44cb229da,3895060,320,28.41603606168656,1019116400,2502401200,2502959600,1781213936833-1
s2sf12j2_redis_rep2_20260611_223851,redis,s2sf12j2_redis_rep2_20260611_223851,67391880-c4bd-4c49-ac0d-30f2b4cfed43,3895134,320,26.05847991402743,999470099,2503046600,2503590200,1781213936834-0
s2sf12j2_redis_rep2_20260611_223851,redis,s2sf12j2_redis_rep2_20260611_223851,8cc8899e-12c7-4f32-ad3c-6234f1a183e1,3895134,320,26.05847991402743,999470099,2503676500,2504305800,1781213936834-1
s2sf12j2_redis_rep2_20260611_223851,redis,s2sf12j2_redis_rep2_20260611_223851,73950e1c-c4c5-46d2-9b4b-9751c3c09646,3895052,320,25.710901368728702,996573611,2504481300,2505124900,1781213936835-0
s2sf12j2_redis_rep2_20260611_223851,redis,s2sf12j2_redis_rep2_20260611_223851,0baa40ea-5472-4239-84ce-75cc13e04c9e,3895113,320,25.205312483689127,992360370,2505258800,2505748900,1781213936836-0
s2sf12j2_redis_rep2_20260611_223851,redis,s2sf12j2_redis_rep2_20260611_223851,47b30c8a-2415-4aa3-9a2d-1d847b550731,3895095,321,27.64209919108977,1012666926,2505860300,2506384200,1781213936837-0
s2sf12j2_redis_rep2_20260611_223851,redis,s2sf12j2_redis_rep2_20260611_223851,01452dda-4cab-4703-8f03-7851cc2a493b,3895095,321,27.64209919108977,1012666926,2506487500,2506959100,1781213936837-1
s2sf12j2_redis_rep2_20260611_223851,redis,s2sf12j2_redis_rep2_20260611_223851,3af0554c-8ef9-4cd9-b5fe-0eb9b6b5cb62,3895095,321,27.64209919108977,1012666926,2507063300,2507571600,1781213936838-0
s2sf12j2_redis_rep2_20260611_223851,redis,s2sf12j2_redis_rep2_20260611_223851,b60de9a9-c724-4975-b127-99ce60ac1e15,3895095,321,27.64209919108977,1012666926,2507669800,2508213900,1781213936838-1
s2sf12j2_redis_rep2_20260611_223851,redis,s2sf12j2_redis_rep2_20260611_223851,779176ae-e436-407c-879f-8e400f7377f8,3895095,321,27.64209919108977,1012666926,2508309400,2508957200,1781213936839-0
s2sf12j2_redis_rep2_20260611_223851,redis,s2sf12j2_redis_rep2_20260611_223851,00c09277-2dbb-47b7-ac4b-741062eb3faa,3895095,321,27.64209919108977,1012666926,2509044300,2509783200,1781213936840-0
s2sf12j2_redis_rep2_20260611_223851,redis,s2sf12j2_redis_rep2_20260611_223851,18ba8f20-241a-4d34-83de-d246ce265ba4,3895121,321,26.43841307476514,1002636208,2509911500,2510481000,1781213936841-0
s2sf12j2_redis_rep2_20260611_223851,redis,s2sf12j2_redis_rep2_20260611_223851,45f8a62c-9039-4034-a964-fd1c1545680a,3895134,321,26.14181324736076,1000164543,2510660200,2511293200,1781213936842-0
s2sf12j2_redis_rep2_20260611_223851,redis,s2sf12j2_redis_rep2_20260611_223851,6ac63702-9c8d-4c96-82dd-f1f4e145f062,3895134,321,26.14181324736076,1000164543,2511396900,2511906400,1781213936842-1
s2sf12j2_redis_rep2_20260611_223851,redis,s2sf12j2_redis_rep2_20260611_223851,80b5572a-d2bf-4bac-ae05-1724682e6848,3895052,321,25.794234702062035,997268055,2512015400,2512504800,1781213936843-0
s2sf12j2_redis_rep2_20260611_223851,redis,s2sf12j2_redis_rep2_20260611_223851,08849140-7424-46b1-be08-ebd78e548e26,3895052,321,25.794234702062035,997268055,2512594100,2513124000,1781213936843-1
s2sf12j2_redis_rep2_20260611_223851,redis,s2sf12j2_redis_rep2_20260611_223851,9e876c0f-8eb7-408b-b8aa-d1f7e172b0dc,3895113,321,25.28864581702246,993054815,2513213400,2513741100,1781213936844-0
s2sf12j2_redis_rep2_20260611_223851,redis,s2sf12j2_redis_rep2_20260611_223851,bac2ac88-467a-46f3-93bc-896a8a9763cc,3895086,321,26.41360446230406,1002429470,2513838400,2514354800,1781213936845-0
s2sf12j2_redis_rep2_20260611_223851,redis,s2sf12j2_redis_rep2_20260611_223851,f3340d0d-34c8-4c60-818d-6b0ab6f0e724,3895086,321,26.41360446230406,1002429470,2514453800,2514968400,1781213936845-1
s2sf12j2_redis_rep2_20260611_223851,redis,s2sf12j2_redis_rep2_20260611_223851,a9353826-78d0-4db7-9504-37af067ba42b,3895060,322,28.582702728353222,1020505289,2515063300,2515576200,1781213936846-0
s2sf12j2_redis_rep2_20260611_223851,redis,s2sf12j2_redis_rep2_20260611_223851,f3617b96-6548-46c6-9b24-c7d328b1641f,3895107,322,25.84421792098169,997684582,2515668800,2516116100,1781213936846-1
s2sf12j2_redis_rep2_20260611_223851,redis,s2sf12j2_redis_rep2_20260611_223851,f852634c-8f86-4877-be07-bc24a07e736d,3895107,322,25.84421792098169,997684582,2516205000,2516800300,1781213936847-0
s2sf12j2_redis_rep2_20260611_223851,redis,s2sf12j2_redis_rep2_20260611_223851,fd58d405-6eba-41ab-81bf-d22785c2a293,3895134,322,26.22514658069409,1000858988,2516887500,2517430500,1781213936848-0
s2sf12j2_redis_rep2_20260611_223851,redis,s2sf12j2_redis_rep2_20260611_223851,67b350e2-a656-4ee2-ba54-6a99f81f12a6,3895052,322,25.877568035395367,997962500,2517517600,2518069600,1781213936848-1
s2sf12j2_redis_rep2_20260611_223851,redis,s2sf12j2_redis_rep2_20260611_223851,891e42ae-ba34-4c6c-9819-902fd0ff3123,3895113,322,25.37197915035579,993749259,2518196800,2518812500,1781213936849-0
s2sf12j2_redis_rep2_20260611_223851,redis,s2sf12j2_redis_rep2_20260611_223851,dbb81daf-4dd3-4b09-9c7b-66b3cfd002b4,3895113,322,25.37197915035579,993749259,2518911600,2519492200,1781213936850-0
s2sf12j2_redis_rep2_20260611_223851,redis,s2sf12j2_redis_rep2_20260611_223851,e4a1a2fe-fe12-435a-98a4-98dda2739446,3895086,322,26.496937795637397,1003123914,2519618200,2520260700,1781213936850-1
s2sf12j2_redis_rep2_20260611_223851,redis,s2sf12j2_redis_rep2_20260611_223851,ea283cd4-127c-4613-a843-474b9ff4cd8c,3895086,322,26.496937795637397,1003123914,2520362300,2520863300,1781213936851-0
s2sf12j2_redis_rep2_20260611_223851,redis,s2sf12j2_redis_rep2_20260611_223851,9f38e589-9bcd-402e-a9c7-81c713301c69,3895086,322,26.496937795637397,1003123914,2520988700,2521722300,1781213936852-0
s2sf12j2_redis_rep2_20260611_223851,redis,s2sf12j2_redis_rep2_20260611_223851,ceb01ebe-f047-4903-ad87-46179255db15,3895095,323,27.808765857756438,1014055815,2521846900,2522430100,1781213936853-0
s2sf12j2_redis_rep2_20260611_223851,redis,s2sf12j2_redis_rep2_20260611_223851,25c1ced9-2614-4c5f-b468-49623335f10a,3895095,323,27.808765857756438,1014055815,2522549600,2523078300,1781213936853-1
s2sf12j2_redis_rep2_20260611_223851,redis,s2sf12j2_redis_rep2_20260611_223851,765e4d5f-098d-416d-ac74-e94b3fc96434,3895121,323,26.60507974143181,1004025097,2523175100,2523712100,1781213936854-0
s2sf12j2_redis_rep2_20260611_223851,redis,s2sf12j2_redis_rep2_20260611_223851,765951d5-3b9b-48ae-a2ec-0569ce42652a,3895121,323,26.60507974143181,1004025097,2523810400,2524426800,1781213936855-0
s2sf12j2_redis_rep2_20260611_223851,redis,s2sf12j2_redis_rep2_20260611_223851,2072c49c-533a-4650-898e-b8c2c38b8a53,3895060,323,28.66603606168656,1021199733,2524530400,2525087100,1781213936855-1
s2sf12j2_redis_rep2_20260611_223851,redis,s2sf12j2_redis_rep2_20260611_223851,29f92fe5-0aa4-407d-8f0a-0cf2ddeaaa5f,3895060,323,28.66603606168656,1021199733,2525182000,2525854400,1781213936856-0
s2sf12j2_redis_rep2_20260611_223851,redis,s2sf12j2_redis_rep2_20260611_223851,91705dce-cd6d-46fc-816b-6f16f0a55899,3895134,323,26.30847991402743,1001553432,2525944100,2526494000,1781213936857-0
s2sf12j2_redis_rep2_20260611_223851,redis,s2sf12j2_redis_rep2_20260611_223851,7eb6fae1-8ed8-4b6b-a245-a1ad3eb55542,3895134,323,26.30847991402743,1001553432,2526581800,2527106200,1781213936857-1
s2sf12j2_redis_rep2_20260611_223851,redis,s2sf12j2_redis_rep2_20260611_223851,5ed423f7-bc6a-417d-908c-9c5cc9053848,3895134,323,26.30847991402743,1001553432,2527191000,2527643600,1781213936858-0
s2sf12j2_redis_rep2_20260611_223851,redis,s2sf12j2_redis_rep2_20260611_223851,6f9de4f1-0bd4-4d27-955b-3efeeb7c5d8b,3895113,323,25.455312483689127,994443704,2527724200,2528268800,1781213936859-0
s2sf12j2_redis_rep2_20260611_223851,redis,s2sf12j2_redis_rep2_20260611_223851,91ca55c2-0ab1-4c67-8c0d-0a768c136cbe,3895113,323,25.455312483689127,994443704,2528388600,2528946300,1781213936859-1
s2sf12j2_redis_rep2_20260611_223851,redis,s2sf12j2_redis_rep2_20260611_223851,06a68206-c99d-4853-b4c2-1e8b69ed8bac,3895086,323,26.58027112897073,1003818359,2529030300,2529588200,1781213936860-0
s2sf12j2_redis_rep2_20260611_223851,redis,s2sf12j2_redis_rep2_20260611_223851,e322c13b-ff81-42ee-90e8-2e445f78f36a,3895086,323,26.58027112897073,1003818359,2529711100,2530404300,1781213936861-0
s2sf12j2_redis_rep2_20260611_223851,redis,s2sf12j2_redis_rep2_20260611_223851,0152e3af-14bc-45b9-acc2-1c1b81ba1e6d,3895134,324,26.39181324736076,1002247877,2530526900,2531146900,1781213936861-1
s2sf12j2_redis_rep2_20260611_223851,redis,s2sf12j2_redis_rep2_20260611_223851,65078bd9-948c-400f-90f7-2aaf914406d4,3895134,324,26.39181324736076,1002247877,2531238500,2531859300,1781213936862-0
s2sf12j2_redis_rep2_20260611_223851,redis,s2sf12j2_redis_rep2_20260611_223851,5babff75-4553-4b3a-b9f4-43b8ecab192e,3895086,324,26.66360446230406,1004512803,2531954000,2532526200,1781213936863-0
s2sf12j2_redis_rep2_20260611_223851,redis,s2sf12j2_redis_rep2_20260611_223851,dcd63a56-5072-413e-911a-7264f0e371ab,3895086,324,26.66360446230406,1004512803,2532636600,2533156300,1781213936863-1
s2sf12j2_redis_rep2_20260611_223851,redis,s2sf12j2_redis_rep2_20260611_223851,912c44f7-9bea-4745-a4c2-4751ca8b8ba2,3895060,325,28.832702728353222,1022588622,2533252500,2533796700,1781213936864-0
s2sf12j2_redis_rep2_20260611_223851,redis,s2sf12j2_redis_rep2_20260611_223851,c2b8d7b8-ae71-4a7b-832a-5e071f84706c,3895060,325,28.832702728353222,1022588622,2533928500,2534620700,1781213936865-0
s2sf12j2_redis_rep2_20260611_223851,redis,s2sf12j2_redis_rep2_20260611_223851,f302d779-957c-4d6f-999d-e1b1a994308a,3895052,325,26.127568035395367,1000045833,2534783500,2535275100,1781213936866-0
s2sf12j2_redis_rep2_20260611_223851,redis,s2sf12j2_redis_rep2_20260611_223851,0b07deed-d20e-4434-abd6-4aaf53e71e62,3895052,325,26.127568035395367,1000045833,2535389100,2536012400,1781213936866-1
s2sf12j2_redis_rep2_20260611_223851,redis,s2sf12j2_redis_rep2_20260611_223851,1a07249d-2406-4788-9baa-b1c8eec64ea5,3895086,325,26.746937795637397,1005207248,2536118700,2536825600,1781213936867-0
s2sf12j2_redis_rep2_20260611_223851,redis,s2sf12j2_redis_rep2_20260611_223851,50a58806-53f3-4be3-b1a3-ebc3df31bcfb,3895060,326,28.91603606168656,1023283067,2536928900,2537460300,1781213936868-0
s2sf12j2_redis_rep2_20260611_223851,redis,s2sf12j2_redis_rep2_20260611_223851,ccc70e17-4484-4ad8-b7fc-715d4177c31a,3895060,326,28.91603606168656,1023283067,2537563000,2538404100,1781213936868-1
s2sf12j2_redis_rep2_20260611_223851,redis,s2sf12j2_redis_rep2_20260611_223851,f99f7f6b-5a8c-412a-9704-e4f174e12f20,3895074,326,27.631086778652623,1012575156,2538557700,2539083100,1781213936869-0
s2sf12j2_redis_rep2_20260611_223851,redis,s2sf12j2_redis_rep2_20260611_223851,e080162c-b679-46f5-adf2-a019d92130eb,3895113,326,25.705312483689127,996527037,2539209800,2539831600,1781213936870-0
s2sf12j2_redis_rep2_20260611_223851,redis,s2sf12j2_redis_rep2_20260611_223851,b7a07101-16a4-4d4c-8693-420785555b30,3895113,326,25.705312483689127,996527037,2539955600,2540566600,1781213936871-0
s2sf12j2_redis_rep2_20260611_223851,redis,s2sf12j2_redis_rep2_20260611_223851,cbcbaf77-15d0-45a3-afec-9bade109c5c3,3895113,326,25.705312483689127,996527037,2540656600,2541237300,1781213936871-1
s2sf12j2_redis_rep2_20260611_223851,redis,s2sf12j2_redis_rep2_20260611_223851,d310c41e-ccc2-40fb-a06d-6d036f388bff,3895086,326,26.83027112897073,1005901692,2541332500,2541789100,1781213936872-0
s2sf12j2_redis_rep2_20260611_223851,redis,s2sf12j2_redis_rep2_20260611_223851,a0a25c26-29df-44dc-a699-90580910dfdd,3895060,327,28.99936939501989,1023977511,2541877100,2542594200,1781213936873-0
s2sf12j2_redis_rep2_20260611_223851,redis,s2sf12j2_redis_rep2_20260611_223851,0cf23ce9-0153-4db2-8503-d3073f6461d9,3895060,327,28.99936939501989,1023977511,2542715100,2543375700,1781213936874-0
s2sf12j2_redis_rep2_20260611_223851,redis,s2sf12j2_redis_rep2_20260611_223851,8cd76890-acdb-4587-9747-a8325f50af1b,3895134,327,26.64181324736076,1004331210,2543495700,2544071400,1781213936874-1
s2sf12j2_redis_rep2_20260611_223851,redis,s2sf12j2_redis_rep2_20260611_223851,e2422ee1-2d12-406e-abd1-fcb8e6e5e40f,3895113,327,25.78864581702246,997221481,2544159700,2544687500,1781213936875-0
s2sf12j2_redis_rep2_20260611_223851,redis,s2sf12j2_redis_rep2_20260611_223851,28026d1d-108d-4132-b7dd-aa5fb2833312,3895086,327,26.91360446230406,1006596137,2544775100,2545283200,1781213936876-0
s2sf12j2_redis_rep2_20260611_223851,redis,s2sf12j2_redis_rep2_20260611_223851,3b634913-4263-4e45-a7f6-b25bac5d2637,3895086,327,26.91360446230406,1006596137,2545379500,2545894800,1781213936876-1
s2sf12j2_redis_rep2_20260611_223851,redis,s2sf12j2_redis_rep2_20260611_223851,4a7fa8b7-ee4a-4a51-ad8a-5df4c2fe9446,3895095,328,28.2254325244231,1017528037,2545980900,2546482800,1781213936877-0
s2sf12j2_redis_rep2_20260611_223851,redis,s2sf12j2_redis_rep2_20260611_223851,601694f2-d49d-47a3-bc0d-3166572c7d50,3895060,328,29.082702728353222,1024671956,2546570700,2547059200,1781213936877-1
s2sf12j2_redis_rep2_20260611_223851,redis,s2sf12j2_redis_rep2_20260611_223851,821f610d-dc82-4cb3-81fa-80daf42f8298,3895074,328,27.797753445319287,1013964045,2547143600,2547725800,1781213936878-0
s2sf12j2_redis_rep2_20260611_223851,redis,s2sf12j2_redis_rep2_20260611_223851,0425f679-712d-4e88-a143-95f0fced4376,3895074,328,27.797753445319287,1013964045,2547808500,2548300600,1781213936879-0
s2sf12j2_redis_rep2_20260611_223851,redis,s2sf12j2_redis_rep2_20260611_223851,5c5243e2-2576-47e7-9e3d-f064c3369e22,3895134,328,26.72514658069409,1005025654,2548388800,2548896000,1781213936879-1
s2sf12j2_redis_rep2_20260611_223851,redis,s2sf12j2_redis_rep2_20260611_223851,66ed78e9-7b7a-4dc9-8a7b-9abf8b6a2b79,3895134,328,26.72514658069409,1005025654,2548974100,2549745100,1781213936880-0
s2sf12j2_redis_rep2_20260611_223851,redis,s2sf12j2_redis_rep2_20260611_223851,9ae80932-88a0-46c4-906a-d92d4999f5a3,3895086,328,26.996937795637397,1007290581,2549903200,2550426100,1781213936881-0
s2sf12j2_redis_rep2_20260611_223851,redis,s2sf12j2_redis_rep2_20260611_223851,d4a886d3-364d-4310-a009-0c7228d9c4e2,3895095,329,28.308765857756438,1018222482,2550551300,2551052600,1781213936881-1
s2sf12j2_redis_rep2_20260611_223851,redis,s2sf12j2_redis_rep2_20260611_223851,f070b6ef-9781-4ba2-9993-4e4393f056cb,3895095,329,28.308765857756438,1018222482,2551170500,2551827400,1781213936882-0
s2sf12j2_redis_rep2_20260611_223851,redis,s2sf12j2_redis_rep2_20260611_223851,f621dd02-9352-4e89-a960-5040f4b3499d,3895121,329,27.10507974143181,1008191764,2551975600,2552493900,1781213936883-0
s2sf12j2_redis_rep2_20260611_223851,redis,s2sf12j2_redis_rep2_20260611_223851,b4a4be30-2276-404e-bd4b-2664b630e9f7,3895121,329,27.10507974143181,1008191764,2552604900,2553173600,1781213936883-1
s2sf12j2_redis_rep2_20260611_223851,redis,s2sf12j2_redis_rep2_20260611_223851,07263e8b-6e88-44b3-a4b2-f39c074c174a,3895060,329,29.16603606168656,1025366400,2553317400,2553896700,1781213936884-0
s2sf12j2_redis_rep2_20260611_223851,redis,s2sf12j2_redis_rep2_20260611_223851,b50c709b-72a6-4242-98d3-30cd56ce5a82,3895107,329,26.42755125431503,1002545693,2554007600,2554557300,1781213936885-0
s2sf12j2_redis_rep2_20260611_223851,redis,s2sf12j2_redis_rep2_20260611_223851,d193c018-d62c-413b-8a1c-c34eb7e4c8e9,3895134,329,26.80847991402743,1005720099,2554711600,2555286100,1781213936886-0
s2sf12j2_redis_rep2_20260611_223851,redis,s2sf12j2_redis_rep2_20260611_223851,a7b72d56-d15c-4956-8b4e-13e2463fdbd2,3895052,329,26.460901368728702,1002823611,2555427300,2555921100,1781213936886-1
s2sf12j2_redis_rep2_20260611_223851,redis,s2sf12j2_redis_rep2_20260611_223851,afee8057-c990-444c-adfb-30a539eb4c30,3895052,329,26.460901368728702,1002823611,2556028600,2556632500,1781213936887-0
s2sf12j2_redis_rep2_20260611_223851,redis,s2sf12j2_redis_rep2_20260611_223851,59e595db-ecaf-4e72-83ae-71fd174bd008,3895113,329,25.955312483689127,998610370,2556814000,2557467100,1781213936888-0
s2sf12j2_redis_rep2_20260611_223851,redis,s2sf12j2_redis_rep2_20260611_223851,5c37fc26-bd70-4b9e-8353-dc41a95546ad,3895113,329,25.955312483689127,998610370,2557585000,2558133100,1781213936888-1
s2sf12j2_redis_rep2_20260611_223851,redis,s2sf12j2_redis_rep2_20260611_223851,61e1ef78-4b24-4e45-8155-e7f227e11514,3895086,329,27.08027112897073,1007985026,2558244900,2558777500,1781213936889-0
s2sf12j2_redis_rep2_20260611_223851,redis,s2sf12j2_redis_rep2_20260611_223851,ca5d0df7-3501-4eb8-93f3-6f6f65182264,3895095,330,28.39209919108977,1018916926,2558880300,2559357600,1781213936890-0
s2sf12j2_redis_rep2_20260611_223851,redis,s2sf12j2_redis_rep2_20260611_223851,667ae860-5de6-41c9-9ad0-27f17f4ae687,3895060,330,29.24936939501989,1026060844,2559460900,2559977500,1781213936890-1
s2sf12j2_redis_rep2_20260611_223851,redis,s2sf12j2_redis_rep2_20260611_223851,5af9fdcc-1698-4009-a5a8-bf0efb8264d4,3895060,330,29.24936939501989,1026060844,2560072100,2560550600,1781213936891-0
s2sf12j2_redis_rep2_20260611_223851,redis,s2sf12j2_redis_rep2_20260611_223851,6984e885-68ab-4f5d-a155-9488edde777a,3895074,330,27.964420111985955,1015352934,2560653100,2561192700,1781213936891-1
s2sf12j2_redis_rep2_20260611_223851,redis,s2sf12j2_redis_rep2_20260611_223851,c62ae5ee-3d01-4415-86c3-5a055496d7b9,3895107,330,26.510884587648363,1003240138,2561282700,2561772200,1781213936892-0
s2sf12j2_redis_rep2_20260611_223851,redis,s2sf12j2_redis_rep2_20260611_223851,6f5652cb-8334-4c17-9208-4fc7f87849ec,3895107,330,26.510884587648363,1003240138,2561862500,2562343700,1781213936893-0
s2sf12j2_redis_rep2_20260611_223851,redis,s2sf12j2_redis_rep2_20260611_223851,d9f367f1-ebb8-488d-8d01-a1081052d076,3895107,330,26.510884587648363,1003240138,2562436800,2562989400,1781213936893-1
s2sf12j2_redis_rep2_20260611_223851,redis,s2sf12j2_redis_rep2_20260611_223851,7c1f4235-c549-44da-93be-fb25beb18c72,3895052,330,26.544234702062035,1003518055,2563110600,2563683800,1781213936894-0
s2sf12j2_redis_rep2_20260611_223851,redis,s2sf12j2_redis_rep2_20260611_223851,57a158a9-efa6-45c3-ac61-da3f76ba1181,3895052,330,26.544234702062035,1003518055,2563780200,2564365000,1781213936895-0
s2sf12j2_redis_rep2_20260611_223851,redis,s2sf12j2_redis_rep2_20260611_223851,489c69ea-ba68-4944-b257-738bd170d1f1,3895095,331,28.4754325244231,1019611371,2564470200,2565052400,1781213936895-1
s2sf12j2_redis_rep2_20260611_223851,redis,s2sf12j2_redis_rep2_20260611_223851,31cf22e9-d1b2-403d-be52-872610538f25,3895095,331,28.4754325244231,1019611371,2565173600,2565833800,1781213936896-0
s2sf12j2_redis_rep2_20260611_223851,redis,s2sf12j2_redis_rep2_20260611_223851,0ec63f19-112a-4d49-b908-0169f04b00a7,3895060,331,29.332702728353222,1026755289,2566016200,2566654600,1781213936897-0
s2sf12j2_redis_rep2_20260611_223851,redis,s2sf12j2_redis_rep2_20260611_223851,0aa01b9d-69a4-4139-a794-a882e44f4d9e,3895060,331,29.332702728353222,1026755289,2566833900,2567525800,1781213936898-0
s2sf12j2_redis_rep2_20260611_223851,redis,s2sf12j2_redis_rep2_20260611_223851,ff76047d-47de-466f-a319-136377697fc2,3895074,331,28.047753445319287,1016047378,2567660300,2568291200,1781213936899-0
s2sf12j2_redis_rep2_20260611_223851,redis,s2sf12j2_redis_rep2_20260611_223851,e3e28b81-6e92-419a-a1d5-6d95b8725ed9,3895074,331,28.047753445319287,1016047378,2568409100,2568955300,1781213936899-1
s2sf12j2_redis_rep2_20260611_223851,redis,s2sf12j2_redis_rep2_20260611_223851,4c624af4-e3f3-46b8-84b2-942334a6dd05,3895134,331,26.97514658069409,1007108988,2569094200,2569702200,1781213936900-0
s2sf12j2_redis_rep2_20260611_223851,redis,s2sf12j2_redis_rep2_20260611_223851,1e189be8-913a-4d4b-a841-db75494445c5,3895134,331,26.97514658069409,1007108988,2569815400,2570397800,1781213936901-0
s2sf12j2_redis_rep2_20260611_223851,redis,s2sf12j2_redis_rep2_20260611_223851,e6e48fb5-7ef0-4e24-bf8f-b70df89fed4a,3895134,331,26.97514658069409,1007108988,2570565700,2571117400,1781213936901-1
s2sf12j2_redis_rep2_20260611_223851,redis,s2sf12j2_redis_rep2_20260611_223851,71bb5b43-2991-4382-a5d2-dc3741253572,3895052,331,26.627568035395367,1004212500,2571220500,2571686600,1781213936902-0
s2sf12j2_redis_rep2_20260611_223851,redis,s2sf12j2_redis_rep2_20260611_223851,4fb0bdad-2281-4f6e-8094-850771b95eab,3895052,331,26.627568035395367,1004212500,2571815600,2572470600,1781213936903-0
s2sf12j2_redis_rep2_20260611_223851,redis,s2sf12j2_redis_rep2_20260611_223851,43fe8ca2-b942-4723-aa5a-66d12ca2871d,3895052,331,26.627568035395367,1004212500,2572563100,2573054100,1781213936903-1
s2sf12j2_redis_rep2_20260611_223851,redis,s2sf12j2_redis_rep2_20260611_223851,e0dcc6ae-40c7-4519-8496-15ad70e631fa,3895113,331,26.12197915035579,999999259,2573150000,2573689100,1781213936904-0
s2sf12j2_redis_rep2_20260611_223851,redis,s2sf12j2_redis_rep2_20260611_223851,37fd9761-702e-4e7b-a8bf-6a9fe8a696af,3895060,332,29.41603606168656,1027449733,2573782000,2574258900,1781213936905-0
s2sf12j2_redis_rep2_20260611_223851,redis,s2sf12j2_redis_rep2_20260611_223851,82c5d746-9b8d-4a2f-a22d-8aac196567cd,3895074,332,28.131086778652623,1016741823,2574358100,2574828600,1781213936905-1
s2sf12j2_redis_rep2_20260611_223851,redis,s2sf12j2_redis_rep2_20260611_223851,5acd0668-4e69-4711-b377-407098bef577,3895107,332,26.67755125431503,1004629027,2574921000,2575512200,1781213936906-0
s2sf12j2_redis_rep2_20260611_223851,redis,s2sf12j2_redis_rep2_20260611_223851,dab18735-77ec-4370-a106-678dcce75e6c,3895107,332,26.67755125431503,1004629027,2575610200,2576176400,1781213936906-1
s2sf12j2_redis_rep2_20260611_223851,redis,s2sf12j2_redis_rep2_20260611_223851,ee206445-03dc-4b10-8c2a-46a586e07e46,3895107,332,26.67755125431503,1004629027,2576299900,2576853400,1781213936907-0
s2sf12j2_redis_rep2_20260611_223851,redis,s2sf12j2_redis_rep2_20260611_223851,fd79c8a6-b9f0-4ec2-b288-64720b510357,3895134,332,27.05847991402743,1007803432,2576943800,2577480800,1781213936908-0
s2sf12j2_redis_rep2_20260611_223851,redis,s2sf12j2_redis_rep2_20260611_223851,075c0693-e1c7-4b91-b807-d4a145a3463b,3895052,332,26.710901368728702,1004906944,2577645200,2578221100,1781213936908-1
s2sf12j2_redis_rep2_20260611_223851,redis,s2sf12j2_redis_rep2_20260611_223851,377f51e4-5ee6-4008-8d75-0027bc896355,3895052,332,26.710901368728702,1004906944,2578349800,2578901000,1781213936909-0
s2sf12j2_redis_rep2_20260611_223851,redis,s2sf12j2_redis_rep2_20260611_223851,7c276b01-b3bf-49ba-9aa3-24024921d4a9,3895052,332,26.710901368728702,1004906944,2578992900,2579541400,1781213936910-0
s2sf12j2_redis_rep2_20260611_223851,redis,s2sf12j2_redis_rep2_20260611_223851,745379e2-c5d2-492b-b046-1215c00f3c18,3895113,332,26.205312483689127,1000693704,2579629200,2580093100,1781213936910-1
s2sf12j2_redis_rep2_20260611_223851,redis,s2sf12j2_redis_rep2_20260611_223851,9df9adb4-6248-4539-a77d-d0ccf6abe83b,3895113,332,26.205312483689127,1000693704,2580179800,2580674100,1781213936911-0
s2sf12j2_redis_rep2_20260611_223851,redis,s2sf12j2_redis_rep2_20260611_223851,4d49db2e-7e41-4a56-b823-e245aaddb15b,3895121,333,27.43841307476514,1010969542,2580763800,2581356400,1781213936912-0
s2sf12j2_redis_rep2_20260611_223851,redis,s2sf12j2_redis_rep2_20260611_223851,c86879d4-bc31-46f9-b87c-da90da645f76,3895121,333,27.43841307476514,1010969542,2581476000,2582112500,1781213936912-1
s2sf12j2_redis_rep2_20260611_223851,redis,s2sf12j2_redis_rep2_20260611_223851,c3177814-c5bd-4f51-9844-039e5fd9b60f,3895121,333,27.43841307476514,1010969542,2582261200,2582864800,1781213936913-0
s2sf12j2_redis_rep2_20260611_223851,redis,s2sf12j2_redis_rep2_20260611_223851,581dbb56-f56f-429d-adaf-78ee9d9c3bc4,3895060,333,29.49936939501989,1028144178,2582988000,2583472300,1781213936914-0
s2sf12j2_redis_rep2_20260611_223851,redis,s2sf12j2_redis_rep2_20260611_223851,d800e8ef-1eba-44b7-883a-58d77b84a396,3895060,333,29.49936939501989,1028144178,2583591100,2584174800,1781213936914-1
s2sf12j2_redis_rep2_20260611_223851,redis,s2sf12j2_redis_rep2_20260611_223851,0a4170e7-c400-405d-b455-0e644e4ff4bc,3895074,333,28.214420111985955,1017436267,2584285000,2584821400,1781213936915-0
s2sf12j2_redis_rep2_20260611_223851,redis,s2sf12j2_redis_rep2_20260611_223851,a7db7005-63b9-490d-94ee-105a6e72f9ce,3895074,333,28.214420111985955,1017436267,2584925400,2585522300,1781213936916-0
s2sf12j2_redis_rep2_20260611_223851,redis,s2sf12j2_redis_rep2_20260611_223851,c920dee6-6560-41ba-a782-11afc39f3482,3895134,333,27.14181324736076,1008497877,2585647800,2586222200,1781213936916-1
s2sf12j2_redis_rep2_20260611_223851,redis,s2sf12j2_redis_rep2_20260611_223851,e006ec65-b041-457c-a6cf-8c492b801d3e,3895134,333,27.14181324736076,1008497877,2586356700,2586949000,1781213936917-0
s2sf12j2_redis_rep2_20260611_223851,redis,s2sf12j2_redis_rep2_20260611_223851,17daec9d-d530-4267-a9b4-fba1cefc65a9,3895052,333,26.794234702062035,1005601389,2587090100,2587696200,1781213936918-0
s2sf12j2_redis_rep2_20260611_223851,redis,s2sf12j2_redis_rep2_20260611_223851,ed638ea5-4e2a-42ad-88ae-15ed73b28160,3895113,333,26.28864581702246,1001388148,2587824300,2588360400,1781213936919-0
s2sf12j2_redis_rep2_20260611_223851,redis,s2sf12j2_redis_rep2_20260611_223851,466dc1b3-80e3-4882-8d4d-a66923daf782,3895121,334,27.521746408098476,1011663986,2588466900,2589035300,1781213936919-1
s2sf12j2_redis_rep2_20260611_223851,redis,s2sf12j2_redis_rep2_20260611_223851,9cdbd1dd-a6ea-4aa5-8cd1-c173a036ba23,3895121,334,27.521746408098476,1011663986,2589131600,2589718500,1781213936920-0
s2sf12j2_redis_rep2_20260611_223851,redis,s2sf12j2_redis_rep2_20260611_223851,85468b6a-bdde-4e33-874b-ae47828b2a64,3895121,334,27.521746408098476,1011663986,2589815400,2590409800,1781213936921-0
s2sf12j2_redis_rep2_20260611_223851,redis,s2sf12j2_redis_rep2_20260611_223851,90bc3775-4e9e-4812-a36d-13b7cf960a82,3895121,334,27.521746408098476,1011663986,2590503600,2590959300,1781213936921-1
s2sf12j2_redis_rep2_20260611_223851,redis,s2sf12j2_redis_rep2_20260611_223851,2923ccb9-60d5-4454-aad2-2b1d4edb85c2,3895107,334,26.84421792098169,1006017916,2591047500,2591574800,1781213936922-0
s2sf12j2_redis_rep2_20260611_223851,redis,s2sf12j2_redis_rep2_20260611_223851,d59c287e-b7d8-4520-8793-0ea20f6f259b,3895107,334,26.84421792098169,1006017916,2591663800,2592098900,1781213936922-1
s2sf12j2_redis_rep2_20260611_223851,redis,s2sf12j2_redis_rep2_20260611_223851,8a512c73-be63-4656-8d75-6f65e931b2fc,3895134,334,27.22514658069409,1009192321,2592182900,2592820500,1781213936923-0
s2sf12j2_redis_rep2_20260611_223851,redis,s2sf12j2_redis_rep2_20260611_223851,8498606a-51cc-44f2-a5c6-d170755770c6,3895134,334,27.22514658069409,1009192321,2592982100,2593538800,1781213936924-0
s2sf12j2_redis_rep2_20260611_223851,redis,s2sf12j2_redis_rep2_20260611_223851,4fc8ca15-dded-40c3-a2a1-be06f304fa8e,3895052,334,26.877568035395367,1006295833,2593686200,2594193400,1781213936924-1
s2sf12j2_redis_rep2_20260611_223851,redis,s2sf12j2_redis_rep2_20260611_223851,0846214e-8df7-4642-9a0d-9efa7eaf5e2e,3895052,334,26.877568035395367,1006295833,2594283500,2594835900,1781213936925-0
s2sf12j2_redis_rep2_20260611_223851,redis,s2sf12j2_redis_rep2_20260611_223851,321e3566-4e3a-4ff8-9393-08127da95781,3895113,334,26.37197915035579,1002082592,2594931700,2595442800,1781213936926-0
s2sf12j2_redis_rep2_20260611_223851,redis,s2sf12j2_redis_rep2_20260611_223851,94f18e64-33fb-472f-b277-4aed5d75a394,3895113,334,26.37197915035579,1002082592,2595531100,2596166200,1781213936926-1
s2sf12j2_redis_rep2_20260611_223851,redis,s2sf12j2_redis_rep2_20260611_223851,7308dbd9-6bee-4b1e-b03f-08c605b7c4f0,3895060,335,29.66603606168656,1029533067,2596254900,2597040800,1781213936927-0
s2sf12j2_redis_rep2_20260611_223851,redis,s2sf12j2_redis_rep2_20260611_223851,51fbd998-f74e-4e70-a505-2f2b3d9b4289,3895134,335,27.30847991402743,1009886765,2597182500,2597739700,1781213936928-0
s2sf12j2_redis_rep2_20260611_223851,redis,s2sf12j2_redis_rep2_20260611_223851,ce38c60d-3787-45b4-bd5c-18ab40e3d0a0,3895134,335,27.30847991402743,1009886765,2597852000,2598334400,1781213936929-0
s2sf12j2_redis_rep2_20260611_223851,redis,s2sf12j2_redis_rep2_20260611_223851,fbe9d939-11a5-41be-ad50-bf92166b4e54,3895134,335,27.30847991402743,1009886765,2598435900,2598979800,1781213936929-1
s2sf12j2_redis_rep2_20260611_223851,redis,s2sf12j2_redis_rep2_20260611_223851,3f220106-01eb-4fbe-af98-6e3bd3ac2a57,3895134,335,27.30847991402743,1009886765,2599075100,2599608100,1781213936930-0
s2sf12j2_redis_rep2_20260611_223851,redis,s2sf12j2_redis_rep2_20260611_223851,5c354025-43e2-4d92-806e-430504d2a1ef,3895052,335,26.960901368728702,1006990278,2599735300,2600502000,1781213936931-0
s2sf12j2_redis_rep2_20260611_223851,redis,s2sf12j2_redis_rep2_20260611_223851,7c0f05fc-c99b-4f43-8a1d-7fb702133afa,3895052,335,26.960901368728702,1006990278,2600585900,2601158700,1781213936931-1
s2sf12j2_redis_rep2_20260611_223851,redis,s2sf12j2_redis_rep2_20260611_223851,5ea117e0-0da3-4476-931d-cf244d3118e4,3895060,336,29.74936939501989,1030227511,2601273200,2601886700,1781213936932-0
s2sf12j2_redis_rep2_20260611_223851,redis,s2sf12j2_redis_rep2_20260611_223851,0bb34860-e22e-4204-8231-a1ce2998150a,3895060,336,29.74936939501989,1030227511,2601968200,2602470800,1781213936933-0
s2sf12j2_redis_rep2_20260611_223851,redis,s2sf12j2_redis_rep2_20260611_223851,b9825d8c-508d-4914-9edf-3410d2687999,3895060,336,29.74936939501989,1030227511,2602553800,2603089000,1781213936933-1
s2sf12j2_redis_rep2_20260611_223851,redis,s2sf12j2_redis_rep2_20260611_223851,c376f944-1974-42df-82de-80576e15c588,3895074,336,28.464420111985955,1019519600,2603202300,2603732800,1781213936934-0
s2sf12j2_redis_rep2_20260611_223851,redis,s2sf12j2_redis_rep2_20260611_223851,7b49350d-f92c-4f31-a372-4aebb65efd24,3895052,336,27.044234702062035,1007684722,2603815600,2604260600,1781213936935-0
s2sf12j2_redis_rep2_20260611_223851,redis,s2sf12j2_redis_rep2_20260611_223851,5ef97f45-7770-4df5-b895-879ef3b8c0a0,3895074,337,28.547753445319287,1020214045,2604369100,2604840400,1781213936935-1
s2sf12j2_redis_rep2_20260611_223851,redis,s2sf12j2_redis_rep2_20260611_223851,2d8919d0-60af-463a-919a-735acb87e8de,3895074,337,28.547753445319287,1020214045,2604930000,2605429200,1781213936936-0
s2sf12j2_redis_rep2_20260611_223851,redis,s2sf12j2_redis_rep2_20260611_223851,b5416488-0fe8-44ae-802a-b02e10a775f2,3895134,337,27.47514658069409,1011275654,2605524500,2605973900,1781213936936-1
s2sf12j2_redis_rep2_20260611_223851,redis,s2sf12j2_redis_rep2_20260611_223851,c51702ca-4adc-44f7-a73b-6edb155dd166,3895134,337,27.47514658069409,1011275654,2606085200,2606511500,1781213936937-0
s2sf12j2_redis_rep2_20260611_223851,redis,s2sf12j2_redis_rep2_20260611_223851,c50e063e-2a33-4053-b4fa-471f5556b732,3895095,338,29.058765857756438,1024472482,2606593500,2607079000,1781213936937-1
s2sf12j2_redis_rep2_20260611_223851,redis,s2sf12j2_redis_rep2_20260611_223851,ffbf27c1-29f6-4e48-8e60-7e04b54f3717,3895121,338,27.85507974143181,1014441764,2607164200,2607590500,1781213936938-0
s2sf12j2_redis_rep2_20260611_223851,redis,s2sf12j2_redis_rep2_20260611_223851,d16a589f-9997-491b-8a0d-5570cfd04bda,3895121,338,27.85507974143181,1014441764,2607672200,2608124100,1781213936938-1
s2sf12j2_redis_rep2_20260611_223851,redis,s2sf12j2_redis_rep2_20260611_223851,63cfb3b8-2108-4c07-bcb3-e0dec152970c,3895060,338,29.91603606168656,1031616400,2608207300,2608675300,1781213936939-0
s2sf12j2_redis_rep2_20260611_223851,redis,s2sf12j2_redis_rep2_20260611_223851,1809496b-088b-41a9-8997-d5b6725994a3,3895060,338,29.91603606168656,1031616400,2608758000,2609351600,1781213936940-0
s2sf12j2_redis_rep2_20260611_223851,redis,s2sf12j2_redis_rep2_20260611_223851,4e3081cc-b767-414d-986a-de53c54bfb73,3895060,338,29.91603606168656,1031616400,2609434600,2609951200,1781213936940-1
s2sf12j2_redis_rep2_20260611_223851,redis,s2sf12j2_redis_rep2_20260611_223851,43402693-36c4-4328-aa05-2e99f6de4774,3895074,338,28.631086778652623,1020908489,2610029900,2610478100,1781213936941-0
s2sf12j2_redis_rep2_20260611_223851,redis,s2sf12j2_redis_rep2_20260611_223851,4c56934b-e378-47b7-ab3e-bbb0020b6770,3895113,338,26.705312483689127,1004860370,2610556700,2611002000,1781213936941-1
s2sf12j2_redis_rep2_20260611_223851,redis,s2sf12j2_redis_rep2_20260611_223851,f9088193-a98b-4bba-9fbe-d552f7ac71df,3895060,339,29.99936939501989,1032310844,2611078600,2611659700,1781213936942-0
s2sf12j2_redis_rep2_20260611_223851,redis,s2sf12j2_redis_rep2_20260611_223851,292b1cc0-d970-4adc-b041-bc6cb14ad9d9,3895060,339,29.99936939501989,1032310844,2611759900,2612320300,1781213936943-0
s2sf12j2_redis_rep2_20260611_223851,redis,s2sf12j2_redis_rep2_20260611_223851,ac38a7a1-9763-4010-87b5-9d3065544d32,3895074,339,28.714420111985955,1021602934,2612402900,2612892600,1781213936943-1
s2sf12j2_redis_rep2_20260611_223851,redis,s2sf12j2_redis_rep2_20260611_223851,56802d2d-99f2-4c75-b4d7-004588588d2c,3895074,339,28.714420111985955,1021602934,2612978300,2613602700,1781213936944-0
s2sf12j2_redis_rep2_20260611_223851,redis,s2sf12j2_redis_rep2_20260611_223851,7ec5a9a4-706f-4c5c-995c-c9f12db2e446,3895107,339,27.260884587648363,1009490138,2613691700,2614248500,1781213936944-1
s2sf12j2_redis_rep2_20260611_223851,redis,s2sf12j2_redis_rep2_20260611_223851,1d1c5374-b3eb-468f-9da5-5af9220eb450,3895052,339,27.294234702062035,1009768055,2614338800,2614884900,1781213936945-0
s2sf12j2_redis_rep2_20260611_223851,redis,s2sf12j2_redis_rep2_20260611_223851,f7a5cf2b-d965-4472-9fb4-c60e51e5c022,3895052,339,27.294234702062035,1009768055,2614967300,2615418500,1781213936946-0
s2sf12j2_redis_rep2_20260611_223851,redis,s2sf12j2_redis_rep2_20260611_223851,1ab0a8a0-fa36-4a32-ad9b-47e8d232fa3c,3895113,339,26.78864581702246,1005554815,2615532400,2616026000,1781213936946-1
s2sf12j2_redis_rep2_20260611_223851,redis,s2sf12j2_redis_rep2_20260611_223851,3fc5fe2e-3bdf-439e-bd36-22673f035333,3895113,339,26.78864581702246,1005554815,2616106600,2616566300,1781213936947-0
s2sf12j2_redis_rep2_20260611_223851,redis,s2sf12j2_redis_rep2_20260611_223851,619be4c6-1b66-4343-b511-77c8d4accad1,3895095,340,29.2254325244231,1025861371,2616657300,2617104500,1781213936947-1
s2sf12j2_redis_rep2_20260611_223851,redis,s2sf12j2_redis_rep2_20260611_223851,30abf208-99e2-48ce-9275-6bd0e2464f17,3895095,340,29.2254325244231,1025861371,2617182900,2617643200,1781213936948-0
s2sf12j2_redis_rep2_20260611_223851,redis,s2sf12j2_redis_rep2_20260611_223851,8d917c08-c9fe-4f63-bc22-561559374d74,3895095,340,29.2254325244231,1025861371,2617721200,2618150300,1781213936948-1
s2sf12j2_redis_rep2_20260611_223851,redis,s2sf12j2_redis_rep2_20260611_223851,e45e8cef-7269-4a34-b5c0-85391def0cd5,3895121,340,28.021746408098476,1015830653,2618230600,2618875700,1781213936949-0
s2sf12j2_redis_rep2_20260611_223851,redis,s2sf12j2_redis_rep2_20260611_223851,c18f2ed6-7147-4c77-8604-51467a34b94e,3895121,340,28.021746408098476,1015830653,2619016600,2619531400,1781213936950-0
s2sf12j2_redis_rep2_20260611_223851,redis,s2sf12j2_redis_rep2_20260611_223851,6315f917-0392-4047-a531-351815a7f3c2,3895074,340,28.797753445319287,1022297378,2619620300,2620080400,1781213936950-1
s2sf12j2_redis_rep2_20260611_223851,redis,s2sf12j2_redis_rep2_20260611_223851,04f0fd04-6938-4a74-b34f-246446b34e6f,3895107,340,27.34421792098169,1010184582,2620166500,2620621100,1781213936951-0
s2sf12j2_redis_rep2_20260611_223851,redis,s2sf12j2_redis_rep2_20260611_223851,28b21554-0e4a-40a7-a625-27670feae735,3895107,340,27.34421792098169,1010184582,2620710400,2621179200,1781213936951-1
s2sf12j2_redis_rep2_20260611_223851,redis,s2sf12j2_redis_rep2_20260611_223851,70bf7098-81a2-4770-834b-7961137bd220,3895095,341,29.308765857756438,1026555815,2621260400,2621710400,1781213936952-0
s2sf12j2_redis_rep2_20260611_223851,redis,s2sf12j2_redis_rep2_20260611_223851,8eeb993f-688f-43d5-8593-152df535fab3,3895074,341,28.881086778652623,1022991823,2621792200,2622262100,1781213936953-0
s2sf12j2_redis_rep2_20260611_223851,redis,s2sf12j2_redis_rep2_20260611_223851,af2d5851-36fb-46d0-8bb2-7054f40f9cae,3895107,341,27.42755125431503,1010879027,2622338400,2622801900,1781213936953-1
s2sf12j2_redis_rep2_20260611_223851,redis,s2sf12j2_redis_rep2_20260611_223851,27eb449d-56f2-43bd-83c9-0bdf71bb3151,3895113,341,26.955312483689127,1006943704,2622878800,2623432300,1781213936954-0
s2sf12j2_redis_rep2_20260611_223851,redis,s2sf12j2_redis_rep2_20260611_223851,84b15c49-2aaf-47a5-acf7-61997dab159e,3895113,341,26.955312483689127,1006943704,2623549400,2624096600,1781213936954-1
s2sf12j2_redis_rep2_20260611_223851,redis,s2sf12j2_redis_rep2_20260611_223851,2820f118-4436-4b40-8647-e125058b983d,3895095,342,29.39209919108977,1027250259,2624204700,2624796500,1781213936955-0
s2sf12j2_redis_rep2_20260611_223851,redis,s2sf12j2_redis_rep2_20260611_223851,ba034f24-f03d-40c0-8216-c23f872b2794,3895095,342,29.39209919108977,1027250259,2624879100,2625409300,1781213936956-0
s2sf12j2_redis_rep2_20260611_223851,redis,s2sf12j2_redis_rep2_20260611_223851,7a467351-dc7a-4f62-afbc-7c01f1d6015c,3895095,342,29.39209919108977,1027250259,2625490900,2626043500,1781213936956-1
s2sf12j2_redis_rep2_20260611_223851,redis,s2sf12j2_redis_rep2_20260611_223851,39c3916b-87ec-45b0-9dc4-2395e1a58e0c,3895060,342,30.24936939501989,1034394178,2626118600,2626692000,1781213936957-0
s2sf12j2_redis_rep2_20260611_223851,redis,s2sf12j2_redis_rep2_20260611_223851,46040471-65f0-41da-b2bc-09c0c5be156e,3895107,342,27.510884587648363,1011573471,2626777500,2627380400,1781213936958-0
s2sf12j2_redis_rep2_20260611_223851,redis,s2sf12j2_redis_rep2_20260611_223851,6eb9d313-b681-47e4-a14a-b20b839d7e40,3895107,342,27.510884587648363,1011573471,2627548800,2628229400,1781213936958-1
s2sf12j2_redis_rep2_20260611_223851,redis,s2sf12j2_redis_rep2_20260611_223851,f2977f9a-ba34-4c67-86d8-6067ff494259,3895107,342,27.510884587648363,1011573471,2628365000,2628883800,1781213936959-0
s2sf12j2_redis_rep2_20260611_223851,redis,s2sf12j2_redis_rep2_20260611_223851,bd856bdb-a742-4a57-ae94-4867e278a20d,3895134,342,27.89181324736076,1014747877,2629038700,2629742500,1781213936960-0
s2sf12j2_redis_rep2_20260611_223851,redis,s2sf12j2_redis_rep2_20260611_223851,3d8b6373-3124-4614-8bd3-554f8545481c,3895113,342,27.03864581702246,1007638148,2629862800,2630397100,1781213936961-0
s2sf12j2_redis_rep2_20260611_223851,redis,s2sf12j2_redis_rep2_20260611_223851,84384dad-f296-49c6-8022-beb4569da24c,3895060,343,30.332702728353222,1035088622,2630514000,2631077200,1781213936961-1
s2sf12j2_redis_rep2_20260611_223851,redis,s2sf12j2_redis_rep2_20260611_223851,b35836c5-227c-4306-bb7f-6560ee476d9a,3895060,343,30.332702728353222,1035088622,2631213900,2631746900,1781213936962-0
s2sf12j2_redis_rep2_20260611_223851,redis,s2sf12j2_redis_rep2_20260611_223851,ab008c7a-2b07-4eae-b099-954b9796e945,3895060,343,30.332702728353222,1035088622,2631844800,2632323600,1781213936963-0
s2sf12j2_redis_rep2_20260611_223851,redis,s2sf12j2_redis_rep2_20260611_223851,2dee0337-4ec1-457b-b815-9d8a196054fa,3895074,343,29.047753445319287,1024380712,2632417300,2632911700,1781213936963-1
s2sf12j2_redis_rep2_20260611_223851,redis,s2sf12j2_redis_rep2_20260611_223851,f41c6945-e298-4e35-a108-4bbed3e5b100,3895074,343,29.047753445319287,1024380712,2633005000,2633532600,1781213936964-0
s2sf12j2_redis_rep2_20260611_223851,redis,s2sf12j2_redis_rep2_20260611_223851,419d604d-a424-4cae-a803-c460f1dc815f,3895074,343,29.047753445319287,1024380712,2633637600,2634179200,1781213936964-1
s2sf12j2_redis_rep2_20260611_223851,redis,s2sf12j2_redis_rep2_20260611_223851,1d8551de-c1ee-4ca5-8d68-0f15eb98958f,3895107,343,27.59421792098169,1012267916,2634279200,2634757800,1781213936965-0
s2sf12j2_redis_rep2_20260611_223851,redis,s2sf12j2_redis_rep2_20260611_223851,9babf8c5-67b9-439f-bd51-48d61e760b16,3895113,343,27.12197915035579,1008332592,2634846800,2635344800,1781213936966-0
s2sf12j2_redis_rep2_20260611_223851,redis,s2sf12j2_redis_rep2_20260611_223851,9c55823d-4323-4766-861b-d238a3a85b03,3895113,343,27.12197915035579,1008332592,2635473300,2636076000,1781213936966-1
s2sf12j2_redis_rep2_20260611_223851,redis,s2sf12j2_redis_rep2_20260611_223851,fd06eb44-3503-4922-b4b5-f3312ae79ae5,3895095,344,29.558765857756438,1028639148,2636172000,2636732800,1781213936967-0
s2sf12j2_redis_rep2_20260611_223851,redis,s2sf12j2_redis_rep2_20260611_223851,72e371a5-8cb6-44a6-9b7e-d13440a95694,3895095,344,29.558765857756438,1028639148,2636837300,2637353200,1781213936968-0
s2sf12j2_redis_rep2_20260611_223851,redis,s2sf12j2_redis_rep2_20260611_223851,79ca4247-889f-4683-a44c-3fa06bb50464,3895060,344,30.41603606168656,1035783067,2637439100,2637950500,1781213936968-1
s2sf12j2_redis_rep2_20260611_223851,redis,s2sf12j2_redis_rep2_20260611_223851,36a8d13e-1f93-4d2b-8b45-c6838ef8ee76,3895060,344,30.41603606168656,1035783067,2638034100,2638548200,1781213936969-0
s2sf12j2_redis_rep2_20260611_223851,redis,s2sf12j2_redis_rep2_20260611_223851,3c9f7726-9b68-4a96-a0fd-abca0df71e7c,3895107,344,27.67755125431503,1012962360,2638625900,2639127200,1781213936969-1
s2sf12j2_redis_rep2_20260611_223851,redis,s2sf12j2_redis_rep2_20260611_223851,7f94ef98-b609-49bf-b69a-6c6c6fb25ce9,3895107,344,27.67755125431503,1012962360,2639213100,2639764500,1781213936970-0
s2sf12j2_redis_rep2_20260611_223851,redis,s2sf12j2_redis_rep2_20260611_223851,1bc58959-c3b6-4947-98a4-bd2beed0d9a3,3895113,344,27.205312483689127,1009027037,2639846800,2640284700,1781213936971-0
s2sf12j2_redis_rep2_20260611_223851,redis,s2sf12j2_redis_rep2_20260611_223851,2d9bc062-7203-4d6b-b97b-9dd70dd43533,3895113,344,27.205312483689127,1009027037,2640372300,2640844200,1781213936971-1
s2sf12j2_redis_rep2_20260611_223851,redis,s2sf12j2_redis_rep2_20260611_223851,432ae0a0-c58e-4922-9d9c-e18b893e4943,3895095,345,29.64209919108977,1029333593,2640933900,2641411400,1781213936972-0
s2sf12j2_redis_rep2_20260611_223851,redis,s2sf12j2_redis_rep2_20260611_223851,1591db9c-ff05-4166-bdd8-5aa39ba3b255,3895095,345,29.64209919108977,1029333593,2641499500,2642023100,1781213936972-1
s2sf12j2_redis_rep2_20260611_223851,redis,s2sf12j2_redis_rep2_20260611_223851,a50f2ca1-6386-4b5f-96a4-88c212f1e059,3895107,345,27.760884587648363,1013656804,2642142600,2642661500,1781213936973-0
s2sf12j2_redis_rep2_20260611_223851,redis,s2sf12j2_redis_rep2_20260611_223851,1145ec18-0385-4a9a-afa7-6af3fe19cc8d,3895134,345,28.14181324736076,1016831210,2642762600,2643329400,1781213936974-0
s2sf12j2_redis_rep2_20260611_223851,redis,s2sf12j2_redis_rep2_20260611_223851,95ae91bc-578d-4b57-a36f-887eb4c66378,3895134,345,28.14181324736076,1016831210,2643412400,2643884700,1781213936974-1
s2sf12j2_redis_rep2_20260611_223851,redis,s2sf12j2_redis_rep2_20260611_223851,ee9ea508-8f1e-4e9c-80d5-fa066cb16b25,3895113,345,27.28864581702246,1009721481,2643969700,2644429700,1781213936975-0
s2sf12j2_redis_rep2_20260611_223851,redis,s2sf12j2_redis_rep2_20260611_223851,544cfa4b-c713-4a3c-a50b-70632e79ba7f,3895113,345,27.28864581702246,1009721481,2644562600,2645054400,1781213936975-1
s2sf12j2_redis_rep2_20260611_223851,redis,s2sf12j2_redis_rep2_20260611_223851,75285962-3d92-4618-8457-28b7b780d192,3895107,346,27.84421792098169,1014351249,2645136900,2645667500,1781213936976-0
s2sf12j2_redis_rep2_20260611_223851,redis,s2sf12j2_redis_rep2_20260611_223851,ac48dcc4-9c6a-4816-a531-4561b8da0ebb,3895107,346,27.84421792098169,1014351249,2645748300,2646203000,1781213936976-1
s2sf12j2_redis_rep2_20260611_223851,redis,s2sf12j2_redis_rep2_20260611_223851,37acd007-1461-4018-98d9-9768ed35bffa,3895134,346,28.22514658069409,1017525654,2646282700,2646812400,1781213936977-0
s2sf12j2_redis_rep2_20260611_223851,redis,s2sf12j2_redis_rep2_20260611_223851,0dd41e1b-acba-4aba-81bf-b1fcb066ec70,3895134,346,28.22514658069409,1017525654,2646906100,2647419700,1781213936978-0
s2sf12j2_redis_rep2_20260611_223851,redis,s2sf12j2_redis_rep2_20260611_223851,ba3ff544-13c4-4a77-b3cf-fdc0569d4948,3895067,347,27.526567878228278,1011704165,2647508100,2648016400,1781213936978-1
s2sf12j2_redis_rep2_20260611_223851,redis,s2sf12j2_redis_rep2_20260611_223851,9ebf1956-333d-441d-8340-a3d9b2efd2f2,3895107,347,27.92755125431503,1015045693,2648102000,2648612000,1781213936979-0
s2sf12j2_redis_rep2_20260611_223851,redis,s2sf12j2_redis_rep2_20260611_223851,3f516b22-ee40-4efe-a6a4-6b76dec2ed43,3895052,347,27.960901368728702,1015323611,2648692900,2649231500,1781213936979-1
s2sf12j2_redis_rep2_20260611_223851,redis,s2sf12j2_redis_rep2_20260611_223851,d0d2c9bb-b2d1-4329-8cce-d7c58282e975,3895086,347,28.58027112897073,1020485026,2649328400,2649831400,1781213936980-0
s2sf12j2_redis_rep2_20260611_223851,redis,s2sf12j2_redis_rep2_20260611_223851,f1371f3b-05f3-4445-902c-d8f3bb1542fb,3895113,347,27.455312483689127,1011110370,2649922400,2650417600,1781213936981-0
s2sf12j2_redis_rep2_20260611_223851,redis,s2sf12j2_redis_rep2_20260611_223851,d6ab8ba6-67c1-430b-8b9f-90523edc8bb8,3895095,348,29.89209919108977,1031416926,2650522200,2651074900,1781213936981-1
s2sf12j2_redis_rep2_20260611_223851,redis,s2sf12j2_redis_rep2_20260611_223851,b45c1713-cdd8-4c1b-91dc-3a64d437ddfa,3895107,348,28.010884587648363,1015740138,2651150400,2651679800,1781213936982-0
s2sf12j2_redis_rep2_20260611_223851,redis,s2sf12j2_redis_rep2_20260611_223851,8c3f9bee-a8a1-4e73-adce-38c5d8374870,3895107,348,28.010884587648363,1015740138,2651768500,2652295300,1781213936983-0
s2sf12j2_redis_rep2_20260611_223851,redis,s2sf12j2_redis_rep2_20260611_223851,44ab001f-4d1d-4de1-b63c-e57d9d5f65d0,3895113,348,27.53864581702246,1011804815,2652444000,2652995100,1781213936983-1
s2sf12j2_redis_rep2_20260611_223851,redis,s2sf12j2_redis_rep2_20260611_223851,77bb8929-ccb4-4d5f-bbe2-2f0cddd68551,3895113,348,27.53864581702246,1011804815,2653092600,2653797600,1781213936984-0
s2sf12j2_redis_rep2_20260611_223851,redis,s2sf12j2_redis_rep2_20260611_223851,423b17a2-1559-4a45-93ec-63e0b06247d2,3895121,349,28.771746408098476,1022080653,2653923400,2654504500,1781213936985-0
s2sf12j2_redis_rep2_20260611_223851,redis,s2sf12j2_redis_rep2_20260611_223851,6b13594f-1e9a-4e86-b054-5bf465657daf,3895074,349,29.547753445319287,1028547378,2654600500,2655142800,1781213936985-1
s2sf12j2_redis_rep2_20260611_223851,redis,s2sf12j2_redis_rep2_20260611_223851,a375e4ce-c2a1-40cb-a345-67396467f5c0,3895107,349,28.09421792098169,1016434582,2655235300,2655771900,1781213936986-0
s2sf12j2_redis_rep2_20260611_223851,redis,s2sf12j2_redis_rep2_20260611_223851,aa7bac1a-585b-4860-8a08-dccac94ceef6,3895052,349,28.127568035395367,1016712500,2655861700,2656581300,1781213936987-0
s2sf12j2_redis_rep2_20260611_223851,redis,s2sf12j2_redis_rep2_20260611_223851,f5754023-5f50-4bb2-a974-a76618d41e73,3895086,349,28.746937795637397,1021873914,2656684000,2657164500,1781213936987-1
s2sf12j2_redis_rep2_20260611_223851,redis,s2sf12j2_redis_rep2_20260611_223851,f7301563-b4ea-408d-a5ed-7512612d2757,3895086,349,28.746937795637397,1021873914,2657256700,2657770900,1781213936988-0
s2sf12j2_redis_rep2_20260611_223851,redis,s2sf12j2_redis_rep2_20260611_223851,ce266724-c08b-403c-b604-2b4fa1ab5ad4,3895113,349,27.62197915035579,1012499259,2657862500,2658298400,1781213936989-0
s2sf12j2_redis_rep2_20260611_223851,redis,s2sf12j2_redis_rep2_20260611_223851,2ea9d0ec-a028-47f0-a7d4-c19bac12e727,3895095,350,30.058765857756438,1032805815,2658445900,2659138200,1781213936989-1
s2sf12j2_redis_rep2_20260611_223851,redis,s2sf12j2_redis_rep2_20260611_223851,531febc4-d1a2-4398-ac27-7c534bca2622,3895095,350,30.058765857756438,1032805815,2659278300,2659912900,1781213936990-0
s2sf12j2_redis_rep2_20260611_223851,redis,s2sf12j2_redis_rep2_20260611_223851,44f62541-fa13-421a-883e-363593814133,3895121,350,28.85507974143181,1022775097,2660017200,2660582700,1781213936991-0
s2sf12j2_redis_rep2_20260611_223851,redis,s2sf12j2_redis_rep2_20260611_223851,c5f5c5d8-0a54-458d-b298-0d47bbb405a1,3895121,350,28.85507974143181,1022775097,2660668400,2661142600,1781213936991-1
s2sf12j2_redis_rep2_20260611_223851,redis,s2sf12j2_redis_rep2_20260611_223851,5a0e4337-083a-4631-8324-2a2ae7fb9736,3895067,350,27.776567878228278,1013787498,2661221900,2661786400,1781213936992-0
s2sf12j2_redis_rep2_20260611_223851,redis,s2sf12j2_redis_rep2_20260611_223851,5095e9f2-b041-49a3-9ebb-54b9544ec710,3895067,350,27.776567878228278,1013787498,2661869100,2662388200,1781213936993-0
s2sf12j2_redis_rep2_20260611_223851,redis,s2sf12j2_redis_rep2_20260611_223851,dbfe72ee-8e62-4ebe-b6c7-9217a53d5803,3895067,350,27.776567878228278,1013787498,2662487000,2663053900,1781213936993-1
s2sf12j2_redis_rep2_20260611_223851,redis,s2sf12j2_redis_rep2_20260611_223851,900a039a-e94b-4b2f-8b24-47ca5923b12c,3895107,350,28.17755125431503,1017129027,2663147200,2663787000,1781213936994-0
s2sf12j2_redis_rep2_20260611_223851,redis,s2sf12j2_redis_rep2_20260611_223851,013d2f57-a3d8-41b5-98c1-00a242e11384,3895107,350,28.17755125431503,1017129027,2663906100,2664445900,1781213936995-0
s2sf12j2_redis_rep2_20260611_223851,redis,s2sf12j2_redis_rep2_20260611_223851,255d6e3d-7309-485e-ad7b-8fa794aa5b9e,3895052,350,28.210901368728702,1017406944,2664533100,2665026600,1781213936995-1
s2sf12j2_redis_rep2_20260611_223851,redis,s2sf12j2_redis_rep2_20260611_223851,db882fff-09aa-47b4-9837-5eb7852c46cc,3895113,350,27.705312483689127,1013193704,2665111800,2665581000,1781213936996-0
s2sf12j2_redis_rep2_20260611_223851,redis,s2sf12j2_redis_rep2_20260611_223851,8520ef69-be71-4c8e-8beb-cc29f4554038,3895113,350,27.705312483689127,1013193704,2665663400,2666198900,1781213936996-1
s2sf12j2_redis_rep2_20260611_223851,redis,s2sf12j2_redis_rep2_20260611_223851,e636d562-f572-4462-a730-c3e48e5fc8dc,3895121,351,28.93841307476514,1023469542,2666283000,2666909400,1781213936997-0
s2sf12j2_redis_rep2_20260611_223851,redis,s2sf12j2_redis_rep2_20260611_223851,929983a0-f737-483c-8ccc-c22dd0b4c758,3895121,351,28.93841307476514,1023469542,2667010600,2667540600,1781213936998-0
s2sf12j2_redis_rep2_20260611_223851,redis,s2sf12j2_redis_rep2_20260611_223851,5d042596-1978-41d1-b07e-d438d6e68678,3895074,351,29.714420111985955,1029936267,2667628000,2668163900,1781213936998-1
s2sf12j2_redis_rep2_20260611_223851,redis,s2sf12j2_redis_rep2_20260611_223851,a14133d0-1a67-4da3-bda8-b019d9a65546,3895074,351,29.714420111985955,1029936267,2668240800,2668745300,1781213936999-0
s2sf12j2_redis_rep2_20260611_223851,redis,s2sf12j2_redis_rep2_20260611_223851,97373857-8573-46fe-8502-0ec9ec5dbafb,3895074,351,29.714420111985955,1029936267,2668829700,2669349600,1781213937000-0
s2sf12j2_redis_rep2_20260611_223851,redis,s2sf12j2_redis_rep2_20260611_223851,92eec2ef-ec3f-42b8-8f5a-18fc3408c000,3895134,351,28.64181324736076,1020997877,2669432400,2669956300,1781213937000-1
s2sf12j2_redis_rep2_20260611_223851,redis,s2sf12j2_redis_rep2_20260611_223851,0674a04b-50d5-4a36-b451-937df82b0b82,3895052,351,28.294234702062035,1018101389,2670040400,2670614100,1781213937001-0
s2sf12j2_redis_rep2_20260611_223851,redis,s2sf12j2_redis_rep2_20260611_223851,9ee96fd8-7e6a-4530-99f7-e8fe35b831d6,3895052,351,28.294234702062035,1018101389,2670754300,2671219400,1781213937001-1
s2sf12j2_redis_rep2_20260611_223851,redis,s2sf12j2_redis_rep2_20260611_223851,e6ea7a99-989a-4a27-bf9e-0eac58318c01,3895086,351,28.91360446230406,1023262803,2671355600,2671916900,1781213937002-0
s2sf12j2_redis_rep2_20260611_223851,redis,s2sf12j2_redis_rep2_20260611_223851,f7e9fa20-5fb2-4d16-868d-a2506930f758,3895086,351,28.91360446230406,1023262803,2671999400,2672453400,1781213937003-0
s2sf12j2_redis_rep2_20260611_223851,redis,s2sf12j2_redis_rep2_20260611_223851,808af9fa-4b11-4c37-96c7-ac81aabe7b00,3895086,351,28.91360446230406,1023262803,2672543000,2673081100,1781213937003-1
s2sf12j2_redis_rep2_20260611_223851,redis,s2sf12j2_redis_rep2_20260611_223851,c4478270-22e1-4a2e-b21e-5e0def1a5ade,3895095,352,30.2254325244231,1034194704,2673172100,2673738900,1781213937004-0
s2sf12j2_redis_rep2_20260611_223851,redis,s2sf12j2_redis_rep2_20260611_223851,0da76901-89e3-4054-96a5-ef5d4fdcd847,3895121,352,29.021746408098476,1024163986,2673840600,2674488500,1781213937005-0
s2sf12j2_redis_rep2_20260611_223851,redis,s2sf12j2_redis_rep2_20260611_223851,4f41e8c4-02b8-40e7-9d40-2ce3a724fa72,3895121,352,29.021746408098476,1024163986,2674644300,2675248300,1781213937006-0
s2sf12j2_redis_rep2_20260611_223851,redis,s2sf12j2_redis_rep2_20260611_223851,636679fa-6ff4-4b70-b8da-80c52344fd3e,3895067,352,27.94323454489494,1015176387,2675392500,2676036900,1781213937006-1
s2sf12j2_redis_rep2_20260611_223851,redis,s2sf12j2_redis_rep2_20260611_223851,6cf92e59-803f-45c6-93a9-1af3645b6d04,3895067,352,27.94323454489494,1015176387,2676142100,2676800100,1781213937007-0
s2sf12j2_redis_rep2_20260611_223851,redis,s2sf12j2_redis_rep2_20260611_223851,c8095c62-7453-463a-8f11-f45a07e2d6a1,3895067,352,27.94323454489494,1015176387,2676894300,2677512200,1781213937008-0
s2sf12j2_redis_rep2_20260611_223851,redis,s2sf12j2_redis_rep2_20260611_223851,022b80dd-c3d4-496a-b9a1-13ec8f95ef16,3895074,352,29.797753445319287,1030630712,2677627000,2678193800,1781213937008-1
s2sf12j2_redis_rep2_20260611_223851,redis,s2sf12j2_redis_rep2_20260611_223851,690ccf73-3c6e-4ca8-af6d-43e2cd71d9a4,3895121,353,29.10507974143181,1024858431,2678290900,2678921500,1781213937009-0
s2sf12j2_redis_rep2_20260611_223851,redis,s2sf12j2_redis_rep2_20260611_223851,1ba2479a-3e74-4346-b068-44f45c8da8b3,3895074,353,29.881086778652623,1031325156,2679046300,2679844700,1781213937010-0
s2sf12j2_redis_rep2_20260611_223851,redis,s2sf12j2_redis_rep2_20260611_223851,4b593dcb-bc9a-4b6b-b866-de06556e75ad,3895074,353,29.881086778652623,1031325156,2679936100,2680448600,1781213937011-0
s2sf12j2_redis_rep2_20260611_223851,redis,s2sf12j2_redis_rep2_20260611_223851,5f4d249d-781d-4e55-93cd-45a93e706aa6,3895074,353,29.881086778652623,1031325156,2680537300,2681040600,1781213937011-1
s2sf12j2_redis_rep2_20260611_223851,redis,s2sf12j2_redis_rep2_20260611_223851,c567a09c-23a2-41c2-9952-05e8de3b17f1,3895134,353,28.80847991402743,1022386765,2681151600,2681830900,1781213937012-0
s2sf12j2_redis_rep2_20260611_223851,redis,s2sf12j2_redis_rep2_20260611_223851,0844a9d6-fbb5-4a26-8687-53ad754f56e7,3895134,353,28.80847991402743,1022386765,2681934400,2682476200,1781213937013-0
s2sf12j2_redis_rep2_20260611_223851,redis,s2sf12j2_redis_rep2_20260611_223851,a3df59c8-cf02-4d37-bf5b-d2589fd3e6bf,3895086,353,29.08027112897073,1024651692,2682565700,2683148300,1781213937013-1
s2sf12j2_redis_rep2_20260611_223851,redis,s2sf12j2_redis_rep2_20260611_223851,3d81beef-a8a3-49e4-b1bc-b3ac126fcc44,3895095,354,30.39209919108977,1035583593,2683240000,2683682800,1781213937014-0
s2sf12j2_redis_rep2_20260611_223851,redis,s2sf12j2_redis_rep2_20260611_223851,1635501e-6069-489e-bc97-60be68d5acbf,3895095,354,30.39209919108977,1035583593,2683762600,2684250200,1781213937015-0
s2sf12j2_redis_rep2_20260611_223851,redis,s2sf12j2_redis_rep2_20260611_223851,a2cf3355-33aa-42c4-b369-9e5258da011e,3895095,354,30.39209919108977,1035583593,2684328100,2684840100,1781213937015-1
s2sf12j2_redis_rep2_20260611_223851,redis,s2sf12j2_redis_rep2_20260611_223851,0613d0f6-5512-4f13-8c54-69900aeffd4c,3895121,354,29.18841307476514,1025552875,2684920500,2685530000,1781213937016-0
s2sf12j2_redis_rep2_20260611_223851,redis,s2sf12j2_redis_rep2_20260611_223851,4fcfcc60-392e-48ff-bfda-3738123b9b14,3895067,354,28.109901211561606,1016565276,2685609400,2686143400,1781213937016-1
s2sf12j2_redis_rep2_20260611_223851,redis,s2sf12j2_redis_rep2_20260611_223851,3c9d821e-cd1d-40d8-b6cc-ebfdba7e3552,3895067,354,28.109901211561606,1016565276,2686229400,2686742700,1781213937017-0
s2sf12j2_redis_rep2_20260611_223851,redis,s2sf12j2_redis_rep2_20260611_223851,9e467124-ed14-41b1-ae7c-83af31974e51,3895074,354,29.964420111985955,1032019600,2686828500,2687272100,1781213937018-0
s2sf12j2_redis_rep2_20260611_223851,redis,s2sf12j2_redis_rep2_20260611_223851,dbd193b4-9436-4a57-930e-b83bcb5dda0b,3895074,354,29.964420111985955,1032019600,2687356300,2687913300,1781213937018-1
s2sf12j2_redis_rep2_20260611_223851,redis,s2sf12j2_redis_rep2_20260611_223851,e505e81c-2a00-4469-b96d-4138c8795413,3895074,354,29.964420111985955,1032019600,2687996600,2688465900,1781213937019-0
s2sf12j2_redis_rep2_20260611_223851,redis,s2sf12j2_redis_rep2_20260611_223851,05e5ad24-d023-49d2-aa5a-330e3c90ce62,3895134,354,28.89181324736076,1023081210,2688550400,2689353200,1781213937019-1
s2sf12j2_redis_rep2_20260611_223851,redis,s2sf12j2_redis_rep2_20260611_223851,35bb4379-6293-40c4-8b6e-bded481be933,3895095,355,30.4754325244231,1036278037,2689474500,2690287100,1781213937020-0
s2sf12j2_redis_rep2_20260611_223851,redis,s2sf12j2_redis_rep2_20260611_223851,0f08928d-929c-417d-9c32-4b22b7ff172f,3895095,355,30.4754325244231,1036278037,2690466700,2691168200,1781213937021-0
s2sf12j2_redis_rep2_20260611_223851,redis,s2sf12j2_redis_rep2_20260611_223851,8b96b887-80a9-4a57-99dd-415b5e19a6a0,3895095,355,30.4754325244231,1036278037,2691346300,2691871800,1781213937022-0
s2sf12j2_redis_rep2_20260611_223851,redis,s2sf12j2_redis_rep2_20260611_223851,11f82d11-f3aa-4650-9992-9dc2e6838811,3895067,355,28.19323454489494,1017259721,2691985700,2692539800,1781213937023-0
s2sf12j2_redis_rep2_20260611_223851,redis,s2sf12j2_redis_rep2_20260611_223851,a14fbff7-c39f-4bca-9a3e-9f2af4f6d1c9,3895067,355,28.19323454489494,1017259721,2692664300,2693334200,1781213937024-0
s2sf12j2_redis_rep2_20260611_223851,redis,s2sf12j2_redis_rep2_20260611_223851,da3669aa-68ba-4aa3-a220-6f073829d078,3895067,355,28.19323454489494,1017259721,2693490300,2694052400,1781213937024-1
s2sf12j2_redis_rep2_20260611_223851,redis,s2sf12j2_redis_rep2_20260611_223851,8e9b56bf-c9eb-4d50-a829-b70de02f7adb,3895134,355,28.97514658069409,1023775654,2694156800,2694671000,1781213937025-0
s2sf12j2_redis_rep2_20260611_223851,redis,s2sf12j2_redis_rep2_20260611_223851,c9545898-f161-4c9d-9a0b-8793de625bcc,3895134,355,28.97514658069409,1023775654,2694767900,2695295300,1781213937026-0
s2sf12j2_redis_rep2_20260611_223851,redis,s2sf12j2_redis_rep2_20260611_223851,0f0946e2-9309-4794-87fe-89df747a3e6d,3895086,355,29.246937795637397,1026040581,2695424000,2696011200,1781213937026-1
s2sf12j2_redis_rep2_20260611_223851,redis,s2sf12j2_redis_rep2_20260611_223851,cd3f2d0a-aeb3-4b34-a0f2-3eb12e54bd55,3895086,355,29.246937795637397,1026040581,2696101300,2696640500,1781213937027-0
s2sf12j2_redis_rep2_20260611_223851,redis,s2sf12j2_redis_rep2_20260611_223851,67d749a9-d258-4ad4-ac55-609ba90cf84c,3895113,355,28.12197915035579,1016665926,2696724200,2697203500,1781213937027-1
s2sf12j2_redis_rep2_20260611_223851,redis,s2sf12j2_redis_rep2_20260611_223851,abfe23c2-ade5-4f19-9243-c42bc6acc499,3895095,356,30.558765857756438,1036972482,2697288600,2697769500,1781213937028-0
s2sf12j2_redis_rep2_20260611_223851,redis,s2sf12j2_redis_rep2_20260611_223851,6ac4f18d-3142-4279-ad27-1b5c1f29213c,3895095,356,30.558765857756438,1036972482,2697854400,2698350000,1781213937029-0
s2sf12j2_redis_rep2_20260611_223851,redis,s2sf12j2_redis_rep2_20260611_223851,958d8eff-6600-41d0-b547-651815753987,3895095,356,30.558765857756438,1036972482,2698552300,2698974400,1781213937029-1
s2sf12j2_redis_rep2_20260611_223851,redis,s2sf12j2_redis_rep2_20260611_223851,5ed9a389-42e1-4784-be3d-4cbebb664292,3895095,356,30.558765857756438,1036972482,2699062600,2699536600,1781213937030-0
s2sf12j2_redis_rep2_20260611_223851,redis,s2sf12j2_redis_rep2_20260611_223851,ecdc4eb5-081e-4867-970a-cfe7e3dec346,3895121,356,29.35507974143181,1026941764,2699622700,2700070300,1781213937030-1
s2sf12j2_redis_rep2_20260611_223851,redis,s2sf12j2_redis_rep2_20260611_223851,38505484-d1c7-4960-896e-5776910748bc,3895121,356,29.35507974143181,1026941764,2700151800,2700878600,1781213937031-0
s2sf12j2_redis_rep2_20260611_223851,redis,s2sf12j2_redis_rep2_20260611_223851,cc9e27ee-245f-4af1-a5bb-614ae8d6c057,3895121,356,29.35507974143181,1026941764,2700964700,2701649600,1781213937032-0
s2sf12j2_redis_rep2_20260611_223851,redis,s2sf12j2_redis_rep2_20260611_223851,ead79ea4-823f-4a03-8f36-d2982bb018e2,3895067,356,28.276567878228278,1017954165,2701735100,2702226700,1781213937032-1
s2sf12j2_redis_rep2_20260611_223851,redis,s2sf12j2_redis_rep2_20260611_223851,00f2c51f-ecac-4106-968a-1cce717d6a91,3895074,356,30.131086778652623,1033408489,2702312200,2702850700,1781213937033-0
s2sf12j2_redis_rep2_20260611_223851,redis,s2sf12j2_redis_rep2_20260611_223851,ba2388ef-4130-4f6e-81f1-ea3241225526,3895074,356,30.131086778652623,1033408489,2702933400,2703509600,1781213937034-0
s2sf12j2_redis_rep2_20260611_223851,redis,s2sf12j2_redis_rep2_20260611_223851,152698ea-6ce8-4b88-9161-24663669ee93,3895134,356,29.05847991402743,1024470099,2703591600,2704073400,1781213937034-1
s2sf12j2_redis_rep2_20260611_223851,redis,s2sf12j2_redis_rep2_20260611_223851,a2877987-23c1-4047-b18d-b2e9a7a16eaa,3895134,356,29.05847991402743,1024470099,2704152800,2704688300,1781213937035-0
s2sf12j2_redis_rep2_20260611_223851,redis,s2sf12j2_redis_rep2_20260611_223851,f860c0f1-35fa-4b68-bae2-0b3826695770,3895095,357,30.64209919108977,1037666926,2704765400,2705371600,1781213937036-0
s2sf12j2_redis_rep2_20260611_223851,redis,s2sf12j2_redis_rep2_20260611_223851,dfda4064-2960-4520-ba52-9ed4894ac590,3895121,357,29.43841307476514,1027636208,2705486200,2706004200,1781213937036-1
s2sf12j2_redis_rep2_20260611_223851,redis,s2sf12j2_redis_rep2_20260611_223851,214c184b-01af-4b15-a374-02e2b44b5e63,3895074,357,30.214420111985955,1034102934,2706091800,2706665400,1781213937037-0
s2sf12j2_redis_rep2_20260611_223851,redis,s2sf12j2_redis_rep2_20260611_223851,6cbd006a-52e4-4a4c-93c1-c5704aeb8549,3895052,357,28.794234702062035,1022268055,2706749200,2707222000,1781213937038-0
s2sf12j2_redis_rep2_20260611_223851,redis,s2sf12j2_redis_rep2_20260611_223851,c0007622-67a8-466c-9108-c712e65fe291,3895113,357,28.28864581702246,1018054815,2707305900,2707782600,1781213937038-1
s2sf12j2_redis_rep2_20260611_223851,redis,s2sf12j2_redis_rep2_20260611_223851,0281400d-53a7-4dc7-a6b8-99471e9c4ecb,3895113,357,28.28864581702246,1018054815,2707867900,2708307500,1781213937039-0
s2sf12j2_redis_rep2_20260611_223851,redis,s2sf12j2_redis_rep2_20260611_223851,ce9db25a-5fec-4547-8526-61c3141c4d0d,3895067,358,28.44323454489494,1019343054,2708390700,2708858200,1781213937039-1
s2sf12j2_redis_rep2_20260611_223851,redis,s2sf12j2_redis_rep2_20260611_223851,3aab850c-1a11-4641-bf19-c6c5f966abb3,3895067,358,28.44323454489494,1019343054,2708957900,2709428200,1781213937040-0
s2sf12j2_redis_rep2_20260611_223851,redis,s2sf12j2_redis_rep2_20260611_223851,edf1a557-c2a7-42cc-ae0f-78d824ad78ca,3895052,358,28.877568035395367,1022962500,2709522100,2709996100,1781213937040-1
s2sf12j2_redis_rep2_20260611_223851,redis,s2sf12j2_redis_rep2_20260611_223851,60b08e8c-3c15-4d30-8ebb-c5f83e449d83,3895052,358,28.877568035395367,1022962500,2710077800,2710819200,1781213937041-0
s2sf12j2_redis_rep2_20260611_223851,redis,s2sf12j2_redis_rep2_20260611_223851,de72c156-22fc-4732-889a-d7c7e5f73bdc,3895052,358,28.877568035395367,1022962500,2710913400,2711439600,1781213937042-0
s2sf12j2_redis_rep2_20260611_223851,redis,s2sf12j2_redis_rep2_20260611_223851,28cf5ab9-fc42-47ce-ae7c-43a10aba3bcc,3895134,358,29.22514658069409,1025858988,2711524800,2711982000,1781213937042-1
s2sf12j2_redis_rep2_20260611_223851,redis,s2sf12j2_redis_rep2_20260611_223851,0e144e45-eed9-4c1f-b16e-f7fd087181a9,3895086,358,29.496937795637397,1028123914,2712070800,2712527300,1781213937043-0
s2sf12j2_redis_rep2_20260611_223851,redis,s2sf12j2_redis_rep2_20260611_223851,245d3f1d-83b4-4ba5-899a-a743f64dc044,3895113,358,28.37197915035579,1018749259,2712611200,2713130600,1781213937043-1
s2sf12j2_redis_rep2_20260611_223851,redis,s2sf12j2_redis_rep2_20260611_223851,f8786ba2-27cb-40e0-bd36-0bff4387846e,3895134,359,29.30847991402743,1026553432,2713210600,2713746500,1781213937044-0
s2sf12j2_redis_rep2_20260611_223851,redis,s2sf12j2_redis_rep2_20260611_223851,f9c3a117-027a-43e5-9189-2884e85151bf,3895134,359,29.30847991402743,1026553432,2713835600,2714379400,1781213937045-0
s2sf12j2_redis_rep2_20260611_223851,redis,s2sf12j2_redis_rep2_20260611_223851,f9627c67-19a0-4814-94b7-cca3d3e36e1e,3895086,359,29.58027112897073,1028818359,2714499300,2715087900,1781213937045-1
s2sf12j2_redis_rep2_20260611_223851,redis,s2sf12j2_redis_rep2_20260611_223851,0fa3e9fc-8f59-4d93-ad54-9dafec6fe2cb,3895086,359,29.58027112897073,1028818359,2715180100,2715754900,1781213937046-0
s2sf12j2_redis_rep2_20260611_223851,redis,s2sf12j2_redis_rep2_20260611_223851,e20fe4de-bcb4-4354-a27d-c27fe5b54a9c,3895086,359,29.58027112897073,1028818359,2715853900,2716437800,1781213937047-0
s2sf12j2_redis_rep2_20260611_223851,redis,s2sf12j2_redis_rep2_20260611_223851,02992e62-fe65-4047-a654-9d393d3e5e92,3895086,359,29.58027112897073,1028818359,2716556100,2717241200,1781213937047-1
s2sf12j2_redis_rep2_20260611_223851,redis,s2sf12j2_redis_rep2_20260611_223851,60bce52d-2353-40d5-986f-2f7e0c049878,3895113,359,28.455312483689127,1019443704,2717375500,2717998200,1781213937048-0
s2sf12j2_redis_rep2_20260611_223851,redis,s2sf12j2_redis_rep2_20260611_223851,2fe9d024-0f17-41f3-83f8-fbca099420c4,3895113,359,28.455312483689127,1019443704,2718099900,2718534700,1781213937049-0
s2sf12j2_redis_rep2_20260611_223851,redis,s2sf12j2_redis_rep2_20260611_223851,8babaa5e-85a6-4d8b-964c-b66c4119fcd6,3895113,359,28.455312483689127,1019443704,2718633100,2719098900,1781213937049-1
s2sf12j2_redis_rep2_20260611_223851,redis,s2sf12j2_redis_rep2_20260611_223851,355b7db0-1547-4fc3-82b8-5c15b55cf280,3895095,360,30.89209919108977,1039750259,2719216600,2719956500,1781213937050-0
s2sf12j2_redis_rep2_20260611_223851,redis,s2sf12j2_redis_rep2_20260611_223851,cff91afe-1d5c-4f6f-8895-e785eced2820,3895095,360,30.89209919108977,1039750259,2720088200,2720661500,1781213937051-0
s2sf12j2_redis_rep2_20260611_223851,redis,s2sf12j2_redis_rep2_20260611_223851,ee92e12e-f23a-4761-a845-0961fa9055f1,3895121,360,29.68841307476514,1029719542,2720838100,2721760100,1781213937052-0
s2sf12j2_redis_rep2_20260611_223851,redis,s2sf12j2_redis_rep2_20260611_223851,f313c992-04cf-4ac8-9bab-46a71fb7d6f0,3895121,360,29.68841307476514,1029719542,2721935700,2722536000,1781213937053-0
s2sf12j2_redis_rep2_20260611_223851,redis,s2sf12j2_redis_rep2_20260611_223851,6e770056-0d66-4c82-9be5-1b5ca3bc8fea,3895052,360,29.044234702062035,1024351389,2722669200,2723174300,1781213937053-1
s2sf12j2_redis_rep2_20260611_223851,redis,s2sf12j2_redis_rep2_20260611_223851,ee281be8-1568-4ee1-9896-2779797d84ae,3895052,360,29.044234702062035,1024351389,2723291100,2723739700,1781213937054-0
s2sf12j2_redis_rep2_20260611_223851,redis,s2sf12j2_redis_rep2_20260611_223851,282d6fe5-de30-4959-b323-4b5e8779ac01,3895134,360,29.39181324736076,1027247877,2723855200,2724444600,1781213937055-0
s2sf12j2_redis_rep2_20260611_223851,redis,s2sf12j2_redis_rep2_20260611_223851,2dfda464-8059-45fd-b9f3-c98ea63a12e8,3895067,361,28.69323454489494,1021426387,2724549100,2725069000,1781213937055-1
s2sf12j2_redis_rep2_20260611_223851,redis,s2sf12j2_redis_rep2_20260611_223851,f1c2c38d-0bf7-48c9-812b-59135e52e6c2,3895074,361,30.547753445319287,1036880712,2725204700,2725774600,1781213937056-0
s2sf12j2_redis_rep2_20260611_223851,redis,s2sf12j2_redis_rep2_20260611_223851,e00464cd-75d7-4ead-b904-c7236b444d70,3895134,361,29.47514658069409,1027942321,2725866700,2726511200,1781213937057-0
s2sf12j2_redis_rep2_20260611_223851,redis,s2sf12j2_redis_rep2_20260611_223851,5007fa57-f4c9-4e85-a5f9-f8b74f1ec2e8,3895134,361,29.47514658069409,1027942321,2726678700,2727300500,1781213937058-0
s2sf12j2_redis_rep2_20260611_223851,redis,s2sf12j2_redis_rep2_20260611_223851,3476ed98-2de1-4af9-ae70-98e661dce747,3895086,361,29.746937795637397,1030207248,2727412900,2727982000,1781213937058-1
s2sf12j2_redis_rep2_20260611_223851,redis,s2sf12j2_redis_rep2_20260611_223851,36860fee-d690-4a82-92c1-2ce4512541be,3895086,361,29.746937795637397,1030207248,2728068400,2728572600,1781213937059-0
s2sf12j2_redis_rep2_20260611_223851,redis,s2sf12j2_redis_rep2_20260611_223851,a463ae1e-6b26-4133-9944-dced564e7662,3895086,361,29.746937795637397,1030207248,2728657400,2729151100,1781213937059-1
s2sf12j2_redis_rep2_20260611_223851,redis,s2sf12j2_redis_rep2_20260611_223851,3b117be0-886b-41b1-acc0-2a795d50b148,3895113,361,28.62197915035579,1020832592,2729233100,2729775400,1781213937060-0
s2sf12j2_redis_rep2_20260611_223851,redis,s2sf12j2_redis_rep2_20260611_223851,c20ec538-b95e-4fde-bd21-1e0819073174,3895113,361,28.62197915035579,1020832592,2729860900,2730420900,1781213937061-0
s2sf12j2_redis_rep2_20260611_223851,redis,s2sf12j2_redis_rep2_20260611_223851,08dca067-1875-49e1-8696-b36931d5a065,3895113,361,28.62197915035579,1020832592,2730510800,2730963300,1781213937061-1
s2sf12j2_redis_rep2_20260611_223851,redis,s2sf12j2_redis_rep2_20260611_223851,defd9a85-07d2-45a1-bed5-12073c366a13,3895095,362,31.058765857756438,1041139148,2731060000,2731598600,1781213937062-0
s2sf12j2_redis_rep2_20260611_223851,redis,s2sf12j2_redis_rep2_20260611_223851,9046d726-2398-4328-8011-506c88d8080f,3895095,362,31.058765857756438,1041139148,2731679800,2732171600,1781213937062-1
s2sf12j2_redis_rep2_20260611_223851,redis,s2sf12j2_redis_rep2_20260611_223851,fb619b46-3deb-488a-bd9d-be13628389f9,3895074,362,30.631086778652623,1037575156,2732250500,2732819700,1781213937063-0
s2sf12j2_redis_rep2_20260611_223851,redis,s2sf12j2_redis_rep2_20260611_223851,7abf4506-6455-4e0b-8802-01f2dfa27e88,3895074,362,30.631086778652623,1037575156,2732900400,2733491600,1781213937064-0
s2sf12j2_redis_rep2_20260611_223851,redis,s2sf12j2_redis_rep2_20260611_223851,c67a22ed-5cd6-42ad-999c-652ccca43f74,3895074,362,30.631086778652623,1037575156,2733577700,2734083500,1781213937064-1
s2sf12j2_redis_rep2_20260611_223851,redis,s2sf12j2_redis_rep2_20260611_223851,aa8f36fc-cb33-4568-b372-7c1c883c17a0,3895052,362,29.210901368728702,1025740278,2734172500,2734653800,1781213937065-0
s2sf12j2_redis_rep2_20260611_223851,redis,s2sf12j2_redis_rep2_20260611_223851,8458aa78-520c-4345-b04f-b85b35a96d00,3895121,363,29.93841307476514,1031802875,2734733900,2735298600,1781213937066-0
s2sf12j2_redis_rep2_20260611_223851,redis,s2sf12j2_redis_rep2_20260611_223851,f6135718-1c31-45cb-893b-113626a17b67,3895121,363,29.93841307476514,1031802875,2735387600,2735829000,1781213937066-1
s2sf12j2_redis_rep2_20260611_223851,redis,s2sf12j2_redis_rep2_20260611_223851,0fffe00c-e44e-4e93-8a65-20e01cf8f43c,3895121,363,29.93841307476514,1031802875,2735910500,2736496100,1781213937067-0
s2sf12j2_redis_rep2_20260611_223851,redis,s2sf12j2_redis_rep2_20260611_223851,2e0ee3af-b22d-44f1-9021-f28ef06bac68,3895052,363,29.294234702062035,1026434722,2736589900,2737170100,1781213937067-1
s2sf12j2_redis_rep2_20260611_223851,redis,s2sf12j2_redis_rep2_20260611_223851,ad40b95f-3d3b-4c06-94f6-a8ccc28c9854,3895052,363,29.294234702062035,1026434722,2737272500,2737848200,1781213937068-0
s2sf12j2_redis_rep2_20260611_223851,redis,s2sf12j2_redis_rep2_20260611_223851,1974342f-bb31-4283-bc10-0840f8cebf69,3895052,363,29.294234702062035,1026434722,2737964700,2738487200,1781213937069-0
s2sf12j2_redis_rep2_20260611_223851,redis,s2sf12j2_redis_rep2_20260611_223851,c113e55e-e19b-4e04-a5ab-a22df4b23459,3895052,363,29.294234702062035,1026434722,2738595300,2739190100,1781213937069-1
s2sf12j2_redis_rep2_20260611_223851,redis,s2sf12j2_redis_rep2_20260611_223851,fcafc7bc-afa4-4766-8fc6-ce4a1355cff6,3895134,363,29.64181324736076,1029331210,2739303800,2739827000,1781213937070-0
s2sf12j2_redis_rep2_20260611_223851,redis,s2sf12j2_redis_rep2_20260611_223851,57a5e193-63f6-469f-9df6-5e044744d3ae,3895095,364,31.2254325244231,1042528037,2739925100,2740411100,1781213937071-0
s2sf12j2_redis_rep2_20260611_223851,redis,s2sf12j2_redis_rep2_20260611_223851,475c8a17-3068-489b-bfc4-5590d9df9115,3895067,364,28.94323454489494,1023509721,2740505200,2741104300,1781213937071-1
s2sf12j2_redis_rep2_20260611_223851,redis,s2sf12j2_redis_rep2_20260611_223851,7c01b171-f84a-496c-8a7e-a693249c1a76,3895067,364,28.94323454489494,1023509721,2741195300,2741781900,1781213937072-0
s2sf12j2_redis_rep2_20260611_223851,redis,s2sf12j2_redis_rep2_20260611_223851,d53c3462-aa56-4d95-ab95-6ee2d4f78636,3895067,364,28.94323454489494,1023509721,2741878500,2742457900,1781213937073-0
s2sf12j2_redis_rep2_20260611_223851,redis,s2sf12j2_redis_rep2_20260611_223851,aa6ed303-203b-4646-bbbd-87b7c7567e99,3895095,365,31.308765857756438,1043222482,2742591500,2743303700,1781213937073-1
s2sf12j2_redis_rep2_20260611_223851,redis,s2sf12j2_redis_rep2_20260611_223851,c218797c-605e-41c4-815a-49f6c92710a0,3895121,365,30.10507974143181,1033191764,2743398100,2743899200,1781213937074-0
s2sf12j2_redis_rep2_20260611_223851,redis,s2sf12j2_redis_rep2_20260611_223851,f385f689-9a82-413a-8faa-3518eafa39fc,3895067,365,29.026567878228278,1024204165,2743991400,2744594200,1781213937075-0
s2sf12j2_redis_rep2_20260611_223851,redis,s2sf12j2_redis_rep2_20260611_223851,8245ac64-0941-4583-8527-e3465503a2d2,3895067,365,29.026567878228278,1024204165,2744709800,2745257900,1781213937076-0
s2sf12j2_redis_rep2_20260611_223851,redis,s2sf12j2_redis_rep2_20260611_223851,d92d6a0f-6b31-445d-bb13-06669032372a,3895067,365,29.026567878228278,1024204165,2745370800,2745925900,1781213937076-1
s2sf12j2_redis_rep2_20260611_223851,redis,s2sf12j2_redis_rep2_20260611_223851,ab665f76-99ca-4836-8208-121ace3a0685,3895052,365,29.460901368728702,1027823611,2746011600,2746588600,1781213937077-0
s2sf12j2_redis_rep2_20260611_223851,redis,s2sf12j2_redis_rep2_20260611_223851,f05ae67b-ba63-4783-95b3-688a540c5078,3895134,365,29.80847991402743,1030720099,2746691100,2747134600,1781213937077-1
s2sf12j2_redis_rep2_20260611_223851,redis,s2sf12j2_redis_rep2_20260611_223851,83ee5950-879e-4b5b-a3ab-55af02fe066b,3895052,365,29.460901368728702,1027823611,2747237100,2747713900,1781213937078-0
s2sf12j2_redis_rep2_20260611_223851,redis,s2sf12j2_redis_rep2_20260611_223851,abbce176-8471-4308-be88-7b7f67194b90,3895134,365,29.80847991402743,1030720099,2747803000,2748289600,1781213937079-0
s2sf12j2_redis_rep2_20260611_223851,redis,s2sf12j2_redis_rep2_20260611_223851,e229d5e9-5dd7-4fde-9e62-25288d6862d7,3895052,365,29.460901368728702,1027823611,2748369700,2748878700,1781213937079-1
s2sf12j2_redis_rep2_20260611_223851,redis,s2sf12j2_redis_rep2_20260611_223851,803d2e4e-c874-402b-9778-cb7c43eb4c55,3895086,365,30.08027112897073,1032985026,2748967000,2749531200,1781213937080-0
s2sf12j2_redis_rep2_20260611_223851,redis,s2sf12j2_redis_rep2_20260611_223851,9bb8e38d-808c-4dfa-abb7-f24dfebd0f5d,3895095,366,31.39209919108977,1043916926,2749617800,2750168600,1781213937080-1
s2sf12j2_redis_rep2_20260611_223851,redis,s2sf12j2_redis_rep2_20260611_223851,8107f240-4dbe-4fe7-ad48-93fca7e8dccd,3895095,366,31.39209919108977,1043916926,2750248500,2750993100,1781213937081-0
s2sf12j2_redis_rep2_20260611_223851,redis,s2sf12j2_redis_rep2_20260611_223851,aa3112e8-fe93-4048-bae7-656e1ac9a0f7,3895095,366,31.39209919108977,1043916926,2751082100,2751598400,1781213937082-0
s2sf12j2_redis_rep2_20260611_223851,redis,s2sf12j2_redis_rep2_20260611_223851,a08da14c-b402-45bf-a056-0626fa147733,3895121,366,30.18841307476514,1033886208,2751773000,2752308700,1781213937083-0
s2sf12j2_redis_rep2_20260611_223851,redis,s2sf12j2_redis_rep2_20260611_223851,0a81a309-97a3-42d6-91df-5970e7617f64,3895121,366,30.18841307476514,1033886208,2752412300,2753197200,1781213937083-1
s2sf12j2_redis_rep2_20260611_223851,redis,s2sf12j2_redis_rep2_20260611_223851,34f93cf9-a769-4297-a5ff-65410e72d129,3895067,366,29.109901211561606,1024898610,2753493000,2754216100,1781213937084-0
s2sf12j2_redis_rep2_20260611_223851,redis,s2sf12j2_redis_rep2_20260611_223851,f572920c-db84-4f48-babc-194aaa3cac82,3895074,366,30.964420111985955,1040352934,2754354900,2755002500,1781213937085-0
s2sf12j2_redis_rep2_20260611_223851,redis,s2sf12j2_redis_rep2_20260611_223851,04a1bfd3-78af-4e6c-b124-35ef8ce074e9,3895086,366,30.16360446230406,1033679470,2755179600,2756009800,1781213937086-0
s2sf12j2_redis_rep2_20260611_223851,redis,s2sf12j2_redis_rep2_20260611_223851,0303ae29-dbf7-4fd3-b642-97ac481b14b2,3895086,366,30.16360446230406,1033679470,2756170500,2756725700,1781213937087-0
s2sf12j2_redis_rep2_20260611_223851,redis,s2sf12j2_redis_rep2_20260611_223851,25665bb7-e078-4cf2-a78c-6798a1b432b3,3895113,366,29.03864581702246,1024304815,2756874700,2757424000,1781213937088-0
s2sf12j2_redis_rep2_20260611_223851,redis,s2sf12j2_redis_rep2_20260611_223851,77f5dcc3-af4b-4fd8-8f8d-0777b8770ea8,3895095,367,31.4754325244231,1044611371,2757553100,2757954000,1781213937088-1
s2sf12j2_redis_rep2_20260611_223851,redis,s2sf12j2_redis_rep2_20260611_223851,4dc1fbff-0da5-424f-968b-6758cfc38998,3895095,367,31.4754325244231,1044611371,2758060000,2758513500,1781213937089-0
s2sf12j2_redis_rep2_20260611_223851,redis,s2sf12j2_redis_rep2_20260611_223851,36ba40fc-787a-418b-ad61-d505ce2c71e5,3895095,367,31.4754325244231,1044611371,2758618300,2759177400,1781213937089-1
s2sf12j2_redis_rep2_20260611_223851,redis,s2sf12j2_redis_rep2_20260611_223851,5a39d9bb-54a4-4e59-a832-18f44f9458c4,3895134,367,29.97514658069409,1032108988,2759271800,2759695300,1781213937090-0
s2sf12j2_redis_rep2_20260611_223851,redis,s2sf12j2_redis_rep2_20260611_223851,14fdaead-f14c-4958-bcb0-8ea822d3f0a8,3895052,367,29.627568035395367,1029212500,2759790100,2760367300,1781213937091-0
s2sf12j2_redis_rep2_20260611_223851,redis,s2sf12j2_redis_rep2_20260611_223851,f2477d52-6b97-4a85-8c6a-3b4e1f186aa9,3895052,367,29.627568035395367,1029212500,2760459100,2761051900,1781213937091-1
s2sf12j2_redis_rep2_20260611_223851,redis,s2sf12j2_redis_rep2_20260611_223851,df0eb700-15c2-427d-a67c-710a8be37b0a,3895052,367,29.627568035395367,1029212500,2761151300,2761715700,1781213937092-0
s2sf12j2_redis_rep2_20260611_223851,redis,s2sf12j2_redis_rep2_20260611_223851,443e9fed-714c-4727-aa02-cedc2fed2a87,3895052,367,29.627568035395367,1029212500,2761812300,2762443000,1781213937093-0
s2sf12j2_redis_rep2_20260611_223851,redis,s2sf12j2_redis_rep2_20260611_223851,9c6bef32-1d99-4f9f-9233-980c0effc9d1,3895113,367,29.12197915035579,1024999259,2762554200,2763170700,1781213937093-1
s2sf12j2_redis_rep2_20260611_223851,redis,s2sf12j2_redis_rep2_20260611_223851,e6aaae8f-cc64-4a1e-9ed4-c11813507a32,3895113,367,29.12197915035579,1024999259,2763271000,2763809800,1781213937094-0
s2sf12j2_redis_rep2_20260611_223851,redis,s2sf12j2_redis_rep2_20260611_223851,55a8c04b-ceb9-44e3-a929-fddea73ca539,3895121,368,30.35507974143181,1035275097,2763905200,2764426400,1781213937095-0
s2sf12j2_redis_rep2_20260611_223851,redis,s2sf12j2_redis_rep2_20260611_223851,c995df46-c590-45dc-9b8a-77269c43e026,3895067,368,29.276567878228278,1026287498,2764521600,2765034800,1781213937095-1
s2sf12j2_redis_rep2_20260611_223851,redis,s2sf12j2_redis_rep2_20260611_223851,d9a06969-8cbe-4619-ac56-d579d96188fa,3895067,368,29.276567878228278,1026287498,2765126300,2765704000,1781213937096-0
s2sf12j2_redis_rep2_20260611_223851,redis,s2sf12j2_redis_rep2_20260611_223851,fc89167c-5a5b-4d70-85dd-0616e064977b,3895074,368,31.131086778652623,1041741823,2765800500,2766358400,1781213937097-0
s2sf12j2_redis_rep2_20260611_223851,redis,s2sf12j2_redis_rep2_20260611_223851,85005578-a06a-4bbf-a829-51937d023399,3895067,368,29.276567878228278,1026287498,2766448100,2767007100,1781213937097-1
s2sf12j2_redis_rep2_20260611_223851,redis,s2sf12j2_redis_rep2_20260611_223851,ff1e7593-114f-40ac-864b-7d9c44a10b48,3895074,368,31.131086778652623,1041741823,2767092100,2767723000,1781213937098-0
s2sf12j2_redis_rep2_20260611_223851,redis,s2sf12j2_redis_rep2_20260611_223851,d8d6b943-1c91-4dbf-8478-a742da56061e,3895067,368,29.276567878228278,1026287498,2767811800,2768470500,1781213937099-0
s2sf12j2_redis_rep2_20260611_223851,redis,s2sf12j2_redis_rep2_20260611_223851,fe3af60c-cbca-424f-9c90-a1d39d1548e2,3895074,368,31.131086778652623,1041741823,2768608400,2769308800,1781213937100-0
s2sf12j2_redis_rep2_20260611_223851,redis,s2sf12j2_redis_rep2_20260611_223851,a8b15306-09d6-4a4b-8cd3-251a4f8ce9ab,3895074,368,31.131086778652623,1041741823,2769464700,2770336000,1781213937100-1
s2sf12j2_redis_rep2_20260611_223851,redis,s2sf12j2_redis_rep2_20260611_223851,1259faac-d03e-43b5-97b1-14c47407d22b,3895134,368,30.05847991402743,1032803432,2770536300,2771180100,1781213937101-0
s2sf12j2_redis_rep2_20260611_223851,redis,s2sf12j2_redis_rep2_20260611_223851,8948643b-6692-4135-922f-5d8da3218a49,3895134,368,30.05847991402743,1032803432,2771334500,2771826400,1781213937102-0
s2sf12j2_redis_rep2_20260611_223851,redis,s2sf12j2_redis_rep2_20260611_223851,9b1b6a91-9074-4e6b-afbe-bb2972ea26e6,3895052,368,29.710901368728702,1029906944,2771947700,2772560700,1781213937103-0
s2sf12j2_redis_rep2_20260611_223851,redis,s2sf12j2_redis_rep2_20260611_223851,5eb7c87e-b040-4122-89a4-8e5c755f3000,3895052,368,29.710901368728702,1029906944,2772700900,2773333300,1781213937104-0
s2sf12j2_redis_rep2_20260611_223851,redis,s2sf12j2_redis_rep2_20260611_223851,0eaa22f8-78fb-4e26-b068-64a2f91ad649,3895113,368,29.205312483689127,1025693704,2773486800,2774117900,1781213937104-1
s2sf12j2_redis_rep2_20260611_223851,redis,s2sf12j2_redis_rep2_20260611_223851,d01804e0-7a01-4f45-b5af-c379d27bd346,3895095,369,31.64209919108977,1046000259,2774237500,2774799300,1781213937105-0
s2sf12j2_redis_rep2_20260611_223851,redis,s2sf12j2_redis_rep2_20260611_223851,b709a327-28ff-4614-9d18-f2442ad7f53c,3895095,369,31.64209919108977,1046000259,2774916000,2775488600,1781213937106-0
s2sf12j2_redis_rep2_20260611_223851,redis,s2sf12j2_redis_rep2_20260611_223851,62112ae9-9ee5-4686-bf54-53ebb4743c91,3895121,369,30.43841307476514,1035969542,2775605100,2776170500,1781213937106-1
s2sf12j2_redis_rep2_20260611_223851,redis,s2sf12j2_redis_rep2_20260611_223851,1f27409b-0a6d-4107-8ab5-82c6a18e52e3,3895121,369,30.43841307476514,1035969542,2776290200,2776973900,1781213937107-0
s2sf12j2_redis_rep2_20260611_223851,redis,s2sf12j2_redis_rep2_20260611_223851,e02e9d6a-4918-4c04-8e0a-195785fda561,3895052,369,29.794234702062035,1030601389,2777088300,2777537800,1781213937108-0
s2sf12j2_redis_rep2_20260611_223851,redis,s2sf12j2_redis_rep2_20260611_223851,bce128c2-63ca-463b-811c-cdfd5182984b,3895052,369,29.794234702062035,1030601389,2777640200,2778172900,1781213937108-1
s2sf12j2_redis_rep2_20260611_223851,redis,s2sf12j2_redis_rep2_20260611_223851,fe72babe-e86a-4794-bbe4-f35c4d1e6349,3895095,370,31.7254325244231,1046694704,2778275400,2778722700,1781213937109-0
s2sf12j2_redis_rep2_20260611_223851,redis,s2sf12j2_redis_rep2_20260611_223851,3bd1382b-ec25-44b9-bba4-68f65f38e751,3895095,370,31.7254325244231,1046694704,2778827900,2779372600,1781213937110-0
s2sf12j2_redis_rep2_20260611_223851,redis,s2sf12j2_redis_rep2_20260611_223851,204e574d-34db-40d4-94fa-5cda08b23cbc,3895067,370,29.44323454489494,1027676387,2779474500,2779905500,1781213937110-1
s2sf12j2_redis_rep2_20260611_223851,redis,s2sf12j2_redis_rep2_20260611_223851,7d3ac006-672b-4312-95f9-cbc07e976f43,3895067,370,29.44323454489494,1027676387,2780001500,2780478500,1781213937111-0
s2sf12j2_redis_rep2_20260611_223851,redis,s2sf12j2_redis_rep2_20260611_223851,3c418e17-ce78-4e39-be5a-9d5f2124d399,3895134,370,30.22514658069409,1034192321,2780635400,2781199300,1781213937111-1
s2sf12j2_redis_rep2_20260611_223851,redis,s2sf12j2_redis_rep2_20260611_223851,8306ea5b-2ee8-4812-b799-41913d44b2d0,3895052,370,29.877568035395367,1031295833,2781297900,2781821000,1781213937112-0
s2sf12j2_redis_rep2_20260611_223851,redis,s2sf12j2_redis_rep2_20260611_223851,b4c8f2ae-5d72-4df5-ab35-fb6455914eed,3895113,370,29.37197915035579,1027082592,2781923100,2782478800,1781213937113-0
s2sf12j2_redis_rep2_20260611_223851,redis,s2sf12j2_redis_rep2_20260611_223851,152aff8a-d807-4461-97c3-32865a36d63f,3895113,370,29.37197915035579,1027082592,2782613300,2783204100,1781213937113-1
s2sf12j2_redis_rep2_20260611_223851,redis,s2sf12j2_redis_rep2_20260611_223851,39feeba9-f657-4284-9a2e-72815b563c01,3895113,370,29.37197915035579,1027082592,2783318000,2783841200,1781213937114-0
s2sf12j2_redis_rep2_20260611_223851,redis,s2sf12j2_redis_rep2_20260611_223851,f1170d94-0863-46a8-8e12-8b316a98432b,3895095,371,31.808765857756438,1047389148,2783945700,2784508300,1781213937115-0
s2sf12j2_redis_rep2_20260611_223851,redis,s2sf12j2_redis_rep2_20260611_223851,7576cc35-66f1-4ce3-a65f-979215f77c67,3895121,371,30.60507974143181,1037358431,2784636600,2785357800,1781213937116-0
s2sf12j2_redis_rep2_20260611_223851,redis,s2sf12j2_redis_rep2_20260611_223851,84e9cd8e-063f-4f6c-ae7a-0f906056989b,3895107,371,29.92755125431503,1031712360,2785590100,2786152700,1781213937116-1
s2sf12j2_redis_rep2_20260611_223851,redis,s2sf12j2_redis_rep2_20260611_223851,d76eb5df-841c-4e79-9020-b73bf863e897,3895052,371,29.960901368728702,1031990278,2786307200,2786883100,1781213937117-0
s2sf12j2_redis_rep2_20260611_223851,redis,s2sf12j2_redis_rep2_20260611_223851,3efdf119-7c67-4366-a2cf-4e54a24f96f8,3895052,371,29.960901368728702,1031990278,2787013100,2787606200,1781213937118-0
s2sf12j2_redis_rep2_20260611_223851,redis,s2sf12j2_redis_rep2_20260611_223851,0483472e-cd7e-4e5a-8f1a-dc09b74ce21f,3895113,371,29.455312483689127,1027777037,2787734800,2788488400,1781213937119-0
s2sf12j2_redis_rep2_20260611_223851,redis,s2sf12j2_redis_rep2_20260611_223851,3be85e6c-5fe5-4dfc-926a-90e392d0a086,3895121,372,30.68841307476514,1038052875,2788593800,2789159400,1781213937119-1
s2sf12j2_redis_rep2_20260611_223851,redis,s2sf12j2_redis_rep2_20260611_223851,7d3b7788-c771-449e-ad3a-12360e46a4c4,3895121,372,30.68841307476514,1038052875,2789263000,2789842900,1781213937120-0
s2sf12j2_redis_rep2_20260611_223851,redis,s2sf12j2_redis_rep2_20260611_223851,c8e696c5-b876-4ccd-917f-129521836d12,3895134,372,30.39181324736076,1035581210,2789945300,2790448700,1781213937121-0
s2sf12j2_redis_rep2_20260611_223851,redis,s2sf12j2_redis_rep2_20260611_223851,a432244a-6ede-4833-90cc-620689485588,3895107,373,30.09421792098169,1033101249,2790552500,2791114500,1781213937121-1
s2sf12j2_redis_rep2_20260611_223851,redis,s2sf12j2_redis_rep2_20260611_223851,27e18532-359f-4d29-9b28-7df1a5a5619d,3895107,373,30.09421792098169,1033101249,2791218900,2791710900,1781213937122-0
s2sf12j2_redis_rep2_20260611_223851,redis,s2sf12j2_redis_rep2_20260611_223851,9787df06-a760-4a42-8107-9ec47dac2ad1,3895067,373,29.69323454489494,1029759721,2791806000,2792299800,1781213937123-0
s2sf12j2_redis_rep2_20260611_223851,redis,s2sf12j2_redis_rep2_20260611_223851,ae766697-ad65-49b6-bae1-5920f12dc43f,3895086,373,30.746937795637397,1038540581,2792393500,2792943700,1781213937123-1
s2sf12j2_redis_rep2_20260611_223851,redis,s2sf12j2_redis_rep2_20260611_223851,575ff48f-f5c0-4ec6-b255-f2975970d0ea,3895113,373,29.62197915035579,1029165926,2793033200,2793614000,1781213937124-0
s2sf12j2_redis_rep2_20260611_223851,redis,s2sf12j2_redis_rep2_20260611_223851,e9de532e-6005-45b0-8aef-bb9bb28912b0,3895113,373,29.62197915035579,1029165926,2793703100,2794177500,1781213937124-1
s2sf12j2_redis_rep2_20260611_223851,redis,s2sf12j2_redis_rep2_20260611_223851,0c5aa890-9827-4b09-9ebb-27c2ca83205c,3895107,374,30.17755125431503,1033795693,2794259900,2794784100,1781213937125-0
s2sf12j2_redis_rep2_20260611_223851,redis,s2sf12j2_redis_rep2_20260611_223851,33681808-32b7-47da-88fa-7434628fa1a2,3895086,374,30.83027112897073,1039235026,2794873100,2795356000,1781213937126-0
s2sf12j2_redis_rep2_20260611_223851,redis,s2sf12j2_redis_rep2_20260611_223851,b78a3204-6ab6-4642-9eb6-2bc2e4bf9a73,3895052,374,30.210901368728702,1034073611,2795436600,2795931500,1781213937126-1
s2sf12j2_redis_rep2_20260611_223851,redis,s2sf12j2_redis_rep2_20260611_223851,5c23e675-6816-462e-acb2-711fe091e3da,3895086,374,30.83027112897073,1039235026,2796012300,2796662500,1781213937127-0
s2sf12j2_redis_rep2_20260611_223851,redis,s2sf12j2_redis_rep2_20260611_223851,6c1d23ce-be9b-4866-bccb-854ee532fb3d,3895067,375,29.859901211561606,1031148610,2796802900,2797377400,1781213937128-0
s2sf12j2_redis_rep2_20260611_223851,redis,s2sf12j2_redis_rep2_20260611_223851,061c3913-067e-4698-b63c-f66a3c8c64ee,3895107,375,30.260884587648363,1034490138,2797464300,2798074900,1781213937128-1
s2sf12j2_redis_rep2_20260611_223851,redis,s2sf12j2_redis_rep2_20260611_223851,568eb077-cf97-494c-af52-59ba9164402d,3895067,375,29.859901211561606,1031148610,2798165700,2798688000,1781213937129-0
s2sf12j2_redis_rep2_20260611_223851,redis,s2sf12j2_redis_rep2_20260611_223851,ba0a37e4-b38f-4e81-8a4f-98e71b0bc5e7,3895107,375,30.260884587648363,1034490138,2798772900,2799229900,1781213937129-1
s2sf12j2_redis_rep2_20260611_223851,redis,s2sf12j2_redis_rep2_20260611_223851,6ca3928a-82e7-4b03-9076-67c1e61bb075,3895067,375,29.859901211561606,1031148610,2799349400,2799911200,1781213937130-0
s2sf12j2_redis_rep2_20260611_223851,redis,s2sf12j2_redis_rep2_20260611_223851,d55c297a-ef77-40d2-bdef-fe4c2d5ff8f5,3895052,375,30.294234702062035,1034768055,2800038100,2800657800,1781213937131-0
s2sf12j2_redis_rep2_20260611_223851,redis,s2sf12j2_redis_rep2_20260611_223851,d094bab6-9af3-4019-b796-acb694feee23,3895086,375,30.91360446230406,1039929470,2800743900,2801204500,1781213937132-0
s2sf12j2_redis_rep2_20260611_223851,redis,s2sf12j2_redis_rep2_20260611_223851,ee06c457-f476-4846-8968-0649e3b5dd0f,3895052,375,30.294234702062035,1034768055,2801297100,2801751700,1781213937132-1
s2sf12j2_redis_rep2_20260611_223851,redis,s2sf12j2_redis_rep2_20260611_223851,9437504d-c0a0-474b-9e44-feea20992a62,3895121,376,31.021746408098476,1040830653,2801854600,2802389400,1781213937133-0
s2sf12j2_redis_rep2_20260611_223851,redis,s2sf12j2_redis_rep2_20260611_223851,c18ac918-c617-4f00-b87c-403624147fb8,3895107,376,30.34421792098169,1035184582,2802476800,2802948500,1781213937133-1
s2sf12j2_redis_rep2_20260611_223851,redis,s2sf12j2_redis_rep2_20260611_223851,65b895ef-96be-4ad6-b00e-076d20c564ce,3895067,376,29.94323454489494,1031843054,2803029000,2803517700,1781213937134-0
s2sf12j2_redis_rep2_20260611_223851,redis,s2sf12j2_redis_rep2_20260611_223851,d7078048-5cc3-461c-bcd6-06760fa990ab,3895107,376,30.34421792098169,1035184582,2803595200,2804058300,1781213937134-1
s2sf12j2_redis_rep2_20260611_223851,redis,s2sf12j2_redis_rep2_20260611_223851,442ecd9b-b058-493d-a185-adba5be4b1ed,3895086,376,30.996937795637397,1040623914,2804133900,2804774900,1781213937135-0
s2sf12j2_redis_rep2_20260611_223851,redis,s2sf12j2_redis_rep2_20260611_223851,32d454a5-ba2d-49f5-a42b-7b2806ca8e6b,3895052,376,30.377568035395367,1035462500,2804858300,2805403700,1781213937136-0
s2sf12j2_redis_rep2_20260611_223851,redis,s2sf12j2_redis_rep2_20260611_223851,e1f28eb5-3ef3-4c6c-a752-eb0a280e3a24,3895086,376,30.996937795637397,1040623914,2805519800,2806189500,1781213937136-1
s2sf12j2_redis_rep2_20260611_223851,redis,s2sf12j2_redis_rep2_20260611_223851,6681da7c-cc5c-41c1-b23d-fc62cceccbc2,3895052,376,30.377568035395367,1035462500,2806273800,2806822400,1781213937137-0
s2sf12j2_redis_rep2_20260611_223851,redis,s2sf12j2_redis_rep2_20260611_223851,fa1927b2-339a-4ef8-8b6a-2f5de1f71daf,3895113,376,29.87197915035579,1031249259,2806908600,2807361400,1781213937138-0
s2sf12j2_redis_rep2_20260611_223851,redis,s2sf12j2_redis_rep2_20260611_223851,aabe6e96-8a94-4505-bd78-fe17b48ce9c6,3895121,377,31.10507974143181,1041525097,2807493400,2807935000,1781213937138-1
s2sf12j2_redis_rep2_20260611_223851,redis,s2sf12j2_redis_rep2_20260611_223851,230329e4-9e13-415a-820f-a078f323f452,3895121,377,31.10507974143181,1041525097,2808021900,2808564200,1781213937139-0
s2sf12j2_redis_rep2_20260611_223851,redis,s2sf12j2_redis_rep2_20260611_223851,d6e685f5-a088-489f-b6e9-9f471c09dde8,3895067,377,30.026567878228278,1032537498,2808647700,2809115500,1781213937139-1
s2sf12j2_redis_rep2_20260611_223851,redis,s2sf12j2_redis_rep2_20260611_223851,aaa94f43-a792-4f91-9db5-921f55154d90,3895107,377,30.42755125431503,1035879027,2809195400,2809689200,1781213937140-0
s2sf12j2_redis_rep2_20260611_223851,redis,s2sf12j2_redis_rep2_20260611_223851,7c6d7faf-6ac6-4e49-bdff-6026e02b027a,3895067,377,30.026567878228278,1032537498,2809768000,2810307300,1781213937141-0
s2sf12j2_redis_rep2_20260611_223851,redis,s2sf12j2_redis_rep2_20260611_223851,8f89cecc-9842-4def-ac58-32cc319a3131,3895107,377,30.42755125431503,1035879027,2810389800,2810836700,1781213937141-1
s2sf12j2_redis_rep2_20260611_223851,redis,s2sf12j2_redis_rep2_20260611_223851,991c0af9-25d4-468d-a1a0-6f1b20f0b85e,3895086,377,31.08027112897073,1041318359,2810913900,2811377100,1781213937142-0
s2sf12j2_redis_rep2_20260611_223851,redis,s2sf12j2_redis_rep2_20260611_223851,3f7f838c-e47e-4d2e-93bc-549dc3dbc775,3895052,377,30.460901368728702,1036156944,2811453800,2811904100,1781213937142-1
s2sf12j2_redis_rep2_20260611_223851,redis,s2sf12j2_redis_rep2_20260611_223851,f3f77fb1-7eaf-432e-ba4b-b3bdff74804e,3895052,377,30.460901368728702,1036156944,2811978700,2812456500,1781213937143-0
s2sf12j2_redis_rep2_20260611_223851,redis,s2sf12j2_redis_rep2_20260611_223851,590098bb-37c4-4067-86ac-6d460256bd31,3895113,377,29.955312483689127,1031943704,2812535300,2813046500,1781213937143-1
s2sf12j2_redis_rep2_20260611_223851,redis,s2sf12j2_redis_rep2_20260611_223851,7d91748a-a8c0-4477-99bc-440edfb98b20,3895113,377,29.955312483689127,1031943704,2813123500,2813575300,1781213937144-0
s2sf12j2_redis_rep2_20260611_223851,redis,s2sf12j2_redis_rep2_20260611_223851,9a05f952-fad6-448f-962b-13792edab926,3895113,377,29.955312483689127,1031943704,2813650100,2814272000,1781213937144-1
s2sf12j2_redis_rep2_20260611_223851,redis,s2sf12j2_redis_rep2_20260611_223851,7448eaa1-612b-4cb4-b416-a38ea6981484,3895086,378,31.16360446230406,1042012803,2814355500,2814779100,1781213937145-0
s2sf12j2_redis_rep2_20260611_223851,redis,s2sf12j2_redis_rep2_20260611_223851,d0a1177b-9349-4efc-b4e7-78f18457f2fe,3895086,378,31.16360446230406,1042012803,2814856900,2815575300,1781213937146-0
s2sf12j2_redis_rep2_20260611_223851,redis,s2sf12j2_redis_rep2_20260611_223851,2519917b-2ff0-4fc2-b58e-8a3860da7a18,3895052,378,30.544234702062035,1036851389,2815699800,2816316200,1781213937147-0
s2sf12j2_redis_rep2_20260611_223851,redis,s2sf12j2_redis_rep2_20260611_223851,a2175056-51b9-40fc-b6b0-3161b7c9498c,3895086,378,31.16360446230406,1042012803,2816442000,2816995700,1781213937147-1
s2sf12j2_redis_rep2_20260611_223851,redis,s2sf12j2_redis_rep2_20260611_223851,4c982c50-0315-4cdb-b6ab-133d786710bc,3895052,378,30.544234702062035,1036851389,2817101500,2817651100,1781213937148-0
s2sf12j2_redis_rep2_20260611_223851,redis,s2sf12j2_redis_rep2_20260611_223851,d5d337e5-d809-4c24-8963-59a487ccf605,3895052,378,30.544234702062035,1036851389,2817750100,2818230200,1781213937149-0
s2sf12j2_redis_rep2_20260611_223851,redis,s2sf12j2_redis_rep2_20260611_223851,02330919-0123-4c31-bb82-dbf24e80b2fe,3895113,378,30.03864581702246,1032638148,2818311400,2818874000,1781213937149-1
s2sf12j2_redis_rep2_20260611_223851,redis,s2sf12j2_redis_rep2_20260611_223851,e56bd21d-9796-483c-91b0-82d30dfd5d8d,3895113,378,30.03864581702246,1032638148,2818962900,2819462600,1781213937150-0
s2sf12j2_redis_rep2_20260611_223851,redis,s2sf12j2_redis_rep2_20260611_223851,5899ac0e-8bcb-45bd-93e3-86b044273dce,3895121,379,31.271746408098476,1042913986,2819546000,2820044700,1781213937150-1
s2sf12j2_redis_rep2_20260611_223851,redis,s2sf12j2_redis_rep2_20260611_223851,7596e4ad-6504-4da3-9c61-e8c7fa6c7b0a,3895067,379,30.19323454489494,1033926387,2820127600,2820741400,1781213937151-0
s2sf12j2_redis_rep2_20260611_223851,redis,s2sf12j2_redis_rep2_20260611_223851,9686a8ab-7240-4d0f-8250-2753060324c8,3895107,379,30.59421792098169,1037267916,2820827300,2821239000,1781213937152-0
s2sf12j2_redis_rep2_20260611_223851,redis,s2sf12j2_redis_rep2_20260611_223851,b7791d0f-3499-4f4c-a33d-6836c0f911e0,3895086,379,31.246937795637397,1042707248,2821322500,2821763700,1781213937152-1
s2sf12j2_redis_rep2_20260611_223851,redis,s2sf12j2_redis_rep2_20260611_223851,24f1c999-2f56-4965-9d3d-35e233032adc,3895121,380,31.35507974143181,1043608431,2821843400,2822295600,1781213937153-0
s2sf12j2_redis_rep2_20260611_223851,redis,s2sf12j2_redis_rep2_20260611_223851,e3330d89-e532-4687-8931-3a3944d47df8,3895121,380,31.35507974143181,1043608431,2822375200,2822945500,1781213937153-1
s2sf12j2_redis_rep2_20260611_223851,redis,s2sf12j2_redis_rep2_20260611_223851,6b464c46-1236-4cf5-81d2-a4b23806f5c5,3895067,380,30.276567878228278,1034620832,2823039000,2823608700,1781213937154-0
s2sf12j2_redis_rep2_20260611_223851,redis,s2sf12j2_redis_rep2_20260611_223851,85df73b8-c6dd-46c7-a9bc-3865609e285c,3895107,380,30.67755125431503,1037962360,2823745400,2824288700,1781213937155-0
s2sf12j2_redis_rep2_20260611_223851,redis,s2sf12j2_redis_rep2_20260611_223851,b1365bce-58eb-4d21-8011-9d628879127e,3895067,380,30.276567878228278,1034620832,2824379900,2824813000,1781213937155-1
s2sf12j2_redis_rep2_20260611_223851,redis,s2sf12j2_redis_rep2_20260611_223851,779856e2-33da-4aff-91b8-9be497159f00,3895107,380,30.67755125431503,1037962360,2824931900,2825552200,1781213937156-0
s2sf12j2_redis_rep2_20260611_223851,redis,s2sf12j2_redis_rep2_20260611_223851,d6468d36-c2f2-45b8-b0a6-357efadab24a,3895086,380,31.33027112897073,1043401692,2825697500,2826300200,1781213937157-0
s2sf12j2_redis_rep2_20260611_223851,redis,s2sf12j2_redis_rep2_20260611_223851,b8e00e85-579c-4970-9759-fea3ab966db3,3895052,380,30.710901368728702,1038240278,2826408200,2827088600,1781213937157-1
s2sf12j2_redis_rep2_20260611_223851,redis,s2sf12j2_redis_rep2_20260611_223851,359a2c08-360b-4501-ad2f-1a2012bd0999,3895086,380,31.33027112897073,1043401692,2827198300,2828084200,1781213937158-0
s2sf12j2_redis_rep2_20260611_223851,redis,s2sf12j2_redis_rep2_20260611_223851,9a1a7780-275f-4921-9392-19bfe015d7c8,3895086,380,31.33027112897073,1043401692,2828192300,2828878200,1781213937159-0
s2sf12j2_redis_rep2_20260611_223851,redis,s2sf12j2_redis_rep2_20260611_223851,109eceab-23c5-4031-a8b4-ee687b8db372,3895086,380,31.33027112897073,1043401692,2829003000,2829670700,1781213937160-0
s2sf12j2_redis_rep2_20260611_223851,redis,s2sf12j2_redis_rep2_20260611_223851,8252e5c2-5564-4b4d-9b1c-789c1f432266,3895086,380,31.33027112897073,1043401692,2829765800,2830346600,1781213937161-0
s2sf12j2_redis_rep2_20260611_223851,redis,s2sf12j2_redis_rep2_20260611_223851,b637f60b-261b-4f76-9c73-11dd9ecb679c,3895086,380,31.33027112897073,1043401692,2830477900,2831019700,1781213937161-1
s2sf12j2_redis_rep2_20260611_223851,redis,s2sf12j2_redis_rep2_20260611_223851,86385026-af11-48d5-9b14-e73738435175,3895086,380,31.33027112897073,1043401692,2831115000,2831639200,1781213937162-0
s2sf12j2_redis_rep2_20260611_223851,redis,s2sf12j2_redis_rep2_20260611_223851,fe767c75-6544-41ed-b908-41181829a6de,3895113,380,30.205312483689127,1034027037,2831737100,2832270900,1781213937163-0
s2sf12j2_redis_rep2_20260611_223851,redis,s2sf12j2_redis_rep2_20260611_223851,789b47e3-c531-4a6d-946d-2f1f9d2b884c,3895121,381,31.43841307476514,1044302875,2832358900,2832818400,1781213937163-1
s2sf12j2_redis_rep2_20260611_223851,redis,s2sf12j2_redis_rep2_20260611_223851,bc32fc0f-eb52-421a-ab2e-ac7b606c85ea,3895067,381,30.359901211561606,1035315276,2832911900,2833321400,1781213937164-0
s2sf12j2_redis_rep2_20260611_223851,redis,s2sf12j2_redis_rep2_20260611_223851,8f4ba858-ef2e-4d50-a7a7-dd1970021b0e,3895107,381,30.760884587648363,1038656804,2833458700,2833983400,1781213937164-1
s2sf12j2_redis_rep2_20260611_223851,redis,s2sf12j2_redis_rep2_20260611_223851,b0c2b5d7-470f-45bd-9bd9-20049682c523,3895052,381,30.794234702062035,1038934722,2834084500,2834651900,1781213937165-0
s2sf12j2_redis_rep2_20260611_223851,redis,s2sf12j2_redis_rep2_20260611_223851,3eb22506-89d4-4230-96f4-0cc90241b0ef,3895052,381,30.794234702062035,1038934722,2834741900,2835220000,1781213937166-0
s2sf12j2_redis_rep2_20260611_223851,redis,s2sf12j2_redis_rep2_20260611_223851,9d569410-c32d-4ef8-abb5-bf329a7549ee,3895052,381,30.794234702062035,1038934722,2835308800,2835814700,1781213937166-1
s2sf12j2_redis_rep2_20260611_223851,redis,s2sf12j2_redis_rep2_20260611_223851,1d0e6433-63c4-4036-8f9e-1d35cd3112c9,3895086,381,31.41360446230406,1044096137,2835913900,2836506700,1781213937167-0
s2sf12j2_redis_rep2_20260611_223851,redis,s2sf12j2_redis_rep2_20260611_223851,6bfcc356-4a43-47bb-afa3-4f4a6d8e8335,3895113,381,30.28864581702246,1034721481,2836594400,2837160200,1781213937167-1
s2sf12j2_redis_rep2_20260611_223851,redis,s2sf12j2_redis_rep2_20260611_223851,dec15ef0-188b-4ef5-b99c-f007a3e7108f,3895113,381,30.28864581702246,1034721481,2837254100,2837876800,1781213937168-0
s2sf12j2_redis_rep2_20260611_223851,redis,s2sf12j2_redis_rep2_20260611_223851,80de728d-2acf-446e-8dbd-3dceca0d4358,3895113,381,30.28864581702246,1034721481,2837966700,2838454300,1781213937169-0
s2sf12j2_redis_rep2_20260611_223851,redis,s2sf12j2_redis_rep2_20260611_223851,abc116d6-2574-4059-8184-bb2816b5da18,3895121,382,31.521746408098476,1044997320,2838541000,2839073200,1781213937169-1
s2sf12j2_redis_rep2_20260611_223851,redis,s2sf12j2_redis_rep2_20260611_223851,b4509a2d-3999-4e18-a2d0-b16116243586,3895107,382,30.84421792098169,1039351249,2839155700,2839659100,1781213937170-0
s2sf12j2_redis_rep2_20260611_223851,redis,s2sf12j2_redis_rep2_20260611_223851,9479f33e-c3f7-4fbb-9fda-bf07a4973ec6,3895107,382,30.84421792098169,1039351249,2839741800,2840259300,1781213937171-0
s2sf12j2_redis_rep2_20260611_223851,redis,s2sf12j2_redis_rep2_20260611_223851,4aaa9c64-42b1-478f-8552-3f14a1caef3d,3895052,382,30.877568035395367,1039629166,2840343200,2840838800,1781213937171-1
s2sf12j2_redis_rep2_20260611_223851,redis,s2sf12j2_redis_rep2_20260611_223851,57c14534-6b1c-47a6-8cef-093f2f0b1959,3895086,382,31.496937795637397,1044790581,2840923300,2841431800,1781213937172-0
s2sf12j2_redis_rep2_20260611_223851,redis,s2sf12j2_redis_rep2_20260611_223851,6bd96cc5-01fb-495e-b8c0-65d4569b226d,3895121,383,31.60507974143181,1045691764,2841525300,2842028100,1781213937172-1
s2sf12j2_redis_rep2_20260611_223851,redis,s2sf12j2_redis_rep2_20260611_223851,30e632ae-c052-489d-bae6-df407b8ad4dc,3895121,383,31.60507974143181,1045691764,2842102000,2842600800,1781213937173-0
s2sf12j2_redis_rep2_20260611_223851,redis,s2sf12j2_redis_rep2_20260611_223851,62806dfc-9062-42c8-9fe6-0f5bd08f7636,3895107,383,30.92755125431503,1040045693,2842676900,2843209600,1781213937173-1
s2sf12j2_redis_rep2_20260611_223851,redis,s2sf12j2_redis_rep2_20260611_223851,8822e06a-c5f5-4306-aef8-2fef2318b77e,3895052,383,30.960901368728702,1040323611,2843283200,2843882000,1781213937174-0
s2sf12j2_redis_rep2_20260611_223851,redis,s2sf12j2_redis_rep2_20260611_223851,bc3e5394-92ad-4eb2-bcf9-454d8336659c,3895052,383,30.960901368728702,1040323611,2843990800,2844604000,1781213937175-0
s2sf12j2_redis_rep2_20260611_223851,redis,s2sf12j2_redis_rep2_20260611_223851,6e2e22f4-22db-4b95-970b-bf4b2e6b82d0,3895086,383,31.58027112897073,1045485026,2844723000,2845363900,1781213937176-0
s2sf12j2_redis_rep2_20260611_223851,redis,s2sf12j2_redis_rep2_20260611_223851,d7822cd2-fdac-450d-b3f2-283caa6bdf26,3895086,383,31.58027112897073,1045485026,2845463600,2846091600,1781213937176-1
s2sf12j2_redis_rep2_20260611_223851,redis,s2sf12j2_redis_rep2_20260611_223851,14a7b19f-e345-455f-befd-96115a6915de,3895113,383,30.455312483689127,1036110370,2846200500,2846760700,1781213937177-0
s2sf12j2_redis_rep2_20260611_223851,redis,s2sf12j2_redis_rep2_20260611_223851,d9fe49c7-cb84-47b9-9d26-fccdf7bba1a0,3895086,383,31.58027112897073,1045485026,2846857200,2847322500,1781213937178-0
s2sf12j2_redis_rep2_20260611_223851,redis,s2sf12j2_redis_rep2_20260611_223851,44617c92-4042-4afd-9202-dd98ef11fec0,3895113,383,30.455312483689127,1036110370,2847446700,2848001100,1781213937178-1
s2sf12j2_redis_rep2_20260611_223851,redis,s2sf12j2_redis_rep2_20260611_223851,0c9b10fe-6d4a-4c2b-b4ca-5b0fe6d7068c,3895086,383,31.58027112897073,1045485026,2848091200,2848592700,1781213937179-0
s2sf12j2_redis_rep2_20260611_223851,redis,s2sf12j2_redis_rep2_20260611_223851,592a7739-85c0-4889-861b-99c4c837ff10,3895086,383,31.58027112897073,1045485026,2848715200,2849239000,1781213937180-0
s2sf12j2_redis_rep2_20260611_223851,redis,s2sf12j2_redis_rep2_20260611_223851,98cd3e1a-bdbc-4452-801b-2be9fc5ab06b,3895086,383,31.58027112897073,1045485026,2849355000,2849878700,1781213937180-1
s2sf12j2_redis_rep2_20260611_223851,redis,s2sf12j2_redis_rep2_20260611_223851,b394cbaf-5f9a-4d18-9411-8d7cb7448c79,3895121,384,31.68841307476514,1046386208,2849995000,2850611100,1781213937181-0
s2sf12j2_redis_rep2_20260611_223851,redis,s2sf12j2_redis_rep2_20260611_223851,66dba0a8-2afe-4c4c-92ad-e1a6cd71fd03,3895067,384,30.609901211561606,1037398610,2850719800,2851355300,1781213937182-0
s2sf12j2_redis_rep2_20260611_223851,redis,s2sf12j2_redis_rep2_20260611_223851,a5226e29-3065-48df-b321-a36cac911c21,3895067,384,30.609901211561606,1037398610,2851433800,2851889800,1781213937182-1
s2sf12j2_redis_rep2_20260611_223851,redis,s2sf12j2_redis_rep2_20260611_223851,12e42bd5-320d-40e8-ad89-d42c0a1dae0a,3895107,384,31.010884587648363,1040740138,2851973100,2852357100,1781213937183-0
s2sf12j2_redis_rep2_20260611_223851,redis,s2sf12j2_redis_rep2_20260611_223851,6ccc1db9-5a31-4dea-910a-977754782773,3895107,384,31.010884587648363,1040740138,2852431500,2852949700,1781213937183-1
s2sf12j2_redis_rep2_20260611_223851,redis,s2sf12j2_redis_rep2_20260611_223851,2c83987b-bf65-401d-9e27-d9f54ba652ad,3895107,384,31.010884587648363,1040740138,2853029100,2853521900,1781213937184-0
s2sf12j2_redis_rep2_20260611_223851,redis,s2sf12j2_redis_rep2_20260611_223851,9e91c070-24d3-4fe7-949f-83e113f520ec,3895052,384,31.044234702062035,1041018055,2853599700,2854083400,1781213937184-1
s2sf12j2_redis_rep2_20260611_223851,redis,s2sf12j2_redis_rep2_20260611_223851,e4fc3ae0-4ab9-410d-94a0-32504edb24fd,3895052,384,31.044234702062035,1041018055,2854162500,2854630200,1781213937185-0
s2sf12j2_redis_rep2_20260611_223851,redis,s2sf12j2_redis_rep2_20260611_223851,49d4f100-098b-4654-82c5-780c8126e40b,3895121,385,31.77174640809848,1047080653,2854708400,2855197500,1781213937185-1
s2sf12j2_redis_rep2_20260611_223851,redis,s2sf12j2_redis_rep2_20260611_223851,9f35d52f-bd21-46a3-b4b5-6c4043b57c87,3895121,385,31.77174640809848,1047080653,2855280700,2855791900,1781213937186-0
s2sf12j2_redis_rep2_20260611_223851,redis,s2sf12j2_redis_rep2_20260611_223851,829aae74-41b8-4d04-9794-6e6620d40ca9,3895107,385,31.0942179209817,1041434582,2855870800,2856402500,1781213937187-0
s2sf12j2_redis_rep2_20260611_223851,redis,s2sf12j2_redis_rep2_20260611_223851,122ecdd6-a166-41d6-bce2-294162b4cd54,3895107,385,31.0942179209817,1041434582,2856479600,2856997100,1781213937187-1
s2sf12j2_redis_rep2_20260611_223851,redis,s2sf12j2_redis_rep2_20260611_223851,f050fb4b-4418-43cc-9c3d-94127b27624c,3895107,385,31.0942179209817,1041434582,2857112200,2857744400,1781213937188-0
s2sf12j2_redis_rep2_20260611_223851,redis,s2sf12j2_redis_rep2_20260611_223851,3570f419-5029-45ff-925c-ce5ec23dbb24,3895052,385,31.12756803539537,1041712500,2857851800,2858386800,1781213937189-0
s2sf12j2_redis_rep2_20260611_223851,redis,s2sf12j2_redis_rep2_20260611_223851,fc6ad4f7-4a80-4f85-864c-700a0efceee8,3895113,385,30.621979150355795,1037499259,2858465900,2859000500,1781213937189-1
s2sf12j2_redis_rep2_20260611_223851,redis,s2sf12j2_redis_rep2_20260611_223851,eab2cf06-4a07-4aa6-8b95-8a93cc0e3ac5,3895086,385,31.7469377956374,1046873914,2859159500,2859742500,1781213937190-0
s2sf12j2_redis_rep2_20260611_223851,redis,s2sf12j2_redis_rep2_20260611_223851,6c8c9f26-d33b-4bc0-b63c-8e3ea2ff8587,3895107,386,31.177551254315027,1042129027,2859819000,2860343200,1781213937191-0
s2sf12j2_redis_rep2_20260611_223851,redis,s2sf12j2_redis_rep2_20260611_223851,597c5d97-fb51-4886-a0ff-c5230090abbf,3895134,386,31.558479914027423,1045303432,2860434800,2860970100,1781213937191-1
s2sf12j2_redis_rep2_20260611_223851,redis,s2sf12j2_redis_rep2_20260611_223851,96400684-614d-4589-a40f-957378435605,3895134,386,31.558479914027423,1045303432,2861088300,2861699300,1781213937192-0
s2sf12j2_redis_rep2_20260611_223851,redis,s2sf12j2_redis_rep2_20260611_223851,d64a401e-b7ba-490e-8d7b-550d85b01524,3895052,386,31.2109013687287,1042406944,2861843400,2862389300,1781213937193-0
s2sf12j2_redis_rep2_20260611_223851,redis,s2sf12j2_redis_rep2_20260611_223851,00d33c4c-624c-45e1-959b-21ede95483f2,3895113,386,30.705312483689124,1038193704,2862497400,2862985600,1781213937193-1
s2sf12j2_redis_rep2_20260611_223851,redis,s2sf12j2_redis_rep2_20260611_223851,7d6fb5b2-01ba-4a33-a27e-4023ad29c37c,3895113,386,30.705312483689124,1038193704,2863092500,2863585700,1781213937194-0
s2sf12j2_redis_rep2_20260611_223851,redis,s2sf12j2_redis_rep2_20260611_223851,fe32e0d4-2a33-42f4-ba80-5b8cab554efa,3895113,386,30.705312483689124,1038193704,2863679400,2864143400,1781213937194-1
s2sf12j2_redis_rep2_20260611_223851,redis,s2sf12j2_redis_rep2_20260611_223851,d570893c-47a4-43a1-95f4-7b16543b9f2a,3895067,387,30.859901211561606,1039481943,2864232600,2864717000,1781213937195-0
s2sf12j2_redis_rep2_20260611_223851,redis,s2sf12j2_redis_rep2_20260611_223851,8249e17a-6fc6-4af8-8d8a-10ea80b0e22e,3895134,387,31.64181324736076,1045997877,2864803300,2865242900,1781213937196-0
s2sf12j2_redis_rep2_20260611_223851,redis,s2sf12j2_redis_rep2_20260611_223851,2154b166-8b00-45a6-b1bf-d8f805198128,3895052,387,31.294234702062035,1043101389,2865331400,2865784000,1781213937196-1
s2sf12j2_redis_rep2_20260611_223851,redis,s2sf12j2_redis_rep2_20260611_223851,cac05379-37e8-4c29-9857-deb1cd6a7e4e,3895052,387,31.294234702062035,1043101389,2865862400,2866355900,1781213937197-0
s2sf12j2_redis_rep2_20260611_223851,redis,s2sf12j2_redis_rep2_20260611_223851,bf419a09-0892-4eb4-9295-4c861317ce1a,3895086,387,31.91360446230406,1048262803,2866448800,2866934100,1781213937197-1
s2sf12j2_redis_rep2_20260611_223851,redis,s2sf12j2_redis_rep2_20260611_223851,43834af9-8068-404c-b7f9-bc4c08738a45,3895113,387,30.78864581702246,1038888148,2867048400,2867646300,1781213937198-0
s2sf12j2_redis_rep2_20260611_223851,redis,s2sf12j2_redis_rep2_20260611_223851,ced92bf1-3900-4565-bb11-5886a9deb43a,3895113,387,30.78864581702246,1038888148,2867720200,2868210300,1781213937198-1
s2sf12j2_redis_rep2_20260611_223851,redis,s2sf12j2_redis_rep2_20260611_223851,3743afc5-6da5-469d-8d4f-1b7132f4d1cb,3895113,387,30.78864581702246,1038888148,2868292600,2868816800,1781213937199-0
s2sf12j2_redis_rep2_20260611_223851,redis,s2sf12j2_redis_rep2_20260611_223851,855076b4-513b-4756-8d91-7e7fae34e22b,3895060,388,34.082702728353226,1066338622,2868897500,2869446500,1781213937200-0
s2sf12j2_redis_rep2_20260611_223851,redis,s2sf12j2_redis_rep2_20260611_223851,89c63012-2c91-4efa-85c1-ad21eccdfc66,3895067,388,30.943234544894946,1040176387,2869523800,2870053600,1781213937200-1
s2sf12j2_redis_rep2_20260611_223851,redis,s2sf12j2_redis_rep2_20260611_223851,576591a0-e6c0-44b4-ba76-924a1fa37440,3895067,388,30.943234544894946,1040176387,2870130500,2870652300,1781213937201-0
s2sf12j2_redis_rep2_20260611_223851,redis,s2sf12j2_redis_rep2_20260611_223851,8b0f70fb-18e8-4a18-a575-608dcd3153f9,3895052,388,31.37756803539537,1043795833,2870744700,2871264200,1781213937202-0
s2sf12j2_redis_rep2_20260611_223851,redis,s2sf12j2_redis_rep2_20260611_223851,1cdbf528-796c-47d9-bc87-2dc866f1541c,3895052,388,31.37756803539537,1043795833,2871355000,2871901800,1781213937202-1
s2sf12j2_redis_rep2_20260611_223851,redis,s2sf12j2_redis_rep2_20260611_223851,ae9184b1-0af1-4e9a-bf4c-7b5ddbcd5041,3895086,388,31.9969377956374,1048957248,2872013600,2872717200,1781213937203-0
s2sf12j2_redis_rep2_20260611_223851,redis,s2sf12j2_redis_rep2_20260611_223851,e6b67cf4-dc02-4efb-bf8c-9821f3aa96c7,3895086,388,31.9969377956374,1048957248,2872803900,2873249500,1781213937204-0
s2sf12j2_redis_rep2_20260611_223851,redis,s2sf12j2_redis_rep2_20260611_223851,a5f2e6a7-5bca-4a3b-8e50-ef5cd209b1d5,3895113,388,30.871979150355795,1039582592,2873324500,2873846800,1781213937204-1
s2sf12j2_redis_rep2_20260611_223851,redis,s2sf12j2_redis_rep2_20260611_223851,d8f71229-bb53-458c-8bd0-8a2a548e0a16,3895113,388,30.871979150355795,1039582592,2873920600,2874406600,1781213937205-0
s2sf12j2_redis_rep2_20260611_223851,redis,s2sf12j2_redis_rep2_20260611_223851,ed46d6ad-ab02-4265-a8f1-55d8cae1b7a8,3895113,388,30.871979150355795,1039582592,2874482500,2875087200,1781213937205-1
s2sf12j2_redis_rep2_20260611_223851,redis,s2sf12j2_redis_rep2_20260611_223851,29aa34c6-d899-4a5c-bf12-0ba3077d10c4,3895107,389,31.427551254315027,1044212360,2875161200,2875993200,1781213937206-0
s2sf12j2_redis_rep2_20260611_223851,redis,s2sf12j2_redis_rep2_20260611_223851,1be0feb6-7510-4191-b006-3e6b704e421a,3895134,389,31.808479914027423,1047386765,2876130200,2876841500,1781213937207-0
s2sf12j2_redis_rep2_20260611_223851,redis,s2sf12j2_redis_rep2_20260611_223851,5809628b-316e-401f-9cd3-c324cafcc6a0,3895134,389,31.808479914027423,1047386765,2877043700,2877702000,1781213937208-0
s2sf12j2_redis_rep2_20260611_223851,redis,s2sf12j2_redis_rep2_20260611_223851,f2775365-28f1-4f87-8552-f0fceb99d718,3895134,389,31.808479914027423,1047386765,2877811800,2878379600,1781213937209-0
s2sf12j2_redis_rep2_20260611_223851,redis,s2sf12j2_redis_rep2_20260611_223851,466eccdb-c941-4f75-aff1-2944b1a59e3d,3895052,389,31.4609013687287,1044490278,2878493500,2879157700,1781213937209-1
s2sf12j2_redis_rep2_20260611_223851,redis,s2sf12j2_redis_rep2_20260611_223851,3fa131e1-45d8-46a9-83a5-534566af8763,3895052,389,31.4609013687287,1044490278,2879278900,2879803300,1781213937210-0
s2sf12j2_redis_rep2_20260611_223851,redis,s2sf12j2_redis_rep2_20260611_223851,face3922-6f90-4a44-8993-bdc2ce7d7a0c,3895113,389,30.955312483689124,1040277037,2879940400,2880522000,1781213937211-0
s2sf12j2_redis_rep2_20260611_223851,redis,s2sf12j2_redis_rep2_20260611_223851,c7a75758-4957-42c9-9cd6-910ce7952557,3895113,389,30.955312483689124,1040277037,2880625700,2881147100,1781213937211-1
s2sf12j2_redis_rep2_20260611_223851,redis,s2sf12j2_redis_rep2_20260611_223851,98485b3f-72d1-4494-aded-d8c1d7b57be5,3895113,389,30.955312483689124,1040277037,2881254600,2881864700,1781213937212-0
s2sf12j2_redis_rep2_20260611_223851,redis,s2sf12j2_redis_rep2_20260611_223851,a8df0d7e-5406-4f17-8070-ea921609460f,3895113,389,30.955312483689124,1040277037,2881972800,2882587500,1781213937213-0
s2sf12j2_redis_rep2_20260611_223851,redis,s2sf12j2_redis_rep2_20260611_223851,ca25cfa9-39ed-419f-978e-737eb8321fba,3895060,390,34.24936939501989,1067727511,2882695600,2883227300,1781213937214-0
s2sf12j2_redis_rep2_20260611_223851,redis,s2sf12j2_redis_rep2_20260611_223851,5ebedaa7-4228-4dd1-bb2f-7b44914a3028,3895060,390,34.24936939501989,1067727511,2883331000,2883801700,1781213937214-1
s2sf12j2_redis_rep2_20260611_223851,redis,s2sf12j2_redis_rep2_20260611_223851,adc6b847-abc1-4e9e-a5a6-ad44f825f339,3895060,390,34.24936939501989,1067727511,2883897300,2884461100,1781213937215-0
s2sf12j2_redis_rep2_20260611_223851,redis,s2sf12j2_redis_rep2_20260611_223851,4a6a2c08-a9b8-43d7-b214-bbb473b55464,3895121,390,32.18841307476514,1050552875,2884561300,2885138600,1781213937215-1
s2sf12j2_redis_rep2_20260611_223851,redis,s2sf12j2_redis_rep2_20260611_223851,06dfe816-f41b-4691-85ac-5a1497f4e5d7,3895107,390,31.510884587648363,1044906804,2885268000,2885926200,1781213937216-0
s2sf12j2_redis_rep2_20260611_223851,redis,s2sf12j2_redis_rep2_20260611_223851,c605a570-c317-4bcd-a935-3aac355ff451,3895107,390,31.510884587648363,1044906804,2886098200,2886634400,1781213937217-0
s2sf12j2_redis_rep2_20260611_223851,redis,s2sf12j2_redis_rep2_20260611_223851,5a9615d0-3ce1-4bd1-a1cb-9225e36960cf,3895107,390,31.510884587648363,1044906804,2886730500,2887336500,1781213937218-0
s2sf12j2_redis_rep2_20260611_223851,redis,s2sf12j2_redis_rep2_20260611_223851,cd0b7eba-d989-4051-a319-8c15974e16e5,3895107,390,31.510884587648363,1044906804,2887450800,2887950900,1781213937218-1
s2sf12j2_redis_rep2_20260611_223851,redis,s2sf12j2_redis_rep2_20260611_223851,c2c67e7a-c0ba-487c-ad53-721769bd1366,3895107,390,31.510884587648363,1044906804,2888075300,2888649300,1781213937219-0
s2sf12j2_redis_rep2_20260611_223851,redis,s2sf12j2_redis_rep2_20260611_223851,0c16687b-8a31-4a7b-b921-629b596d9c0b,3895134,390,31.89181324736076,1048081210,2888743700,2889532400,1781213937220-0
s2sf12j2_redis_rep2_20260611_223851,redis,s2sf12j2_redis_rep2_20260611_223851,9cea225a-2bd2-4f90-a253-c82de6a2a277,3895086,390,32.16360446230406,1050346137,2889667100,2890281300,1781213937221-0
s2sf12j2_redis_rep2_20260611_223851,redis,s2sf12j2_redis_rep2_20260611_223851,f22266fd-345a-4d52-8390-69c13ff3df92,3895121,391,32.27174640809847,1051247320,2890376400,2890874000,1781213937221-1
s2sf12j2_redis_rep2_20260611_223851,redis,s2sf12j2_redis_rep2_20260611_223851,74af8288-7af8-4890-9b8f-7dfdadd3096b,3895121,391,32.27174640809847,1051247320,2890962200,2891438900,1781213937222-0
s2sf12j2_redis_rep2_20260611_223851,redis,s2sf12j2_redis_rep2_20260611_223851,ecfb9c44-43b4-4c53-b333-77fce2c87424,3895121,391,32.27174640809847,1051247320,2891543400,2892273800,1781213937222-1
s2sf12j2_redis_rep2_20260611_223851,redis,s2sf12j2_redis_rep2_20260611_223851,99b13928-880a-4f5f-91e8-55fed8c94697,3895067,391,31.193234544894946,1042259721,2892493500,2893336400,1781213937223-0
s2sf12j2_redis_rep2_20260611_223851,redis,s2sf12j2_redis_rep2_20260611_223851,cf1f3507-3298-4acb-b2fc-3dd68b5aad26,3895052,391,31.62756803539537,1045879166,2893634100,2894338400,1781213937225-0
s2sf12j2_redis_rep2_20260611_223851,redis,s2sf12j2_redis_rep2_20260611_223851,156dd670-c9e9-4baa-b62f-210633d22ef8,3895113,391,31.121979150355795,1041665926,2894505000,2895090100,1781213937225-1
s2sf12j2_redis_rep2_20260611_223851,redis,s2sf12j2_redis_rep2_20260611_223851,04544407-6d65-426c-beda-75a2272bae05,3895113,391,31.121979150355795,1041665926,2895207000,2895824400,1781213937226-0
s2sf12j2_redis_rep2_20260611_223851,redis,s2sf12j2_redis_rep2_20260611_223851,99802a02-f8eb-45b7-8163-542209fe37ba,3895060,392,34.416036061686555,1069116400,2895974700,2896592200,1781213937227-0
s2sf12j2_redis_rep2_20260611_223851,redis,s2sf12j2_redis_rep2_20260611_223851,8f745c57-d8d5-4a9f-a886-3419c3b7ba12,3895067,392,31.27656787822827,1042954165,2896699300,2897179500,1781213937227-1
s2sf12j2_redis_rep2_20260611_223851,redis,s2sf12j2_redis_rep2_20260611_223851,c785f8c2-9b40-4f83-ad99-64a28ce336a5,3895067,392,31.27656787822827,1042954165,2897315900,2897898600,1781213937228-0
s2sf12j2_redis_rep2_20260611_223851,redis,s2sf12j2_redis_rep2_20260611_223851,70a044a3-43de-4a36-9cad-c6b756635e1a,3895067,392,31.27656787822827,1042954165,2897994500,2898579100,1781213937229-0
s2sf12j2_redis_rep2_20260611_223851,redis,s2sf12j2_redis_rep2_20260611_223851,e57b0598-a6c7-47f9-ac4e-e877e1b5aae9,3895086,392,32.33027112897072,1051735026,2898681900,2899188800,1781213937229-1
s2sf12j2_redis_rep2_20260611_223851,redis,s2sf12j2_redis_rep2_20260611_223851,81180a03-2a2d-43d1-a344-632731073498,3895113,392,31.205312483689124,1042360370,2899282800,2899773800,1781213937230-0
s2sf12j2_redis_rep2_20260611_223851,redis,s2sf12j2_redis_rep2_20260611_223851,965eebf2-d755-4266-aea4-f63d4e8fb4c0,3895074,393,33.21442011198595,1059102934,2899863300,2900328800,1781213937231-0
s2sf12j2_redis_rep2_20260611_223851,redis,s2sf12j2_redis_rep2_20260611_223851,71771fbd-fbb7-4241-9a8f-22412a8c4f1e,3895067,393,31.359901211561606,1043648610,2900445500,2900917900,1781213937231-1
s2sf12j2_redis_rep2_20260611_223851,redis,s2sf12j2_redis_rep2_20260611_223851,7b38db38-233e-4b05-a520-94630ca5b7ef,3895067,393,31.359901211561606,1043648610,2901003700,2901583800,1781213937232-0
s2sf12j2_redis_rep2_20260611_223851,redis,s2sf12j2_redis_rep2_20260611_223851,3b25b250-2e85-47f0-8e03-1415a70d9b79,3895067,393,31.359901211561606,1043648610,2901664700,2902239000,1781213937232-1
s2sf12j2_redis_rep2_20260611_223851,redis,s2sf12j2_redis_rep2_20260611_223851,f16b7f89-76f5-40d3-91a0-24a1ef7fcb5f,3895067,393,31.359901211561606,1043648610,2902317300,2902830600,1781213937233-0
s2sf12j2_redis_rep2_20260611_223851,redis,s2sf12j2_redis_rep2_20260611_223851,ea6911ea-57bc-4377-83ee-cd2ff0785554,3895134,393,32.14181324736076,1050164543,2902911200,2903392100,1781213937234-0
s2sf12j2_redis_rep2_20260611_223851,redis,s2sf12j2_redis_rep2_20260611_223851,0e78543b-a433-434f-8af2-7633bb374aae,3895134,393,32.14181324736076,1050164543,2903472000,2903972700,1781213937234-1
s2sf12j2_redis_rep2_20260611_223851,redis,s2sf12j2_redis_rep2_20260611_223851,995d9ac5-8f9b-4cb1-8e08-a6d523581b89,3895134,393,32.14181324736076,1050164543,2904055300,2904711400,1781213937235-0
s2sf12j2_redis_rep2_20260611_223851,redis,s2sf12j2_redis_rep2_20260611_223851,08c3259d-c0ce-4c66-9aee-62de255259ae,3895052,393,31.794234702062035,1047268055,2904790600,2905314000,1781213937236-0
s2sf12j2_redis_rep2_20260611_223851,redis,s2sf12j2_redis_rep2_20260611_223851,e83fa094-3a61-44d6-91a1-934566d0a705,3895052,393,31.794234702062035,1047268055,2905399500,2905952500,1781213937236-1
s2sf12j2_redis_rep2_20260611_223851,redis,s2sf12j2_redis_rep2_20260611_223851,4b481aa6-01b0-43d8-b6d2-9c3747c607cc,3895086,393,32.41360446230406,1052429470,2906034000,2906615100,1781213937237-0
s2sf12j2_redis_rep2_20260611_223851,redis,s2sf12j2_redis_rep2_20260611_223851,af16f8d4-8c23-4448-9f47-b220ed27e58c,3895086,393,32.41360446230406,1052429470,2906707100,2907176500,1781213937237-1
s2sf12j2_redis_rep2_20260611_223851,redis,s2sf12j2_redis_rep2_20260611_223851,606feb67-4c77-4c55-966c-b4e03d37bf36,3895113,393,31.28864581702246,1043054815,2907261400,2907842300,1781213937238-0
s2sf12j2_redis_rep2_20260611_223851,redis,s2sf12j2_redis_rep2_20260611_223851,7530778b-6d23-40d8-a3d7-d8a9cb508770,3895113,393,31.28864581702246,1043054815,2907936100,2908381800,1781213937239-0
s2sf12j2_redis_rep2_20260611_223851,redis,s2sf12j2_redis_rep2_20260611_223851,8988d33c-96c5-4c37-b694-9f38d6adda38,3895113,393,31.28864581702246,1043054815,2908476000,2908994900,1781213937239-1
s2sf12j2_redis_rep2_20260611_223851,redis,s2sf12j2_redis_rep2_20260611_223851,59fd0264-a24b-45f6-90be-cc8881654cd7,3895060,394,34.582702728353226,1070505289,2909084500,2909632700,1781213937240-0
s2sf12j2_redis_rep2_20260611_223851,redis,s2sf12j2_redis_rep2_20260611_223851,8a0e2c23-dd3d-479f-9422-93a351b99f04,3895074,394,33.29775344531929,1059797378,2909715500,2910222100,1781213937240-1
s2sf12j2_redis_rep2_20260611_223851,redis,s2sf12j2_redis_rep2_20260611_223851,d7dcb70e-7560-429f-9a14-0fe22b9a0177,3895074,394,33.29775344531929,1059797378,2910302700,2910832500,1781213937241-0
s2sf12j2_redis_rep2_20260611_223851,redis,s2sf12j2_redis_rep2_20260611_223851,9984bc9b-2636-43a5-addf-166a3119b365,3895074,394,33.29775344531929,1059797378,2910910700,2911407900,1781213937242-0
s2sf12j2_redis_rep2_20260611_223851,redis,s2sf12j2_redis_rep2_20260611_223851,4fb0398f-7ba0-4be8-9b71-3b477e2658eb,3895074,394,33.29775344531929,1059797378,2911486000,2912100700,1781213937242-1
s2sf12j2_redis_rep2_20260611_223851,redis,s2sf12j2_redis_rep2_20260611_223851,5cb2e6b1-53e9-4034-bcfb-d36b13f62b4b,3895067,394,31.443234544894946,1044343054,2912178300,2912804600,1781213937243-0
s2sf12j2_redis_rep2_20260611_223851,redis,s2sf12j2_redis_rep2_20260611_223851,538b3ce6-4345-4a59-bfbe-5c2a8375a917,3895067,394,31.443234544894946,1044343054,2912894300,2913496000,1781213937244-0
s2sf12j2_redis_rep2_20260611_223851,redis,s2sf12j2_redis_rep2_20260611_223851,a14fe2cd-eb83-46ca-970d-37eeb6ba141f,3895067,394,31.443234544894946,1044343054,2913622200,2914186900,1781213937244-1
s2sf12j2_redis_rep2_20260611_223851,redis,s2sf12j2_redis_rep2_20260611_223851,135cce3a-70e2-48e3-adf8-43f2c4adee78,3895134,394,32.225146580694094,1050858988,2914279300,2914769800,1781213937245-0
s2sf12j2_redis_rep2_20260611_223851,redis,s2sf12j2_redis_rep2_20260611_223851,f8b5d10a-0456-4332-9da3-dcbe962f74bf,3895134,394,32.225146580694094,1050858988,2914902600,2915357800,1781213937246-0
s2sf12j2_redis_rep2_20260611_223851,redis,s2sf12j2_redis_rep2_20260611_223851,cbd19fb2-1303-4a76-a81e-b80bf03fe011,3895086,394,32.49693779563739,1053123914,2915452300,2915934200,1781213937246-1
s2sf12j2_redis_rep2_20260611_223851,redis,s2sf12j2_redis_rep2_20260611_223851,f6881f8d-2c17-49b2-b0d4-33427d87ef5c,3895113,394,31.371979150355795,1043749259,2916043700,2916450600,1781213937247-0
s2sf12j2_redis_rep2_20260611_223851,redis,s2sf12j2_redis_rep2_20260611_223851,6cee4a6c-88fa-4349-b524-334a8368ecd5,3895113,394,31.371979150355795,1043749259,2916542700,2917009500,1781213937247-1
s2sf12j2_redis_rep2_20260611_223851,redis,s2sf12j2_redis_rep2_20260611_223851,1dd3fe13-43ab-4c39-98f1-d9403db2353e,3895074,395,33.381086778652616,1060491823,2917095200,2917595000,1781213937248-0
s2sf12j2_redis_rep2_20260611_223851,redis,s2sf12j2_redis_rep2_20260611_223851,b1c14719-ff1d-4c2c-aed3-bbbf83b838f8,3895067,395,31.52656787822827,1045037498,2917690700,2918172900,1781213937248-1
s2sf12j2_redis_rep2_20260611_223851,redis,s2sf12j2_redis_rep2_20260611_223851,dfcb9333-6143-4f80-ba39-621cbedb0597,3895067,395,31.52656787822827,1045037498,2918286100,2918868200,1781213937249-0
s2sf12j2_redis_rep2_20260611_223851,redis,s2sf12j2_redis_rep2_20260611_223851,dc010f7d-c0d1-42ba-a88e-315dcbc075a7,3895086,395,32.58027112897072,1053818359,2918956200,2919557500,1781213937250-0
s2sf12j2_redis_rep2_20260611_223851,redis,s2sf12j2_redis_rep2_20260611_223851,ec3f69f7-c69b-44db-b573-3cde53fbd730,3895095,396,33.89209919108977,1064750259,2919663600,2920215900,1781213937250-1
s2sf12j2_redis_rep2_20260611_223851,redis,s2sf12j2_redis_rep2_20260611_223851,2c6a54f1-b280-4672-9ad7-cccacf2b8bb8,3895060,396,34.74936939501989,1071894178,2920312800,2920936800,1781213937251-0
s2sf12j2_redis_rep2_20260611_223851,redis,s2sf12j2_redis_rep2_20260611_223851,c50d721c-be65-4eda-bc7f-067bb1947653,3895060,396,34.74936939501989,1071894178,2921036900,2921608100,1781213937252-0
s2sf12j2_redis_rep2_20260611_223851,redis,s2sf12j2_redis_rep2_20260611_223851,f57745b2-2c27-4f2f-8cb3-f369b5d2484f,3895052,396,32.044234702062035,1049351389,2921708100,2922270100,1781213937253-0
s2sf12j2_redis_rep2_20260611_223851,redis,s2sf12j2_redis_rep2_20260611_223851,2c1397d2-8aa5-40f5-98c6-e6148ccbe8aa,3895086,396,32.66360446230406,1054512803,2922375900,2922961900,1781213937253-1
s2sf12j2_redis_rep2_20260611_223851,redis,s2sf12j2_redis_rep2_20260611_223851,b5ace099-c920-4ae8-944a-7f6b88515489,3895086,396,32.66360446230406,1054512803,2923088900,2923661600,1781213937254-0
s2sf12j2_redis_rep2_20260611_223851,redis,s2sf12j2_redis_rep2_20260611_223851,8be1f93d-cca7-4c97-8299-972dfe8ea383,3895086,396,32.66360446230406,1054512803,2923780600,2924315100,1781213937255-0
s2sf12j2_redis_rep2_20260611_223851,redis,s2sf12j2_redis_rep2_20260611_223851,0ee60138-b4a1-4c81-8673-5f829c14e56c,3895086,396,32.66360446230406,1054512803,2924420600,2924943300,1781213937255-1
s2sf12j2_redis_rep2_20260611_223851,redis,s2sf12j2_redis_rep2_20260611_223851,343d7db0-931b-4748-851f-27006a202cbb,3895113,396,31.53864581702246,1045138148,2925040700,2925552200,1781213937256-0
s2sf12j2_redis_rep2_20260611_223851,redis,s2sf12j2_redis_rep2_20260611_223851,515cfb63-2081-491b-a7c3-7dcd73641d39,3895113,396,31.53864581702246,1045138148,2925647000,2926231000,1781213937257-0
s2sf12j2_redis_rep2_20260611_223851,redis,s2sf12j2_redis_rep2_20260611_223851,119ca6ba-49bc-4d4f-a57c-7497f0f8b54b,3895113,396,31.53864581702246,1045138148,2926319300,2926822600,1781213937257-1
s2sf12j2_redis_rep2_20260611_223851,redis,s2sf12j2_redis_rep2_20260611_223851,f4c96189-c3e2-4491-9e97-bb2016985024,3895052,397,32.12756803539537,1050045833,2926943100,2927385400,1781213937258-0
s2sf12j2_redis_rep2_20260611_223851,redis,s2sf12j2_redis_rep2_20260611_223851,32d9fc40-b95c-4d4a-9574-8340ff444e67,3895052,397,32.12756803539537,1050045833,2927468400,2928075100,1781213937258-1
s2sf12j2_redis_rep2_20260611_223851,redis,s2sf12j2_redis_rep2_20260611_223851,20a73b74-427d-481b-a977-93197096c055,3895086,397,32.74693779563739,1055207248,2928181300,2928868300,1781213937259-0
s2sf12j2_redis_rep2_20260611_223851,redis,s2sf12j2_redis_rep2_20260611_223851,abfa9add-3515-4c1f-b8e2-cfd721c11038,3895086,397,32.74693779563739,1055207248,2928950400,2929706300,1781213937260-0
s2sf12j2_redis_rep2_20260611_223851,redis,s2sf12j2_redis_rep2_20260611_223851,ddf54fc4-f7d9-4b4a-a86f-7383cd65ba86,3895113,397,31.621979150355795,1045832592,2929828600,2930403100,1781213937261-0
s2sf12j2_redis_rep2_20260611_223851,redis,s2sf12j2_redis_rep2_20260611_223851,948b1c2e-4813-475c-98ca-bf65b0cfba10,3895095,398,34.058765857756434,1066139148,2930496800,2930983200,1781213937261-1
s2sf12j2_redis_rep2_20260611_223851,redis,s2sf12j2_redis_rep2_20260611_223851,df8c1d00-5a23-43ea-8c97-c2d64c2bb5dd,3895095,398,34.058765857756434,1066139148,2931068700,2931530200,1781213937262-0
s2sf12j2_redis_rep2_20260611_223851,redis,s2sf12j2_redis_rep2_20260611_223851,9281c676-2991-4438-a848-0ccfd62c9713,3895095,398,34.058765857756434,1066139148,2931616700,2932075800,1781213937262-1
s2sf12j2_redis_rep2_20260611_223851,redis,s2sf12j2_redis_rep2_20260611_223851,7f860392-a215-442d-a67e-4d294f09a4e2,3895060,398,34.916036061686555,1073283067,2932161000,2932632400,1781213937263-0
s2sf12j2_redis_rep2_20260611_223851,redis,s2sf12j2_redis_rep2_20260611_223851,9ced370b-38a8-4454-a1c2-6311bfe928f1,3895060,398,34.916036061686555,1073283067,2932748500,2933267200,1781213937263-1
s2sf12j2_redis_rep2_20260611_223851,redis,s2sf12j2_redis_rep2_20260611_223851,f1c25842-30f0-4443-99d9-b8a529e0aacb,3895134,398,32.55847991402742,1053636765,2933379400,2933830400,1781213937264-0
s2sf12j2_redis_rep2_20260611_223851,redis,s2sf12j2_redis_rep2_20260611_223851,f2b67d17-7a41-4ad5-a4e8-4a273d22ae16,3895052,398,32.2109013687287,1050740278,2933905600,2934504700,1781213937265-0
s2sf12j2_redis_rep2_20260611_223851,redis,s2sf12j2_redis_rep2_20260611_223851,abdf9f97-cb84-4f39-8a1f-ddf7d8ee4284,3895086,398,32.83027112897072,1055901692,2934587800,2935128900,1781213937265-1
s2sf12j2_redis_rep2_20260611_223851,redis,s2sf12j2_redis_rep2_20260611_223851,1283c691-c5df-4c07-8d13-7504482421f5,3895086,398,32.83027112897072,1055901692,2935214700,2935709300,1781213937266-0
s2sf12j2_redis_rep2_20260611_223851,redis,s2sf12j2_redis_rep2_20260611_223851,bbb3c276-5665-44e2-b52f-e71aefcf8e3a,3895113,398,31.705312483689124,1046527037,2935802800,2936258800,1781213937267-0
s2sf12j2_redis_rep2_20260611_223851,redis,s2sf12j2_redis_rep2_20260611_223851,93a04759-8e10-4a79-98df-d2fef09c6629,3895113,398,31.705312483689124,1046527037,2936339400,2936888800,1781213937267-1
s2sf12j2_redis_rep2_20260611_223851,redis,s2sf12j2_redis_rep2_20260611_223851,3f2f9851-45a7-4ebe-ad2a-78269daa75df,3895113,398,31.705312483689124,1046527037,2937002700,2937533300,1781213937268-0
s2sf12j2_redis_rep2_20260611_223851,redis,s2sf12j2_redis_rep2_20260611_223851,501f6ca5-6a86-4ce4-9cfc-f6e0187c9d55,3895113,398,31.705312483689124,1046527037,2937610200,2938115200,1781213937268-1
s2sf12j2_redis_rep2_20260611_223851,redis,s2sf12j2_redis_rep2_20260611_223851,07053e4c-e128-4431-96aa-0681e7f1d3c2,3895095,399,34.14209919108977,1066833593,2938270900,2938888700,1781213937269-0
s2sf12j2_redis_rep2_20260611_223851,redis,s2sf12j2_redis_rep2_20260611_223851,3c5d079f-7af2-4cb8-9202-a047b2ba45e1,3895095,399,34.14209919108977,1066833593,2939010800,2939566100,1781213937270-0
s2sf12j2_redis_rep2_20260611_223851,redis,s2sf12j2_redis_rep2_20260611_223851,e4ddc354-2d7a-45f1-8e30-f2030a95a5d4,3895095,399,34.14209919108977,1066833593,2939724400,2940225400,1781213937271-0
s2sf12j2_redis_rep2_20260611_223851,redis,s2sf12j2_redis_rep2_20260611_223851,ab3be832-0318-4cac-90ba-84998d6bae03,3895060,399,34.99936939501989,1073977511,2940336200,2940926800,1781213937271-1
s2sf12j2_redis_rep2_20260611_223851,redis,s2sf12j2_redis_rep2_20260611_223851,39796723-ae18-471d-82e7-83152b15fe67,3895134,399,32.64181324736076,1054331210,2941043300,2941573200,1781213937272-0
s2sf12j2_redis_rep2_20260611_223851,redis,s2sf12j2_redis_rep2_20260611_223851,69524811-4918-4785-923d-78184f785804,3895052,399,32.294234702062035,1051434722,2941668300,2942185100,1781213937272-1
s2sf12j2_redis_rep2_20260611_223851,redis,s2sf12j2_redis_rep2_20260611_223851,083f6173-25b6-441c-8b33-3415bb3fbd58,3895052,399,32.294234702062035,1051434722,2942276100,2942781100,1781213937273-0
s2sf12j2_redis_rep2_20260611_223851,redis,s2sf12j2_redis_rep2_20260611_223851,3b938f84-998e-4a6d-b5d2-be210f99c5bd,3895086,399,32.91360446230406,1056596137,2942874800,2943324400,1781213937274-0
s2sf12j2_redis_rep2_20260611_223851,redis,s2sf12j2_redis_rep2_20260611_223851,6f7be7ee-0d66-4d3e-bca1-fc751e66a6b9,3895086,399,32.91360446230406,1056596137,2943416600,2943983200,1781213937274-1
s2sf12j2_redis_rep2_20260611_223851,redis,s2sf12j2_redis_rep2_20260611_223851,5380a23f-506b-4881-85f6-72a110685a23,3895113,399,31.78864581702246,1047221481,2944074700,2944649200,1781213937275-0
s2sf12j2_redis_rep2_20260611_223851,redis,s2sf12j2_redis_rep2_20260611_223851,0c6aae5f-d6e7-4e3f-958d-ff741ef7213f,3895113,399,31.78864581702246,1047221481,2944766000,2945424100,1781213937276-0
s2sf12j2_redis_rep2_20260611_223851,redis,s2sf12j2_redis_rep2_20260611_223851,7982b5d9-4599-4b38-9351-c02f47d75634,3895113,399,31.78864581702246,1047221481,2945539600,2946187400,1781213937276-1
s2sf12j2_redis_rep2_20260611_223851,redis,s2sf12j2_redis_rep2_20260611_223851,88112df4-66e0-4a8a-8d7b-ea5419b04530,3895113,399,31.78864581702246,1047221481,2946277000,2946885800,1781213937277-0
s2sf12j2_redis_rep2_20260611_223851,redis,s2sf12j2_redis_rep2_20260611_223851,e182ad3e-5a33-4704-b958-75a7bac9b3a1,3895060,400,35.082702728353226,1074671956,2946968300,2947513400,1781213937278-0
s2sf12j2_redis_rep2_20260611_223851,redis,s2sf12j2_redis_rep2_20260611_223851,ef3078a5-3393-48b0-8afb-796cff80c5a0,3895060,400,35.082702728353226,1074671956,2947593900,2948115800,1781213937278-1
s2sf12j2_redis_rep2_20260611_223851,redis,s2sf12j2_redis_rep2_20260611_223851,474ab2df-3a03-4e71-b8ec-bbdf568286d7,3895060,400,35.082702728353226,1074671956,2948202200,2948785500,1781213937279-0
s2sf12j2_redis_rep2_20260611_223851,redis,s2sf12j2_redis_rep2_20260611_223851,eba2e6e8-636d-45f0-a8ce-0f0bd1d57411,3895052,400,32.37756803539537,1052129166,2948893900,2949530000,1781213937280-0
s2sf12j2_redis_rep2_20260611_223851,redis,s2sf12j2_redis_rep2_20260611_223851,41f9512b-ca4f-49d7-8b8d-4a8999004a4d,3895052,400,32.37756803539537,1052129166,2949659000,2950191000,1781213937280-1
s2sf12j2_redis_rep2_20260611_223851,redis,s2sf12j2_redis_rep2_20260611_223851,9eb51b15-3167-43e5-90ca-ca7b9be4372a,3895052,400,32.37756803539537,1052129166,2950301200,2950811000,1781213937281-0
s2sf12j2_redis_rep2_20260611_223851,redis,s2sf12j2_redis_rep2_20260611_223851,f044af23-bafc-40e0-a29a-ccb8a12270a2,3895113,400,31.871979150355795,1047915926,2950890500,2951385000,1781213937282-0
s2sf12j2_redis_rep2_20260611_223851,redis,s2sf12j2_redis_rep2_20260611_223851,52f12bc7-1f6f-4e45-bafd-d9a5aac3c720,3895113,400,31.871979150355795,1047915926,2951474100,2952028500,1781213937282-1
s2sf12j2_redis_rep2_20260611_223851,redis,s2sf12j2_redis_rep2_20260611_223851,2687b66f-9cee-4ec4-9576-3ff4bdcceb52,3895086,401,33.08027112897072,1057985026,2952111500,2952618100,1781213937283-0
s2sf12j2_redis_rep2_20260611_223851,redis,s2sf12j2_redis_rep2_20260611_223851,11f7ce84-24b4-475a-b143-83db518ce7d3,3895095,402,34.39209919108977,1068916926,2952699500,2953285400,1781213937284-0
s2sf12j2_redis_rep2_20260611_223851,redis,s2sf12j2_redis_rep2_20260611_223851,6997db3a-ca3c-43da-bca2-16b9a922f6d8,3895095,402,34.39209919108977,1068916926,2953382200,2954124200,1781213937284-1
s2sf12j2_redis_rep2_20260611_223851,redis,s2sf12j2_redis_rep2_20260611_223851,d2cfd8cf-c66c-4e29-9c67-b49258151b2a,3895095,402,34.39209919108977,1068916926,2954248700,2954748400,1781213937285-0
s2sf12j2_redis_rep2_20260611_223851,redis,s2sf12j2_redis_rep2_20260611_223851,059fd091-ff2b-4556-a70b-0e68acc6b0cf,3895052,402,32.544234702062035,1053518055,2954850000,2955378400,1781213937286-0
s2sf12j2_redis_rep2_20260611_223851,redis,s2sf12j2_redis_rep2_20260611_223851,22881a06-05be-4bf0-8518-2681eb9797a3,3895052,402,32.544234702062035,1053518055,2955483000,2956071800,1781213937286-1
s2sf12j2_redis_rep2_20260611_223851,redis,s2sf12j2_redis_rep2_20260611_223851,6088b9ad-bddd-45ba-8d07-3e78feb5654a,3895052,403,32.62756803539537,1054212500,2956198200,2956772300,1781213937287-0
s2sf12j2_redis_rep2_20260611_223851,redis,s2sf12j2_redis_rep2_20260611_223851,ec99ce1c-a4c8-4148-aa55-3bfe856b5836,3895086,403,33.24693779563739,1059373914,2956874200,2957354000,1781213937288-0
s2sf12j2_redis_rep2_20260611_223851,redis,s2sf12j2_redis_rep2_20260611_223851,fdf94033-542d-4292-95c2-cb787c750b62,3895086,403,33.24693779563739,1059373914,2957444300,2957884200,1781213937288-1
s2sf12j2_redis_rep2_20260611_223851,redis,s2sf12j2_redis_rep2_20260611_223851,4a816579-df56-4ce5-b878-8d40f203cb52,3895113,403,32.1219791503558,1049999259,2957977300,2958514900,1781213937289-0
s2sf12j2_redis_rep2_20260611_223851,redis,s2sf12j2_redis_rep2_20260611_223851,192e9df3-dac7-415f-8997-939d4d5b0f65,3895052,404,32.7109013687287,1054906944,2958640000,2959221400,1781213937290-0
s2sf12j2_redis_rep2_20260611_223851,redis,s2sf12j2_redis_rep2_20260611_223851,1bc603e2-bad1-46d7-8749-cc2556e31806,3895052,404,32.7109013687287,1054906944,2959314900,2959810600,1781213937290-1
s2sf12j2_redis_rep2_20260611_223851,redis,s2sf12j2_redis_rep2_20260611_223851,923738ee-fc49-4531-abda-89a58219a128,3895086,404,33.33027112897072,1060068359,2959897400,2960397400,1781213937291-0
s2sf12j2_redis_rep2_20260611_223851,redis,s2sf12j2_redis_rep2_20260611_223851,2ecae5af-88bb-4062-af1e-2d24dc92d5f0,3895052,405,32.794234702062035,1055601389,2960519300,2961175400,1781213937291-1
s2sf12j2_redis_rep2_20260611_223851,redis,s2sf12j2_redis_rep2_20260611_223851,1df1b344-254f-4242-bbff-259be52f2f9f,3895052,405,32.794234702062035,1055601389,2961289600,2961790600,1781213937292-0
s2sf12j2_redis_rep2_20260611_223851,redis,s2sf12j2_redis_rep2_20260611_223851,1402a0f6-df9a-4a15-a85b-50a0ee7f1aa1,3895086,405,33.41360446230406,1060762803,2961876800,2962392200,1781213937293-0
s2sf12j2_redis_rep2_20260611_223851,redis,s2sf12j2_redis_rep2_20260611_223851,f7cfe3a3-fa88-45b1-9e4a-ad8c92ba7d88,3895086,405,33.41360446230406,1060762803,2962542300,2963156400,1781213937293-1
s2sf12j2_redis_rep2_20260611_223851,redis,s2sf12j2_redis_rep2_20260611_223851,34634858-227c-475b-b5c0-af15cc75c55a,3895113,405,32.288645817022456,1051388148,2963243200,2963733400,1781213937294-0
s2sf12j2_redis_rep2_20260611_223851,redis,s2sf12j2_redis_rep2_20260611_223851,3b2bd1ac-8290-44b8-b954-ec2bab80ca29,3895113,405,32.288645817022456,1051388148,2963816200,2964500200,1781213937295-0
s2sf12j2_redis_rep2_20260611_223851,redis,s2sf12j2_redis_rep2_20260611_223851,da545246-60fd-4a0d-9d5d-5d3ca007b671,3895052,406,32.87756803539537,1056295833,2964609400,2965204800,1781213937295-1
s2sf12j2_redis_rep2_20260611_223851,redis,s2sf12j2_redis_rep2_20260611_223851,5ad79794-5352-47c6-ada3-96c1ef072a85,3895052,406,32.87756803539537,1056295833,2965283200,2965821200,1781213937296-0
s2sf12j2_redis_rep2_20260611_223851,redis,s2sf12j2_redis_rep2_20260611_223851,ea396394-e219-4728-a86d-bb5b1ee852d5,3895052,406,32.87756803539537,1056295833,2965928700,2966545000,1781213937297-0
s2sf12j2_redis_rep2_20260611_223851,redis,s2sf12j2_redis_rep2_20260611_223851,be47d88f-1996-48a0-8925-9f8edaa3ca68,3895086,406,33.49693779563739,1061457248,2966710400,2967268700,1781213937298-0
s2sf12j2_redis_rep2_20260611_223851,redis,s2sf12j2_redis_rep2_20260611_223851,9466e7b4-8e45-4458-a5de-965a57e52aa8,3895113,406,32.3719791503558,1052082592,2967365700,2967848300,1781213937298-1
s2sf12j2_redis_rep2_20260611_223851,redis,s2sf12j2_redis_rep2_20260611_223851,277885fb-01ce-483f-8d09-45be01ab9779,3895052,407,32.9609013687287,1056990278,2967930100,2968394300,1781213937299-0
s2sf12j2_redis_rep2_20260611_223851,redis,s2sf12j2_redis_rep2_20260611_223851,def9f373-446b-4c52-93fe-6dfd8eb38e67,3895052,407,32.9609013687287,1056990278,2968478200,2969086400,1781213937299-1
s2sf12j2_redis_rep2_20260611_223851,redis,s2sf12j2_redis_rep2_20260611_223851,8caecad9-5b7d-4c78-8088-c858e00b900d,3895052,407,32.9609013687287,1056990278,2969236300,2969903100,1781213937300-0
s2sf12j2_redis_rep2_20260611_223851,redis,s2sf12j2_redis_rep2_20260611_223851,937de409-0477-4d40-8549-5681da2d0fd4,3895086,407,33.58027112897072,1062151692,2970070600,2970651200,1781213937301-0
s2sf12j2_redis_rep2_20260611_223851,redis,s2sf12j2_redis_rep2_20260611_223851,0629b250-600d-423c-858d-2830bccad9ff,3895052,407,32.9609013687287,1056990278,2970756700,2971237000,1781213937302-0
s2sf12j2_redis_rep2_20260611_223851,redis,s2sf12j2_redis_rep2_20260611_223851,fe6a69dc-8631-4c8a-8b09-61f474215e37,3895086,407,33.58027112897072,1062151692,2971334900,2971810500,1781213937302-1
s2sf12j2_redis_rep2_20260611_223851,redis,s2sf12j2_redis_rep2_20260611_223851,32919933-6bb8-4faa-b18e-ad93184393bf,3895060,408,35.74936939501989,1080227511,2971904600,2972350700,1781213937303-0
s2sf12j2_redis_rep2_20260611_223851,redis,s2sf12j2_redis_rep2_20260611_223851,507db774-d073-4767-ab0a-dbac0356c04c,3895086,408,33.66360446230406,1062846137,2972444600,2972916300,1781213937303-1
s2sf12j2_redis_rep2_20260611_223851,redis,s2sf12j2_redis_rep2_20260611_223851,4d8f7de9-ba91-4892-a377-88cebd92d43b,3895086,408,33.66360446230406,1062846137,2973015200,2973572200,1781213937304-0
s2sf12j2_redis_rep2_20260611_223851,redis,s2sf12j2_redis_rep2_20260611_223851,45d54390-55ed-4ec7-9ed0-3ef10a22a272,3895086,408,33.66360446230406,1062846137,2973673700,2974174100,1781213937304-1
s2sf12j2_redis_rep2_20260611_223851,redis,s2sf12j2_redis_rep2_20260611_223851,c4dc179a-2949-41ca-8758-676ccc586d70,3895113,408,32.538645817022456,1053471481,2974270100,2974890400,1781213937305-0
s2sf12j2_redis_rep2_20260611_223851,redis,s2sf12j2_redis_rep2_20260611_223851,0dc483af-2a22-4957-bcfa-4206c244b3db,3895113,408,32.538645817022456,1053471481,2975015600,2975663500,1781213937306-0
s2sf12j2_redis_rep2_20260611_223851,redis,s2sf12j2_redis_rep2_20260611_223851,7a1cae44-d611-4898-8e6a-0e6ab7ad3571,3895052,409,33.12756803539537,1058379166,2975753500,2976295200,1781213937307-0
s2sf12j2_redis_rep2_20260611_223851,redis,s2sf12j2_redis_rep2_20260611_223851,91059f5d-e167-45b7-a8ea-df5f6428998b,3895086,409,33.74693779563739,1063540581,2976386900,2976929000,1781213937307-1
s2sf12j2_redis_rep2_20260611_223851,redis,s2sf12j2_redis_rep2_20260611_223851,2577a998-31d8-46a6-b78f-0bb1f75e62a6,3895086,409,33.74693779563739,1063540581,2977063700,2977601100,1781213937308-0
s2sf12j2_redis_rep2_20260611_223851,redis,s2sf12j2_redis_rep2_20260611_223851,296aac38-e333-4822-a17e-1cf241ca8a48,3895086,409,33.74693779563739,1063540581,2977694000,2978136400,1781213937308-1
s2sf12j2_redis_rep2_20260611_223851,redis,s2sf12j2_redis_rep2_20260611_223851,f80cc3e5-f190-499e-a88d-4db8d2eeb8b8,3895113,409,32.6219791503558,1054165926,2978224300,2978800500,1781213937309-0
s2sf12j2_redis_rep2_20260611_223851,redis,s2sf12j2_redis_rep2_20260611_223851,9e692d8d-e162-4e14-bd3b-822eb58cf8d7,3895060,410,35.916036061686555,1081616400,2978886600,2979623400,1781213937310-0
s2sf12j2_redis_rep2_20260611_223851,redis,s2sf12j2_redis_rep2_20260611_223851,f85e321f-816d-4b6c-8b0a-c051a766519e,3895060,410,35.916036061686555,1081616400,2979710200,2980194400,1781213937310-1
s2sf12j2_redis_rep2_20260611_223851,redis,s2sf12j2_redis_rep2_20260611_223851,35af85ca-d396-423b-a75f-c7315989a22d,3895052,410,33.2109013687287,1059073611,2980274300,2980854500,1781213937311-0
s2sf12j2_redis_rep2_20260611_223851,redis,s2sf12j2_redis_rep2_20260611_223851,32302554-dcc1-4615-b9b5-4186c5c1b65a,3895052,410,33.2109013687287,1059073611,2980979700,2981605200,1781213937312-0
s2sf12j2_redis_rep2_20260611_223851,redis,s2sf12j2_redis_rep2_20260611_223851,86a2b8f2-6c9e-46e1-9a0b-cd9c358f43c9,3895052,410,33.2109013687287,1059073611,2981714000,2982219300,1781213937312-1
s2sf12j2_redis_rep2_20260611_223851,redis,s2sf12j2_redis_rep2_20260611_223851,d8557160-f77d-4a4f-8d2a-dba2bae4f47b,3895086,410,33.83027112897072,1064235026,2982300600,2982831400,1781213937313-0
s2sf12j2_redis_rep2_20260611_223851,redis,s2sf12j2_redis_rep2_20260611_223851,f63cf3f3-4dcb-4f72-9c59-848dcb4c981a,3895060,411,35.99936939501989,1082310844,2982933200,2983462200,1781213937314-0
s2sf12j2_redis_rep2_20260611_223851,redis,s2sf12j2_redis_rep2_20260611_223851,b2b16ddc-9dbc-492c-9700-8dd09543424d,3895134,411,33.64181324736076,1062664543,2983556300,2984037400,1781213937314-1
s2sf12j2_redis_rep2_20260611_223851,redis,s2sf12j2_redis_rep2_20260611_223851,d808606f-b088-4c1c-be2c-97e3e1c127d4,3895113,411,32.788645817022456,1055554815,2984154100,2984705100,1781213937315-0
s2sf12j2_redis_rep2_20260611_223851,redis,s2sf12j2_redis_rep2_20260611_223851,5570ecf6-6ef2-4490-a64e-a26ae4565a05,3895113,411,32.788645817022456,1055554815,2984815700,2985349700,1781213937316-0
s2sf12j2_redis_rep2_20260611_223851,redis,s2sf12j2_redis_rep2_20260611_223851,cbfece8b-528d-48bb-a985-fd5e64780757,3895060,412,36.082702728353226,1083005289,2985477400,2986123600,1781213937316-1
s2sf12j2_redis_rep2_20260611_223851,redis,s2sf12j2_redis_rep2_20260611_223851,b0ca91fc-29bf-4b75-ab11-9b00df600132,3895107,412,33.3442179209817,1060184582,2986245200,2986853200,1781213937317-0
s2sf12j2_redis_rep2_20260611_223851,redis,s2sf12j2_redis_rep2_20260611_223851,f0fe5375-7028-4044-af07-74a9d95bc1e7,3895134,412,33.725146580694094,1063358988,2986982300,2987570000,1781213937318-0
s2sf12j2_redis_rep2_20260611_223851,redis,s2sf12j2_redis_rep2_20260611_223851,f1137b6b-87e8-4a2e-89f9-13eb6ec76570,3895134,412,33.725146580694094,1063358988,2987681600,2988265100,1781213937318-1
s2sf12j2_redis_rep2_20260611_223851,redis,s2sf12j2_redis_rep2_20260611_223851,049eb390-d5d2-43ac-babd-9bc5b3977429,3895134,412,33.725146580694094,1063358988,2988391100,2989150600,1781213937319-0
s2sf12j2_redis_rep2_20260611_223851,redis,s2sf12j2_redis_rep2_20260611_223851,9d177173-1ff5-49c7-85c1-9005c1cb85aa,3895052,412,33.37756803539537,1060462500,2989252000,2989838300,1781213937320-0
s2sf12j2_redis_rep2_20260611_223851,redis,s2sf12j2_redis_rep2_20260611_223851,536d3016-2a58-45a2-abe7-7510d2fe82c6,3895052,412,33.37756803539537,1060462500,2989945300,2990490100,1781213937321-0
s2sf12j2_redis_rep2_20260611_223851,redis,s2sf12j2_redis_rep2_20260611_223851,61eb9978-041a-4c5d-b84a-e83858aba17a,3895086,412,33.99693779563739,1065623914,2990581900,2991085200,1781213937321-1
s2sf12j2_redis_rep2_20260611_223851,redis,s2sf12j2_redis_rep2_20260611_223851,9c2bfa0e-c0d4-4914-8233-9b3fc007a35f,3895086,412,33.99693779563739,1065623914,2991174000,2991633600,1781213937322-0
s2sf12j2_redis_rep2_20260611_223851,redis,s2sf12j2_redis_rep2_20260611_223851,623277a1-75db-403a-92c9-c0afe097a0f3,3895060,413,36.16603606168656,1083699733,2991722600,2992178900,1781213937322-1
s2sf12j2_redis_rep2_20260611_223851,redis,s2sf12j2_redis_rep2_20260611_223851,3a8dfce1-23cb-4ebc-9475-506109bebf1c,3895060,413,36.16603606168656,1083699733,2992267200,2992915400,1781213937323-0
s2sf12j2_redis_rep2_20260611_223851,redis,s2sf12j2_redis_rep2_20260611_223851,e7efbe5c-3cff-4ea4-8ced-a3f2c2aa0ba3,3895060,413,36.16603606168656,1083699733,2993014400,2993776900,1781213937324-0
s2sf12j2_redis_rep2_20260611_223851,redis,s2sf12j2_redis_rep2_20260611_223851,c1326634-36dc-4bb6-9ed6-814ed105a095,3895134,413,33.80847991402742,1064053432,2993879000,2994407800,1781213937325-0
s2sf12j2_redis_rep2_20260611_223851,redis,s2sf12j2_redis_rep2_20260611_223851,bd65f10d-e0f0-4aa8-b643-123d11239e92,3895134,413,33.80847991402742,1064053432,2994560400,2995249500,1781213937326-0
s2sf12j2_redis_rep2_20260611_223851,redis,s2sf12j2_redis_rep2_20260611_223851,2e924e2e-9f8a-4c8b-8a00-68c186e8eaa9,3895134,413,33.80847991402742,1064053432,2995403000,2995986800,1781213937326-1
s2sf12j2_redis_rep2_20260611_223851,redis,s2sf12j2_redis_rep2_20260611_223851,44290f3c-3ec2-4fa9-b500-4e7a5186c44e,3895113,413,32.95531248368913,1056943704,2996084600,2996655600,1781213937327-0
s2sf12j2_redis_rep2_20260611_223851,redis,s2sf12j2_redis_rep2_20260611_223851,68e72920-b8ea-4477-80de-6b48608ab973,3895113,413,32.95531248368913,1056943704,2996785500,2997418500,1781213937328-0
s2sf12j2_redis_rep2_20260611_223851,redis,s2sf12j2_redis_rep2_20260611_223851,ff3547ec-2170-4976-8933-a4cb58199080,3895095,414,35.39209919108977,1077250259,2997546300,2998130100,1781213937328-1
s2sf12j2_redis_rep2_20260611_223851,redis,s2sf12j2_redis_rep2_20260611_223851,47e31b83-14fc-4b14-b1fe-b65017d691b0,3895060,414,36.24936939501989,1084394178,2998225800,2998853000,1781213937329-0
s2sf12j2_redis_rep2_20260611_223851,redis,s2sf12j2_redis_rep2_20260611_223851,949a886f-d69a-4509-9346-4e83b5bd4fcf,3895052,414,33.544234702062035,1061851389,2998943600,2999603000,1781213937330-0
s2sf12j2_redis_rep2_20260611_223851,redis,s2sf12j2_redis_rep2_20260611_223851,c736668c-4114-4f71-8581-04840b78fdfc,3895052,414,33.544234702062035,1061851389,2999769200,3000471200,1781213937331-0
s2sf12j2_redis_rep2_20260611_223851,redis,s2sf12j2_redis_rep2_20260611_223851,870f203a-1731-4591-8a35-35776163afba,3895052,414,33.544234702062035,1061851389,3000633800,3001257300,1781213937332-0
s2sf12j2_redis_rep2_20260611_223851,redis,s2sf12j2_redis_rep2_20260611_223851,d463709b-a7e4-4719-8e7c-f345637a5086,3895086,414,34.16360446230406,1067012803,3001428300,3002211800,1781213937332-1
s2sf12j2_redis_rep2_20260611_223851,redis,s2sf12j2_redis_rep2_20260611_223851,25532f19-4415-4291-b9b3-a4e73494a1f8,3895086,414,34.16360446230406,1067012803,3002402700,3003031000,1781213937333-0
s2sf12j2_redis_rep2_20260611_223851,redis,s2sf12j2_redis_rep2_20260611_223851,2f085a92-1363-4974-966b-dc892d14e8be,3895086,414,34.16360446230406,1067012803,3003176600,3003758000,1781213937334-0
s2sf12j2_redis_rep2_20260611_223851,redis,s2sf12j2_redis_rep2_20260611_223851,d8a02821-cb11-450b-9e91-1109a9f8f97a,3895086,414,34.16360446230406,1067012803,3003894000,3004423800,1781213937335-0
s2sf12j2_redis_rep2_20260611_223851,redis,s2sf12j2_redis_rep2_20260611_223851,8e99eef9-a763-462c-9e35-b3b54c78ba71,3895086,414,34.16360446230406,1067012803,3004557700,3005182000,1781213937335-1
s2sf12j2_redis_rep2_20260611_223851,redis,s2sf12j2_redis_rep2_20260611_223851,6812f850-269c-4d05-8b62-b71b943c402f,3895107,415,33.5942179209817,1062267916,3005311100,3005879700,1781213937336-0
s2sf12j2_redis_rep2_20260611_223851,redis,s2sf12j2_redis_rep2_20260611_223851,99ca80d7-67b1-4dd3-9ef6-984960943ae8,3895107,415,33.5942179209817,1062267916,3005987700,3006574900,1781213937337-0
s2sf12j2_redis_rep2_20260611_223851,redis,s2sf12j2_redis_rep2_20260611_223851,b75d8a21-2eb8-4647-a613-33815d403e6a,3895134,415,33.975146580694094,1065442321,3006694400,3007356100,1781213937338-0
s2sf12j2_redis_rep2_20260611_223851,redis,s2sf12j2_redis_rep2_20260611_223851,253dcb35-7257-46a0-a08b-249d8b51fbd9,3895134,415,33.975146580694094,1065442321,3007472800,3008161800,1781213937338-1
s2sf12j2_redis_rep2_20260611_223851,redis,s2sf12j2_redis_rep2_20260611_223851,379d9ace-6e36-4c40-817b-a6f32834f83e,3895052,415,33.62756803539537,1062545833,3008270900,3008708100,1781213937339-0
s2sf12j2_redis_rep2_20260611_223851,redis,s2sf12j2_redis_rep2_20260611_223851,6147588e-d8a3-4a36-ad8b-e69fcd874daa,3895052,415,33.62756803539537,1062545833,3008794200,3009613500,1781213937340-0
s2sf12j2_redis_rep2_20260611_223851,redis,s2sf12j2_redis_rep2_20260611_223851,beabc681-2cf8-475a-bb3c-00b7f3b7c2ae,3895052,415,33.62756803539537,1062545833,3009736700,3010291400,1781213937341-0
s2sf12j2_redis_rep2_20260611_223851,redis,s2sf12j2_redis_rep2_20260611_223851,0b4043ea-bec1-4b19-b6ab-d972a45b8598,3895086,415,34.24693779563739,1067707248,3010416100,3010956900,1781213937341-1
s2sf12j2_redis_rep2_20260611_223851,redis,s2sf12j2_redis_rep2_20260611_223851,21d2c8a0-b595-4272-9dfc-75e88c9941e1,3895086,415,34.24693779563739,1067707248,3011072600,3011599800,1781213937342-0
s2sf12j2_redis_rep2_20260611_223851,redis,s2sf12j2_redis_rep2_20260611_223851,0692e024-b42d-4dcf-bfc6-20a8aa424b12,3895113,415,33.1219791503558,1058332592,3011685400,3012168200,1781213937342-1
s2sf12j2_redis_rep2_20260611_223851,redis,s2sf12j2_redis_rep2_20260611_223851,b630e6ee-951f-40bf-91b7-f4e0be85557b,3895095,416,35.558765857756434,1078639148,3012248500,3012767400,1781213937343-0
s2sf12j2_redis_rep2_20260611_223851,redis,s2sf12j2_redis_rep2_20260611_223851,acbad204-8bb9-4133-bd15-3ca49cf3d0ff,3895095,416,35.558765857756434,1078639148,3012868400,3013526700,1781213937344-0
s2sf12j2_redis_rep2_20260611_223851,redis,s2sf12j2_redis_rep2_20260611_223851,77733bfd-5fe1-4fc9-9c9f-9196f8190a56,3895121,416,34.3550797414318,1068608431,3013651400,3014197400,1781213937344-1
s2sf12j2_redis_rep2_20260611_223851,redis,s2sf12j2_redis_rep2_20260611_223851,9bd4cae3-7820-4dd3-9240-d120514b0bc7,3895060,416,36.41603606168656,1085783067,3014313500,3015069100,1781213937345-0
s2sf12j2_redis_rep2_20260611_223851,redis,s2sf12j2_redis_rep2_20260611_223851,f8ca4154-43b3-48ed-b553-1cf184ec1038,3895060,416,36.41603606168656,1085783067,3015178300,3015742300,1781213937346-0
s2sf12j2_redis_rep2_20260611_223851,redis,s2sf12j2_redis_rep2_20260611_223851,b34b9ac5-3ae8-40ba-9a82-3869f19685e6,3895060,416,36.41603606168656,1085783067,3015882400,3016591600,1781213937347-0
s2sf12j2_redis_rep2_20260611_223851,redis,s2sf12j2_redis_rep2_20260611_223851,feec5db4-0f06-4355-8a54-70eb4f6b6dc3,3895060,416,36.41603606168656,1085783067,3016726900,3017475400,1781213937348-0
s2sf12j2_redis_rep2_20260611_223851,redis,s2sf12j2_redis_rep2_20260611_223851,65e1d14d-aa22-4c4c-b1ce-1537efd7439d,3895060,416,36.41603606168656,1085783067,3017666300,3018272100,1781213937349-0
s2sf12j2_redis_rep2_20260611_223851,redis,s2sf12j2_redis_rep2_20260611_223851,908f957e-04f1-48fb-8e99-287395ea1faa,3895052,416,33.7109013687287,1063240278,3018469700,3019266200,1781213937349-1
s2sf12j2_redis_rep2_20260611_223851,redis,s2sf12j2_redis_rep2_20260611_223851,a55fbea5-23f7-4ebe-b0a3-0317649ece33,3895052,416,33.7109013687287,1063240278,3019437200,3020102500,1781213937350-0
s2sf12j2_redis_rep2_20260611_223851,redis,s2sf12j2_redis_rep2_20260611_223851,fbe5b36f-ffec-4d50-a29c-b27c8ca90566,3895113,416,33.20531248368913,1059027037,3020279800,3020956900,1781213937351-0
s2sf12j2_redis_rep2_20260611_223851,redis,s2sf12j2_redis_rep2_20260611_223851,77203fc8-8554-443f-ad87-073950296d0f,3895113,416,33.20531248368913,1059027037,3021116400,3021689000,1781213937352-0
s2sf12j2_redis_rep2_20260611_223851,redis,s2sf12j2_redis_rep2_20260611_223851,bbda0fd5-ae9d-49a1-8b96-adbc5fb7e2de,3895113,416,33.20531248368913,1059027037,3021821500,3022381800,1781213937353-0
s2sf12j2_redis_rep2_20260611_223851,redis,s2sf12j2_redis_rep2_20260611_223851,f602af13-6e83-4f6c-9be4-43b87393fb88,3895095,417,35.64209919108977,1079333593,3022512100,3023048500,1781213937353-1
s2sf12j2_redis_rep2_20260611_223851,redis,s2sf12j2_redis_rep2_20260611_223851,c8a4f65e-de16-4a55-8fea-5000bb592df9,3895095,417,35.64209919108977,1079333593,3023189300,3023747200,1781213937354-0
s2sf12j2_redis_rep2_20260611_223851,redis,s2sf12j2_redis_rep2_20260611_223851,7c182b15-333f-4814-a1c6-d792e20b8ccc,3895121,417,34.43841307476514,1069302875,3023894500,3024446300,1781213937355-0
s2sf12j2_redis_rep2_20260611_223851,redis,s2sf12j2_redis_rep2_20260611_223851,5138cd1b-110a-4921-b1a7-c909e6d0595d,3895121,417,34.43841307476514,1069302875,3024560500,3025083200,1781213937355-1
s2sf12j2_redis_rep2_20260611_223851,redis,s2sf12j2_redis_rep2_20260611_223851,06b004be-3024-46a5-b7d6-bfde9decffc6,3895121,417,34.43841307476514,1069302875,3025204000,3025780700,1781213937356-0
s2sf12j2_redis_rep2_20260611_223851,redis,s2sf12j2_redis_rep2_20260611_223851,475f9dcb-bb4b-40c5-a86a-34371bdd6335,3895067,417,33.359901211561606,1060315276,3025927000,3026361100,1781213937357-0
s2sf12j2_redis_rep2_20260611_223851,redis,s2sf12j2_redis_rep2_20260611_223851,79751425-951b-446f-b337-7b354c42acaf,3895107,417,33.76088458764836,1063656804,3026545000,3027121900,1781213937357-1
s2sf12j2_redis_rep2_20260611_223851,redis,s2sf12j2_redis_rep2_20260611_223851,bee45a1b-7555-4637-bb99-33137194ec5a,3895107,417,33.76088458764836,1063656804,3027225900,3027722200,1781213937358-0
s2sf12j2_redis_rep2_20260611_223851,redis,s2sf12j2_redis_rep2_20260611_223851,257932ed-8347-4039-8c47-79fce70b8520,3895113,417,33.288645817022456,1059721481,3027805800,3028262700,1781213937359-0
s2sf12j2_redis_rep2_20260611_223851,redis,s2sf12j2_redis_rep2_20260611_223851,358ad0b5-866d-4ca3-a08d-9d5ff6090d45,3895113,417,33.288645817022456,1059721481,3028343500,3028810100,1781213937359-1
s2sf12j2_redis_rep2_20260611_223851,redis,s2sf12j2_redis_rep2_20260611_223851,47de5d62-d762-4704-9e04-0d1a9266c1d8,3895095,418,35.725432524423105,1080028037,3028918700,3029389200,1781213937360-0
s2sf12j2_redis_rep2_20260611_223851,redis,s2sf12j2_redis_rep2_20260611_223851,8f596fd2-0f57-4e26-a29e-c10996f42f74,3895067,418,33.44323454489494,1061009721,3029496000,3030023300,1781213937360-1
s2sf12j2_redis_rep2_20260611_223851,redis,s2sf12j2_redis_rep2_20260611_223851,55b6a5e4-4628-4e20-907f-615515236ec7,3895107,418,33.8442179209817,1064351249,3030110300,3030655800,1781213937361-0
s2sf12j2_redis_rep2_20260611_223851,redis,s2sf12j2_redis_rep2_20260611_223851,506ab386-496b-4e13-b497-02c06a45148a,3895107,418,33.8442179209817,1064351249,3030765500,3031265700,1781213937362-0
s2sf12j2_redis_rep2_20260611_223851,redis,s2sf12j2_redis_rep2_20260611_223851,7e115206-e835-4e32-8de9-0edc67fe7bf7,3895052,418,33.87756803539537,1064629166,3031392600,3031930200,1781213937362-1
s2sf12j2_redis_rep2_20260611_223851,redis,s2sf12j2_redis_rep2_20260611_223851,19832783-f5f6-41ce-ba88-d0b2b263d71f,3895113,418,33.3719791503558,1060415926,3032065300,3032655400,1781213937363-0
s2sf12j2_redis_rep2_20260611_223851,redis,s2sf12j2_redis_rep2_20260611_223851,77982580-78a9-484f-a647-0224cba818e8,3895095,419,35.808765857756434,1080722482,3032796000,3033467300,1781213937364-0
s2sf12j2_redis_rep2_20260611_223851,redis,s2sf12j2_redis_rep2_20260611_223851,b9184c86-7d6a-44d1-b147-574784daa4f5,3895095,419,35.808765857756434,1080722482,3033593100,3034115600,1781213937364-1
s2sf12j2_redis_rep2_20260611_223851,redis,s2sf12j2_redis_rep2_20260611_223851,efbc0cd9-0b72-41cc-a5ec-f62779fd6aca,3895052,419,33.9609013687287,1065323611,3034241500,3034718400,1781213937365-0
s2sf12j2_redis_rep2_20260611_223851,redis,s2sf12j2_redis_rep2_20260611_223851,3338f79f-b203-4dc7-83e2-98c37ca8e12f,3895052,419,33.9609013687287,1065323611,3034840600,3035443000,1781213937366-0
s2sf12j2_redis_rep2_20260611_223851,redis,s2sf12j2_redis_rep2_20260611_223851,b727a896-9cdc-4334-ab9b-9237d0b76848,3895067,420,33.609901211561606,1062398610,3035564500,3036066600,1781213937366-1
s2sf12j2_redis_rep2_20260611_223851,redis,s2sf12j2_redis_rep2_20260611_223851,d7db4f40-1535-4d73-a2f3-a27c78963c8b,3895113,420,33.538645817022456,1061804815,3036234400,3036900500,1781213937367-0
s2sf12j2_redis_rep2_20260611_223851,redis,s2sf12j2_redis_rep2_20260611_223851,015aa0ed-4f76-44fb-9aa5-208f77af020b,3895113,420,33.538645817022456,1061804815,3037020700,3037611800,1781213937368-0
s2sf12j2_redis_rep2_20260611_223851,redis,s2sf12j2_redis_rep2_20260611_223851,40cf82a5-f894-407d-927a-6998d56f06da,3895095,421,35.975432524423105,1082111371,3037733200,3038225300,1781213937369-0
s2sf12j2_redis_rep2_20260611_223851,redis,s2sf12j2_redis_rep2_20260611_223851,10b10ad8-6ae8-4988-83e9-bec12af31813,3895107,421,34.0942179209817,1066434582,3038341200,3039044500,1781213937369-1
s2sf12j2_redis_rep2_20260611_223851,redis,s2sf12j2_redis_rep2_20260611_223851,9877fe33-ba1b-4830-81d9-b393db345d2c,3895107,421,34.0942179209817,1066434582,3039198300,3039846200,1781213937370-0
s2sf12j2_redis_rep2_20260611_223851,redis,s2sf12j2_redis_rep2_20260611_223851,e6867187-7dcc-4683-b53d-39f1dbde94fa,3895107,421,34.0942179209817,1066434582,3039950300,3040407300,1781213937371-0
s2sf12j2_redis_rep2_20260611_223851,redis,s2sf12j2_redis_rep2_20260611_223851,f68b6b3e-82e4-4c96-a859-9bd2f822111b,3895113,421,33.6219791503558,1062499259,3040504800,3041231200,1781213937371-1
s2sf12j2_redis_rep2_20260611_223851,redis,s2sf12j2_redis_rep2_20260611_223851,ed40601f-a3a5-4d32-a87b-ff24e0302022,3895113,421,33.6219791503558,1062499259,3041325900,3041853600,1781213937372-0
s2sf12j2_redis_rep2_20260611_223851,redis,s2sf12j2_redis_rep2_20260611_223851,d4556014-5256-4e1e-9a08-39c118c98ca6,3895113,421,33.6219791503558,1062499259,3041947700,3042380800,1781213937373-0
s2sf12j2_redis_rep2_20260611_223851,redis,s2sf12j2_redis_rep2_20260611_223851,8529bde3-983c-4025-8ba6-848af3117801,3895095,422,36.058765857756434,1082805815,3042466600,3042908700,1781213937373-1
s2sf12j2_redis_rep2_20260611_223851,redis,s2sf12j2_redis_rep2_20260611_223851,5adeab2c-b652-4898-972d-0086e866cc09,3895095,422,36.058765857756434,1082805815,3043025000,3043461300,1781213937374-0
s2sf12j2_redis_rep2_20260611_223851,redis,s2sf12j2_redis_rep2_20260611_223851,87e4711a-1ca3-4370-8bb9-3a00caab8c51,3895067,422,33.77656787822827,1063787498,3043548200,3044162200,1781213937374-1
s2sf12j2_redis_rep2_20260611_223851,redis,s2sf12j2_redis_rep2_20260611_223851,b26a8a32-8c02-4a46-b785-68a3b34e4e67,3895067,422,33.77656787822827,1063787498,3044311200,3044868000,1781213937375-0
s2sf12j2_redis_rep2_20260611_223851,redis,s2sf12j2_redis_rep2_20260611_223851,e09f814d-e43c-42ee-882c-6d000acf6c73,3895067,422,33.77656787822827,1063787498,3045013700,3045785000,1781213937376-0
s2sf12j2_redis_rep2_20260611_223851,redis,s2sf12j2_redis_rep2_20260611_223851,c6a68a89-8e28-4787-8071-ee2238f7ec12,3895052,422,34.2109013687287,1067406944,3045936300,3046637400,1781213937377-0
s2sf12j2_redis_rep2_20260611_223851,redis,s2sf12j2_redis_rep2_20260611_223851,5d544481-3697-4ed7-a614-f9fb9c1edfb8,3895113,422,33.70531248368913,1063193704,3046743600,3047265000,1781213937378-0
s2sf12j2_redis_rep2_20260611_223851,redis,s2sf12j2_redis_rep2_20260611_223851,bca77d47-f9f8-4766-a34a-08c172eda3d0,3895095,423,36.14209919108977,1083500259,3047363800,3047832300,1781213937378-1
s2sf12j2_redis_rep2_20260611_223851,redis,s2sf12j2_redis_rep2_20260611_223851,7fc08a97-ce61-4425-a1eb-646252e6271c,3895052,423,34.294234702062035,1068101389,3047968200,3048495400,1781213937379-0
s2sf12j2_redis_rep2_20260611_223851,redis,s2sf12j2_redis_rep2_20260611_223851,84383b5d-c08c-4020-9b5e-aa636c93380a,3895052,423,34.294234702062035,1068101389,3048608300,3049070300,1781213937379-1
s2sf12j2_redis_rep2_20260611_223851,redis,s2sf12j2_redis_rep2_20260611_223851,f25310be-8808-45cf-857a-24465bb05552,3895095,424,36.22543252442311,1084194704,3049157100,3049678600,1781213937380-0
s2sf12j2_redis_rep2_20260611_223851,redis,s2sf12j2_redis_rep2_20260611_223851,fbb22634-7438-4151-b9b1-0b834c52ed57,3895095,424,36.22543252442311,1084194704,3049805000,3050384800,1781213937381-0
s2sf12j2_redis_rep2_20260611_223851,redis,s2sf12j2_redis_rep2_20260611_223851,c5a7dbce-13fb-43cc-9479-381d93382113,3895121,424,35.02174640809847,1074163986,3050505200,3051104800,1781213937381-1
s2sf12j2_redis_rep2_20260611_223851,redis,s2sf12j2_redis_rep2_20260611_223851,e002fe65-6625-4378-b5fd-1f8f4795d3ea,3895060,424,37.082702728353226,1091338622,3051213700,3051716800,1781213937382-0
s2sf12j2_redis_rep2_20260611_223851,redis,s2sf12j2_redis_rep2_20260611_223851,84c3bc58-acea-4433-a077-bb93b993e54b,3895067,424,33.94323454489494,1065176387,3051868500,3052381400,1781213937383-0
s2sf12j2_redis_rep2_20260611_223851,redis,s2sf12j2_redis_rep2_20260611_223851,1bf883fe-4aac-4e50-8ad4-b5911f1b9233,3895067,424,33.94323454489494,1065176387,3052474600,3053035200,1781213937383-1
s2sf12j2_redis_rep2_20260611_223851,redis,s2sf12j2_redis_rep2_20260611_223851,9285db92-2f24-4ad4-8435-b60db43df8ee,3895067,424,33.94323454489494,1065176387,3053176600,3053653600,1781213937384-0
s2sf12j2_redis_rep2_20260611_223851,redis,s2sf12j2_redis_rep2_20260611_223851,b12df8ae-5e7d-43a2-b8fc-04658119dd5f,3895107,424,34.3442179209817,1068517916,3053769100,3054274300,1781213937385-0
s2sf12j2_redis_rep2_20260611_223851,redis,s2sf12j2_redis_rep2_20260611_223851,6d8088a4-2f31-4bbd-a6f1-865d876a4f1b,3895107,424,34.3442179209817,1068517916,3054383500,3054913100,1781213937385-1
s2sf12j2_redis_rep2_20260611_223851,redis,s2sf12j2_redis_rep2_20260611_223851,e03b541a-0128-4a89-a779-ec9e04af45f2,3895095,425,36.308765857756434,1084889148,3055034100,3055561400,1781213937386-0
s2sf12j2_redis_rep2_20260611_223851,redis,s2sf12j2_redis_rep2_20260611_223851,d406f4e2-df35-4eab-9aaa-ccb6a52802ae,3895095,425,36.308765857756434,1084889148,3055674600,3056208100,1781213937386-1
s2sf12j2_redis_rep2_20260611_223851,redis,s2sf12j2_redis_rep2_20260611_223851,38bd0c04-893f-4c29-9619-699c2924da1c,3895060,425,37.16603606168656,1092033067,3056315500,3057094200,1781213937387-0
s2sf12j2_redis_rep2_20260611_223851,redis,s2sf12j2_redis_rep2_20260611_223851,fd39eb14-b6ea-432b-a902-c9553ce0bc59,3895067,425,34.02656787822827,1065870832,3057231100,3057936600,1781213937388-0
s2sf12j2_redis_rep2_20260611_223851,redis,s2sf12j2_redis_rep2_20260611_223851,57f01443-fba4-49b5-b44a-65824bf6fa3f,3895067,425,34.02656787822827,1065870832,3058041300,3058760700,1781213937389-0
s2sf12j2_redis_rep2_20260611_223851,redis,s2sf12j2_redis_rep2_20260611_223851,45e701be-e227-45fb-b099-b50b01715efa,3895113,425,33.95531248368913,1065277037,3058887600,3059434600,1781213937390-0
s2sf12j2_redis_rep2_20260611_223851,redis,s2sf12j2_redis_rep2_20260611_223851,ce661350-9ba1-4054-9861-89dbd8320148,3895095,426,36.39209919108977,1085583593,3059549700,3060170400,1781213937390-1
s2sf12j2_redis_rep2_20260611_223851,redis,s2sf12j2_redis_rep2_20260611_223851,177113c4-7f09-49b2-8275-501bbab8296b,3895121,426,35.18841307476514,1075552875,3060282000,3060871100,1781213937391-0
s2sf12j2_redis_rep2_20260611_223851,redis,s2sf12j2_redis_rep2_20260611_223851,8c0a0745-671c-4ff3-94a5-67e1588a7133,3895121,426,35.18841307476514,1075552875,3060971600,3061705100,1781213937392-0
s2sf12j2_redis_rep2_20260611_223851,redis,s2sf12j2_redis_rep2_20260611_223851,637250a5-80b7-442b-96f3-e6dd79f6435b,3895107,426,34.51088458764836,1069906804,3061832200,3062447300,1781213937393-0
s2sf12j2_redis_rep2_20260611_223851,redis,s2sf12j2_redis_rep2_20260611_223851,dd28b9b3-01c4-4d13-a89a-9d4dfa958bf0,3895107,426,34.51088458764836,1069906804,3062580800,3063138900,1781213937393-1
s2sf12j2_redis_rep2_20260611_223851,redis,s2sf12j2_redis_rep2_20260611_223851,3deee1c7-7081-4932-afe5-029c6365c89e,3895052,426,34.544234702062035,1070184722,3063268800,3063801800,1781213937394-0
s2sf12j2_redis_rep2_20260611_223851,redis,s2sf12j2_redis_rep2_20260611_223851,8ae6bdb2-c24b-4ed0-983c-e939993c6742,3895113,426,34.038645817022456,1065971481,3063915800,3064782800,1781213937395-0
s2sf12j2_redis_rep2_20260611_223851,redis,s2sf12j2_redis_rep2_20260611_223851,c92066a9-da65-499a-bd0a-e88faacd1e16,3895113,426,34.038645817022456,1065971481,3064905700,3065463400,1781213937396-0
s2sf12j2_redis_rep2_20260611_223851,redis,s2sf12j2_redis_rep2_20260611_223851,6edc63ff-2dda-4fc8-ba14-ae9912b3209e,3895113,426,34.038645817022456,1065971481,3065589400,3066161500,1781213937396-1
s2sf12j2_redis_rep2_20260611_223851,redis,s2sf12j2_redis_rep2_20260611_223851,db9d84fd-432f-4f42-b473-d4b609bf7918,3895095,427,36.47543252442311,1086278037,3066280900,3066872500,1781213937397-0
s2sf12j2_redis_rep2_20260611_223851,redis,s2sf12j2_redis_rep2_20260611_223851,fb60ad6e-542e-4749-a9be-645d710a0c12,3895095,427,36.47543252442311,1086278037,3066988200,3067591200,1781213937398-0
s2sf12j2_redis_rep2_20260611_223851,redis,s2sf12j2_redis_rep2_20260611_223851,48b2c580-fcfb-42ea-b767-e9832aa833dd,3895107,427,34.5942179209817,1070601249,3067700900,3068320900,1781213937399-0
s2sf12j2_redis_rep2_20260611_223851,redis,s2sf12j2_redis_rep2_20260611_223851,0a603bab-8f62-4b61-a69e-89540ece0633,3895052,427,34.62756803539537,1070879166,3068423900,3069014900,1781213937399-1
s2sf12j2_redis_rep2_20260611_223851,redis,s2sf12j2_redis_rep2_20260611_223851,2fa6a61d-2459-4a0f-b59f-4886fe4f5ea0,3895052,427,34.62756803539537,1070879166,3069165800,3069813300,1781213937400-0
s2sf12j2_redis_rep2_20260611_223851,redis,s2sf12j2_redis_rep2_20260611_223851,ea0c80fe-688f-4973-ace6-d2ce2684a1d8,3895095,428,36.558765857756434,1086972482,3069939100,3070561000,1781213937401-0
s2sf12j2_redis_rep2_20260611_223851,redis,s2sf12j2_redis_rep2_20260611_223851,4bb72644-890a-40bb-bcba-ce5cd5eed663,3895095,428,36.558765857756434,1086972482,3070680400,3071263600,1781213937402-0
s2sf12j2_redis_rep2_20260611_223851,redis,s2sf12j2_redis_rep2_20260611_223851,def67e64-947f-422a-853c-70648bdf0bfc,3895113,428,34.20531248368913,1067360370,3071425800,3072049800,1781213937402-1
s2sf12j2_redis_rep2_20260611_223851,redis,s2sf12j2_redis_rep2_20260611_223851,11f4dd85-d69a-4211-b9be-7e11aa409a6d,3895113,428,34.20531248368913,1067360370,3072171300,3072756200,1781213937403-0
s2sf12j2_redis_rep2_20260611_223851,redis,s2sf12j2_redis_rep2_20260611_223851,b66a86fd-1b53-4985-b277-9512f9a82a1d,3895095,429,36.64209919108977,1087666926,3072876600,3073496500,1781213937404-0
s2sf12j2_redis_rep2_20260611_223851,redis,s2sf12j2_redis_rep2_20260611_223851,e3332417-1d5d-4f0b-860a-8177361a7898,3895095,429,36.64209919108977,1087666926,3073611000,3074459800,1781213937405-0
s2sf12j2_redis_rep2_20260611_223851,redis,s2sf12j2_redis_rep2_20260611_223851,fdad131f-38c4-4a0d-ac58-0a8bfc15a8ef,3895121,429,35.43841307476514,1077636208,3074576100,3075101800,1781213937405-1
s2sf12j2_redis_rep2_20260611_223851,redis,s2sf12j2_redis_rep2_20260611_223851,8db5b84a-4efe-4569-99d8-5fdbe4823787,3895067,429,34.359901211561606,1068648610,3075208500,3075805100,1781213937406-0
s2sf12j2_redis_rep2_20260611_223851,redis,s2sf12j2_redis_rep2_20260611_223851,034a278a-8f57-4670-8cf0-1b6dabc19014,3895107,429,34.76088458764836,1071990138,3075913900,3076522000,1781213937407-0
s2sf12j2_redis_rep2_20260611_223851,redis,s2sf12j2_redis_rep2_20260611_223851,dfd27999-52a4-42b8-a6e5-424cb70e1484,3895107,429,34.76088458764836,1071990138,3076623700,3077250400,1781213937407-1
s2sf12j2_redis_rep2_20260611_223851,redis,s2sf12j2_redis_rep2_20260611_223851,f96ae738-f917-46ca-9d54-9b60a348efb3,3895113,429,34.288645817022456,1068054815,3077352800,3077917100,1781213937408-0
s2sf12j2_redis_rep2_20260611_223851,redis,s2sf12j2_redis_rep2_20260611_223851,ce31adac-f711-4460-a18e-e56195878998,3895113,429,34.288645817022456,1068054815,3078024800,3078781000,1781213937409-0
s2sf12j2_redis_rep2_20260611_223851,redis,s2sf12j2_redis_rep2_20260611_223851,055732f8-40e1-47fb-a7ee-fd5a32d596d8,3895095,430,36.72543252442311,1088361371,3078970400,3079566500,1781213937410-0
s2sf12j2_redis_rep2_20260611_223851,redis,s2sf12j2_redis_rep2_20260611_223851,262e08cf-dc35-4ef4-a9a2-6cc6df40b750,3895060,430,37.582702728353226,1095505289,3079748100,3080364900,1781213937411-0
s2sf12j2_redis_rep2_20260611_223851,redis,s2sf12j2_redis_rep2_20260611_223851,c19ac7f5-1244-40b2-a581-211b2f547dfb,3895067,430,34.44323454489494,1069343054,3080467200,3081081600,1781213937411-1
s2sf12j2_redis_rep2_20260611_223851,redis,s2sf12j2_redis_rep2_20260611_223851,9db4ba45-346b-4c43-ac9b-5404abb4bad5,3895067,430,34.44323454489494,1069343054,3081213600,3081801000,1781213937412-0
s2sf12j2_redis_rep2_20260611_223851,redis,s2sf12j2_redis_rep2_20260611_223851,144bfef4-ffc4-4f45-9ae2-1b0a02eb9661,3895107,430,34.8442179209817,1072684582,3081902700,3082381900,1781213937413-0
s2sf12j2_redis_rep2_20260611_223851,redis,s2sf12j2_redis_rep2_20260611_223851,1d710c2e-cbc2-432b-9bf8-43caf966b015,3895113,430,34.3719791503558,1068749259,3082480500,3083109300,1781213937413-1
s2sf12j2_redis_rep2_20260611_223851,redis,s2sf12j2_redis_rep2_20260611_223851,4a6581a9-0412-4587-8dc0-4ffe46c29171,3895095,431,36.808765857756434,1089055815,3083261900,3083828600,1781213937414-0
s2sf12j2_redis_rep2_20260611_223851,redis,s2sf12j2_redis_rep2_20260611_223851,32187eb7-eedb-4e12-a898-a7d56d3b68a6,3895095,431,36.808765857756434,1089055815,3083943700,3084526000,1781213937415-0
s2sf12j2_redis_rep2_20260611_223851,redis,s2sf12j2_redis_rep2_20260611_223851,6f6abba1-714f-4452-95ed-dd6cc46b399b,3895121,431,35.6050797414318,1079025097,3084614900,3085192800,1781213937415-1
s2sf12j2_redis_rep2_20260611_223851,redis,s2sf12j2_redis_rep2_20260611_223851,bb21425a-e4f4-4be2-8056-cf17dd2b881e,3895121,431,35.6050797414318,1079025097,3085292800,3085903900,1781213937416-0
s2sf12j2_redis_rep2_20260611_223851,redis,s2sf12j2_redis_rep2_20260611_223851,ac1f6adf-b947-4def-8356-a26808cfdd55,3895060,431,37.66603606168656,1096199733,3086018500,3086513700,1781213937417-0
s2sf12j2_redis_rep2_20260611_223851,redis,s2sf12j2_redis_rep2_20260611_223851,9354de97-1691-4640-b8dc-a3a4aac7f3f2,3895060,431,37.66603606168656,1096199733,3086626800,3087182200,1781213937417-1
s2sf12j2_redis_rep2_20260611_223851,redis,s2sf12j2_redis_rep2_20260611_223851,e3014085-76db-4cd3-996c-114a6765ff2b,3895060,431,37.66603606168656,1096199733,3087293600,3087790200,1781213937418-0
s2sf12j2_redis_rep2_20260611_223851,redis,s2sf12j2_redis_rep2_20260611_223851,e3632c7d-6f54-4e9e-9d94-3e205aa61725,3895060,431,37.66603606168656,1096199733,3087875700,3088347500,1781213937419-0
s2sf12j2_redis_rep2_20260611_223851,redis,s2sf12j2_redis_rep2_20260611_223851,54cc941c-73bd-49d2-96ac-b1524e6e9c73,3895067,431,34.52656787822827,1070037498,3088459700,3089533800,1781213937419-1
s2sf12j2_redis_rep2_20260611_223851,redis,s2sf12j2_redis_rep2_20260611_223851,4479164d-0996-42af-9f05-6b6463406836,3895107,431,34.92755125431503,1073379027,3089662700,3090216700,1781213937421-0
s2sf12j2_redis_rep2_20260611_223851,redis,s2sf12j2_redis_rep2_20260611_223851,e8d5b618-cd87-489d-ba58-f5bc4dc905f4,3895107,431,34.92755125431503,1073379027,3090341000,3090867000,1781213937421-1
s2sf12j2_redis_rep2_20260611_223851,redis,s2sf12j2_redis_rep2_20260611_223851,8676e2f7-a190-45a5-811d-d2ec168d652b,3895107,431,34.92755125431503,1073379027,3090955600,3091524200,1781213937422-0
s2sf12j2_redis_rep2_20260611_223851,redis,s2sf12j2_redis_rep2_20260611_223851,f2705ddd-761e-4696-add2-9450c946b2d2,3895107,431,34.92755125431503,1073379027,3091639000,3092287600,1781213937423-0
s2sf12j2_redis_rep2_20260611_223851,redis,s2sf12j2_redis_rep2_20260611_223851,8fa44da0-9f33-4997-a61a-cd790ade4ac0,3895107,431,34.92755125431503,1073379027,3092400800,3093048400,1781213937423-1
s2sf12j2_redis_rep2_20260611_223851,redis,s2sf12j2_redis_rep2_20260611_223851,5ac3b939-8489-44ae-8196-d90c071a4e2b,3895113,431,34.45531248368913,1069443704,3093163600,3093927500,1781213937424-0
s2sf12j2_redis_rep2_20260611_223851,redis,s2sf12j2_redis_rep2_20260611_223851,b3e61b06-ad2b-4430-b01f-2bae1332dc42,3895113,431,34.45531248368913,1069443704,3094048200,3094590100,1781213937425-0
s2sf12j2_redis_rep2_20260611_223851,redis,s2sf12j2_redis_rep2_20260611_223851,96005594-9251-40b6-8a5a-9336a35101e4,3895113,431,34.45531248368913,1069443704,3094723200,3095267100,1781213937426-0
s2sf12j2_redis_rep2_20260611_223851,redis,s2sf12j2_redis_rep2_20260611_223851,88d4aea8-b87a-4fd2-b153-f3537ba33b68,3895095,432,36.89209919108977,1089750259,3095372700,3095947300,1781213937426-1
s2sf12j2_redis_rep2_20260611_223851,redis,s2sf12j2_redis_rep2_20260611_223851,c1fa473a-9e1c-4633-a285-8c1741fb4574,3895095,432,36.89209919108977,1089750259,3096119900,3096799000,1781213937427-0
s2sf12j2_redis_rep2_20260611_223851,redis,s2sf12j2_redis_rep2_20260611_223851,9bbddf36-ac73-4aa3-a031-94e75138231f,3895095,432,36.89209919108977,1089750259,3096943800,3097518600,1781213937428-0
s2sf12j2_redis_rep2_20260611_223851,redis,s2sf12j2_redis_rep2_20260611_223851,c7dde75e-004e-46b4-a795-8a30d801b6bb,3895060,432,37.74936939501989,1096894178,3097650400,3098226500,1781213937428-1
s2sf12j2_redis_rep2_20260611_223851,redis,s2sf12j2_redis_rep2_20260611_223851,df18bfeb-46df-479c-a423-b135de585619,3895060,432,37.74936939501989,1096894178,3098365000,3098946300,1781213937429-0
s2sf12j2_redis_rep2_20260611_223851,redis,s2sf12j2_redis_rep2_20260611_223851,129db130-d09b-4e91-a358-7ac06bac952e,3895067,432,34.609901211561606,1070731943,3099077700,3099621000,1781213937430-0
s2sf12j2_redis_rep2_20260611_223851,redis,s2sf12j2_redis_rep2_20260611_223851,48add514-4b91-4a5b-94f3-9870629eb0aa,3895113,432,34.538645817022456,1070138148,3099750600,3100612900,1781213937431-0
s2sf12j2_redis_rep2_20260611_223851,redis,s2sf12j2_redis_rep2_20260611_223851,493545a5-6aa4-4023-9420-46007b1a3ce8,3895095,433,36.97543252442311,1090444704,3100745200,3101191400,1781213937432-0
s2sf12j2_redis_rep2_20260611_223851,redis,s2sf12j2_redis_rep2_20260611_223851,b1ab7cf7-adff-4370-914b-ba4be232fd2e,3895095,433,36.97543252442311,1090444704,3101291300,3101776000,1781213937432-1
s2sf12j2_redis_rep2_20260611_223851,redis,s2sf12j2_redis_rep2_20260611_223851,b49dcd3c-6f29-40c3-87a1-111f4b10edcc,3895067,433,34.69323454489494,1071426387,3101902100,3102667100,1781213937433-0
s2sf12j2_redis_rep2_20260611_223851,redis,s2sf12j2_redis_rep2_20260611_223851,b7adec60-6c24-4fa4-85f1-e8d69d928fc4,3895067,433,34.69323454489494,1071426387,3102816000,3103448200,1781213937434-0
s2sf12j2_redis_rep2_20260611_223851,redis,s2sf12j2_redis_rep2_20260611_223851,5dc3eb73-6e81-4402-903c-91723503a97b,3895113,433,34.6219791503558,1070832592,3103584300,3104082900,1781213937434-1
s2sf12j2_redis_rep2_20260611_223851,redis,s2sf12j2_redis_rep2_20260611_223851,848557c8-e3b0-4304-8e75-0f092d5f538b,3895113,433,34.6219791503558,1070832592,3104220400,3104783300,1781213937435-0
s2sf12j2_redis_rep2_20260611_223851,redis,s2sf12j2_redis_rep2_20260611_223851,b96fac13-833d-4317-bdd8-27039d4efe4c,3895121,434,35.8550797414318,1081108431,3104891400,3105475100,1781213937436-0
s2sf12j2_redis_rep2_20260611_223851,redis,s2sf12j2_redis_rep2_20260611_223851,2785f3be-29b1-4860-9818-3d324c7c8513,3895067,434,34.77656787822827,1072120832,3105601500,3106130800,1781213937436-1
s2sf12j2_redis_rep2_20260611_223851,redis,s2sf12j2_redis_rep2_20260611_223851,7411ec5f-a392-46c2-b39a-a6ce300040ce,3895134,434,35.55847991402742,1078636765,3106268200,3106803500,1781213937437-0
s2sf12j2_redis_rep2_20260611_223851,redis,s2sf12j2_redis_rep2_20260611_223851,355b84ac-ece7-446f-8ebd-0c8ed6bdef6b,3895095,435,37.14209919108977,1091833593,3106949300,3107602800,1781213937438-0
s2sf12j2_redis_rep2_20260611_223851,redis,s2sf12j2_redis_rep2_20260611_223851,d69457d5-e8ea-465a-b7bd-fb5f43c24a86,3895121,435,35.93841307476514,1081802875,3107743400,3108406300,1781213937439-0
s2sf12j2_redis_rep2_20260611_223851,redis,s2sf12j2_redis_rep2_20260611_223851,4b2ad3a7-763e-40ec-920b-ecc3295c0b46,3895121,435,35.93841307476514,1081802875,3108524600,3109045800,1781213937439-1
s2sf12j2_redis_rep2_20260611_223851,redis,s2sf12j2_redis_rep2_20260611_223851,094fe689-aadc-4af2-ae32-ef2095f0332c,3895060,435,37.99936939501989,1098977511,3109172200,3109747900,1781213937440-0
s2sf12j2_redis_rep2_20260611_223851,redis,s2sf12j2_redis_rep2_20260611_223851,d9c29d58-b124-4bfd-ab19-425feb9af87e,3895067,435,34.859901211561606,1072815276,3109904400,3110912500,1781213937441-0
s2sf12j2_redis_rep2_20260611_223851,redis,s2sf12j2_redis_rep2_20260611_223851,727c58ca-fe98-4f29-ab91-bc46259c9b71,3895067,435,34.859901211561606,1072815276,3111091900,3111686500,1781213937442-0
s2sf12j2_redis_rep2_20260611_223851,redis,s2sf12j2_redis_rep2_20260611_223851,ed0b9f44-e15b-427c-8d2b-d97f55fdc7c7,3895086,435,35.91360446230406,1081596137,3111841000,3112435000,1781213937443-0
s2sf12j2_redis_rep2_20260611_223851,redis,s2sf12j2_redis_rep2_20260611_223851,16a56046-af8d-4ba3-b3dc-43de66273854,3895113,435,34.788645817022456,1072221481,3112601500,3113285000,1781213937443-1
s2sf12j2_redis_rep2_20260611_223851,redis,s2sf12j2_redis_rep2_20260611_223851,475b1c6c-47d5-4a80-9b4c-72f2fcb41fd7,3895095,436,37.22543252442311,1092528037,3113478100,3114115400,1781213937444-0
s2sf12j2_redis_rep2_20260611_223851,redis,s2sf12j2_redis_rep2_20260611_223851,16e5ad03-7768-454a-804c-08564ee079f7,3895060,436,38.082702728353226,1099671956,3114356400,3114980900,1781213937445-0
s2sf12j2_redis_rep2_20260611_223851,redis,s2sf12j2_redis_rep2_20260611_223851,3bd62e95-05b6-4e65-9231-39e838eb8842,3895060,436,38.082702728353226,1099671956,3115151800,3115824900,1781213937446-0
s2sf12j2_redis_rep2_20260611_223851,redis,s2sf12j2_redis_rep2_20260611_223851,f44ae8ce-cef1-43b4-9e4a-4b72af18ec99,3895134,436,35.725146580694094,1080025654,3115987100,3116635500,1781213937447-0
s2sf12j2_redis_rep2_20260611_223851,redis,s2sf12j2_redis_rep2_20260611_223851,ef287494-52f4-4aca-906e-c1edce19b58f,3895086,436,35.99693779563739,1082290581,3116788700,3117419600,1781213937448-0
s2sf12j2_redis_rep2_20260611_223851,redis,s2sf12j2_redis_rep2_20260611_223851,5c4bb60c-b1ec-43bd-859f-01a372519ccf,3895086,436,35.99693779563739,1082290581,3117625300,3118227400,1781213937448-1
s2sf12j2_redis_rep2_20260611_223851,redis,s2sf12j2_redis_rep2_20260611_223851,8197e381-d8c3-4fb0-b801-b3ba90fd20c9,3895086,436,35.99693779563739,1082290581,3118335600,3118853500,1781213937449-0
s2sf12j2_redis_rep2_20260611_223851,redis,s2sf12j2_redis_rep2_20260611_223851,5dfbc264-25d2-487c-9d6d-f52626ebe7fc,3895113,436,34.8719791503558,1072915926,3118968100,3119521300,1781213937450-0
s2sf12j2_redis_rep2_20260611_223851,redis,s2sf12j2_redis_rep2_20260611_223851,0157e06e-c1f4-45e2-a345-3750b06b9a5c,3895113,436,34.8719791503558,1072915926,3119657000,3120261700,1781213937451-0
s2sf12j2_redis_rep2_20260611_223851,redis,s2sf12j2_redis_rep2_20260611_223851,1f541b89-a6a6-4c92-ba55-71f3897550dd,3895113,436,34.8719791503558,1072915926,3120384600,3120999600,1781213937451-1
s2sf12j2_redis_rep2_20260611_223851,redis,s2sf12j2_redis_rep2_20260611_223851,6498dc6b-e7de-41bf-b7f0-cf3bf49be188,3895113,436,34.8719791503558,1072915926,3121095000,3121874500,1781213937452-0
s2sf12j2_redis_rep2_20260611_223851,redis,s2sf12j2_redis_rep2_20260611_223851,4549fc3e-e957-4689-839b-57471879a085,3895113,436,34.8719791503558,1072915926,3122053000,3122690100,1781213937453-0
s2sf12j2_redis_rep2_20260611_223851,redis,s2sf12j2_redis_rep2_20260611_223851,da84b5d9-2277-482a-9361-1c1aa276c423,3895095,437,37.308765857756434,1093222482,3122778900,3123241100,1781213937454-0
s2sf12j2_redis_rep2_20260611_223851,redis,s2sf12j2_redis_rep2_20260611_223851,a2940536-baaa-4a93-b5f2-41362dd74f23,3895095,437,37.308765857756434,1093222482,3123323200,3123861300,1781213937454-1
s2sf12j2_redis_rep2_20260611_223851,redis,s2sf12j2_redis_rep2_20260611_223851,5fc6d303-5356-4b7c-b25a-8710ac89d84c,3895067,437,35.02656787822827,1074204165,3123975100,3124592900,1781213937455-0
s2sf12j2_redis_rep2_20260611_223851,redis,s2sf12j2_redis_rep2_20260611_223851,caef0d3c-5341-4407-976e-c3670c999ab1,3895113,437,34.95531248368913,1073610370,3124706000,3125390300,1781213937456-0
s2sf12j2_redis_rep2_20260611_223851,redis,s2sf12j2_redis_rep2_20260611_223851,32389334-659a-4a79-afea-97290dcd3df4,3895121,438,36.18841307476514,1083886208,3125510900,3126136300,1781213937456-1
s2sf12j2_redis_rep2_20260611_223851,redis,s2sf12j2_redis_rep2_20260611_223851,a12e9638-29c2-4c16-9b05-d506cace3264,3895067,438,35.109901211561606,1074898610,3126240800,3126817600,1781213937457-0
s2sf12j2_redis_rep2_20260611_223851,redis,s2sf12j2_redis_rep2_20260611_223851,f5ee6a62-e25d-4aa7-af17-199665116373,3895067,438,35.109901211561606,1074898610,3126935100,3127699000,1781213937458-0
s2sf12j2_redis_rep2_20260611_223851,redis,s2sf12j2_redis_rep2_20260611_223851,561d6113-04f3-4452-b671-9032cd80905e,3895067,438,35.109901211561606,1074898610,3127825200,3128440400,1781213937459-0
s2sf12j2_redis_rep2_20260611_223851,redis,s2sf12j2_redis_rep2_20260611_223851,49dbe2f4-0751-4108-ad6e-e588b879fa5a,3895086,438,36.16360446230406,1083679470,3128552300,3129188900,1781213937459-1
s2sf12j2_redis_rep2_20260611_223851,redis,s2sf12j2_redis_rep2_20260611_223851,c0c196e8-3953-48d2-a1f4-b528b36b3bbe,3895086,438,36.16360446230406,1083679470,3129304700,3129871200,1781213937460-0
s2sf12j2_redis_rep2_20260611_223851,redis,s2sf12j2_redis_rep2_20260611_223851,b57676ce-ceb6-42b5-b9c8-4c3e8fd7a167,3895086,438,36.16360446230406,1083679470,3129980400,3130648300,1781213937461-0
s2sf12j2_redis_rep2_20260611_223851,redis,s2sf12j2_redis_rep2_20260611_223851,15db4ee9-576c-4602-b829-3a8b0029ae3f,3895086,438,36.16360446230406,1083679470,3130792800,3131442500,1781213937462-0
s2sf12j2_redis_rep2_20260611_223851,redis,s2sf12j2_redis_rep2_20260611_223851,81ae327d-bfe8-4ecc-9e13-f01f8eb015b5,3895086,438,36.16360446230406,1083679470,3131549400,3132089100,1781213937462-1
s2sf12j2_redis_rep2_20260611_223851,redis,s2sf12j2_redis_rep2_20260611_223851,ac0e8f91-6935-42c6-8b8a-415d168f3db6,3895086,438,36.16360446230406,1083679470,3132171000,3132612300,1781213937463-0
s2sf12j2_redis_rep2_20260611_223851,redis,s2sf12j2_redis_rep2_20260611_223851,a7c6e74a-6d6c-41a4-ae44-9e7612576432,3895113,438,35.038645817022456,1074304815,3132697200,3133199900,1781213937463-1
s2sf12j2_redis_rep2_20260611_223851,redis,s2sf12j2_redis_rep2_20260611_223851,54786c23-e3f1-4fd0-87b7-62544a2c615b,3895113,438,35.038645817022456,1074304815,3133312000,3133859300,1781213937464-0
s2sf12j2_redis_rep2_20260611_223851,redis,s2sf12j2_redis_rep2_20260611_223851,58c9c29f-825e-4ae5-adc2-4c56c42203fc,3895113,438,35.038645817022456,1074304815,3133955300,3134413300,1781213937465-0
s2sf12j2_redis_rep2_20260611_223851,redis,s2sf12j2_redis_rep2_20260611_223851,eed8e254-afe5-4087-b88b-b654514686d1,3895095,439,37.47543252442311,1094611371,3134521300,3135050700,1781213937465-1
s2sf12j2_redis_rep2_20260611_223851,redis,s2sf12j2_redis_rep2_20260611_223851,6c3262eb-6358-4c82-9bc6-d19b80892428,3895134,439,35.975146580694094,1082108988,3135132000,3135586000,1781213937466-0
s2sf12j2_redis_rep2_20260611_223851,redis,s2sf12j2_redis_rep2_20260611_223851,b4021d8d-2596-4e17-b9ad-1fce31aa26c1,3895113,439,35.1219791503558,1074999259,3135672300,3136135600,1781213937466-1
s2sf12j2_redis_rep2_20260611_223851,redis,s2sf12j2_redis_rep2_20260611_223851,b57a80f6-6577-4585-8c4f-aa9d856fb34c,3895113,439,35.1219791503558,1074999259,3136219400,3136730100,1781213937467-0
s2sf12j2_redis_rep2_20260611_223851,redis,s2sf12j2_redis_rep2_20260611_223851,bf0c578a-acae-46b9-86d2-5fe7717aedf5,3895060,440,38.41603606168656,1102449733,3136809800,3137330100,1781213937468-0
s2sf12j2_redis_rep2_20260611_223851,redis,s2sf12j2_redis_rep2_20260611_223851,1cac3f24-2470-474a-955f-69cb2e1055e9,3895107,440,35.67755125431503,1079629027,3137410100,3137868400,1781213937468-1
s2sf12j2_redis_rep2_20260611_223851,redis,s2sf12j2_redis_rep2_20260611_223851,7f8fbb4a-859a-4498-a068-acc86d0f8856,3895067,440,35.27656787822827,1076287498,3137948500,3138428400,1781213937469-0
s2sf12j2_redis_rep2_20260611_223851,redis,s2sf12j2_redis_rep2_20260611_223851,17c63ed8-3b9b-4cc4-a909-7f32a08c6b19,3895134,440,36.05847991402742,1082803432,3138541900,3139034900,1781213937469-1
s2sf12j2_redis_rep2_20260611_223851,redis,s2sf12j2_redis_rep2_20260611_223851,573ccd99-4c73-4985-95ff-fc4a86a4537e,3895134,440,36.05847991402742,1082803432,3139122600,3139635500,1781213937470-0
s2sf12j2_redis_rep2_20260611_223851,redis,s2sf12j2_redis_rep2_20260611_223851,276b4ddc-bfde-471c-bdd8-a63cbf06dc06,3895086,440,36.33027112897072,1085068359,3139733600,3140242400,1781213937471-0
s2sf12j2_redis_rep2_20260611_223851,redis,s2sf12j2_redis_rep2_20260611_223851,155c2683-3f85-4202-b794-c50d7bfa9001,3895095,441,37.64209919108977,1096000259,3140344000,3140987600,1781213937471-1
s2sf12j2_redis_rep2_20260611_223851,redis,s2sf12j2_redis_rep2_20260611_223851,7bb6ab27-9e46-4f44-a939-cd2ac5b39d0f,3895095,441,37.64209919108977,1096000259,3141100900,3141650200,1781213937472-0
s2sf12j2_redis_rep2_20260611_223851,redis,s2sf12j2_redis_rep2_20260611_223851,debe42e1-fcee-4d18-99c0-f55cb04cda73,3895060,441,38.49936939501989,1103144178,3141785500,3142365800,1781213937473-0
s2sf12j2_redis_rep2_20260611_223851,redis,s2sf12j2_redis_rep2_20260611_223851,b095329c-74b5-413f-b09c-1ba29e158ce4,3895060,441,38.49936939501989,1103144178,3142632500,3143259300,1781213937473-1
s2sf12j2_redis_rep2_20260611_223851,redis,s2sf12j2_redis_rep2_20260611_223851,10ee04cb-590d-4be1-929a-6e72ad04d538,3895086,441,36.41360446230406,1085762803,3143382600,3144007800,1781213937474-0
s2sf12j2_redis_rep2_20260611_223851,redis,s2sf12j2_redis_rep2_20260611_223851,d0793566-ef87-45a9-b8df-39566408c616,3895086,441,36.41360446230406,1085762803,3144127900,3144757700,1781213937475-0
s2sf12j2_redis_rep2_20260611_223851,redis,s2sf12j2_redis_rep2_20260611_223851,2603eb58-dc66-440e-80b4-a21ab04676c6,3895086,441,36.41360446230406,1085762803,3144876200,3145512100,1781213937476-0
s2sf12j2_redis_rep2_20260611_223851,redis,s2sf12j2_redis_rep2_20260611_223851,f7cdedca-990f-4f4b-b29b-f4848481672b,3895086,441,36.41360446230406,1085762803,3145630900,3146182800,1781213937476-1
s2sf12j2_redis_rep2_20260611_223851,redis,s2sf12j2_redis_rep2_20260611_223851,a4fdb17e-ae9b-4d1b-bd4c-96772d2bd8db,3895113,441,35.288645817022456,1076388148,3146273100,3146767600,1781213937477-0
s2sf12j2_redis_rep2_20260611_223851,redis,s2sf12j2_redis_rep2_20260611_223851,57655f7e-e071-4ff5-9255-f63989011827,3895060,442,38.582702728353226,1103838622,3146881600,3147322700,1781213937478-0
s2sf12j2_redis_rep2_20260611_223851,redis,s2sf12j2_redis_rep2_20260611_223851,e1b42cb7-e3de-4d0a-89d9-228422727114,3895060,442,38.582702728353226,1103838622,3147440400,3148002800,1781213937478-1
s2sf12j2_redis_rep2_20260611_223851,redis,s2sf12j2_redis_rep2_20260611_223851,25b4bb1b-a95f-497f-96ee-bb64921c9241,3895060,442,38.582702728353226,1103838622,3148088500,3148640900,1781213937479-0
s2sf12j2_redis_rep2_20260611_223851,redis,s2sf12j2_redis_rep2_20260611_223851,3c7cf69a-6dcf-4920-a925-b6747887a9de,3895107,442,35.8442179209817,1081017916,3148759900,3149338900,1781213937480-0
s2sf12j2_redis_rep2_20260611_223851,redis,s2sf12j2_redis_rep2_20260611_223851,4d7ee021-7a0f-4d1e-81b4-c422c174a305,3895067,442,35.44323454489494,1077676387,3149447300,3150023800,1781213937480-1
s2sf12j2_redis_rep2_20260611_223851,redis,s2sf12j2_redis_rep2_20260611_223851,177f1a1c-3da7-4345-a27b-c65a62441aab,3895067,442,35.44323454489494,1077676387,3150143100,3150779000,1781213937481-0
s2sf12j2_redis_rep2_20260611_223851,redis,s2sf12j2_redis_rep2_20260611_223851,1effce85-49bb-4ab0-bcfb-fcd223cba3fc,3895095,443,37.808765857756434,1097389148,3150880000,3151497100,1781213937482-0
s2sf12j2_redis_rep2_20260611_223851,redis,s2sf12j2_redis_rep2_20260611_223851,2a0b6c1b-2a44-482b-a32f-4d2fbd509c18,3895107,443,35.92755125431503,1081712360,3151579000,3152252000,1781213937482-1
s2sf12j2_redis_rep2_20260611_223851,redis,s2sf12j2_redis_rep2_20260611_223851,ee6ed7de-6d67-46a2-8359-071f55d1ce89,3895067,443,35.52656787822827,1078370832,3152360500,3152893100,1781213937483-0
s2sf12j2_redis_rep2_20260611_223851,redis,s2sf12j2_redis_rep2_20260611_223851,f0f3d4a7-55e4-4d2c-862d-0acf8e3da349,3895113,443,35.45531248368913,1077777037,3153004400,3153551900,1781213937484-0
s2sf12j2_redis_rep2_20260611_223851,redis,s2sf12j2_redis_rep2_20260611_223851,518de82b-2508-4cef-8269-46b7984156f9,3895113,443,35.45531248368913,1077777037,3153670100,3154171500,1781213937484-1
s2sf12j2_redis_rep2_20260611_223851,redis,s2sf12j2_redis_rep2_20260611_223851,0fc33c40-b147-4f24-b714-5f4dbb757486,3895095,444,37.89209919108977,1098083593,3154272200,3154848700,1781213937485-0
s2sf12j2_redis_rep2_20260611_223851,redis,s2sf12j2_redis_rep2_20260611_223851,3a7824d3-4c69-41ce-94ee-d85fcf98d6da,3895095,444,37.89209919108977,1098083593,3154931600,3155512400,1781213937486-0
s2sf12j2_redis_rep2_20260611_223851,redis,s2sf12j2_redis_rep2_20260611_223851,71576952-6aed-4168-87a4-24973b5e67f0,3895095,444,37.89209919108977,1098083593,3155608300,3156171300,1781213937486-1
s2sf12j2_redis_rep2_20260611_223851,redis,s2sf12j2_redis_rep2_20260611_223851,8d259d1b-bd1a-4df7-b250-34e8b7170759,3895095,444,37.89209919108977,1098083593,3156282800,3157056000,1781213937487-0
s2sf12j2_redis_rep2_20260611_223851,redis,s2sf12j2_redis_rep2_20260611_223851,bcd3a0d5-2ef8-4d48-8c44-e09faf4294c3,3895060,444,38.74936939501989,1105227511,3157208200,3157789300,1781213937488-0
s2sf12j2_redis_rep2_20260611_223851,redis,s2sf12j2_redis_rep2_20260611_223851,c9afc7e1-31a4-42c6-9646-6119671515aa,3895060,444,38.74936939501989,1105227511,3157913400,3158431900,1781213937489-0
s2sf12j2_redis_rep2_20260611_223851,redis,s2sf12j2_redis_rep2_20260611_223851,88c91ca2-6f51-434a-8971-ab00ddba38d8,3895060,444,38.74936939501989,1105227511,3158545000,3159103600,1781213937489-1
s2sf12j2_redis_rep2_20260611_223851,redis,s2sf12j2_redis_rep2_20260611_223851,d2467e7b-3c5e-4492-a63c-c016097205cc,3895060,444,38.74936939501989,1105227511,3159217300,3159754600,1781213937490-0
s2sf12j2_redis_rep2_20260611_223851,redis,s2sf12j2_redis_rep2_20260611_223851,09f08457-c39f-419b-8a8b-9c9c7b1ecda2,3895060,444,38.74936939501989,1105227511,3159864000,3160572600,1781213937491-0
s2sf12j2_redis_rep2_20260611_223851,redis,s2sf12j2_redis_rep2_20260611_223851,b26de741-6a30-4fdf-98c7-a80234e5975a,3895107,444,36.01088458764836,1082406804,3160734900,3161354500,1781213937492-0
s2sf12j2_redis_rep2_20260611_223851,redis,s2sf12j2_redis_rep2_20260611_223851,2f12dc48-365a-4eca-8d94-b275e81ded91,3895107,444,36.01088458764836,1082406804,3161465000,3162058100,1781213937492-1
s2sf12j2_redis_rep2_20260611_223851,redis,s2sf12j2_redis_rep2_20260611_223851,6d943e3e-6499-44b7-9cd5-c831c1fa6629,3895067,444,35.609901211561606,1079065276,3162171400,3162758300,1781213937493-0
s2sf12j2_redis_rep2_20260611_223851,redis,s2sf12j2_redis_rep2_20260611_223851,a6927531-98e9-40bf-9e33-fa40496a5479,3895067,444,35.609901211561606,1079065276,3162855500,3163357100,1781213937494-0
s2sf12j2_redis_rep2_20260611_223851,redis,s2sf12j2_redis_rep2_20260611_223851,a56a5487-a30d-4bce-9d39-e18176eac0c3,3895052,444,36.04423470206204,1082684722,3163447000,3163927200,1781213937494-1
s2sf12j2_redis_rep2_20260611_223851,redis,s2sf12j2_redis_rep2_20260611_223851,b02147ff-b3d7-4747-84ef-d7fecc8baeac,3895086,444,36.66360446230406,1087846137,3164048400,3164612800,1781213937495-0
s2sf12j2_redis_rep2_20260611_223851,redis,s2sf12j2_redis_rep2_20260611_223851,3cad9bbc-9a2a-4132-8e77-3cf66a96fea8,3895086,444,36.66360446230406,1087846137,3164721800,3165305500,1781213937496-0
s2sf12j2_redis_rep2_20260611_223851,redis,s2sf12j2_redis_rep2_20260611_223851,a79b49c8-c067-465b-b890-e50c04066741,3895113,444,35.538645817022456,1078471481,3165408200,3166080800,1781213937496-1
s2sf12j2_redis_rep2_20260611_223851,redis,s2sf12j2_redis_rep2_20260611_223851,33573fe4-ca0b-4d01-a4ef-dfd2ce95d02c,3895095,445,37.97543252442311,1098778037,3166181900,3166758100,1781213937497-0
s2sf12j2_redis_rep2_20260611_223851,redis,s2sf12j2_redis_rep2_20260611_223851,63e90760-224f-4519-b23e-41e6b13b4aa6,3895095,445,37.97543252442311,1098778037,3166838500,3167261600,1781213937498-0
s2sf12j2_redis_rep2_20260611_223851,redis,s2sf12j2_redis_rep2_20260611_223851,e3cfe80e-4ff1-43d7-a56a-fe23b604fb1c,3895107,445,36.0942179209817,1083101249,3167341600,3167927200,1781213937498-1
s2sf12j2_redis_rep2_20260611_223851,redis,s2sf12j2_redis_rep2_20260611_223851,67b6eee6-1a6c-414b-859e-e9552b97162f,3895052,445,36.12756803539537,1083379166,3168040400,3168765000,1781213937499-0
s2sf12j2_redis_rep2_20260611_223851,redis,s2sf12j2_redis_rep2_20260611_223851,f794a632-b01a-468d-86e1-d5a33b3b317e,3895052,445,36.12756803539537,1083379166,3168886400,3169336200,1781213937500-0
s2sf12j2_redis_rep2_20260611_223851,redis,s2sf12j2_redis_rep2_20260611_223851,7e58146c-c2f1-4e76-965e-bde41aea3e81,3895113,445,35.6219791503558,1079165926,3169418600,3169899200,1781213937500-1
s2sf12j2_redis_rep2_20260611_223851,redis,s2sf12j2_redis_rep2_20260611_223851,0a504cc0-a156-4160-b8f1-dc7020285481,3895113,445,35.6219791503558,1079165926,3169979700,3170455200,1781213937501-0
s2sf12j2_redis_rep2_20260611_223851,redis,s2sf12j2_redis_rep2_20260611_223851,5b9a7afb-6b47-49d5-b840-78c95925ff49,3895107,446,36.17755125431503,1083795693,3170583200,3171168300,1781213937501-1
s2sf12j2_redis_rep2_20260611_223851,redis,s2sf12j2_redis_rep2_20260611_223851,c56ec238-7803-47ad-a1d3-83bf87822b02,3895067,446,35.77656787822827,1080454165,3171242000,3171719200,1781213937502-0
s2sf12j2_redis_rep2_20260611_223851,redis,s2sf12j2_redis_rep2_20260611_223851,94180027-9028-41f3-a97a-cd3b67ec8efa,3895134,446,36.55847991402742,1086970099,3171833800,3172397800,1781213937503-0
s2sf12j2_redis_rep2_20260611_223851,redis,s2sf12j2_redis_rep2_20260611_223851,64846ece-ecc0-49f6-84be-e3a1ace0bbfb,3895067,446,35.77656787822827,1080454165,3172575500,3173251000,1781213937503-1
s2sf12j2_redis_rep2_20260611_223851,redis,s2sf12j2_redis_rep2_20260611_223851,e0efa831-1ceb-49cb-9cf9-6589869b1111,3895067,446,35.77656787822827,1080454165,3173411400,3173995900,1781213937504-0
s2sf12j2_redis_rep2_20260611_223851,redis,s2sf12j2_redis_rep2_20260611_223851,9e50d3ef-cdb2-497b-818f-60a89ee23984,3895052,446,36.2109013687287,1084073611,3174196000,3174839200,1781213937505-0
s2sf12j2_redis_rep2_20260611_223851,redis,s2sf12j2_redis_rep2_20260611_223851,8d218582-118e-4010-aa9f-e2e8613a5855,3895086,446,36.83027112897072,1089235026,3174967600,3175606000,1781213937506-0
s2sf12j2_redis_rep2_20260611_223851,redis,s2sf12j2_redis_rep2_20260611_223851,7340cb89-e992-4aef-be64-69a5420c269a,3895095,447,38.14209919108977,1100166926,3175730600,3176686600,1781213937507-0
s2sf12j2_redis_rep2_20260611_223851,redis,s2sf12j2_redis_rep2_20260611_223851,7adad092-34df-4101-9529-7d1dd104ad7f,3895052,447,36.29423470206204,1084768055,3176816600,3177391900,1781213937508-0
s2sf12j2_redis_rep2_20260611_223851,redis,s2sf12j2_redis_rep2_20260611_223851,cddefb72-3ac3-4f11-8ad2-5963d94d80ea,3895052,447,36.29423470206204,1084768055,3177553000,3178179900,1781213937508-1
s2sf12j2_redis_rep2_20260611_223851,redis,s2sf12j2_redis_rep2_20260611_223851,42a9d4e3-706d-44d3-ad3a-6702f506c9e1,3895095,448,38.22543252442311,1100861371,3178336900,3178864300,1781213937509-0
s2sf12j2_redis_rep2_20260611_223851,redis,s2sf12j2_redis_rep2_20260611_223851,552cf4d8-4502-453b-89cc-a363d4503b0e,3895095,448,38.22543252442311,1100861371,3178970000,3179449900,1781213937510-0
s2sf12j2_redis_rep2_20260611_223851,redis,s2sf12j2_redis_rep2_20260611_223851,f5544cfe-d1ae-4458-9692-70479c5a6bd2,3895060,448,39.082702728353226,1108005289,3179563000,3180192700,1781213937510-1
s2sf12j2_redis_rep2_20260611_223851,redis,s2sf12j2_redis_rep2_20260611_223851,88d60541-4798-46d5-911f-a76c449216d1,3895060,448,39.082702728353226,1108005289,3180305800,3180982500,1781213937511-0
s2sf12j2_redis_rep2_20260611_223851,redis,s2sf12j2_redis_rep2_20260611_223851,53c7bd50-e63f-4986-92c8-96d46b0bee1e,3895107,448,36.3442179209817,1085184582,3181092400,3181614000,1781213937512-0
s2sf12j2_redis_rep2_20260611_223851,redis,s2sf12j2_redis_rep2_20260611_223851,3fef340a-10e5-4aa5-9498-1ee928305247,3895134,448,36.725146580694094,1088358988,3181731500,3182241500,1781213937513-0
s2sf12j2_redis_rep2_20260611_223851,redis,s2sf12j2_redis_rep2_20260611_223851,644d5c7c-d1a5-47b6-a392-8d411b65c8f7,3895134,448,36.725146580694094,1088358988,3182369000,3182988400,1781213937513-1
s2sf12j2_redis_rep2_20260611_223851,redis,s2sf12j2_redis_rep2_20260611_223851,56af3623-eca9-4c7f-bb3d-d6f6cf090c46,3895095,449,38.308765857756434,1101555815,3183119600,3183699000,1781213937514-0
s2sf12j2_redis_rep2_20260611_223851,redis,s2sf12j2_redis_rep2_20260611_223851,4e097fd0-0828-426e-ba77-6229b2827935,3895107,449,36.42755125431503,1085879027,3183829200,3184424400,1781213937515-0
s2sf12j2_redis_rep2_20260611_223851,redis,s2sf12j2_redis_rep2_20260611_223851,1e1dff02-7f8b-4fe3-910a-d8a1c77727b2,3895107,449,36.42755125431503,1085879027,3184552300,3185232700,1781213937515-1
s2sf12j2_redis_rep2_20260611_223851,redis,s2sf12j2_redis_rep2_20260611_223851,02215165-9da4-4b41-bf1d-63d6acc70a50,3895107,449,36.42755125431503,1085879027,3185389800,3185989000,1781213937516-0
s2sf12j2_redis_rep2_20260611_223851,redis,s2sf12j2_redis_rep2_20260611_223851,a0a2797a-8bde-4965-9733-fdbbbe9811e1,3895134,449,36.80847991402742,1089053432,3186104700,3186697900,1781213937517-0
s2sf12j2_redis_rep2_20260611_223851,redis,s2sf12j2_redis_rep2_20260611_223851,74edf329-d572-4e4d-936f-b40fbce66eaf,3895134,449,36.80847991402742,1089053432,3186817300,3187358600,1781213937518-0
s2sf12j2_redis_rep2_20260611_223851,redis,s2sf12j2_redis_rep2_20260611_223851,36c45fb0-4255-408e-83c0-7e9fc96f4eb6,3895095,450,38.39209919108977,1102250259,3187455300,3188005000,1781213937518-1
s2sf12j2_redis_rep2_20260611_223851,redis,s2sf12j2_redis_rep2_20260611_223851,49346d04-d903-4d6f-9b19-ba4d0c15bad9,3895095,450,38.39209919108977,1102250259,3188161100,3188980500,1781213937519-0
s2sf12j2_redis_rep2_20260611_223851,redis,s2sf12j2_redis_rep2_20260611_223851,08c08b0f-630c-456b-9807-1f7d2ec90f27,3895060,450,39.24936939501989,1109394178,3189149900,3189746600,1781213937520-0
s2sf12j2_redis_rep2_20260611_223851,redis,s2sf12j2_redis_rep2_20260611_223851,9dbcf854-370c-4043-a227-e38e0584c5da,3895060,450,39.24936939501989,1109394178,3189854100,3190411500,1781213937521-0
s2sf12j2_redis_rep2_20260611_223851,redis,s2sf12j2_redis_rep2_20260611_223851,1188c5b0-8e22-4da4-bd75-5b22c768cda7,3895113,450,36.038645817022456,1082638148,3190535700,3191125700,1781213937521-1
s2sf12j2_redis_rep2_20260611_223851,redis,s2sf12j2_redis_rep2_20260611_223851,fc4349d2-e788-428b-90c0-1e2377a2b7e0,3895095,451,38.47543252442311,1102944704,3191239700,3191767800,1781213937522-0
s2sf12j2_redis_rep2_20260611_223851,redis,s2sf12j2_redis_rep2_20260611_223851,bed10191-2c1a-4e39-bdcd-620d7cdad94f,3895095,451,38.47543252442311,1102944704,3191879400,3192415200,1781213937523-0
s2sf12j2_redis_rep2_20260611_223851,redis,s2sf12j2_redis_rep2_20260611_223851,de745f07-6097-4825-aa95-2a29ba630c59,3895095,451,38.47543252442311,1102944704,3192521200,3193050500,1781213937523-1
s2sf12j2_redis_rep2_20260611_223851,redis,s2sf12j2_redis_rep2_20260611_223851,5ebcc4a3-1ee4-4aa1-b7a5-5afbc8b92bd4,3895060,451,39.332702728353226,1110088622,3193165500,3193760700,1781213937524-0
s2sf12j2_redis_rep2_20260611_223851,redis,s2sf12j2_redis_rep2_20260611_223851,059c0a6c-bf54-44ed-8d54-64e34ce75ec7,3895060,451,39.332702728353226,1110088622,3193932200,3194556400,1781213937525-0
s2sf12j2_redis_rep2_20260611_223851,redis,s2sf12j2_redis_rep2_20260611_223851,40d656d8-7897-4e5d-8e1b-32e1b6fa4e58,3895060,451,39.332702728353226,1110088622,3194664900,3195280600,1781213937526-0
s2sf12j2_redis_rep2_20260611_223851,redis,s2sf12j2_redis_rep2_20260611_223851,6706f68a-0fd9-496d-9e79-95e1fd03802c,3895107,451,36.5942179209817,1087267916,3195385300,3195902700,1781213937526-1
s2sf12j2_redis_rep2_20260611_223851,redis,s2sf12j2_redis_rep2_20260611_223851,4f96086a-c6d5-48ae-af92-e337a80f8fba,3895107,451,36.5942179209817,1087267916,3196003900,3196512600,1781213937527-0
s2sf12j2_redis_rep2_20260611_223851,redis,s2sf12j2_redis_rep2_20260611_223851,aed875e2-a9c3-4c15-a27f-d91682808df8,3895134,451,36.975146580694094,1090442321,3196619900,3197355800,1781213937528-0
s2sf12j2_redis_rep2_20260611_223851,redis,s2sf12j2_redis_rep2_20260611_223851,fd4c2cc6-6ba7-4e63-99f0-836376096ff9,3895134,451,36.975146580694094,1090442321,3197512000,3198214400,1781213937528-1
s2sf12j2_redis_rep2_20260611_223851,redis,s2sf12j2_redis_rep2_20260611_223851,34f32635-5565-4445-a686-f240c391ae22,3895113,451,36.1219791503558,1083332592,3198328500,3198799500,1781213937529-0
s2sf12j2_redis_rep2_20260611_223851,redis,s2sf12j2_redis_rep2_20260611_223851,d0985595-3ebf-44b3-b8a1-40f7dc855881,3895095,452,38.558765857756434,1103639148,3198910400,3199463900,1781213937530-0
s2sf12j2_redis_rep2_20260611_223851,redis,s2sf12j2_redis_rep2_20260611_223851,562401df-4355-4944-8719-51a612c1a9e4,3895095,452,38.558765857756434,1103639148,3199570400,3200085300,1781213937530-1
s2sf12j2_redis_rep2_20260611_223851,redis,s2sf12j2_redis_rep2_20260611_223851,2988f030-9c1f-4b43-a9ef-bb40ccd30baf,3895107,452,36.67755125431503,1087962360,3200253000,3200755100,1781213937531-0
s2sf12j2_redis_rep2_20260611_223851,redis,s2sf12j2_redis_rep2_20260611_223851,cdb30149-43dd-46d2-92c4-3dc2397ef658,3895052,452,36.7109013687287,1088240278,3200865600,3201424300,1781213937532-0
s2sf12j2_redis_rep2_20260611_223851,redis,s2sf12j2_redis_rep2_20260611_223851,05b640b0-13b9-48c3-b52d-679bc686e685,3895113,452,36.20531248368913,1084027037,3201571900,3202274000,1781213937532-1
s2sf12j2_redis_rep2_20260611_223851,redis,s2sf12j2_redis_rep2_20260611_223851,c8ce5549-a9a7-4f14-8b52-b83cc42f3648,3895113,452,36.20531248368913,1084027037,3202379500,3203376900,1781213937533-0
s2sf12j2_redis_rep2_20260611_223851,redis,s2sf12j2_redis_rep2_20260611_223851,814fb2d7-1214-492b-a557-424d881a39b9,3895095,453,38.64209919108977,1104333593,3203579400,3204210200,1781213937534-0
s2sf12j2_redis_rep2_20260611_223851,redis,s2sf12j2_redis_rep2_20260611_223851,46ffd64a-4a1f-4599-b3e3-8042b4b734fe,3895095,453,38.64209919108977,1104333593,3204374200,3204959700,1781213937535-0
s2sf12j2_redis_rep2_20260611_223851,redis,s2sf12j2_redis_rep2_20260611_223851,2d4f6202-ddf8-4c7d-b4c6-7865d1ee2d9a,3895095,453,38.64209919108977,1104333593,3205097500,3205660100,1781213937536-0
s2sf12j2_redis_rep2_20260611_223851,redis,s2sf12j2_redis_rep2_20260611_223851,66d6548d-fbc0-4b16-bbf4-d750db45eef9,3895095,453,38.64209919108977,1104333593,3205794200,3206375600,1781213937537-0
s2sf12j2_redis_rep2_20260611_223851,redis,s2sf12j2_redis_rep2_20260611_223851,607c5b51-d7ec-438d-93ef-ebf85683ee29,3895074,453,38.21442011198595,1100769600,3206506700,3207127000,1781213937537-1
s2sf12j2_redis_rep2_20260611_223851,redis,s2sf12j2_redis_rep2_20260611_223851,c3f11a7d-9340-497b-b55d-694fa591352f,3895052,453,36.79423470206204,1088934722,3207263300,3207813300,1781213937538-0
s2sf12j2_redis_rep2_20260611_223851,redis,s2sf12j2_redis_rep2_20260611_223851,9aaf638b-090b-4334-8cb2-e4d9b159468c,3895095,454,38.72543252442311,1105028037,3207920600,3208507700,1781213937539-0
s2sf12j2_redis_rep2_20260611_223851,redis,s2sf12j2_redis_rep2_20260611_223851,221fe015-6903-4898-9281-e04ad1b39ff0,3895095,454,38.72543252442311,1105028037,3208653100,3209258200,1781213937540-0
s2sf12j2_redis_rep2_20260611_223851,redis,s2sf12j2_redis_rep2_20260611_223851,d7ba7e07-c73e-423b-84f1-70abd62a92b9,3895095,454,38.72543252442311,1105028037,3209395900,3209948300,1781213937540-1
s2sf12j2_redis_rep2_20260611_223851,redis,s2sf12j2_redis_rep2_20260611_223851,a939137f-bea7-4c25-b7d4-cbbe6b8a0871,3895074,454,38.29775344531929,1101464045,3210059900,3210576100,1781213937541-0
s2sf12j2_redis_rep2_20260611_223851,redis,s2sf12j2_redis_rep2_20260611_223851,a61a8556-cb94-4b66-bd46-faf3a7e21f96,3895074,454,38.29775344531929,1101464045,3210755800,3211237500,1781213937542-0
s2sf12j2_redis_rep2_20260611_223851,redis,s2sf12j2_redis_rep2_20260611_223851,55f30dc9-0b28-4fad-a716-611d02ca20f6,3895107,454,36.8442179209817,1089351249,3211362600,3211954900,1781213937542-1
s2sf12j2_redis_rep2_20260611_223851,redis,s2sf12j2_redis_rep2_20260611_223851,0b3025ce-3cd4-4898-ad5c-a207b61c6fa0,3895107,454,36.8442179209817,1089351249,3212049900,3212587600,1781213937543-0
s2sf12j2_redis_rep2_20260611_223851,redis,s2sf12j2_redis_rep2_20260611_223851,dd4a183d-6153-4d52-8dbf-9478194bba81,3895052,454,36.87756803539537,1089629166,3212719600,3213277100,1781213937544-0
s2sf12j2_redis_rep2_20260611_223851,redis,s2sf12j2_redis_rep2_20260611_223851,f2ededc6-6bc7-4ec7-b0e9-c711011e1672,3895052,454,36.87756803539537,1089629166,3213431200,3214131800,1781213937544-1
s2sf12j2_redis_rep2_20260611_223851,redis,s2sf12j2_redis_rep2_20260611_223851,a8a72c19-64a7-4275-912e-ef6b5f09a1f7,3895095,455,38.808765857756434,1105722482,3214258900,3214822500,1781213937545-0
s2sf12j2_redis_rep2_20260611_223851,redis,s2sf12j2_redis_rep2_20260611_223851,3f500bae-930c-4345-852e-c3aa1f1c4ab2,3895095,455,38.808765857756434,1105722482,3214927200,3215563200,1781213937546-0
s2sf12j2_redis_rep2_20260611_223851,redis,s2sf12j2_redis_rep2_20260611_223851,26d91e47-0723-4830-b97b-9df16efd50ec,3895074,455,38.381086778652616,1102158489,3215681700,3216355500,1781213937547-0
s2sf12j2_redis_rep2_20260611_223851,redis,s2sf12j2_redis_rep2_20260611_223851,1a555a66-cc7a-4994-a8c7-8aafdaf302f5,3895060,455,39.66603606168656,1112866400,3216528000,3217165800,1781213937547-1
s2sf12j2_redis_rep2_20260611_223851,redis,s2sf12j2_redis_rep2_20260611_223851,caef69b5-9e37-4445-b866-fcf687c3e390,3895060,455,39.66603606168656,1112866400,3217293800,3217862100,1781213937548-0
s2sf12j2_redis_rep2_20260611_223851,redis,s2sf12j2_redis_rep2_20260611_223851,ea192fda-5da8-47b1-9bfb-0e70fec60b62,3895107,455,36.92755125431503,1090045693,3217987200,3218632000,1781213937549-0
s2sf12j2_redis_rep2_20260611_223851,redis,s2sf12j2_redis_rep2_20260611_223851,4da864ef-2e5e-4a17-857e-dff8921feadf,3895052,455,36.9609013687287,1090323611,3218791800,3219401800,1781213937550-0
s2sf12j2_redis_rep2_20260611_223851,redis,s2sf12j2_redis_rep2_20260611_223851,4b618b31-6291-411b-b4c1-4aee61c4f5fa,3895052,455,36.9609013687287,1090323611,3219548700,3220047600,1781213937550-1
s2sf12j2_redis_rep2_20260611_223851,redis,s2sf12j2_redis_rep2_20260611_223851,e3715e70-0150-4c42-b6f5-5fc67e792b5c,3895095,456,38.89209919108977,1106416926,3220182400,3220830500,1781213937551-0
s2sf12j2_redis_rep2_20260611_223851,redis,s2sf12j2_redis_rep2_20260611_223851,df68f0b4-6ffa-4f02-8711-7859862b0ec0,3895095,456,38.89209919108977,1106416926,3220965200,3221628200,1781213937552-0
s2sf12j2_redis_rep2_20260611_223851,redis,s2sf12j2_redis_rep2_20260611_223851,e9d549aa-6725-4174-93bf-3d3fa63e74bb,3895095,456,38.89209919108977,1106416926,3221744300,3222220200,1781213937553-0
s2sf12j2_redis_rep2_20260611_223851,redis,s2sf12j2_redis_rep2_20260611_223851,d0f4abbd-6eb7-4821-8b4f-d17041acec3b,3895121,456,37.68841307476514,1096386208,3222316100,3222848700,1781213937553-1
s2sf12j2_redis_rep2_20260611_223851,redis,s2sf12j2_redis_rep2_20260611_223851,b1d291fe-7aee-4867-a98f-2689070334d8,3895074,456,38.46442011198595,1102852934,3222944900,3223470500,1781213937554-0
s2sf12j2_redis_rep2_20260611_223851,redis,s2sf12j2_redis_rep2_20260611_223851,ed5ace9b-d57f-4e11-ab3f-0434c560a8cf,3895074,456,38.46442011198595,1102852934,3223590400,3224107600,1781213937554-1
s2sf12j2_redis_rep2_20260611_223851,redis,s2sf12j2_redis_rep2_20260611_223851,6aee31be-f0a9-4a1f-a9d5-0e49c287c868,3895107,456,37.01088458764836,1090740138,3224247100,3224783200,1781213937555-0
s2sf12j2_redis_rep2_20260611_223851,redis,s2sf12j2_redis_rep2_20260611_223851,0af350f2-0e16-4edd-8330-da25fb192a18,3895134,456,37.39181324736076,1093914543,3224884800,3225381300,1781213937556-0
s2sf12j2_redis_rep2_20260611_223851,redis,s2sf12j2_redis_rep2_20260611_223851,206d1fc9-724f-407b-bd2e-f7229d50f9c2,3895107,456,37.01088458764836,1090740138,3225503100,3226056200,1781213937556-1
s2sf12j2_redis_rep2_20260611_223851,redis,s2sf12j2_redis_rep2_20260611_223851,b337407f-efd0-435a-94a6-83a6c2bb3954,3895052,456,37.04423470206204,1091018055,3226170700,3226710600,1781213937557-0
s2sf12j2_redis_rep2_20260611_223851,redis,s2sf12j2_redis_rep2_20260611_223851,b56165c6-a538-4491-a5aa-b4fae53fbbd9,3895052,456,37.04423470206204,1091018055,3226831000,3227509500,1781213937558-0
s2sf12j2_redis_rep2_20260611_223851,redis,s2sf12j2_redis_rep2_20260611_223851,7b77ded3-e0cc-48e7-8dea-d345a900cc2f,3895095,457,38.97543252442311,1107111371,3227631300,3228200500,1781213937558-1
s2sf12j2_redis_rep2_20260611_223851,redis,s2sf12j2_redis_rep2_20260611_223851,8e9297e9-7710-444e-b0a0-d4baedd59a14,3895095,457,38.97543252442311,1107111371,3228310100,3228890300,1781213937559-0
s2sf12j2_redis_rep2_20260611_223851,redis,s2sf12j2_redis_rep2_20260611_223851,5327bb35-e325-4f4a-932b-5af3b43aa66b,3895095,457,38.97543252442311,1107111371,3229028400,3229534000,1781213937560-0
s2sf12j2_redis_rep2_20260611_223851,redis,s2sf12j2_redis_rep2_20260611_223851,e97f8dff-6503-43fa-9166-9e4d0887fdf9,3895074,457,38.54775344531929,1103547378,3229667900,3230274700,1781213937561-0
s2sf12j2_redis_rep2_20260611_223851,redis,s2sf12j2_redis_rep2_20260611_223851,2d15aee8-4df9-4656-af9c-720bf6dfc649,3895052,457,37.12756803539537,1091712500,3230467800,3231101300,1781213937561-1
s2sf12j2_redis_rep2_20260611_223851,redis,s2sf12j2_redis_rep2_20260611_223851,62649c3a-5540-4243-8052-9ae849db85f5,3895052,457,37.12756803539537,1091712500,3231230100,3231818700,1781213937562-0
s2sf12j2_redis_rep2_20260611_223851,redis,s2sf12j2_redis_rep2_20260611_223851,f10cc719-391f-424d-aae8-efd754f59dd7,3895121,458,37.8550797414318,1097775097,3231927400,3232489000,1781213937563-0
s2sf12j2_redis_rep2_20260611_223851,redis,s2sf12j2_redis_rep2_20260611_223851,a4934cc2-8ef4-495c-bc4e-df3cf2b212da,3895074,458,38.631086778652616,1104241823,3232612900,3233394200,1781213937564-0
s2sf12j2_redis_rep2_20260611_223851,redis,s2sf12j2_redis_rep2_20260611_223851,c5c5e7b2-54dc-4971-a74c-bd2bdf94793f,3895074,458,38.631086778652616,1104241823,3233566000,3234106000,1781213937564-1
s2sf12j2_redis_rep2_20260611_223851,redis,s2sf12j2_redis_rep2_20260611_223851,32f8e637-c16d-4b4c-b85d-fc95990dfa4f,3895134,458,37.55847991402742,1095303432,3234259600,3234843800,1781213937565-0
s2sf12j2_redis_rep2_20260611_223851,redis,s2sf12j2_redis_rep2_20260611_223851,a4c7a862-88ed-4f34-9dd8-e1713bb51715,3895107,458,37.17755125431503,1092129027,3234957300,3235579100,1781213937566-0
s2sf12j2_redis_rep2_20260611_223851,redis,s2sf12j2_redis_rep2_20260611_223851,8bec23da-7750-41a3-8251-f36c0b885996,3895134,458,37.55847991402742,1095303432,3235701300,3236313200,1781213937567-0
s2sf12j2_redis_rep2_20260611_223851,redis,s2sf12j2_redis_rep2_20260611_223851,4a08e193-2786-43e0-9ffe-56c78618f834,3895052,458,37.2109013687287,1092406944,3236481800,3237201500,1781213937567-1
s2sf12j2_redis_rep2_20260611_223851,redis,s2sf12j2_redis_rep2_20260611_223851,5d97f886-bb28-4ff2-b012-ebe08e1b7273,3895095,459,39.14209919108977,1108500259,3237329100,3237954300,1781213937568-0
s2sf12j2_redis_rep2_20260611_223851,redis,s2sf12j2_redis_rep2_20260611_223851,92a75d72-f624-4425-90b8-1d5e6def39ad,3895095,459,39.14209919108977,1108500259,3238082900,3238708000,1781213937569-0
s2sf12j2_redis_rep2_20260611_223851,redis,s2sf12j2_redis_rep2_20260611_223851,238c7763-291c-4d40-9337-187234311381,3895121,459,37.93841307476514,1098469542,3238800700,3239328600,1781213937570-0
s2sf12j2_redis_rep2_20260611_223851,redis,s2sf12j2_redis_rep2_20260611_223851,afaf9839-b81b-4a1d-a69b-53fb5b774396,3895060,459,39.99936939501989,1115644178,3239442000,3239942500,1781213937570-1
s2sf12j2_redis_rep2_20260611_223851,redis,s2sf12j2_redis_rep2_20260611_223851,88bde0c4-1921-4b8c-b860-2210237f7120,3895095,460,39.22543252442311,1109194704,3240064100,3240654500,1781213937571-0
s2sf12j2_redis_rep2_20260611_223851,redis,s2sf12j2_redis_rep2_20260611_223851,2e6acea9-1c64-4bd5-82b4-2fe1bce0b813,3895095,460,39.22543252442311,1109194704,3240775800,3241280200,1781213937572-0
s2sf12j2_redis_rep2_20260611_223851,redis,s2sf12j2_redis_rep2_20260611_223851,d523accf-3f1d-43e3-8dcc-a353fe988df8,3895095,460,39.22543252442311,1109194704,3241378200,3242260300,1781213937573-0
s2sf12j2_redis_rep2_20260611_223851,redis,s2sf12j2_redis_rep2_20260611_223851,239092b2-14e5-4575-9a63-5bcc238710a3,3895121,460,38.02174640809847,1099163986,3242348700,3242868700,1781213937573-1
s2sf12j2_redis_rep2_20260611_223851,redis,s2sf12j2_redis_rep2_20260611_223851,2d762f47-0fa3-4b48-98ec-51f41b3c9354,3895121,460,38.02174640809847,1099163986,3242979900,3243550900,1781213937574-0
s2sf12j2_redis_rep2_20260611_223851,redis,s2sf12j2_redis_rep2_20260611_223851,c367e51f-e64a-4726-b766-ec4ff7d2b14a,3895074,460,38.79775344531929,1105630712,3243658200,3244249500,1781213937574-1
s2sf12j2_redis_rep2_20260611_223851,redis,s2sf12j2_redis_rep2_20260611_223851,c87070a8-07a6-4fee-983f-aa48d673713a,3895074,460,38.79775344531929,1105630712,3244346000,3244934800,1781213937575-0
s2sf12j2_redis_rep2_20260611_223851,redis,s2sf12j2_redis_rep2_20260611_223851,b733fd23-9b01-495b-8bb0-7d1ecd1f931c,3895052,460,37.37756803539537,1093795833,3245029000,3245574000,1781213937576-0
s2sf12j2_redis_rep2_20260611_223851,redis,s2sf12j2_redis_rep2_20260611_223851,4c8b961c-84f8-4d34-8a2b-761b7a844729,3895052,460,37.37756803539537,1093795833,3245697200,3246234000,1781213937577-0
s2sf12j2_redis_rep2_20260611_223851,redis,s2sf12j2_redis_rep2_20260611_223851,c0fa9213-52b9-498c-9e8c-c1d0dc23e151,3895095,461,39.308765857756434,1109889148,3246364100,3246958700,1781213937577-1
s2sf12j2_redis_rep2_20260611_223851,redis,s2sf12j2_redis_rep2_20260611_223851,84185410-7e7a-4bde-9167-c77472da6f02,3895121,461,38.1050797414318,1099858431,3247043400,3247597300,1781213937578-0
s2sf12j2_redis_rep2_20260611_223851,redis,s2sf12j2_redis_rep2_20260611_223851,516a4d87-898d-4d5d-b215-ac49cabeefa6,3895121,461,38.1050797414318,1099858431,3247679500,3248216100,1781213937578-1
s2sf12j2_redis_rep2_20260611_223851,redis,s2sf12j2_redis_rep2_20260611_223851,2ed079cf-316c-49f9-81e1-3ef4be51a781,3895060,461,40.16603606168656,1117033067,3248372000,3249073800,1781213937579-0
s2sf12j2_redis_rep2_20260611_223851,redis,s2sf12j2_redis_rep2_20260611_223851,6f369506-eb4a-44eb-8e9b-1b97d4df5f1e,3895060,461,40.16603606168656,1117033067,3249203800,3249765300,1781213937580-0
s2sf12j2_redis_rep2_20260611_223851,redis,s2sf12j2_redis_rep2_20260611_223851,31b4ac75-15c9-4c9c-b364-e3b4249615d8,3895134,461,37.80847991402742,1097386765,3249883800,3250431300,1781213937581-0
s2sf12j2_redis_rep2_20260611_223851,redis,s2sf12j2_redis_rep2_20260611_223851,425142a0-9e3d-4c06-bc82-c5251ab9110b,3895052,461,37.4609013687287,1094490278,3250541300,3251069900,1781213937581-1
s2sf12j2_redis_rep2_20260611_223851,redis,s2sf12j2_redis_rep2_20260611_223851,7c0caa0a-62f0-4167-9cae-d99bbd90617c,3895052,461,37.4609013687287,1094490278,3251152600,3251656200,1781213937582-0
s2sf12j2_redis_rep2_20260611_223851,redis,s2sf12j2_redis_rep2_20260611_223851,efbee4a5-cc43-4c7a-acd9-b8d078139a3c,3895095,462,39.39209919108977,1110583593,3251734600,3252205500,1781213937583-0
s2sf12j2_redis_rep2_20260611_223851,redis,s2sf12j2_redis_rep2_20260611_223851,a56f2177-d30d-4033-99e5-8e4fa235d870,3895095,462,39.39209919108977,1110583593,3252285200,3252801900,1781213937583-1
s2sf12j2_redis_rep2_20260611_223851,redis,s2sf12j2_redis_rep2_20260611_223851,c707d2c3-2f14-4efb-a685-161f4f1d5ee1,3895134,462,37.89181324736076,1098081210,3252891500,3253404100,1781213937584-0
s2sf12j2_redis_rep2_20260611_223851,redis,s2sf12j2_redis_rep2_20260611_223851,95ec2cfc-f259-442a-adce-3f7490b89318,3895134,462,37.89181324736076,1098081210,3253487000,3253955200,1781213937584-1
s2sf12j2_redis_rep2_20260611_223851,redis,s2sf12j2_redis_rep2_20260611_223851,195d0d2e-c14e-4d70-ae08-02f9b7131881,3895060,463,40.332702728353226,1118421956,3254035600,3254505400,1781213937585-0
s2sf12j2_redis_rep2_20260611_223851,redis,s2sf12j2_redis_rep2_20260611_223851,1598f6b4-5117-4eda-9474-56753863ddc2,3895107,463,37.5942179209817,1095601249,3254588200,3255128800,1781213937585-1
s2sf12j2_redis_rep2_20260611_223851,redis,s2sf12j2_redis_rep2_20260611_223851,b8910a8d-b569-46d5-ad56-8aeab8e0839f,3895107,463,37.5942179209817,1095601249,3255211000,3255795200,1781213937586-0
s2sf12j2_redis_rep2_20260611_223851,redis,s2sf12j2_redis_rep2_20260611_223851,7f1ca876-71ed-4c9a-b4a6-6922cbbc8a49,3895107,463,37.5942179209817,1095601249,3255941300,3256607100,1781213937587-0
s2sf12j2_redis_rep2_20260611_223851,redis,s2sf12j2_redis_rep2_20260611_223851,7ca4fd65-7e82-4736-adf4-1896bf70d78b,3895134,463,37.975146580694094,1098775654,3256726800,3257249800,1781213937588-0
s2sf12j2_redis_rep2_20260611_223851,redis,s2sf12j2_redis_rep2_20260611_223851,2d2a9c85-0a00-4122-af37-aefab19aa857,3895121,464,38.3550797414318,1101941764,3257355300,3257822200,1781213937588-1
s2sf12j2_redis_rep2_20260611_223851,redis,s2sf12j2_redis_rep2_20260611_223851,1a96bfcb-690c-4dd0-a894-ac96b30fe16b,3895121,464,38.3550797414318,1101941764,3257929200,3258588700,1781213937589-0
s2sf12j2_redis_rep2_20260611_223851,redis,s2sf12j2_redis_rep2_20260611_223851,b84ab3e0-39fb-4518-b0ad-68526de7580d,3895121,464,38.3550797414318,1101941764,3258679900,3259278800,1781213937590-0
s2sf12j2_redis_rep2_20260611_223851,redis,s2sf12j2_redis_rep2_20260611_223851,deaa61aa-7e2d-476e-a1b3-c29f40339989,3895060,464,40.41603606168656,1119116400,3259434800,3259879700,1781213937590-1
s2sf12j2_redis_rep2_20260611_223851,redis,s2sf12j2_redis_rep2_20260611_223851,6431f2ce-702c-4ba2-8db4-37f2bd00ac89,3895060,464,40.41603606168656,1119116400,3259981300,3260554600,1781213937591-0
s2sf12j2_redis_rep2_20260611_223851,redis,s2sf12j2_redis_rep2_20260611_223851,61278b66-9180-45e5-bb3e-c71d04dbcef1,3895134,464,38.05847991402742,1099470099,3260641800,3261211100,1781213937591-1
s2sf12j2_redis_rep2_20260611_223851,redis,s2sf12j2_redis_rep2_20260611_223851,bb29f3c7-efe6-4b30-9d42-8a14bf33dc2f,3895134,464,38.05847991402742,1099470099,3261288800,3261827000,1781213937592-0
s2sf12j2_redis_rep2_20260611_223851,redis,s2sf12j2_redis_rep2_20260611_223851,b61ef879-a5f5-4c92-bd8f-b8e2ad5a36bf,3895052,464,37.7109013687287,1096573611,3261929800,3262434800,1781213937593-0
s2sf12j2_redis_rep2_20260611_223851,redis,s2sf12j2_redis_rep2_20260611_223851,1f6af878-619a-4af7-8f43-67c0d2456b67,3895121,465,38.43841307476514,1102636208,3262517300,3263036900,1781213937593-1
s2sf12j2_redis_rep2_20260611_223851,redis,s2sf12j2_redis_rep2_20260611_223851,c449a2d1-d78f-4f78-8ab2-c382e1ff6859,3895052,465,37.79423470206204,1097268055,3263143600,3263601900,1781213937594-0
s2sf12j2_redis_rep2_20260611_223851,redis,s2sf12j2_redis_rep2_20260611_223851,3551b7d1-4569-4b22-90e3-c6d14cacf651,3895052,465,37.79423470206204,1097268055,3263734700,3264368700,1781213937595-0
s2sf12j2_redis_rep2_20260611_223851,redis,s2sf12j2_redis_rep2_20260611_223851,303979a2-5837-4cc5-9ad1-3182030f82ac,3895074,466,39.29775344531929,1109797378,3264507300,3265050600,1781213937595-1
s2sf12j2_redis_rep2_20260611_223851,redis,s2sf12j2_redis_rep2_20260611_223851,013d4600-06a8-465f-bb35-4f44f2a423b2,3895074,466,39.29775344531929,1109797378,3265175300,3265726100,1781213937596-0
s2sf12j2_redis_rep2_20260611_223851,redis,s2sf12j2_redis_rep2_20260611_223851,f028e4d5-c6b7-48a4-9770-794e2dc738cd,3895074,466,39.29775344531929,1109797378,3265882200,3266470700,1781213937597-0
s2sf12j2_redis_rep2_20260611_223851,redis,s2sf12j2_redis_rep2_20260611_223851,e364364e-9cac-47ee-9ea2-c7e33822f265,3895060,466,40.582702728353226,1120505289,3266563000,3267183600,1781213937597-1
s2sf12j2_redis_rep2_20260611_223851,redis,s2sf12j2_redis_rep2_20260611_223851,4e0fe5a3-8297-4116-b4d7-bf851fd0018c,3895060,466,40.582702728353226,1120505289,3267300900,3267875300,1781213937598-0
s2sf12j2_redis_rep2_20260611_223851,redis,s2sf12j2_redis_rep2_20260611_223851,0af34aca-a254-4d7d-8ad5-ca72409977cf,3895060,466,40.582702728353226,1120505289,3268025700,3268602100,1781213937599-0
s2sf12j2_redis_rep2_20260611_223851,redis,s2sf12j2_redis_rep2_20260611_223851,b3ad3de4-6d68-4620-8f9d-18471494634b,3895060,466,40.582702728353226,1120505289,3268755300,3269434100,1781213937600-0
s2sf12j2_redis_rep2_20260611_223851,redis,s2sf12j2_redis_rep2_20260611_223851,63e6fa05-2c2d-470c-8275-6b8ceb496a4a,3895134,466,38.225146580694094,1100858988,3269543700,3270087700,1781213937600-1
s2sf12j2_redis_rep2_20260611_223851,redis,s2sf12j2_redis_rep2_20260611_223851,1b98f1a5-d346-455f-9529-27247914498c,3895134,466,38.225146580694094,1100858988,3270179400,3270708100,1781213937601-0
s2sf12j2_redis_rep2_20260611_223851,redis,s2sf12j2_redis_rep2_20260611_223851,0ee4dc5e-490f-44ef-9c59-4a579a982af0,3895086,466,38.49693779563739,1103123914,3270818800,3271443500,1781213937602-0
s2sf12j2_redis_rep2_20260611_223851,redis,s2sf12j2_redis_rep2_20260611_223851,a43c9bfe-f0d8-48d5-b593-c35fbbaa8d07,3895052,466,37.87756803539537,1097962500,3271563400,3272154300,1781213937602-1
s2sf12j2_redis_rep2_20260611_223851,redis,s2sf12j2_redis_rep2_20260611_223851,ac957123-6287-4181-9ddf-f91054f88fca,3895052,466,37.87756803539537,1097962500,3272246800,3272655400,1781213937603-0
s2sf12j2_redis_rep2_20260611_223851,redis,s2sf12j2_redis_rep2_20260611_223851,409b6135-4860-4196-a410-db4c43ac388a,3895052,466,37.87756803539537,1097962500,3272780100,3273304400,1781213937604-0
s2sf12j2_redis_rep2_20260611_223851,redis,s2sf12j2_redis_rep2_20260611_223851,ae6fca84-8fba-476a-a300-aa9d23f581cf,3895134,467,38.30847991402742,1101553432,3273426700,3273946300,1781213937604-1
s2sf12j2_redis_rep2_20260611_223851,redis,s2sf12j2_redis_rep2_20260611_223851,ae87be5f-b4b9-4fcf-b6d4-db27833ed71e,3895134,467,38.30847991402742,1101553432,3274092800,3274635200,1781213937605-0
s2sf12j2_redis_rep2_20260611_223851,redis,s2sf12j2_redis_rep2_20260611_223851,645b5472-b788-45fa-8455-62ba983607bb,3895134,467,38.30847991402742,1101553432,3274753000,3275352800,1781213937606-0
s2sf12j2_redis_rep2_20260611_223851,redis,s2sf12j2_redis_rep2_20260611_223851,84e1b20c-faa3-4218-bb1a-d82a46ce45a4,3895086,467,38.58027112897072,1103818359,3275444900,3276148700,1781213937606-1
s2sf12j2_redis_rep2_20260611_223851,redis,s2sf12j2_redis_rep2_20260611_223851,4c2acb78-bee3-4df6-bbcb-7a2df1dc374a,3895052,467,37.9609013687287,1098656944,3276303900,3276947100,1781213937607-0
s2sf12j2_redis_rep2_20260611_223851,redis,s2sf12j2_redis_rep2_20260611_223851,bd3bb747-07a6-41e7-a9e0-9b8907f415aa,3895074,468,39.46442011198595,1111186267,3277055100,3277734100,1781213937608-0
s2sf12j2_redis_rep2_20260611_223851,redis,s2sf12j2_redis_rep2_20260611_223851,d37e9558-faa8-4cce-8bcb-fbd8c48cf9cf,3895060,468,40.74936939501989,1121894178,3277817400,3278359700,1781213937609-0
s2sf12j2_redis_rep2_20260611_223851,redis,s2sf12j2_redis_rep2_20260611_223851,5409a951-4b20-4108-a97a-36a24c36cb89,3895060,468,40.74936939501989,1121894178,3278466400,3279092700,1781213937609-1
s2sf12j2_redis_rep2_20260611_223851,redis,s2sf12j2_redis_rep2_20260611_223851,30ef8b1c-6588-4e1e-bcf4-0d3c0a45c139,3895060,468,40.74936939501989,1121894178,3279199700,3279776400,1781213937610-0
s2sf12j2_redis_rep2_20260611_223851,redis,s2sf12j2_redis_rep2_20260611_223851,275defc8-f603-4d1d-b38a-f7b1899bdca9,3895086,468,38.66360446230406,1104512803,3279900200,3280667800,1781213937611-0
s2sf12j2_redis_rep2_20260611_223851,redis,s2sf12j2_redis_rep2_20260611_223851,16426f2c-7c8e-441a-a259-6347e0334371,3895086,468,38.66360446230406,1104512803,3280778300,3281332900,1781213937612-0
s2sf12j2_redis_rep2_20260611_223851,redis,s2sf12j2_redis_rep2_20260611_223851,bba80fb6-c872-411c-a2d2-d1c418948a2e,3895052,468,38.04423470206204,1099351389,3281467200,3282035100,1781213937612-1
s2sf12j2_redis_rep2_20260611_223851,redis,s2sf12j2_redis_rep2_20260611_223851,ce7e48a5-3f4f-4e84-a140-2689cd1f7712,3895052,468,38.04423470206204,1099351389,3282165600,3282822400,1781213937613-0
s2sf12j2_redis_rep2_20260611_223851,redis,s2sf12j2_redis_rep2_20260611_223851,a9def167-8157-42a4-96f3-e4b278ed2525,3895121,469,38.77174640809847,1105413986,3282952400,3283641200,1781213937614-0
s2sf12j2_redis_rep2_20260611_223851,redis,s2sf12j2_redis_rep2_20260611_223851,fa568f8a-62e2-45cb-b62c-69e3b2cacda4,3895121,469,38.77174640809847,1105413986,3283819100,3284384400,1781213937615-0
s2sf12j2_redis_rep2_20260611_223851,redis,s2sf12j2_redis_rep2_20260611_223851,ebfd9584-3fec-4468-b6c9-2b135766992e,3895121,469,38.77174640809847,1105413986,3284517400,3285147200,1781213937615-1
s2sf12j2_redis_rep2_20260611_223851,redis,s2sf12j2_redis_rep2_20260611_223851,80e8922d-98e3-4bc8-bcaf-156829157039,3895060,469,40.832702728353226,1122588622,3285266400,3285929900,1781213937616-0
s2sf12j2_redis_rep2_20260611_223851,redis,s2sf12j2_redis_rep2_20260611_223851,c9b74997-4a4f-4774-a1af-bf540a8a9b8b,3895060,469,40.832702728353226,1122588622,3286053900,3286577900,1781213937617-0
s2sf12j2_redis_rep2_20260611_223851,redis,s2sf12j2_redis_rep2_20260611_223851,68ee32a6-8016-4c53-b5a2-6df329c71f4c,3895134,469,38.475146580694094,1102942321,3286699600,3287270600,1781213937618-0
s2sf12j2_redis_rep2_20260611_223851,redis,s2sf12j2_redis_rep2_20260611_223851,b434c3de-f024-4a7b-9f87-a737b201d788,3895086,469,38.74693779563739,1105207248,3287349600,3287826100,1781213937618-1
s2sf12j2_redis_rep2_20260611_223851,redis,s2sf12j2_redis_rep2_20260611_223851,7f21e78e-001c-4e28-b353-a1175416b591,3895052,469,38.12756803539537,1100045833,3287948400,3288435500,1781213937619-0
s2sf12j2_redis_rep2_20260611_223851,redis,s2sf12j2_redis_rep2_20260611_223851,df41d240-b258-46b6-9a06-bb7dd255ee20,3895052,469,38.12756803539537,1100045833,3288532000,3289072100,1781213937619-1
s2sf12j2_redis_rep2_20260611_223851,redis,s2sf12j2_redis_rep2_20260611_223851,96c175b8-81bc-4f63-b47d-ee2fe7c7e8ff,3895121,470,38.8550797414318,1106108431,3289173500,3289682900,1781213937620-0
s2sf12j2_redis_rep2_20260611_223851,redis,s2sf12j2_redis_rep2_20260611_223851,4b0b32e6-dd8d-41ea-8863-b654c344fa3d,3895121,470,38.8550797414318,1106108431,3289776200,3290309000,1781213937621-0
s2sf12j2_redis_rep2_20260611_223851,redis,s2sf12j2_redis_rep2_20260611_223851,5362354e-6dbb-40e7-9ae8-6d34557bd7c7,3895121,470,38.8550797414318,1106108431,3290400100,3290930200,1781213937621-1
s2sf12j2_redis_rep2_20260611_223851,redis,s2sf12j2_redis_rep2_20260611_223851,f1a74c60-c0cd-467b-ac77-18a6169d4b7b,3895074,470,39.631086778652616,1112575156,3291016100,3291558100,1781213937622-0
s2sf12j2_redis_rep2_20260611_223851,redis,s2sf12j2_redis_rep2_20260611_223851,ed2e75e9-5843-4f97-b711-64b6bf43ecda,3895074,470,39.631086778652616,1112575156,3291636400,3292116100,1781213937622-1
s2sf12j2_redis_rep2_20260611_223851,redis,s2sf12j2_redis_rep2_20260611_223851,5292885e-2105-49ba-91e7-7f6279241aa9,3895074,470,39.631086778652616,1112575156,3292203500,3292810700,1781213937623-0
s2sf12j2_redis_rep2_20260611_223851,redis,s2sf12j2_redis_rep2_20260611_223851,a795d859-ddcc-42d7-9ce1-dd700c073a65,3895067,470,37.77656787822827,1097120832,3292893800,3293443600,1781213937624-0
s2sf12j2_redis_rep2_20260611_223851,redis,s2sf12j2_redis_rep2_20260611_223851,1d0a36b8-9678-4f8f-b24a-c000fa11ba73,3895067,470,37.77656787822827,1097120832,3293559300,3294337200,1781213937624-1
s2sf12j2_redis_rep2_20260611_223851,redis,s2sf12j2_redis_rep2_20260611_223851,af95cc8d-e342-4dc0-9da9-bb69cc894f5d,3895067,470,37.77656787822827,1097120832,3294444100,3295023900,1781213937625-0
s2sf12j2_redis_rep2_20260611_223851,redis,s2sf12j2_redis_rep2_20260611_223851,143e3880-b96d-4361-9887-8cea825d687d,3895086,470,38.83027112897072,1105901692,3295125900,3295742200,1781213937626-0
s2sf12j2_redis_rep2_20260611_223851,redis,s2sf12j2_redis_rep2_20260611_223851,83e68a0d-c4c4-4fc7-97dc-eb7f181765b9,3895086,470,38.83027112897072,1105901692,3295864100,3296603700,1781213937627-0
s2sf12j2_redis_rep2_20260611_223851,redis,s2sf12j2_redis_rep2_20260611_223851,b28f6401-5433-4435-b1f4-17cf164072f7,3895052,470,38.2109013687287,1100740278,3296776100,3297460400,1781213937628-0
s2sf12j2_redis_rep2_20260611_223851,redis,s2sf12j2_redis_rep2_20260611_223851,3fd1b5d6-f4a7-405d-be71-58f35782e15c,3895052,470,38.2109013687287,1100740278,3297613000,3298238800,1781213937629-0
s2sf12j2_redis_rep2_20260611_223851,redis,s2sf12j2_redis_rep2_20260611_223851,f23fcdfa-3dcf-4322-8d2e-f19f1e6c8d62,3895121,471,38.93841307476514,1106802875,3298387900,3299024000,1781213937629-1
s2sf12j2_redis_rep2_20260611_223851,redis,s2sf12j2_redis_rep2_20260611_223851,a26597e5-95eb-4963-a281-76f61140468d,3895121,471,38.93841307476514,1106802875,3299136900,3299738700,1781213937630-0
s2sf12j2_redis_rep2_20260611_223851,redis,s2sf12j2_redis_rep2_20260611_223851,2ad11371-a3df-4044-86dd-dc92f137f9f8,3895074,471,39.71442011198595,1113269600,3299857800,3300441100,1781213937631-0
s2sf12j2_redis_rep2_20260611_223851,redis,s2sf12j2_redis_rep2_20260611_223851,d89e977a-5af4-45cb-a248-6144e037ff02,3895067,471,37.859901211561606,1097815276,3300553500,3301092800,1781213937631-1
s2sf12j2_redis_rep2_20260611_223851,redis,s2sf12j2_redis_rep2_20260611_223851,70544f47-c38c-43dc-a3c3-d5811c80fe81,3895134,471,38.64181324736076,1104331210,3301206500,3301790600,1781213937632-0
s2sf12j2_redis_rep2_20260611_223851,redis,s2sf12j2_redis_rep2_20260611_223851,0628e032-a67c-461e-81b6-eb7ad1ca851f,3895134,471,38.64181324736076,1104331210,3301913600,3302508500,1781213937633-0
s2sf12j2_redis_rep2_20260611_223851,redis,s2sf12j2_redis_rep2_20260611_223851,f31a81ec-4289-4c9e-a352-8a8ecf402f40,3895134,471,38.64181324736076,1104331210,3302629800,3303165900,1781213937633-1
s2sf12j2_redis_rep2_20260611_223851,redis,s2sf12j2_redis_rep2_20260611_223851,564b992f-a93b-47e2-a3c8-58f58a03c64c,3895086,471,38.91360446230406,1106596137,3303259800,3303753000,1781213937634-0
s2sf12j2_redis_rep2_20260611_223851,redis,s2sf12j2_redis_rep2_20260611_223851,0e75662f-3fdf-48d0-80d9-e67fcfafc207,3895052,471,38.29423470206204,1101434722,3303847400,3304383500,1781213937635-0
s2sf12j2_redis_rep2_20260611_223851,redis,s2sf12j2_redis_rep2_20260611_223851,98b78ad0-eb59-4eb0-8829-c9320b3eebae,3895067,472,37.94323454489494,1098509721,3304507700,3304993900,1781213937635-1
s2sf12j2_redis_rep2_20260611_223851,redis,s2sf12j2_redis_rep2_20260611_223851,ea660348-9477-44af-a655-fcaed91d91f8,3895067,472,37.94323454489494,1098509721,3305081100,3305692400,1781213937636-0
s2sf12j2_redis_rep2_20260611_223851,redis,s2sf12j2_redis_rep2_20260611_223851,5438d909-eb08-4a8c-9503-c7bdd8f341b0,3895086,472,38.99693779563739,1107290581,3305821500,3306628100,1781213937637-0
s2sf12j2_redis_rep2_20260611_223851,redis,s2sf12j2_redis_rep2_20260611_223851,5a1224f9-cee7-481f-b467-6d6c61240bd0,3895074,473,39.881086778652616,1114658489,3306738000,3307174900,1781213937637-1
s2sf12j2_redis_rep2_20260611_223851,redis,s2sf12j2_redis_rep2_20260611_223851,736ddb9b-44e9-4a00-b625-037a699bbbda,3895074,473,39.881086778652616,1114658489,3307323000,3307906900,1781213937638-0
s2sf12j2_redis_rep2_20260611_223851,redis,s2sf12j2_redis_rep2_20260611_223851,033ce2f9-2f53-430a-ba21-b9765bb014d3,3895134,473,38.80847991402742,1105720099,3308000800,3308522500,1781213937639-0
s2sf12j2_redis_rep2_20260611_223851,redis,s2sf12j2_redis_rep2_20260611_223851,9c22693c-1a75-479c-a62b-ad9b8d7102f5,3895134,473,38.80847991402742,1105720099,3308603100,3309125800,1781213937639-1
s2sf12j2_redis_rep2_20260611_223851,redis,s2sf12j2_redis_rep2_20260611_223851,f4eea71a-2476-4f0c-8802-c9fe7503a3eb,3895086,473,39.08027112897072,1107985026,3309209700,3309797000,1781213937640-0
s2sf12j2_redis_rep2_20260611_223851,redis,s2sf12j2_redis_rep2_20260611_223851,96e8d159-a7c9-4e88-8221-cc6182130e2c,3895086,473,39.08027112897072,1107985026,3309899700,3310434300,1781213937641-0
s2sf12j2_redis_rep2_20260611_223851,redis,s2sf12j2_redis_rep2_20260611_223851,763d58f2-630f-42e6-84f6-858bc0a94324,3895067,474,38.109901211561606,1099898610,3310574500,3311064000,1781213937641-1
s2sf12j2_redis_rep2_20260611_223851,redis,s2sf12j2_redis_rep2_20260611_223851,0744fba3-56cb-428d-bf40-a354a2b63441,3895067,474,38.109901211561606,1099898610,3311173000,3311833300,1781213937642-0
s2sf12j2_redis_rep2_20260611_223851,redis,s2sf12j2_redis_rep2_20260611_223851,916a9bb1-597a-466a-a634-35a877e27113,3895067,474,38.109901211561606,1099898610,3311972400,3312604900,1781213937643-0
s2sf12j2_redis_rep2_20260611_223851,redis,s2sf12j2_redis_rep2_20260611_223851,fc654822-aa94-435d-a06c-7894b15c0bde,3895086,474,39.16360446230406,1108679470,3312757200,3313440700,1781213937644-0
s2sf12j2_redis_rep2_20260611_223851,redis,s2sf12j2_redis_rep2_20260611_223851,832afd0b-9588-4cc4-8963-9ecc26783b76,3895086,474,39.16360446230406,1108679470,3313585900,3314195900,1781213937644-1
s2sf12j2_redis_rep2_20260611_223851,redis,s2sf12j2_redis_rep2_20260611_223851,2cc8e083-9ca4-42e3-99e5-e3a2ee2ee57e,3895060,475,41.332702728353226,1126755289,3314313900,3314909500,1781213937645-0
s2sf12j2_redis_rep2_20260611_223851,redis,s2sf12j2_redis_rep2_20260611_223851,b7aa1457-1911-4c54-86d1-eeba7711879a,3895067,475,38.19323454489494,1100593054,3315024300,3315587600,1781213937646-0
s2sf12j2_redis_rep2_20260611_223851,redis,s2sf12j2_redis_rep2_20260611_223851,90c97a83-0af0-422d-bb6b-ac616a0e970c,3895067,475,38.19323454489494,1100593054,3315703800,3316274800,1781213937647-0
s2sf12j2_redis_rep2_20260611_223851,redis,s2sf12j2_redis_rep2_20260611_223851,f6e716c5-a169-4919-9d7e-ed4c2e6999f6,3895134,475,38.975146580694094,1107108988,3316450200,3317046400,1781213937647-1
s2sf12j2_redis_rep2_20260611_223851,redis,s2sf12j2_redis_rep2_20260611_223851,d09e1dad-7cbf-4ef4-b81e-5bfe0b54a46c,3895060,476,41.41603606168656,1127449733,3317163000,3317787300,1781213937648-0
s2sf12j2_redis_rep2_20260611_223851,redis,s2sf12j2_redis_rep2_20260611_223851,14c258e3-87a9-4477-8737-28fe88293009,3895060,476,41.41603606168656,1127449733,3317893700,3318438900,1781213937649-0
s2sf12j2_redis_rep2_20260611_223851,redis,s2sf12j2_redis_rep2_20260611_223851,8974c6d2-f53a-48ed-9034-774ad8eb6a0d,3895060,476,41.41603606168656,1127449733,3318533100,3319034700,1781213937649-1
s2sf12j2_redis_rep2_20260611_223851,redis,s2sf12j2_redis_rep2_20260611_223851,8848ed44-1708-4b22-9b9a-65f860954a94,3895067,476,38.27656787822827,1101287498,3319198200,3319780500,1781213937650-0
s2sf12j2_redis_rep2_20260611_223851,redis,s2sf12j2_redis_rep2_20260611_223851,a8ae1297-c18b-48d8-8655-2179adf257c6,3895134,476,39.05847991402742,1107803432,3319918500,3320563200,1781213937651-0
s2sf12j2_redis_rep2_20260611_223851,redis,s2sf12j2_redis_rep2_20260611_223851,117e1f76-6ab5-43de-9ce6-aed027465ea8,3895086,476,39.33027112897072,1110068359,3320734100,3321412100,1781213937652-0
s2sf12j2_redis_rep2_20260611_223851,redis,s2sf12j2_redis_rep2_20260611_223851,972ab2c7-5124-4546-881b-68c14ae1221e,3895060,477,41.49936939501989,1128144178,3321531400,3322081500,1781213937652-1
s2sf12j2_redis_rep2_20260611_223851,redis,s2sf12j2_redis_rep2_20260611_223851,ae535027-1a9b-460d-afb7-ca950e5f6454,3895060,477,41.49936939501989,1128144178,3322196000,3322738100,1781213937653-0
s2sf12j2_redis_rep2_20260611_223851,redis,s2sf12j2_redis_rep2_20260611_223851,8532b186-9a6a-4a44-a560-98874af82849,3895060,477,41.49936939501989,1128144178,3322880500,3323409700,1781213937654-0
s2sf12j2_redis_rep2_20260611_223851,redis,s2sf12j2_redis_rep2_20260611_223851,244dfe20-6f6e-4563-bb81-bd9571da46cc,3895067,477,38.359901211561606,1101981943,3323532700,3324049900,1781213937654-1
s2sf12j2_redis_rep2_20260611_223851,redis,s2sf12j2_redis_rep2_20260611_223851,8be3754f-352d-4b91-bea2-1ee0c8bcfee6,3895067,477,38.359901211561606,1101981943,3324172200,3324990900,1781213937655-0
s2sf12j2_redis_rep2_20260611_223851,redis,s2sf12j2_redis_rep2_20260611_223851,373dc7bd-d13d-460b-9ad3-78036b35a08c,3895134,477,39.14181324736076,1108497877,3325125100,3325667300,1781213937656-0
s2sf12j2_redis_rep2_20260611_223851,redis,s2sf12j2_redis_rep2_20260611_223851,6b49f0b1-0667-49fc-9bd5-b77c657d113e,3895134,477,39.14181324736076,1108497877,3325786800,3326525100,1781213937657-0
s2sf12j2_redis_rep2_20260611_223851,redis,s2sf12j2_redis_rep2_20260611_223851,953250cd-ee87-42f7-8410-b94cce63746a,3895134,477,39.14181324736076,1108497877,3326670300,3327562100,1781213937658-0
s2sf12j2_redis_rep2_20260611_223851,redis,s2sf12j2_redis_rep2_20260611_223851,7d4c9d22-2c9b-41d1-94c9-5a0adeb7353e,3895086,477,39.41360446230406,1110762803,3327742100,3328428400,1781213937659-0
s2sf12j2_redis_rep2_20260611_223851,redis,s2sf12j2_redis_rep2_20260611_223851,d2a3b47f-7400-4125-a313-daa4691f910e,3895086,477,39.41360446230406,1110762803,3328590600,3329293400,1781213937659-1
s2sf12j2_redis_rep2_20260611_223851,redis,s2sf12j2_redis_rep2_20260611_223851,ddde6ce4-3882-4c5f-8ff4-ec7aad5e9cea,3895060,478,41.582702728353226,1128838622,3329481500,3330322100,1781213937660-0
s2sf12j2_redis_rep2_20260611_223851,redis,s2sf12j2_redis_rep2_20260611_223851,370792a4-6940-42de-99a4-331696d204f2,3895060,478,41.582702728353226,1128838622,3330496900,3331216500,1781213937661-0
s2sf12j2_redis_rep2_20260611_223851,redis,s2sf12j2_redis_rep2_20260611_223851,f7ee8391-8962-4fd7-a136-65b296f2d8cf,3895134,478,39.225146580694094,1109192321,3331363400,3331984100,1781213937662-0
s2sf12j2_redis_rep2_20260611_223851,redis,s2sf12j2_redis_rep2_20260611_223851,8a1a4c5a-cfb0-428e-b323-174a4864193c,3895134,478,39.225146580694094,1109192321,3332127600,3332701200,1781213937663-0
s2sf12j2_redis_rep2_20260611_223851,redis,s2sf12j2_redis_rep2_20260611_223851,53f7dfa9-747e-4181-82ac-41ca2bc3822c,3895121,479,39.6050797414318,1112358431,3332822200,3333402400,1781213937664-0
s2sf12j2_redis_rep2_20260611_223851,redis,s2sf12j2_redis_rep2_20260611_223851,aedad7e5-5109-43e5-9b0d-81cfdf493ec6,3895107,479,38.92755125431503,1106712360,3333526200,3334128800,1781213937664-1
s2sf12j2_redis_rep2_20260611_223851,redis,s2sf12j2_redis_rep2_20260611_223851,16f91cec-0a01-42f4-8808-b253d5027be9,3895134,479,39.30847991402742,1109886765,3334317600,3334935300,1781213937665-0
s2sf12j2_redis_rep2_20260611_223851,redis,s2sf12j2_redis_rep2_20260611_223851,908f0f79-14ce-4dc5-ac04-dc1ce7df95c4,3895134,479,39.30847991402742,1109886765,3335091900,3335779000,1781213937666-0
s2sf12j2_redis_rep2_20260611_223851,redis,s2sf12j2_redis_rep2_20260611_223851,29b69ac5-f3de-4f44-8a84-890f758f85d5,3895134,479,39.30847991402742,1109886765,3335905600,3336419500,1781213937667-0
s2sf12j2_redis_rep2_20260611_223851,redis,s2sf12j2_redis_rep2_20260611_223851,89a798fc-4ca8-4ef3-b77b-b4067a3072e7,3895074,480,40.46442011198595,1119519600,3336525900,3337124200,1781213937667-1
s2sf12j2_redis_rep2_20260611_223851,redis,s2sf12j2_redis_rep2_20260611_223851,c6d9a786-6fdb-4837-b172-c7206bc135b3,3895086,480,39.66360446230406,1112846137,3337278300,3337873600,1781213937668-0
s2sf12j2_redis_rep2_20260611_223851,redis,s2sf12j2_redis_rep2_20260611_223851,24b86b4b-a054-4249-b219-ee01b5b9c20d,3895086,480,39.66360446230406,1112846137,3337994300,3338519100,1781213937669-0
s2sf12j2_redis_rep2_20260611_223851,redis,s2sf12j2_redis_rep2_20260611_223851,c42ddc13-8e10-4684-99d7-5725503214d8,3895086,480,39.66360446230406,1112846137,3338609900,3339186400,1781213937669-1
s2sf12j2_redis_rep2_20260611_223851,redis,s2sf12j2_redis_rep2_20260611_223851,7ef27699-3aca-4001-a41e-b73a91fafcfd,3895113,480,38.538645817022456,1103471481,3339294500,3339827800,1781213937670-0
s2sf12j2_redis_rep2_20260611_223851,redis,s2sf12j2_redis_rep2_20260611_223851,dbeb1fe3-ad84-404e-9f8d-0c1b827c1318,3895121,481,39.77174640809847,1113747320,3339916000,3340367300,1781213937671-0
s2sf12j2_redis_rep2_20260611_223851,redis,s2sf12j2_redis_rep2_20260611_223851,74ec5700-b779-47b1-85cd-96b1b98339f2,3895121,481,39.77174640809847,1113747320,3340441500,3341014100,1781213937671-1
s2sf12j2_redis_rep2_20260611_223851,redis,s2sf12j2_redis_rep2_20260611_223851,13b8dcbe-a434-4e86-971f-b214f2ea3e2e,3895134,481,39.475146580694094,1111275654,3341112400,3341675400,1781213937672-0
s2sf12j2_redis_rep2_20260611_223851,redis,s2sf12j2_redis_rep2_20260611_223851,4aacddba-d73e-4d40-ab6b-a9f793127492,3895134,481,39.475146580694094,1111275654,3341784300,3342350000,1781213937673-0
s2sf12j2_redis_rep2_20260611_223851,redis,s2sf12j2_redis_rep2_20260611_223851,3f5ddab5-27ce-47e8-af7e-336e770db44f,3895074,482,40.631086778652616,1120908489,3342445800,3343087500,1781213937673-1
s2sf12j2_redis_rep2_20260611_223851,redis,s2sf12j2_redis_rep2_20260611_223851,e2642e4c-ef25-4f71-9c1d-41ca3d90afb0,3895074,482,40.631086778652616,1120908489,3343209100,3343980000,1781213937674-0
s2sf12j2_redis_rep2_20260611_223851,redis,s2sf12j2_redis_rep2_20260611_223851,f4bf9f3e-fa6e-47a3-ad62-2932f0db7659,3895060,482,41.91603606168656,1131616400,3344177900,3344828900,1781213937675-0
s2sf12j2_redis_rep2_20260611_223851,redis,s2sf12j2_redis_rep2_20260611_223851,285cf6ae-4c95-4012-99f8-f22d78055627,3895060,482,41.91603606168656,1131616400,3344970100,3345532400,1781213937676-0
s2sf12j2_redis_rep2_20260611_223851,redis,s2sf12j2_redis_rep2_20260611_223851,837fea5f-21ea-4230-bbbd-6453627b552d,3895060,482,41.91603606168656,1131616400,3345654600,3346300200,1781213937677-0
s2sf12j2_redis_rep2_20260611_223851,redis,s2sf12j2_redis_rep2_20260611_223851,95238892-450f-4835-8948-5655fb7d2a1d,3895107,482,39.17755125431503,1108795693,3346421600,3346973700,1781213937677-1
s2sf12j2_redis_rep2_20260611_223851,redis,s2sf12j2_redis_rep2_20260611_223851,8993f7b5-53ef-4450-abf1-fc158962b361,3895107,482,39.17755125431503,1108795693,3347154600,3347641200,1781213937678-0
s2sf12j2_redis_rep2_20260611_223851,redis,s2sf12j2_redis_rep2_20260611_223851,0adc0c81-8baf-494a-95bc-290b2e78c770,3895113,482,38.70531248368913,1104860370,3347746900,3348360100,1781213937679-0
s2sf12j2_redis_rep2_20260611_223851,redis,s2sf12j2_redis_rep2_20260611_223851,b76bd532-c731-40f2-a89d-54e54004daa3,3895113,482,38.70531248368913,1104860370,3348469400,3349060700,1781213937679-1
s2sf12j2_redis_rep2_20260611_223851,redis,s2sf12j2_redis_rep2_20260611_223851,ceb3caa1-56d5-4fed-a5f7-845b5dfabc79,3895113,482,38.70531248368913,1104860370,3349145100,3349670000,1781213937680-0
s2sf12j2_redis_rep2_20260611_223851,redis,s2sf12j2_redis_rep2_20260611_223851,ca7748eb-3897-4456-b2ef-1f825740617b,3895121,483,39.93841307476514,1115136208,3349835400,3350366000,1781213937681-0
s2sf12j2_redis_rep2_20260611_223851,redis,s2sf12j2_redis_rep2_20260611_223851,8da412b2-81d6-413b-8752-bb248389a056,3895107,483,39.26088458764836,1109490138,3350515100,3351100800,1781213937681-1
s2sf12j2_redis_rep2_20260611_223851,redis,s2sf12j2_redis_rep2_20260611_223851,664c8602-ba21-44c4-a57e-03ca8bfbd2a3,3895086,483,39.91360446230406,1114929470,3351204100,3351869000,1781213937682-0
s2sf12j2_redis_rep2_20260611_223851,redis,s2sf12j2_redis_rep2_20260611_223851,92836f1b-71fd-43d3-aa9a-0311e4a62d38,3895113,483,38.788645817022456,1105554815,3351953900,3352477700,1781213937683-0
s2sf12j2_redis_rep2_20260611_223851,redis,s2sf12j2_redis_rep2_20260611_223851,047e3d1d-965e-451e-9e8d-46e9bfcf3e56,3895121,484,40.02174640809847,1115830653,3352563000,3353164300,1781213937683-1
s2sf12j2_redis_rep2_20260611_223851,redis,s2sf12j2_redis_rep2_20260611_223851,87d38202-5915-49d4-86be-09ae2f7ab10b,3895121,484,40.02174640809847,1115830653,3353283400,3353838600,1781213937684-0
s2sf12j2_redis_rep2_20260611_223851,redis,s2sf12j2_redis_rep2_20260611_223851,c3bfecfb-e856-4a3c-ba74-a055a8619542,3895074,484,40.79775344531929,1122297378,3353939600,3354519200,1781213937685-0
s2sf12j2_redis_rep2_20260611_223851,redis,s2sf12j2_redis_rep2_20260611_223851,a76d4db8-b7c8-4e40-bdf5-cf6c0cb201b4,3895060,484,42.082702728353226,1133005289,3354619700,3355145600,1781213937685-1
s2sf12j2_redis_rep2_20260611_223851,redis,s2sf12j2_redis_rep2_20260611_223851,951e7ac9-28e8-49ac-b093-c767b98fe62f,3895134,484,39.725146580694094,1113358988,3355244900,3355790100,1781213937686-0
s2sf12j2_redis_rep2_20260611_223851,redis,s2sf12j2_redis_rep2_20260611_223851,c778d902-0701-4e35-a2a4-5948422bd79f,3895121,485,40.1050797414318,1116525097,3355886600,3356481600,1781213937687-0
s2sf12j2_redis_rep2_20260611_223851,redis,s2sf12j2_redis_rep2_20260611_223851,b1af8396-df2a-4b40-ae2c-691eea7b965b,3895074,485,40.881086778652616,1122991823,3356563600,3357103400,1781213937687-1
s2sf12j2_redis_rep2_20260611_223851,redis,s2sf12j2_redis_rep2_20260611_223851,7d16a773-01d1-473b-812c-282c1e6890d5,3895074,485,40.881086778652616,1122991823,3357183900,3357687400,1781213937688-0
s2sf12j2_redis_rep2_20260611_223851,redis,s2sf12j2_redis_rep2_20260611_223851,8383a687-f70b-42dd-a2dd-22641f5009aa,3895060,485,42.16603606168656,1133699733,3357774800,3358284300,1781213937689-0
s2sf12j2_redis_rep2_20260611_223851,redis,s2sf12j2_redis_rep2_20260611_223851,85b77830-bcf8-4e34-bca8-468c92c6ef32,3895107,485,39.42755125431503,1110879027,3358403700,3358928100,1781213937689-1
s2sf12j2_redis_rep2_20260611_223851,redis,s2sf12j2_redis_rep2_20260611_223851,ed1633a7-5f8b-4e48-979f-8d47a597c0d4,3895107,485,39.42755125431503,1110879027,3359043900,3359584300,1781213937690-0
s2sf12j2_redis_rep2_20260611_223851,redis,s2sf12j2_redis_rep2_20260611_223851,7f90e39a-649d-4fca-98a8-b4d30215a07b,3895107,485,39.42755125431503,1110879027,3359693000,3360280100,1781213937691-0
s2sf12j2_redis_rep2_20260611_223851,redis,s2sf12j2_redis_rep2_20260611_223851,cd3fa78f-9ef8-4cab-bd96-c2ccf13db744,3895134,485,39.80847991402742,1114053432,3360429400,3361112800,1781213937691-1
s2sf12j2_redis_rep2_20260611_223851,redis,s2sf12j2_redis_rep2_20260611_223851,46b6748a-b45c-4b63-bd26-53c289b17e67,3895134,485,39.80847991402742,1114053432,3361266400,3361926500,1781213937692-0
s2sf12j2_redis_rep2_20260611_223851,redis,s2sf12j2_redis_rep2_20260611_223851,957393b2-53ad-4a4a-bfad-aa5fd3b4ca34,3895134,485,39.80847991402742,1114053432,3362078100,3362693900,1781213937693-0
s2sf12j2_redis_rep2_20260611_223851,redis,s2sf12j2_redis_rep2_20260611_223851,f0404473-617c-4442-b678-ffd5a3faec6d,3895086,485,40.08027112897072,1116318359,3362807900,3363305300,1781213937694-0
s2sf12j2_redis_rep2_20260611_223851,redis,s2sf12j2_redis_rep2_20260611_223851,be06b608-79e3-4e92-90c3-da7c46624e3c,3895086,485,40.08027112897072,1116318359,3363419400,3363901000,1781213937694-1
s2sf12j2_redis_rep2_20260611_223851,redis,s2sf12j2_redis_rep2_20260611_223851,43f04a8e-de91-457b-9151-2d6a0b0048f0,3895121,486,40.18841307476514,1117219542,3363982900,3364542800,1781213937695-0
s2sf12j2_redis_rep2_20260611_223851,redis,s2sf12j2_redis_rep2_20260611_223851,58d93f50-8b43-438f-8a71-654ba72953a2,3895121,486,40.18841307476514,1117219542,3364659900,3365238200,1781213937696-0
s2sf12j2_redis_rep2_20260611_223851,redis,s2sf12j2_redis_rep2_20260611_223851,a942d413-8e18-478c-b604-5b6c6e4da504,3895121,486,40.18841307476514,1117219542,3365340300,3365867900,1781213937696-1
s2sf12j2_redis_rep2_20260611_223851,redis,s2sf12j2_redis_rep2_20260611_223851,6b3565f7-be6c-4ed4-850f-cabf2e1cc00b,3895060,486,42.24936939501989,1134394178,3365968700,3366515200,1781213937697-0
s2sf12j2_redis_rep2_20260611_223851,redis,s2sf12j2_redis_rep2_20260611_223851,b303f39f-bb13-42dd-90fb-37542c2aa67c,3895060,486,42.24936939501989,1134394178,3366615400,3367061600,1781213937697-1
s2sf12j2_redis_rep2_20260611_223851,redis,s2sf12j2_redis_rep2_20260611_223851,6b555d33-1201-491e-b05a-daf424748369,3895107,486,39.51088458764836,1111573471,3367166100,3367607900,1781213937698-0
s2sf12j2_redis_rep2_20260611_223851,redis,s2sf12j2_redis_rep2_20260611_223851,c93be192-605a-420c-827a-3cfd01facaa6,3895134,486,39.89181324736076,1114747877,3367715600,3368291800,1781213937699-0
s2sf12j2_redis_rep2_20260611_223851,redis,s2sf12j2_redis_rep2_20260611_223851,a12affa9-0528-43ab-ba6c-bcf1e75acc94,3895113,486,39.038645817022456,1107638148,3368400500,3368940600,1781213937699-1
s2sf12j2_redis_rep2_20260611_223851,redis,s2sf12j2_redis_rep2_20260611_223851,e2ea1f32-6183-4d41-ad14-3eed7e69de60,3895121,487,40.27174640809847,1117913986,3369031300,3369574600,1781213937700-0
s2sf12j2_redis_rep2_20260611_223851,redis,s2sf12j2_redis_rep2_20260611_223851,d966ad98-cfbf-4352-9296-7184ce8dd5cf,3895121,487,40.27174640809847,1117913986,3369727400,3370352500,1781213937701-0
s2sf12j2_redis_rep2_20260611_223851,redis,s2sf12j2_redis_rep2_20260611_223851,05222980-8d38-4f2b-afc6-771c792f2ebd,3895074,487,41.04775344531929,1124380712,3370449300,3370972300,1781213937701-1
s2sf12j2_redis_rep2_20260611_223851,redis,s2sf12j2_redis_rep2_20260611_223851,2af02957-ad76-4bfb-8e72-dd95237e58ff,3895134,487,39.975146580694094,1115442321,3371067200,3371533000,1781213937702-0
s2sf12j2_redis_rep2_20260611_223851,redis,s2sf12j2_redis_rep2_20260611_223851,08f7eb42-654b-48d2-bb70-c124ee425bca,3895134,487,39.975146580694094,1115442321,3371628200,3372118700,1781213937702-1
s2sf12j2_redis_rep2_20260611_223851,redis,s2sf12j2_redis_rep2_20260611_223851,0e05c17a-6a6a-4714-b16c-2683603d2d25,3895134,487,39.975146580694094,1115442321,3372226700,3372767900,1781213937703-0
s2sf12j2_redis_rep2_20260611_223851,redis,s2sf12j2_redis_rep2_20260611_223851,ecf56765-45f3-4939-b7c7-80aae2e885f3,3895121,488,40.3550797414318,1118608431,3372874600,3373407300,1781213937704-0
s2sf12j2_redis_rep2_20260611_223851,redis,s2sf12j2_redis_rep2_20260611_223851,e6ecb80c-31c6-4993-80fd-fc4563512816,3895074,488,41.131086778652616,1125075156,3373517200,3374108200,1781213937704-1
s2sf12j2_redis_rep2_20260611_223851,redis,s2sf12j2_redis_rep2_20260611_223851,a5e5a83b-7802-41aa-b6d3-bdc3d89ef467,3895074,488,41.131086778652616,1125075156,3374407000,3374925000,1781213937705-0
s2sf12j2_redis_rep2_20260611_223851,redis,s2sf12j2_redis_rep2_20260611_223851,7c1ae576-43b9-4809-96a2-8d75d120bdf9,3895060,488,42.41603606168656,1135783067,3375061100,3375580500,1781213937706-0
s2sf12j2_redis_rep2_20260611_223851,redis,s2sf12j2_redis_rep2_20260611_223851,b4caad63-e87c-4d16-91e6-0713c3e66d8a,3895134,488,40.05847991402742,1116136765,3375712500,3376415900,1781213937707-0
s2sf12j2_redis_rep2_20260611_223851,redis,s2sf12j2_redis_rep2_20260611_223851,ce9bd9f3-7328-4fb6-8ce2-001279f6baca,3895134,488,40.05847991402742,1116136765,3376539600,3377288500,1781213937707-1
s2sf12j2_redis_rep2_20260611_223851,redis,s2sf12j2_redis_rep2_20260611_223851,3cecaa4c-ea18-46a7-af6f-8f5648494858,3895134,488,40.05847991402742,1116136765,3377408000,3378031700,1781213937708-0
s2sf12j2_redis_rep2_20260611_223851,redis,s2sf12j2_redis_rep2_20260611_223851,03cdcd5c-a767-497e-812a-1d9073e0c4a2,3895121,489,40.43841307476514,1119302875,3378147800,3378678900,1781213937709-0
s2sf12j2_redis_rep2_20260611_223851,redis,s2sf12j2_redis_rep2_20260611_223851,9117a504-f88b-4845-b57d-cf05f5639246,3895121,489,40.43841307476514,1119302875,3378792100,3379386900,1781213937710-0
s2sf12j2_redis_rep2_20260611_223851,redis,s2sf12j2_redis_rep2_20260611_223851,366f016f-4ca0-4933-82f3-1298e240909e,3895121,489,40.43841307476514,1119302875,3379503600,3380113900,1781213937710-1
s2sf12j2_redis_rep2_20260611_223851,redis,s2sf12j2_redis_rep2_20260611_223851,07808a67-ad47-47bc-a238-346452e54263,3895060,489,42.49936939501989,1136477511,3380227500,3380739500,1781213937711-0
s2sf12j2_redis_rep2_20260611_223851,redis,s2sf12j2_redis_rep2_20260611_223851,000f35a9-2b85-41c6-abac-a626f2441789,3895060,489,42.49936939501989,1136477511,3380826700,3381375400,1781213937712-0
s2sf12j2_redis_rep2_20260611_223851,redis,s2sf12j2_redis_rep2_20260611_223851,2bdddfbd-053f-4a97-8498-95abdc1c7dc4,3895107,489,39.76088458764836,1113656804,3381481900,3382161700,1781213937712-1
s2sf12j2_redis_rep2_20260611_223851,redis,s2sf12j2_redis_rep2_20260611_223851,98d06e2c-ae92-4556-a4f8-81378b516de0,3895107,489,39.76088458764836,1113656804,3382280400,3382902100,1781213937713-0
s2sf12j2_redis_rep2_20260611_223851,redis,s2sf12j2_redis_rep2_20260611_223851,06595666-fba3-4a30-8c54-cca4a3cbbaec,3895107,489,39.76088458764836,1113656804,3382990700,3383564700,1781213937714-0
s2sf12j2_redis_rep2_20260611_223851,redis,s2sf12j2_redis_rep2_20260611_223851,682d7033-38f1-439b-b78a-3d274b907f1f,3895121,490,40.52174640809847,1119997320,3383681000,3384308900,1781213937715-0
s2sf12j2_redis_rep2_20260611_223851,redis,s2sf12j2_redis_rep2_20260611_223851,a353dfdb-141a-410a-b45c-e1cb9388a566,3895121,490,40.52174640809847,1119997320,3384426800,3384941200,1781213937715-1
s2sf12j2_redis_rep2_20260611_223851,redis,s2sf12j2_redis_rep2_20260611_223851,2a543699-da87-4c42-89d1-1ea6ddb38055,3895074,490,41.29775344531929,1126464045,3385020100,3385674000,1781213937716-0
s2sf12j2_redis_rep2_20260611_223851,redis,s2sf12j2_redis_rep2_20260611_223851,56076b76-7d56-462c-a75f-447aa1a0bd14,3895107,490,39.8442179209817,1114351249,3385830000,3386456600,1781213937717-0
s2sf12j2_redis_rep2_20260611_223851,redis,s2sf12j2_redis_rep2_20260611_223851,99081fb6-b69d-4338-8f1f-922438e3783b,3895107,490,39.8442179209817,1114351249,3386571400,3387193500,1781213937717-1
s2sf12j2_redis_rep2_20260611_223851,redis,s2sf12j2_redis_rep2_20260611_223851,88bb115f-67ab-40f6-b4c7-766b19e452be,3895134,490,40.225146580694094,1117525654,3387286900,3387885200,1781213937718-0
s2sf12j2_redis_rep2_20260611_223851,redis,s2sf12j2_redis_rep2_20260611_223851,1d6db182-b7b7-4cab-968b-31ddf57127ab,3895134,490,40.225146580694094,1117525654,3388006200,3388684700,1781213937719-0
s2sf12j2_redis_rep2_20260611_223851,redis,s2sf12j2_redis_rep2_20260611_223851,ec6ea184-6d2d-4f2c-bab8-9ae0e7a5fb6f,3895134,490,40.225146580694094,1117525654,3388843600,3389425000,1781213937720-0
s2sf12j2_redis_rep2_20260611_223851,redis,s2sf12j2_redis_rep2_20260611_223851,7aa0cc37-69ea-4786-9980-3519c3255674,3895134,490,40.225146580694094,1117525654,3389569700,3390496400,1781213937720-1
s2sf12j2_redis_rep2_20260611_223851,redis,s2sf12j2_redis_rep2_20260611_223851,e06ad83e-9048-4b32-b1f7-ee0724959468,3895086,490,40.49693779563739,1119790581,3390667600,3391269400,1781213937722-0
s2sf12j2_redis_rep2_20260611_223851,redis,s2sf12j2_redis_rep2_20260611_223851,cdb3c3ca-1548-4619-a5c0-53922bd51131,3895121,491,40.6050797414318,1120691764,3391423200,3392076000,1781213937722-1
s2sf12j2_redis_rep2_20260611_223851,redis,s2sf12j2_redis_rep2_20260611_223851,bb930c94-f48c-4f37-9c5b-00ced40855ca,3895074,491,41.381086778652616,1127158489,3392210100,3392806600,1781213937723-0
s2sf12j2_redis_rep2_20260611_223851,redis,s2sf12j2_redis_rep2_20260611_223851,dd2f4e5f-d8ce-426b-9066-8df201864e61,3895074,491,41.381086778652616,1127158489,3392966800,3393545900,1781213937724-0
s2sf12j2_redis_rep2_20260611_223851,redis,s2sf12j2_redis_rep2_20260611_223851,304eb7ff-0921-45ca-b358-ab14cceba575,3895086,491,40.58027112897072,1120485026,3393642100,3394272400,1781213937725-0
s2sf12j2_redis_rep2_20260611_223851,redis,s2sf12j2_redis_rep2_20260611_223851,706e234a-813a-4d60-94c4-c9c4e0e5445d,3895086,491,40.58027112897072,1120485026,3394406500,3394864800,1781213937725-1
s2sf12j2_redis_rep2_20260611_223851,redis,s2sf12j2_redis_rep2_20260611_223851,21fdfd11-c287-40e0-acfb-4f3413472b55,3895113,491,39.45531248368913,1111110370,3394960800,3395439600,1781213937726-0
s2sf12j2_redis_rep2_20260611_223851,redis,s2sf12j2_redis_rep2_20260611_223851,8cf7a06e-4aa1-4d99-a448-2869a8267604,3895113,491,39.45531248368913,1111110370,3395563000,3396246100,1781213937726-1
s2sf12j2_redis_rep2_20260611_223851,redis,s2sf12j2_redis_rep2_20260611_223851,9c189581-25f5-452f-a479-b63e47e7a926,3895121,492,40.68841307476514,1121386208,3396370200,3396870700,1781213937727-0
s2sf12j2_redis_rep2_20260611_223851,redis,s2sf12j2_redis_rep2_20260611_223851,dbf5f764-0435-4902-a430-cdd06ae7e0b3,3895121,492,40.68841307476514,1121386208,3396973500,3397528500,1781213937728-0
s2sf12j2_redis_rep2_20260611_223851,redis,s2sf12j2_redis_rep2_20260611_223851,66f10fb4-e68e-4fc6-a501-501875d01502,3895134,492,40.39181324736076,1118914543,3397618300,3398093900,1781213937728-1
s2sf12j2_redis_rep2_20260611_223851,redis,s2sf12j2_redis_rep2_20260611_223851,c5834c0a-d01f-476c-859e-fa64401e82fa,3895060,493,42.832702728353226,1139255289,3398187300,3398643000,1781213937729-0
s2sf12j2_redis_rep2_20260611_223851,redis,s2sf12j2_redis_rep2_20260611_223851,e499c4aa-5490-4f72-90bd-747c7f989f5f,3895086,493,40.74693779563739,1121873914,3398728200,3399227500,1781213937730-0
s2sf12j2_redis_rep2_20260611_223851,redis,s2sf12j2_redis_rep2_20260611_223851,5e503645-a8a4-44f8-a69e-f410f81694b0,3895121,494,40.8550797414318,1122775097,3399341700,3400136800,1781213937730-1
s2sf12j2_redis_rep2_20260611_223851,redis,s2sf12j2_redis_rep2_20260611_223851,aa291908-f334-4120-ab4d-0d58856b1b06,3895060,494,42.91603606168656,1139949733,3400251400,3400804000,1781213937731-0
s2sf12j2_redis_rep2_20260611_223851,redis,s2sf12j2_redis_rep2_20260611_223851,9fd12bc1-c51b-440b-9dcb-07af878748e5,3895060,494,42.91603606168656,1139949733,3400945300,3401529200,1781213937732-0
s2sf12j2_redis_rep2_20260611_223851,redis,s2sf12j2_redis_rep2_20260611_223851,79bfca80-3bb9-428e-afd3-b10dcdfab364,3895107,494,40.17755125431503,1117129027,3401635500,3402113300,1781213937732-1
s2sf12j2_redis_rep2_20260611_223851,redis,s2sf12j2_redis_rep2_20260611_223851,282ccc6d-03c7-4a39-9b17-6c21b9d68061,3895134,494,40.55847991402742,1120303432,3402213600,3402819800,1781213937733-0
s2sf12j2_redis_rep2_20260611_223851,redis,s2sf12j2_redis_rep2_20260611_223851,f28a1fce-5c9a-4f7d-a147-140be4739f19,3895134,494,40.55847991402742,1120303432,3402932100,3403676300,1781213937734-0
s2sf12j2_redis_rep2_20260611_223851,redis,s2sf12j2_redis_rep2_20260611_223851,bc5cf701-66a0-4bbf-a349-b178a8999ebb,3895134,494,40.55847991402742,1120303432,3403829600,3404321100,1781213937735-0
s2sf12j2_redis_rep2_20260611_223851,redis,s2sf12j2_redis_rep2_20260611_223851,df02b885-6e54-4fa9-aa9c-3dea7d1f3e8c,3895086,494,40.83027112897072,1122568359,3404403100,3404917600,1781213937735-1
s2sf12j2_redis_rep2_20260611_223851,redis,s2sf12j2_redis_rep2_20260611_223851,38beb407-8de7-45aa-b363-9e9400b06786,3895086,494,40.83027112897072,1122568359,3405046100,3405713600,1781213937736-0
s2sf12j2_redis_rep2_20260611_223851,redis,s2sf12j2_redis_rep2_20260611_223851,fb16a882-9345-4f62-b3c2-b77deeb293cd,3895086,494,40.83027112897072,1122568359,3405856100,3406369700,1781213937737-0
s2sf12j2_redis_rep2_20260611_223851,redis,s2sf12j2_redis_rep2_20260611_223851,7f355249-a363-4945-8de6-0960fc538c4b,3895121,495,40.93841307476514,1123469542,3406476400,3407055500,1781213937737-1
s2sf12j2_redis_rep2_20260611_223851,redis,s2sf12j2_redis_rep2_20260611_223851,79b4d10f-cbf0-47c1-824f-6698d5e4edac,3895121,495,40.93841307476514,1123469542,3407160400,3407646600,1781213937738-0
s2sf12j2_redis_rep2_20260611_223851,redis,s2sf12j2_redis_rep2_20260611_223851,83eff5a7-d12d-45ef-ad82-77def160ad9a,3895107,495,40.26088458764836,1117823471,3407724900,3408195000,1781213937738-1
s2sf12j2_redis_rep2_20260611_223851,redis,s2sf12j2_redis_rep2_20260611_223851,a198c926-b88b-47aa-8e41-0e5e248b3b3c,3895107,495,40.26088458764836,1117823471,3408282300,3408822300,1781213937739-0
s2sf12j2_redis_rep2_20260611_223851,redis,s2sf12j2_redis_rep2_20260611_223851,4e9e9d9f-cdf5-43b2-a5f2-beb488fbcb19,3895134,495,40.64181324736076,1120997877,3408903000,3409422900,1781213937740-0
s2sf12j2_redis_rep2_20260611_223851,redis,s2sf12j2_redis_rep2_20260611_223851,95e4ada0-2e61-43c6-be13-450cc214cac9,3895052,495,40.29423470206204,1118101389,3409530400,3410045400,1781213937740-1
s2sf12j2_redis_rep2_20260611_223851,redis,s2sf12j2_redis_rep2_20260611_223851,36b81839-40f5-4f32-9b4c-dd3e73fb49c0,3895052,495,40.29423470206204,1118101389,3410147400,3410718900,1781213937741-0
s2sf12j2_redis_rep2_20260611_223851,redis,s2sf12j2_redis_rep2_20260611_223851,fb6fbf54-77ce-4f8e-b591-1c3957b2a36a,3895052,495,40.29423470206204,1118101389,3410818000,3411469400,1781213937742-0
s2sf12j2_redis_rep2_20260611_223851,redis,s2sf12j2_redis_rep2_20260611_223851,36d51267-1035-4ac7-bb14-68d6af0a1cd8,3895086,495,40.91360446230406,1123262803,3411568800,3412062900,1781213937742-1
s2sf12j2_redis_rep2_20260611_223851,redis,s2sf12j2_redis_rep2_20260611_223851,fa22a2ec-1760-4ad3-9e83-53154656b246,3895086,495,40.91360446230406,1123262803,3412175400,3412692500,1781213937743-0
s2sf12j2_redis_rep2_20260611_223851,redis,s2sf12j2_redis_rep2_20260611_223851,ae71ab01-5c07-4ff3-9c80-c8fd97b5bcf6,3895074,496,41.79775344531929,1130630712,3412794800,3413355000,1781213937744-0
s2sf12j2_redis_rep2_20260611_223851,redis,s2sf12j2_redis_rep2_20260611_223851,46528eab-fa59-442f-822e-3a79553c021d,3895060,496,43.082702728353226,1141338622,3413439000,3413865100,1781213937744-1
s2sf12j2_redis_rep2_20260611_223851,redis,s2sf12j2_redis_rep2_20260611_223851,23ccb833-f6d6-486d-b197-093b12a3b022,3895052,496,40.37756803539537,1118795833,3413944400,3414412700,1781213937745-0
s2sf12j2_redis_rep2_20260611_223851,redis,s2sf12j2_redis_rep2_20260611_223851,6e9c8830-ae8d-4c87-a2df-ea2f4e761a31,3895113,496,39.8719791503558,1114582592,3414494700,3415012200,1781213937745-1
s2sf12j2_redis_rep2_20260611_223851,redis,s2sf12j2_redis_rep2_20260611_223851,349c860b-0f6f-4a48-a3a4-82754df57b17,3895121,497,41.1050797414318,1124858431,3415121000,3415691500,1781213937746-0
s2sf12j2_redis_rep2_20260611_223851,redis,s2sf12j2_redis_rep2_20260611_223851,097d985b-dd53-44cd-aefd-f855260f26cd,3895121,497,41.1050797414318,1124858431,3415771800,3416315800,1781213937747-0
s2sf12j2_redis_rep2_20260611_223851,redis,s2sf12j2_redis_rep2_20260611_223851,2374f137-bec8-49e5-9330-16563a8a81d6,3895074,497,41.881086778652616,1131325156,3416427500,3417039200,1781213937747-1
s2sf12j2_redis_rep2_20260611_223851,redis,s2sf12j2_redis_rep2_20260611_223851,d469a9d6-e82d-4892-a8fe-b0d1e9aa81e9,3895121,497,41.1050797414318,1124858431,3417140300,3417723000,1781213937748-0
s2sf12j2_redis_rep2_20260611_223851,redis,s2sf12j2_redis_rep2_20260611_223851,ab2777c0-bfb8-4da2-8a20-10a2c3e3a93d,3895074,497,41.881086778652616,1131325156,3417800700,3418260100,1781213937749-0
s2sf12j2_redis_rep2_20260611_223851,redis,s2sf12j2_redis_rep2_20260611_223851,8d5f6a0f-1357-41f8-8bd9-68c2dc7442ee,3895121,497,41.1050797414318,1124858431,3418335100,3418782400,1781213937749-1
s2sf12j2_redis_rep2_20260611_223851,redis,s2sf12j2_redis_rep2_20260611_223851,00fa6196-4063-45d8-956c-06c3ea90ed18,3895060,497,43.16603606168656,1142033067,3418892300,3419476000,1781213937750-0
s2sf12j2_redis_rep2_20260611_223851,redis,s2sf12j2_redis_rep2_20260611_223851,b509255f-5ce8-4e0f-b9af-227898104cc3,3895052,497,40.4609013687287,1119490278,3419582900,3420396700,1781213937750-1
s2sf12j2_redis_rep2_20260611_223851,redis,s2sf12j2_redis_rep2_20260611_223851,94631ed6-f06b-4d80-bca3-78f4d71c9f63,3895052,497,40.4609013687287,1119490278,3420540500,3421131400,1781213937751-0
s2sf12j2_redis_rep2_20260611_223851,redis,s2sf12j2_redis_rep2_20260611_223851,a9527b6b-0623-4bab-bf54-aefec2fec1f9,3895052,497,40.4609013687287,1119490278,3421259700,3421915200,1781213937752-0
s2sf12j2_redis_rep2_20260611_223851,redis,s2sf12j2_redis_rep2_20260611_223851,31975108-41b0-4ba2-8378-59b33016cf30,3895121,498,41.18841307476514,1125552875,3422060900,3422674600,1781213937753-0
s2sf12j2_redis_rep2_20260611_223851,redis,s2sf12j2_redis_rep2_20260611_223851,cc427fbe-f6e8-4e63-952a-6b9e470993d8,3895121,498,41.18841307476514,1125552875,3422811800,3423511500,1781213937754-0
s2sf12j2_redis_rep2_20260611_223851,redis,s2sf12j2_redis_rep2_20260611_223851,d20b19c3-a48a-4459-bd05-f6f213cec7c4,3895107,498,40.51088458764836,1119906804,3423705700,3424280800,1781213937755-0
s2sf12j2_redis_rep2_20260611_223851,redis,s2sf12j2_redis_rep2_20260611_223851,8489e4af-e8a2-4a05-9209-57c43e56c29a,3895107,498,40.51088458764836,1119906804,3424391900,3424927800,1781213937755-1
s2sf12j2_redis_rep2_20260611_223851,redis,s2sf12j2_redis_rep2_20260611_223851,23f81b42-468f-482f-9fba-fd5a759ece05,3895052,498,40.54423470206204,1120184722,3425053800,3425822900,1781213937756-0
s2sf12j2_redis_rep2_20260611_223851,redis,s2sf12j2_redis_rep2_20260611_223851,4fa1ad05-9e3e-4aec-8aaa-ad45ae06e6f7,3895074,499,42.04775344531929,1132714045,3425936000,3426538900,1781213937757-0
s2sf12j2_redis_rep2_20260611_223851,redis,s2sf12j2_redis_rep2_20260611_223851,e9c3a5da-9830-40b2-9364-64162b43b582,3895086,499,41.24693779563739,1126040581,3426653800,3427298400,1781213937758-0
s2sf12j2_redis_rep2_20260611_223851,redis,s2sf12j2_redis_rep2_20260611_223851,feab16e4-3ce0-4fab-84a2-777868a3816a,3895052,499,40.62756803539537,1120879166,3427417400,3427987200,1781213937758-1
s2sf12j2_redis_rep2_20260611_223851,redis,s2sf12j2_redis_rep2_20260611_223851,62929983-b83d-42b8-b2e7-a9cb86bf9a51,3895052,499,40.62756803539537,1120879166,3428146900,3428798500,1781213937759-0
s2sf12j2_redis_rep2_20260611_223851,redis,s2sf12j2_redis_rep2_20260611_223851,9ac39e85-58a9-41c2-a2d7-2aecc4fbb2b3,3895052,499,40.62756803539537,1120879166,3428951200,3429631200,1781213937760-0
s2sf12j2_redis_rep2_20260611_223851,redis,s2sf12j2_redis_rep2_20260611_223851,b01f8464-7bf3-438a-8574-56324d3b599d,3895052,499,40.62756803539537,1120879166,3429749000,3430352200,1781213937761-0
s2sf12j2_redis_rep2_20260611_223851,redis,s2sf12j2_redis_rep2_20260611_223851,a4d8d068-2e7d-40c7-9473-b3a2519fcf1b,3895060,500,43.41603606168656,1144116400,3430454900,3431025000,1781213937761-1
s2sf12j2_redis_rep2_20260611_223851,redis,s2sf12j2_redis_rep2_20260611_223851,26f59fd2-69a8-42de-8dc6-df08ee3bdb3c,3895060,500,43.41603606168656,1144116400,3431137300,3431707600,1781213937762-0
s2sf12j2_redis_rep2_20260611_223851,redis,s2sf12j2_redis_rep2_20260611_223851,1b200e19-bcae-4e89-bbaf-519116e651e0,3895060,500,43.41603606168656,1144116400,3431793900,3432306500,1781213937763-0
s2sf12j2_redis_rep2_20260611_223851,redis,s2sf12j2_redis_rep2_20260611_223851,769c59c8-d90f-41d6-b6c9-c1084a76dd4c,3895052,500,40.7109013687287,1121573611,3432499000,3433123400,1781213937763-1
s2sf12j2_redis_rep2_20260611_223851,redis,s2sf12j2_redis_rep2_20260611_223851,dad1eb75-e6bd-46d1-8462-fa306e58eb98,3895052,500,40.7109013687287,1121573611,3433304000,3433890100,1781213937764-0
s2sf12j2_redis_rep2_20260611_223851,redis,s2sf12j2_redis_rep2_20260611_223851,01858249-1519-44d6-bb45-0aba8780753c,3895074,501,42.21442011198595,1134102934,3434052900,3434760900,1781213937765-0
s2sf12j2_redis_rep2_20260611_223851,redis,s2sf12j2_redis_rep2_20260611_223851,ef3a2a56-3dd3-458e-9803-1d23bab9927c,3895074,501,42.21442011198595,1134102934,3434932900,3435472100,1781213937766-0
s2sf12j2_redis_rep2_20260611_223851,redis,s2sf12j2_redis_rep2_20260611_223851,0eea2dd4-63e5-477d-89c8-11a6f2bc7cc3,3895121,501,41.43841307476514,1127636208,3435611900,3436280800,1781213937766-1
s2sf12j2_redis_rep2_20260611_223851,redis,s2sf12j2_redis_rep2_20260611_223851,4689ee5d-a165-41b9-9765-54cf26b89974,3895074,502,42.29775344531929,1134797378,3436462300,3437042600,1781213937767-0
s2sf12j2_redis_rep2_20260611_223851,redis,s2sf12j2_redis_rep2_20260611_223851,5e582e3c-1ad1-415a-b7bc-2f176f4c9446,3895121,502,41.52174640809847,1128330653,3437175600,3437843400,1781213937768-0
s2sf12j2_redis_rep2_20260611_223851,redis,s2sf12j2_redis_rep2_20260611_223851,5cdac360-9d16-49d3-9ffd-1919de2da36b,3895074,502,42.29775344531929,1134797378,3437999600,3438536100,1781213937769-0
s2sf12j2_redis_rep2_20260611_223851,redis,s2sf12j2_redis_rep2_20260611_223851,befe82b8-5c71-4a55-a5b4-02af982c82d8,3895121,502,41.52174640809847,1128330653,3438674400,3439350600,1781213937770-0
s2sf12j2_redis_rep2_20260611_223851,redis,s2sf12j2_redis_rep2_20260611_223851,b2197139-ab0d-4a33-a3ba-54116a30f7bb,3895121,502,41.52174640809847,1128330653,3439526800,3440159400,1781213937770-1
s2sf12j2_redis_rep2_20260611_223851,redis,s2sf12j2_redis_rep2_20260611_223851,b012221e-4a45-4aeb-9c92-fd453c3300f0,3895086,502,41.49693779563739,1128123914,3440301400,3440939800,1781213937771-0
s2sf12j2_redis_rep2_20260611_223851,redis,s2sf12j2_redis_rep2_20260611_223851,f318531c-c8ed-4a7e-97cd-55840d34acba,3895086,502,41.49693779563739,1128123914,3441076600,3441700400,1781213937772-0
s2sf12j2_redis_rep2_20260611_223851,redis,s2sf12j2_redis_rep2_20260611_223851,5c45bd25-de47-443a-8ed9-786514ebef57,3895086,502,41.49693779563739,1128123914,3441829800,3442390000,1781213937773-0
s2sf12j2_redis_rep2_20260611_223851,redis,s2sf12j2_redis_rep2_20260611_223851,6b55c7b4-0df3-495c-a316-e9d30d9d7cbf,3895121,503,41.6050797414318,1129025097,3442511800,3443079200,1781213937773-1
s2sf12j2_redis_rep2_20260611_223851,redis,s2sf12j2_redis_rep2_20260611_223851,67b8807d-e89c-444e-80ff-9af9f9fb413a,3895121,503,41.6050797414318,1129025097,3443201600,3443891500,1781213937774-0
s2sf12j2_redis_rep2_20260611_223851,redis,s2sf12j2_redis_rep2_20260611_223851,c36319b4-340c-4aa6-a301-87f79b484a51,3895121,503,41.6050797414318,1129025097,3444013000,3444513800,1781213937775-0
s2sf12j2_redis_rep2_20260611_223851,redis,s2sf12j2_redis_rep2_20260611_223851,50f1847f-5a57-4784-959a-1723f2df29b1,3895113,503,40.45531248368913,1119443704,3444630400,3445080500,1781213937775-1
s2sf12j2_redis_rep2_20260611_223851,redis,s2sf12j2_redis_rep2_20260611_223851,fbcb9f5a-d91a-47d4-afe2-3c2aa23dc067,3895121,504,41.68841307476514,1129719542,3445189700,3445783900,1781213937776-0
s2sf12j2_redis_rep2_20260611_223851,redis,s2sf12j2_redis_rep2_20260611_223851,60b55915-d435-48fd-898e-04f288d4b2c3,3895086,504,41.66360446230406,1129512803,3445891100,3446421700,1781213937777-0
s2sf12j2_redis_rep2_20260611_223851,redis,s2sf12j2_redis_rep2_20260611_223851,6e98b601-c611-457d-9593-f8d157c7f801,3895074,505,42.54775344531929,1136880712,3446530700,3446979600,1781213937777-1
s2sf12j2_redis_rep2_20260611_223851,redis,s2sf12j2_redis_rep2_20260611_223851,fb7d3b90-692d-43e5-a65d-8e61f6e5b040,3895074,505,42.54775344531929,1136880712,3447081800,3447523900,1781213937778-0
s2sf12j2_redis_rep2_20260611_223851,redis,s2sf12j2_redis_rep2_20260611_223851,a3cfd6b0-d711-4f55-84cc-be15bced671a,3895121,505,41.77174640809847,1130413986,3447625500,3448098900,1781213937778-1
s2sf12j2_redis_rep2_20260611_223851,redis,s2sf12j2_redis_rep2_20260611_223851,1da2d822-cce2-4126-8882-a2d996fd1656,3895121,505,41.77174640809847,1130413986,3448197400,3448700700,1781213937779-0
s2sf12j2_redis_rep2_20260611_223851,redis,s2sf12j2_redis_rep2_20260611_223851,df472239-e889-4914-beb3-d6285b5ce491,3895067,505,40.69323454489494,1121426387,3448809900,3449632700,1781213937780-0
s2sf12j2_redis_rep2_20260611_223851,redis,s2sf12j2_redis_rep2_20260611_223851,f57fccfc-218e-4f67-bc86-a0d2d3fe8f66,3895086,505,41.74693779563739,1130207248,3449746200,3450205700,1781213937781-0
s2sf12j2_redis_rep2_20260611_223851,redis,s2sf12j2_redis_rep2_20260611_223851,c856534a-3c18-4142-b38d-920963780018,3895086,505,41.74693779563739,1130207248,3450315600,3450888100,1781213937781-1
s2sf12j2_redis_rep2_20260611_223851,redis,s2sf12j2_redis_rep2_20260611_223851,61080830-9dbb-47f1-ac2e-01fc991446bf,3895113,505,40.6219791503558,1120832592,3451039200,3451787900,1781213937782-0
s2sf12j2_redis_rep2_20260611_223851,redis,s2sf12j2_redis_rep2_20260611_223851,ab45e3b1-1285-406a-a7df-f419271eb959,3895121,506,41.8550797414318,1131108431,3451934500,3452587000,1781213937783-0
s2sf12j2_redis_rep2_20260611_223851,redis,s2sf12j2_redis_rep2_20260611_223851,cd48420d-0319-4e1e-a89d-cb381910cea7,3895107,506,41.17755125431503,1125462360,3452729800,3453336200,1781213937784-0
s2sf12j2_redis_rep2_20260611_223851,redis,s2sf12j2_redis_rep2_20260611_223851,d376b111-5b18-48ea-b576-bc1d36938281,3895052,506,41.2109013687287,1125740278,3453470700,3454002800,1781213937784-1
s2sf12j2_redis_rep2_20260611_223851,redis,s2sf12j2_redis_rep2_20260611_223851,889c4db8-e13a-48e3-8db5-cee44aba727a,3895113,506,40.70531248368913,1121527037,3454131600,3454631600,1781213937785-0
s2sf12j2_redis_rep2_20260611_223851,redis,s2sf12j2_redis_rep2_20260611_223851,5908c90f-a5c7-482a-9a85-a6598518aca0,3895067,507,40.859901211561606,1122815276,3454745700,3455335900,1781213937786-0
s2sf12j2_redis_rep2_20260611_223851,redis,s2sf12j2_redis_rep2_20260611_223851,3a0f5619-1db6-4faa-9444-0b8c80f39327,3895067,507,40.859901211561606,1122815276,3455456600,3456014800,1781213937786-1
s2sf12j2_redis_rep2_20260611_223851,redis,s2sf12j2_redis_rep2_20260611_223851,52986c02-91fb-42f4-b028-11b2249bc4c3,3895067,507,40.859901211561606,1122815276,3456130000,3456584200,1781213937787-0
s2sf12j2_redis_rep2_20260611_223851,redis,s2sf12j2_redis_rep2_20260611_223851,cc0b3883-e667-4f14-b40b-0e23e63619f2,3895086,507,41.91360446230406,1131596137,3456700400,3457300800,1781213937788-0
s2sf12j2_redis_rep2_20260611_223851,redis,s2sf12j2_redis_rep2_20260611_223851,e6ec7ece-a735-482f-b3d2-ec79ecb4c08e,3895052,507,41.29423470206204,1126434722,3457456800,3458104800,1781213937788-1
s2sf12j2_redis_rep2_20260611_223851,redis,s2sf12j2_redis_rep2_20260611_223851,09901199-98b3-40fa-ac48-d43fed28f1ed,3895052,507,41.29423470206204,1126434722,3458218300,3458719400,1781213937789-0
s2sf12j2_redis_rep2_20260611_223851,redis,s2sf12j2_redis_rep2_20260611_223851,421e9071-e8f9-4792-9f29-d0723762e664,3895074,508,42.79775344531929,1138964045,3458809300,3459362900,1781213937790-0
s2sf12j2_redis_rep2_20260611_223851,redis,s2sf12j2_redis_rep2_20260611_223851,bbf627c7-85ce-4949-90b9-67bcb2cb9202,3895121,508,42.02174640809847,1132497320,3459445000,3459972500,1781213937790-1
s2sf12j2_redis_rep2_20260611_223851,redis,s2sf12j2_redis_rep2_20260611_223851,b1037ea4-9196-425b-98aa-8134344efb9d,3895121,508,42.02174640809847,1132497320,3460078200,3460597300,1781213937791-0
s2sf12j2_redis_rep2_20260611_223851,redis,s2sf12j2_redis_rep2_20260611_223851,d5b86ee5-b761-4e83-b57d-5220091344ad,3895060,508,44.082702728353226,1149671956,3460698600,3461304500,1781213937792-0
s2sf12j2_redis_rep2_20260611_223851,redis,s2sf12j2_redis_rep2_20260611_223851,a03e16dd-44d2-4881-ab44-489c1fdf20cb,3895107,508,41.3442179209817,1126851249,3461451400,3462068500,1781213937792-1
s2sf12j2_redis_rep2_20260611_223851,redis,s2sf12j2_redis_rep2_20260611_223851,4d025bbb-e591-4758-9a46-7fe0820c3bee,3895107,508,41.3442179209817,1126851249,3462223000,3462820700,1781213937793-0
s2sf12j2_redis_rep2_20260611_223851,redis,s2sf12j2_redis_rep2_20260611_223851,bca2b7a8-07ec-4b21-81e1-b4b6a784d816,3895086,508,41.99693779563739,1132290581,3462899900,3463437200,1781213937794-0
s2sf12j2_redis_rep2_20260611_223851,redis,s2sf12j2_redis_rep2_20260611_223851,083dd0fc-6b14-40c4-acda-73bcc04ee37c,3895086,508,41.99693779563739,1132290581,3463542300,3464102200,1781213937794-1
s2sf12j2_redis_rep2_20260611_223851,redis,s2sf12j2_redis_rep2_20260611_223851,b081d47f-920b-4fc7-8af2-cf60be8fd02e,3895052,508,41.37756803539537,1127129166,3464178100,3464631400,1781213937795-0
s2sf12j2_redis_rep2_20260611_223851,redis,s2sf12j2_redis_rep2_20260611_223851,2c0c5d4c-1c85-4581-83f5-49800846ca35,3895113,508,40.8719791503558,1122915926,3464713900,3465259000,1781213937796-0
s2sf12j2_redis_rep2_20260611_223851,redis,s2sf12j2_redis_rep2_20260611_223851,b14a1d3e-db7a-43da-b79c-401f7287dce6,3895113,508,40.8719791503558,1122915926,3465365600,3465788100,1781213937796-1
s2sf12j2_redis_rep2_20260611_223851,redis,s2sf12j2_redis_rep2_20260611_223851,c9563460-cbf2-424f-b83f-65b8d0e4d551,3895074,509,42.881086778652616,1139658489,3465873700,3466329600,1781213937797-0
s2sf12j2_redis_rep2_20260611_223851,redis,s2sf12j2_redis_rep2_20260611_223851,bd1a2f63-624a-4be7-a2c2-5f3708bcd61a,3895074,509,42.881086778652616,1139658489,3466404300,3466856400,1781213937797-1
s2sf12j2_redis_rep2_20260611_223851,redis,s2sf12j2_redis_rep2_20260611_223851,d812dcc3-393c-4ae3-8a6b-6035c319fca8,3895074,509,42.881086778652616,1139658489,3466930900,3467436700,1781213937798-0
s2sf12j2_redis_rep2_20260611_223851,redis,s2sf12j2_redis_rep2_20260611_223851,43f2530a-b5e4-4824-904d-7bcd7a452fb3,3895060,509,44.16603606168656,1150366400,3467559000,3468262500,1781213937798-1
s2sf12j2_redis_rep2_20260611_223851,redis,s2sf12j2_redis_rep2_20260611_223851,0e71b093-1f11-4790-9d02-3d5cba62b88e,3895060,509,44.16603606168656,1150366400,3468453200,3469164300,1781213937799-0
s2sf12j2_redis_rep2_20260611_223851,redis,s2sf12j2_redis_rep2_20260611_223851,1777e72e-d9a0-432d-a526-b44383537534,3895086,509,42.08027112897072,1132985026,3469362100,3470066300,1781213937800-0
s2sf12j2_redis_rep2_20260611_223851,redis,s2sf12j2_redis_rep2_20260611_223851,8a1cf37c-7492-4977-84f4-907948223c58,3895052,509,41.4609013687287,1127823611,3470188800,3470892800,1781213937801-0
s2sf12j2_redis_rep2_20260611_223851,redis,s2sf12j2_redis_rep2_20260611_223851,8d95c8b0-773f-44fd-9ed5-ce557f0b98c3,3895052,509,41.4609013687287,1127823611,3471017900,3471584000,1781213937802-0
s2sf12j2_redis_rep2_20260611_223851,redis,s2sf12j2_redis_rep2_20260611_223851,6f41d8bd-52f1-4795-8953-ea9e6b1ca541,3895074,510,42.96442011198595,1140352934,3471684400,3472228300,1781213937803-0
s2sf12j2_redis_rep2_20260611_223851,redis,s2sf12j2_redis_rep2_20260611_223851,707e2712-d8d0-4b39-93ac-3647b978fd93,3895067,510,41.109901211561606,1124898610,3472319400,3472774300,1781213937803-1
s2sf12j2_redis_rep2_20260611_223851,redis,s2sf12j2_redis_rep2_20260611_223851,a5cc2446-04a8-4eb1-82f0-358ed4234e3c,3895107,510,41.51088458764836,1128240138,3472891000,3473540500,1781213937804-0
s2sf12j2_redis_rep2_20260611_223851,redis,s2sf12j2_redis_rep2_20260611_223851,2feeace9-9f8b-42be-9d66-ffe05617788d,3895086,510,42.16360446230406,1133679470,3473652000,3474272400,1781213937805-0
s2sf12j2_redis_rep2_20260611_223851,redis,s2sf12j2_redis_rep2_20260611_223851,8b399507-b4f2-43ae-bfdf-92b3748cbe95,3895086,510,42.16360446230406,1133679470,3474417000,3474960600,1781213937805-1
s2sf12j2_redis_rep2_20260611_223851,redis,s2sf12j2_redis_rep2_20260611_223851,4814d196-9529-4781-a9e5-3d2bd2da645b,3895052,510,41.54423470206204,1128518055,3475108900,3475800200,1781213937806-0
s2sf12j2_redis_rep2_20260611_223851,redis,s2sf12j2_redis_rep2_20260611_223851,9e9bbbe9-6657-45a4-b8b2-5d9b0eb39bdc,3895086,510,42.16360446230406,1133679470,3475947900,3476640000,1781213937807-0
s2sf12j2_redis_rep2_20260611_223851,redis,s2sf12j2_redis_rep2_20260611_223851,bf565494-7169-456a-86fd-2b61f2002349,3895052,510,41.54423470206204,1128518055,3476752800,3477359500,1781213937808-0
s2sf12j2_redis_rep2_20260611_223851,redis,s2sf12j2_redis_rep2_20260611_223851,364b48ed-28a1-4f92-bb6b-2d50b7f8ab60,3895052,510,41.54423470206204,1128518055,3477449600,3477996500,1781213937808-1
s2sf12j2_redis_rep2_20260611_223851,redis,s2sf12j2_redis_rep2_20260611_223851,e4baa967-37f7-4f11-a846-e4b7de57a137,3895052,510,41.54423470206204,1128518055,3478114800,3478627500,1781213937809-0
s2sf12j2_redis_rep2_20260611_223851,redis,s2sf12j2_redis_rep2_20260611_223851,9aa4d688-5d3b-4354-b6f0-bde65819e05a,3895121,511,42.27174640809847,1134580653,3478719600,3479233200,1781213937810-0
s2sf12j2_redis_rep2_20260611_223851,redis,s2sf12j2_redis_rep2_20260611_223851,2c3e0b08-b58b-4293-b275-9542c9b9cfe8,3895086,511,42.24693779563739,1134373914,3479311300,3479813200,1781213937810-1
s2sf12j2_redis_rep2_20260611_223851,redis,s2sf12j2_redis_rep2_20260611_223851,41ec44b0-09af-4a1a-b648-2a5bbdcdaacc,3895113,511,41.1219791503558,1124999259,3479954400,3480648200,1781213937811-0
s2sf12j2_redis_rep2_20260611_223851,redis,s2sf12j2_redis_rep2_20260611_223851,95be481e-b01f-48a2-a7ee-8e5a9988246f,3895086,511,42.24693779563739,1134373914,3480746700,3481473700,1781213937812-0
s2sf12j2_redis_rep2_20260611_223851,redis,s2sf12j2_redis_rep2_20260611_223851,c69ec7ea-eade-4613-8dfb-b85ac6d7b245,3895113,511,41.1219791503558,1124999259,3481550300,3482105600,1781213937812-1
s2sf12j2_redis_rep2_20260611_223851,redis,s2sf12j2_redis_rep2_20260611_223851,8018154e-2201-424b-92e6-af940af71af8,3895086,511,42.24693779563739,1134373914,3482182100,3482738700,1781213937813-0
s2sf12j2_redis_rep2_20260611_223851,redis,s2sf12j2_redis_rep2_20260611_223851,d86d0853-7e38-4685-83e6-c970b529ed64,3895113,511,41.1219791503558,1124999259,3482842900,3483376900,1781213937814-0
s2sf12j2_redis_rep2_20260611_223851,redis,s2sf12j2_redis_rep2_20260611_223851,9c4dda21-6b09-4161-965f-cff7fb4f7695,3895074,512,43.131086778652616,1141741823,3483508600,3484107000,1781213937814-1
s2sf12j2_redis_rep2_20260611_223851,redis,s2sf12j2_redis_rep2_20260611_223851,a51bbcc1-1642-44dd-98df-d6d896639873,3895074,512,43.131086778652616,1141741823,3484227200,3484766600,1781213937815-0
s2sf12j2_redis_rep2_20260611_223851,redis,s2sf12j2_redis_rep2_20260611_223851,ea039a3e-36b4-4423-8123-4acdbfee6222,3895121,512,42.3550797414318,1135275097,3484929100,3485638100,1781213937816-0
s2sf12j2_redis_rep2_20260611_223851,redis,s2sf12j2_redis_rep2_20260611_223851,61d6b03d-09cb-4971-85d4-bf79b2d16af9,3895121,512,42.3550797414318,1135275097,3485781800,3486373700,1781213937817-0
s2sf12j2_redis_rep2_20260611_223851,redis,s2sf12j2_redis_rep2_20260611_223851,a44f6845-53e0-4746-8124-ef0bcef725ed,3895060,512,44.41603606168656,1152449733,3486490200,3487036200,1781213937817-1
s2sf12j2_redis_rep2_20260611_223851,redis,s2sf12j2_redis_rep2_20260611_223851,576e8524-ca4d-43b2-b2c0-4a99781138d8,3895060,512,44.41603606168656,1152449733,3487149900,3487670000,1781213937818-0
s2sf12j2_redis_rep2_20260611_223851,redis,s2sf12j2_redis_rep2_20260611_223851,7bae91e0-3b0a-4e74-9db6-4ee7415f29ed,3895060,512,44.41603606168656,1152449733,3487763600,3488226300,1781213937819-0
s2sf12j2_redis_rep2_20260611_223851,redis,s2sf12j2_redis_rep2_20260611_223851,7741a524-b265-4a90-8936-6f5c55318a03,3895060,512,44.41603606168656,1152449733,3488343400,3488889200,1781213937819-1
s2sf12j2_redis_rep2_20260611_223851,redis,s2sf12j2_redis_rep2_20260611_223851,bccf15ca-7a9c-4b7a-aa80-f9e4253e58c3,3895067,512,41.27656787822827,1126287498,3488975800,3489421300,1781213937820-0
s2sf12j2_redis_rep2_20260611_223851,redis,s2sf12j2_redis_rep2_20260611_223851,396ca39c-5519-4ba0-bcac-f6a1c1b47742,3895067,512,41.27656787822827,1126287498,3489520000,3490014700,1781213937820-1
s2sf12j2_redis_rep2_20260611_223851,redis,s2sf12j2_redis_rep2_20260611_223851,08c1a3ee-c054-4508-a673-b6383c63e127,3895086,512,42.33027112897072,1135068359,3490117800,3490591700,1781213937821-0
s2sf12j2_redis_rep2_20260611_223851,redis,s2sf12j2_redis_rep2_20260611_223851,74bd4e36-7331-453b-a774-836d5d02f062,3895086,512,42.33027112897072,1135068359,3490715200,3491243600,1781213937822-0
s2sf12j2_redis_rep2_20260611_223851,redis,s2sf12j2_redis_rep2_20260611_223851,1f254274-d98b-4654-98b1-be07e18b05d4,3895060,513,44.49936939501989,1153144178,3491327800,3491856000,1781213937822-1
s2sf12j2_redis_rep2_20260611_223851,redis,s2sf12j2_redis_rep2_20260611_223851,947c902c-d4cd-4cca-8b89-f3f14eaa36b3,3895060,513,44.49936939501989,1153144178,3491935400,3492426300,1781213937823-0
s2sf12j2_redis_rep2_20260611_223851,redis,s2sf12j2_redis_rep2_20260611_223851,7cfac252-e778-42f1-8ed0-2a05aa353412,3895067,513,41.359901211561606,1126981943,3492509100,3493096800,1781213937823-1
s2sf12j2_redis_rep2_20260611_223851,redis,s2sf12j2_redis_rep2_20260611_223851,c8531bb0-c0a2-44f4-89aa-d2eb333d62fd,3895107,513,41.76088458764836,1130323471,3493209000,3493842600,1781213937824-0
s2sf12j2_redis_rep2_20260611_223851,redis,s2sf12j2_redis_rep2_20260611_223851,c2325458-b1ce-4b61-9f06-8ee8b0899067,3895107,513,41.76088458764836,1130323471,3493959300,3494545000,1781213937825-0
s2sf12j2_redis_rep2_20260611_223851,redis,s2sf12j2_redis_rep2_20260611_223851,01330f1c-f49f-4233-ba26-d4cf784ad678,3895113,513,41.288645817022456,1126388148,3494626400,3495196700,1781213937825-1
s2sf12j2_redis_rep2_20260611_223851,redis,s2sf12j2_redis_rep2_20260611_223851,9bf24c58-941f-463e-b36b-dc42bb422bbb,3895113,513,41.288645817022456,1126388148,3495287600,3495849400,1781213937826-0
s2sf12j2_redis_rep2_20260611_223851,redis,s2sf12j2_redis_rep2_20260611_223851,2a47eb4b-6dd4-4358-9917-a409d773dc6c,3895086,513,42.41360446230406,1135762803,3495958000,3496534500,1781213937827-0
s2sf12j2_redis_rep2_20260611_223851,redis,s2sf12j2_redis_rep2_20260611_223851,f1f6da62-face-4e8d-8b7d-0215b1d54d6a,3895113,513,41.288645817022456,1126388148,3496644300,3497278900,1781213937828-0
s2sf12j2_redis_rep2_20260611_223851,redis,s2sf12j2_redis_rep2_20260611_223851,40d4ee39-20cc-4ade-ab81-5727e8e8af1b,3895121,514,42.52174640809847,1136663986,3497391900,3497892400,1781213937828-1
s2sf12j2_redis_rep2_20260611_223851,redis,s2sf12j2_redis_rep2_20260611_223851,dd61f0d7-af6d-4711-9660-e7285c960fdf,3895060,514,44.582702728353226,1153838622,3497996800,3498690800,1781213937829-0
s2sf12j2_redis_rep2_20260611_223851,redis,s2sf12j2_redis_rep2_20260611_223851,5edd7501-8186-468e-9079-ef1ca338755b,3895067,514,41.44323454489494,1127676387,3498864600,3499489000,1781213937830-0
s2sf12j2_redis_rep2_20260611_223851,redis,s2sf12j2_redis_rep2_20260611_223851,496c4c3c-7e45-459a-932d-d369e14648f3,3895067,514,41.44323454489494,1127676387,3499601200,3500157900,1781213937830-1
s2sf12j2_redis_rep2_20260611_223851,redis,s2sf12j2_redis_rep2_20260611_223851,6662b85c-bea2-4814-b738-e1395a763d9f,3895107,514,41.8442179209817,1131017916,3500276400,3500812700,1781213937831-0
s2sf12j2_redis_rep2_20260611_223851,redis,s2sf12j2_redis_rep2_20260611_223851,2752e67d-a614-4b54-a16f-900c27e20f16,3895113,514,41.3719791503558,1127082592,3500902100,3501497500,1781213937832-0
s2sf12j2_redis_rep2_20260611_223851,redis,s2sf12j2_redis_rep2_20260611_223851,16db44e3-3b0b-4fc9-8685-5018808a2372,3895060,515,44.66603606168656,1154533067,3501614000,3502234900,1781213937833-0
s2sf12j2_redis_rep2_20260611_223851,redis,s2sf12j2_redis_rep2_20260611_223851,ba454c0b-0cfe-411e-961e-b2b838c135d1,3895060,515,44.66603606168656,1154533067,3502347500,3503267600,1781213937833-1
s2sf12j2_redis_rep2_20260611_223851,redis,s2sf12j2_redis_rep2_20260611_223851,d2e0289b-8116-4401-a890-c839d2722444,3895067,515,41.52656787822827,1128370832,3503394500,3504120700,1781213937834-0
s2sf12j2_redis_rep2_20260611_223851,redis,s2sf12j2_redis_rep2_20260611_223851,618cf053-2206-4420-9615-011d1be96fa1,3895067,515,41.52656787822827,1128370832,3504244400,3504803700,1781213937835-0
s2sf12j2_redis_rep2_20260611_223851,redis,s2sf12j2_redis_rep2_20260611_223851,b186773d-0c6b-412a-a9ff-b024f91ff8d6,3895067,515,41.52656787822827,1128370832,3504888100,3505471900,1781213937836-0
s2sf12j2_redis_rep2_20260611_223851,redis,s2sf12j2_redis_rep2_20260611_223851,468426b8-5dca-4583-a16f-e7fc65e45f2d,3895107,515,41.92755125431503,1131712360,3505555100,3505991800,1781213937836-1
s2sf12j2_redis_rep2_20260611_223851,redis,s2sf12j2_redis_rep2_20260611_223851,a9c5212e-15a6-4280-873b-daf7dd3dd77d,3895107,515,41.92755125431503,1131712360,3506071700,3506585300,1781213937837-0
s2sf12j2_redis_rep2_20260611_223851,redis,s2sf12j2_redis_rep2_20260611_223851,11a33591-e999-4cd2-95ba-6988f22811d4,3895107,515,41.92755125431503,1131712360,3506663300,3507281100,1781213937838-0
s2sf12j2_redis_rep2_20260611_223851,redis,s2sf12j2_redis_rep2_20260611_223851,25a355bc-eb29-409d-b376-f40b1ddd60a5,3895113,515,41.45531248368913,1127777037,3507380700,3507823600,1781213937838-1
s2sf12j2_redis_rep2_20260611_223851,redis,s2sf12j2_redis_rep2_20260611_223851,11700670-0e62-42b1-b9bf-6b86fdc6e57a,3895113,515,41.45531248368913,1127777037,3507899400,3508478300,1781213937839-0
s2sf12j2_redis_rep2_20260611_223851,redis,s2sf12j2_redis_rep2_20260611_223851,9dee56a9-9275-4b4f-b3b4-f9461e40c061,3895074,516,43.46442011198595,1144519600,3508595900,3509106300,1781213937839-1
s2sf12j2_redis_rep2_20260611_223851,redis,s2sf12j2_redis_rep2_20260611_223851,d4a4b6ec-9625-438e-a709-e9c4038d7379,3895121,516,42.68841307476514,1138052875,3509190900,3509704200,1781213937840-0
s2sf12j2_redis_rep2_20260611_223851,redis,s2sf12j2_redis_rep2_20260611_223851,3da791bb-390e-4ccb-9344-bfef4fd966c3,3895121,516,42.68841307476514,1138052875,3509809000,3510440800,1781213937841-0
s2sf12j2_redis_rep2_20260611_223851,redis,s2sf12j2_redis_rep2_20260611_223851,e7ba2c84-9b71-4424-ae10-390ccc364bd0,3895060,516,44.74936939501989,1155227511,3510536700,3511148000,1781213937841-1
s2sf12j2_redis_rep2_20260611_223851,redis,s2sf12j2_redis_rep2_20260611_223851,e1900452-ba67-4981-a631-d7d973843a53,3895067,516,41.609901211561606,1129065276,3511253500,3511822800,1781213937842-0
s2sf12j2_redis_rep2_20260611_223851,redis,s2sf12j2_redis_rep2_20260611_223851,d1799f25-3a6d-44b7-b8e2-13ae58b02b31,3895107,516,42.01088458764836,1132406804,3511901900,3512363500,1781213937843-0
s2sf12j2_redis_rep2_20260611_223851,redis,s2sf12j2_redis_rep2_20260611_223851,bb2ec522-c94f-4d37-9104-3eac011aab1e,3895107,516,42.01088458764836,1132406804,3512439200,3512988900,1781213937843-1
s2sf12j2_redis_rep2_20260611_223851,redis,s2sf12j2_redis_rep2_20260611_223851,80342f59-095a-46c5-960c-d33edb58e89d,3895074,517,43.54775344531929,1145214045,3513078500,3513673100,1781213937844-0
s2sf12j2_redis_rep2_20260611_223851,redis,s2sf12j2_redis_rep2_20260611_223851,44fb2aca-0b6d-4a21-bc37-60141d9958a2,3895074,517,43.54775344531929,1145214045,3513811200,3514434500,1781213937845-0
s2sf12j2_redis_rep2_20260611_223851,redis,s2sf12j2_redis_rep2_20260611_223851,cb1133fe-2b8c-47f1-87ca-6822ee962229,3895060,517,44.832702728353226,1155921956,3514566500,3515150000,1781213937845-1
s2sf12j2_redis_rep2_20260611_223851,redis,s2sf12j2_redis_rep2_20260611_223851,ce594660-7c58-4437-bce3-46bda6f43677,3895060,517,44.832702728353226,1155921956,3515290000,3516242500,1781213937846-0
s2sf12j2_redis_rep2_20260611_223851,redis,s2sf12j2_redis_rep2_20260611_223851,307fb41d-a8e4-4032-aac3-61ac29190dc3,3895060,517,44.832702728353226,1155921956,3516350500,3517053100,1781213937847-0
s2sf12j2_redis_rep2_20260611_223851,redis,s2sf12j2_redis_rep2_20260611_223851,15f38ad4-b80e-49c0-b797-58fc2e508726,3895060,517,44.832702728353226,1155921956,3517215900,3517830500,1781213937848-0
s2sf12j2_redis_rep2_20260611_223851,redis,s2sf12j2_redis_rep2_20260611_223851,987af024-d57c-4ed6-a13e-78e2fcdaba0d,3895067,517,41.69323454489494,1129759721,3517926100,3518353400,1781213937849-0
s2sf12j2_redis_rep2_20260611_223851,redis,s2sf12j2_redis_rep2_20260611_223851,54ea6238-1075-455d-8f7b-20002c1a72dc,3895067,517,41.69323454489494,1129759721,3518455200,3518962300,1781213937849-1
s2sf12j2_redis_rep2_20260611_223851,redis,s2sf12j2_redis_rep2_20260611_223851,0c1f2874-e5d3-484f-8dd1-fe32faedeb29,3895113,517,41.6219791503558,1129165926,3519121400,3519795400,1781213937850-0
s2sf12j2_redis_rep2_20260611_223851,redis,s2sf12j2_redis_rep2_20260611_223851,2a25cb31-5e32-4c2b-8d68-23edf14c8a48,3895060,518,44.91603606168656,1156616400,3519899400,3520400600,1781213937851-0
s2sf12j2_redis_rep2_20260611_223851,redis,s2sf12j2_redis_rep2_20260611_223851,d7d9bb2e-61cf-458a-bddb-607b06f62208,3895060,518,44.91603606168656,1156616400,3520481800,3520966300,1781213937851-1
s2sf12j2_redis_rep2_20260611_223851,redis,s2sf12j2_redis_rep2_20260611_223851,01732720-50cd-4d38-8262-17749ccb1ad1,3895060,518,44.91603606168656,1156616400,3521044900,3521566500,1781213937852-0
s2sf12j2_redis_rep2_20260611_223851,redis,s2sf12j2_redis_rep2_20260611_223851,1918e176-5d63-4eff-b5b7-5836540fdac9,3895107,518,42.17755125431503,1133795693,3521671600,3522296100,1781213937853-0
s2sf12j2_redis_rep2_20260611_223851,redis,s2sf12j2_redis_rep2_20260611_223851,49d14939-2450-4ab8-b09d-76753d13cc23,3895067,519,41.859901211561606,1131148610,3522412900,3523004300,1781213937853-1
s2sf12j2_redis_rep2_20260611_223851,redis,s2sf12j2_redis_rep2_20260611_223851,f9f6ce8c-80f1-4bb7-b6cd-53a1629a771b,3895060,519,44.99936939501989,1157310844,3523117400,3523716500,1781213937854-0
s2sf12j2_redis_rep2_20260611_223851,redis,s2sf12j2_redis_rep2_20260611_223851,ef422be2-d385-4919-9e4c-4b4228eae971,3895067,519,41.859901211561606,1131148610,3523797400,3524234200,1781213937855-0
s2sf12j2_redis_rep2_20260611_223851,redis,s2sf12j2_redis_rep2_20260611_223851,b8f9bd6b-9a37-4794-a85d-6f812ad4e301,3895067,519,41.859901211561606,1131148610,3524312400,3524753200,1781213937855-1
s2sf12j2_redis_rep2_20260611_223851,redis,s2sf12j2_redis_rep2_20260611_223851,98e7f20a-28db-49e7-a4f9-88c516782a38,3895067,519,41.859901211561606,1131148610,3524828600,3525268300,1781213937856-0
s2sf12j2_redis_rep2_20260611_223851,redis,s2sf12j2_redis_rep2_20260611_223851,1b30f7b4-a2f4-40c0-9335-1edaa3de5712,3895107,519,42.26088458764836,1134490138,3525341400,3525793500,1781213937856-1
s2sf12j2_redis_rep2_20260611_223851,redis,s2sf12j2_redis_rep2_20260611_223851,e72dc9b5-9f93-4650-9995-76d13c4c57d1,3895107,519,42.26088458764836,1134490138,3525865600,3526316600,1781213937857-0
s2sf12j2_redis_rep2_20260611_223851,redis,s2sf12j2_redis_rep2_20260611_223851,a2ee9a83-1908-4f93-94dd-384a2f5307fb,3895074,520,43.79775344531929,1147297378,3526385700,3526843900,1781213937857-1
s2sf12j2_redis_rep2_20260611_223851,redis,s2sf12j2_redis_rep2_20260611_223851,97fad311-53da-45b1-9717-a2093f668ed8,3895121,520,43.02174640809847,1140830653,3526950500,3527597400,1781213937858-0
s2sf12j2_redis_rep2_20260611_223851,redis,s2sf12j2_redis_rep2_20260611_223851,6384539d-b3da-405b-a218-c451b8266af7,3895060,520,45.082702728353226,1158005289,3527674800,3528132000,1781213937858-1
s2sf12j2_redis_rep2_20260611_223851,redis,s2sf12j2_redis_rep2_20260611_223851,55ba4e9b-a045-4940-86fd-798ea3f396f0,3895060,520,45.082702728353226,1158005289,3528206400,3528805300,1781213937859-0
s2sf12j2_redis_rep2_20260611_223851,redis,s2sf12j2_redis_rep2_20260611_223851,b9414508-e2ef-431a-a120-12b5df982604,3895060,520,45.082702728353226,1158005289,3528881500,3529516400,1781213937860-0
s2sf12j2_redis_rep2_20260611_223851,redis,s2sf12j2_redis_rep2_20260611_223851,f9715d9b-f136-405f-9c3a-37d9e1c7f7ec,3895107,520,42.3442179209817,1135184582,3529654700,3530112700,1781213937860-1
s2sf12j2_redis_rep2_20260611_223851,redis,s2sf12j2_redis_rep2_20260611_223851,427f23e2-9f1d-4bf8-8f85-c861ade4c627,3895113,520,41.8719791503558,1131249259,3530238900,3530824000,1781213937861-0
s2sf12j2_redis_rep2_20260611_223851,redis,s2sf12j2_redis_rep2_20260611_223851,59e64ca6-6769-446c-9659-93e6adee6c3a,3895113,520,41.8719791503558,1131249259,3530965100,3531542700,1781213937862-0
s2sf12j2_redis_rep2_20260611_223851,redis,s2sf12j2_redis_rep2_20260611_223851,6863a428-b5a4-4564-b24d-d5f89a670a56,3895074,521,43.881086778652616,1147991823,3531719200,3532339600,1781213937863-0
s2sf12j2_redis_rep2_20260611_223851,redis,s2sf12j2_redis_rep2_20260611_223851,8f79565a-a90d-4d26-909d-bbcdeaccba2d,3895074,521,43.881086778652616,1147991823,3532521300,3533244500,1781213937863-1
s2sf12j2_redis_rep2_20260611_223851,redis,s2sf12j2_redis_rep2_20260611_223851,0a04a0e3-695a-44fb-bd5c-ad69c331d69f,3895074,521,43.881086778652616,1147991823,3533456600,3534245000,1781213937864-0
s2sf12j2_redis_rep2_20260611_223851,redis,s2sf12j2_redis_rep2_20260611_223851,100ca139-0417-4dc3-859a-dfc70383e14e,3895121,521,43.1050797414318,1141525097,3534415700,3535050400,1781213937865-0
s2sf12j2_redis_rep2_20260611_223851,redis,s2sf12j2_redis_rep2_20260611_223851,6bb0889f-9c99-43b3-8e1b-2ee506e1152b,3895121,521,43.1050797414318,1141525097,3535196800,3535771400,1781213937866-0
s2sf12j2_redis_rep2_20260611_223851,redis,s2sf12j2_redis_rep2_20260611_223851,d04d92f0-9341-4805-aa5e-860c0f597675,3895067,521,42.02656787822827,1132537498,3535891100,3536394800,1781213937867-0
s2sf12j2_redis_rep2_20260611_223851,redis,s2sf12j2_redis_rep2_20260611_223851,81db2ad5-3ed7-4089-afc5-f6110181b19b,3895060,521,45.16603606168656,1158699733,3536570300,3537186100,1781213937867-1
s2sf12j2_redis_rep2_20260611_223851,redis,s2sf12j2_redis_rep2_20260611_223851,3c13745a-2a7f-4c59-8e84-f53e76666ec1,3895067,521,42.02656787822827,1132537498,3537317400,3537842100,1781213937868-0
s2sf12j2_redis_rep2_20260611_223851,redis,s2sf12j2_redis_rep2_20260611_223851,e900863b-6a63-498e-a44a-fc911d66d242,3895060,521,45.16603606168656,1158699733,3537965100,3538415200,1781213937869-0
s2sf12j2_redis_rep2_20260611_223851,redis,s2sf12j2_redis_rep2_20260611_223851,16f54a3a-428e-4f0c-aadb-ce44890fd041,3895067,521,42.02656787822827,1132537498,3538535800,3539016400,1781213937869-1
s2sf12j2_redis_rep2_20260611_223851,redis,s2sf12j2_redis_rep2_20260611_223851,1c7ef114-f32e-4af6-bb53-0123d788159f,3895060,521,45.16603606168656,1158699733,3539107800,3539723700,1781213937870-0
s2sf12j2_redis_rep2_20260611_223851,redis,s2sf12j2_redis_rep2_20260611_223851,925eaa91-afdb-45d5-b9f3-0e05080ddba1,3895107,521,42.42755125431503,1135879027,3539888800,3540557600,1781213937871-0
s2sf12j2_redis_rep2_20260611_223851,redis,s2sf12j2_redis_rep2_20260611_223851,384ddab3-0b7c-488d-8e9d-9ee9c937d8d5,3895107,521,42.42755125431503,1135879027,3540723100,3541374900,1781213937872-0
s2sf12j2_redis_rep2_20260611_223851,redis,s2sf12j2_redis_rep2_20260611_223851,0bbb1280-45ac-457c-95da-2864bd579cec,3895113,521,41.95531248368913,1131943704,3541472200,3541993100,1781213937872-1
s2sf12j2_redis_rep2_20260611_223851,redis,s2sf12j2_redis_rep2_20260611_223851,7a582bf1-dd75-4e0c-ba5f-9351d2fc8da7,3895060,522,45.24936939501989,1159394178,3542118300,3542647600,1781213937873-0
s2sf12j2_redis_rep2_20260611_223851,redis,s2sf12j2_redis_rep2_20260611_223851,93707c41-6647-4824-96c6-c5c05465b9b4,3895060,522,45.24936939501989,1159394178,3542750700,3543356000,1781213937874-0
s2sf12j2_redis_rep2_20260611_223851,redis,s2sf12j2_redis_rep2_20260611_223851,afa3ae87-cc2d-4200-9123-f20dfb05a1b6,3895107,522,42.51088458764836,1136573471,3543489500,3543998000,1781213937874-1
s2sf12j2_redis_rep2_20260611_223851,redis,s2sf12j2_redis_rep2_20260611_223851,d0468067-11cd-402a-9c58-31fc1975d03f,3895107,522,42.51088458764836,1136573471,3544095000,3544865300,1781213937875-0
s2sf12j2_redis_rep2_20260611_223851,redis,s2sf12j2_redis_rep2_20260611_223851,8c60e9aa-b5a2-4ad4-9a48-881f24cada96,3895107,522,42.51088458764836,1136573471,3545027800,3545697100,1781213937876-0
s2sf12j2_redis_rep2_20260611_223851,redis,s2sf12j2_redis_rep2_20260611_223851,b36b7db0-bb9e-4a24-b075-f591e5ae57d7,3895107,522,42.51088458764836,1136573471,3545907800,3546636500,1781213937877-0
s2sf12j2_redis_rep2_20260611_223851,redis,s2sf12j2_redis_rep2_20260611_223851,a40624b3-bfad-4c10-b540-5d7afb11569f,3895113,522,42.038645817022456,1132638148,3546834500,3547481700,1781213937878-0
s2sf12j2_redis_rep2_20260611_223851,redis,s2sf12j2_redis_rep2_20260611_223851,323f6d53-5da4-4be9-9de0-c6a5ad6e8bdc,3895113,522,42.038645817022456,1132638148,3547660500,3548204300,1781213937878-1
s2sf12j2_redis_rep2_20260611_223851,redis,s2sf12j2_redis_rep2_20260611_223851,1db19b5b-fff8-4b33-aa5a-375f8827004d,3895121,523,43.27174640809847,1142913986,3548341200,3548923600,1781213937879-0
s2sf12j2_redis_rep2_20260611_223851,redis,s2sf12j2_redis_rep2_20260611_223851,c04c1057-5911-4a54-abca-1e0470cac6c9,3895107,523,42.5942179209817,1137267916,3549054300,3549634700,1781213937880-0
s2sf12j2_redis_rep2_20260611_223851,redis,s2sf12j2_redis_rep2_20260611_223851,3fbcf76b-4681-4e0a-863b-de9c7a8cb3b2,3895107,523,42.5942179209817,1137267916,3549758800,3550358600,1781213937881-0
s2sf12j2_redis_rep2_20260611_223851,redis,s2sf12j2_redis_rep2_20260611_223851,f0b960f6-595f-4c51-b6ca-764db484988c,3895113,523,42.1219791503558,1133332592,3550479600,3551038200,1781213937881-1
s2sf12j2_redis_rep2_20260611_223851,redis,s2sf12j2_redis_rep2_20260611_223851,ea053585-687d-4d7b-8ede-317fd787b930,3895074,524,44.131086778652616,1150075156,3551157900,3551599400,1781213937882-0
s2sf12j2_redis_rep2_20260611_223851,redis,s2sf12j2_redis_rep2_20260611_223851,6ec67334-6443-449b-9dd4-2101103fae8e,3895121,524,43.3550797414318,1143608431,3551689800,3552156500,1781213937882-1
s2sf12j2_redis_rep2_20260611_223851,redis,s2sf12j2_redis_rep2_20260611_223851,6f968e3c-e7ae-4e31-a433-c1291d40addc,3895121,524,43.3550797414318,1143608431,3552270700,3552865100,1781213937883-0
s2sf12j2_redis_rep2_20260611_223851,redis,s2sf12j2_redis_rep2_20260611_223851,70dd6be1-f1a4-4d16-a7aa-a3b03f355375,3895107,524,42.67755125431503,1137962360,3552963100,3553542200,1781213937884-0
s2sf12j2_redis_rep2_20260611_223851,redis,s2sf12j2_redis_rep2_20260611_223851,1fc02a37-540b-47ff-acb8-22ade5c1808a,3895107,524,42.67755125431503,1137962360,3553662300,3554225400,1781213937885-0
s2sf12j2_redis_rep2_20260611_223851,redis,s2sf12j2_redis_rep2_20260611_223851,d5d42c02-ad64-49fc-a51b-b65f26c9fd72,3895074,525,44.21442011198595,1150769600,3554335600,3554933000,1781213937885-1
s2sf12j2_redis_rep2_20260611_223851,redis,s2sf12j2_redis_rep2_20260611_223851,4cc5777a-4670-4e70-8819-1d9d1b95f36b,3895074,525,44.21442011198595,1150769600,3555023700,3555543700,1781213937886-0
s2sf12j2_redis_rep2_20260611_223851,redis,s2sf12j2_redis_rep2_20260611_223851,4668001f-8001-484b-a362-a7c6f02060d5,3895060,525,45.49936939501989,1161477511,3555625400,3556184900,1781213937886-1
s2sf12j2_redis_rep2_20260611_223851,redis,s2sf12j2_redis_rep2_20260611_223851,20eb3f50-409c-4c6c-b18e-8114b26de7ce,3895113,525,42.288645817022456,1134721481,3556270100,3556812800,1781213937887-0
s2sf12j2_redis_rep2_20260611_223851,redis,s2sf12j2_redis_rep2_20260611_223851,0ac6d9ef-7559-48e2-a503-f553badb78e5,3895113,525,42.288645817022456,1134721481,3556916700,3557409500,1781213937888-0
s2sf12j2_redis_rep2_20260611_223851,redis,s2sf12j2_redis_rep2_20260611_223851,8acbf3dc-91e8-4fce-b107-0d55d4e7e86e,3895074,526,44.29775344531929,1151464045,3557502000,3558054900,1781213937888-1
s2sf12j2_redis_rep2_20260611_223851,redis,s2sf12j2_redis_rep2_20260611_223851,38daa8b4-9905-4022-85b4-45b82d6d7d25,3895074,526,44.29775344531929,1151464045,3558162200,3558690700,1781213937889-0
s2sf12j2_redis_rep2_20260611_223851,redis,s2sf12j2_redis_rep2_20260611_223851,b0e8ae72-248f-4087-ae40-c9f006d93a78,3895060,526,45.582702728353226,1162171956,3558790800,3559445300,1781213937890-0
s2sf12j2_redis_rep2_20260611_223851,redis,s2sf12j2_redis_rep2_20260611_223851,9163276e-2a34-4c52-8291-2a46db09c9af,3895060,526,45.582702728353226,1162171956,3559561800,3560168400,1781213937890-1
s2sf12j2_redis_rep2_20260611_223851,redis,s2sf12j2_redis_rep2_20260611_223851,20f95845-0afb-4666-9204-584035a84896,3895113,526,42.3719791503558,1135415926,3560290000,3560862900,1781213937891-0
s2sf12j2_redis_rep2_20260611_223851,redis,s2sf12j2_redis_rep2_20260611_223851,50d5f2fb-6a21-4b16-a1de-e3a095e7b9c7,3895074,527,44.381086778652616,1152158489,3560981300,3561652800,1781213937892-0
s2sf12j2_redis_rep2_20260611_223851,redis,s2sf12j2_redis_rep2_20260611_223851,20430d39-2dd0-4b2b-a895-b2462cd22a01,3895074,527,44.381086778652616,1152158489,3561770500,3562334300,1781213937893-0
s2sf12j2_redis_rep2_20260611_223851,redis,s2sf12j2_redis_rep2_20260611_223851,0586e00d-dfec-4211-9411-cb219db4edb9,3895121,527,43.6050797414318,1145691764,3562446200,3563144700,1781213937893-1
s2sf12j2_redis_rep2_20260611_223851,redis,s2sf12j2_redis_rep2_20260611_223851,88fd2d06-fd20-40f3-a233-29ee82e4be59,3895107,527,42.92755125431503,1140045693,3563242300,3563866800,1781213937894-0
s2sf12j2_redis_rep2_20260611_223851,redis,s2sf12j2_redis_rep2_20260611_223851,3c1237a2-1e6b-4e7e-892f-8ea18799c544,3895107,527,42.92755125431503,1140045693,3563983200,3564552000,1781213937895-0
s2sf12j2_redis_rep2_20260611_223851,redis,s2sf12j2_redis_rep2_20260611_223851,2dd81da3-006b-4909-b0d4-6c3468d474c4,3895107,527,42.92755125431503,1140045693,3564666400,3565180000,1781213937896-0
s2sf12j2_redis_rep2_20260611_223851,redis,s2sf12j2_redis_rep2_20260611_223851,b61d5bec-03f0-44eb-a8cf-0e53b1986f2a,3895113,527,42.45531248368913,1136110370,3565289000,3565750000,1781213937896-1
s2sf12j2_redis_rep2_20260611_223851,redis,s2sf12j2_redis_rep2_20260611_223851,7de78a3e-57f7-4e9a-8978-4776114f764e,3895113,527,42.45531248368913,1136110370,3565836600,3566278000,1781213937897-0
s2sf12j2_redis_rep2_20260611_223851,redis,s2sf12j2_redis_rep2_20260611_223851,a8f4416a-3223-4b2b-8803-7c50dc6524db,3895113,527,42.45531248368913,1136110370,3566361100,3566809400,1781213937897-1
s2sf12j2_redis_rep2_20260611_223851,redis,s2sf12j2_redis_rep2_20260611_223851,1c7e1733-2224-46bc-a9c7-8ad2228cc8da,3895113,527,42.45531248368913,1136110370,3566889400,3567369100,1781213937898-0
s2sf12j2_redis_rep2_20260611_223851,redis,s2sf12j2_redis_rep2_20260611_223851,e2076223-02eb-472d-a936-fbb5cdd986dc,3895121,528,43.68841307476514,1146386208,3567477500,3568004800,1781213937898-1
s2sf12j2_redis_rep2_20260611_223851,redis,s2sf12j2_redis_rep2_20260611_223851,514d79ad-cba0-4ef5-be08-cbce1ba32532,3895121,528,43.68841307476514,1146386208,3568081500,3568622700,1781213937899-0
s2sf12j2_redis_rep2_20260611_223851,redis,s2sf12j2_redis_rep2_20260611_223851,5fe2d08b-ff8c-490e-a3a1-cdcc36200b52,3895113,528,42.538645817022456,1136804815,3568733900,3569311100,1781213937900-0
s2sf12j2_redis_rep2_20260611_223851,redis,s2sf12j2_redis_rep2_20260611_223851,0d44ff91-9591-424e-816c-8b915d80daf7,3895113,528,42.538645817022456,1136804815,3569405300,3570005500,1781213937900-1
s2sf12j2_redis_rep2_20260611_223851,redis,s2sf12j2_redis_rep2_20260611_223851,3ff5ec17-6825-4c77-8e7b-f189cb6ccc31,3895113,528,42.538645817022456,1136804815,3570112100,3570624800,1781213937901-0
s2sf12j2_redis_rep2_20260611_223851,redis,s2sf12j2_redis_rep2_20260611_223851,88a70e2b-aa99-407a-aa6d-9df6e46201fd,3895113,528,42.538645817022456,1136804815,3570749000,3571422900,1781213937902-0
s2sf12j2_redis_rep2_20260611_223851,redis,s2sf12j2_redis_rep2_20260611_223851,426d47f2-1048-4e8d-9436-9cab0f3615e1,3895113,528,42.538645817022456,1136804815,3571513900,3572034400,1781213937902-1
s2sf12j2_redis_rep2_20260611_223851,redis,s2sf12j2_redis_rep2_20260611_223851,40e298c8-d5ab-4313-93d4-027ecac8abd8,3895113,528,42.538645817022456,1136804815,3572118200,3572627400,1781213937903-0
s2sf12j2_redis_rep2_20260611_223851,redis,s2sf12j2_redis_rep2_20260611_223851,47c30f1f-12b0-44fc-a75f-05995691d7f6,3895074,529,44.54775344531929,1153547378,3572714400,3573279100,1781213937904-0
s2sf12j2_redis_rep2_20260611_223851,redis,s2sf12j2_redis_rep2_20260611_223851,76536861-eeb2-425f-874f-b20b0a3fa013,3895074,529,44.54775344531929,1153547378,3573363900,3573994700,1781213937904-1
s2sf12j2_redis_rep2_20260611_223851,redis,s2sf12j2_redis_rep2_20260611_223851,fc85387d-38fe-4e36-af03-f6285d524b11,3895060,529,45.832702728353226,1164255289,3574092000,3574688000,1781213937905-0
s2sf12j2_redis_rep2_20260611_223851,redis,s2sf12j2_redis_rep2_20260611_223851,4a87053e-de71-4a38-b614-bfa386590bf7,3895060,529,45.832702728353226,1164255289,3574871100,3575395700,1781213937906-0
s2sf12j2_redis_rep2_20260611_223851,redis,s2sf12j2_redis_rep2_20260611_223851,2d1556d4-e7e8-4782-9b7d-9993c28e6f09,3895060,529,45.832702728353226,1164255289,3575515600,3576062300,1781213937906-1
s2sf12j2_redis_rep2_20260611_223851,redis,s2sf12j2_redis_rep2_20260611_223851,b2eaa0f5-b277-4aff-ad6d-22048f042d0b,3895107,529,43.0942179209817,1141434582,3576214900,3576784300,1781213937907-0
s2sf12j2_redis_rep2_20260611_223851,redis,s2sf12j2_redis_rep2_20260611_223851,6b4603ff-7dd4-4c70-ab6a-48f688a7fbd4,3895107,529,43.0942179209817,1141434582,3576897100,3577403200,1781213937908-0
s2sf12j2_redis_rep2_20260611_223851,redis,s2sf12j2_redis_rep2_20260611_223851,78163599-662a-4bd1-9dc5-2e67086e5c6a,3895107,529,43.0942179209817,1141434582,3577485800,3578180500,1781213937908-1
s2sf12j2_redis_rep2_20260611_223851,redis,s2sf12j2_redis_rep2_20260611_223851,1a606b94-ccd9-4617-89e4-29166ea76203,3895107,529,43.0942179209817,1141434582,3578305500,3578877200,1781213937909-0
s2sf12j2_redis_rep2_20260611_223851,redis,s2sf12j2_redis_rep2_20260611_223851,f87fad46-6903-4223-bfb4-aa69c8c966cf,3895121,530,43.8550797414318,1147775097,3578966100,3579457300,1781213937910-0
s2sf12j2_redis_rep2_20260611_223851,redis,s2sf12j2_redis_rep2_20260611_223851,679988f1-cad3-4221-ab60-1a56bb0f620f,3895060,530,45.91603606168656,1164949733,3579567600,3580055600,1781213937910-1
s2sf12j2_redis_rep2_20260611_223851,redis,s2sf12j2_redis_rep2_20260611_223851,7130de76-79b4-4847-829f-e93dac87d18e,3895060,530,45.91603606168656,1164949733,3580141000,3580705400,1781213937911-0
s2sf12j2_redis_rep2_20260611_223851,redis,s2sf12j2_redis_rep2_20260611_223851,a2344659-ee5e-4d27-8515-ee8dbb044828,3895060,530,45.91603606168656,1164949733,3580817800,3581415100,1781213937912-0
s2sf12j2_redis_rep2_20260611_223851,redis,s2sf12j2_redis_rep2_20260611_223851,c0a666df-6a6f-4185-8b75-361e7541087e,3895060,531,45.99936939501989,1165644178,3581564400,3582122500,1781213937912-1
s2sf12j2_redis_rep2_20260611_223851,redis,s2sf12j2_redis_rep2_20260611_223851,5ab52d01-14bc-4c14-868c-b48aab97be67,3895113,531,42.788645817022456,1138888148,3582229500,3582943900,1781213937913-0
s2sf12j2_redis_rep2_20260611_223851,redis,s2sf12j2_redis_rep2_20260611_223851,b3d47cba-9dc5-47de-93b1-84861d275008,3895074,532,44.79775344531929,1155630712,3583059000,3583673400,1781213937914-0
s2sf12j2_redis_rep2_20260611_223851,redis,s2sf12j2_redis_rep2_20260611_223851,69f9209e-3c7a-451b-b126-174f4360c8d4,3895074,532,44.79775344531929,1155630712,3583857400,3584479500,1781213937915-0
s2sf12j2_redis_rep2_20260611_223851,redis,s2sf12j2_redis_rep2_20260611_223851,18dd411d-85f0-4136-b3e7-c5902b8a208e,3895121,532,44.02174640809847,1149163986,3584605500,3585072500,1781213937915-1
s2sf12j2_redis_rep2_20260611_223851,redis,s2sf12j2_redis_rep2_20260611_223851,98a0e1f1-d198-470d-a431-5502797ce25c,3895074,532,44.79775344531929,1155630712,3585190700,3585607300,1781213937916-0
s2sf12j2_redis_rep2_20260611_223851,redis,s2sf12j2_redis_rep2_20260611_223851,76565dde-1d43-48fb-b342-6892a1965454,3895121,532,44.02174640809847,1149163986,3585745300,3586383800,1781213937917-0
s2sf12j2_redis_rep2_20260611_223851,redis,s2sf12j2_redis_rep2_20260611_223851,1dbba64f-83de-49a3-a064-d640469697c6,3895060,532,46.082702728353226,1166338622,3586554500,3587117900,1781213937917-1
s2sf12j2_redis_rep2_20260611_223851,redis,s2sf12j2_redis_rep2_20260611_223851,22c0ff40-4176-40d2-822f-e4e1bf865c2f,3895060,532,46.082702728353226,1166338622,3587253100,3588028300,1781213937918-0
s2sf12j2_redis_rep2_20260611_223851,redis,s2sf12j2_redis_rep2_20260611_223851,fa03ef74-4b46-403d-98ea-0574bfa2f274,3895121,533,44.1050797414318,1149858431,3588126800,3588680900,1781213937919-0
s2sf12j2_redis_rep2_20260611_223851,redis,s2sf12j2_redis_rep2_20260611_223851,bd9d976c-88bf-43b4-bb61-670fec26ee77,3895060,533,46.16603606168656,1167033067,3588792600,3589402900,1781213937920-0
s2sf12j2_redis_rep2_20260611_223851,redis,s2sf12j2_redis_rep2_20260611_223851,3b1c82ae-32b8-466f-ac10-2a4a759923a7,3895060,533,46.16603606168656,1167033067,3589520500,3590101100,1781213937920-1
s2sf12j2_redis_rep2_20260611_223851,redis,s2sf12j2_redis_rep2_20260611_223851,a9aeffde-608f-479a-8195-c6cff7363b53,3895060,533,46.16603606168656,1167033067,3590223200,3590822200,1781213937921-0
s2sf12j2_redis_rep2_20260611_223851,redis,s2sf12j2_redis_rep2_20260611_223851,c2ceda69-a891-4f75-bd3a-82ce65de4e03,3895113,533,42.95531248368913,1140277037,3590929600,3591429100,1781213937922-0
s2sf12j2_redis_rep2_20260611_223851,redis,s2sf12j2_redis_rep2_20260611_223851,72210159-6177-452d-b763-5093adc3a0f7,3895113,533,42.95531248368913,1140277037,3591524300,3592065300,1781213937922-1
s2sf12j2_redis_rep2_20260611_223851,redis,s2sf12j2_redis_rep2_20260611_223851,23d76782-ae92-476d-b67f-e83c05ae4f3c,3895074,534,44.96442011198595,1157019600,3592161000,3592731600,1781213937923-0
s2sf12j2_redis_rep2_20260611_223851,redis,s2sf12j2_redis_rep2_20260611_223851,3ae1883b-49e4-4cae-96e1-ebe9f8b86fa4,3895074,534,44.96442011198595,1157019600,3592842200,3593398200,1781213937924-0
s2sf12j2_redis_rep2_20260611_223851,redis,s2sf12j2_redis_rep2_20260611_223851,20793f16-5045-4628-b937-903bd9ddd8b1,3895121,534,44.18841307476514,1150552875,3593486000,3593981100,1781213937924-1
s2sf12j2_redis_rep2_20260611_223851,redis,s2sf12j2_redis_rep2_20260611_223851,5206fdc4-e834-4926-8e17-6a35c6efe19b,3895121,534,44.18841307476514,1150552875,3594101400,3594680500,1781213937925-0
s2sf12j2_redis_rep2_20260611_223851,redis,s2sf12j2_redis_rep2_20260611_223851,b42b431a-7f87-4841-a26c-d062b50fa91c,3895060,534,46.24936939501989,1167727511,3594765000,3595269100,1781213937926-0
s2sf12j2_redis_rep2_20260611_223851,redis,s2sf12j2_redis_rep2_20260611_223851,60ded7c9-9ca6-4c1a-908e-190e034e9b4d,3895060,534,46.24936939501989,1167727511,3595347300,3595902700,1781213937926-1
s2sf12j2_redis_rep2_20260611_223851,redis,s2sf12j2_redis_rep2_20260611_223851,888d4d11-95dc-4569-956a-909e5f4f0c9b,3895113,534,43.038645817022456,1140971481,3596007000,3596520900,1781213937927-0
s2sf12j2_redis_rep2_20260611_223851,redis,s2sf12j2_redis_rep2_20260611_223851,86e59ab8-52a5-47b9-b233-c51919874314,3895074,535,45.04775344531929,1157714045,3596601800,3597154500,1781213937927-1
s2sf12j2_redis_rep2_20260611_223851,redis,s2sf12j2_redis_rep2_20260611_223851,34087afe-8b11-4b18-8077-75d7bf487ab5,3895074,535,45.04775344531929,1157714045,3597256400,3597766800,1781213937928-0
s2sf12j2_redis_rep2_20260611_223851,redis,s2sf12j2_redis_rep2_20260611_223851,1b1f1874-5deb-48ed-a8cc-694f8ef41f93,3895074,535,45.04775344531929,1157714045,3597869300,3598469100,1781213937929-0
s2sf12j2_redis_rep2_20260611_223851,redis,s2sf12j2_redis_rep2_20260611_223851,e3a7ef47-1c6d-43f8-b980-2e76fe84fca6,3895074,535,45.04775344531929,1157714045,3598557200,3599078100,1781213937929-1
s2sf12j2_redis_rep2_20260611_223851,redis,s2sf12j2_redis_rep2_20260611_223851,9243ad22-ffe5-487a-883a-00ca2426cbc6,3895113,535,43.1219791503558,1141665926,3599156700,3599773900,1781213937930-0
s2sf12j2_redis_rep2_20260611_223851,redis,s2sf12j2_redis_rep2_20260611_223851,558471da-7f0c-4323-a8cd-45ac26e02493,3895074,537,45.21442011198595,1159102934,3599851400,3600415900,1781213937931-0
s2sf12j2_redis_rep2_20260611_223851,redis,s2sf12j2_redis_rep2_20260611_223851,37769987-c623-49bd-982f-457e7c2c54c6,3895074,537,45.21442011198595,1159102934,3600491100,3601006200,1781213937931-1
s2sf12j2_redis_rep2_20260611_223851,redis,s2sf12j2_redis_rep2_20260611_223851,97bd1984-aa8c-4314-b0aa-49e019abba86,3895113,537,43.288645817022456,1143054815,3601080900,3601721300,1781213937932-0
s2sf12j2_redis_rep2_20260611_223851,redis,s2sf12j2_redis_rep2_20260611_223851,4ad2f10b-6c5f-4bf4-bd0f-6c774204bbab,3895113,537,43.288645817022456,1143054815,3601811500,3602399200,1781213937933-0
s2sf12j2_redis_rep2_20260611_223851,redis,s2sf12j2_redis_rep2_20260611_223851,e14c881c-eaf5-4fd3-a7cc-fe51d1c61611,3895113,537,43.288645817022456,1143054815,3602556500,3603141800,1781213937933-1
s2sf12j2_redis_rep2_20260611_223851,redis,s2sf12j2_redis_rep2_20260611_223851,eef66377-b49e-423f-a41e-49421e57bb42,3895121,538,44.52174640809847,1153330653,3603226700,3603715800,1781213937934-0
s2sf12j2_redis_rep2_20260611_223851,redis,s2sf12j2_redis_rep2_20260611_223851,86ae382d-4941-4bda-a330-9fe50b114248,3895121,539,44.6050797414318,1154025097,3603794000,3604309300,1781213937935-0
s2sf12j2_redis_rep2_20260611_223851,redis,s2sf12j2_redis_rep2_20260611_223851,0d012ec4-81c4-4764-a774-c4536052a186,3895121,539,44.6050797414318,1154025097,3604416000,3604900800,1781213937935-1
s2sf12j2_redis_rep2_20260611_223851,redis,s2sf12j2_redis_rep2_20260611_223851,28c9e517-2569-4fbc-853a-f074119c9788,3895074,540,45.46442011198595,1161186267,3604980800,3605584400,1781213937936-0
s2sf12j2_redis_rep2_20260611_223851,redis,s2sf12j2_redis_rep2_20260611_223851,e0ca184a-d196-4de5-b7ce-9a4c6e2e2f24,3895113,540,43.538645817022456,1145138148,3605733000,3606503900,1781213937937-0
s2sf12j2_redis_rep2_20260611_223851,redis,s2sf12j2_redis_rep2_20260611_223851,dac6bba1-3eab-4824-b9a3-3f4f36a8eb1e,3895121,541,44.77174640809847,1155413986,3606648600,3607195700,1781213937937-1
s2sf12j2_redis_rep2_20260611_223851,redis,s2sf12j2_redis_rep2_20260611_223851,c31b9cc9-3b1a-44a0-a6f2-be48997538e8,3895113,541,43.6219791503558,1145832592,3607329000,3607896200,1781213937938-0
s2sf12j2_redis_rep2_20260611_223851,redis,s2sf12j2_redis_rep2_20260611_223851,00552043-304e-41f3-bb44-8e748409e117,3895074,542,45.631086778652616,1162575156,3608017600,3608541400,1781213937939-0
s2sf12j2_redis_rep2_20260611_223851,redis,s2sf12j2_redis_rep2_20260611_223851,8edb264a-dc4f-4342-8072-84d76719426f,3895074,542,45.631086778652616,1162575156,3608634100,3609205400,1781213937939-1
s2sf12j2_redis_rep2_20260611_223851,redis,s2sf12j2_redis_rep2_20260611_223851,114a796c-5924-4003-ac98-472f7ece84b0,3895121,543,44.93841307476514,1156802875,3609296100,3609795600,1781213937940-0
s2sf12j2_redis_rep2_20260611_223851,redis,s2sf12j2_redis_rep2_20260611_223851,08a83dc4-fe12-4653-b91c-c46acb3aa1c8,3895121,543,44.93841307476514,1156802875,3609914400,3610401100,1781213937941-0
s2sf12j2_redis_rep2_20260611_223851,redis,s2sf12j2_redis_rep2_20260611_223851,5fc48371-8960-48e0-90bb-39206df20f0e,3895067,543,43.859901211561606,1147815276,3610514400,3611018200,1781213937941-1
s2sf12j2_redis_rep2_20260611_223851,redis,s2sf12j2_redis_rep2_20260611_223851,4ca56301-fb5e-4ff6-87a9-187fd9acd073,3895067,544,43.94323454489494,1148509721,3611131300,3611707400,1781213937942-0
s2sf12j2_redis_rep2_20260611_223851,redis,s2sf12j2_redis_rep2_20260611_223851,195e62ed-d797-42dd-a6a9-d2da586e28e9,3895067,544,43.94323454489494,1148509721,3611794300,3612417200,1781213937943-0
s2sf12j2_redis_rep2_20260611_223851,redis,s2sf12j2_redis_rep2_20260611_223851,c2aaa4f8-586e-4123-a563-f51f104fcb4c,3895067,544,43.94323454489494,1148509721,3612513000,3613085800,1781213937943-1
s2sf12j2_redis_rep2_20260611_223851,redis,s2sf12j2_redis_rep2_20260611_223851,724ad51f-37a2-4fcc-82e3-5343ba152abe,3895067,545,44.02656787822827,1149204165,3613190700,3613738900,1781213937944-0
s2sf12j2_redis_rep2_20260611_223851,redis,s2sf12j2_redis_rep2_20260611_223851,a52b067b-b6ab-4c29-b6aa-3051f76118d3,3895067,545,44.02656787822827,1149204165,3613830900,3614314900,1781213937945-0
s2sf12j2_redis_rep2_20260611_223851,redis,s2sf12j2_redis_rep2_20260611_223851,9be986a7-155e-446d-bf13-33b700facdd7,3895113,545,43.95531248368913,1148610370,3614472000,3615032600,1781213937945-1
s2sf12j2_redis_rep2_20260611_223851,redis,s2sf12j2_redis_rep2_20260611_223851,42521cfa-66d0-4cb6-be10-74dabb6621cb,3895121,546,45.18841307476514,1158886208,3615143000,3615701200,1781213937946-0
s2sf12j2_redis_rep2_20260611_223851,redis,s2sf12j2_redis_rep2_20260611_223851,50a45666-4bd1-4a0f-bb58-5bce15f0c18d,3895067,546,44.109901211561606,1149898610,3615813100,3616463900,1781213937947-0
s2sf12j2_redis_rep2_20260611_223851,redis,s2sf12j2_redis_rep2_20260611_223851,aada797c-0f16-40dd-acda-e63855e0add1,3895052,546,44.54423470206204,1153518055,3616610500,3617128400,1781213937947-1
s2sf12j2_redis_rep2_20260611_223851,redis,s2sf12j2_redis_rep2_20260611_223851,917c3cb6-0a99-417e-9d00-2b7464cb3b49,3895121,547,45.27174640809847,1159580653,3617245400,3617953400,1781213937948-0
s2sf12j2_redis_rep2_20260611_223851,redis,s2sf12j2_redis_rep2_20260611_223851,107dcccc-f47a-4cf1-be88-4eed5d83cbfc,3895074,547,46.04775344531929,1166047378,3618045700,3618569400,1781213937949-0
s2sf12j2_redis_rep2_20260611_223851,redis,s2sf12j2_redis_rep2_20260611_223851,271ca6ca-d5de-4a63-98ee-15a0e2f5ba41,3895121,547,45.27174640809847,1159580653,3618671100,3619223500,1781213937950-0
s2sf12j2_redis_rep2_20260611_223851,redis,s2sf12j2_redis_rep2_20260611_223851,f19133a2-dedc-4b1b-adeb-8191b2f723c1,3895067,547,44.19323454489494,1150593054,3619301200,3619890100,1781213937950-1
s2sf12j2_redis_rep2_20260611_223851,redis,s2sf12j2_redis_rep2_20260611_223851,0d692cac-82f0-409a-b794-1f98658c9bcc,3895067,547,44.19323454489494,1150593054,3619977300,3620488600,1781213937951-0
s2sf12j2_redis_rep2_20260611_223851,redis,s2sf12j2_redis_rep2_20260611_223851,d4293557-ec93-4548-a9b0-018e9870ecae,3895067,547,44.19323454489494,1150593054,3620581700,3621116000,1781213937951-1
s2sf12j2_redis_rep2_20260611_223851,redis,s2sf12j2_redis_rep2_20260611_223851,f2648b2a-5801-4fcd-b48e-4a73735afe58,3895052,547,44.62756803539537,1154212500,3621196800,3621808800,1781213937952-0
s2sf12j2_redis_rep2_20260611_223851,redis,s2sf12j2_redis_rep2_20260611_223851,9f3456ac-f1d6-4bbc-800b-c67a84d2c90b,3895113,547,44.1219791503558,1149999259,3621946300,3622738800,1781213937953-0
s2sf12j2_redis_rep2_20260611_223851,redis,s2sf12j2_redis_rep2_20260611_223851,6e1b36a3-7f86-4ddf-b891-045568d370ff,3895113,547,44.1219791503558,1149999259,3622920800,3623562900,1781213937954-0
s2sf12j2_redis_rep2_20260611_223851,redis,s2sf12j2_redis_rep2_20260611_223851,db616ee1-4697-4630-b0d2-adcfa3f122f8,3895074,548,46.131086778652616,1166741823,3623717400,3624269800,1781213937955-0
s2sf12j2_redis_rep2_20260611_223851,redis,s2sf12j2_redis_rep2_20260611_223851,5e66e5ea-b1e6-4b23-8035-f7f690628de7,3895074,548,46.131086778652616,1166741823,3624404700,3624881200,1781213937955-1
s2sf12j2_redis_rep2_20260611_223851,redis,s2sf12j2_redis_rep2_20260611_223851,35c04d45-7aa6-4dbc-9c71-2236688d2bd9,3895074,548,46.131086778652616,1166741823,3624990400,3625469200,1781213937956-0
s2sf12j2_redis_rep2_20260611_223851,redis,s2sf12j2_redis_rep2_20260611_223851,c76abb45-261c-4d0a-a386-c8faa8ede37e,3895067,548,44.27656787822827,1151287498,3625597200,3626103000,1781213937956-1
s2sf12j2_redis_rep2_20260611_223851,redis,s2sf12j2_redis_rep2_20260611_223851,96274ec9-d7da-481c-af37-5a870a00e846,3895067,548,44.27656787822827,1151287498,3626201800,3626806600,1781213937957-0
s2sf12j2_redis_rep2_20260611_223851,redis,s2sf12j2_redis_rep2_20260611_223851,6aeb0706-ec98-4e40-8b86-5f4a8e50ecda,3895067,548,44.27656787822827,1151287498,3626914100,3627452200,1781213937958-0
s2sf12j2_redis_rep2_20260611_223851,redis,s2sf12j2_redis_rep2_20260611_223851,dc353653-50c1-4683-ba8c-307ffe1b7400,3895052,548,44.7109013687287,1154906944,3627546300,3628176900,1781213937958-1
s2sf12j2_redis_rep2_20260611_223851,redis,s2sf12j2_redis_rep2_20260611_223851,28af6429-8a64-48bb-98d0-87cb8f9b288a,3895052,548,44.7109013687287,1154906944,3628320600,3628905400,1781213937959-0
s2sf12j2_redis_rep2_20260611_223851,redis,s2sf12j2_redis_rep2_20260611_223851,eb3bdb0f-c8c1-472c-9297-4f624735f22d,3895095,549,46.64209919108977,1171000259,3628987200,3629541500,1781213937960-0
s2sf12j2_redis_rep2_20260611_223851,redis,s2sf12j2_redis_rep2_20260611_223851,4e5fbf4b-f9e0-498e-94b9-0d444fb51f19,3895067,549,44.359901211561606,1151981943,3629645300,3630247300,1781213937961-0
s2sf12j2_redis_rep2_20260611_223851,redis,s2sf12j2_redis_rep2_20260611_223851,a910d314-abc6-4693-bc9b-c1c459d771b2,3895067,549,44.359901211561606,1151981943,3630359300,3630816200,1781213937961-1
s2sf12j2_redis_rep2_20260611_223851,redis,s2sf12j2_redis_rep2_20260611_223851,b92da8bd-bffa-4bf9-a7d8-d63457c8bcee,3895095,550,46.72543252442311,1171694704,3631078600,3631595800,1781213937962-0
s2sf12j2_redis_rep2_20260611_223851,redis,s2sf12j2_redis_rep2_20260611_223851,ab99dda8-b45f-497a-8fce-f1d7219d9a6b,3895067,550,44.44323454489494,1152676387,3631708000,3632260600,1781213937963-0
s2sf12j2_redis_rep2_20260611_223851,redis,s2sf12j2_redis_rep2_20260611_223851,fff26681-b31a-4fe7-ad79-73837c1b9ce6,3895052,550,44.87756803539537,1156295833,3632376700,3632953500,1781213937963-1
s2sf12j2_redis_rep2_20260611_223851,redis,s2sf12j2_redis_rep2_20260611_223851,034ad4ab-5822-459a-8e08-0e8ca1983870,3895113,550,44.3719791503558,1152082592,3633081500,3633702300,1781213937964-0
s2sf12j2_redis_rep2_20260611_223851,redis,s2sf12j2_redis_rep2_20260611_223851,f3706411-3b40-4d16-8baf-d7bb9dcd9f63,3895121,551,45.6050797414318,1162358431,3633823900,3634351500,1781213937965-0
s2sf12j2_redis_rep2_20260611_223851,redis,s2sf12j2_redis_rep2_20260611_223851,d40f3696-86be-4b7b-ae08-82ae999c1c43,3895067,551,44.52656787822827,1153370832,3634484700,3635021900,1781213937965-1
s2sf12j2_redis_rep2_20260611_223851,redis,s2sf12j2_redis_rep2_20260611_223851,f17aa964-2944-459b-91aa-eac26dccf3cf,3895067,551,44.52656787822827,1153370832,3635113200,3635610400,1781213937966-0
s2sf12j2_redis_rep2_20260611_223851,redis,s2sf12j2_redis_rep2_20260611_223851,d4ab804e-1b50-4172-9f66-77e04ebcfead,3895067,552,44.609901211561606,1154065276,3635716400,3636245300,1781213937967-0
s2sf12j2_redis_rep2_20260611_223851,redis,s2sf12j2_redis_rep2_20260611_223851,a6e3aa18-12ab-4dfd-81dd-505d6521a65a,3895113,552,44.538645817022456,1153471481,3636344700,3636852200,1781213937967-1
s2sf12j2_redis_rep2_20260611_223851,redis,s2sf12j2_redis_rep2_20260611_223851,827ed3d9-da89-4e4b-af26-3f6df863306c,3895113,552,44.538645817022456,1153471481,3636963000,3637603200,1781213937968-0
s2sf12j2_redis_rep2_20260611_223851,redis,s2sf12j2_redis_rep2_20260611_223851,0a606142-7bb7-473a-b6bd-854622f3677b,3895121,553,45.77174640809847,1163747320,3637780700,3638396300,1781213937969-0
s2sf12j2_redis_rep2_20260611_223851,redis,s2sf12j2_redis_rep2_20260611_223851,2c4d7a1a-42cd-4a7d-92fa-e70688518c50,3895121,553,45.77174640809847,1163747320,3638555700,3639270700,1781213937970-0
s2sf12j2_redis_rep2_20260611_223851,redis,s2sf12j2_redis_rep2_20260611_223851,36e32e50-497d-49b4-85ac-7e59aa279522,3895052,553,45.12756803539537,1158379166,3639469100,3640142400,1781213937970-1
s2sf12j2_redis_rep2_20260611_223851,redis,s2sf12j2_redis_rep2_20260611_223851,3ef44783-dd48-4af3-a84a-d13b92371ec4,3895052,553,45.12756803539537,1158379166,3640306500,3641022100,1781213937971-0
s2sf12j2_redis_rep2_20260611_223851,redis,s2sf12j2_redis_rep2_20260611_223851,25d4de3e-3e2a-4f3c-b5b4-6896dffcf292,3895113,553,44.6219791503558,1154165926,3641202600,3641872700,1781213937972-0
s2sf12j2_redis_rep2_20260611_223851,redis,s2sf12j2_redis_rep2_20260611_223851,d84a6ea0-eb04-49ee-8011-71fbea9094ff,3895113,554,44.70531248368913,1154860370,3642017400,3642557100,1781213937973-0
s2sf12j2_redis_rep2_20260611_223851,redis,s2sf12j2_redis_rep2_20260611_223851,459e933b-3a7b-4903-9846-28f8af49f3b8,3895113,554,44.70531248368913,1154860370,3642698100,3643228000,1781213937974-0
s2sf12j2_redis_rep2_20260611_223851,redis,s2sf12j2_redis_rep2_20260611_223851,3b170f61-0722-4ef0-9378-98882ff08363,3895121,555,45.93841307476514,1165136208,3643364200,3644151300,1781213937974-1
s2sf12j2_redis_rep2_20260611_223851,redis,s2sf12j2_redis_rep2_20260611_223851,d85b4617-fc6b-4613-a6c4-f1b2bf1e83f7,3895121,555,45.93841307476514,1165136208,3644305200,3644995900,1781213937975-0
s2sf12j2_redis_rep2_20260611_223851,redis,s2sf12j2_redis_rep2_20260611_223851,7a2e7555-68ea-419c-86aa-bf4dcb78e05c,3895067,555,44.859901211561606,1156148610,3645103300,3645713800,1781213937976-0
s2sf12j2_redis_rep2_20260611_223851,redis,s2sf12j2_redis_rep2_20260611_223851,37ad6f42-511c-4a7c-acbf-ffdb05343d00,3895067,555,44.859901211561606,1156148610,3645800500,3646312200,1781213937977-0
s2sf12j2_redis_rep2_20260611_223851,redis,s2sf12j2_redis_rep2_20260611_223851,4d65f18f-6c0e-4c7e-a92e-9eddfe918c80,3895113,556,44.8719791503558,1156249259,3646413500,3646939000,1781213937977-1
s2sf12j2_redis_rep2_20260611_223851,redis,s2sf12j2_redis_rep2_20260611_223851,3608104d-8c99-4ff1-8776-6f10c9aa16f1,3895067,557,45.02656787822827,1157537498,3647042900,3647542200,1781213937978-0
s2sf12j2_redis_rep2_20260611_223851,redis,s2sf12j2_redis_rep2_20260611_223851,6f68b267-cacb-43af-a94a-b86a7b012586,3895067,557,45.02656787822827,1157537498,3647699800,3648342400,1781213937979-0
s2sf12j2_redis_rep2_20260611_223851,redis,s2sf12j2_redis_rep2_20260611_223851,960c6c53-3ff0-441f-9839-e525d22ee603,3895067,557,45.02656787822827,1157537498,3648451100,3648986700,1781213937979-1
s2sf12j2_redis_rep2_20260611_223851,redis,s2sf12j2_redis_rep2_20260611_223851,771782c4-84a1-45da-9472-a42a4cdac870,3895052,557,45.4609013687287,1161156944,3649100800,3649655300,1781213937980-0
s2sf12j2_redis_rep2_20260611_223851,redis,s2sf12j2_redis_rep2_20260611_223851,e4703900-92e0-477e-bb89-4874b45fa1aa,3895121,558,46.18841307476514,1167219542,3649762800,3650310000,1781213937981-0
s2sf12j2_redis_rep2_20260611_223851,redis,s2sf12j2_redis_rep2_20260611_223851,f0da8169-c4b7-45fc-8c14-df99f65fa592,3895067,558,45.109901211561606,1158231943,3650408000,3650972900,1781213937981-1
s2sf12j2_redis_rep2_20260611_223851,redis,s2sf12j2_redis_rep2_20260611_223851,ec56ac0a-94da-4bf7-9500-8424d742497f,3895113,558,45.038645817022456,1157638148,3651100400,3651667200,1781213937982-0
s2sf12j2_redis_rep2_20260611_223851,redis,s2sf12j2_redis_rep2_20260611_223851,7e05c347-4251-406d-894c-81b8c0754146,3895113,558,45.038645817022456,1157638148,3651753700,3652258100,1781213937983-0
s2sf12j2_redis_rep2_20260611_223851,redis,s2sf12j2_redis_rep2_20260611_223851,ff7df466-18e4-462c-aca8-68b0b661c050,3895121,559,46.27174640809847,1167913986,3652338300,3652965400,1781213937983-1
s2sf12j2_redis_rep2_20260611_223851,redis,s2sf12j2_redis_rep2_20260611_223851,3abb82ea-6b10-4c94-a8c7-018787b8cfac,3895121,559,46.27174640809847,1167913986,3653157200,3654027900,1781213937984-0
s2sf12j2_redis_rep2_20260611_223851,redis,s2sf12j2_redis_rep2_20260611_223851,35b0c8d9-a0bc-413a-844c-2ad4f48df2e9,3895067,559,45.19323454489494,1158926387,3654171800,3654833000,1781213937985-0
s2sf12j2_redis_rep2_20260611_223851,redis,s2sf12j2_redis_rep2_20260611_223851,00edadfb-d24e-4eda-b463-ec2eb761a863,3895052,559,45.62756803539537,1162545833,3655036900,3655643900,1781213937986-0
s2sf12j2_redis_rep2_20260611_223851,redis,s2sf12j2_redis_rep2_20260611_223851,2f30fa17-863e-4982-af77-279928d8bf7d,3895052,559,45.62756803539537,1162545833,3655836900,3656482800,1781213937987-0
s2sf12j2_redis_rep2_20260611_223851,redis,s2sf12j2_redis_rep2_20260611_223851,774c27ef-4247-40e0-8ef1-d1c415e50681,3895052,559,45.62756803539537,1162545833,3656616000,3657187200,1781213937988-0
s2sf12j2_redis_rep2_20260611_223851,redis,s2sf12j2_redis_rep2_20260611_223851,b1731242-8dfe-4ce0-8f9f-14ea8fab3216,3895113,559,45.1219791503558,1158332592,3657309100,3658068100,1781213937988-1
s2sf12j2_redis_rep2_20260611_223851,redis,s2sf12j2_redis_rep2_20260611_223851,1e564b86-97b7-4d25-8679-fa80ce5aaa80,3895113,559,45.1219791503558,1158332592,3658186000,3658782400,1781213937989-0
s2sf12j2_redis_rep2_20260611_223851,redis,s2sf12j2_redis_rep2_20260611_223851,750e6cda-3390-4817-83ea-ca66bd967062,3895134,560,46.05847991402742,1166136765,3658906700,3659447100,1781213937990-0
s2sf12j2_redis_rep2_20260611_223851,redis,s2sf12j2_redis_rep2_20260611_223851,8b99f53b-121b-43c5-8f44-c9c08aa83bd8,3895134,561,46.14181324736076,1166831210,3659558800,3660087700,1781213937990-1
s2sf12j2_redis_rep2_20260611_223851,redis,s2sf12j2_redis_rep2_20260611_223851,9dca34a8-c117-4b0b-a475-102ac8d30665,3895113,561,45.288645817022456,1159721481,3660196200,3660703100,1781213937991-0
s2sf12j2_redis_rep2_20260611_223851,redis,s2sf12j2_redis_rep2_20260611_223851,bdf25150-5586-4645-96fc-c8e50cdd82d7,3895113,561,45.288645817022456,1159721481,3660862100,3661463100,1781213937992-0
s2sf12j2_redis_rep2_20260611_223851,redis,s2sf12j2_redis_rep2_20260611_223851,33da9109-a7ef-4a4e-a9aa-b0942d42eedb,3895113,561,45.288645817022456,1159721481,3661560200,3662052500,1781213937992-1
s2sf12j2_redis_rep2_20260611_223851,redis,s2sf12j2_redis_rep2_20260611_223851,86ce68ca-57a3-4495-8309-d66397796e67,3895052,562,45.87756803539537,1164629166,3662147900,3662655800,1781213937993-0
s2sf12j2_redis_rep2_20260611_223851,redis,s2sf12j2_redis_rep2_20260611_223851,f42f73e7-ae7d-4683-bf94-dcf6164d5621,3895113,562,45.3719791503558,1160415926,3662758900,3663286400,1781213937994-0
s2sf12j2_redis_rep2_20260611_223851,redis,s2sf12j2_redis_rep2_20260611_223851,b63ba05a-0566-49c9-b015-6bf55a59abb7,3895113,562,45.3719791503558,1160415926,3663363200,3663928900,1781213937994-1
s2sf12j2_redis_rep2_20260611_223851,redis,s2sf12j2_redis_rep2_20260611_223851,282e0578-2dfb-424b-aa7f-f27e530978c6,3895113,562,45.3719791503558,1160415926,3664006400,3664509000,1781213937995-0
s2sf12j2_redis_rep2_20260611_223851,redis,s2sf12j2_redis_rep2_20260611_223851,bbb0feea-68e0-4535-993c-ac50e15abd87,3895113,562,45.3719791503558,1160415926,3664595600,3665217700,1781213937995-1
s2sf12j2_redis_rep2_20260611_223851,redis,s2sf12j2_redis_rep2_20260611_223851,e9972a5d-bd71-4307-8afc-8945594b52b9,3895060,563,48.66603606168656,1187866400,3665325900,3665977900,1781213937996-0
s2sf12j2_redis_rep2_20260611_223851,redis,s2sf12j2_redis_rep2_20260611_223851,ecd29e2b-a31e-4693-9112-e61c9b4704fc,3895134,563,46.30847991402742,1168220099,3666058200,3666641000,1781213937997-0
s2sf12j2_redis_rep2_20260611_223851,redis,s2sf12j2_redis_rep2_20260611_223851,f524e58e-1159-490f-9fd6-5e3be74f43ce,3895067,563,45.52656787822827,1161704165,3666719700,3667250900,1781213937998-0
s2sf12j2_redis_rep2_20260611_223851,redis,s2sf12j2_redis_rep2_20260611_223851,3fb80ec5-a7a4-47b1-ad37-10866e0d0a07,3895067,563,45.52656787822827,1161704165,3667335500,3667913800,1781213937998-1
s2sf12j2_redis_rep2_20260611_223851,redis,s2sf12j2_redis_rep2_20260611_223851,d38152a9-beaf-4baa-a20c-7b9ab30bc942,3895067,563,45.52656787822827,1161704165,3668028500,3668616000,1781213937999-0
s2sf12j2_redis_rep2_20260611_223851,redis,s2sf12j2_redis_rep2_20260611_223851,06db91e0-abb2-46ee-84eb-7d5d5156a3d5,3895052,563,45.9609013687287,1165323611,3668725400,3669338500,1781213938000-0
s2sf12j2_redis_rep2_20260611_223851,redis,s2sf12j2_redis_rep2_20260611_223851,4bd124dd-4b82-4bba-884c-46919b42647d,3895060,564,48.74936939501989,1188560844,3669451500,3669968200,1781213938000-1
s2sf12j2_redis_rep2_20260611_223851,redis,s2sf12j2_redis_rep2_20260611_223851,abc73bc5-baf9-498e-96fd-e2db6a0bb05e,3895060,564,48.74936939501989,1188560844,3670072100,3670658500,1781213938001-0
s2sf12j2_redis_rep2_20260611_223851,redis,s2sf12j2_redis_rep2_20260611_223851,0c2223f4-cd8c-4528-9ef6-35eaa67cab84,3895067,564,45.609901211561606,1162398610,3670853000,3671453300,1781213938002-0
s2sf12j2_redis_rep2_20260611_223851,redis,s2sf12j2_redis_rep2_20260611_223851,609fb6dd-8540-439a-b616-ecabd68f7482,3895113,564,45.538645817022456,1161804815,3671536600,3672075700,1781213938002-1
s2sf12j2_redis_rep2_20260611_223851,redis,s2sf12j2_redis_rep2_20260611_223851,ecbea6bc-c576-452e-b9b9-7cd529b60fd7,3895113,564,45.538645817022456,1161804815,3672215200,3672937700,1781213938003-0
s2sf12j2_redis_rep2_20260611_223851,redis,s2sf12j2_redis_rep2_20260611_223851,f61244dd-1742-467e-816c-849a144abd5c,3895113,564,45.538645817022456,1161804815,3673058000,3673637300,1781213938004-0
s2sf12j2_redis_rep2_20260611_223851,redis,s2sf12j2_redis_rep2_20260611_223851,8a932753-b413-4516-87f0-3dc6ad69a845,3895121,565,46.77174640809847,1172080653,3673722400,3674309600,1781213938005-0
s2sf12j2_redis_rep2_20260611_223851,redis,s2sf12j2_redis_rep2_20260611_223851,692e3ebd-8ed8-4bc6-9715-2adb6d32961d,3895134,565,46.475146580694094,1169608988,3674416700,3675007100,1781213938005-1
s2sf12j2_redis_rep2_20260611_223851,redis,s2sf12j2_redis_rep2_20260611_223851,bb5ed357-d8b5-44a3-8835-b969dba3555c,3895060,565,48.832702728353226,1189255289,3675095200,3675588000,1781213938006-0
s2sf12j2_redis_rep2_20260611_223851,redis,s2sf12j2_redis_rep2_20260611_223851,b317b4ab-591f-4025-b660-69b0b91865c1,3895134,565,46.475146580694094,1169608988,3675682100,3676127000,1781213938006-1
s2sf12j2_redis_rep2_20260611_223851,redis,s2sf12j2_redis_rep2_20260611_223851,554b1c6d-9aee-4611-8ed8-38c7c0c7e8fa,3895134,565,46.475146580694094,1169608988,3676222900,3676779100,1781213938007-0
s2sf12j2_redis_rep2_20260611_223851,redis,s2sf12j2_redis_rep2_20260611_223851,058d670b-2399-456e-8420-862d0b2cf6a7,3895134,565,46.475146580694094,1169608988,3676879300,3677483200,1781213938008-0
s2sf12j2_redis_rep2_20260611_223851,redis,s2sf12j2_redis_rep2_20260611_223851,cf2aab32-f699-444b-b047-595ad92c9e50,3895113,565,45.6219791503558,1162499259,3677592400,3678223700,1781213938008-1
s2sf12j2_redis_rep2_20260611_223851,redis,s2sf12j2_redis_rep2_20260611_223851,db9f4659-660c-4da5-af41-197ce1cfbcaf,3895121,566,46.8550797414318,1172775097,3678315100,3678985800,1781213938009-0
s2sf12j2_redis_rep2_20260611_223851,redis,s2sf12j2_redis_rep2_20260611_223851,6da8638f-22e2-498a-85c1-05ab2e07b258,3895121,566,46.8550797414318,1172775097,3679131500,3679719400,1781213938010-0
s2sf12j2_redis_rep2_20260611_223851,redis,s2sf12j2_redis_rep2_20260611_223851,ae3dc312-e545-4a15-b0bb-235550514b38,3895060,566,48.91603606168656,1189949733,3679794200,3680305200,1781213938011-0
s2sf12j2_redis_rep2_20260611_223851,redis,s2sf12j2_redis_rep2_20260611_223851,a9be64a4-16aa-46ad-a2e1-7285994613dc,3895060,566,48.91603606168656,1189949733,3680406600,3680923400,1781213938011-1
s2sf12j2_redis_rep2_20260611_223851,redis,s2sf12j2_redis_rep2_20260611_223851,29a763c8-e688-484b-9faf-cd734436e0a7,3895060,566,48.91603606168656,1189949733,3681009500,3681736700,1781213938012-0
s2sf12j2_redis_rep2_20260611_223851,redis,s2sf12j2_redis_rep2_20260611_223851,435fe1a6-cf5b-494b-a06d-55317e35e187,3895134,566,46.55847991402742,1170303432,3681820500,3682418900,1781213938013-0
s2sf12j2_redis_rep2_20260611_223851,redis,s2sf12j2_redis_rep2_20260611_223851,49b784a4-5bc8-40cf-8e94-f0a3049b756a,3895134,566,46.55847991402742,1170303432,3682582900,3683134300,1781213938013-1
s2sf12j2_redis_rep2_20260611_223851,redis,s2sf12j2_redis_rep2_20260611_223851,add4c52f-bef3-4f9e-9e3a-9f3b12602dc7,3895134,566,46.55847991402742,1170303432,3683252800,3683757400,1781213938014-0
s2sf12j2_redis_rep2_20260611_223851,redis,s2sf12j2_redis_rep2_20260611_223851,bbad49fb-71c2-4fbf-901a-1295fa8cba46,3895060,567,48.99936939501989,1190644178,3683870600,3684350700,1781213938015-0
s2sf12j2_redis_rep2_20260611_223851,redis,s2sf12j2_redis_rep2_20260611_223851,0d499b61-56d7-444f-b1a1-34ab319882f8,3895067,567,45.859901211561606,1164481943,3684451700,3685071900,1781213938015-1
s2sf12j2_redis_rep2_20260611_223851,redis,s2sf12j2_redis_rep2_20260611_223851,9be861d7-d952-440c-9b03-985be6e791fa,3895067,567,45.859901211561606,1164481943,3685209300,3685769700,1781213938016-0
s2sf12j2_redis_rep2_20260611_223851,redis,s2sf12j2_redis_rep2_20260611_223851,a23bc1ec-70f0-4cee-ac65-c548c161e34c,3895113,567,45.788645817022456,1163888148,3685897500,3686410500,1781213938017-0
s2sf12j2_redis_rep2_20260611_223851,redis,s2sf12j2_redis_rep2_20260611_223851,1acb9806-886f-4bf8-a858-8b2f3b876ab4,3895113,567,45.788645817022456,1163888148,3686532200,3687022800,1781213938017-1
s2sf12j2_redis_rep2_20260611_223851,redis,s2sf12j2_redis_rep2_20260611_223851,d6dc199d-fe0f-4dca-873c-666cc4f7580b,3895074,568,47.79775344531929,1180630712,3687129300,3687829100,1781213938018-0
s2sf12j2_redis_rep2_20260611_223851,redis,s2sf12j2_redis_rep2_20260611_223851,4207d6a4-0228-4577-b031-4d416166a912,3895121,568,47.02174640809847,1174163986,3687945300,3688470000,1781213938019-0
s2sf12j2_redis_rep2_20260611_223851,redis,s2sf12j2_redis_rep2_20260611_223851,b9041f26-493b-437f-a7da-3a6424b43560,3895134,568,46.725146580694094,1171692321,3688627300,3689138100,1781213938019-1
s2sf12j2_redis_rep2_20260611_223851,redis,s2sf12j2_redis_rep2_20260611_223851,4143af48-0f1a-438c-a7af-ab6981596e34,3895074,569,47.881086778652616,1181325156,3689238800,3689696900,1781213938020-0
s2sf12j2_redis_rep2_20260611_223851,redis,s2sf12j2_redis_rep2_20260611_223851,5ecc44df-780b-422c-ba24-37d2b3e2438f,3895074,569,47.881086778652616,1181325156,3689786100,3690332600,1781213938021-0
s2sf12j2_redis_rep2_20260611_223851,redis,s2sf12j2_redis_rep2_20260611_223851,3a16a221-9434-413f-9a6b-0a8fcaac7187,3895074,569,47.881086778652616,1181325156,3690431600,3690897000,1781213938021-1
s2sf12j2_redis_rep2_20260611_223851,redis,s2sf12j2_redis_rep2_20260611_223851,ae9ea283-4d1d-4e4e-ab59-748ba8a34e98,3895121,569,47.1050797414318,1174858431,3690981300,3691517900,1781213938022-0
s2sf12j2_redis_rep2_20260611_223851,redis,s2sf12j2_redis_rep2_20260611_223851,b69cb150-6add-467e-95f5-373f645aec83,3895121,569,47.1050797414318,1174858431,3691644200,3692262300,1781213938023-0
s2sf12j2_redis_rep2_20260611_223851,redis,s2sf12j2_redis_rep2_20260611_223851,e118cc39-f22c-4fd7-8959-0f87ccd83edb,3895121,569,47.1050797414318,1174858431,3692339300,3692876900,1781213938023-1
s2sf12j2_redis_rep2_20260611_223851,redis,s2sf12j2_redis_rep2_20260611_223851,ed41f0d9-2fcc-4f3e-b408-3a6332f3ccc2,3895134,569,46.80847991402742,1172386765,3692969000,3693522200,1781213938024-0
s2sf12j2_redis_rep2_20260611_223851,redis,s2sf12j2_redis_rep2_20260611_223851,d6277188-5e56-4821-865a-2136185eb9f8,3895134,569,46.80847991402742,1172386765,3693647400,3694194700,1781213938024-1
s2sf12j2_redis_rep2_20260611_223851,redis,s2sf12j2_redis_rep2_20260611_223851,62287493-880c-4ed1-8e95-2fc6c48f7406,3895134,569,46.80847991402742,1172386765,3694339200,3695022600,1781213938025-0
s2sf12j2_redis_rep2_20260611_223851,redis,s2sf12j2_redis_rep2_20260611_223851,94695ec3-fd04-4e7d-ad92-32a4b4910c85,3895134,569,46.80847991402742,1172386765,3695127500,3695728500,1781213938026-0
s2sf12j2_redis_rep2_20260611_223851,redis,s2sf12j2_redis_rep2_20260611_223851,498d3916-efb1-4f24-bf9b-394fcf3fb8aa,3895052,569,46.4609013687287,1169490278,3695841500,3696452900,1781213938027-0
s2sf12j2_redis_rep2_20260611_223851,redis,s2sf12j2_redis_rep2_20260611_223851,82a04586-669c-4ea2-99d8-ed5037368a1d,3895113,569,45.95531248368913,1165277037,3696553100,3697129100,1781213938027-1
s2sf12j2_redis_rep2_20260611_223851,redis,s2sf12j2_redis_rep2_20260611_223851,0c595cc6-c86d-45aa-90be-80aad494ce6e,3895121,570,47.18841307476514,1175552875,3697232000,3697738100,1781213938028-0
s2sf12j2_redis_rep2_20260611_223851,redis,s2sf12j2_redis_rep2_20260611_223851,12e6e67d-9811-4ba0-a908-f5a04b6d09cf,3895067,570,46.109901211561606,1166565276,3697831900,3698368500,1781213938029-0
s2sf12j2_redis_rep2_20260611_223851,redis,s2sf12j2_redis_rep2_20260611_223851,ba2fee64-0a6b-4776-95ed-f065ac49eff6,3895134,570,46.89181324736076,1173081210,3698463900,3699002500,1781213938029-1
s2sf12j2_redis_rep2_20260611_223851,redis,s2sf12j2_redis_rep2_20260611_223851,aeab8653-2c7c-48d1-8e69-a7f408f6ebe0,3895134,570,46.89181324736076,1173081210,3699108600,3699740300,1781213938030-0
s2sf12j2_redis_rep2_20260611_223851,redis,s2sf12j2_redis_rep2_20260611_223851,544cac47-5c40-405d-b6d0-62165e550723,3895113,570,46.038645817022456,1165971481,3699884100,3700670200,1781213938031-0
s2sf12j2_redis_rep2_20260611_223851,redis,s2sf12j2_redis_rep2_20260611_223851,8b305c0c-e9f9-4e2d-bcaa-23e4552182a9,3895121,571,47.27174640809847,1176247320,3700821800,3701351100,1781213938032-0
s2sf12j2_redis_rep2_20260611_223851,redis,s2sf12j2_redis_rep2_20260611_223851,715129f6-aac2-40bb-9334-8c49a26fc045,3895121,571,47.27174640809847,1176247320,3701442400,3701954200,1781213938032-1
s2sf12j2_redis_rep2_20260611_223851,redis,s2sf12j2_redis_rep2_20260611_223851,7dcc71fb-6a76-4e95-9839-a311460a34bd,3895121,571,47.27174640809847,1176247320,3702114500,3702831300,1781213938033-0
s2sf12j2_redis_rep2_20260611_223851,redis,s2sf12j2_redis_rep2_20260611_223851,bbdc363f-ddad-4a3c-b497-24be542c3737,3895067,571,46.19323454489494,1167259721,3702951100,3703483800,1781213938034-0
s2sf12j2_redis_rep2_20260611_223851,redis,s2sf12j2_redis_rep2_20260611_223851,7220c3ce-1994-4b3e-b8ad-820ec2f7be2d,3895067,571,46.19323454489494,1167259721,3703588000,3704073700,1781213938034-1
s2sf12j2_redis_rep2_20260611_223851,redis,s2sf12j2_redis_rep2_20260611_223851,a3d79461-7ba9-4564-9c6d-897f19ef3a64,3895134,571,46.975146580694094,1173775654,3704186200,3704774100,1781213938035-0
s2sf12j2_redis_rep2_20260611_223851,redis,s2sf12j2_redis_rep2_20260611_223851,29363af0-2353-4423-b976-37fa82d94740,3895134,571,46.975146580694094,1173775654,3704918200,3705469700,1781213938036-0
s2sf12j2_redis_rep2_20260611_223851,redis,s2sf12j2_redis_rep2_20260611_223851,e838d752-a46c-4ab6-b347-0f20bebe3fa9,3895052,571,46.62756803539537,1170879166,3705573600,3706128100,1781213938036-1
s2sf12j2_redis_rep2_20260611_223851,redis,s2sf12j2_redis_rep2_20260611_223851,88975cca-31fe-4a50-b622-4fb93865a601,3895052,571,46.62756803539537,1170879166,3706235000,3706715000,1781213938037-0
s2sf12j2_redis_rep2_20260611_223851,redis,s2sf12j2_redis_rep2_20260611_223851,1db38ded-2eec-4ccc-952c-59dbc482485a,3895074,572,48.131086778652616,1183408489,3706797000,3707310000,1781213938038-0
s2sf12j2_redis_rep2_20260611_223851,redis,s2sf12j2_redis_rep2_20260611_223851,9a741e55-d2cd-45fc-823d-7d38ae02b3f6,3895121,572,47.3550797414318,1176941764,3707394100,3707948200,1781213938038-1
s2sf12j2_redis_rep2_20260611_223851,redis,s2sf12j2_redis_rep2_20260611_223851,6cf6ed29-f0fe-46e6-8365-74b2cf732543,3895121,572,47.3550797414318,1176941764,3708057800,3708700400,1781213938039-0
s2sf12j2_redis_rep2_20260611_223851,redis,s2sf12j2_redis_rep2_20260611_223851,43d43481-ebe4-4d6e-8388-55250d1a3131,3895134,572,47.05847991402742,1174470099,3708823900,3709235500,1781213938040-0
s2sf12j2_redis_rep2_20260611_223851,redis,s2sf12j2_redis_rep2_20260611_223851,55234fec-33e8-446b-9245-ce746400f97f,3895134,572,47.05847991402742,1174470099,3709339200,3709893000,1781213938040-1
s2sf12j2_redis_rep2_20260611_223851,redis,s2sf12j2_redis_rep2_20260611_223851,fd52e903-b306-4c1c-a68f-dcdcf71fef24,3895134,572,47.05847991402742,1174470099,3710001200,3710527700,1781213938041-0
s2sf12j2_redis_rep2_20260611_223851,redis,s2sf12j2_redis_rep2_20260611_223851,ab509877-2fc3-4aa9-8158-d1f5ebe8da6d,3895052,572,46.7109013687287,1171573611,3710674400,3711346800,1781213938042-0
s2sf12j2_redis_rep2_20260611_223851,redis,s2sf12j2_redis_rep2_20260611_223851,943ef8eb-5292-4c53-8072-91c657571f42,3895052,572,46.7109013687287,1171573611,3711484400,3712057600,1781213938042-1
s2sf12j2_redis_rep2_20260611_223851,redis,s2sf12j2_redis_rep2_20260611_223851,3ea8a716-0bb8-43be-b33c-dfa6014257ac,3895074,573,48.21442011198595,1184102934,3712166500,3712734100,1781213938043-0
s2sf12j2_redis_rep2_20260611_223851,redis,s2sf12j2_redis_rep2_20260611_223851,d5b4c99c-7c16-47cf-b5b3-c48c1d852fd8,3895121,573,47.43841307476514,1177636208,3712845900,3713349300,1781213938044-0
s2sf12j2_redis_rep2_20260611_223851,redis,s2sf12j2_redis_rep2_20260611_223851,249bd339-ce23-492c-b3cf-b7214716e130,3895067,573,46.359901211561606,1168648610,3713454900,3713995700,1781213938044-1
s2sf12j2_redis_rep2_20260611_223851,redis,s2sf12j2_redis_rep2_20260611_223851,f9b530b9-7dc4-48e9-bf73-ced6b0b1925a,3895134,573,47.14181324736076,1175164543,3714089900,3714741700,1781213938045-0
s2sf12j2_redis_rep2_20260611_223851,redis,s2sf12j2_redis_rep2_20260611_223851,fb1a9369-b9d5-4fd7-ac71-aa651f0168e9,3895052,573,46.79423470206204,1172268055,3714856300,3715572200,1781213938046-0
s2sf12j2_redis_rep2_20260611_223851,redis,s2sf12j2_redis_rep2_20260611_223851,2dda5918-4209-4100-960e-e3edb058d48d,3895052,573,46.79423470206204,1172268055,3715774300,3716391600,1781213938047-0
s2sf12j2_redis_rep2_20260611_223851,redis,s2sf12j2_redis_rep2_20260611_223851,1dae3789-5635-4d14-80fc-efd3c40db3b5,3895052,573,46.79423470206204,1172268055,3716600100,3717246000,1781213938048-0
s2sf12j2_redis_rep2_20260611_223851,redis,s2sf12j2_redis_rep2_20260611_223851,0bcbb1c4-b220-4298-9847-5f821da04e9a,3895113,573,46.288645817022456,1168054815,3717399300,3718023700,1781213938048-1
s2sf12j2_redis_rep2_20260611_223851,redis,s2sf12j2_redis_rep2_20260611_223851,8d5e711c-8993-4de5-ac7a-7ebccc01baf8,3895113,573,46.288645817022456,1168054815,3718115400,3718693000,1781213938049-0
s2sf12j2_redis_rep2_20260611_223851,redis,s2sf12j2_redis_rep2_20260611_223851,fec8d35a-02e4-4e46-99cd-8782881124ea,3895074,574,48.29775344531929,1184797378,3718783800,3719361600,1781213938050-0
s2sf12j2_redis_rep2_20260611_223851,redis,s2sf12j2_redis_rep2_20260611_223851,f9c117a9-8333-4dca-8508-4cd6b1ed4bf7,3895074,574,48.29775344531929,1184797378,3719523200,3720191100,1781213938050-1
s2sf12j2_redis_rep2_20260611_223851,redis,s2sf12j2_redis_rep2_20260611_223851,ae054521-50e4-4650-88dc-56beb4f776e6,3895074,574,48.29775344531929,1184797378,3720301300,3720879900,1781213938051-0
s2sf12j2_redis_rep2_20260611_223851,redis,s2sf12j2_redis_rep2_20260611_223851,e7ab799d-7eea-4ae5-a2e6-46a4ad5a46ed,3895074,574,48.29775344531929,1184797378,3720994700,3721671500,1781213938052-0
s2sf12j2_redis_rep2_20260611_223851,redis,s2sf12j2_redis_rep2_20260611_223851,2ab1b2f9-6737-4a08-885e-10b6be2bb13c,3895121,574,47.52174640809847,1178330653,3721820700,3722326300,1781213938053-0
s2sf12j2_redis_rep2_20260611_223851,redis,s2sf12j2_redis_rep2_20260611_223851,d8d8428e-76c9-4881-b4ed-0b13a72e0565,3895121,574,47.52174640809847,1178330653,3722435300,3722996000,1781213938053-1
s2sf12j2_redis_rep2_20260611_223851,redis,s2sf12j2_redis_rep2_20260611_223851,596f2d53-66d8-4a23-b0a3-94edc6df8281,3895067,574,46.44323454489494,1169343054,3723077000,3723578600,1781213938054-0
s2sf12j2_redis_rep2_20260611_223851,redis,s2sf12j2_redis_rep2_20260611_223851,8c02596a-6342-4489-8bbd-b18c0c84026a,3895067,574,46.44323454489494,1169343054,3723683500,3724176000,1781213938054-1
s2sf12j2_redis_rep2_20260611_223851,redis,s2sf12j2_redis_rep2_20260611_223851,a3349cce-9229-41e9-8ccc-a5efc421a6f2,3895134,574,47.225146580694094,1175858988,3724254600,3724723900,1781213938055-0
s2sf12j2_redis_rep2_20260611_223851,redis,s2sf12j2_redis_rep2_20260611_223851,44e48928-bcd2-425d-bcd2-88b4b3e10764,3895134,574,47.225146580694094,1175858988,3724799100,3725326700,1781213938056-0
s2sf12j2_redis_rep2_20260611_223851,redis,s2sf12j2_redis_rep2_20260611_223851,4acfe84d-7381-4822-a218-7728e9b84f0f,3895134,574,47.225146580694094,1175858988,3725424200,3725971300,1781213938056-1
s2sf12j2_redis_rep2_20260611_223851,redis,s2sf12j2_redis_rep2_20260611_223851,2b5f9db5-ec05-4a07-a5f4-075a0ae73ace,3895086,574,47.49693779563739,1178123914,3726103000,3726809600,1781213938057-0
s2sf12j2_redis_rep2_20260611_223851,redis,s2sf12j2_redis_rep2_20260611_223851,8b90acda-680a-4983-88c4-e77ee2e520d2,3895052,574,46.87756803539537,1172962500,3726957300,3727426600,1781213938058-0
s2sf12j2_redis_rep2_20260611_223851,redis,s2sf12j2_redis_rep2_20260611_223851,7199c049-130c-485e-8717-eed79cf6473e,3895052,574,46.87756803539537,1172962500,3727535800,3728069400,1781213938058-1
s2sf12j2_redis_rep2_20260611_223851,redis,s2sf12j2_redis_rep2_20260611_223851,12f5d714-255c-4b77-b547-77df0d331ded,3895113,574,46.3719791503558,1168749259,3728172300,3728699800,1781213938059-0
s2sf12j2_redis_rep2_20260611_223851,redis,s2sf12j2_redis_rep2_20260611_223851,19395768-0b78-473c-b1b1-61eda33bc094,3895113,574,46.3719791503558,1168749259,3728818000,3729354600,1781213938060-0
s2sf12j2_redis_rep2_20260611_223851,redis,s2sf12j2_redis_rep2_20260611_223851,74bcdb7e-b4a3-40c3-8702-ef661db0155a,3895121,575,47.6050797414318,1179025097,3729461200,3730004100,1781213938060-1
s2sf12j2_redis_rep2_20260611_223851,redis,s2sf12j2_redis_rep2_20260611_223851,485c6144-6361-4d77-a04e-9c1ed63426f0,3895107,575,46.92755125431503,1173379027,3730141000,3730692100,1781213938061-0
s2sf12j2_redis_rep2_20260611_223851,redis,s2sf12j2_redis_rep2_20260611_223851,6efe26ce-d9e7-4d1c-9b78-3fa828b115be,3895074,576,48.46442011198595,1186186267,3730803600,3731324100,1781213938062-0
s2sf12j2_redis_rep2_20260611_223851,redis,s2sf12j2_redis_rep2_20260611_223851,d5ebcc59-0d70-4f75-be32-b9bf306ede6d,3895121,576,47.68841307476514,1179719542,3731433900,3731988700,1781213938062-1
s2sf12j2_redis_rep2_20260611_223851,redis,s2sf12j2_redis_rep2_20260611_223851,ac26105e-fbcb-4f13-9b1d-a042b7bbb33b,3895121,576,47.68841307476514,1179719542,3732091700,3732664700,1781213938063-0
s2sf12j2_redis_rep2_20260611_223851,redis,s2sf12j2_redis_rep2_20260611_223851,2192e17c-695d-4241-ad3a-adb09073f21b,3895121,576,47.68841307476514,1179719542,3732765100,3733252600,1781213938064-0
s2sf12j2_redis_rep2_20260611_223851,redis,s2sf12j2_redis_rep2_20260611_223851,fe9872b2-9d59-431d-a963-6c10708ce1da,3895067,576,46.609901211561606,1170731943,3733333000,3733849400,1781213938064-1
s2sf12j2_redis_rep2_20260611_223851,redis,s2sf12j2_redis_rep2_20260611_223851,5ec70097-2e02-49bb-9982-c006e40c1594,3895086,576,47.66360446230406,1179512803,3733948300,3734535700,1781213938065-0
s2sf12j2_redis_rep2_20260611_223851,redis,s2sf12j2_redis_rep2_20260611_223851,8dda5da9-19e2-4ea6-ab79-a0867e90239c,3895095,577,48.97543252442311,1190444704,3734629200,3735367800,1781213938066-0
s2sf12j2_redis_rep2_20260611_223851,redis,s2sf12j2_redis_rep2_20260611_223851,330d23cc-c68b-4abb-93b1-62511656376a,3895074,577,48.54775344531929,1186880712,3735443400,3736024400,1781213938066-1
s2sf12j2_redis_rep2_20260611_223851,redis,s2sf12j2_redis_rep2_20260611_223851,1d9edec0-5b27-45ad-96af-ada428ee719d,3895074,577,48.54775344531929,1186880712,3736155900,3736678100,1781213938067-0
s2sf12j2_redis_rep2_20260611_223851,redis,s2sf12j2_redis_rep2_20260611_223851,6eb1a20d-8605-47f7-a06c-978069a3e269,3895121,577,47.77174640809847,1180413986,3736780400,3737245300,1781213938068-0
s2sf12j2_redis_rep2_20260611_223851,redis,s2sf12j2_redis_rep2_20260611_223851,1e0d08d8-5dad-4be4-8e3d-b29725e55eb2,3895121,577,47.77174640809847,1180413986,3737349500,3737907100,1781213938068-1
s2sf12j2_redis_rep2_20260611_223851,redis,s2sf12j2_redis_rep2_20260611_223851,9027b7b2-378a-4f24-a52f-05c83d32d245,3895107,577,47.0942179209817,1174767916,3738003400,3738523300,1781213938069-0
s2sf12j2_redis_rep2_20260611_223851,redis,s2sf12j2_redis_rep2_20260611_223851,3501862c-2758-4201-a40b-b95d554e6457,3895107,577,47.0942179209817,1174767916,3738598400,3739097000,1781213938069-1
s2sf12j2_redis_rep2_20260611_223851,redis,s2sf12j2_redis_rep2_20260611_223851,82b64c2b-7393-440f-bc6b-a47e02f6b722,3895107,577,47.0942179209817,1174767916,3739198000,3739733500,1781213938070-0
s2sf12j2_redis_rep2_20260611_223851,redis,s2sf12j2_redis_rep2_20260611_223851,c7f7e256-15ad-4c70-988c-b1ea0c3e1771,3895086,577,47.74693779563739,1180207248,3739814700,3740421800,1781213938071-0
s2sf12j2_redis_rep2_20260611_223851,redis,s2sf12j2_redis_rep2_20260611_223851,9504210d-0a74-4674-87d1-40e9820a7635,3895052,577,47.12756803539537,1175045833,3740530100,3741103600,1781213938071-1
s2sf12j2_redis_rep2_20260611_223851,redis,s2sf12j2_redis_rep2_20260611_223851,d6e3276d-1d76-459b-bdaa-285f24adb999,3895113,577,46.6219791503558,1170832592,3741250800,3741883700,1781213938072-0
s2sf12j2_redis_rep2_20260611_223851,redis,s2sf12j2_redis_rep2_20260611_223851,8d663b5e-05b6-4fe3-982b-e6ccdb91ac07,3895113,577,46.6219791503558,1170832592,3741982400,3742588500,1781213938073-0
s2sf12j2_redis_rep2_20260611_223851,redis,s2sf12j2_redis_rep2_20260611_223851,514df5c9-615b-4951-87a5-600e1487f35c,3895107,578,47.17755125431503,1175462360,3742688000,3743272200,1781213938074-0
s2sf12j2_redis_rep2_20260611_223851,redis,s2sf12j2_redis_rep2_20260611_223851,c1e37455-ff85-42ac-ba62-7ddcb5049d00,3895067,578,46.77656787822827,1172120832,3743384900,3743998200,1781213938074-1
s2sf12j2_redis_rep2_20260611_223851,redis,s2sf12j2_redis_rep2_20260611_223851,1acaf70d-3037-4637-8830-b34157ea49f4,3895067,578,46.77656787822827,1172120832,3744101700,3744599700,1781213938075-0
s2sf12j2_redis_rep2_20260611_223851,redis,s2sf12j2_redis_rep2_20260611_223851,fd006d44-2ee6-445a-aa8a-393b20bcff1c,3895074,579,48.71442011198595,1188269600,3744705600,3745194800,1781213938076-0
s2sf12j2_redis_rep2_20260611_223851,redis,s2sf12j2_redis_rep2_20260611_223851,b61fab98-a6e0-4a32-b7e7-883f80a70d36,3895121,579,47.93841307476514,1181802875,3745354300,3746482500,1781213938076-1
s2sf12j2_redis_rep2_20260611_223851,redis,s2sf12j2_redis_rep2_20260611_223851,f3a33620-83eb-4f9d-93b8-8f12b8874b10,3895067,579,46.859901211561606,1172815276,3746683300,3747384500,1781213938078-0
s2sf12j2_redis_rep2_20260611_223851,redis,s2sf12j2_redis_rep2_20260611_223851,a4dbeb96-2862-4c2b-93f8-b996f946ed69,3895067,579,46.859901211561606,1172815276,3747559100,3748262600,1781213938079-0
s2sf12j2_redis_rep2_20260611_223851,redis,s2sf12j2_redis_rep2_20260611_223851,de736173-7b94-48a1-9b15-3e529c34349b,3895067,579,46.859901211561606,1172815276,3748474500,3749015500,1781213938079-1
s2sf12j2_redis_rep2_20260611_223851,redis,s2sf12j2_redis_rep2_20260611_223851,399fcced-37b1-496e-969f-d2568e5dda43,3895086,579,47.91360446230406,1181596137,3749158400,3749715600,1781213938080-0
s2sf12j2_redis_rep2_20260611_223851,redis,s2sf12j2_redis_rep2_20260611_223851,f00d1a0d-3f91-4487-88ab-397cee279024,3895052,579,47.29423470206204,1176434722,3749857100,3750426400,1781213938081-0
s2sf12j2_redis_rep2_20260611_223851,redis,s2sf12j2_redis_rep2_20260611_223851,44936a01-9dbe-4db5-b92e-14f4b4229339,3895052,579,47.29423470206204,1176434722,3750547800,3751104100,1781213938081-1
s2sf12j2_redis_rep2_20260611_223851,redis,s2sf12j2_redis_rep2_20260611_223851,0fb7f4fe-944a-4419-84e5-274e4c29cb41,3895052,579,47.29423470206204,1176434722,3751232400,3751761500,1781213938082-0
s2sf12j2_redis_rep2_20260611_223851,redis,s2sf12j2_redis_rep2_20260611_223851,26926823-2671-44ab-a8b0-79cebc31dac5,3895095,580,49.22543252442311,1192528037,3751900100,3752402300,1781213938083-0
s2sf12j2_redis_rep2_20260611_223851,redis,s2sf12j2_redis_rep2_20260611_223851,06f17fd1-cb74-4096-8974-2340bfe25f2d,3895095,580,49.22543252442311,1192528037,3752521300,3753078300,1781213938083-1
s2sf12j2_redis_rep2_20260611_223851,redis,s2sf12j2_redis_rep2_20260611_223851,03878179-d332-4d06-b754-b72c00c252be,3895074,580,48.79775344531929,1188964045,3753176900,3753675800,1781213938084-0
s2sf12j2_redis_rep2_20260611_223851,redis,s2sf12j2_redis_rep2_20260611_223851,47c6df2d-d37a-4e2b-b740-93b358bdd219,3895074,580,48.79775344531929,1188964045,3753763100,3754287200,1781213938085-0
s2sf12j2_redis_rep2_20260611_223851,redis,s2sf12j2_redis_rep2_20260611_223851,2afc41b2-4d4a-4d1e-937c-5240c039f51d,3895121,580,48.02174640809847,1182497320,3754405600,3754913300,1781213938085-1
s2sf12j2_redis_rep2_20260611_223851,redis,s2sf12j2_redis_rep2_20260611_223851,6d1f2668-9ae8-42cb-b2d7-b6f477fa210e,3895121,580,48.02174640809847,1182497320,3755010000,3755505900,1781213938086-0
s2sf12j2_redis_rep2_20260611_223851,redis,s2sf12j2_redis_rep2_20260611_223851,c2905112-a6a1-4371-99a0-b3c99454cc7b,3895067,580,46.94323454489494,1173509721,3755611900,3756197200,1781213938086-1
s2sf12j2_redis_rep2_20260611_223851,redis,s2sf12j2_redis_rep2_20260611_223851,07161a20-941d-47d1-91f5-1e46df08ae8f,3895086,580,47.99693779563739,1182290581,3756321300,3757026700,1781213938087-0
s2sf12j2_redis_rep2_20260611_223851,redis,s2sf12j2_redis_rep2_20260611_223851,6e774bb4-a1e1-4dfa-98e0-3a901ceb87fd,3895086,580,47.99693779563739,1182290581,3757224000,3757991400,1781213938088-0
s2sf12j2_redis_rep2_20260611_223851,redis,s2sf12j2_redis_rep2_20260611_223851,26bc86da-748c-461a-82a8-48cfafcb8b23,3895113,580,46.8719791503558,1172915926,3758166700,3758710500,1781213938089-0
s2sf12j2_redis_rep2_20260611_223851,redis,s2sf12j2_redis_rep2_20260611_223851,3e16077f-8888-4a37-9f41-aaf81610729c,3895113,580,46.8719791503558,1172915926,3758884400,3759544100,1781213938090-0
s2sf12j2_redis_rep2_20260611_223851,redis,s2sf12j2_redis_rep2_20260611_223851,126d8b10-79d0-4513-b666-aa12d29b5919,3895113,580,46.8719791503558,1172915926,3759634700,3760226900,1781213938091-0
s2sf12j2_redis_rep2_20260611_223851,redis,s2sf12j2_redis_rep2_20260611_223851,aaf8057c-333d-4648-9307-2648b6b38225,3895121,581,48.1050797414318,1183191764,3760318400,3760872500,1781213938091-1
s2sf12j2_redis_rep2_20260611_223851,redis,s2sf12j2_redis_rep2_20260611_223851,a13bf632-3dbd-469c-a5cf-bb14853ea364,3895095,582,49.39209919108977,1193916926,3760976300,3761580300,1781213938092-0
s2sf12j2_redis_rep2_20260611_223851,redis,s2sf12j2_redis_rep2_20260611_223851,15708b87-1ca9-489a-9fa0-ece9c6c24d40,3895095,582,49.39209919108977,1193916926,3761700200,3762316600,1781213938093-0
s2sf12j2_redis_rep2_20260611_223851,redis,s2sf12j2_redis_rep2_20260611_223851,e8e057c1-643b-4f62-aac5-d4e64d879faa,3895074,582,48.96442011198595,1190352934,3762478000,3763230600,1781213938094-0
s2sf12j2_redis_rep2_20260611_223851,redis,s2sf12j2_redis_rep2_20260611_223851,407a488f-1875-42e4-8467-91a113a9ca14,3895121,582,48.18841307476514,1183886208,3763386500,3764080800,1781213938094-1
s2sf12j2_redis_rep2_20260611_223851,redis,s2sf12j2_redis_rep2_20260611_223851,8af7f37f-0855-4c04-8ab2-2b8022f0301a,3895121,582,48.18841307476514,1183886208,3764242000,3764934200,1781213938095-0
s2sf12j2_redis_rep2_20260611_223851,redis,s2sf12j2_redis_rep2_20260611_223851,f3d4cb1e-d5ae-4ed8-b435-5bf99155b9d1,3895067,582,47.109901211561606,1174898610,3765097000,3765686700,1781213938096-0
s2sf12j2_redis_rep2_20260611_223851,redis,s2sf12j2_redis_rep2_20260611_223851,a52e8dda-066e-4fab-ac60-e599fb9146b9,3895067,582,47.109901211561606,1174898610,3765821600,3766294300,1781213938097-0
s2sf12j2_redis_rep2_20260611_223851,redis,s2sf12j2_redis_rep2_20260611_223851,6a1ac214-62a2-464d-8e27-b542815426b9,3895052,582,47.54423470206204,1178518055,3766441200,3767038100,1781213938097-1
s2sf12j2_redis_rep2_20260611_223851,redis,s2sf12j2_redis_rep2_20260611_223851,654b5170-715f-4121-b1a4-1b2fa6d41363,3895113,582,47.038645817022456,1174304815,3767168800,3767749300,1781213938098-0
s2sf12j2_redis_rep2_20260611_223851,redis,s2sf12j2_redis_rep2_20260611_223851,8002ac93-fea2-48c7-a08e-89645a85ed71,3895095,583,49.47543252442311,1194611371,3767889600,3768565900,1781213938099-0
s2sf12j2_redis_rep2_20260611_223851,redis,s2sf12j2_redis_rep2_20260611_223851,d163cfe2-ca06-4dfc-a6f1-b93b3c6968aa,3895095,583,49.47543252442311,1194611371,3768690100,3769273100,1781213938100-0
s2sf12j2_redis_rep2_20260611_223851,redis,s2sf12j2_redis_rep2_20260611_223851,2bc6ac86-5796-4188-938a-a55395c05826,3895074,583,49.04775344531929,1191047378,3769392600,3769980300,1781213938100-1
s2sf12j2_redis_rep2_20260611_223851,redis,s2sf12j2_redis_rep2_20260611_223851,df464102-1945-47e6-9b71-2d042cca530d,3895074,583,49.04775344531929,1191047378,3770089000,3770774000,1781213938101-0
s2sf12j2_redis_rep2_20260611_223851,redis,s2sf12j2_redis_rep2_20260611_223851,bd14667d-5e2c-413d-808f-3c81cce91e4e,3895121,583,48.27174640809847,1184580653,3770915200,3771506700,1781213938102-0
s2sf12j2_redis_rep2_20260611_223851,redis,s2sf12j2_redis_rep2_20260611_223851,25817096-b252-46b1-afcb-457f6547860c,3895095,584,49.558765857756434,1195305815,3771622200,3772199700,1781213938102-1
s2sf12j2_redis_rep2_20260611_223851,redis,s2sf12j2_redis_rep2_20260611_223851,5f3b5117-1fa6-43b6-95f2-4100eddf6b91,3895095,584,49.558765857756434,1195305815,3772307500,3772994900,1781213938103-0
s2sf12j2_redis_rep2_20260611_223851,redis,s2sf12j2_redis_rep2_20260611_223851,6dacc37b-35b7-48c3-bf50-20da75990c64,3895095,584,49.558765857756434,1195305815,3773151000,3773845000,1781213938104-0
s2sf12j2_redis_rep2_20260611_223851,redis,s2sf12j2_redis_rep2_20260611_223851,2be6cb1e-6475-475d-8e73-3d17196b4796,3895121,584,48.3550797414318,1185275097,3773982900,3774488800,1781213938105-0
s2sf12j2_redis_rep2_20260611_223851,redis,s2sf12j2_redis_rep2_20260611_223851,e8e97225-a503-4f1c-9084-dad448ad351a,3895121,584,48.3550797414318,1185275097,3774594500,3775258900,1781213938106-0
s2sf12j2_redis_rep2_20260611_223851,redis,s2sf12j2_redis_rep2_20260611_223851,a99b1edb-17d3-4eac-9643-4a93f7607844,3895086,584,48.33027112897072,1185068359,3775386500,3775895300,1781213938106-1
s2sf12j2_redis_rep2_20260611_223851,redis,s2sf12j2_redis_rep2_20260611_223851,dee82969-8747-49e7-b33f-2584cb83a6ec,3895052,584,47.7109013687287,1179906944,3776068800,3776584600,1781213938107-0
s2sf12j2_redis_rep2_20260611_223851,redis,s2sf12j2_redis_rep2_20260611_223851,41c5b82d-9c22-40ee-8306-d16f4e77e6cb,3895052,584,47.7109013687287,1179906944,3776712300,3777388100,1781213938108-0
s2sf12j2_redis_rep2_20260611_223851,redis,s2sf12j2_redis_rep2_20260611_223851,b2c8c6d5-4526-47af-8161-be9a5bc3ffe8,3895095,585,49.64209919108977,1196000259,3777551500,3778136300,1781213938108-1
s2sf12j2_redis_rep2_20260611_223851,redis,s2sf12j2_redis_rep2_20260611_223851,c039c599-0593-4656-9076-4022b598a10a,3895095,585,49.64209919108977,1196000259,3778315200,3778856200,1781213938109-0
s2sf12j2_redis_rep2_20260611_223851,redis,s2sf12j2_redis_rep2_20260611_223851,e31d3d1a-a15c-40b5-9da2-932a37570abf,3895074,585,49.21442011198595,1192436267,3778942900,3779460800,1781213938110-0
s2sf12j2_redis_rep2_20260611_223851,redis,s2sf12j2_redis_rep2_20260611_223851,934c6929-d98f-469a-b9a5-d811df5d6196,3895067,585,47.359901211561606,1176981943,3779550300,3780095300,1781213938110-1
s2sf12j2_redis_rep2_20260611_223851,redis,s2sf12j2_redis_rep2_20260611_223851,cea9fbf0-e6ce-4511-b252-51e223ac9f03,3895086,585,48.41360446230406,1185762803,3780197800,3780752500,1781213938111-0
s2sf12j2_redis_rep2_20260611_223851,redis,s2sf12j2_redis_rep2_20260611_223851,eaadf129-ba27-43ce-9517-0e27218d35dc,3895121,586,48.52174640809847,1186663986,3780861800,3781602100,1781213938112-0
s2sf12j2_redis_rep2_20260611_223851,redis,s2sf12j2_redis_rep2_20260611_223851,ccbe3f4d-4aa9-4caa-86e1-0f6dd610eaec,3895067,586,47.44323454489494,1177676387,3781691500,3782305600,1781213938112-1
s2sf12j2_redis_rep2_20260611_223851,redis,s2sf12j2_redis_rep2_20260611_223851,53084186-3b2c-4728-aa37-ece7042f5bf8,3895067,586,47.44323454489494,1177676387,3782458700,3783162100,1781213938113-0
s2sf12j2_redis_rep2_20260611_223851,redis,s2sf12j2_redis_rep2_20260611_223851,4a31e5db-6985-4e82-9277-c5b4346ee03e,3895086,586,48.49693779563739,1186457248,3783296100,3783860400,1781213938114-0
s2sf12j2_redis_rep2_20260611_223851,redis,s2sf12j2_redis_rep2_20260611_223851,d4698e93-767a-4a04-9b43-145c313dc583,3895074,587,49.381086778652616,1193825156,3783969400,3784468100,1781213938115-0
s2sf12j2_redis_rep2_20260611_223851,redis,s2sf12j2_redis_rep2_20260611_223851,28ee7bbf-019d-48d7-982b-8ef8460fa8cf,3895074,587,49.381086778652616,1193825156,3784558800,3784999900,1781213938115-1
s2sf12j2_redis_rep2_20260611_223851,redis,s2sf12j2_redis_rep2_20260611_223851,aa0f6ad4-6b9a-490a-aac9-de3727a54e95,3895121,587,48.6050797414318,1187358431,3785093800,3785615300,1781213938116-0
s2sf12j2_redis_rep2_20260611_223851,redis,s2sf12j2_redis_rep2_20260611_223851,c2b60be5-8a97-4f3a-91f1-56b4a00cb397,3895121,587,48.6050797414318,1187358431,3785726200,3786275300,1781213938117-0
s2sf12j2_redis_rep2_20260611_223851,redis,s2sf12j2_redis_rep2_20260611_223851,c5bbefc4-2220-4ef9-951b-46c03379a3fd,3895121,587,48.6050797414318,1187358431,3786393700,3786879700,1781213938117-1
s2sf12j2_redis_rep2_20260611_223851,redis,s2sf12j2_redis_rep2_20260611_223851,a359b301-ff67-407b-8c92-0a2981771d6a,3895067,587,47.52656787822827,1178370832,3786988200,3787453000,1781213938118-0
s2sf12j2_redis_rep2_20260611_223851,redis,s2sf12j2_redis_rep2_20260611_223851,01b2c475-8bfa-4408-a256-4b578f8cba11,3895052,587,47.9609013687287,1181990278,3787543100,3788060700,1781213938118-1
s2sf12j2_redis_rep2_20260611_223851,redis,s2sf12j2_redis_rep2_20260611_223851,93cdfde4-d905-419e-970c-66838f08b789,3895095,588,49.89209919108977,1198083593,3788147200,3788793400,1781213938119-0
s2sf12j2_redis_rep2_20260611_223851,redis,s2sf12j2_redis_rep2_20260611_223851,0007e05d-1ecd-4a27-9e6c-0176a558137b,3895095,588,49.89209919108977,1198083593,3788894200,3789363900,1781213938120-0
s2sf12j2_redis_rep2_20260611_223851,redis,s2sf12j2_redis_rep2_20260611_223851,df05a7fa-61cf-4637-ac5a-dd71ecc74a46,3895074,588,49.46442011198595,1194519600,3789502800,3790112300,1781213938120-1
s2sf12j2_redis_rep2_20260611_223851,redis,s2sf12j2_redis_rep2_20260611_223851,01f933ec-0422-411a-ba65-50c62b560327,3895074,588,49.46442011198595,1194519600,3790257100,3790803900,1781213938121-0
s2sf12j2_redis_rep2_20260611_223851,redis,s2sf12j2_redis_rep2_20260611_223851,2d16c691-e38a-4070-8977-ba0a8f0062a6,3895121,588,48.68841307476514,1188052875,3790905100,3791459600,1781213938122-0
s2sf12j2_redis_rep2_20260611_223851,redis,s2sf12j2_redis_rep2_20260611_223851,ad3c7cfe-990e-48e0-a5b6-07324d7dffdf,3895121,588,48.68841307476514,1188052875,3791565900,3792094600,1781213938122-1
s2sf12j2_redis_rep2_20260611_223851,redis,s2sf12j2_redis_rep2_20260611_223851,2d6de105-3c8e-46f8-aba1-2ca82db5db75,3895121,588,48.68841307476514,1188052875,3792209200,3792789400,1781213938123-0
s2sf12j2_redis_rep2_20260611_223851,redis,s2sf12j2_redis_rep2_20260611_223851,9a87f887-e1e8-4e56-a787-b33541d656b2,3895121,588,48.68841307476514,1188052875,3792914600,3793456800,1781213938124-0
s2sf12j2_redis_rep2_20260611_223851,redis,s2sf12j2_redis_rep2_20260611_223851,01f77ba8-732f-460e-9843-000fe8c22e88,3895134,588,48.39181324736076,1185581210,3793561700,3794415600,1781213938124-1
s2sf12j2_redis_rep2_20260611_223851,redis,s2sf12j2_redis_rep2_20260611_223851,ce1f7616-723f-4d2e-976c-217ce8af7dfc,3895052,588,48.04423470206204,1182684722,3794537200,3795200300,1781213938126-0
s2sf12j2_redis_rep2_20260611_223851,redis,s2sf12j2_redis_rep2_20260611_223851,1799529b-9648-4fc6-b554-538c995a3d7b,3895052,588,48.04423470206204,1182684722,3795318500,3795817200,1781213938126-1
s2sf12j2_redis_rep2_20260611_223851,redis,s2sf12j2_redis_rep2_20260611_223851,8273b7db-96ad-41d7-bad6-a79c3a73f8bd,3895113,588,47.538645817022456,1178471481,3795913700,3796666400,1781213938127-0
s2sf12j2_redis_rep2_20260611_223851,redis,s2sf12j2_redis_rep2_20260611_223851,e1645f19-ebe2-44a2-afb4-0f6694777739,3895134,589,48.475146580694094,1186275654,3796762000,3797317800,1781213938128-0
s2sf12j2_redis_rep2_20260611_223851,redis,s2sf12j2_redis_rep2_20260611_223851,809cb891-65b3-4382-be9b-2c923fb09941,3895134,589,48.475146580694094,1186275654,3797433600,3797970500,1781213938128-1
s2sf12j2_redis_rep2_20260611_223851,redis,s2sf12j2_redis_rep2_20260611_223851,4fb2ce2e-ae99-47be-8835-d4fe76a81a1e,3895067,589,47.69323454489494,1179759721,3798069700,3798559800,1781213938129-0
s2sf12j2_redis_rep2_20260611_223851,redis,s2sf12j2_redis_rep2_20260611_223851,3d089aa7-d69e-4513-b9b4-bd51df20dd3f,3895067,589,47.69323454489494,1179759721,3798643100,3799144100,1781213938129-1
s2sf12j2_redis_rep2_20260611_223851,redis,s2sf12j2_redis_rep2_20260611_223851,c4106ee7-bccf-4d7c-96b1-66bdf3556775,3895067,589,47.69323454489494,1179759721,3799225200,3799703600,1781213938130-0
s2sf12j2_redis_rep2_20260611_223851,redis,s2sf12j2_redis_rep2_20260611_223851,fd572d23-148f-4dee-82da-ff57f4613bc3,3895113,589,47.6219791503558,1179165926,3799787200,3800292500,1781213938131-0
s2sf12j2_redis_rep2_20260611_223851,redis,s2sf12j2_redis_rep2_20260611_223851,dfedbad8-ed5f-4886-9f1a-8e785565e557,3895095,590,50.058765857756434,1199472482,3800370200,3800944700,1781213938131-1
s2sf12j2_redis_rep2_20260611_223851,redis,s2sf12j2_redis_rep2_20260611_223851,7e4dbf65-c4de-4920-b670-7ee27db2791e,3895095,590,50.058765857756434,1199472482,3801045200,3801528700,1781213938132-0
s2sf12j2_redis_rep2_20260611_223851,redis,s2sf12j2_redis_rep2_20260611_223851,e0e51306-6abb-4869-9b4f-b78bfef48a64,3895095,590,50.058765857756434,1199472482,3801627500,3802208900,1781213938133-0
s2sf12j2_redis_rep2_20260611_223851,redis,s2sf12j2_redis_rep2_20260611_223851,274a4919-849b-41ff-a8db-95719055d98f,3895095,590,50.058765857756434,1199472482,3802284300,3802843000,1781213938133-1
s2sf12j2_redis_rep2_20260611_223851,redis,s2sf12j2_redis_rep2_20260611_223851,ffd58c50-e6dc-4754-a17f-4bcedff0bd58,3895095,590,50.058765857756434,1199472482,3802939100,3803470100,1781213938134-0
s2sf12j2_redis_rep2_20260611_223851,redis,s2sf12j2_redis_rep2_20260611_223851,4d63112a-4703-42dc-9b8b-0d491b710db4,3895121,590,48.8550797414318,1189441764,3803649600,3804199400,1781213938135-0
s2sf12j2_redis_rep2_20260611_223851,redis,s2sf12j2_redis_rep2_20260611_223851,a492638f-cf4e-4655-b650-5f7805409bdc,3895121,590,48.8550797414318,1189441764,3804303500,3805089900,1781213938135-1
s2sf12j2_redis_rep2_20260611_223851,redis,s2sf12j2_redis_rep2_20260611_223851,95429182-4915-412e-9c8f-eba416a911f9,3895086,590,48.83027112897072,1189235026,3805190700,3805830900,1781213938136-0
s2sf12j2_redis_rep2_20260611_223851,redis,s2sf12j2_redis_rep2_20260611_223851,de2d9276-b461-421a-a7d5-95b38a2fe016,3895074,591,49.71442011198595,1196602934,3805934000,3806492600,1781213938137-0
s2sf12j2_redis_rep2_20260611_223851,redis,s2sf12j2_redis_rep2_20260611_223851,20ebfb52-e4b9-4c9e-839d-43d0755b2d0d,3895067,591,47.859901211561606,1181148610,3806592500,3807337500,1781213938138-0
s2sf12j2_redis_rep2_20260611_223851,redis,s2sf12j2_redis_rep2_20260611_223851,55aff21f-5c1d-476e-853b-2b75b44ee60f,3895067,591,47.859901211561606,1181148610,3807444500,3808126600,1781213938138-1
s2sf12j2_redis_rep2_20260611_223851,redis,s2sf12j2_redis_rep2_20260611_223851,7392ddeb-056c-4099-9ec9-6bd3f433a94d,3895086,591,48.91360446230406,1189929470,3808288800,3808880000,1781213938139-0
s2sf12j2_redis_rep2_20260611_223851,redis,s2sf12j2_redis_rep2_20260611_223851,c38fbeec-9df9-4255-9284-cc8a89885445,3895086,591,48.91360446230406,1189929470,3809010000,3809606200,1781213938140-0
s2sf12j2_redis_rep2_20260611_223851,redis,s2sf12j2_redis_rep2_20260611_223851,79abe03f-a1e7-4211-9dd9-13c47f0e3826,3895113,591,47.788645817022456,1180554815,3809771000,3810306700,1781213938141-0
s2sf12j2_redis_rep2_20260611_223851,redis,s2sf12j2_redis_rep2_20260611_223851,23f7d010-216e-448e-bb0b-e44b94ed38fd,3895113,591,47.788645817022456,1180554815,3810425500,3810951200,1781213938141-1
s2sf12j2_redis_rep2_20260611_223851,redis,s2sf12j2_redis_rep2_20260611_223851,3cbf1fef-6c02-4b30-97a6-cfa657fefa69,3895113,591,47.788645817022456,1180554815,3811068300,3811708500,1781213938142-0
s2sf12j2_redis_rep2_20260611_223851,redis,s2sf12j2_redis_rep2_20260611_223851,62cb7654-87d6-49ca-b7e3-394c14e14586,3895095,592,50.22543252442311,1200861371,3811822000,3812479500,1781213938143-0
s2sf12j2_redis_rep2_20260611_223851,redis,s2sf12j2_redis_rep2_20260611_223851,07489da0-ed25-4dec-9f71-e7d52d170d6f,3895074,592,49.79775344531929,1197297378,3812583300,3813197400,1781213938143-1
s2sf12j2_redis_rep2_20260611_223851,redis,s2sf12j2_redis_rep2_20260611_223851,8f6ec563-4ae7-4d02-a80c-10edf465fc58,3895074,592,49.79775344531929,1197297378,3813338200,3813882800,1781213938144-0
s2sf12j2_redis_rep2_20260611_223851,redis,s2sf12j2_redis_rep2_20260611_223851,bcd383cc-3f29-47fa-b423-a4f49b7ded62,3895060,592,51.082702728353226,1208005289,3813987900,3814511300,1781213938145-0
s2sf12j2_redis_rep2_20260611_223851,redis,s2sf12j2_redis_rep2_20260611_223851,8837658b-2527-43e3-a879-61625227993a,3895121,592,49.02174640809847,1190830653,3814626800,3815126200,1781213938145-1
s2sf12j2_redis_rep2_20260611_223851,redis,s2sf12j2_redis_rep2_20260611_223851,7102b045-f359-41ef-91a8-d13c6d9b3028,3895067,592,47.94323454489494,1181843054,3815224800,3815934500,1781213938146-0
s2sf12j2_redis_rep2_20260611_223851,redis,s2sf12j2_redis_rep2_20260611_223851,1ccaafd0-5da8-4c30-9cd8-7090212b6c92,3895095,593,50.308765857756434,1201555815,3816081800,3816692800,1781213938147-0
s2sf12j2_redis_rep2_20260611_223851,redis,s2sf12j2_redis_rep2_20260611_223851,24d3f73e-8b24-4a15-9099-4a3a7109a3b2,3895095,593,50.308765857756434,1201555815,3816799100,3817376700,1781213938148-0
s2sf12j2_redis_rep2_20260611_223851,redis,s2sf12j2_redis_rep2_20260611_223851,b1cbbb36-ac6e-4c70-b238-98b51f3bbb7c,3895095,593,50.308765857756434,1201555815,3817480400,3818166100,1781213938148-1
s2sf12j2_redis_rep2_20260611_223851,redis,s2sf12j2_redis_rep2_20260611_223851,57253780-463d-4baa-9322-b11a5b9ebc86,3895074,593,49.881086778652616,1197991823,3818269300,3818904500,1781213938149-0
s2sf12j2_redis_rep2_20260611_223851,redis,s2sf12j2_redis_rep2_20260611_223851,97c68392-b18c-4eb6-b41a-02a291f7bdcd,3895060,593,51.16603606168656,1208699733,3819005900,3819567100,1781213938150-0
s2sf12j2_redis_rep2_20260611_223851,redis,s2sf12j2_redis_rep2_20260611_223851,325b7350-d13b-4667-9ae2-08650699aee7,3895060,593,51.16603606168656,1208699733,3819650600,3820129600,1781213938150-1
s2sf12j2_redis_rep2_20260611_223851,redis,s2sf12j2_redis_rep2_20260611_223851,1ee45a48-d32b-412a-a1b3-a4e08abe87ea,3895121,593,49.1050797414318,1191525097,3820240500,3820779900,1781213938151-0
s2sf12j2_redis_rep2_20260611_223851,redis,s2sf12j2_redis_rep2_20260611_223851,c01d1018-8026-4e17-b3b9-4c78935ea6b8,3895121,593,49.1050797414318,1191525097,3820882000,3821491500,1781213938152-0
s2sf12j2_redis_rep2_20260611_223851,redis,s2sf12j2_redis_rep2_20260611_223851,bbd763f4-fe80-4cea-9bf4-1b47e08d11d6,3895067,593,48.02656787822827,1182537498,3821864900,3822357000,1781213938153-0
s2sf12j2_redis_rep2_20260611_223851,redis,s2sf12j2_redis_rep2_20260611_223851,aa6d638b-e544-42a0-9835-0ccf2a8b2009,3895067,593,48.02656787822827,1182537498,3822487700,3823384000,1781213938154-0
s2sf12j2_redis_rep2_20260611_223851,redis,s2sf12j2_redis_rep2_20260611_223851,867833da-be58-4632-bf9d-10b4978f6b09,3895067,593,48.02656787822827,1182537498,3823549000,3824227900,1781213938155-0
s2sf12j2_redis_rep2_20260611_223851,redis,s2sf12j2_redis_rep2_20260611_223851,869aae17-d932-4ee3-b96a-8b08c917626d,3895067,594,48.109901211561606,1183231943,3824383200,3825015600,1781213938155-1
s2sf12j2_redis_rep2_20260611_223851,redis,s2sf12j2_redis_rep2_20260611_223851,7ef4fe71-8a42-4e25-8404-442b43c65cbe,3895086,594,49.16360446230406,1192012803,3825160000,3825777300,1781213938156-0
s2sf12j2_redis_rep2_20260611_223851,redis,s2sf12j2_redis_rep2_20260611_223851,9609ad02-f511-4e04-a077-be41c9922920,3895052,594,48.54423470206204,1186851389,3825919500,3826510300,1781213938157-0
s2sf12j2_redis_rep2_20260611_223851,redis,s2sf12j2_redis_rep2_20260611_223851,fc0dd055-9543-4007-a0bd-faaf427044b9,3895113,594,48.038645817022456,1182638148,3826673800,3827350700,1781213938158-0
s2sf12j2_redis_rep2_20260611_223851,redis,s2sf12j2_redis_rep2_20260611_223851,78d5565d-e7bd-4df3-8894-f8b4be813d9f,3895095,595,50.47543252442311,1202944704,3827494700,3828239600,1781213938159-0
s2sf12j2_redis_rep2_20260611_223851,redis,s2sf12j2_redis_rep2_20260611_223851,70a15b69-d176-48c0-aaf5-32ecf171eb90,3895095,595,50.47543252442311,1202944704,3828381800,3828959000,1781213938159-1
s2sf12j2_redis_rep2_20260611_223851,redis,s2sf12j2_redis_rep2_20260611_223851,92df5b4c-9c50-41fc-a2db-03910550d1cd,3895095,595,50.47543252442311,1202944704,3829104800,3829672200,1781213938160-0
s2sf12j2_redis_rep2_20260611_223851,redis,s2sf12j2_redis_rep2_20260611_223851,c64c07f4-7b41-417b-a342-f8e693d9ff62,3895060,595,51.332702728353226,1210088622,3829770900,3830304800,1781213938161-0
s2sf12j2_redis_rep2_20260611_223851,redis,s2sf12j2_redis_rep2_20260611_223851,3e671347-5500-4b12-9ded-efff1b8e899a,3895067,595,48.19323454489494,1183926387,3830415500,3830991000,1781213938161-1
s2sf12j2_redis_rep2_20260611_223851,redis,s2sf12j2_redis_rep2_20260611_223851,7b751184-997d-404d-9060-41ff2e453407,3895067,595,48.19323454489494,1183926387,3831109900,3831739500,1781213938162-0
s2sf12j2_redis_rep2_20260611_223851,redis,s2sf12j2_redis_rep2_20260611_223851,a850c678-e21a-4e6f-90c9-a51e6a8fd8cb,3895067,595,48.19323454489494,1183926387,3831854500,3832472200,1781213938163-0
s2sf12j2_redis_rep2_20260611_223851,redis,s2sf12j2_redis_rep2_20260611_223851,82e91245-e35c-4e7a-9b9f-36567f4fb53e,3895067,595,48.19323454489494,1183926387,3832578600,3833096400,1781213938163-1
s2sf12j2_redis_rep2_20260611_223851,redis,s2sf12j2_redis_rep2_20260611_223851,39456ea0-0b80-4c31-8130-70e6d5bbfe2b,3895052,595,48.62756803539537,1187545833,3833192300,3833694700,1781213938164-0
s2sf12j2_redis_rep2_20260611_223851,redis,s2sf12j2_redis_rep2_20260611_223851,5e65a51e-1c00-48d0-ab7c-e4f6ea8d6c57,3895052,595,48.62756803539537,1187545833,3833852700,3834360800,1781213938165-0
s2sf12j2_redis_rep2_20260611_223851,redis,s2sf12j2_redis_rep2_20260611_223851,60e98bd7-d72c-422f-95ef-9ade285cbf36,3895113,595,48.1219791503558,1183332592,3834457500,3835133100,1781213938165-1
s2sf12j2_redis_rep2_20260611_223851,redis,s2sf12j2_redis_rep2_20260611_223851,68f25357-617f-432d-a774-4e511ea8b43c,3895113,595,48.1219791503558,1183332592,3835294000,3836153000,1781213938166-0
s2sf12j2_redis_rep2_20260611_223851,redis,s2sf12j2_redis_rep2_20260611_223851,e66736e2-0e2b-4dd0-893c-11cb9911c93d,3895074,596,50.131086778652616,1200075156,3836324100,3836871700,1781213938167-0
s2sf12j2_redis_rep2_20260611_223851,redis,s2sf12j2_redis_rep2_20260611_223851,a4de3a21-86e4-4464-8f73-6f99aac1a914,3895074,596,50.131086778652616,1200075156,3836978600,3837510900,1781213938168-0
s2sf12j2_redis_rep2_20260611_223851,redis,s2sf12j2_redis_rep2_20260611_223851,a56ebc2b-d6e5-4ddf-b7a2-fd73a17a7b67,3895121,596,49.3550797414318,1193608431,3837630000,3838189100,1781213938169-0
s2sf12j2_redis_rep2_20260611_223851,redis,s2sf12j2_redis_rep2_20260611_223851,025d0917-460a-43d5-9551-4c7417149147,3895086,596,49.33027112897072,1193401692,3838311700,3838879400,1781213938169-1
s2sf12j2_redis_rep2_20260611_223851,redis,s2sf12j2_redis_rep2_20260611_223851,dabafd5b-e47f-44e9-9371-4e45b7a854c0,3895086,596,49.33027112897072,1193401692,3838997500,3839517700,1781213938170-0
s2sf12j2_redis_rep2_20260611_223851,redis,s2sf12j2_redis_rep2_20260611_223851,a099715a-3c28-437f-8708-fe3330203256,3895052,596,48.7109013687287,1188240278,3839612000,3840201300,1781213938170-1
s2sf12j2_redis_rep2_20260611_223851,redis,s2sf12j2_redis_rep2_20260611_223851,4ad2e00f-8f8e-4c16-aaaf-4d389988550f,3895113,596,48.20531248368913,1184027037,3840318700,3840901400,1781213938171-0
s2sf12j2_redis_rep2_20260611_223851,redis,s2sf12j2_redis_rep2_20260611_223851,429965c2-860d-4f12-8b2a-bb2604711b1b,3895113,596,48.20531248368913,1184027037,3841017800,3841547000,1781213938172-0
s2sf12j2_redis_rep2_20260611_223851,redis,s2sf12j2_redis_rep2_20260611_223851,6d992ac7-8092-4c3d-9938-ee63ec251fb9,3895113,596,48.20531248368913,1184027037,3841646900,3842203600,1781213938173-0
s2sf12j2_redis_rep2_20260611_223851,redis,s2sf12j2_redis_rep2_20260611_223851,d8d93327-120a-4a11-adf6-2be67f0cbf9f,3895095,597,50.64209919108977,1204333593,3842314600,3842788700,1781213938173-1
s2sf12j2_redis_rep2_20260611_223851,redis,s2sf12j2_redis_rep2_20260611_223851,afdd469f-31ed-4c14-9509-0a869670a319,3895107,597,48.76088458764836,1188656804,3842874400,3843399000,1781213938174-0
s2sf12j2_redis_rep2_20260611_223851,redis,s2sf12j2_redis_rep2_20260611_223851,15ff84f8-5411-4f4c-b403-410a9a87844b,3895121,597,49.43841307476514,1194302875,3843485200,3844061400,1781213938174-1
s2sf12j2_redis_rep2_20260611_223851,redis,s2sf12j2_redis_rep2_20260611_223851,a2d459f5-b2f5-4230-980f-428882780ad7,3895121,597,49.43841307476514,1194302875,3844164800,3844745700,1781213938175-0
s2sf12j2_redis_rep2_20260611_223851,redis,s2sf12j2_redis_rep2_20260611_223851,3d29d282-4708-4cc5-a441-c2937ee305ba,3895052,597,48.79423470206204,1188934722,3844850100,3845443800,1781213938176-0
s2sf12j2_redis_rep2_20260611_223851,redis,s2sf12j2_redis_rep2_20260611_223851,1eb502e7-3f05-417a-b7f7-b12b64e0f817,3895052,597,48.79423470206204,1188934722,3845549900,3846080200,1781213938176-1
s2sf12j2_redis_rep2_20260611_223851,redis,s2sf12j2_redis_rep2_20260611_223851,0b6b240e-8dcb-4b7c-9568-ff6f91c58520,3895113,597,48.288645817022456,1184721481,3846180600,3846720800,1781213938177-0
s2sf12j2_redis_rep2_20260611_223851,redis,s2sf12j2_redis_rep2_20260611_223851,16689d72-9e0b-49be-a374-2a6e85cc790f,3895074,598,50.29775344531929,1201464045,3846823300,3847383200,1781213938178-0
s2sf12j2_redis_rep2_20260611_223851,redis,s2sf12j2_redis_rep2_20260611_223851,0194222a-31c9-49eb-b56f-eb5ae999d927,3895107,598,48.8442179209817,1189351249,3847467300,3848010300,1781213938178-1
s2sf12j2_redis_rep2_20260611_223851,redis,s2sf12j2_redis_rep2_20260611_223851,3448dd12-e7c1-449a-b8b7-89a9efda9a6a,3895107,598,48.8442179209817,1189351249,3848119500,3848584400,1781213938179-0
s2sf12j2_redis_rep2_20260611_223851,redis,s2sf12j2_redis_rep2_20260611_223851,70706640-fa1a-4f13-948a-d6f359a8b7ce,3895121,598,49.52174640809847,1194997320,3848690400,3849210800,1781213938180-0
s2sf12j2_redis_rep2_20260611_223851,redis,s2sf12j2_redis_rep2_20260611_223851,d3b7b07f-fc87-4ca9-bed4-8747b5edd352,3895086,598,49.49693779563739,1194790581,3849318600,3849822300,1781213938180-1
s2sf12j2_redis_rep2_20260611_223851,redis,s2sf12j2_redis_rep2_20260611_223851,992e40c4-184e-406f-8648-916d30f2af24,3895052,598,48.87756803539537,1189629166,3849930700,3850487600,1781213938181-0
s2sf12j2_redis_rep2_20260611_223851,redis,s2sf12j2_redis_rep2_20260611_223851,e8bd7331-c826-415a-bf93-83626ea5b567,3895113,598,48.3719791503558,1185415926,3850604100,3851120900,1781213938181-1
s2sf12j2_redis_rep2_20260611_223851,redis,s2sf12j2_redis_rep2_20260611_223851,fd5697d4-df0f-4481-83a4-2ba2c0b3ed81,3895113,598,48.3719791503558,1185415926,3851228300,3851760100,1781213938182-0
s2sf12j2_redis_rep2_20260611_223851,redis,s2sf12j2_redis_rep2_20260611_223851,a98d1db4-a554-4290-9887-5f1ac16a5651,3895113,598,48.3719791503558,1185415926,3851865200,3852340600,1781213938183-0
s2sf12j2_redis_rep2_20260611_223851,redis,s2sf12j2_redis_rep2_20260611_223851,6fa0d1e8-ab63-47b8-87a7-93516a9f4975,3895095,599,50.808765857756434,1205722482,3852469500,3853089400,1781213938183-1
s2sf12j2_redis_rep2_20260611_223851,redis,s2sf12j2_redis_rep2_20260611_223851,297487ce-1887-48df-adec-dfec5e677300,3895095,599,50.808765857756434,1205722482,3853307200,3853989200,1781213938184-0
s2sf12j2_redis_rep2_20260611_223851,redis,s2sf12j2_redis_rep2_20260611_223851,5ec47445-daf6-48e4-a036-c1513f14005a,3895095,599,50.808765857756434,1205722482,3854144400,3854735100,1781213938185-0
s2sf12j2_redis_rep2_20260611_223851,redis,s2sf12j2_redis_rep2_20260611_223851,77e80273-6376-47e3-a9ce-66412fcf1a24,3895074,599,50.381086778652616,1202158489,3854921400,3855552600,1781213938186-0
s2sf12j2_redis_rep2_20260611_223851,redis,s2sf12j2_redis_rep2_20260611_223851,1505872e-3190-4b41-9eaa-3ca2bc93c056,3895074,599,50.381086778652616,1202158489,3855733500,3856366000,1781213938187-0
s2sf12j2_redis_rep2_20260611_223851,redis,s2sf12j2_redis_rep2_20260611_223851,bdb8df01-2865-4796-a69f-b15d47e177eb,3895060,599,51.66603606168656,1212866400,3856543500,3857151400,1781213938187-1
s2sf12j2_redis_rep2_20260611_223851,redis,s2sf12j2_redis_rep2_20260611_223851,bd65e731-6511-4ac1-a903-2e4dccf2b761,3895060,599,51.66603606168656,1212866400,3857285400,3857878000,1781213938188-0
s2sf12j2_redis_rep2_20260611_223851,redis,s2sf12j2_redis_rep2_20260611_223851,832c2cb9-d99f-4222-8483-a7ba2d897559,3895121,599,49.6050797414318,1195691764,3857995100,3858585300,1781213938189-0
s2sf12j2_redis_rep2_20260611_223851,redis,s2sf12j2_redis_rep2_20260611_223851,dab46250-a6a1-4d9f-92a8-11d6890e79d2,3895121,599,49.6050797414318,1195691764,3858705700,3859409400,1781213938190-0
s2sf12j2_redis_rep2_20260611_223851,redis,s2sf12j2_redis_rep2_20260611_223851,520a7584-038a-4311-9040-51792b1b9d82,3895052,599,48.9609013687287,1190323611,3859545900,3860090600,1781213938190-1
s2sf12j2_redis_rep2_20260611_223851,redis,s2sf12j2_redis_rep2_20260611_223851,dc8e1918-234f-4fea-8aa0-0111b971bf68,3895052,599,48.9609013687287,1190323611,3860221200,3860727800,1781213938191-0
s2sf12j2_redis_rep2_20260611_223851,redis,s2sf12j2_redis_rep2_20260611_223851,453274d2-fbc7-45a5-85be-8224ecf4e430,3895113,599,48.45531248368913,1186110370,3860847800,3861418200,1781213938192-0
s2sf12j2_redis_rep2_20260611_223851,redis,s2sf12j2_redis_rep2_20260611_223851,3656789d-4b9c-4b5a-9ec1-167bf77a76d6,3895113,599,48.45531248368913,1186110370,3861620200,3862257000,1781213938193-0
s2sf12j2_redis_rep2_20260611_223851,redis,s2sf12j2_redis_rep2_20260611_223851,0e7386cb-f8ce-4dfe-b10c-1ea03beca223,3895095,600,50.89209919108977,1206416926,3862390800,3862967100,1781213938193-1
s2sf12j2_redis_rep2_20260611_223851,redis,s2sf12j2_redis_rep2_20260611_223851,6f7d1385-e675-483e-a3eb-cf10ad5faa3a,3895095,600,50.89209919108977,1206416926,3863107300,3863647700,1781213938194-0
s2sf12j2_redis_rep2_20260611_223851,redis,s2sf12j2_redis_rep2_20260611_223851,40d45191-8f2d-4197-a519-bb3093a56c47,3895074,600,50.46442011198595,1202852934,3863768300,3864376700,1781213938195-0
s2sf12j2_redis_rep2_20260611_223851,redis,s2sf12j2_redis_rep2_20260611_223851,29fd27aa-51df-41ac-b3a0-d03fa518ae38,3895060,600,51.74936939501989,1213560844,3864490000,3865099200,1781213938195-1
s2sf12j2_redis_rep2_20260611_223851,redis,s2sf12j2_redis_rep2_20260611_223851,0e0310aa-0552-48ad-9e97-591e122c78b9,3895067,600,48.609901211561606,1187398610,3865200100,3865818700,1781213938196-0
s2sf12j2_redis_rep2_20260611_223851,redis,s2sf12j2_redis_rep2_20260611_223851,29a0bfad-41ae-4241-99f8-2cd38849736a,3895086,600,49.66360446230406,1196179470,3865908100,3866477400,1781213938197-0
s2sf12j2_redis_rep2_20260611_223851,redis,s2sf12j2_redis_rep2_20260611_223851,6594127e-6701-4f06-a373-1e6e8a4518b9,3895086,600,49.66360446230406,1196179470,3866580700,3867110300,1781213938197-1
