run_id,backend,topic,event_id,match_id,t_sim_seconds,t_emit_offset_s,t_prod_sched_ns,t_prod_send_ns,t_broker_ack_ns
s5_s2sf12j2_high_frequency_kafka_rep1_20260612_192546,kafka,sb-events-s5_s2sf12j2_high_frequency_kafka_rep1_20260612_192546,ea1e6876-4179-4750-8231-55c3d6ec8001,3895113,0,-1.4613541829775407,730548049,743532400,856102600
s5_s2sf12j2_high_frequency_kafka_rep1_20260612_192546,kafka,sb-events-s5_s2sf12j2_high_frequency_kafka_rep1_20260612_192546,7eb000ee-2ef0-462a-bd57-e4320f459c68,3895067,0,-1.3900987884383924,731141844,856351100,857616800
s5_s2sf12j2_high_frequency_kafka_rep1_20260612_192546,kafka,sb-events-s5_s2sf12j2_high_frequency_kafka_rep1_20260612_192546,84fbca7e-c79e-4f67-8026-4c9578366292,3895107,0,-0.989115412351636,734483372,857804000,859298300
s5_s2sf12j2_high_frequency_kafka_rep1_20260612_192546,kafka,sb-events-s5_s2sf12j2_high_frequency_kafka_rep1_20260612_192546,69bb4fa7-f177-49a8-9b19-7c01cd9d9a9c,3895052,0,-0.955765297937964,734761290,859492600,860716700
s5_s2sf12j2_high_frequency_kafka_rep1_20260612_192546,kafka,sb-events-s5_s2sf12j2_high_frequency_kafka_rep1_20260612_192546,7f498384-e379-41b8-bdd2-8bf16412e8cc,3895134,0,-0.6081867526392397,737657778,860906500,862242000
s5_s2sf12j2_high_frequency_kafka_rep1_20260612_192546,kafka,sb-events-s5_s2sf12j2_high_frequency_kafka_rep1_20260612_192546,6c9ebdf9-117f-4a31-8b52-ebcf3c35d0c6,3895086,0,-0.3363955376959393,739922704,862394700,863516900
s5_s2sf12j2_high_frequency_kafka_rep1_20260612_192546,kafka,sb-events-s5_s2sf12j2_high_frequency_kafka_rep1_20260612_192546,16d29511-a5c7-4a18-a4b4-d40571e69bd4,3895121,0,-0.31158692523486,740129443,863693700,864833900
s5_s2sf12j2_high_frequency_kafka_rep1_20260612_192546,kafka,sb-events-s5_s2sf12j2_high_frequency_kafka_rep1_20260612_192546,664c81bb-315d-4de4-86d5-f326eebf0684,3895074,0,0.4644201119859548,746596167,865034600,866250700
s5_s2sf12j2_high_frequency_kafka_rep1_20260612_192546,kafka,sb-events-s5_s2sf12j2_high_frequency_kafka_rep1_20260612_192546,9103cd62-6a36-40c6-9f80-ab1f6d258133,3895095,0,0.8920991910897675,750160159,866434700,867702300
s5_s2sf12j2_high_frequency_kafka_rep1_20260612_192546,kafka,sb-events-s5_s2sf12j2_high_frequency_kafka_rep1_20260612_192546,207c41be-4905-457d-af38-e356b67981de,3895060,0,1.7493693950198934,757304078,867871400,869001800
s5_s2sf12j2_high_frequency_kafka_rep1_20260612_192546,kafka,sb-events-s5_s2sf12j2_high_frequency_kafka_rep1_20260612_192546,a88295ad-33e8-4427-872c-eba006d8a0ef,3895113,0,-1.4613541829775407,730548049,869165000,870420500
s5_s2sf12j2_high_frequency_kafka_rep1_20260612_192546,kafka,sb-events-s5_s2sf12j2_high_frequency_kafka_rep1_20260612_192546,d593adb3-8980-46f6-b384-4a91f4ec01ba,3895067,0,-1.3900987884383924,731141844,870619200,872103900
s5_s2sf12j2_high_frequency_kafka_rep1_20260612_192546,kafka,sb-events-s5_s2sf12j2_high_frequency_kafka_rep1_20260612_192546,b4bd630b-4e82-4f31-8947-17beb238dc5a,3895107,0,-0.989115412351636,734483372,872343900,873832800
s5_s2sf12j2_high_frequency_kafka_rep1_20260612_192546,kafka,sb-events-s5_s2sf12j2_high_frequency_kafka_rep1_20260612_192546,9790a466-9c56-42aa-96aa-a9ad1a6f8811,3895052,0,-0.955765297937964,734761290,874046900,875470900
s5_s2sf12j2_high_frequency_kafka_rep1_20260612_192546,kafka,sb-events-s5_s2sf12j2_high_frequency_kafka_rep1_20260612_192546,4af6d17a-69ad-4bca-aece-f3be76c10138,3895134,0,-0.6081867526392397,737657778,875666200,876766000
s5_s2sf12j2_high_frequency_kafka_rep1_20260612_192546,kafka,sb-events-s5_s2sf12j2_high_frequency_kafka_rep1_20260612_192546,6755b1ac-4f37-4c35-b1ef-181d68375e7d,3895086,0,-0.3363955376959393,739922704,876957600,878598100
s5_s2sf12j2_high_frequency_kafka_rep1_20260612_192546,kafka,sb-events-s5_s2sf12j2_high_frequency_kafka_rep1_20260612_192546,27cf4ae2-0319-4fc6-9ace-9f960bb0e4e6,3895121,0,-0.31158692523486,740129443,879043600,880731400
s5_s2sf12j2_high_frequency_kafka_rep1_20260612_192546,kafka,sb-events-s5_s2sf12j2_high_frequency_kafka_rep1_20260612_192546,3dd463f6-b445-407d-8120-bf6aeab35526,3895074,0,0.4644201119859548,746596167,881006800,882602900
s5_s2sf12j2_high_frequency_kafka_rep1_20260612_192546,kafka,sb-events-s5_s2sf12j2_high_frequency_kafka_rep1_20260612_192546,73376ffb-3f9f-4570-9b3e-c51d44315ef3,3895095,0,0.8920991910897675,750160159,882942900,884377300
s5_s2sf12j2_high_frequency_kafka_rep1_20260612_192546,kafka,sb-events-s5_s2sf12j2_high_frequency_kafka_rep1_20260612_192546,fefef503-f3cc-4d41-9b3f-9ddc57b6a93b,3895060,0,1.7493693950198934,757304078,884644600,886196400
s5_s2sf12j2_high_frequency_kafka_rep1_20260612_192546,kafka,sb-events-s5_s2sf12j2_high_frequency_kafka_rep1_20260612_192546,6d6ab3f4-8136-407c-a92f-3f8a6549abdd,3895113,0,-1.4613541829775407,730548049,886463400,888140500
s5_s2sf12j2_high_frequency_kafka_rep1_20260612_192546,kafka,sb-events-s5_s2sf12j2_high_frequency_kafka_rep1_20260612_192546,a40403c7-74d7-45e6-ba91-5ebd6c313d8e,3895067,0,-1.3900987884383924,731141844,888400800,889886300
s5_s2sf12j2_high_frequency_kafka_rep1_20260612_192546,kafka,sb-events-s5_s2sf12j2_high_frequency_kafka_rep1_20260612_192546,6810c39c-8726-412f-b831-62dfec867465,3895107,0,-0.989115412351636,734483372,890140000,891485200
s5_s2sf12j2_high_frequency_kafka_rep1_20260612_192546,kafka,sb-events-s5_s2sf12j2_high_frequency_kafka_rep1_20260612_192546,c6762724-3ad0-4ed1-b232-7f32ac192ec6,3895052,0,-0.955765297937964,734761290,891713900,893018100
s5_s2sf12j2_high_frequency_kafka_rep1_20260612_192546,kafka,sb-events-s5_s2sf12j2_high_frequency_kafka_rep1_20260612_192546,a281da9d-e3f4-43f1-ac2e-f46bbd04fed0,3895134,0,-0.6081867526392397,737657778,893232700,894562500
s5_s2sf12j2_high_frequency_kafka_rep1_20260612_192546,kafka,sb-events-s5_s2sf12j2_high_frequency_kafka_rep1_20260612_192546,8b3af8ba-e26c-40b0-8278-c3e4c7a925f8,3895086,0,-0.3363955376959393,739922704,894802200,896197600
s5_s2sf12j2_high_frequency_kafka_rep1_20260612_192546,kafka,sb-events-s5_s2sf12j2_high_frequency_kafka_rep1_20260612_192546,92e52894-484a-48de-8051-469ea23d6aaa,3895121,0,-0.31158692523486,740129443,896411100,897596100
s5_s2sf12j2_high_frequency_kafka_rep1_20260612_192546,kafka,sb-events-s5_s2sf12j2_high_frequency_kafka_rep1_20260612_192546,77f9b3e5-e0e4-4032-8228-089aa0dd578b,3895074,0,0.4644201119859548,746596167,897803900,905125400
s5_s2sf12j2_high_frequency_kafka_rep1_20260612_192546,kafka,sb-events-s5_s2sf12j2_high_frequency_kafka_rep1_20260612_192546,52a1e2ea-5b27-4cb1-9204-865583191956,3895095,0,0.8920991910897675,750160159,905496900,906993200
s5_s2sf12j2_high_frequency_kafka_rep1_20260612_192546,kafka,sb-events-s5_s2sf12j2_high_frequency_kafka_rep1_20260612_192546,2f46ad65-50a4-4834-9bd9-86a61f034234,3895060,0,1.7493693950198934,757304078,907225100,908500800
s5_s2sf12j2_high_frequency_kafka_rep1_20260612_192546,kafka,sb-events-s5_s2sf12j2_high_frequency_kafka_rep1_20260612_192546,51a7253e-31ed-49f5-9494-f5ab0d2ee039,3895113,0,-1.4613541829775407,730548049,908679400,909932600
s5_s2sf12j2_high_frequency_kafka_rep1_20260612_192546,kafka,sb-events-s5_s2sf12j2_high_frequency_kafka_rep1_20260612_192546,fae27a68-42f4-44cf-8fc0-8d4126407ae3,3895067,0,-1.3900987884383924,731141844,910118900,917109200
s5_s2sf12j2_high_frequency_kafka_rep1_20260612_192546,kafka,sb-events-s5_s2sf12j2_high_frequency_kafka_rep1_20260612_192546,a549d56e-c626-419f-9244-ad813ec8e559,3895107,0,-0.989115412351636,734483372,917429600,918923500
s5_s2sf12j2_high_frequency_kafka_rep1_20260612_192546,kafka,sb-events-s5_s2sf12j2_high_frequency_kafka_rep1_20260612_192546,ba22283a-c920-448c-804e-3737cccd9fff,3895052,0,-0.955765297937964,734761290,919184400,920426300
s5_s2sf12j2_high_frequency_kafka_rep1_20260612_192546,kafka,sb-events-s5_s2sf12j2_high_frequency_kafka_rep1_20260612_192546,6d5e4ad7-9dd8-428b-97f9-5eee0ee14c17,3895134,0,-0.6081867526392397,737657778,920638100,921822800
s5_s2sf12j2_high_frequency_kafka_rep1_20260612_192546,kafka,sb-events-s5_s2sf12j2_high_frequency_kafka_rep1_20260612_192546,b795eae8-ba56-4343-8662-92a8da669bc5,3895086,0,-0.3363955376959393,739922704,921985900,928233600
s5_s2sf12j2_high_frequency_kafka_rep1_20260612_192546,kafka,sb-events-s5_s2sf12j2_high_frequency_kafka_rep1_20260612_192546,d16c061b-99fe-4266-ad73-d7f9c73482b0,3895121,0,-0.31158692523486,740129443,928532700,930034600
s5_s2sf12j2_high_frequency_kafka_rep1_20260612_192546,kafka,sb-events-s5_s2sf12j2_high_frequency_kafka_rep1_20260612_192546,e627413d-5de5-402a-9bb3-90c4cd3b65ec,3895074,0,0.4644201119859548,746596167,930207700,931484400
s5_s2sf12j2_high_frequency_kafka_rep1_20260612_192546,kafka,sb-events-s5_s2sf12j2_high_frequency_kafka_rep1_20260612_192546,a7102458-910f-4583-b653-e3165351e124,3895095,0,0.8920991910897675,750160159,931639300,932723900
s5_s2sf12j2_high_frequency_kafka_rep1_20260612_192546,kafka,sb-events-s5_s2sf12j2_high_frequency_kafka_rep1_20260612_192546,3b3a42a2-e2a1-49f8-9b77-5ec638303a06,3895060,0,1.7493693950198934,757304078,932883400,934320500
s5_s2sf12j2_high_frequency_kafka_rep1_20260612_192546,kafka,sb-events-s5_s2sf12j2_high_frequency_kafka_rep1_20260612_192546,ac5aac4c-5a0e-44c2-97ca-ec38bdb05917,3895113,0,-1.4613541829775407,730548049,934507300,935725000
s5_s2sf12j2_high_frequency_kafka_rep1_20260612_192546,kafka,sb-events-s5_s2sf12j2_high_frequency_kafka_rep1_20260612_192546,ad010a23-88fe-43af-8b5c-8cd1772842ac,3895067,0,-1.3900987884383924,731141844,935938200,937082400
s5_s2sf12j2_high_frequency_kafka_rep1_20260612_192546,kafka,sb-events-s5_s2sf12j2_high_frequency_kafka_rep1_20260612_192546,cc3b6a56-e194-4ce6-901d-a4f84177e81b,3895107,0,-0.989115412351636,734483372,937270500,938447100
s5_s2sf12j2_high_frequency_kafka_rep1_20260612_192546,kafka,sb-events-s5_s2sf12j2_high_frequency_kafka_rep1_20260612_192546,9a50295b-7f7a-449c-9ef3-87e60467e8e1,3895052,0,-0.955765297937964,734761290,938618000,939836700
s5_s2sf12j2_high_frequency_kafka_rep1_20260612_192546,kafka,sb-events-s5_s2sf12j2_high_frequency_kafka_rep1_20260612_192546,1bed9ec9-1af9-4570-a620-8aab3469a6dd,3895134,0,-0.6081867526392397,737657778,939999800,941081300
s5_s2sf12j2_high_frequency_kafka_rep1_20260612_192546,kafka,sb-events-s5_s2sf12j2_high_frequency_kafka_rep1_20260612_192546,3aee3cdf-be11-4ee6-b4bb-828cb4edbe36,3895086,0,-0.3363955376959393,739922704,941272400,942721500
s5_s2sf12j2_high_frequency_kafka_rep1_20260612_192546,kafka,sb-events-s5_s2sf12j2_high_frequency_kafka_rep1_20260612_192546,1cdd596e-bf1f-4096-848a-a2a5db4fd313,3895121,0,-0.31158692523486,740129443,942990300,944332300
s5_s2sf12j2_high_frequency_kafka_rep1_20260612_192546,kafka,sb-events-s5_s2sf12j2_high_frequency_kafka_rep1_20260612_192546,16252ec8-ab09-4119-bcf6-7fd6524f9128,3895074,0,0.4644201119859548,746596167,944597900,945926600
s5_s2sf12j2_high_frequency_kafka_rep1_20260612_192546,kafka,sb-events-s5_s2sf12j2_high_frequency_kafka_rep1_20260612_192546,4a13ba2d-59ad-43d3-b567-6aee81422367,3895095,0,0.8920991910897675,750160159,946183800,947469400
s5_s2sf12j2_high_frequency_kafka_rep1_20260612_192546,kafka,sb-events-s5_s2sf12j2_high_frequency_kafka_rep1_20260612_192546,69bdfb9b-ba46-41c8-814a-98f0a43c6501,3895060,0,1.7493693950198934,757304078,947692900,948863100
s5_s2sf12j2_high_frequency_kafka_rep1_20260612_192546,kafka,sb-events-s5_s2sf12j2_high_frequency_kafka_rep1_20260612_192546,e03021cc-80c5-4ac6-909e-903dca845ee3,3895107,0,-0.989115412351636,734483372,949047100,950289400
s5_s2sf12j2_high_frequency_kafka_rep1_20260612_192546,kafka,sb-events-s5_s2sf12j2_high_frequency_kafka_rep1_20260612_192546,f3dfb8ef-6678-493f-bbce-99f9678b7f75,3895107,0,-0.989115412351636,734483372,950452300,951543900
s5_s2sf12j2_high_frequency_kafka_rep1_20260612_192546,kafka,sb-events-s5_s2sf12j2_high_frequency_kafka_rep1_20260612_192546,17c0df03-219a-4603-befe-8cd2f58d6d47,3895052,1,-0.8724319646046307,735455734,951747300,952906900
s5_s2sf12j2_high_frequency_kafka_rep1_20260612_192546,kafka,sb-events-s5_s2sf12j2_high_frequency_kafka_rep1_20260612_192546,b306ec30-5755-4017-861a-670617955a41,3895074,1,0.5477534453192882,747290612,953060100,954220700
s5_s2sf12j2_high_frequency_kafka_rep1_20260612_192546,kafka,sb-events-s5_s2sf12j2_high_frequency_kafka_rep1_20260612_192546,6c4c62f2-7d95-4094-a714-50c0161ee2e6,3895052,1,-0.8724319646046307,735455734,954384300,955615200
s5_s2sf12j2_high_frequency_kafka_rep1_20260612_192546,kafka,sb-events-s5_s2sf12j2_high_frequency_kafka_rep1_20260612_192546,2b7eff06-8d56-4f2c-bab1-076d4077ed10,3895074,1,0.5477534453192882,747290612,955798300,957034100
s5_s2sf12j2_high_frequency_kafka_rep1_20260612_192546,kafka,sb-events-s5_s2sf12j2_high_frequency_kafka_rep1_20260612_192546,8d4e66c1-7ddb-4e75-b89f-bdb0592be264,3895107,1,-0.9057820790183024,735177817,957235000,958433400
s5_s2sf12j2_high_frequency_kafka_rep1_20260612_192546,kafka,sb-events-s5_s2sf12j2_high_frequency_kafka_rep1_20260612_192546,d54cc444-c9f7-4e31-820a-28e0ad5d8ec4,3895113,2,-1.294687516310874,731936938,958621000,959830300
s5_s2sf12j2_high_frequency_kafka_rep1_20260612_192546,kafka,sb-events-s5_s2sf12j2_high_frequency_kafka_rep1_20260612_192546,0e2c9eac-6504-4dae-9939-5f2920e7102d,3895067,2,-1.2234321217717257,732530733,960012400,961105800
s5_s2sf12j2_high_frequency_kafka_rep1_20260612_192546,kafka,sb-events-s5_s2sf12j2_high_frequency_kafka_rep1_20260612_192546,50dad646-a7c1-450b-8a63-2e2fd90b3cd1,3895134,2,-0.4415200859725731,739046666,961280600,962576600
s5_s2sf12j2_high_frequency_kafka_rep1_20260612_192546,kafka,sb-events-s5_s2sf12j2_high_frequency_kafka_rep1_20260612_192546,40f9b6ab-32ab-47e8-8b92-9b97e90d4c4f,3895086,2,-0.1697288710292726,741311593,962762800,963954000
s5_s2sf12j2_high_frequency_kafka_rep1_20260612_192546,kafka,sb-events-s5_s2sf12j2_high_frequency_kafka_rep1_20260612_192546,f8442e6f-3919-46bc-848a-5f545627cf82,3895121,2,-0.1449202585681933,741518332,964120300,965259500
s5_s2sf12j2_high_frequency_kafka_rep1_20260612_192546,kafka,sb-events-s5_s2sf12j2_high_frequency_kafka_rep1_20260612_192546,f69d0d63-6ad0-41ea-bcec-f1b86b886a83,3895095,2,1.0587658577564345,751549048,965449200,966616000
s5_s2sf12j2_high_frequency_kafka_rep1_20260612_192546,kafka,sb-events-s5_s2sf12j2_high_frequency_kafka_rep1_20260612_192546,ceaa47dd-e3bf-4016-ade0-ed3d54afe971,3895060,2,1.91603606168656,758692967,966815600,967942700
s5_s2sf12j2_high_frequency_kafka_rep1_20260612_192546,kafka,sb-events-s5_s2sf12j2_high_frequency_kafka_rep1_20260612_192546,eb3fde27-a34b-42be-b262-d329e138fff2,3895113,2,-1.294687516310874,731936938,968132400,969400400
s5_s2sf12j2_high_frequency_kafka_rep1_20260612_192546,kafka,sb-events-s5_s2sf12j2_high_frequency_kafka_rep1_20260612_192546,c04183cf-75d8-42b0-91fd-4a026dba10b4,3895067,2,-1.2234321217717257,732530733,969577700,970748000
s5_s2sf12j2_high_frequency_kafka_rep1_20260612_192546,kafka,sb-events-s5_s2sf12j2_high_frequency_kafka_rep1_20260612_192546,b293256b-d885-4135-98ca-8ecf12f9e5a6,3895134,2,-0.4415200859725731,739046666,970965600,972117800
s5_s2sf12j2_high_frequency_kafka_rep1_20260612_192546,kafka,sb-events-s5_s2sf12j2_high_frequency_kafka_rep1_20260612_192546,55321383-ae1f-407e-8f20-2524fd16d04a,3895086,2,-0.1697288710292726,741311593,972293700,973575700
s5_s2sf12j2_high_frequency_kafka_rep1_20260612_192546,kafka,sb-events-s5_s2sf12j2_high_frequency_kafka_rep1_20260612_192546,f296523f-5c17-4d25-8371-f7142523a057,3895121,2,-0.1449202585681933,741518332,973806500,975034900
s5_s2sf12j2_high_frequency_kafka_rep1_20260612_192546,kafka,sb-events-s5_s2sf12j2_high_frequency_kafka_rep1_20260612_192546,285e8e4a-7c84-4ca1-9688-d8b56d623cc2,3895095,2,1.0587658577564345,751549048,975246000,976673800
s5_s2sf12j2_high_frequency_kafka_rep1_20260612_192546,kafka,sb-events-s5_s2sf12j2_high_frequency_kafka_rep1_20260612_192546,70432a35-52ff-429b-8a11-c47bba8fab19,3895060,2,1.91603606168656,758692967,976931700,978355100
s5_s2sf12j2_high_frequency_kafka_rep1_20260612_192546,kafka,sb-events-s5_s2sf12j2_high_frequency_kafka_rep1_20260612_192546,6acfcb07-7343-4821-aa28-a91f66140043,3895134,2,-0.4415200859725731,739046666,978590200,980056400
s5_s2sf12j2_high_frequency_kafka_rep1_20260612_192546,kafka,sb-events-s5_s2sf12j2_high_frequency_kafka_rep1_20260612_192546,d6b118e9-dee4-4f3a-9046-2a086e85ca6b,3895074,2,0.6310867786526214,747985056,980300100,981703400
s5_s2sf12j2_high_frequency_kafka_rep1_20260612_192546,kafka,sb-events-s5_s2sf12j2_high_frequency_kafka_rep1_20260612_192546,080124d4-8c99-46a5-aaf3-9a935ccd1248,3895107,2,-0.8224487456849693,735872261,981947800,983477600
s5_s2sf12j2_high_frequency_kafka_rep1_20260612_192546,kafka,sb-events-s5_s2sf12j2_high_frequency_kafka_rep1_20260612_192546,f9a9b240-dc0d-49e8-b72a-ec081b4c2bf3,3895107,2,-0.8224487456849693,735872261,983736900,985344100
s5_s2sf12j2_high_frequency_kafka_rep1_20260612_192546,kafka,sb-events-s5_s2sf12j2_high_frequency_kafka_rep1_20260612_192546,e5f7cd6e-b6e9-4538-96f5-380ee1534325,3895107,2,-0.8224487456849693,735872261,985633700,987308900
s5_s2sf12j2_high_frequency_kafka_rep1_20260612_192546,kafka,sb-events-s5_s2sf12j2_high_frequency_kafka_rep1_20260612_192546,15bf07b2-c5b7-4074-8693-1d9e4a5b7153,3895052,3,-0.705765297937964,736844623,987572200,989356600
s5_s2sf12j2_high_frequency_kafka_rep1_20260612_192546,kafka,sb-events-s5_s2sf12j2_high_frequency_kafka_rep1_20260612_192546,28f3d343-a6db-4854-bae5-f3390857e90c,3895086,3,-0.0863955376959393,742006038,989675300,991294000
s5_s2sf12j2_high_frequency_kafka_rep1_20260612_192546,kafka,sb-events-s5_s2sf12j2_high_frequency_kafka_rep1_20260612_192546,c5fa6ce0-df8d-42a2-8bdd-601d167d5ec1,3895121,3,-0.0615869252348599,742212776,991583000,993061200
s5_s2sf12j2_high_frequency_kafka_rep1_20260612_192546,kafka,sb-events-s5_s2sf12j2_high_frequency_kafka_rep1_20260612_192546,494d25f1-83d3-4375-aa5c-29dfd26dfebd,3895095,3,1.1420991910897675,752243493,993320000,994766800
s5_s2sf12j2_high_frequency_kafka_rep1_20260612_192546,kafka,sb-events-s5_s2sf12j2_high_frequency_kafka_rep1_20260612_192546,748f1afc-2300-4252-bc9b-f161b5e7c6ef,3895060,3,1.9993693950198932,759387411,995040800,996647700
s5_s2sf12j2_high_frequency_kafka_rep1_20260612_192546,kafka,sb-events-s5_s2sf12j2_high_frequency_kafka_rep1_20260612_192546,3c689040-9b59-4fad-8456-48b2ec8a2058,3895052,3,-0.705765297937964,736844623,996922300,998290700
s5_s2sf12j2_high_frequency_kafka_rep1_20260612_192546,kafka,sb-events-s5_s2sf12j2_high_frequency_kafka_rep1_20260612_192546,c5dd24ba-9256-48e3-b852-121bc71914e3,3895107,3,-0.7391154123516359,736566705,998576800,1000044300
s5_s2sf12j2_high_frequency_kafka_rep1_20260612_192546,kafka,sb-events-s5_s2sf12j2_high_frequency_kafka_rep1_20260612_192546,3114849f-6506-405c-bb4d-71ba30905d5e,3895107,3,-0.7391154123516359,736566705,1000304500,1001669500
s5_s2sf12j2_high_frequency_kafka_rep1_20260612_192546,kafka,sb-events-s5_s2sf12j2_high_frequency_kafka_rep1_20260612_192546,042f1fd2-3cd4-439a-97c4-9275f435f098,3895113,4,-1.1280208496442077,733325827,1001936100,1003553000
s5_s2sf12j2_high_frequency_kafka_rep1_20260612_192546,kafka,sb-events-s5_s2sf12j2_high_frequency_kafka_rep1_20260612_192546,0195cc34-10dc-41e9-ada9-e853f9c16f02,3895134,4,-0.2748534193059064,740435555,1003874900,1005568200
s5_s2sf12j2_high_frequency_kafka_rep1_20260612_192546,kafka,sb-events-s5_s2sf12j2_high_frequency_kafka_rep1_20260612_192546,4f14f36d-c3c1-45d5-9c94-a65f9489d40f,3895074,4,0.797753445319288,749373945,1005862700,1007270100
s5_s2sf12j2_high_frequency_kafka_rep1_20260612_192546,kafka,sb-events-s5_s2sf12j2_high_frequency_kafka_rep1_20260612_192546,980abd18-b5d2-49cd-b110-7f534fd23dfc,3895095,4,1.2254325244231008,752937937,1007500100,1008692300
s5_s2sf12j2_high_frequency_kafka_rep1_20260612_192546,kafka,sb-events-s5_s2sf12j2_high_frequency_kafka_rep1_20260612_192546,88661240-834a-430d-8629-b37b64dbcddc,3895052,4,-0.6224319646046308,737539067,1008892500,1010335500
s5_s2sf12j2_high_frequency_kafka_rep1_20260612_192546,kafka,sb-events-s5_s2sf12j2_high_frequency_kafka_rep1_20260612_192546,5342ea84-0732-454a-9551-8bc9fbe70d05,3895134,4,-0.2748534193059064,740435555,1010718000,1012401100
s5_s2sf12j2_high_frequency_kafka_rep1_20260612_192546,kafka,sb-events-s5_s2sf12j2_high_frequency_kafka_rep1_20260612_192546,2256b8d2-0b23-4080-9849-1553d0135c73,3895074,4,0.797753445319288,749373945,1012796200,1014217300
s5_s2sf12j2_high_frequency_kafka_rep1_20260612_192546,kafka,sb-events-s5_s2sf12j2_high_frequency_kafka_rep1_20260612_192546,df085776-1a71-4f2d-9b9a-d385914ac874,3895095,4,1.2254325244231008,752937937,1014464500,1015782300
s5_s2sf12j2_high_frequency_kafka_rep1_20260612_192546,kafka,sb-events-s5_s2sf12j2_high_frequency_kafka_rep1_20260612_192546,b8c2ef59-5a72-4382-8d37-ef532f1ba623,3895107,4,-0.6557820790183027,737261150,1015988200,1017123600
s5_s2sf12j2_high_frequency_kafka_rep1_20260612_192546,kafka,sb-events-s5_s2sf12j2_high_frequency_kafka_rep1_20260612_192546,aabb516d-6ede-4543-9394-967c0499af8a,3895067,5,-0.9734321217717256,734614066,1017285000,1018829200
s5_s2sf12j2_high_frequency_kafka_rep1_20260612_192546,kafka,sb-events-s5_s2sf12j2_high_frequency_kafka_rep1_20260612_192546,c93d7723-7a1c-4be8-97e1-0babb1be6f11,3895113,5,-1.044687516310874,734020271,1019042700,1020392600
s5_s2sf12j2_high_frequency_kafka_rep1_20260612_192546,kafka,sb-events-s5_s2sf12j2_high_frequency_kafka_rep1_20260612_192546,3cb0c74e-75be-431c-917f-011efc184fdb,3895113,5,-1.044687516310874,734020271,1020609100,1022019800
s5_s2sf12j2_high_frequency_kafka_rep1_20260612_192546,kafka,sb-events-s5_s2sf12j2_high_frequency_kafka_rep1_20260612_192546,3d52c020-9bad-49c3-8ae7-05c40e223268,3895113,5,-1.044687516310874,734020271,1022214600,1023421900
s5_s2sf12j2_high_frequency_kafka_rep1_20260612_192546,kafka,sb-events-s5_s2sf12j2_high_frequency_kafka_rep1_20260612_192546,39ec53e3-9bd4-4411-814d-6e1ede254aac,3895086,6,0.1636044623040606,744089370,1023614900,1024868300
s5_s2sf12j2_high_frequency_kafka_rep1_20260612_192546,kafka,sb-events-s5_s2sf12j2_high_frequency_kafka_rep1_20260612_192546,c744951c-c660-4c83-8083-049bf85c8cbd,3895060,6,2.2493693950198934,761470744,1025061600,1026334900
s5_s2sf12j2_high_frequency_kafka_rep1_20260612_192546,kafka,sb-events-s5_s2sf12j2_high_frequency_kafka_rep1_20260612_192546,33fdf203-b847-4fa5-9021-5f1875717796,3895060,6,2.2493693950198934,761470744,1026545200,1027985700
s5_s2sf12j2_high_frequency_kafka_rep1_20260612_192546,kafka,sb-events-s5_s2sf12j2_high_frequency_kafka_rep1_20260612_192546,98e575e4-0886-40e5-96a8-9c9f857ebcc1,3895052,6,-0.455765297937964,738927956,1028223200,1029924400
s5_s2sf12j2_high_frequency_kafka_rep1_20260612_192546,kafka,sb-events-s5_s2sf12j2_high_frequency_kafka_rep1_20260612_192546,d4683bb7-cdad-4a7d-9851-743212fba939,3895074,6,0.9644201119859548,750762834,1030202600,1031723900
s5_s2sf12j2_high_frequency_kafka_rep1_20260612_192546,kafka,sb-events-s5_s2sf12j2_high_frequency_kafka_rep1_20260612_192546,f019df08-0da5-48d9-a838-1da35f369c3c,3895052,6,-0.455765297937964,738927956,1031986600,1033525700
s5_s2sf12j2_high_frequency_kafka_rep1_20260612_192546,kafka,sb-events-s5_s2sf12j2_high_frequency_kafka_rep1_20260612_192546,e8a7f299-6faa-4914-bcdf-2e44131ed85c,3895107,6,-0.4891154123516359,738650039,1033776400,1035334900
s5_s2sf12j2_high_frequency_kafka_rep1_20260612_192546,kafka,sb-events-s5_s2sf12j2_high_frequency_kafka_rep1_20260612_192546,7ddab21c-8faf-4fbc-a290-a2cdb40b7df7,3895107,6,-0.4891154123516359,738650039,1035616700,1037136600
s5_s2sf12j2_high_frequency_kafka_rep1_20260612_192546,kafka,sb-events-s5_s2sf12j2_high_frequency_kafka_rep1_20260612_192546,d6006eb1-3ef6-4955-a47a-7b2b9192b522,3895121,7,0.2717464080984734,744990553,1037430200,1038978600
s5_s2sf12j2_high_frequency_kafka_rep1_20260612_192546,kafka,sb-events-s5_s2sf12j2_high_frequency_kafka_rep1_20260612_192546,d87f4aa7-4a9b-4319-8dd9-c5426dc81e34,3895121,7,0.2717464080984734,744990553,1039188500,1040436900
s5_s2sf12j2_high_frequency_kafka_rep1_20260612_192546,kafka,sb-events-s5_s2sf12j2_high_frequency_kafka_rep1_20260612_192546,a0313cd5-9822-48bf-8ca6-3c92789a7474,3895121,7,0.2717464080984734,744990553,1040639200,1042091800
s5_s2sf12j2_high_frequency_kafka_rep1_20260612_192546,kafka,sb-events-s5_s2sf12j2_high_frequency_kafka_rep1_20260612_192546,a88a8b7b-dab2-4a21-a85b-580af51a83d1,3895095,7,1.475432524423101,755021271,1042324400,1043855000
s5_s2sf12j2_high_frequency_kafka_rep1_20260612_192546,kafka,sb-events-s5_s2sf12j2_high_frequency_kafka_rep1_20260612_192546,ff2841c0-d955-494b-a7a9-ac8bbb82ad73,3895113,7,-0.8780208496442073,735409160,1044092800,1045507200
s5_s2sf12j2_high_frequency_kafka_rep1_20260612_192546,kafka,sb-events-s5_s2sf12j2_high_frequency_kafka_rep1_20260612_192546,39fe9846-f889-4790-956c-d8df633e77d5,3895074,7,1.0477534453192885,751457278,1045831800,1047467400
s5_s2sf12j2_high_frequency_kafka_rep1_20260612_192546,kafka,sb-events-s5_s2sf12j2_high_frequency_kafka_rep1_20260612_192546,5af66cb7-f6a6-47cb-a57d-696dcdbe6716,3895113,7,-0.8780208496442073,735409160,1047714200,1049178200
s5_s2sf12j2_high_frequency_kafka_rep1_20260612_192546,kafka,sb-events-s5_s2sf12j2_high_frequency_kafka_rep1_20260612_192546,5550d825-5f3b-41f6-bba0-d4cf66c1438e,3895074,7,1.0477534453192885,751457278,1049410300,1050921800
s5_s2sf12j2_high_frequency_kafka_rep1_20260612_192546,kafka,sb-events-s5_s2sf12j2_high_frequency_kafka_rep1_20260612_192546,45ee08ea-fdab-4a8e-8114-f0dec4a5e815,3895113,7,-0.8780208496442073,735409160,1051238800,1052989800
s5_s2sf12j2_high_frequency_kafka_rep1_20260612_192546,kafka,sb-events-s5_s2sf12j2_high_frequency_kafka_rep1_20260612_192546,e8aa6b61-931b-4bf8-b329-cb66ffbd4313,3895074,7,1.0477534453192885,751457278,1053260000,1054846000
s5_s2sf12j2_high_frequency_kafka_rep1_20260612_192546,kafka,sb-events-s5_s2sf12j2_high_frequency_kafka_rep1_20260612_192546,b2d11f7f-8c0d-4533-b2a3-843e981238ad,3895067,8,-0.7234321217717258,736697399,1055161100,1056632200
s5_s2sf12j2_high_frequency_kafka_rep1_20260612_192546,kafka,sb-events-s5_s2sf12j2_high_frequency_kafka_rep1_20260612_192546,320e0bbb-8e37-429c-aa29-d58d9ae85075,3895067,8,-0.7234321217717258,736697399,1056862100,1058211000
s5_s2sf12j2_high_frequency_kafka_rep1_20260612_192546,kafka,sb-events-s5_s2sf12j2_high_frequency_kafka_rep1_20260612_192546,1739877d-1a9a-45a1-a72d-189cd19ce825,3895060,8,2.41603606168656,762859633,1058537100,1060071500
s5_s2sf12j2_high_frequency_kafka_rep1_20260612_192546,kafka,sb-events-s5_s2sf12j2_high_frequency_kafka_rep1_20260612_192546,d8ec2ac3-0202-455a-8a5d-255e1e4cc473,3895121,8,0.3550797414318066,745684997,1060342900,1061921200
s5_s2sf12j2_high_frequency_kafka_rep1_20260612_192546,kafka,sb-events-s5_s2sf12j2_high_frequency_kafka_rep1_20260612_192546,71c80fb5-ad88-4f1a-a7d4-fd63ed429bcd,3895095,8,1.558765857756434,755715715,1062226000,1063973800
s5_s2sf12j2_high_frequency_kafka_rep1_20260612_192546,kafka,sb-events-s5_s2sf12j2_high_frequency_kafka_rep1_20260612_192546,2da5d3ff-deec-4d16-b866-8a7d1fbb93e9,3895060,8,2.41603606168656,762859633,1064238400,1065617400
s5_s2sf12j2_high_frequency_kafka_rep1_20260612_192546,kafka,sb-events-s5_s2sf12j2_high_frequency_kafka_rep1_20260612_192546,1d75ee1b-f1e8-43ab-a31d-cc0805acd5e2,3895052,8,-0.2890986312712974,740316845,1065872400,1067234400
s5_s2sf12j2_high_frequency_kafka_rep1_20260612_192546,kafka,sb-events-s5_s2sf12j2_high_frequency_kafka_rep1_20260612_192546,cc3655de-3632-4a2c-8a22-d670144485db,3895095,8,1.558765857756434,755715715,1067418700,1068609900
s5_s2sf12j2_high_frequency_kafka_rep1_20260612_192546,kafka,sb-events-s5_s2sf12j2_high_frequency_kafka_rep1_20260612_192546,38932aa9-ad68-4202-bc2b-cca968001831,3895113,8,-0.7946875163108741,736103605,1068785100,1069902000
s5_s2sf12j2_high_frequency_kafka_rep1_20260612_192546,kafka,sb-events-s5_s2sf12j2_high_frequency_kafka_rep1_20260612_192546,5ff692af-8337-40bf-bf94-3357c44a9765,3895113,8,-0.7946875163108741,736103605,1070078100,1071205200
s5_s2sf12j2_high_frequency_kafka_rep1_20260612_192546,kafka,sb-events-s5_s2sf12j2_high_frequency_kafka_rep1_20260612_192546,dd059ddd-697b-4957-a691-f20eec306ea5,3895121,9,0.43841307476514,746379442,1071369100,1072455800
s5_s2sf12j2_high_frequency_kafka_rep1_20260612_192546,kafka,sb-events-s5_s2sf12j2_high_frequency_kafka_rep1_20260612_192546,8f1fbe41-034b-43eb-9585-edbb0aadb7ba,3895052,9,-0.205765297937964,741011290,1072635400,1073714600
s5_s2sf12j2_high_frequency_kafka_rep1_20260612_192546,kafka,sb-events-s5_s2sf12j2_high_frequency_kafka_rep1_20260612_192546,629bf2a1-ed9d-4d49-a2d8-cfd7a59e6e3e,3895121,9,0.43841307476514,746379442,1073876700,1074988600
s5_s2sf12j2_high_frequency_kafka_rep1_20260612_192546,kafka,sb-events-s5_s2sf12j2_high_frequency_kafka_rep1_20260612_192546,99c1964f-2b9c-4442-b485-f7e6ce554c84,3895095,9,1.6420991910897675,756410159,1075160400,1076388200
s5_s2sf12j2_high_frequency_kafka_rep1_20260612_192546,kafka,sb-events-s5_s2sf12j2_high_frequency_kafka_rep1_20260612_192546,4127d02c-6da9-47dc-b26f-40da7d121a92,3895052,9,-0.205765297937964,741011290,1076548900,1077951800
s5_s2sf12j2_high_frequency_kafka_rep1_20260612_192546,kafka,sb-events-s5_s2sf12j2_high_frequency_kafka_rep1_20260612_192546,9d075ad4-9f9f-4e6f-a093-5919a1a920b3,3895074,9,1.2144201119859548,752846167,1078216800,1079939200
s5_s2sf12j2_high_frequency_kafka_rep1_20260612_192546,kafka,sb-events-s5_s2sf12j2_high_frequency_kafka_rep1_20260612_192546,0427f1ec-ddae-4698-ab55-cc0403e01b74,3895095,9,1.6420991910897675,756410159,1080150500,1081522800
s5_s2sf12j2_high_frequency_kafka_rep1_20260612_192546,kafka,sb-events-s5_s2sf12j2_high_frequency_kafka_rep1_20260612_192546,43c3670a-83aa-427e-b4db-68d69ea6f60a,3895074,9,1.2144201119859548,752846167,1081753100,1083032200
s5_s2sf12j2_high_frequency_kafka_rep1_20260612_192546,kafka,sb-events-s5_s2sf12j2_high_frequency_kafka_rep1_20260612_192546,31528025-7c8a-4a3c-abf4-a6b496204f3f,3895074,9,1.2144201119859548,752846167,1083218700,1084317800
s5_s2sf12j2_high_frequency_kafka_rep1_20260612_192546,kafka,sb-events-s5_s2sf12j2_high_frequency_kafka_rep1_20260612_192546,08b17ce3-0fb5-45ee-b37f-1dff007b694a,3895067,10,-0.556765455105059,738086288,1084477400,1085706200
s5_s2sf12j2_high_frequency_kafka_rep1_20260612_192546,kafka,sb-events-s5_s2sf12j2_high_frequency_kafka_rep1_20260612_192546,174d1bd5-23b1-403b-b417-fc59eab9339c,3895134,10,0.2251465806940936,744602221,1085891500,1087229200
s5_s2sf12j2_high_frequency_kafka_rep1_20260612_192546,kafka,sb-events-s5_s2sf12j2_high_frequency_kafka_rep1_20260612_192546,7cba4468-f2eb-4352-94e8-2474e078f085,3895067,10,-0.556765455105059,738086288,1087391800,1088730800
s5_s2sf12j2_high_frequency_kafka_rep1_20260612_192546,kafka,sb-events-s5_s2sf12j2_high_frequency_kafka_rep1_20260612_192546,7604592e-b68b-4f0b-a7ff-eca7a0e2440b,3895134,10,0.2251465806940936,744602221,1088890800,1090139500
s5_s2sf12j2_high_frequency_kafka_rep1_20260612_192546,kafka,sb-events-s5_s2sf12j2_high_frequency_kafka_rep1_20260612_192546,3a82e4ae-0527-4391-a6c1-23c5e4ace661,3895067,10,-0.556765455105059,738086288,1090301800,1091586500
s5_s2sf12j2_high_frequency_kafka_rep1_20260612_192546,kafka,sb-events-s5_s2sf12j2_high_frequency_kafka_rep1_20260612_192546,55773380-38a7-49a4-b73a-a688f19444c1,3895134,10,0.2251465806940936,744602221,1091784700,1093126100
s5_s2sf12j2_high_frequency_kafka_rep1_20260612_192546,kafka,sb-events-s5_s2sf12j2_high_frequency_kafka_rep1_20260612_192546,ed38d77f-8234-4921-88d2-52ae89331fc2,3895060,10,2.582702728353227,764248522,1093296100,1094483200
s5_s2sf12j2_high_frequency_kafka_rep1_20260612_192546,kafka,sb-events-s5_s2sf12j2_high_frequency_kafka_rep1_20260612_192546,74e102e0-b7bc-4d69-a21b-fe814eb02b6e,3895134,10,0.2251465806940936,744602221,1094655800,1095908100
s5_s2sf12j2_high_frequency_kafka_rep1_20260612_192546,kafka,sb-events-s5_s2sf12j2_high_frequency_kafka_rep1_20260612_192546,7aa7a387-f694-48d3-9239-56af7324dae2,3895060,10,2.582702728353227,764248522,1096069900,1097469400
s5_s2sf12j2_high_frequency_kafka_rep1_20260612_192546,kafka,sb-events-s5_s2sf12j2_high_frequency_kafka_rep1_20260612_192546,897c5f7a-b611-400d-a4bd-546cbba4e897,3895134,10,0.2251465806940936,744602221,1097711600,1099130900
s5_s2sf12j2_high_frequency_kafka_rep1_20260612_192546,kafka,sb-events-s5_s2sf12j2_high_frequency_kafka_rep1_20260612_192546,2fdcfc97-4f53-46be-ae4a-a5b67c508cf9,3895121,10,0.5217464080984734,747073886,1099366800,1100683000
s5_s2sf12j2_high_frequency_kafka_rep1_20260612_192546,kafka,sb-events-s5_s2sf12j2_high_frequency_kafka_rep1_20260612_192546,fac6763f-5f80-4b02-94e3-799bd452abc8,3895113,10,-0.6280208496442073,737492493,1100893100,1102206000
s5_s2sf12j2_high_frequency_kafka_rep1_20260612_192546,kafka,sb-events-s5_s2sf12j2_high_frequency_kafka_rep1_20260612_192546,d5a131da-001e-451d-94a2-16c8fddf1ae0,3895086,11,0.5802711289707273,747561592,1102400600,1103713200
s5_s2sf12j2_high_frequency_kafka_rep1_20260612_192546,kafka,sb-events-s5_s2sf12j2_high_frequency_kafka_rep1_20260612_192546,43134fef-e6aa-4650-9198-9da79f955c83,3895067,11,-0.4734321217717258,738780733,1103915600,1105209000
s5_s2sf12j2_high_frequency_kafka_rep1_20260612_192546,kafka,sb-events-s5_s2sf12j2_high_frequency_kafka_rep1_20260612_192546,e62a0339-6478-4758-9dda-9c3a672cda2b,3895067,11,-0.4734321217717258,738780733,1105433300,1106876100
s5_s2sf12j2_high_frequency_kafka_rep1_20260612_192546,kafka,sb-events-s5_s2sf12j2_high_frequency_kafka_rep1_20260612_192546,b767f8cf-4d2d-45c2-befd-2acd1c356621,3895060,11,2.66603606168656,764942967,1107116300,1108564600
s5_s2sf12j2_high_frequency_kafka_rep1_20260612_192546,kafka,sb-events-s5_s2sf12j2_high_frequency_kafka_rep1_20260612_192546,635f9e3a-22a3-4328-aa0d-299e2244750f,3895134,11,0.3084799140274269,745296665,1108810700,1110261100
s5_s2sf12j2_high_frequency_kafka_rep1_20260612_192546,kafka,sb-events-s5_s2sf12j2_high_frequency_kafka_rep1_20260612_192546,b2a1e34b-f362-4be7-abc3-7d5015d54850,3895121,11,0.6050797414318067,747768331,1110489100,1112077400
s5_s2sf12j2_high_frequency_kafka_rep1_20260612_192546,kafka,sb-events-s5_s2sf12j2_high_frequency_kafka_rep1_20260612_192546,6fcdcd6a-f032-47d6-8ab5-40021f4c097d,3895095,11,1.808765857756434,757799048,1112369600,1113981800
s5_s2sf12j2_high_frequency_kafka_rep1_20260612_192546,kafka,sb-events-s5_s2sf12j2_high_frequency_kafka_rep1_20260612_192546,177cc6d8-cc4d-4509-9a20-021f81a25de5,3895134,11,0.3084799140274269,745296665,1114285100,1115764000
s5_s2sf12j2_high_frequency_kafka_rep1_20260612_192546,kafka,sb-events-s5_s2sf12j2_high_frequency_kafka_rep1_20260612_192546,480e7b02-6900-48ff-a092-84edfe968c1e,3895121,11,0.6050797414318067,747768331,1116000000,1117387000
s5_s2sf12j2_high_frequency_kafka_rep1_20260612_192546,kafka,sb-events-s5_s2sf12j2_high_frequency_kafka_rep1_20260612_192546,523c9836-c56d-469f-a9b2-b2cccef6dab7,3895095,11,1.808765857756434,757799048,1117625900,1119132400
s5_s2sf12j2_high_frequency_kafka_rep1_20260612_192546,kafka,sb-events-s5_s2sf12j2_high_frequency_kafka_rep1_20260612_192546,429856a9-3da6-4b26-b2c7-bffd25ab0c19,3895113,11,-0.5446875163108741,738186938,1119341900,1120545700
s5_s2sf12j2_high_frequency_kafka_rep1_20260612_192546,kafka,sb-events-s5_s2sf12j2_high_frequency_kafka_rep1_20260612_192546,7962ad90-9dc3-435e-b10a-9bbfa62c5d21,3895074,11,1.3810867786526213,754235056,1120754900,1122018400
s5_s2sf12j2_high_frequency_kafka_rep1_20260612_192546,kafka,sb-events-s5_s2sf12j2_high_frequency_kafka_rep1_20260612_192546,7913f543-9fcd-488e-84d6-8a14f0455694,3895074,11,1.3810867786526213,754235056,1122233700,1123462800
s5_s2sf12j2_high_frequency_kafka_rep1_20260612_192546,kafka,sb-events-s5_s2sf12j2_high_frequency_kafka_rep1_20260612_192546,8847c801-2b00-4bf3-9bb8-88f92ab95fa1,3895074,11,1.3810867786526213,754235056,1123658000,1124893200
s5_s2sf12j2_high_frequency_kafka_rep1_20260612_192546,kafka,sb-events-s5_s2sf12j2_high_frequency_kafka_rep1_20260612_192546,5b924c30-ccff-4008-a917-fda9ba37cba4,3895074,11,1.3810867786526213,754235056,1125106800,1126488100
s5_s2sf12j2_high_frequency_kafka_rep1_20260612_192546,kafka,sb-events-s5_s2sf12j2_high_frequency_kafka_rep1_20260612_192546,1e2eb1e6-7441-4fcb-b532-b7e4ff107657,3895086,12,0.6636044623040607,748256037,1126700900,1128103800
s5_s2sf12j2_high_frequency_kafka_rep1_20260612_192546,kafka,sb-events-s5_s2sf12j2_high_frequency_kafka_rep1_20260612_192546,a03fa6b0-0944-4d90-9881-9d2b47418d86,3895086,12,0.6636044623040607,748256037,1128338100,1129746000
s5_s2sf12j2_high_frequency_kafka_rep1_20260612_192546,kafka,sb-events-s5_s2sf12j2_high_frequency_kafka_rep1_20260612_192546,e7281523-4786-460c-a9a4-c25b2828a783,3895086,12,0.6636044623040607,748256037,1129943400,1131359700
s5_s2sf12j2_high_frequency_kafka_rep1_20260612_192546,kafka,sb-events-s5_s2sf12j2_high_frequency_kafka_rep1_20260612_192546,86c3a258-b8ca-4ec4-955d-05e4a45f4053,3895067,12,-0.3900987884383924,739475177,1131550000,1132736400
s5_s2sf12j2_high_frequency_kafka_rep1_20260612_192546,kafka,sb-events-s5_s2sf12j2_high_frequency_kafka_rep1_20260612_192546,585a8685-12a2-418f-91a6-4d2a02ad8430,3895052,12,0.0442347020620359,743094622,1132923900,1134296500
s5_s2sf12j2_high_frequency_kafka_rep1_20260612_192546,kafka,sb-events-s5_s2sf12j2_high_frequency_kafka_rep1_20260612_192546,316981db-6e7f-44a0-999e-b56d5da36fd6,3895060,12,2.7493693950198934,765637411,1134531100,1135870800
s5_s2sf12j2_high_frequency_kafka_rep1_20260612_192546,kafka,sb-events-s5_s2sf12j2_high_frequency_kafka_rep1_20260612_192546,e7b35a27-1240-4696-9680-00347a4fd4ab,3895067,12,-0.3900987884383924,739475177,1136067700,1137360700
s5_s2sf12j2_high_frequency_kafka_rep1_20260612_192546,kafka,sb-events-s5_s2sf12j2_high_frequency_kafka_rep1_20260612_192546,66cebf02-2ea6-4c35-a551-862b09130220,3895107,12,0.010884587648364,742816704,1137601000,1139314500
s5_s2sf12j2_high_frequency_kafka_rep1_20260612_192546,kafka,sb-events-s5_s2sf12j2_high_frequency_kafka_rep1_20260612_192546,01867a27-4aa7-42ac-ab96-6d7f49d8dcb8,3895134,12,0.3918132473607603,745991110,1139550700,1140965400
s5_s2sf12j2_high_frequency_kafka_rep1_20260612_192546,kafka,sb-events-s5_s2sf12j2_high_frequency_kafka_rep1_20260612_192546,5bdb34eb-55f0-4afa-b200-3172dc49c743,3895121,12,0.68841307476514,748462775,1141209700,1142542400
s5_s2sf12j2_high_frequency_kafka_rep1_20260612_192546,kafka,sb-events-s5_s2sf12j2_high_frequency_kafka_rep1_20260612_192546,817e0fb2-07b1-470b-9ad7-0bba4767e247,3895095,12,1.8920991910897675,758493493,1142778500,1144258100
s5_s2sf12j2_high_frequency_kafka_rep1_20260612_192546,kafka,sb-events-s5_s2sf12j2_high_frequency_kafka_rep1_20260612_192546,ba2de37d-ee65-4feb-a5ea-b54fc0236494,3895113,12,-0.4613541829775407,738881382,1144538900,1146127400
s5_s2sf12j2_high_frequency_kafka_rep1_20260612_192546,kafka,sb-events-s5_s2sf12j2_high_frequency_kafka_rep1_20260612_192546,c55ee278-e7d5-4f2f-aaf9-1d7e71c7ee6f,3895134,12,0.3918132473607603,745991110,1146370200,1147881700
s5_s2sf12j2_high_frequency_kafka_rep1_20260612_192546,kafka,sb-events-s5_s2sf12j2_high_frequency_kafka_rep1_20260612_192546,51fb02b5-26e7-43ac-8165-4ca01a5c46d6,3895113,12,-0.4613541829775407,738881382,1148130800,1149373500
s5_s2sf12j2_high_frequency_kafka_rep1_20260612_192546,kafka,sb-events-s5_s2sf12j2_high_frequency_kafka_rep1_20260612_192546,da7c4c87-47cc-43e4-abc7-ed5153ccd953,3895086,13,0.7469377956373939,748950481,1149572000,1150818400
s5_s2sf12j2_high_frequency_kafka_rep1_20260612_192546,kafka,sb-events-s5_s2sf12j2_high_frequency_kafka_rep1_20260612_192546,2d158032-d266-417c-b308-7988ff8c3ffc,3895086,13,0.7469377956373939,748950481,1151036200,1152295100
s5_s2sf12j2_high_frequency_kafka_rep1_20260612_192546,kafka,sb-events-s5_s2sf12j2_high_frequency_kafka_rep1_20260612_192546,54f1c83c-f7c4-4413-8a2a-69aaac9bec05,3895052,13,0.1275680353953692,743789066,1152501800,1153820400
s5_s2sf12j2_high_frequency_kafka_rep1_20260612_192546,kafka,sb-events-s5_s2sf12j2_high_frequency_kafka_rep1_20260612_192546,4c6fb264-6641-4514-9dfb-96a0f17f3899,3895060,13,2.832702728353227,766331856,1153986000,1155181300
s5_s2sf12j2_high_frequency_kafka_rep1_20260612_192546,kafka,sb-events-s5_s2sf12j2_high_frequency_kafka_rep1_20260612_192546,e295f3e0-e0cc-4adc-91fa-062599b27d25,3895107,13,0.0942179209816973,743511149,1155349200,1156436100
s5_s2sf12j2_high_frequency_kafka_rep1_20260612_192546,kafka,sb-events-s5_s2sf12j2_high_frequency_kafka_rep1_20260612_192546,50fa5c47-ce69-41d3-bf4a-29b4f86d02fd,3895052,13,0.1275680353953692,743789066,1156603800,1157925500
s5_s2sf12j2_high_frequency_kafka_rep1_20260612_192546,kafka,sb-events-s5_s2sf12j2_high_frequency_kafka_rep1_20260612_192546,fe1233fa-d40a-4e0c-8b0d-55809b7d774b,3895060,13,2.832702728353227,766331856,1158088500,1159387500
s5_s2sf12j2_high_frequency_kafka_rep1_20260612_192546,kafka,sb-events-s5_s2sf12j2_high_frequency_kafka_rep1_20260612_192546,d79cf0c7-e0cd-4718-a96e-2b06b1cb0bed,3895107,13,0.0942179209816973,743511149,1159600200,1160938500
s5_s2sf12j2_high_frequency_kafka_rep1_20260612_192546,kafka,sb-events-s5_s2sf12j2_high_frequency_kafka_rep1_20260612_192546,d46689a3-08bd-4188-bc0d-6a6bace1f531,3895086,14,0.8302711289707274,749644926,1161155200,1162424200
s5_s2sf12j2_high_frequency_kafka_rep1_20260612_192546,kafka,sb-events-s5_s2sf12j2_high_frequency_kafka_rep1_20260612_192546,93753357-15d4-4424-9899-669adf6f34ea,3895052,14,0.2109013687287027,744483511,1162707700,1164081700
s5_s2sf12j2_high_frequency_kafka_rep1_20260612_192546,kafka,sb-events-s5_s2sf12j2_high_frequency_kafka_rep1_20260612_192546,1615450f-4d55-4fef-91d6-ab9f981c6185,3895095,14,2.058765857756434,759882382,1164284700,1165576300
s5_s2sf12j2_high_frequency_kafka_rep1_20260612_192546,kafka,sb-events-s5_s2sf12j2_high_frequency_kafka_rep1_20260612_192546,9dcf795d-a1b5-4b33-b421-af35da8f1708,3895095,14,2.058765857756434,759882382,1165808300,1167243800
s5_s2sf12j2_high_frequency_kafka_rep1_20260612_192546,kafka,sb-events-s5_s2sf12j2_high_frequency_kafka_rep1_20260612_192546,bd76ea17-62ca-436b-b60f-ebbce8df5a58,3895074,14,1.6310867786526215,756318389,1167419500,1168566300
s5_s2sf12j2_high_frequency_kafka_rep1_20260612_192546,kafka,sb-events-s5_s2sf12j2_high_frequency_kafka_rep1_20260612_192546,d0309ed5-a714-4866-9594-2806ec7f3053,3895074,14,1.6310867786526215,756318389,1168743100,1169892000
s5_s2sf12j2_high_frequency_kafka_rep1_20260612_192546,kafka,sb-events-s5_s2sf12j2_high_frequency_kafka_rep1_20260612_192546,59d5f7d4-b2c8-4777-ad5d-f682a5be2482,3895074,14,1.6310867786526215,756318389,1170055200,1171275800
s5_s2sf12j2_high_frequency_kafka_rep1_20260612_192546,kafka,sb-events-s5_s2sf12j2_high_frequency_kafka_rep1_20260612_192546,7b8d5bb4-4ed6-4983-806a-c8ca1feeef81,3895121,15,0.93841307476514,750546108,1171470200,1172623800
s5_s2sf12j2_high_frequency_kafka_rep1_20260612_192546,kafka,sb-events-s5_s2sf12j2_high_frequency_kafka_rep1_20260612_192546,8d671e50-4b4d-4fcc-be94-351d53828756,3895107,15,0.2608845876483641,744900038,1172787700,1173789200
s5_s2sf12j2_high_frequency_kafka_rep1_20260612_192546,kafka,sb-events-s5_s2sf12j2_high_frequency_kafka_rep1_20260612_192546,bf8ecf65-adbc-42d1-99f7-c48a6ef2ec06,3895052,15,0.2942347020620359,745177955,1173975900,1175120800
s5_s2sf12j2_high_frequency_kafka_rep1_20260612_192546,kafka,sb-events-s5_s2sf12j2_high_frequency_kafka_rep1_20260612_192546,4cf23b83-c0d3-4df1-bdef-c5caded9cc07,3895121,15,0.93841307476514,750546108,1175280600,1176379200
s5_s2sf12j2_high_frequency_kafka_rep1_20260612_192546,kafka,sb-events-s5_s2sf12j2_high_frequency_kafka_rep1_20260612_192546,67f9bdbc-8feb-49b2-b7fe-705375aac0db,3895052,15,0.2942347020620359,745177955,1176541600,1177658300
s5_s2sf12j2_high_frequency_kafka_rep1_20260612_192546,kafka,sb-events-s5_s2sf12j2_high_frequency_kafka_rep1_20260612_192546,a6fdb7f7-8cbe-4f00-a6bc-68733f24f18c,3895121,15,0.93841307476514,750546108,1177810600,1178910300
s5_s2sf12j2_high_frequency_kafka_rep1_20260612_192546,kafka,sb-events-s5_s2sf12j2_high_frequency_kafka_rep1_20260612_192546,5891ef4b-5571-4b46-961f-60fcb3d5029b,3895095,15,2.1420991910897675,760576826,1179072500,1180175700
s5_s2sf12j2_high_frequency_kafka_rep1_20260612_192546,kafka,sb-events-s5_s2sf12j2_high_frequency_kafka_rep1_20260612_192546,0ae08622-c5d6-4f51-ac0a-85c965101887,3895095,15,2.1420991910897675,760576826,1180335800,1181478100
s5_s2sf12j2_high_frequency_kafka_rep1_20260612_192546,kafka,sb-events-s5_s2sf12j2_high_frequency_kafka_rep1_20260612_192546,b2aa3ef3-18c5-47bb-8d2b-ae0489efea39,3895134,16,0.7251465806940935,748768888,1181647400,1182766000
s5_s2sf12j2_high_frequency_kafka_rep1_20260612_192546,kafka,sb-events-s5_s2sf12j2_high_frequency_kafka_rep1_20260612_192546,923309c9-3dcf-4141-a48f-e3208bd1f952,3895113,16,-0.1280208496442074,741659160,1182940100,1184091800
s5_s2sf12j2_high_frequency_kafka_rep1_20260612_192546,kafka,sb-events-s5_s2sf12j2_high_frequency_kafka_rep1_20260612_192546,e8f5cb79-b270-408d-8a30-991d50c8bccd,3895095,16,2.225432524423101,761271271,1184299800,1185543500
s5_s2sf12j2_high_frequency_kafka_rep1_20260612_192546,kafka,sb-events-s5_s2sf12j2_high_frequency_kafka_rep1_20260612_192546,740e3759-e2fa-4c08-bb5e-ac9ff7760fce,3895074,16,1.797753445319288,757707278,1185727100,1186867400
s5_s2sf12j2_high_frequency_kafka_rep1_20260612_192546,kafka,sb-events-s5_s2sf12j2_high_frequency_kafka_rep1_20260612_192546,3f1b90e5-46c3-4832-b386-a774f9ef7762,3895074,16,1.797753445319288,757707278,1187023600,1188258800
s5_s2sf12j2_high_frequency_kafka_rep1_20260612_192546,kafka,sb-events-s5_s2sf12j2_high_frequency_kafka_rep1_20260612_192546,4453ce7d-4348-41a1-a86f-beae68288f76,3895074,16,1.797753445319288,757707278,1188415600,1189645200
s5_s2sf12j2_high_frequency_kafka_rep1_20260612_192546,kafka,sb-events-s5_s2sf12j2_high_frequency_kafka_rep1_20260612_192546,8eadb67c-5080-4a27-836f-922f5a6eeeb6,3895074,16,1.797753445319288,757707278,1189873700,1191125500
s5_s2sf12j2_high_frequency_kafka_rep1_20260612_192546,kafka,sb-events-s5_s2sf12j2_high_frequency_kafka_rep1_20260612_192546,4917b4e0-e17c-4412-bec0-734319e40d03,3895074,16,1.797753445319288,757707278,1191328000,1192525300
s5_s2sf12j2_high_frequency_kafka_rep1_20260612_192546,kafka,sb-events-s5_s2sf12j2_high_frequency_kafka_rep1_20260612_192546,6bae2646-95ef-4ae3-808b-79fa5756e3a0,3895086,17,1.0802711289707274,751728259,1192722100,1193843200
s5_s2sf12j2_high_frequency_kafka_rep1_20260612_192546,kafka,sb-events-s5_s2sf12j2_high_frequency_kafka_rep1_20260612_192546,6099cc29-0d11-4fee-9d00-ce786f36eca9,3895113,17,-0.0446875163108739,742353605,1194039000,1195216700
s5_s2sf12j2_high_frequency_kafka_rep1_20260612_192546,kafka,sb-events-s5_s2sf12j2_high_frequency_kafka_rep1_20260612_192546,86a2db30-3020-4a3a-af2f-3b1d59b73adc,3895052,17,0.4609013687287027,746566844,1195414000,1196729900
s5_s2sf12j2_high_frequency_kafka_rep1_20260612_192546,kafka,sb-events-s5_s2sf12j2_high_frequency_kafka_rep1_20260612_192546,da8b4ee3-3079-4353-ac9d-451a47100b52,3895121,17,1.1050797414318068,751934997,1196918200,1198138000
s5_s2sf12j2_high_frequency_kafka_rep1_20260612_192546,kafka,sb-events-s5_s2sf12j2_high_frequency_kafka_rep1_20260612_192546,238ccd63-a906-4647-a994-0b592cedbb4d,3895113,17,-0.0446875163108739,742353605,1198306800,1199508600
s5_s2sf12j2_high_frequency_kafka_rep1_20260612_192546,kafka,sb-events-s5_s2sf12j2_high_frequency_kafka_rep1_20260612_192546,5f5f1bfd-17e6-4a75-a48d-23c004391ca0,3895121,17,1.1050797414318068,751934997,1199667500,1200765200
s5_s2sf12j2_high_frequency_kafka_rep1_20260612_192546,kafka,sb-events-s5_s2sf12j2_high_frequency_kafka_rep1_20260612_192546,f56d4891-5044-48bc-98bd-2714de02c555,3895095,17,2.308765857756434,761965715,1200919500,1202039400
s5_s2sf12j2_high_frequency_kafka_rep1_20260612_192546,kafka,sb-events-s5_s2sf12j2_high_frequency_kafka_rep1_20260612_192546,74fb2011-216f-43aa-8c61-587989c3083d,3895095,17,2.308765857756434,761965715,1202186500,1203271700
s5_s2sf12j2_high_frequency_kafka_rep1_20260612_192546,kafka,sb-events-s5_s2sf12j2_high_frequency_kafka_rep1_20260612_192546,c4f630f3-cffd-4397-a545-146b8ed79cba,3895095,17,2.308765857756434,761965715,1203432200,1204514500
s5_s2sf12j2_high_frequency_kafka_rep1_20260612_192546,kafka,sb-events-s5_s2sf12j2_high_frequency_kafka_rep1_20260612_192546,a2d472e0-2844-401d-94b3-333c820b3d2d,3895086,18,1.163604462304061,752422703,1204695100,1205920200
s5_s2sf12j2_high_frequency_kafka_rep1_20260612_192546,kafka,sb-events-s5_s2sf12j2_high_frequency_kafka_rep1_20260612_192546,a3d8c0c0-3e97-47d3-8bee-8eba75a19ae8,3895086,18,1.163604462304061,752422703,1206206900,1207744700
s5_s2sf12j2_high_frequency_kafka_rep1_20260612_192546,kafka,sb-events-s5_s2sf12j2_high_frequency_kafka_rep1_20260612_192546,e1464657-428c-47db-b28c-41c44d976b21,3895086,18,1.163604462304061,752422703,1208018200,1209496100
s5_s2sf12j2_high_frequency_kafka_rep1_20260612_192546,kafka,sb-events-s5_s2sf12j2_high_frequency_kafka_rep1_20260612_192546,c6cba519-72a4-4c6a-a204-27bb2809348d,3895107,18,0.5108845876483641,746983371,1209720500,1211174900
s5_s2sf12j2_high_frequency_kafka_rep1_20260612_192546,kafka,sb-events-s5_s2sf12j2_high_frequency_kafka_rep1_20260612_192546,415243ce-3849-4896-9be1-75365ad90b78,3895134,18,0.8918132473607603,750157777,1211479500,1212934200
s5_s2sf12j2_high_frequency_kafka_rep1_20260612_192546,kafka,sb-events-s5_s2sf12j2_high_frequency_kafka_rep1_20260612_192546,f3cf7038-cbb0-4e2b-be0e-87d31d2aa135,3895086,18,1.163604462304061,752422703,1213279600,1214675200
s5_s2sf12j2_high_frequency_kafka_rep1_20260612_192546,kafka,sb-events-s5_s2sf12j2_high_frequency_kafka_rep1_20260612_192546,0419e708-847b-4ff2-a6f7-50031b3683e4,3895107,18,0.5108845876483641,746983371,1214915300,1216156500
s5_s2sf12j2_high_frequency_kafka_rep1_20260612_192546,kafka,sb-events-s5_s2sf12j2_high_frequency_kafka_rep1_20260612_192546,f9096f10-3921-40be-bcaa-d7439f4bef6c,3895134,18,0.8918132473607603,750157777,1216359200,1217605000
s5_s2sf12j2_high_frequency_kafka_rep1_20260612_192546,kafka,sb-events-s5_s2sf12j2_high_frequency_kafka_rep1_20260612_192546,b4c2c8e7-ca1b-4d18-863e-e58021f75654,3895086,18,1.163604462304061,752422703,1217794900,1218955300
s5_s2sf12j2_high_frequency_kafka_rep1_20260612_192546,kafka,sb-events-s5_s2sf12j2_high_frequency_kafka_rep1_20260612_192546,da618d2e-27e6-47f5-ba91-a32d880fc3f3,3895052,18,0.544234702062036,747261289,1219195700,1220694800
s5_s2sf12j2_high_frequency_kafka_rep1_20260612_192546,kafka,sb-events-s5_s2sf12j2_high_frequency_kafka_rep1_20260612_192546,c6085c22-483f-4a4b-a3a7-27fbee22ae65,3895052,18,0.544234702062036,747261289,1220886500,1222152000
s5_s2sf12j2_high_frequency_kafka_rep1_20260612_192546,kafka,sb-events-s5_s2sf12j2_high_frequency_kafka_rep1_20260612_192546,3211acd7-830e-4b57-9d44-ffc087f09783,3895121,18,1.18841307476514,752629442,1222367700,1223631700
s5_s2sf12j2_high_frequency_kafka_rep1_20260612_192546,kafka,sb-events-s5_s2sf12j2_high_frequency_kafka_rep1_20260612_192546,5ecff428-f7e5-4098-a070-003bae61d520,3895052,18,0.544234702062036,747261289,1223864700,1225059300
s5_s2sf12j2_high_frequency_kafka_rep1_20260612_192546,kafka,sb-events-s5_s2sf12j2_high_frequency_kafka_rep1_20260612_192546,08a00791-17e3-4e67-acbb-494c7c518e23,3895095,18,2.3920991910897675,762660159,1225230000,1226391900
s5_s2sf12j2_high_frequency_kafka_rep1_20260612_192546,kafka,sb-events-s5_s2sf12j2_high_frequency_kafka_rep1_20260612_192546,4acda0ae-ebda-4589-806c-c3233063335e,3895107,19,0.5942179209816973,747677816,1226608700,1227857400
s5_s2sf12j2_high_frequency_kafka_rep1_20260612_192546,kafka,sb-events-s5_s2sf12j2_high_frequency_kafka_rep1_20260612_192546,61c008f9-cf5c-4ebe-ae27-f5ee5b22c150,3895134,19,0.9751465806940935,750852221,1228055500,1229167500
s5_s2sf12j2_high_frequency_kafka_rep1_20260612_192546,kafka,sb-events-s5_s2sf12j2_high_frequency_kafka_rep1_20260612_192546,7d098e93-c4a3-4d21-94e1-ee7f39346658,3895113,19,0.1219791503557925,743742492,1229456800,1230540300
s5_s2sf12j2_high_frequency_kafka_rep1_20260612_192546,kafka,sb-events-s5_s2sf12j2_high_frequency_kafka_rep1_20260612_192546,95573a25-89e1-4453-899f-9231016295df,3895107,19,0.5942179209816973,747677816,1230699000,1232021500
s5_s2sf12j2_high_frequency_kafka_rep1_20260612_192546,kafka,sb-events-s5_s2sf12j2_high_frequency_kafka_rep1_20260612_192546,f6afab09-dd54-41b0-9eab-2f54641f6cc7,3895134,19,0.9751465806940935,750852221,1232180400,1233408000
s5_s2sf12j2_high_frequency_kafka_rep1_20260612_192546,kafka,sb-events-s5_s2sf12j2_high_frequency_kafka_rep1_20260612_192546,82b43325-f1c1-48f8-8a96-f447e73e0014,3895107,19,0.5942179209816973,747677816,1233561600,1234642400
s5_s2sf12j2_high_frequency_kafka_rep1_20260612_192546,kafka,sb-events-s5_s2sf12j2_high_frequency_kafka_rep1_20260612_192546,fbeffccf-f6ec-4792-812e-6aa5f8535b6c,3895134,19,0.9751465806940935,750852221,1234829700,1236068700
s5_s2sf12j2_high_frequency_kafka_rep1_20260612_192546,kafka,sb-events-s5_s2sf12j2_high_frequency_kafka_rep1_20260612_192546,babaa5b7-7d2a-455f-9d53-09929055b994,3895121,19,1.2717464080984733,753323886,1236254400,1237377200
s5_s2sf12j2_high_frequency_kafka_rep1_20260612_192546,kafka,sb-events-s5_s2sf12j2_high_frequency_kafka_rep1_20260612_192546,31656a86-ac6f-48e7-8588-664d49470dcf,3895121,19,1.2717464080984733,753323886,1237539600,1238681000
s5_s2sf12j2_high_frequency_kafka_rep1_20260612_192546,kafka,sb-events-s5_s2sf12j2_high_frequency_kafka_rep1_20260612_192546,c1fd3b58-ecc8-4b74-baf6-d706324c0a37,3895095,19,2.475432524423101,763354604,1238844800,1240018200
s5_s2sf12j2_high_frequency_kafka_rep1_20260612_192546,kafka,sb-events-s5_s2sf12j2_high_frequency_kafka_rep1_20260612_192546,34a68da4-a761-418e-a94a-29bb8fd8e96e,3895095,19,2.475432524423101,763354604,1240178400,1241288800
s5_s2sf12j2_high_frequency_kafka_rep1_20260612_192546,kafka,sb-events-s5_s2sf12j2_high_frequency_kafka_rep1_20260612_192546,5ea481e0-e6e1-4897-b6e0-78445211ad3d,3895060,20,3.41603606168656,771192967,1241466000,1242643600
s5_s2sf12j2_high_frequency_kafka_rep1_20260612_192546,kafka,sb-events-s5_s2sf12j2_high_frequency_kafka_rep1_20260612_192546,58a678fb-10ef-4114-9bbb-099466db1636,3895086,20,1.3302711289707274,753811592,1242832300,1244000200
s5_s2sf12j2_high_frequency_kafka_rep1_20260612_192546,kafka,sb-events-s5_s2sf12j2_high_frequency_kafka_rep1_20260612_192546,5e0455ba-95d7-4dc9-92d6-c8b777a5c7b6,3895086,20,1.3302711289707274,753811592,1244185600,1245435800
s5_s2sf12j2_high_frequency_kafka_rep1_20260612_192546,kafka,sb-events-s5_s2sf12j2_high_frequency_kafka_rep1_20260612_192546,9adb3957-42ed-4d0a-80fc-38ad27500ee0,3895113,20,0.205312483689126,744436937,1245683500,1247033200
s5_s2sf12j2_high_frequency_kafka_rep1_20260612_192546,kafka,sb-events-s5_s2sf12j2_high_frequency_kafka_rep1_20260612_192546,8e9c5a9a-0084-457b-93be-2ba84bbe4fcb,3895113,20,0.205312483689126,744436937,1247211700,1248361100
s5_s2sf12j2_high_frequency_kafka_rep1_20260612_192546,kafka,sb-events-s5_s2sf12j2_high_frequency_kafka_rep1_20260612_192546,91c869e1-262b-4223-89b4-903cf7e9b527,3895107,20,0.6775512543150308,748372260,1248575900,1249841900
s5_s2sf12j2_high_frequency_kafka_rep1_20260612_192546,kafka,sb-events-s5_s2sf12j2_high_frequency_kafka_rep1_20260612_192546,a6f33202-5449-458f-8473-9c4274528e11,3895052,20,0.7109013687287027,748650178,1250010300,1251178800
s5_s2sf12j2_high_frequency_kafka_rep1_20260612_192546,kafka,sb-events-s5_s2sf12j2_high_frequency_kafka_rep1_20260612_192546,20d4b309-2546-439a-96d6-c362fb3ecb2d,3895113,20,0.205312483689126,744436937,1251341100,1252445500
s5_s2sf12j2_high_frequency_kafka_rep1_20260612_192546,kafka,sb-events-s5_s2sf12j2_high_frequency_kafka_rep1_20260612_192546,91e88312-848a-47f2-8871-b71be8bb172c,3895107,20,0.6775512543150308,748372260,1252617200,1253753800
s5_s2sf12j2_high_frequency_kafka_rep1_20260612_192546,kafka,sb-events-s5_s2sf12j2_high_frequency_kafka_rep1_20260612_192546,04f7f325-bfc0-4731-a32f-7f8232c8296e,3895121,20,1.3550797414318068,754018331,1253956700,1255124400
s5_s2sf12j2_high_frequency_kafka_rep1_20260612_192546,kafka,sb-events-s5_s2sf12j2_high_frequency_kafka_rep1_20260612_192546,5bd4ec7d-4d90-4a2d-bcea-2fe45009e3e5,3895113,20,0.205312483689126,744436937,1255298600,1256363100
s5_s2sf12j2_high_frequency_kafka_rep1_20260612_192546,kafka,sb-events-s5_s2sf12j2_high_frequency_kafka_rep1_20260612_192546,90ec0daf-d61f-4501-ab28-c24d33c3ac5f,3895060,21,3.4993693950198934,771887411,1256518000,1257787300
s5_s2sf12j2_high_frequency_kafka_rep1_20260612_192546,kafka,sb-events-s5_s2sf12j2_high_frequency_kafka_rep1_20260612_192546,948f6c30-084e-4ef6-a45d-90557e5552d8,3895060,21,3.4993693950198934,771887411,1258005300,1259443700
s5_s2sf12j2_high_frequency_kafka_rep1_20260612_192546,kafka,sb-events-s5_s2sf12j2_high_frequency_kafka_rep1_20260612_192546,a4cf9a70-b481-4b49-9ce1-ca29ff7c506e,3895134,21,1.1418132473607605,752241110,1259676600,1260904600
s5_s2sf12j2_high_frequency_kafka_rep1_20260612_192546,kafka,sb-events-s5_s2sf12j2_high_frequency_kafka_rep1_20260612_192546,ce0cff7d-de0c-4e19-8496-2dd948d69413,3895052,21,0.794234702062036,749344622,1261108600,1262447500
s5_s2sf12j2_high_frequency_kafka_rep1_20260612_192546,kafka,sb-events-s5_s2sf12j2_high_frequency_kafka_rep1_20260612_192546,d2616640-d066-4175-a00a-35d3db6e7ef0,3895134,21,1.1418132473607605,752241110,1262610300,1263817100
s5_s2sf12j2_high_frequency_kafka_rep1_20260612_192546,kafka,sb-events-s5_s2sf12j2_high_frequency_kafka_rep1_20260612_192546,377feb38-fa03-4b29-bb7f-2cfbb3baf194,3895107,21,0.7608845876483641,749066704,1263984600,1265239400
s5_s2sf12j2_high_frequency_kafka_rep1_20260612_192546,kafka,sb-events-s5_s2sf12j2_high_frequency_kafka_rep1_20260612_192546,ebaf6e35-461e-411b-a4c6-bd8c8807ed4b,3895052,21,0.794234702062036,749344622,1265442400,1266706300
s5_s2sf12j2_high_frequency_kafka_rep1_20260612_192546,kafka,sb-events-s5_s2sf12j2_high_frequency_kafka_rep1_20260612_192546,a5317761-7d6b-4332-832c-56edfbce761f,3895121,21,1.43841307476514,754712775,1266873900,1268003300
s5_s2sf12j2_high_frequency_kafka_rep1_20260612_192546,kafka,sb-events-s5_s2sf12j2_high_frequency_kafka_rep1_20260612_192546,6824686d-4590-42ed-bcb5-84522be6958f,3895113,21,0.2886458170224593,745131381,1268157100,1269239200
s5_s2sf12j2_high_frequency_kafka_rep1_20260612_192546,kafka,sb-events-s5_s2sf12j2_high_frequency_kafka_rep1_20260612_192546,d0a1094c-65af-4a38-8aa7-a18ff8210a8e,3895107,21,0.7608845876483641,749066704,1269424200,1270759200
s5_s2sf12j2_high_frequency_kafka_rep1_20260612_192546,kafka,sb-events-s5_s2sf12j2_high_frequency_kafka_rep1_20260612_192546,7b952b7f-319c-4b59-9887-322eb909afae,3895121,21,1.43841307476514,754712775,1270986100,1272277700
s5_s2sf12j2_high_frequency_kafka_rep1_20260612_192546,kafka,sb-events-s5_s2sf12j2_high_frequency_kafka_rep1_20260612_192546,4c5afbe4-b097-4acf-8087-c15c6b876bb2,3895113,21,0.2886458170224593,745131381,1272461400,1273618700
s5_s2sf12j2_high_frequency_kafka_rep1_20260612_192546,kafka,sb-events-s5_s2sf12j2_high_frequency_kafka_rep1_20260612_192546,d7d57b8f-e679-4a01-9112-8c67d14816da,3895121,21,1.43841307476514,754712775,1273787800,1274970700
s5_s2sf12j2_high_frequency_kafka_rep1_20260612_192546,kafka,sb-events-s5_s2sf12j2_high_frequency_kafka_rep1_20260612_192546,13cdffc6-1a64-46ed-9d46-9d52584911eb,3895095,21,2.6420991910897675,764743493,1275137800,1276239700
s5_s2sf12j2_high_frequency_kafka_rep1_20260612_192546,kafka,sb-events-s5_s2sf12j2_high_frequency_kafka_rep1_20260612_192546,380b0b2e-41af-476d-bb8d-683c2c4bc624,3895134,22,1.2251465806940935,752935554,1276403500,1277715000
s5_s2sf12j2_high_frequency_kafka_rep1_20260612_192546,kafka,sb-events-s5_s2sf12j2_high_frequency_kafka_rep1_20260612_192546,9a40ee6a-81c2-48c1-b86d-7b611f1cbad9,3895052,22,0.8775680353953692,750039066,1277944500,1279659400
s5_s2sf12j2_high_frequency_kafka_rep1_20260612_192546,kafka,sb-events-s5_s2sf12j2_high_frequency_kafka_rep1_20260612_192546,13033282-511b-44a2-bdfb-112ad4f2cbe2,3895107,22,0.8442179209816973,749761149,1279894700,1281209000
s5_s2sf12j2_high_frequency_kafka_rep1_20260612_192546,kafka,sb-events-s5_s2sf12j2_high_frequency_kafka_rep1_20260612_192546,064b72e5-2907-4fec-ae0a-2108f5e8524f,3895052,22,0.8775680353953692,750039066,1281419800,1282680700
s5_s2sf12j2_high_frequency_kafka_rep1_20260612_192546,kafka,sb-events-s5_s2sf12j2_high_frequency_kafka_rep1_20260612_192546,6d76d333-ddbe-4dd4-b0e0-f04bace0d42c,3895121,22,1.5217464080984733,755407220,1282898300,1284253600
s5_s2sf12j2_high_frequency_kafka_rep1_20260612_192546,kafka,sb-events-s5_s2sf12j2_high_frequency_kafka_rep1_20260612_192546,b718de1e-9955-427d-a714-9612b515b37f,3895060,23,3.66603606168656,773276300,1284501800,1286023400
s5_s2sf12j2_high_frequency_kafka_rep1_20260612_192546,kafka,sb-events-s5_s2sf12j2_high_frequency_kafka_rep1_20260612_192546,5d1189db-89e2-4f3a-9fe7-9ca309a9180b,3895086,23,1.5802711289707274,755894926,1286258200,1287606000
s5_s2sf12j2_high_frequency_kafka_rep1_20260612_192546,kafka,sb-events-s5_s2sf12j2_high_frequency_kafka_rep1_20260612_192546,0ff21259-8e4f-4ca9-b2f0-eeca108eaf72,3895107,23,0.9275512543150308,750455593,1287776500,1288990400
s5_s2sf12j2_high_frequency_kafka_rep1_20260612_192546,kafka,sb-events-s5_s2sf12j2_high_frequency_kafka_rep1_20260612_192546,bf131dfc-aa54-477b-aa3a-fe427e0f5a4d,3895052,23,0.9609013687287028,750733511,1289189800,1290407000
s5_s2sf12j2_high_frequency_kafka_rep1_20260612_192546,kafka,sb-events-s5_s2sf12j2_high_frequency_kafka_rep1_20260612_192546,f436fba2-fe86-4de4-81a8-6f0ade75bb37,3895095,23,2.808765857756434,766132382,1290612000,1291897900
s5_s2sf12j2_high_frequency_kafka_rep1_20260612_192546,kafka,sb-events-s5_s2sf12j2_high_frequency_kafka_rep1_20260612_192546,0330715d-3ebb-4144-b556-11d9aea021f7,3895107,23,0.9275512543150308,750455593,1292102200,1293437000
s5_s2sf12j2_high_frequency_kafka_rep1_20260612_192546,kafka,sb-events-s5_s2sf12j2_high_frequency_kafka_rep1_20260612_192546,cb77e8ab-344f-468f-81fa-a6da694d993e,3895095,23,2.808765857756434,766132382,1293611800,1294820300
s5_s2sf12j2_high_frequency_kafka_rep1_20260612_192546,kafka,sb-events-s5_s2sf12j2_high_frequency_kafka_rep1_20260612_192546,13f2f67e-ce8a-45c1-91d1-965bd994230e,3895107,23,0.9275512543150308,750455593,1294980300,1296180400
s5_s2sf12j2_high_frequency_kafka_rep1_20260612_192546,kafka,sb-events-s5_s2sf12j2_high_frequency_kafka_rep1_20260612_192546,30439125-dd53-46d2-95b0-e188be25443c,3895067,24,0.6099012115616076,747808510,1296369600,1297528300
s5_s2sf12j2_high_frequency_kafka_rep1_20260612_192546,kafka,sb-events-s5_s2sf12j2_high_frequency_kafka_rep1_20260612_192546,11e909cf-1292-4ff6-877b-047271284066,3895060,24,3.749369395019893,773970744,1297683000,1298869400
s5_s2sf12j2_high_frequency_kafka_rep1_20260612_192546,kafka,sb-events-s5_s2sf12j2_high_frequency_kafka_rep1_20260612_192546,43d00079-b73c-4617-aa1a-2d5d3d54ba34,3895086,24,1.663604462304061,756589370,1299034000,1300445200
s5_s2sf12j2_high_frequency_kafka_rep1_20260612_192546,kafka,sb-events-s5_s2sf12j2_high_frequency_kafka_rep1_20260612_192546,a332d835-268e-4498-8bfb-67085f324c46,3895086,24,1.663604462304061,756589370,1300680800,1302048400
s5_s2sf12j2_high_frequency_kafka_rep1_20260612_192546,kafka,sb-events-s5_s2sf12j2_high_frequency_kafka_rep1_20260612_192546,cf31353b-8f9d-4a5e-9fbe-b74bcc381264,3895121,24,1.68841307476514,756796108,1302294500,1303698200
s5_s2sf12j2_high_frequency_kafka_rep1_20260612_192546,kafka,sb-events-s5_s2sf12j2_high_frequency_kafka_rep1_20260612_192546,e8f164f5-a160-4c46-a82c-abe4e89677d9,3895121,24,1.68841307476514,756796108,1303905300,1305108600
s5_s2sf12j2_high_frequency_kafka_rep1_20260612_192546,kafka,sb-events-s5_s2sf12j2_high_frequency_kafka_rep1_20260612_192546,dcc91b79-7910-496f-853c-e3a279361c9c,3895107,24,1.010884587648364,751150038,1305288000,1306498100
s5_s2sf12j2_high_frequency_kafka_rep1_20260612_192546,kafka,sb-events-s5_s2sf12j2_high_frequency_kafka_rep1_20260612_192546,a815f844-803f-46d0-98ef-cb7d3aca3c8b,3895067,25,0.6932345448949411,748502954,1306700600,1308023500
s5_s2sf12j2_high_frequency_kafka_rep1_20260612_192546,kafka,sb-events-s5_s2sf12j2_high_frequency_kafka_rep1_20260612_192546,ead699aa-f13c-4cdf-8423-f658ad925cb5,3895067,25,0.6932345448949411,748502954,1308218700,1309540000
s5_s2sf12j2_high_frequency_kafka_rep1_20260612_192546,kafka,sb-events-s5_s2sf12j2_high_frequency_kafka_rep1_20260612_192546,9f680d72-f947-4b6e-a483-04e6cb981cf5,3895060,25,3.832702728353227,774665189,1309762400,1310950600
s5_s2sf12j2_high_frequency_kafka_rep1_20260612_192546,kafka,sb-events-s5_s2sf12j2_high_frequency_kafka_rep1_20260612_192546,84c01004-f3ae-4fda-bcdd-31980eb13196,3895060,25,3.832702728353227,774665189,1311118400,1312276500
s5_s2sf12j2_high_frequency_kafka_rep1_20260612_192546,kafka,sb-events-s5_s2sf12j2_high_frequency_kafka_rep1_20260612_192546,2b8248b7-ca1e-4b25-8019-43dcd354312b,3895134,25,1.4751465806940938,755018888,1312479800,1313836100
s5_s2sf12j2_high_frequency_kafka_rep1_20260612_192546,kafka,sb-events-s5_s2sf12j2_high_frequency_kafka_rep1_20260612_192546,07087bbe-871b-46b9-af20-4c074da4a10d,3895113,25,0.6219791503557928,747909159,1314079100,1315536600
s5_s2sf12j2_high_frequency_kafka_rep1_20260612_192546,kafka,sb-events-s5_s2sf12j2_high_frequency_kafka_rep1_20260612_192546,24fa959e-ad78-4dfb-9cf7-ff352947271c,3895052,25,1.1275680353953694,752122400,1315780200,1317203700
s5_s2sf12j2_high_frequency_kafka_rep1_20260612_192546,kafka,sb-events-s5_s2sf12j2_high_frequency_kafka_rep1_20260612_192546,03f103fa-f1fc-463e-87d9-cd3db62d4291,3895052,25,1.1275680353953694,752122400,1317461900,1318887900
s5_s2sf12j2_high_frequency_kafka_rep1_20260612_192546,kafka,sb-events-s5_s2sf12j2_high_frequency_kafka_rep1_20260612_192546,da6d72e8-314a-4232-892f-7f2b7aa233da,3895052,25,1.1275680353953694,752122400,1319143500,1320710400
s5_s2sf12j2_high_frequency_kafka_rep1_20260612_192546,kafka,sb-events-s5_s2sf12j2_high_frequency_kafka_rep1_20260612_192546,197edbf9-491f-48e7-b569-16790aa29662,3895107,25,1.0942179209816976,751844482,1321063400,1322666700
s5_s2sf12j2_high_frequency_kafka_rep1_20260612_192546,kafka,sb-events-s5_s2sf12j2_high_frequency_kafka_rep1_20260612_192546,8cbf25e7-f76d-430e-b1c7-4b5c77f460f1,3895107,25,1.0942179209816976,751844482,1323045100,1324547300
s5_s2sf12j2_high_frequency_kafka_rep1_20260612_192546,kafka,sb-events-s5_s2sf12j2_high_frequency_kafka_rep1_20260612_192546,e1f2d0bd-aeb0-42b2-867d-f5e407986d61,3895086,26,1.8302711289707272,757978259,1324793800,1326208900
s5_s2sf12j2_high_frequency_kafka_rep1_20260612_192546,kafka,sb-events-s5_s2sf12j2_high_frequency_kafka_rep1_20260612_192546,1cfdd0b2-0f61-4520-8329-c24d895696b1,3895113,26,0.7053124836891258,748603604,1326443300,1327804500
s5_s2sf12j2_high_frequency_kafka_rep1_20260612_192546,kafka,sb-events-s5_s2sf12j2_high_frequency_kafka_rep1_20260612_192546,4a4a7e44-43c5-44e2-bf4c-ca1637daea87,3895107,26,1.1775512543150306,752538927,1328026000,1329300100
s5_s2sf12j2_high_frequency_kafka_rep1_20260612_192546,kafka,sb-events-s5_s2sf12j2_high_frequency_kafka_rep1_20260612_192546,b812268f-ce7d-4b17-9ad2-f38e50908694,3895107,26,1.1775512543150306,752538927,1329576800,1331585300
s5_s2sf12j2_high_frequency_kafka_rep1_20260612_192546,kafka,sb-events-s5_s2sf12j2_high_frequency_kafka_rep1_20260612_192546,984ac2c7-33e7-43ac-8152-f88bdf9bcb40,3895107,26,1.1775512543150306,752538927,1331831400,1333163300
s5_s2sf12j2_high_frequency_kafka_rep1_20260612_192546,kafka,sb-events-s5_s2sf12j2_high_frequency_kafka_rep1_20260612_192546,2c82e5ca-792d-4700-8f46-ad27ebbb3545,3895107,26,1.1775512543150306,752538927,1333357400,1334685100
s5_s2sf12j2_high_frequency_kafka_rep1_20260612_192546,kafka,sb-events-s5_s2sf12j2_high_frequency_kafka_rep1_20260612_192546,d109e813-a171-4eab-bd01-20c8e0a2d54b,3895067,27,0.8599012115616076,749891843,1334910200,1336130800
s5_s2sf12j2_high_frequency_kafka_rep1_20260612_192546,kafka,sb-events-s5_s2sf12j2_high_frequency_kafka_rep1_20260612_192546,4dbc35f7-4520-4c1d-a0c1-81c1760b2c40,3895067,27,0.8599012115616076,749891843,1336319800,1337408200
s5_s2sf12j2_high_frequency_kafka_rep1_20260612_192546,kafka,sb-events-s5_s2sf12j2_high_frequency_kafka_rep1_20260612_192546,10df0432-33a1-4c21-9b36-dc9a9488ba69,3895067,27,0.8599012115616076,749891843,1337563200,1338744700
s5_s2sf12j2_high_frequency_kafka_rep1_20260612_192546,kafka,sb-events-s5_s2sf12j2_high_frequency_kafka_rep1_20260612_192546,1ada5a52-ccdd-47d6-bfae-a3c6cfe6695c,3895086,27,1.913604462304061,758672703,1338986900,1340205500
s5_s2sf12j2_high_frequency_kafka_rep1_20260612_192546,kafka,sb-events-s5_s2sf12j2_high_frequency_kafka_rep1_20260612_192546,3e22029c-1ffc-479a-8824-66a065a2fdf6,3895134,27,1.6418132473607605,756407777,1340381000,1341463400
s5_s2sf12j2_high_frequency_kafka_rep1_20260612_192546,kafka,sb-events-s5_s2sf12j2_high_frequency_kafka_rep1_20260612_192546,49b31666-46f5-4aa7-a2b1-869d05a27d90,3895086,27,1.913604462304061,758672703,1341657800,1342875900
s5_s2sf12j2_high_frequency_kafka_rep1_20260612_192546,kafka,sb-events-s5_s2sf12j2_high_frequency_kafka_rep1_20260612_192546,3ef9a433-6ad8-4533-b8c7-8465064ae209,3895134,27,1.6418132473607605,756407777,1343051700,1344171300
s5_s2sf12j2_high_frequency_kafka_rep1_20260612_192546,kafka,sb-events-s5_s2sf12j2_high_frequency_kafka_rep1_20260612_192546,c3ae126d-34d6-421c-813d-3e3179428b05,3895086,27,1.913604462304061,758672703,1344370600,1345736400
s5_s2sf12j2_high_frequency_kafka_rep1_20260612_192546,kafka,sb-events-s5_s2sf12j2_high_frequency_kafka_rep1_20260612_192546,cfe9b540-ca3b-4aad-b553-0674713203bb,3895113,27,0.7886458170224593,749298048,1345943300,1347263300
s5_s2sf12j2_high_frequency_kafka_rep1_20260612_192546,kafka,sb-events-s5_s2sf12j2_high_frequency_kafka_rep1_20260612_192546,6a8269d2-5ce9-4921-9502-03ae5b27b8b6,3895113,27,0.7886458170224593,749298048,1347438300,1348608700
s5_s2sf12j2_high_frequency_kafka_rep1_20260612_192546,kafka,sb-events-s5_s2sf12j2_high_frequency_kafka_rep1_20260612_192546,87c20b3f-2fe3-4696-b387-5997a79262eb,3895052,27,1.294234702062036,753511289,1348782400,1349941500
s5_s2sf12j2_high_frequency_kafka_rep1_20260612_192546,kafka,sb-events-s5_s2sf12j2_high_frequency_kafka_rep1_20260612_192546,ce148b24-1185-48a7-bc22-d593e8115f3c,3895052,27,1.294234702062036,753511289,1350121100,1351346500
s5_s2sf12j2_high_frequency_kafka_rep1_20260612_192546,kafka,sb-events-s5_s2sf12j2_high_frequency_kafka_rep1_20260612_192546,12eedca2-420b-4b01-a81d-12b847d2f8a6,3895107,27,1.260884587648364,753233371,1351497100,1352647700
s5_s2sf12j2_high_frequency_kafka_rep1_20260612_192546,kafka,sb-events-s5_s2sf12j2_high_frequency_kafka_rep1_20260612_192546,b343f95e-f220-4957-afda-b760c0859784,3895107,27,1.260884587648364,753233371,1352829500,1353996900
s5_s2sf12j2_high_frequency_kafka_rep1_20260612_192546,kafka,sb-events-s5_s2sf12j2_high_frequency_kafka_rep1_20260612_192546,d4611d70-d895-41fc-95ab-a1c65347c86b,3895095,28,3.225432524423101,769604604,1354153100,1355244800
s5_s2sf12j2_high_frequency_kafka_rep1_20260612_192546,kafka,sb-events-s5_s2sf12j2_high_frequency_kafka_rep1_20260612_192546,e3e1f7c7-4932-4722-9f8c-b801ec0f3eb9,3895113,28,0.8719791503557928,749992492,1355402900,1356521400
s5_s2sf12j2_high_frequency_kafka_rep1_20260612_192546,kafka,sb-events-s5_s2sf12j2_high_frequency_kafka_rep1_20260612_192546,f2148745-955f-4ae6-99fc-7eea72344f5c,3895052,28,1.3775680353953694,754205733,1356702900,1357821100
s5_s2sf12j2_high_frequency_kafka_rep1_20260612_192546,kafka,sb-events-s5_s2sf12j2_high_frequency_kafka_rep1_20260612_192546,2e41f9b8-5553-4025-bfb2-90dc50a9013a,3895107,28,1.3442179209816976,753927816,1357970700,1359148800
s5_s2sf12j2_high_frequency_kafka_rep1_20260612_192546,kafka,sb-events-s5_s2sf12j2_high_frequency_kafka_rep1_20260612_192546,78f5f9b2-8e23-4ed5-bc21-6cb65b4bfecd,3895107,28,1.3442179209816976,753927816,1359313900,1360559900
s5_s2sf12j2_high_frequency_kafka_rep1_20260612_192546,kafka,sb-events-s5_s2sf12j2_high_frequency_kafka_rep1_20260612_192546,d0c9136b-fb00-4bfe-bd7f-3b3dbdc6992c,3895107,28,1.3442179209816976,753927816,1360710200,1361814200
s5_s2sf12j2_high_frequency_kafka_rep1_20260612_192546,kafka,sb-events-s5_s2sf12j2_high_frequency_kafka_rep1_20260612_192546,9279e24a-1872-4df5-9f01-bb6acffcaaf3,3895107,28,1.3442179209816976,753927816,1361967500,1363264600
s5_s2sf12j2_high_frequency_kafka_rep1_20260612_192546,kafka,sb-events-s5_s2sf12j2_high_frequency_kafka_rep1_20260612_192546,79692146-523d-48d7-bb97-a2bfe9215a4c,3895107,28,1.3442179209816976,753927816,1363459600,1364781400
s5_s2sf12j2_high_frequency_kafka_rep1_20260612_192546,kafka,sb-events-s5_s2sf12j2_high_frequency_kafka_rep1_20260612_192546,447b0a0c-05be-471b-aaf1-2bc3a39574a6,3895067,29,1.026567878228274,751280732,1364977700,1366146600
s5_s2sf12j2_high_frequency_kafka_rep1_20260612_192546,kafka,sb-events-s5_s2sf12j2_high_frequency_kafka_rep1_20260612_192546,5a772691-1265-464f-aabd-c573e8a0ab8c,3895074,29,2.8810867786526213,766735056,1366351700,1367493200
s5_s2sf12j2_high_frequency_kafka_rep1_20260612_192546,kafka,sb-events-s5_s2sf12j2_high_frequency_kafka_rep1_20260612_192546,263393dd-6b86-4b3d-b4d4-08e19a071251,3895134,29,1.8084799140274268,757796665,1367653100,1368714200
s5_s2sf12j2_high_frequency_kafka_rep1_20260612_192546,kafka,sb-events-s5_s2sf12j2_high_frequency_kafka_rep1_20260612_192546,6b3357d7-8b5b-4068-944b-8abb2b0458ff,3895086,29,2.080271128970727,760061592,1368900600,1370145900
s5_s2sf12j2_high_frequency_kafka_rep1_20260612_192546,kafka,sb-events-s5_s2sf12j2_high_frequency_kafka_rep1_20260612_192546,8ecf55aa-b2b4-4325-87ae-b9773d146ca4,3895086,29,2.080271128970727,760061592,1370315400,1371406800
s5_s2sf12j2_high_frequency_kafka_rep1_20260612_192546,kafka,sb-events-s5_s2sf12j2_high_frequency_kafka_rep1_20260612_192546,dcdc9caf-542f-4fed-b166-7702a8293952,3895086,29,2.080271128970727,760061592,1371554500,1372633800
s5_s2sf12j2_high_frequency_kafka_rep1_20260612_192546,kafka,sb-events-s5_s2sf12j2_high_frequency_kafka_rep1_20260612_192546,ae5bee75-9e2e-4cae-8851-9bc9f0cc7b5a,3895095,29,3.308765857756434,770299048,1372790900,1374066600
s5_s2sf12j2_high_frequency_kafka_rep1_20260612_192546,kafka,sb-events-s5_s2sf12j2_high_frequency_kafka_rep1_20260612_192546,aa1a96f4-8527-46a3-acd2-83312ccc9a0e,3895095,29,3.308765857756434,770299048,1374250700,1375353600
s5_s2sf12j2_high_frequency_kafka_rep1_20260612_192546,kafka,sb-events-s5_s2sf12j2_high_frequency_kafka_rep1_20260612_192546,ee3252c0-e79b-495e-ae80-583351179971,3895113,29,0.9553124836891258,750686937,1375543500,1376713200
s5_s2sf12j2_high_frequency_kafka_rep1_20260612_192546,kafka,sb-events-s5_s2sf12j2_high_frequency_kafka_rep1_20260612_192546,19f46068-5944-4812-bfac-1e1aa46413fb,3895113,29,0.9553124836891258,750686937,1376858300,1378090800
s5_s2sf12j2_high_frequency_kafka_rep1_20260612_192546,kafka,sb-events-s5_s2sf12j2_high_frequency_kafka_rep1_20260612_192546,914c3940-48b4-4246-bd08-2b34e8349649,3895052,29,1.4609013687287025,754900178,1378267800,1379567400
s5_s2sf12j2_high_frequency_kafka_rep1_20260612_192546,kafka,sb-events-s5_s2sf12j2_high_frequency_kafka_rep1_20260612_192546,45e61b15-c483-49fa-8a40-525424f6f0fd,3895107,29,1.4275512543150306,754622260,1379845000,1381108700
s5_s2sf12j2_high_frequency_kafka_rep1_20260612_192546,kafka,sb-events-s5_s2sf12j2_high_frequency_kafka_rep1_20260612_192546,15787cdd-9935-4bff-b68c-760a497af7cc,3895107,29,1.4275512543150306,754622260,1381330700,1382628200
s5_s2sf12j2_high_frequency_kafka_rep1_20260612_192546,kafka,sb-events-s5_s2sf12j2_high_frequency_kafka_rep1_20260612_192546,71b87a61-6e42-47b4-b6be-ca855a10d871,3895074,30,2.964420111985955,767429500,1382846100,1384016000
s5_s2sf12j2_high_frequency_kafka_rep1_20260612_192546,kafka,sb-events-s5_s2sf12j2_high_frequency_kafka_rep1_20260612_192546,627a9ff5-4a44-4ca1-a183-ed241303d231,3895074,30,2.964420111985955,767429500,1384213400,1385470800
s5_s2sf12j2_high_frequency_kafka_rep1_20260612_192546,kafka,sb-events-s5_s2sf12j2_high_frequency_kafka_rep1_20260612_192546,9351a75c-1c91-4205-b38c-4875eb4ab288,3895134,30,1.8918132473607605,758491110,1385663700,1387016000
s5_s2sf12j2_high_frequency_kafka_rep1_20260612_192546,kafka,sb-events-s5_s2sf12j2_high_frequency_kafka_rep1_20260612_192546,0eb76ef4-ed2e-4a58-b18f-6a3f6722f9e1,3895074,30,2.964420111985955,767429500,1387230000,1388575200
s5_s2sf12j2_high_frequency_kafka_rep1_20260612_192546,kafka,sb-events-s5_s2sf12j2_high_frequency_kafka_rep1_20260612_192546,b1ebe5e7-8980-4421-b068-c1b1a36c650d,3895134,30,1.8918132473607605,758491110,1388753200,1390019900
s5_s2sf12j2_high_frequency_kafka_rep1_20260612_192546,kafka,sb-events-s5_s2sf12j2_high_frequency_kafka_rep1_20260612_192546,f1851ae9-876d-42a8-8c1c-9d39b58512ef,3895134,30,1.8918132473607605,758491110,1390211600,1391343600
s5_s2sf12j2_high_frequency_kafka_rep1_20260612_192546,kafka,sb-events-s5_s2sf12j2_high_frequency_kafka_rep1_20260612_192546,296e5f1d-e535-4774-b97f-5a38164d4b8f,3895095,30,3.3920991910897675,770993493,1391495000,1392681200
s5_s2sf12j2_high_frequency_kafka_rep1_20260612_192546,kafka,sb-events-s5_s2sf12j2_high_frequency_kafka_rep1_20260612_192546,b3acab4e-f147-4ab7-8b84-8d90f00ed126,3895067,31,1.193234544894941,752669621,1392894500,1394064500
s5_s2sf12j2_high_frequency_kafka_rep1_20260612_192546,kafka,sb-events-s5_s2sf12j2_high_frequency_kafka_rep1_20260612_192546,e06cfc4c-9c3c-4733-a711-b3d88fad8f32,3895086,31,2.246937795637394,761450481,1394240500,1395467900
s5_s2sf12j2_high_frequency_kafka_rep1_20260612_192546,kafka,sb-events-s5_s2sf12j2_high_frequency_kafka_rep1_20260612_192546,f7644a7f-0ac8-482f-9ec0-f722e6b7f072,3895086,31,2.246937795637394,761450481,1395635000,1396815900
s5_s2sf12j2_high_frequency_kafka_rep1_20260612_192546,kafka,sb-events-s5_s2sf12j2_high_frequency_kafka_rep1_20260612_192546,10ccacd2-12e9-4f5f-907e-988c1c25c90e,3895086,31,2.246937795637394,761450481,1396986100,1398264600
s5_s2sf12j2_high_frequency_kafka_rep1_20260612_192546,kafka,sb-events-s5_s2sf12j2_high_frequency_kafka_rep1_20260612_192546,5139bbac-6a19-4cef-956b-a1a6c0e36dbc,3895095,31,3.475432524423101,771687937,1398479200,1399770200
s5_s2sf12j2_high_frequency_kafka_rep1_20260612_192546,kafka,sb-events-s5_s2sf12j2_high_frequency_kafka_rep1_20260612_192546,2122e986-fc97-4fb7-82e7-52bbebd90352,3895095,31,3.475432524423101,771687937,1399973300,1401122700
s5_s2sf12j2_high_frequency_kafka_rep1_20260612_192546,kafka,sb-events-s5_s2sf12j2_high_frequency_kafka_rep1_20260612_192546,7ec1b841-0000-48ef-8b63-277239da3299,3895067,32,1.276567878228274,753364065,1401302200,1402572600
s5_s2sf12j2_high_frequency_kafka_rep1_20260612_192546,kafka,sb-events-s5_s2sf12j2_high_frequency_kafka_rep1_20260612_192546,8dd23275-eba9-4971-bce5-da81859b6b2e,3895121,32,2.3550797414318065,762351664,1402793000,1403951500
s5_s2sf12j2_high_frequency_kafka_rep1_20260612_192546,kafka,sb-events-s5_s2sf12j2_high_frequency_kafka_rep1_20260612_192546,2c6c5867-a9c6-45c0-b53b-8f50c49f7e92,3895113,32,1.2053124836891258,752770270,1404106400,1405560800
s5_s2sf12j2_high_frequency_kafka_rep1_20260612_192546,kafka,sb-events-s5_s2sf12j2_high_frequency_kafka_rep1_20260612_192546,b858f0f4-ba17-4962-b947-b84799009462,3895113,32,1.2053124836891258,752770270,1405748600,1406952100
s5_s2sf12j2_high_frequency_kafka_rep1_20260612_192546,kafka,sb-events-s5_s2sf12j2_high_frequency_kafka_rep1_20260612_192546,bab99ff3-3588-4401-a890-bdf6608b9a48,3895107,32,1.6775512543150306,756705593,1407124800,1408222900
s5_s2sf12j2_high_frequency_kafka_rep1_20260612_192546,kafka,sb-events-s5_s2sf12j2_high_frequency_kafka_rep1_20260612_192546,c1ae8433-3128-4a28-aae7-22525204f668,3895067,33,1.3599012115616076,754058510,1408373100,1409589300
s5_s2sf12j2_high_frequency_kafka_rep1_20260612_192546,kafka,sb-events-s5_s2sf12j2_high_frequency_kafka_rep1_20260612_192546,3eaad870-8b07-4e98-b321-069674f3f82b,3895074,33,3.214420111985955,769512834,1409775800,1411034200
s5_s2sf12j2_high_frequency_kafka_rep1_20260612_192546,kafka,sb-events-s5_s2sf12j2_high_frequency_kafka_rep1_20260612_192546,4bdb4956-a093-46d2-98fe-109bb1fb1765,3895121,33,2.43841307476514,763046108,1411242200,1412415900
s5_s2sf12j2_high_frequency_kafka_rep1_20260612_192546,kafka,sb-events-s5_s2sf12j2_high_frequency_kafka_rep1_20260612_192546,592d4541-7545-4895-bb90-16cd88fd6bf2,3895121,33,2.43841307476514,763046108,1412571100,1413822000
s5_s2sf12j2_high_frequency_kafka_rep1_20260612_192546,kafka,sb-events-s5_s2sf12j2_high_frequency_kafka_rep1_20260612_192546,a5ee5014-88eb-46e6-994c-e1ba365efbb1,3895121,33,2.43841307476514,763046108,1414021000,1415425400
s5_s2sf12j2_high_frequency_kafka_rep1_20260612_192546,kafka,sb-events-s5_s2sf12j2_high_frequency_kafka_rep1_20260612_192546,85016910-7a46-41d7-9daa-e67ae1f50e97,3895086,33,2.4136044623040607,762839370,1415608000,1416899000
s5_s2sf12j2_high_frequency_kafka_rep1_20260612_192546,kafka,sb-events-s5_s2sf12j2_high_frequency_kafka_rep1_20260612_192546,4dd4ac95-4164-4d15-8e70-836f84f12a8a,3895121,33,2.43841307476514,763046108,1417064200,1418216800
s5_s2sf12j2_high_frequency_kafka_rep1_20260612_192546,kafka,sb-events-s5_s2sf12j2_high_frequency_kafka_rep1_20260612_192546,02c211e4-b3bf-4022-be9f-fc5e3d0f59b6,3895086,33,2.4136044623040607,762839370,1418449300,1419600500
s5_s2sf12j2_high_frequency_kafka_rep1_20260612_192546,kafka,sb-events-s5_s2sf12j2_high_frequency_kafka_rep1_20260612_192546,b1f40782-0844-4ca7-8a99-20694926c324,3895121,33,2.43841307476514,763046108,1419760400,1420928800
s5_s2sf12j2_high_frequency_kafka_rep1_20260612_192546,kafka,sb-events-s5_s2sf12j2_high_frequency_kafka_rep1_20260612_192546,d9e6bd9b-89d4-45ee-85fc-00900e577173,3895121,33,2.43841307476514,763046108,1421107700,1422382100
s5_s2sf12j2_high_frequency_kafka_rep1_20260612_192546,kafka,sb-events-s5_s2sf12j2_high_frequency_kafka_rep1_20260612_192546,5452081a-96f0-4852-86c5-8e0190c4ce6c,3895107,33,1.760884587648364,757400038,1422555400,1423801400
s5_s2sf12j2_high_frequency_kafka_rep1_20260612_192546,kafka,sb-events-s5_s2sf12j2_high_frequency_kafka_rep1_20260612_192546,db85ec6b-1a44-4182-96fb-36516fe277aa,3895107,33,1.760884587648364,757400038,1424018700,1425417100
s5_s2sf12j2_high_frequency_kafka_rep1_20260612_192546,kafka,sb-events-s5_s2sf12j2_high_frequency_kafka_rep1_20260612_192546,92c1b7bb-eaee-47f1-bb28-3688ba247c98,3895060,34,4.582702728353227,780915189,1425651600,1427065700
s5_s2sf12j2_high_frequency_kafka_rep1_20260612_192546,kafka,sb-events-s5_s2sf12j2_high_frequency_kafka_rep1_20260612_192546,3d40db80-19ae-4784-9115-8a64c8382f1f,3895074,34,3.2977534453192883,770207278,1427281200,1428538600
s5_s2sf12j2_high_frequency_kafka_rep1_20260612_192546,kafka,sb-events-s5_s2sf12j2_high_frequency_kafka_rep1_20260612_192546,f7ccc18b-f57d-473d-aef2-7b018211ff13,3895074,34,3.2977534453192883,770207278,1428737400,1430057400
s5_s2sf12j2_high_frequency_kafka_rep1_20260612_192546,kafka,sb-events-s5_s2sf12j2_high_frequency_kafka_rep1_20260612_192546,343cc444-e0ab-43f0-a93f-66266b9dbea8,3895113,34,1.3719791503557928,754159159,1430298700,1431625200
s5_s2sf12j2_high_frequency_kafka_rep1_20260612_192546,kafka,sb-events-s5_s2sf12j2_high_frequency_kafka_rep1_20260612_192546,1286483f-b0bf-4d49-9a2f-2233368aaa37,3895113,34,1.3719791503557928,754159159,1431827800,1433111800
s5_s2sf12j2_high_frequency_kafka_rep1_20260612_192546,kafka,sb-events-s5_s2sf12j2_high_frequency_kafka_rep1_20260612_192546,35c75d8f-f13e-4940-8843-96202930c58c,3895121,34,2.521746408098473,763740553,1433324500,1434830900
s5_s2sf12j2_high_frequency_kafka_rep1_20260612_192546,kafka,sb-events-s5_s2sf12j2_high_frequency_kafka_rep1_20260612_192546,d97ce31d-b6bd-454f-b4f3-583b06b5b821,3895113,34,1.3719791503557928,754159159,1435095100,1436610300
s5_s2sf12j2_high_frequency_kafka_rep1_20260612_192546,kafka,sb-events-s5_s2sf12j2_high_frequency_kafka_rep1_20260612_192546,db104f0b-4bee-4708-8598-d5233acbfd34,3895107,34,1.8442179209816976,758094482,1436823700,1438070300
s5_s2sf12j2_high_frequency_kafka_rep1_20260612_192546,kafka,sb-events-s5_s2sf12j2_high_frequency_kafka_rep1_20260612_192546,d8bafa86-623c-428c-b507-6da8d83df984,3895060,35,4.66603606168656,781609633,1438277400,1439507300
s5_s2sf12j2_high_frequency_kafka_rep1_20260612_192546,kafka,sb-events-s5_s2sf12j2_high_frequency_kafka_rep1_20260612_192546,8a9895c6-a43d-4488-b3c3-826e7813c15e,3895060,35,4.66603606168656,781609633,1439722800,1440967300
s5_s2sf12j2_high_frequency_kafka_rep1_20260612_192546,kafka,sb-events-s5_s2sf12j2_high_frequency_kafka_rep1_20260612_192546,38e6d097-a9de-49da-b6cf-d57ea1fbdfa9,3895121,35,2.6050797414318065,764434997,1441169600,1442340100
s5_s2sf12j2_high_frequency_kafka_rep1_20260612_192546,kafka,sb-events-s5_s2sf12j2_high_frequency_kafka_rep1_20260612_192546,5e8cf1bd-a044-4542-b2bf-cac8667f4322,3895113,35,1.4553124836891258,754853604,1442522100,1443690000
s5_s2sf12j2_high_frequency_kafka_rep1_20260612_192546,kafka,sb-events-s5_s2sf12j2_high_frequency_kafka_rep1_20260612_192546,90d289d6-4046-4fdb-9ea5-387717cb297d,3895113,35,1.4553124836891258,754853604,1443861200,1445068900
s5_s2sf12j2_high_frequency_kafka_rep1_20260612_192546,kafka,sb-events-s5_s2sf12j2_high_frequency_kafka_rep1_20260612_192546,edd5ce07-d5a1-480e-b4b3-d3cfe453d008,3895113,35,1.4553124836891258,754853604,1445311100,1446660800
s5_s2sf12j2_high_frequency_kafka_rep1_20260612_192546,kafka,sb-events-s5_s2sf12j2_high_frequency_kafka_rep1_20260612_192546,d5f49005-e164-4a56-b36c-8e788d813b4c,3895086,36,2.6636044623040607,764922703,1446901100,1448188600
s5_s2sf12j2_high_frequency_kafka_rep1_20260612_192546,kafka,sb-events-s5_s2sf12j2_high_frequency_kafka_rep1_20260612_192546,42c600fd-1ba8-4635-888b-d1c43e4642ca,3895121,36,2.68841307476514,765129442,1448382000,1449727000
s5_s2sf12j2_high_frequency_kafka_rep1_20260612_192546,kafka,sb-events-s5_s2sf12j2_high_frequency_kafka_rep1_20260612_192546,32090cac-d662-4ecc-99e0-ac0e4575877f,3895113,36,1.5386458170224593,755548048,1449933100,1451202000
s5_s2sf12j2_high_frequency_kafka_rep1_20260612_192546,kafka,sb-events-s5_s2sf12j2_high_frequency_kafka_rep1_20260612_192546,c375c660-a042-4e1d-9377-a3d8e9137b77,3895113,36,1.5386458170224593,755548048,1451415000,1452613400
s5_s2sf12j2_high_frequency_kafka_rep1_20260612_192546,kafka,sb-events-s5_s2sf12j2_high_frequency_kafka_rep1_20260612_192546,956dc981-5c22-41fc-800c-123fe8ce5e4a,3895113,36,1.5386458170224593,755548048,1452774000,1454012400
s5_s2sf12j2_high_frequency_kafka_rep1_20260612_192546,kafka,sb-events-s5_s2sf12j2_high_frequency_kafka_rep1_20260612_192546,2385fdd1-5767-4de2-9c4b-54ed4e9d1e43,3895067,37,1.693234544894941,756836287,1454185200,1455454300
s5_s2sf12j2_high_frequency_kafka_rep1_20260612_192546,kafka,sb-events-s5_s2sf12j2_high_frequency_kafka_rep1_20260612_192546,68b68600-4736-4bb8-96f4-4648b096d2ad,3895074,37,3.5477534453192883,772290612,1455657500,1456864300
s5_s2sf12j2_high_frequency_kafka_rep1_20260612_192546,kafka,sb-events-s5_s2sf12j2_high_frequency_kafka_rep1_20260612_192546,06029eea-1721-442f-b067-5ea6dc7b0631,3895074,37,3.5477534453192883,772290612,1457069700,1458312200
s5_s2sf12j2_high_frequency_kafka_rep1_20260612_192546,kafka,sb-events-s5_s2sf12j2_high_frequency_kafka_rep1_20260612_192546,345213be-58bb-4752-82aa-82a0cd026971,3895121,37,2.771746408098473,765823886,1458478100,1459789600
s5_s2sf12j2_high_frequency_kafka_rep1_20260612_192546,kafka,sb-events-s5_s2sf12j2_high_frequency_kafka_rep1_20260612_192546,26e2822c-be09-429f-b5e1-9478a147e355,3895121,37,2.771746408098473,765823886,1459995400,1461171600
s5_s2sf12j2_high_frequency_kafka_rep1_20260612_192546,kafka,sb-events-s5_s2sf12j2_high_frequency_kafka_rep1_20260612_192546,6fa24066-9ea3-4e9f-83cb-2c9bf05e6167,3895121,37,2.771746408098473,765823886,1461366900,1462453700
s5_s2sf12j2_high_frequency_kafka_rep1_20260612_192546,kafka,sb-events-s5_s2sf12j2_high_frequency_kafka_rep1_20260612_192546,325e9b33-e862-4822-88ad-25bff06d2c07,3895121,37,2.771746408098473,765823886,1462653500,1463930000
s5_s2sf12j2_high_frequency_kafka_rep1_20260612_192546,kafka,sb-events-s5_s2sf12j2_high_frequency_kafka_rep1_20260612_192546,acb76887-5356-44c9-bc8e-16b40dea5fdd,3895113,37,1.6219791503557928,756242492,1464118700,1465486600
s5_s2sf12j2_high_frequency_kafka_rep1_20260612_192546,kafka,sb-events-s5_s2sf12j2_high_frequency_kafka_rep1_20260612_192546,5647da51-88db-4e25-a864-8610b7aaea93,3895067,38,1.776567878228274,757530732,1465726300,1467260300
s5_s2sf12j2_high_frequency_kafka_rep1_20260612_192546,kafka,sb-events-s5_s2sf12j2_high_frequency_kafka_rep1_20260612_192546,26deaac5-4c1c-429d-bc3b-a714e513cc0c,3895060,38,4.91603606168656,783692967,1467442500,1468617800
s5_s2sf12j2_high_frequency_kafka_rep1_20260612_192546,kafka,sb-events-s5_s2sf12j2_high_frequency_kafka_rep1_20260612_192546,12a36da3-d1f7-4490-a4f8-f4be3907a880,3895067,38,1.776567878228274,757530732,1468785300,1469942900
s5_s2sf12j2_high_frequency_kafka_rep1_20260612_192546,kafka,sb-events-s5_s2sf12j2_high_frequency_kafka_rep1_20260612_192546,bb7d9289-4044-46d8-8558-4f23cc40f18b,3895095,38,4.058765857756434,776549048,1470104200,1471552200
s5_s2sf12j2_high_frequency_kafka_rep1_20260612_192546,kafka,sb-events-s5_s2sf12j2_high_frequency_kafka_rep1_20260612_192546,191352f4-b6b1-4676-bb29-03561c51730b,3895107,38,2.1775512543150306,760872260,1471760900,1472884300
s5_s2sf12j2_high_frequency_kafka_rep1_20260612_192546,kafka,sb-events-s5_s2sf12j2_high_frequency_kafka_rep1_20260612_192546,90e3b280-77a2-42f8-80a1-789498a383d1,3895060,39,4.999369395019894,784387411,1473070200,1474335600
s5_s2sf12j2_high_frequency_kafka_rep1_20260612_192546,kafka,sb-events-s5_s2sf12j2_high_frequency_kafka_rep1_20260612_192546,cea8c7fe-1b2f-4beb-9b6b-0c11f999b909,3895060,39,4.999369395019894,784387411,1474524100,1475757300
s5_s2sf12j2_high_frequency_kafka_rep1_20260612_192546,kafka,sb-events-s5_s2sf12j2_high_frequency_kafka_rep1_20260612_192546,59f60e75-1337-46d7-bc7c-676bad3acc07,3895060,39,4.999369395019894,784387411,1475911500,1477066900
s5_s2sf12j2_high_frequency_kafka_rep1_20260612_192546,kafka,sb-events-s5_s2sf12j2_high_frequency_kafka_rep1_20260612_192546,00da8b93-dab3-460e-b1e5-1ee467331388,3895095,39,4.142099191089768,777243493,1477209800,1478340800
s5_s2sf12j2_high_frequency_kafka_rep1_20260612_192546,kafka,sb-events-s5_s2sf12j2_high_frequency_kafka_rep1_20260612_192546,91c32868-e70e-4b6a-a7ce-6723528ed7e8,3895095,39,4.142099191089768,777243493,1478499400,1479812400
s5_s2sf12j2_high_frequency_kafka_rep1_20260612_192546,kafka,sb-events-s5_s2sf12j2_high_frequency_kafka_rep1_20260612_192546,58ddef64-ed5b-4758-911b-9cc6f9bc3ab0,3895121,39,2.93841307476514,767212775,1480011100,1481363600
s5_s2sf12j2_high_frequency_kafka_rep1_20260612_192546,kafka,sb-events-s5_s2sf12j2_high_frequency_kafka_rep1_20260612_192546,bfd7ab2d-8af5-4ae1-a8a2-c438e0ecf01d,3895121,39,2.93841307476514,767212775,1481528100,1482623000
s5_s2sf12j2_high_frequency_kafka_rep1_20260612_192546,kafka,sb-events-s5_s2sf12j2_high_frequency_kafka_rep1_20260612_192546,220cb931-5cd7-4c7b-8fc0-6550c89e4b6b,3895113,39,1.7886458170224593,757631381,1482802000,1484199800
s5_s2sf12j2_high_frequency_kafka_rep1_20260612_192546,kafka,sb-events-s5_s2sf12j2_high_frequency_kafka_rep1_20260612_192546,fb37f522-69f3-458c-96f4-574410785219,3895121,39,2.93841307476514,767212775,1484375300,1485480100
s5_s2sf12j2_high_frequency_kafka_rep1_20260612_192546,kafka,sb-events-s5_s2sf12j2_high_frequency_kafka_rep1_20260612_192546,4b550bc1-31ac-4914-8a11-29a4cecb6380,3895113,39,1.7886458170224593,757631381,1485631000,1487005800
s5_s2sf12j2_high_frequency_kafka_rep1_20260612_192546,kafka,sb-events-s5_s2sf12j2_high_frequency_kafka_rep1_20260612_192546,f85aeff4-b9ad-4127-9dd6-ee22d8df6683,3895107,39,2.260884587648364,761566704,1487235700,1488508100
s5_s2sf12j2_high_frequency_kafka_rep1_20260612_192546,kafka,sb-events-s5_s2sf12j2_high_frequency_kafka_rep1_20260612_192546,e435a0b9-4c8a-4470-b59a-5ec58d706789,3895060,40,5.082702728353227,785081856,1488706600,1489881800
s5_s2sf12j2_high_frequency_kafka_rep1_20260612_192546,kafka,sb-events-s5_s2sf12j2_high_frequency_kafka_rep1_20260612_192546,22e32209-bb97-4c30-9b3b-beee02261e71,3895074,40,3.797753445319288,774373945,1490052100,1491239500
s5_s2sf12j2_high_frequency_kafka_rep1_20260612_192546,kafka,sb-events-s5_s2sf12j2_high_frequency_kafka_rep1_20260612_192546,42c834c5-484a-4ac0-8d9f-0bd7f0b4ae95,3895086,40,2.996937795637394,767700481,1491404700,1492537500
s5_s2sf12j2_high_frequency_kafka_rep1_20260612_192546,kafka,sb-events-s5_s2sf12j2_high_frequency_kafka_rep1_20260612_192546,dc60fe07-6cc5-473b-8ccf-9bf00e152a49,3895086,40,2.996937795637394,767700481,1492723000,1493830500
s5_s2sf12j2_high_frequency_kafka_rep1_20260612_192546,kafka,sb-events-s5_s2sf12j2_high_frequency_kafka_rep1_20260612_192546,75b3f799-6706-436e-bad8-445ccd64f4e2,3895095,40,4.225432524423101,777937937,1493993400,1495167800
s5_s2sf12j2_high_frequency_kafka_rep1_20260612_192546,kafka,sb-events-s5_s2sf12j2_high_frequency_kafka_rep1_20260612_192546,846dfbba-d9ca-4a4e-9f80-b12670b4085e,3895067,41,2.026567878228274,759614065,1495325400,1496537700
s5_s2sf12j2_high_frequency_kafka_rep1_20260612_192546,kafka,sb-events-s5_s2sf12j2_high_frequency_kafka_rep1_20260612_192546,b20d045a-73cb-4eab-8dfc-bc07269ce986,3895060,41,5.16603606168656,785776300,1496693600,1497883500
s5_s2sf12j2_high_frequency_kafka_rep1_20260612_192546,kafka,sb-events-s5_s2sf12j2_high_frequency_kafka_rep1_20260612_192546,998ca3a4-a5cc-4a15-9c36-122431d2f843,3895060,41,5.16603606168656,785776300,1498063700,1499358000
s5_s2sf12j2_high_frequency_kafka_rep1_20260612_192546,kafka,sb-events-s5_s2sf12j2_high_frequency_kafka_rep1_20260612_192546,61c32a5d-7d5c-4b88-a59b-8e5ebed5e25c,3895060,41,5.16603606168656,785776300,1499512600,1500603900
s5_s2sf12j2_high_frequency_kafka_rep1_20260612_192546,kafka,sb-events-s5_s2sf12j2_high_frequency_kafka_rep1_20260612_192546,d4bf08dc-9205-4261-8876-566102e23931,3895060,41,5.16603606168656,785776300,1500754700,1502029600
s5_s2sf12j2_high_frequency_kafka_rep1_20260612_192546,kafka,sb-events-s5_s2sf12j2_high_frequency_kafka_rep1_20260612_192546,932cd718-07b8-4f43-843a-040ea138a086,3895095,41,4.308765857756434,778632382,1502224600,1503406000
s5_s2sf12j2_high_frequency_kafka_rep1_20260612_192546,kafka,sb-events-s5_s2sf12j2_high_frequency_kafka_rep1_20260612_192546,d63c807a-8016-408b-8ede-1c8b62314bd2,3895095,41,4.308765857756434,778632382,1503600900,1504787700
s5_s2sf12j2_high_frequency_kafka_rep1_20260612_192546,kafka,sb-events-s5_s2sf12j2_high_frequency_kafka_rep1_20260612_192546,b6b79bd5-83a0-45aa-ae80-3d1d5e30a83f,3895095,41,4.308765857756434,778632382,1505008300,1506235800
s5_s2sf12j2_high_frequency_kafka_rep1_20260612_192546,kafka,sb-events-s5_s2sf12j2_high_frequency_kafka_rep1_20260612_192546,f9d31109-d4a2-4fbf-b479-d10ce5b80123,3895095,41,4.308765857756434,778632382,1506399700,1507699100
s5_s2sf12j2_high_frequency_kafka_rep1_20260612_192546,kafka,sb-events-s5_s2sf12j2_high_frequency_kafka_rep1_20260612_192546,0bcbb10c-b3c8-406b-be58-ce0986f273ae,3895095,41,4.308765857756434,778632382,1507861600,1508940500
s5_s2sf12j2_high_frequency_kafka_rep1_20260612_192546,kafka,sb-events-s5_s2sf12j2_high_frequency_kafka_rep1_20260612_192546,92b772f2-c273-4ec4-a7e2-3d09c1452965,3895107,41,2.4275512543150306,762955593,1509100500,1510162700
s5_s2sf12j2_high_frequency_kafka_rep1_20260612_192546,kafka,sb-events-s5_s2sf12j2_high_frequency_kafka_rep1_20260612_192546,e2fec3bf-0acb-49b9-9afa-4d4a4ecce0c1,3895107,41,2.4275512543150306,762955593,1510317500,1511404900
s5_s2sf12j2_high_frequency_kafka_rep1_20260612_192546,kafka,sb-events-s5_s2sf12j2_high_frequency_kafka_rep1_20260612_192546,5ec55ad0-1494-4ad7-9fdd-7226078bb2db,3895067,42,2.109901211561608,760308510,1511560400,1512681200
s5_s2sf12j2_high_frequency_kafka_rep1_20260612_192546,kafka,sb-events-s5_s2sf12j2_high_frequency_kafka_rep1_20260612_192546,e04b6836-a1e8-4472-b5ef-4f602b2c983e,3895067,42,2.109901211561608,760308510,1512834600,1513983500
s5_s2sf12j2_high_frequency_kafka_rep1_20260612_192546,kafka,sb-events-s5_s2sf12j2_high_frequency_kafka_rep1_20260612_192546,13e3148f-e1f5-46b5-929a-d4dc6755ebf6,3895067,42,2.109901211561608,760308510,1514140900,1515288600
s5_s2sf12j2_high_frequency_kafka_rep1_20260612_192546,kafka,sb-events-s5_s2sf12j2_high_frequency_kafka_rep1_20260612_192546,468623e8-7e76-4b78-b553-f607b9fb4b07,3895067,42,2.109901211561608,760308510,1515455100,1516664400
s5_s2sf12j2_high_frequency_kafka_rep1_20260612_192546,kafka,sb-events-s5_s2sf12j2_high_frequency_kafka_rep1_20260612_192546,65a00927-90a1-4c33-a35c-363da5bcaaeb,3895060,42,5.249369395019894,786470744,1516846500,1518439500
s5_s2sf12j2_high_frequency_kafka_rep1_20260612_192546,kafka,sb-events-s5_s2sf12j2_high_frequency_kafka_rep1_20260612_192546,747510a6-98ed-4a69-9400-5617988abdfa,3895060,42,5.249369395019894,786470744,1518671400,1520132900
s5_s2sf12j2_high_frequency_kafka_rep1_20260612_192546,kafka,sb-events-s5_s2sf12j2_high_frequency_kafka_rep1_20260612_192546,f5acbdd4-0316-4e8d-b8d1-48c192aba5ba,3895060,42,5.249369395019894,786470744,1520368200,1521756200
s5_s2sf12j2_high_frequency_kafka_rep1_20260612_192546,kafka,sb-events-s5_s2sf12j2_high_frequency_kafka_rep1_20260612_192546,244fd2c8-b53e-4e9e-8f15-a3d4fc996e95,3895060,42,5.249369395019894,786470744,1521952600,1523310400
s5_s2sf12j2_high_frequency_kafka_rep1_20260612_192546,kafka,sb-events-s5_s2sf12j2_high_frequency_kafka_rep1_20260612_192546,4bbe9045-17fc-4dd4-b422-1b2c0b7f7c2d,3895086,42,3.1636044623040607,769089370,1523483100,1524897200
s5_s2sf12j2_high_frequency_kafka_rep1_20260612_192546,kafka,sb-events-s5_s2sf12j2_high_frequency_kafka_rep1_20260612_192546,ee5e44ed-cec3-40a9-b760-3312d3d02746,3895086,42,3.1636044623040607,769089370,1525099700,1526462400
s5_s2sf12j2_high_frequency_kafka_rep1_20260612_192546,kafka,sb-events-s5_s2sf12j2_high_frequency_kafka_rep1_20260612_192546,b7857dd2-503f-47c6-a8b4-71291a3e9b6c,3895121,42,3.18841307476514,769296108,1526665500,1527973100
s5_s2sf12j2_high_frequency_kafka_rep1_20260612_192546,kafka,sb-events-s5_s2sf12j2_high_frequency_kafka_rep1_20260612_192546,02d38453-def0-4dfb-8f41-809f0d0ee531,3895113,42,2.0386458170224597,759714715,1528140400,1529339200
s5_s2sf12j2_high_frequency_kafka_rep1_20260612_192546,kafka,sb-events-s5_s2sf12j2_high_frequency_kafka_rep1_20260612_192546,88b6503f-b7ef-4671-8e00-5ce2fc49c9f7,3895107,42,2.510884587648364,763650038,1529507100,1530672600
s5_s2sf12j2_high_frequency_kafka_rep1_20260612_192546,kafka,sb-events-s5_s2sf12j2_high_frequency_kafka_rep1_20260612_192546,0ada3c93-0dea-44b3-838b-308d7032cb53,3895134,43,2.9751465806940938,767518888,1530890700,1532073400
s5_s2sf12j2_high_frequency_kafka_rep1_20260612_192546,kafka,sb-events-s5_s2sf12j2_high_frequency_kafka_rep1_20260612_192546,490ee852-fb5c-4bc5-9ad4-60c7fa3aeb35,3895060,43,5.332702728353227,787165189,1532237600,1533536200
s5_s2sf12j2_high_frequency_kafka_rep1_20260612_192546,kafka,sb-events-s5_s2sf12j2_high_frequency_kafka_rep1_20260612_192546,e2b37f00-81ce-493d-9f04-3b60b2d08ff3,3895060,43,5.332702728353227,787165189,1533760500,1535182500
s5_s2sf12j2_high_frequency_kafka_rep1_20260612_192546,kafka,sb-events-s5_s2sf12j2_high_frequency_kafka_rep1_20260612_192546,33f17635-b8f6-4118-a3df-72500fc4136b,3895060,43,5.332702728353227,787165189,1535406800,1536668800
s5_s2sf12j2_high_frequency_kafka_rep1_20260612_192546,kafka,sb-events-s5_s2sf12j2_high_frequency_kafka_rep1_20260612_192546,e04ea77c-949a-42c1-a58b-9b2cd5ec3f86,3895086,43,3.246937795637394,769783814,1536885100,1538277600
s5_s2sf12j2_high_frequency_kafka_rep1_20260612_192546,kafka,sb-events-s5_s2sf12j2_high_frequency_kafka_rep1_20260612_192546,ea294bae-9cde-4a49-ba92-8de0e5558724,3895086,43,3.246937795637394,769783814,1538545400,1539997600
s5_s2sf12j2_high_frequency_kafka_rep1_20260612_192546,kafka,sb-events-s5_s2sf12j2_high_frequency_kafka_rep1_20260612_192546,bf7dd8ff-3505-484f-b34a-1cfbd05f5203,3895086,43,3.246937795637394,769783814,1540219500,1541474800
s5_s2sf12j2_high_frequency_kafka_rep1_20260612_192546,kafka,sb-events-s5_s2sf12j2_high_frequency_kafka_rep1_20260612_192546,7e09cb25-daea-481e-a291-444a2e190a68,3895113,43,2.1219791503557928,760409159,1541702700,1543124400
s5_s2sf12j2_high_frequency_kafka_rep1_20260612_192546,kafka,sb-events-s5_s2sf12j2_high_frequency_kafka_rep1_20260612_192546,4334c761-3d76-4734-89ce-0d25fd4d1d5c,3895067,44,2.276567878228274,761697398,1543361200,1544631900
s5_s2sf12j2_high_frequency_kafka_rep1_20260612_192546,kafka,sb-events-s5_s2sf12j2_high_frequency_kafka_rep1_20260612_192546,de2f5dd9-8866-4731-8ba6-b62075693025,3895067,44,2.276567878228274,761697398,1544831000,1546150100
s5_s2sf12j2_high_frequency_kafka_rep1_20260612_192546,kafka,sb-events-s5_s2sf12j2_high_frequency_kafka_rep1_20260612_192546,e607fbaf-57c6-46a5-9065-cd6ef1483ee7,3895060,44,5.41603606168656,787859633,1546379700,1547761600
s5_s2sf12j2_high_frequency_kafka_rep1_20260612_192546,kafka,sb-events-s5_s2sf12j2_high_frequency_kafka_rep1_20260612_192546,b081c486-1265-44bc-9b1e-bdbab86027bc,3895060,44,5.41603606168656,787859633,1548036700,1549595800
s5_s2sf12j2_high_frequency_kafka_rep1_20260612_192546,kafka,sb-events-s5_s2sf12j2_high_frequency_kafka_rep1_20260612_192546,1294206e-9663-4a6b-9df5-c439b597a356,3895086,44,3.330271128970727,770478259,1549808700,1551044800
s5_s2sf12j2_high_frequency_kafka_rep1_20260612_192546,kafka,sb-events-s5_s2sf12j2_high_frequency_kafka_rep1_20260612_192546,6e6d3a04-3b2d-4594-912c-ef552bb70b66,3895121,44,3.3550797414318065,770684997,1551235600,1552474000
s5_s2sf12j2_high_frequency_kafka_rep1_20260612_192546,kafka,sb-events-s5_s2sf12j2_high_frequency_kafka_rep1_20260612_192546,b7d0f261-5334-4d69-96af-25ae011560ca,3895121,44,3.3550797414318065,770684997,1552680500,1553929400
s5_s2sf12j2_high_frequency_kafka_rep1_20260612_192546,kafka,sb-events-s5_s2sf12j2_high_frequency_kafka_rep1_20260612_192546,6bfc5905-fd3d-4a0f-8dd4-e66a22373576,3895134,45,3.1418132473607603,768907777,1554130800,1555347200
s5_s2sf12j2_high_frequency_kafka_rep1_20260612_192546,kafka,sb-events-s5_s2sf12j2_high_frequency_kafka_rep1_20260612_192546,2083aef2-6d41-4a34-8a5a-4a3775a71852,3895134,45,3.1418132473607603,768907777,1555562200,1556740800
s5_s2sf12j2_high_frequency_kafka_rep1_20260612_192546,kafka,sb-events-s5_s2sf12j2_high_frequency_kafka_rep1_20260612_192546,e7838e3a-3874-4ca3-b660-ea74ef2c384d,3895060,45,5.499369395019894,788554078,1556920700,1557984500
s5_s2sf12j2_high_frequency_kafka_rep1_20260612_192546,kafka,sb-events-s5_s2sf12j2_high_frequency_kafka_rep1_20260612_192546,58cdc1d1-788b-4e0b-a07b-84d6db9ad04b,3895086,45,3.4136044623040607,771172703,1558152500,1559306000
s5_s2sf12j2_high_frequency_kafka_rep1_20260612_192546,kafka,sb-events-s5_s2sf12j2_high_frequency_kafka_rep1_20260612_192546,959b2e5b-016f-4594-9d72-537819b03bd8,3895086,45,3.4136044623040607,771172703,1559485100,1560594500
s5_s2sf12j2_high_frequency_kafka_rep1_20260612_192546,kafka,sb-events-s5_s2sf12j2_high_frequency_kafka_rep1_20260612_192546,43d448f5-3161-4484-a1e9-7ead8dbb8df2,3895113,45,2.2886458170224597,761798048,1560768100,1561940100
s5_s2sf12j2_high_frequency_kafka_rep1_20260612_192546,kafka,sb-events-s5_s2sf12j2_high_frequency_kafka_rep1_20260612_192546,7baac0c7-203d-4e43-89f7-7d482a26ee0d,3895121,45,3.43841307476514,771379442,1562127300,1563461800
s5_s2sf12j2_high_frequency_kafka_rep1_20260612_192546,kafka,sb-events-s5_s2sf12j2_high_frequency_kafka_rep1_20260612_192546,31bf416b-2f8b-436b-a233-07d16a05f948,3895113,45,2.2886458170224597,761798048,1563658400,1565034000
s5_s2sf12j2_high_frequency_kafka_rep1_20260612_192546,kafka,sb-events-s5_s2sf12j2_high_frequency_kafka_rep1_20260612_192546,84b5ba76-8141-4875-82aa-039802b7b1e9,3895113,45,2.2886458170224597,761798048,1565230100,1566445000
s5_s2sf12j2_high_frequency_kafka_rep1_20260612_192546,kafka,sb-events-s5_s2sf12j2_high_frequency_kafka_rep1_20260612_192546,87666b3c-fae0-4ec8-a71d-c2d3be7beb84,3895052,46,2.877568035395369,766705733,1566626900,1567966400
s5_s2sf12j2_high_frequency_kafka_rep1_20260612_192546,kafka,sb-events-s5_s2sf12j2_high_frequency_kafka_rep1_20260612_192546,89e0e216-29e0-4bad-b415-358338ffc09f,3895121,46,3.521746408098473,772073886,1568150400,1569383300
s5_s2sf12j2_high_frequency_kafka_rep1_20260612_192546,kafka,sb-events-s5_s2sf12j2_high_frequency_kafka_rep1_20260612_192546,533800e7-a633-4c16-989e-88d349c01143,3895113,46,2.3719791503557928,762492492,1569596700,1570844300
s5_s2sf12j2_high_frequency_kafka_rep1_20260612_192546,kafka,sb-events-s5_s2sf12j2_high_frequency_kafka_rep1_20260612_192546,351f7fc6-14b7-46ba-9fb9-04f41961ded3,3895052,47,2.9609013687287025,767400178,1571031300,1572327000
s5_s2sf12j2_high_frequency_kafka_rep1_20260612_192546,kafka,sb-events-s5_s2sf12j2_high_frequency_kafka_rep1_20260612_192546,fdc51a4b-28c8-4fce-84e7-171fe7b1d4b6,3895052,47,2.9609013687287025,767400178,1572521800,1573746600
s5_s2sf12j2_high_frequency_kafka_rep1_20260612_192546,kafka,sb-events-s5_s2sf12j2_high_frequency_kafka_rep1_20260612_192546,f2ada232-d480-4ba1-abd7-75e39f0030a3,3895060,47,5.66603606168656,789942967,1573920900,1575085800
s5_s2sf12j2_high_frequency_kafka_rep1_20260612_192546,kafka,sb-events-s5_s2sf12j2_high_frequency_kafka_rep1_20260612_192546,79dceb5a-d57a-4e48-9857-49a39de9e10c,3895060,47,5.66603606168656,789942967,1575261500,1576399800
s5_s2sf12j2_high_frequency_kafka_rep1_20260612_192546,kafka,sb-events-s5_s2sf12j2_high_frequency_kafka_rep1_20260612_192546,0c0f4cd0-cd24-4049-a9c1-842b9ce36562,3895060,47,5.66603606168656,789942967,1576584800,1577847700
s5_s2sf12j2_high_frequency_kafka_rep1_20260612_192546,kafka,sb-events-s5_s2sf12j2_high_frequency_kafka_rep1_20260612_192546,04713f82-6bc1-4e6b-904b-eb4fd56d5eb3,3895067,48,2.609901211561608,764475176,1578031700,1579326700
s5_s2sf12j2_high_frequency_kafka_rep1_20260612_192546,kafka,sb-events-s5_s2sf12j2_high_frequency_kafka_rep1_20260612_192546,5f268cd7-74fc-4aea-9caa-8cdf9d717648,3895067,48,2.609901211561608,764475176,1579524600,1580837100
s5_s2sf12j2_high_frequency_kafka_rep1_20260612_192546,kafka,sb-events-s5_s2sf12j2_high_frequency_kafka_rep1_20260612_192546,76fa657c-52d9-444e-8432-b36a4d76771f,3895067,48,2.609901211561608,764475176,1581033700,1582184800
s5_s2sf12j2_high_frequency_kafka_rep1_20260612_192546,kafka,sb-events-s5_s2sf12j2_high_frequency_kafka_rep1_20260612_192546,96bd8297-91b0-47fc-a7b2-2c433ec2e694,3895052,48,3.044234702062036,768094622,1582356900,1583563300
s5_s2sf12j2_high_frequency_kafka_rep1_20260612_192546,kafka,sb-events-s5_s2sf12j2_high_frequency_kafka_rep1_20260612_192546,8d0349fb-568c-440c-9069-42adbf1f9c3a,3895052,48,3.044234702062036,768094622,1583769700,1585102700
s5_s2sf12j2_high_frequency_kafka_rep1_20260612_192546,kafka,sb-events-s5_s2sf12j2_high_frequency_kafka_rep1_20260612_192546,f5c259e0-c5c7-49b0-9c59-02585ab58986,3895086,48,3.6636044623040607,773256037,1585324200,1586746000
s5_s2sf12j2_high_frequency_kafka_rep1_20260612_192546,kafka,sb-events-s5_s2sf12j2_high_frequency_kafka_rep1_20260612_192546,e008a8be-aa49-49e9-bd13-a93552b5c052,3895113,48,2.5386458170224597,763881381,1586913800,1588052900
s5_s2sf12j2_high_frequency_kafka_rep1_20260612_192546,kafka,sb-events-s5_s2sf12j2_high_frequency_kafka_rep1_20260612_192546,cda89eb4-2a08-49d3-b303-e8d036641f46,3895134,49,3.4751465806940933,771685554,1588220500,1589334400
s5_s2sf12j2_high_frequency_kafka_rep1_20260612_192546,kafka,sb-events-s5_s2sf12j2_high_frequency_kafka_rep1_20260612_192546,dc5c5cf4-f423-403a-b51c-979540ef7622,3895060,49,5.832702728353226,791331856,1589509100,1590661100
s5_s2sf12j2_high_frequency_kafka_rep1_20260612_192546,kafka,sb-events-s5_s2sf12j2_high_frequency_kafka_rep1_20260612_192546,1a55229e-3379-44ed-a2d0-4c24a2d6169a,3895060,49,5.832702728353226,791331856,1590848300,1591986300
s5_s2sf12j2_high_frequency_kafka_rep1_20260612_192546,kafka,sb-events-s5_s2sf12j2_high_frequency_kafka_rep1_20260612_192546,fac5aea2-5596-489a-968e-56f16712940d,3895107,49,3.094217920981697,768511149,1592182400,1593548500
s5_s2sf12j2_high_frequency_kafka_rep1_20260612_192546,kafka,sb-events-s5_s2sf12j2_high_frequency_kafka_rep1_20260612_192546,efcf17d5-c042-4aaf-b0d7-93d7c93295e4,3895067,50,2.7765678782282746,765864065,1593756000,1595159900
s5_s2sf12j2_high_frequency_kafka_rep1_20260612_192546,kafka,sb-events-s5_s2sf12j2_high_frequency_kafka_rep1_20260612_192546,47018dac-e300-4c82-be64-a8bc5b624fe0,3895052,50,3.210901368728703,769483511,1595358200,1596674400
s5_s2sf12j2_high_frequency_kafka_rep1_20260612_192546,kafka,sb-events-s5_s2sf12j2_high_frequency_kafka_rep1_20260612_192546,e3fd3a05-da3c-47a0-a92c-2719348c579e,3895052,50,3.210901368728703,769483511,1596863100,1598072900
s5_s2sf12j2_high_frequency_kafka_rep1_20260612_192546,kafka,sb-events-s5_s2sf12j2_high_frequency_kafka_rep1_20260612_192546,2128811a-aed8-4767-93e5-6b8c8d052321,3895086,50,3.830271128970728,774644926,1598250300,1599427100
s5_s2sf12j2_high_frequency_kafka_rep1_20260612_192546,kafka,sb-events-s5_s2sf12j2_high_frequency_kafka_rep1_20260612_192546,3aac7306-7a20-48a5-899a-01fd2c81174c,3895086,50,3.830271128970728,774644926,1599601900,1600722200
s5_s2sf12j2_high_frequency_kafka_rep1_20260612_192546,kafka,sb-events-s5_s2sf12j2_high_frequency_kafka_rep1_20260612_192546,2776e660-6018-41ee-a851-c1d3110acce6,3895107,50,3.177551254315031,769205593,1600881000,1601998200
s5_s2sf12j2_high_frequency_kafka_rep1_20260612_192546,kafka,sb-events-s5_s2sf12j2_high_frequency_kafka_rep1_20260612_192546,fd3aeff8-4268-476c-9189-7980aa44e693,3895107,50,3.177551254315031,769205593,1602154700,1603351800
s5_s2sf12j2_high_frequency_kafka_rep1_20260612_192546,kafka,sb-events-s5_s2sf12j2_high_frequency_kafka_rep1_20260612_192546,868c8013-7306-466b-93e7-217812448fd5,3895134,51,3.64181324736076,773074443,1603542500,1604761800
s5_s2sf12j2_high_frequency_kafka_rep1_20260612_192546,kafka,sb-events-s5_s2sf12j2_high_frequency_kafka_rep1_20260612_192546,3001fadd-127b-4ce2-8879-42a84e9d6d18,3895134,51,3.64181324736076,773074443,1604920100,1606040700
s5_s2sf12j2_high_frequency_kafka_rep1_20260612_192546,kafka,sb-events-s5_s2sf12j2_high_frequency_kafka_rep1_20260612_192546,671975c8-652d-4d37-a960-34ea283e6839,3895067,51,2.859901211561608,766558510,1606228100,1607377000
s5_s2sf12j2_high_frequency_kafka_rep1_20260612_192546,kafka,sb-events-s5_s2sf12j2_high_frequency_kafka_rep1_20260612_192546,e6696fb9-60bc-4c61-804c-d5089d51dbfc,3895134,51,3.64181324736076,773074443,1607531500,1608620200
s5_s2sf12j2_high_frequency_kafka_rep1_20260612_192546,kafka,sb-events-s5_s2sf12j2_high_frequency_kafka_rep1_20260612_192546,dd68b07e-7dda-40cd-be54-f8f588fb2d65,3895067,51,2.859901211561608,766558510,1608772100,1609907300
s5_s2sf12j2_high_frequency_kafka_rep1_20260612_192546,kafka,sb-events-s5_s2sf12j2_high_frequency_kafka_rep1_20260612_192546,a204aa5b-dd2a-4419-b242-75fb830e408a,3895067,51,2.859901211561608,766558510,1610087000,1611444500
s5_s2sf12j2_high_frequency_kafka_rep1_20260612_192546,kafka,sb-events-s5_s2sf12j2_high_frequency_kafka_rep1_20260612_192546,6a0f8b8e-4e1b-42ee-b523-30b9a57b096e,3895052,51,3.294234702062036,770177955,1611625100,1612751700
s5_s2sf12j2_high_frequency_kafka_rep1_20260612_192546,kafka,sb-events-s5_s2sf12j2_high_frequency_kafka_rep1_20260612_192546,cbe82ece-02bd-4fb5-9e40-ca8251b72ec7,3895086,51,3.9136044623040607,775339370,1612912500,1614061200
s5_s2sf12j2_high_frequency_kafka_rep1_20260612_192546,kafka,sb-events-s5_s2sf12j2_high_frequency_kafka_rep1_20260612_192546,77377af1-c630-4e85-8bdb-0ca5557b3287,3895107,51,3.260884587648364,769900038,1614224600,1615354100
s5_s2sf12j2_high_frequency_kafka_rep1_20260612_192546,kafka,sb-events-s5_s2sf12j2_high_frequency_kafka_rep1_20260612_192546,ee90bada-1c6b-428a-aacb-049c3b7d8627,3895107,51,3.260884587648364,769900038,1615542600,1616792600
s5_s2sf12j2_high_frequency_kafka_rep1_20260612_192546,kafka,sb-events-s5_s2sf12j2_high_frequency_kafka_rep1_20260612_192546,43d10675-f46f-4529-b68d-2cb72e3bc959,3895107,51,3.260884587648364,769900038,1616966700,1618055000
s5_s2sf12j2_high_frequency_kafka_rep1_20260612_192546,kafka,sb-events-s5_s2sf12j2_high_frequency_kafka_rep1_20260612_192546,098845c7-c0d6-49d4-a7e8-62ad71df1740,3895107,51,3.260884587648364,769900038,1618205900,1619320000
s5_s2sf12j2_high_frequency_kafka_rep1_20260612_192546,kafka,sb-events-s5_s2sf12j2_high_frequency_kafka_rep1_20260612_192546,7b0bb4e0-11e8-47ec-b963-780b060ecd67,3895107,51,3.260884587648364,769900038,1619472300,1620559300
s5_s2sf12j2_high_frequency_kafka_rep1_20260612_192546,kafka,sb-events-s5_s2sf12j2_high_frequency_kafka_rep1_20260612_192546,0138382f-c7f1-453f-a804-e83d80388701,3895134,52,3.725146580694093,773768888,1620707300,1621808300
s5_s2sf12j2_high_frequency_kafka_rep1_20260612_192546,kafka,sb-events-s5_s2sf12j2_high_frequency_kafka_rep1_20260612_192546,b6598ae5-294f-495f-8871-3ed5da30a210,3895067,52,2.9432345448949406,767252954,1621951700,1623090900
s5_s2sf12j2_high_frequency_kafka_rep1_20260612_192546,kafka,sb-events-s5_s2sf12j2_high_frequency_kafka_rep1_20260612_192546,6258c422-389a-4b00-9a65-a893eb7f7fbd,3895067,52,2.9432345448949406,767252954,1623251700,1624307900
s5_s2sf12j2_high_frequency_kafka_rep1_20260612_192546,kafka,sb-events-s5_s2sf12j2_high_frequency_kafka_rep1_20260612_192546,43b4b6c3-f7eb-4660-9535-85090ee4a9c7,3895086,52,3.9969377956373937,776033814,1624468200,1625671300
s5_s2sf12j2_high_frequency_kafka_rep1_20260612_192546,kafka,sb-events-s5_s2sf12j2_high_frequency_kafka_rep1_20260612_192546,0824066b-6377-4f4d-b9d6-b892e16165cf,3895086,52,3.9969377956373937,776033814,1625833100,1627123300
s5_s2sf12j2_high_frequency_kafka_rep1_20260612_192546,kafka,sb-events-s5_s2sf12j2_high_frequency_kafka_rep1_20260612_192546,c45e4c17-d965-492f-bf68-f2cc34aea3c6,3895107,52,3.344217920981697,770594482,1627313200,1628480200
s5_s2sf12j2_high_frequency_kafka_rep1_20260612_192546,kafka,sb-events-s5_s2sf12j2_high_frequency_kafka_rep1_20260612_192546,3ff1967f-6e9f-4711-9f48-702eea0b78d3,3895107,52,3.344217920981697,770594482,1628638000,1629708700
s5_s2sf12j2_high_frequency_kafka_rep1_20260612_192546,kafka,sb-events-s5_s2sf12j2_high_frequency_kafka_rep1_20260612_192546,7773b9fa-34dc-44fc-95f0-80ebcf280e8c,3895074,53,4.881086778652621,783401723,1629920800,1631180700
s5_s2sf12j2_high_frequency_kafka_rep1_20260612_192546,kafka,sb-events-s5_s2sf12j2_high_frequency_kafka_rep1_20260612_192546,e9064962-a3ad-4469-be2a-58f85fcc0a21,3895067,53,3.0265678782282746,767947398,1631368800,1632495000
s5_s2sf12j2_high_frequency_kafka_rep1_20260612_192546,kafka,sb-events-s5_s2sf12j2_high_frequency_kafka_rep1_20260612_192546,439b5ce9-bc81-47ba-8976-7bcd6b7de738,3895052,53,3.460901368728703,771566844,1632646500,1633701600
s5_s2sf12j2_high_frequency_kafka_rep1_20260612_192546,kafka,sb-events-s5_s2sf12j2_high_frequency_kafka_rep1_20260612_192546,65bd167c-af9e-4117-a832-2bd3eab41c47,3895052,53,3.460901368728703,771566844,1633858800,1635025500
s5_s2sf12j2_high_frequency_kafka_rep1_20260612_192546,kafka,sb-events-s5_s2sf12j2_high_frequency_kafka_rep1_20260612_192546,f410a2e4-a20a-4740-9789-df374ad99354,3895134,54,3.89181324736076,775157777,1635175300,1636321500
s5_s2sf12j2_high_frequency_kafka_rep1_20260612_192546,kafka,sb-events-s5_s2sf12j2_high_frequency_kafka_rep1_20260612_192546,ded4b97c-05de-492d-afdf-293ace2b3224,3895134,54,3.89181324736076,775157777,1636470000,1637664400
s5_s2sf12j2_high_frequency_kafka_rep1_20260612_192546,kafka,sb-events-s5_s2sf12j2_high_frequency_kafka_rep1_20260612_192546,4e0d3771-4b3b-409c-98fd-b89277a436ea,3895067,54,3.109901211561608,768641843,1637808600,1638903300
s5_s2sf12j2_high_frequency_kafka_rep1_20260612_192546,kafka,sb-events-s5_s2sf12j2_high_frequency_kafka_rep1_20260612_192546,424b5613-2a63-4bf4-8cfe-75e394f8c6df,3895095,54,5.392099191089768,787660159,1639049700,1640118000
s5_s2sf12j2_high_frequency_kafka_rep1_20260612_192546,kafka,sb-events-s5_s2sf12j2_high_frequency_kafka_rep1_20260612_192546,d626a450-651a-452f-8bd2-40bd73e5570f,3895052,54,3.544234702062036,772261289,1640269100,1641697000
s5_s2sf12j2_high_frequency_kafka_rep1_20260612_192546,kafka,sb-events-s5_s2sf12j2_high_frequency_kafka_rep1_20260612_192546,a2f0fa0d-a8be-4dae-886f-c4f1e40c1b23,3895060,54,6.249369395019894,794804078,1641905700,1643478100
s5_s2sf12j2_high_frequency_kafka_rep1_20260612_192546,kafka,sb-events-s5_s2sf12j2_high_frequency_kafka_rep1_20260612_192546,b9207043-5322-448b-9124-e5f49b7edaf7,3895086,54,4.163604462304061,777422703,1643720800,1644989100
s5_s2sf12j2_high_frequency_kafka_rep1_20260612_192546,kafka,sb-events-s5_s2sf12j2_high_frequency_kafka_rep1_20260612_192546,f39a69f5-2e2b-496a-9f94-591e8b152d22,3895067,55,3.1932345448949406,769336287,1645186800,1646490800
s5_s2sf12j2_high_frequency_kafka_rep1_20260612_192546,kafka,sb-events-s5_s2sf12j2_high_frequency_kafka_rep1_20260612_192546,c96ef0ba-2909-41e9-a9b0-43407092a108,3895067,55,3.1932345448949406,769336287,1646786300,1648052600
s5_s2sf12j2_high_frequency_kafka_rep1_20260612_192546,kafka,sb-events-s5_s2sf12j2_high_frequency_kafka_rep1_20260612_192546,437f9130-077f-43ac-81f2-d1c218161259,3895052,55,3.627568035395369,772955733,1648244200,1649532400
s5_s2sf12j2_high_frequency_kafka_rep1_20260612_192546,kafka,sb-events-s5_s2sf12j2_high_frequency_kafka_rep1_20260612_192546,d1da2207-3155-4079-bbef-e54815cde0d4,3895067,55,3.1932345448949406,769336287,1649725100,1651053700
s5_s2sf12j2_high_frequency_kafka_rep1_20260612_192546,kafka,sb-events-s5_s2sf12j2_high_frequency_kafka_rep1_20260612_192546,def5f329-5561-402c-a454-962f20833a5e,3895052,55,3.627568035395369,772955733,1651243800,1652429700
s5_s2sf12j2_high_frequency_kafka_rep1_20260612_192546,kafka,sb-events-s5_s2sf12j2_high_frequency_kafka_rep1_20260612_192546,edf8e33e-3227-4baf-8b1e-c9798a4bffb1,3895060,55,6.332702728353226,795498522,1652644000,1653878700
s5_s2sf12j2_high_frequency_kafka_rep1_20260612_192546,kafka,sb-events-s5_s2sf12j2_high_frequency_kafka_rep1_20260612_192546,afda6e2d-5673-419e-946e-2a513db81b5e,3895060,55,6.332702728353226,795498522,1654086800,1655447400
s5_s2sf12j2_high_frequency_kafka_rep1_20260612_192546,kafka,sb-events-s5_s2sf12j2_high_frequency_kafka_rep1_20260612_192546,86442978-c9ac-4f8b-a277-3c2aea80938f,3895086,55,4.246937795637393,778117148,1655626700,1656978500
s5_s2sf12j2_high_frequency_kafka_rep1_20260612_192546,kafka,sb-events-s5_s2sf12j2_high_frequency_kafka_rep1_20260612_192546,ac9f8882-ceb0-433a-a7ce-42572013a74e,3895086,55,4.246937795637393,778117148,1657152100,1658320100
s5_s2sf12j2_high_frequency_kafka_rep1_20260612_192546,kafka,sb-events-s5_s2sf12j2_high_frequency_kafka_rep1_20260612_192546,db2260b8-339c-4012-80d4-af54e4fefdb1,3895107,55,3.594217920981697,772677816,1658497200,1659652300
s5_s2sf12j2_high_frequency_kafka_rep1_20260612_192546,kafka,sb-events-s5_s2sf12j2_high_frequency_kafka_rep1_20260612_192546,6fa9e978-a06d-4ccb-856f-d1582b5abd82,3895107,55,3.594217920981697,772677816,1659814900,1660954000
s5_s2sf12j2_high_frequency_kafka_rep1_20260612_192546,kafka,sb-events-s5_s2sf12j2_high_frequency_kafka_rep1_20260612_192546,e7e4cb72-ce69-4bab-b7d1-1bfaf6e47af1,3895107,55,3.594217920981697,772677816,1661116900,1662302100
s5_s2sf12j2_high_frequency_kafka_rep1_20260612_192546,kafka,sb-events-s5_s2sf12j2_high_frequency_kafka_rep1_20260612_192546,4ee5d31d-6e7c-4942-8760-1f2e13c7ba9c,3895074,56,5.131086778652621,785485056,1662472300,1663603400
s5_s2sf12j2_high_frequency_kafka_rep1_20260612_192546,kafka,sb-events-s5_s2sf12j2_high_frequency_kafka_rep1_20260612_192546,592ec0c8-e456-449d-a137-235f6bfd6017,3895074,56,5.131086778652621,785485056,1663754500,1664825700
s5_s2sf12j2_high_frequency_kafka_rep1_20260612_192546,kafka,sb-events-s5_s2sf12j2_high_frequency_kafka_rep1_20260612_192546,437249ff-c7a3-4486-836a-2c9089708413,3895074,56,5.131086778652621,785485056,1664975400,1666019400
s5_s2sf12j2_high_frequency_kafka_rep1_20260612_192546,kafka,sb-events-s5_s2sf12j2_high_frequency_kafka_rep1_20260612_192546,f90ccdda-1623-4c46-83d7-a93b10bbb095,3895134,56,4.058479914027427,776546665,1666168600,1667326100
s5_s2sf12j2_high_frequency_kafka_rep1_20260612_192546,kafka,sb-events-s5_s2sf12j2_high_frequency_kafka_rep1_20260612_192546,d38e730e-330c-42a9-8889-f2b613aae2a5,3895134,56,4.058479914027427,776546665,1667473900,1668525700
s5_s2sf12j2_high_frequency_kafka_rep1_20260612_192546,kafka,sb-events-s5_s2sf12j2_high_frequency_kafka_rep1_20260612_192546,c0a6ff18-bef9-4da4-a93d-df405de515ca,3895134,56,4.058479914027427,776546665,1668675500,1669759800
s5_s2sf12j2_high_frequency_kafka_rep1_20260612_192546,kafka,sb-events-s5_s2sf12j2_high_frequency_kafka_rep1_20260612_192546,842b2425-b726-4944-88b7-6e59c5144f28,3895052,56,3.710901368728703,773650178,1669909300,1671010600
s5_s2sf12j2_high_frequency_kafka_rep1_20260612_192546,kafka,sb-events-s5_s2sf12j2_high_frequency_kafka_rep1_20260612_192546,6260cbb1-d2f6-4026-baaa-31ce8297fc11,3895060,56,6.41603606168656,796192967,1671171000,1672310600
s5_s2sf12j2_high_frequency_kafka_rep1_20260612_192546,kafka,sb-events-s5_s2sf12j2_high_frequency_kafka_rep1_20260612_192546,597f312d-75ca-4d9d-bba8-27ea4be07ca1,3895086,56,4.330271128970727,778811592,1672475600,1673618400
s5_s2sf12j2_high_frequency_kafka_rep1_20260612_192546,kafka,sb-events-s5_s2sf12j2_high_frequency_kafka_rep1_20260612_192546,425f41d2-7da1-4c10-b0f5-cc89c05ea4fe,3895086,56,4.330271128970727,778811592,1673814600,1675287800
s5_s2sf12j2_high_frequency_kafka_rep1_20260612_192546,kafka,sb-events-s5_s2sf12j2_high_frequency_kafka_rep1_20260612_192546,a38a5179-ed61-4c45-ab30-f6e861acd9a8,3895086,56,4.330271128970727,778811592,1675487700,1676697300
s5_s2sf12j2_high_frequency_kafka_rep1_20260612_192546,kafka,sb-events-s5_s2sf12j2_high_frequency_kafka_rep1_20260612_192546,e2de8d47-cc41-49eb-a56e-8da9b62c1102,3895086,56,4.330271128970727,778811592,1676870800,1677965300
s5_s2sf12j2_high_frequency_kafka_rep1_20260612_192546,kafka,sb-events-s5_s2sf12j2_high_frequency_kafka_rep1_20260612_192546,b608a12f-beb4-4db1-9424-437a6d8b6ff1,3895107,56,3.677551254315031,773372260,1678127800,1679217200
s5_s2sf12j2_high_frequency_kafka_rep1_20260612_192546,kafka,sb-events-s5_s2sf12j2_high_frequency_kafka_rep1_20260612_192546,38a429db-494a-4c85-9245-e989a3f81915,3895107,56,3.677551254315031,773372260,1679380100,1680519700
s5_s2sf12j2_high_frequency_kafka_rep1_20260612_192546,kafka,sb-events-s5_s2sf12j2_high_frequency_kafka_rep1_20260612_192546,cf6f40da-1c9d-4066-80cc-915eb4f227de,3895134,57,4.14181324736076,777241110,1680680000,1681833800
s5_s2sf12j2_high_frequency_kafka_rep1_20260612_192546,kafka,sb-events-s5_s2sf12j2_high_frequency_kafka_rep1_20260612_192546,129e9e4c-4a52-491d-89a9-fb8b711d3de0,3895095,57,5.642099191089768,789743493,1682006600,1683195200
s5_s2sf12j2_high_frequency_kafka_rep1_20260612_192546,kafka,sb-events-s5_s2sf12j2_high_frequency_kafka_rep1_20260612_192546,43c4c705-3da0-414e-b853-cb075fc6bc69,3895134,57,4.14181324736076,777241110,1683360500,1684565000
s5_s2sf12j2_high_frequency_kafka_rep1_20260612_192546,kafka,sb-events-s5_s2sf12j2_high_frequency_kafka_rep1_20260612_192546,0b9a69ba-96cd-4641-b931-eff7dce3a2f8,3895134,57,4.14181324736076,777241110,1684745900,1685956500
s5_s2sf12j2_high_frequency_kafka_rep1_20260612_192546,kafka,sb-events-s5_s2sf12j2_high_frequency_kafka_rep1_20260612_192546,d377d77b-8a2f-4385-b85e-ff34ae6fc979,3895067,57,3.359901211561608,770725176,1686122900,1687343400
s5_s2sf12j2_high_frequency_kafka_rep1_20260612_192546,kafka,sb-events-s5_s2sf12j2_high_frequency_kafka_rep1_20260612_192546,18d94d6f-1440-4daa-80a9-47f19ee5186b,3895067,57,3.359901211561608,770725176,1687567700,1688845600
s5_s2sf12j2_high_frequency_kafka_rep1_20260612_192546,kafka,sb-events-s5_s2sf12j2_high_frequency_kafka_rep1_20260612_192546,df30aec4-f392-4ae8-8617-ebfbcfafc297,3895052,57,3.794234702062036,774344622,1689087300,1690435600
s5_s2sf12j2_high_frequency_kafka_rep1_20260612_192546,kafka,sb-events-s5_s2sf12j2_high_frequency_kafka_rep1_20260612_192546,47099e16-f149-4698-ab0f-18dd33415330,3895052,57,3.794234702062036,774344622,1690629700,1691781100
s5_s2sf12j2_high_frequency_kafka_rep1_20260612_192546,kafka,sb-events-s5_s2sf12j2_high_frequency_kafka_rep1_20260612_192546,909fb80b-31ba-4530-924f-36e24598500e,3895060,57,6.499369395019894,796887411,1691956500,1693075700
s5_s2sf12j2_high_frequency_kafka_rep1_20260612_192546,kafka,sb-events-s5_s2sf12j2_high_frequency_kafka_rep1_20260612_192546,f5b43151-5fdf-4d15-a30b-4ff7b695c61f,3895060,57,6.499369395019894,796887411,1693246300,1694435500
s5_s2sf12j2_high_frequency_kafka_rep1_20260612_192546,kafka,sb-events-s5_s2sf12j2_high_frequency_kafka_rep1_20260612_192546,f75fcf2d-b54f-4930-8863-1a48eba0ad9b,3895086,57,4.413604462304061,779506037,1694625000,1695824000
s5_s2sf12j2_high_frequency_kafka_rep1_20260612_192546,kafka,sb-events-s5_s2sf12j2_high_frequency_kafka_rep1_20260612_192546,0050f3cf-d991-464f-9340-a30c01c082d8,3895086,57,4.413604462304061,779506037,1696015800,1697264100
s5_s2sf12j2_high_frequency_kafka_rep1_20260612_192546,kafka,sb-events-s5_s2sf12j2_high_frequency_kafka_rep1_20260612_192546,0c14b70a-ac75-4bf6-b4df-53b669c54b6c,3895074,58,5.297753445319287,786873945,1697481500,1698570700
s5_s2sf12j2_high_frequency_kafka_rep1_20260612_192546,kafka,sb-events-s5_s2sf12j2_high_frequency_kafka_rep1_20260612_192546,9f945bf8-24a8-4f64-9dd4-5a1c5c201981,3895095,58,5.7254325244231,790437937,1698748200,1699970600
s5_s2sf12j2_high_frequency_kafka_rep1_20260612_192546,kafka,sb-events-s5_s2sf12j2_high_frequency_kafka_rep1_20260612_192546,36a42e6a-c56b-4d28-9ed5-75fef386b165,3895052,58,3.877568035395369,775039066,1700124300,1701331100
s5_s2sf12j2_high_frequency_kafka_rep1_20260612_192546,kafka,sb-events-s5_s2sf12j2_high_frequency_kafka_rep1_20260612_192546,4ef419c9-5ff0-444e-86a6-50a703b1769f,3895107,58,3.844217920981697,774761149,1701480100,1702672500
s5_s2sf12j2_high_frequency_kafka_rep1_20260612_192546,kafka,sb-events-s5_s2sf12j2_high_frequency_kafka_rep1_20260612_192546,41969f07-3af9-4753-98e8-69fbd27d21a4,3895095,59,5.808765857756434,791132382,1702908200,1704299900
s5_s2sf12j2_high_frequency_kafka_rep1_20260612_192546,kafka,sb-events-s5_s2sf12j2_high_frequency_kafka_rep1_20260612_192546,5674247a-ead4-4a96-bd38-ef2319eecf34,3895134,59,4.308479914027427,778629999,1704526200,1705853500
s5_s2sf12j2_high_frequency_kafka_rep1_20260612_192546,kafka,sb-events-s5_s2sf12j2_high_frequency_kafka_rep1_20260612_192546,8be02bf7-5395-4605-b57b-8f501e04d189,3895067,59,3.5265678782282746,772114065,1706064100,1707311300
s5_s2sf12j2_high_frequency_kafka_rep1_20260612_192546,kafka,sb-events-s5_s2sf12j2_high_frequency_kafka_rep1_20260612_192546,b7b039ca-bac1-4467-af8e-0fd8796bb6c9,3895052,59,3.960901368728703,775733511,1707523700,1708740600
s5_s2sf12j2_high_frequency_kafka_rep1_20260612_192546,kafka,sb-events-s5_s2sf12j2_high_frequency_kafka_rep1_20260612_192546,5ba85175-4aee-426a-bece-2a16c73e89b7,3895052,59,3.960901368728703,775733511,1708946300,1710145100
s5_s2sf12j2_high_frequency_kafka_rep1_20260612_192546,kafka,sb-events-s5_s2sf12j2_high_frequency_kafka_rep1_20260612_192546,73b4ab23-4ab4-4983-91d2-d8e21f5270f8,3895060,59,6.66603606168656,798276300,1710328600,1711583900
s5_s2sf12j2_high_frequency_kafka_rep1_20260612_192546,kafka,sb-events-s5_s2sf12j2_high_frequency_kafka_rep1_20260612_192546,d89d3340-d2ef-47db-9827-7d447bae5b2d,3895086,59,4.580271128970727,780894926,1711742400,1712825000
s5_s2sf12j2_high_frequency_kafka_rep1_20260612_192546,kafka,sb-events-s5_s2sf12j2_high_frequency_kafka_rep1_20260612_192546,ea520500-8ba0-47a7-ac12-b4c9c0a92146,3895074,60,5.464420111985955,788262834,1712994700,1714234200
s5_s2sf12j2_high_frequency_kafka_rep1_20260612_192546,kafka,sb-events-s5_s2sf12j2_high_frequency_kafka_rep1_20260612_192546,dd8d63c4-feb8-4523-ab68-826a6480eefd,3895074,60,5.464420111985955,788262834,1714437500,1715736100
s5_s2sf12j2_high_frequency_kafka_rep1_20260612_192546,kafka,sb-events-s5_s2sf12j2_high_frequency_kafka_rep1_20260612_192546,a8bd1431-210e-4840-8d05-60ce4a7de877,3895095,60,5.892099191089768,791826826,1715948000,1717166300
s5_s2sf12j2_high_frequency_kafka_rep1_20260612_192546,kafka,sb-events-s5_s2sf12j2_high_frequency_kafka_rep1_20260612_192546,14bd2c1c-b359-4192-a0ae-90ad860f3371,3895067,60,3.609901211561608,772808510,1717356000,1718644100
s5_s2sf12j2_high_frequency_kafka_rep1_20260612_192546,kafka,sb-events-s5_s2sf12j2_high_frequency_kafka_rep1_20260612_192546,7ccea271-b2cf-40d9-8e25-30ed33e37625,3895067,60,3.609901211561608,772808510,1718848600,1720172100
s5_s2sf12j2_high_frequency_kafka_rep1_20260612_192546,kafka,sb-events-s5_s2sf12j2_high_frequency_kafka_rep1_20260612_192546,50b41d81-f36f-4161-a4d2-36ba1befc4be,3895060,60,6.749369395019894,798970744,1720351700,1721489400
s5_s2sf12j2_high_frequency_kafka_rep1_20260612_192546,kafka,sb-events-s5_s2sf12j2_high_frequency_kafka_rep1_20260612_192546,ff19107a-4ba4-4822-ac3e-e71716667059,3895060,60,6.749369395019894,798970744,1721655000,1722813900
s5_s2sf12j2_high_frequency_kafka_rep1_20260612_192546,kafka,sb-events-s5_s2sf12j2_high_frequency_kafka_rep1_20260612_192546,9ff39e51-5a18-4e88-bd18-76090587a988,3895086,60,4.663604462304061,781589370,1722990900,1724109200
s5_s2sf12j2_high_frequency_kafka_rep1_20260612_192546,kafka,sb-events-s5_s2sf12j2_high_frequency_kafka_rep1_20260612_192546,0fef3645-2465-4dbf-8266-c2a35ee8293c,3895086,60,4.663604462304061,781589370,1724267600,1725463000
s5_s2sf12j2_high_frequency_kafka_rep1_20260612_192546,kafka,sb-events-s5_s2sf12j2_high_frequency_kafka_rep1_20260612_192546,015fcb4f-7419-4731-84a0-81b3fd422ff7,3895086,60,4.663604462304061,781589370,1725634700,1726806400
s5_s2sf12j2_high_frequency_kafka_rep1_20260612_192546,kafka,sb-events-s5_s2sf12j2_high_frequency_kafka_rep1_20260612_192546,166ea076-01d6-49a4-87eb-ff7908834a7f,3895086,60,4.663604462304061,781589370,1727016100,1728249600
s5_s2sf12j2_high_frequency_kafka_rep1_20260612_192546,kafka,sb-events-s5_s2sf12j2_high_frequency_kafka_rep1_20260612_192546,b0d138df-c84d-4eeb-a19e-0550afb12c63,3895086,60,4.663604462304061,781589370,1728438400,1729806900
s5_s2sf12j2_high_frequency_kafka_rep1_20260612_192546,kafka,sb-events-s5_s2sf12j2_high_frequency_kafka_rep1_20260612_192546,d1f3d4f7-aeb6-4d26-95e1-37c7df992845,3895107,60,4.0108845876483645,776150038,1729971900,1731138200
s5_s2sf12j2_high_frequency_kafka_rep1_20260612_192546,kafka,sb-events-s5_s2sf12j2_high_frequency_kafka_rep1_20260612_192546,09e0176e-01c2-4e75-8d19-c75cbac22a53,3895107,60,4.0108845876483645,776150038,1731360900,1732606600
s5_s2sf12j2_high_frequency_kafka_rep1_20260612_192546,kafka,sb-events-s5_s2sf12j2_high_frequency_kafka_rep1_20260612_192546,ff2841c0-d955-494b-a7a9-ac8bbb82ad73__rev2,3895113,7,-0.8780208496442073,2735409160,2747254500,2749277000
s5_s2sf12j2_high_frequency_kafka_rep1_20260612_192546,kafka,sb-events-s5_s2sf12j2_high_frequency_kafka_rep1_20260612_192546,50dad646-a7c1-450b-8a63-2e2fd90b3cd1__rev2,3895134,2,-0.4415200859725731,2739046666,2749362700,2750684400
s5_s2sf12j2_high_frequency_kafka_rep1_20260612_192546,kafka,sb-events-s5_s2sf12j2_high_frequency_kafka_rep1_20260612_192546,5342ea84-0732-454a-9551-8bc9fbe70d05__rev2,3895134,4,-0.2748534193059064,2740435555,2750755200,2751888000
s5_s2sf12j2_high_frequency_kafka_rep1_20260612_192546,kafka,sb-events-s5_s2sf12j2_high_frequency_kafka_rep1_20260612_192546,4127d02c-6da9-47dc-b26f-40da7d121a92__rev2,3895052,9,-0.205765297937964,2741011290,2751955900,2753150900
s5_s2sf12j2_high_frequency_kafka_rep1_20260612_192546,kafka,sb-events-s5_s2sf12j2_high_frequency_kafka_rep1_20260612_192546,923309c9-3dcf-4141-a48f-e3208bd1f952__rev2,3895113,16,-0.1280208496442074,2741659160,2753219900,2754298600
s5_s2sf12j2_high_frequency_kafka_rep1_20260612_192546,kafka,sb-events-s5_s2sf12j2_high_frequency_kafka_rep1_20260612_192546,e295f3e0-e0cc-4adc-91fa-062599b27d25__rev2,3895107,13,0.0942179209816973,2743511149,2763230800,2765203700
s5_s2sf12j2_high_frequency_kafka_rep1_20260612_192546,kafka,sb-events-s5_s2sf12j2_high_frequency_kafka_rep1_20260612_192546,55773380-38a7-49a4-b73a-a688f19444c1__rev2,3895134,10,0.2251465806940936,2744602221,2765295800,2766611000
s5_s2sf12j2_high_frequency_kafka_rep1_20260612_192546,kafka,sb-events-s5_s2sf12j2_high_frequency_kafka_rep1_20260612_192546,6824686d-4590-42ed-bcb5-84522be6958f__rev2,3895113,21,0.2886458170224593,2745131381,2766703500,2768148800
s5_s2sf12j2_high_frequency_kafka_rep1_20260612_192546,kafka,sb-events-s5_s2sf12j2_high_frequency_kafka_rep1_20260612_192546,01867a27-4aa7-42ac-ab96-6d7f49d8dcb8__rev2,3895134,12,0.3918132473607603,2745991110,2768223800,2769441800
s5_s2sf12j2_high_frequency_kafka_rep1_20260612_192546,kafka,sb-events-s5_s2sf12j2_high_frequency_kafka_rep1_20260612_192546,4acda0ae-ebda-4589-806c-c3233063335e__rev2,3895107,19,0.5942179209816973,2747677816,2769528000,2770692300
s5_s2sf12j2_high_frequency_kafka_rep1_20260612_192546,kafka,sb-events-s5_s2sf12j2_high_frequency_kafka_rep1_20260612_192546,415243ce-3849-4896-9be1-75365ad90b78__rev2,3895134,18,0.8918132473607603,2750157777,2770794900,2771895200
s5_s2sf12j2_high_frequency_kafka_rep1_20260612_192546,kafka,sb-events-s5_s2sf12j2_high_frequency_kafka_rep1_20260612_192546,285e8e4a-7c84-4ca1-9688-d8b56d623cc2__rev2,3895095,2,1.0587658577564345,2751549048,2771960300,2773019000
s5_s2sf12j2_high_frequency_kafka_rep1_20260612_192546,kafka,sb-events-s5_s2sf12j2_high_frequency_kafka_rep1_20260612_192546,da8b4ee3-3079-4353-ac9d-451a47100b52__rev2,3895121,17,1.1050797414318068,2751934997,2773086900,2774241300
s5_s2sf12j2_high_frequency_kafka_rep1_20260612_192546,kafka,sb-events-s5_s2sf12j2_high_frequency_kafka_rep1_20260612_192546,494d25f1-83d3-4375-aa5c-29dfd26dfebd__rev2,3895095,3,1.1420991910897675,2752243493,2774326900,2775493300
s5_s2sf12j2_high_frequency_kafka_rep1_20260612_192546,kafka,sb-events-s5_s2sf12j2_high_frequency_kafka_rep1_20260612_192546,b812268f-ce7d-4b17-9ad2-f38e50908694__rev2,3895107,26,1.1775512543150306,2752538927,2775567900,2776736300
s5_s2sf12j2_high_frequency_kafka_rep1_20260612_192546,kafka,sb-events-s5_s2sf12j2_high_frequency_kafka_rep1_20260612_192546,2e41f9b8-5553-4025-bfb2-90dc50a9013a__rev2,3895107,28,1.3442179209816976,2753927816,2776814100,2778034700
s5_s2sf12j2_high_frequency_kafka_rep1_20260612_192546,kafka,sb-events-s5_s2sf12j2_high_frequency_kafka_rep1_20260612_192546,04f7f325-bfc0-4731-a32f-7f8232c8296e__rev2,3895121,20,1.3550797414318068,2754018331,2778114600,2779609700
s5_s2sf12j2_high_frequency_kafka_rep1_20260612_192546,kafka,sb-events-s5_s2sf12j2_high_frequency_kafka_rep1_20260612_192546,8847c801-2b00-4bf3-9bb8-88f92ab95fa1__rev2,3895074,11,1.3810867786526213,2754235056,2779694500,2780987500
s5_s2sf12j2_high_frequency_kafka_rep1_20260612_192546,kafka,sb-events-s5_s2sf12j2_high_frequency_kafka_rep1_20260612_192546,90d289d6-4046-4fdb-9ea5-387717cb297d__rev2,3895113,35,1.4553124836891258,2754853604,2781054400,2782183000
s5_s2sf12j2_high_frequency_kafka_rep1_20260612_192546,kafka,sb-events-s5_s2sf12j2_high_frequency_kafka_rep1_20260612_192546,2b8248b7-ca1e-4b25-8019-43dcd354312b__rev2,3895134,25,1.4751465806940938,2755018888,2782246200,2783509300
s5_s2sf12j2_high_frequency_kafka_rep1_20260612_192546,kafka,sb-events-s5_s2sf12j2_high_frequency_kafka_rep1_20260612_192546,6d76d333-ddbe-4dd4-b0e0-f04bace0d42c__rev2,3895121,22,1.5217464080984733,2755407220,2783593500,2784779700
s5_s2sf12j2_high_frequency_kafka_rep1_20260612_192546,kafka,sb-events-s5_s2sf12j2_high_frequency_kafka_rep1_20260612_192546,71c80fb5-ad88-4f1a-a7d4-fd63ed429bcd__rev2,3895095,8,1.558765857756434,2755715715,2784876700,2786388600
s5_s2sf12j2_high_frequency_kafka_rep1_20260612_192546,kafka,sb-events-s5_s2sf12j2_high_frequency_kafka_rep1_20260612_192546,59d5f7d4-b2c8-4777-ad5d-f682a5be2482__rev2,3895074,14,1.6310867786526215,2756318389,2786462900,2787679900
s5_s2sf12j2_high_frequency_kafka_rep1_20260612_192546,kafka,sb-events-s5_s2sf12j2_high_frequency_kafka_rep1_20260612_192546,207c41be-4905-457d-af38-e356b67981de__rev2,3895060,0,1.7493693950198934,2757304078,2787751400,2788933000
s5_s2sf12j2_high_frequency_kafka_rep1_20260612_192546,kafka,sb-events-s5_s2sf12j2_high_frequency_kafka_rep1_20260612_192546,fefef503-f3cc-4d41-9b3f-9ddc57b6a93b__rev2,3895060,0,1.7493693950198934,2757304078,2789026100,2790171400
s5_s2sf12j2_high_frequency_kafka_rep1_20260612_192546,kafka,sb-events-s5_s2sf12j2_high_frequency_kafka_rep1_20260612_192546,2f46ad65-50a4-4834-9bd9-86a61f034234__rev2,3895060,0,1.7493693950198934,2757304078,2790241800,2791556500
s5_s2sf12j2_high_frequency_kafka_rep1_20260612_192546,kafka,sb-events-s5_s2sf12j2_high_frequency_kafka_rep1_20260612_192546,3b3a42a2-e2a1-49f8-9b77-5ec638303a06__rev2,3895060,0,1.7493693950198934,2757304078,2791650400,2792899000
s5_s2sf12j2_high_frequency_kafka_rep1_20260612_192546,kafka,sb-events-s5_s2sf12j2_high_frequency_kafka_rep1_20260612_192546,69bdfb9b-ba46-41c8-814a-98f0a43c6501__rev2,3895060,0,1.7493693950198934,2757304078,2792991900,2794405200
s5_s2sf12j2_high_frequency_kafka_rep1_20260612_192546,kafka,sb-events-s5_s2sf12j2_high_frequency_kafka_rep1_20260612_192546,9351a75c-1c91-4205-b38c-4875eb4ab288__rev2,3895134,30,1.8918132473607605,2758491110,2794492800,2795920100
s5_s2sf12j2_high_frequency_kafka_rep1_20260612_192546,kafka,sb-events-s5_s2sf12j2_high_frequency_kafka_rep1_20260612_192546,c3ae126d-34d6-421c-813d-3e3179428b05__rev2,3895086,27,1.913604462304061,2758672703,2796000200,2797240100
s5_s2sf12j2_high_frequency_kafka_rep1_20260612_192546,kafka,sb-events-s5_s2sf12j2_high_frequency_kafka_rep1_20260612_192546,dcdc9caf-542f-4fed-b166-7702a8293952__rev2,3895086,29,2.080271128970727,2760061592,2797310600,2798518300
s5_s2sf12j2_high_frequency_kafka_rep1_20260612_192546,kafka,sb-events-s5_s2sf12j2_high_frequency_kafka_rep1_20260612_192546,13e3148f-e1f5-46b5-929a-d4dc6755ebf6__rev2,3895067,42,2.109901211561608,2760308510,2798601700,2799821700
s5_s2sf12j2_high_frequency_kafka_rep1_20260612_192546,kafka,sb-events-s5_s2sf12j2_high_frequency_kafka_rep1_20260612_192546,33fdf203-b847-4fa5-9021-5f1875717796__rev2,3895060,6,2.2493693950198934,2761470744,2799892400,2801095600
s5_s2sf12j2_high_frequency_kafka_rep1_20260612_192546,kafka,sb-events-s5_s2sf12j2_high_frequency_kafka_rep1_20260612_192546,f85aeff4-b9ad-4127-9dd6-ee22d8df6683__rev2,3895107,39,2.260884587648364,2761566704,2801160400,2802189600
s5_s2sf12j2_high_frequency_kafka_rep1_20260612_192546,kafka,sb-events-s5_s2sf12j2_high_frequency_kafka_rep1_20260612_192546,de2f5dd9-8866-4731-8ba6-b62075693025__rev2,3895067,44,2.276567878228274,2761697398,2802258900,2803420000
s5_s2sf12j2_high_frequency_kafka_rep1_20260612_192546,kafka,sb-events-s5_s2sf12j2_high_frequency_kafka_rep1_20260612_192546,a5ee5014-88eb-46e6-994c-e1ba365efbb1__rev2,3895121,33,2.43841307476514,2763046108,2803486200,2804743100
s5_s2sf12j2_high_frequency_kafka_rep1_20260612_192546,kafka,sb-events-s5_s2sf12j2_high_frequency_kafka_rep1_20260612_192546,34a68da4-a761-418e-a94a-29bb8fd8e96e__rev2,3895095,19,2.475432524423101,2763354604,2804830800,2805979000
s5_s2sf12j2_high_frequency_kafka_rep1_20260612_192546,kafka,sb-events-s5_s2sf12j2_high_frequency_kafka_rep1_20260612_192546,88b6503f-b7ef-4671-8e00-5ce2fc49c9f7__rev2,3895107,42,2.510884587648364,2763650038,2806047000,2807124300
s5_s2sf12j2_high_frequency_kafka_rep1_20260612_192546,kafka,sb-events-s5_s2sf12j2_high_frequency_kafka_rep1_20260612_192546,b767f8cf-4d2d-45c2-befd-2acd1c356621__rev2,3895060,11,2.66603606168656,2764942967,2807194500,2808400400
s5_s2sf12j2_high_frequency_kafka_rep1_20260612_192546,kafka,sb-events-s5_s2sf12j2_high_frequency_kafka_rep1_20260612_192546,345213be-58bb-4752-82aa-82a0cd026971__rev2,3895121,37,2.771746408098473,2765823886,2808468900,2809539900
s5_s2sf12j2_high_frequency_kafka_rep1_20260612_192546,kafka,sb-events-s5_s2sf12j2_high_frequency_kafka_rep1_20260612_192546,fd3aeff8-4268-476c-9189-7980aa44e693__rev2,3895107,50,3.177551254315031,2769205593,2809604500,2810950700
s5_s2sf12j2_high_frequency_kafka_rep1_20260612_192546,kafka,sb-events-s5_s2sf12j2_high_frequency_kafka_rep1_20260612_192546,ee90bada-1c6b-428a-aacb-049c3b7d8627__rev2,3895107,51,3.260884587648364,2769900038,2811051700,2812309800
s5_s2sf12j2_high_frequency_kafka_rep1_20260612_192546,kafka,sb-events-s5_s2sf12j2_high_frequency_kafka_rep1_20260612_192546,f7ccc18b-f57d-473d-aef2-7b018211ff13__rev2,3895074,34,3.2977534453192883,2770207278,2812381800,2813664100
s5_s2sf12j2_high_frequency_kafka_rep1_20260612_192546,kafka,sb-events-s5_s2sf12j2_high_frequency_kafka_rep1_20260612_192546,3ff1967f-6e9f-4711-9f48-702eea0b78d3__rev2,3895107,52,3.344217920981697,2770594482,2813738200,2815139200
s5_s2sf12j2_high_frequency_kafka_rep1_20260612_192546,kafka,sb-events-s5_s2sf12j2_high_frequency_kafka_rep1_20260612_192546,959b2e5b-016f-4594-9d72-537819b03bd8__rev2,3895086,45,3.4136044623040607,2771172703,2815225500,2816502900
s5_s2sf12j2_high_frequency_kafka_rep1_20260612_192546,kafka,sb-events-s5_s2sf12j2_high_frequency_kafka_rep1_20260612_192546,cda89eb4-2a08-49d3-b303-e8d036641f46__rev2,3895134,49,3.4751465806940933,2771685554,2816595700,2817818800
s5_s2sf12j2_high_frequency_kafka_rep1_20260612_192546,kafka,sb-events-s5_s2sf12j2_high_frequency_kafka_rep1_20260612_192546,2122e986-fc97-4fb7-82e7-52bbebd90352__rev2,3895095,31,3.475432524423101,2771687937,2817895700,2819352700
s5_s2sf12j2_high_frequency_kafka_rep1_20260612_192546,kafka,sb-events-s5_s2sf12j2_high_frequency_kafka_rep1_20260612_192546,842b2425-b726-4944-88b7-6e59c5144f28__rev2,3895052,56,3.710901368728703,2773650178,2819447500,2820677600
s5_s2sf12j2_high_frequency_kafka_rep1_20260612_192546,kafka,sb-events-s5_s2sf12j2_high_frequency_kafka_rep1_20260612_192546,11e909cf-1292-4ff6-877b-047271284066__rev2,3895060,24,3.749369395019893,2773970744,2820749100,2821902400
s5_s2sf12j2_high_frequency_kafka_rep1_20260612_192546,kafka,sb-events-s5_s2sf12j2_high_frequency_kafka_rep1_20260612_192546,43c4c705-3da0-414e-b853-cb075fc6bc69__rev2,3895134,57,4.14181324736076,2777241110,2821974600,2823246800
s5_s2sf12j2_high_frequency_kafka_rep1_20260612_192546,kafka,sb-events-s5_s2sf12j2_high_frequency_kafka_rep1_20260612_192546,ac9f8882-ceb0-433a-a7ce-42572013a74e__rev2,3895086,55,4.246937795637393,2778117148,2823319300,2824503400
s5_s2sf12j2_high_frequency_kafka_rep1_20260612_192546,kafka,sb-events-s5_s2sf12j2_high_frequency_kafka_rep1_20260612_192546,d89d3340-d2ef-47db-9827-7d447bae5b2d__rev2,3895086,59,4.580271128970727,2780894926,2824599900,2825976300
s5_s2sf12j2_high_frequency_kafka_rep1_20260612_192546,kafka,sb-events-s5_s2sf12j2_high_frequency_kafka_rep1_20260612_192546,015fcb4f-7419-4731-84a0-81b3fd422ff7__rev2,3895086,60,4.663604462304061,2781589370,2826058500,2827434200
s5_s2sf12j2_high_frequency_kafka_rep1_20260612_192546,kafka,sb-events-s5_s2sf12j2_high_frequency_kafka_rep1_20260612_192546,90e3b280-77a2-42f8-80a1-789498a383d1__rev2,3895060,39,4.999369395019894,2784387411,2827501700,2828625100
s5_s2sf12j2_high_frequency_kafka_rep1_20260612_192546,kafka,sb-events-s5_s2sf12j2_high_frequency_kafka_rep1_20260612_192546,d4bf08dc-9205-4261-8876-566102e23931__rev2,3895060,41,5.16603606168656,2785776300,2828690700,2829811300
s5_s2sf12j2_high_frequency_kafka_rep1_20260612_192546,kafka,sb-events-s5_s2sf12j2_high_frequency_kafka_rep1_20260612_192546,0c14b70a-ac75-4bf6-b4df-53b669c54b6c__rev2,3895074,58,5.297753445319287,2786873945,2829877800,2830947000
s5_s2sf12j2_high_frequency_kafka_rep1_20260612_192546,kafka,sb-events-s5_s2sf12j2_high_frequency_kafka_rep1_20260612_192546,f2ada232-d480-4ba1-abd7-75e39f0030a3__rev2,3895060,47,5.66603606168656,2789942967,2831014100,2832210700
s5_s2sf12j2_high_frequency_kafka_rep1_20260612_192546,kafka,sb-events-s5_s2sf12j2_high_frequency_kafka_rep1_20260612_192546,a2f0fa0d-a8be-4dae-886f-c4f1e40c1b23__rev2,3895060,54,6.249369395019894,2794804078,2832274100,2833370600
