run_id,backend,stream,event_id,match_id,t_sim_seconds,t_emit_offset_s,t_prod_sched_ns,t_prod_send_ns,t_broker_ack_ns,redis_id
concurrency_n20_20260613_003117_redis_feed17_rep1,redis,sb:events:n20:feed17:rep1,69bb4fa7-f177-49a8-9b19-7c01cd9d9a9c,3895052,0,0.0,15584386500,15586864000,15861835200,1781307107981-0
concurrency_n20_20260613_003117_redis_feed17_rep1,redis,sb:events:n20:feed17:rep1,207c41be-4905-457d-af38-e356b67981de,3895060,0,0.0,15584386500,15862207800,15863566500,1781307107982-0
concurrency_n20_20260613_003117_redis_feed17_rep1,redis,sb:events:n20:feed17:rep1,7eb000ee-2ef0-462a-bd57-e4320f459c68,3895067,0,0.0,15584386500,15863853000,15864884200,1781307107984-0
concurrency_n20_20260613_003117_redis_feed17_rep1,redis,sb:events:n20:feed17:rep1,664c81bb-315d-4de4-86d5-f326eebf0684,3895074,0,0.0,15584386500,15865211100,15866223400,1781307107985-0
concurrency_n20_20260613_003117_redis_feed17_rep1,redis,sb:events:n20:feed17:rep1,6c9ebdf9-117f-4a31-8b52-ebcf3c35d0c6,3895086,0,0.0,15584386500,15866588600,15867384600,1781307107987-0
concurrency_n20_20260613_003117_redis_feed17_rep1,redis,sb:events:n20:feed17:rep1,9103cd62-6a36-40c6-9f80-ab1f6d258133,3895095,0,0.0,15584386500,15867703400,15868676100,1781307107988-0
concurrency_n20_20260613_003117_redis_feed17_rep1,redis,sb:events:n20:feed17:rep1,84fbca7e-c79e-4f67-8026-4c9578366292,3895107,0,0.0,15584386500,15868977300,15870036700,1781307107989-0
concurrency_n20_20260613_003117_redis_feed17_rep1,redis,sb:events:n20:feed17:rep1,ea1e6876-4179-4750-8231-55c3d6ec8001,3895113,0,0.0,15584386500,15870390000,15871269300,1781307107990-0
concurrency_n20_20260613_003117_redis_feed17_rep1,redis,sb:events:n20:feed17:rep1,16d29511-a5c7-4a18-a4b4-d40571e69bd4,3895121,0,0.0,15584386500,15871674300,15872429200,1781307107992-0
concurrency_n20_20260613_003117_redis_feed17_rep1,redis,sb:events:n20:feed17:rep1,7f498384-e379-41b8-bdd2-8bf16412e8cc,3895134,0,0.0,15584386500,15872674000,15873641400,1781307107993-0
concurrency_n20_20260613_003117_redis_feed17_rep1,redis,sb:events:n20:feed17:rep1,224d6601-6768-4908-aa17-df7c0b6dda1b,3895232,0,0.0,15584386500,15873917700,15875869700,1781307107995-0
concurrency_n20_20260613_003117_redis_feed17_rep1,redis,sb:events:n20:feed17:rep1,9790a466-9c56-42aa-96aa-a9ad1a6f8811,3895052,0,0.0,15584386500,15876223700,15877107100,1781307107996-0
concurrency_n20_20260613_003117_redis_feed17_rep1,redis,sb:events:n20:feed17:rep1,fefef503-f3cc-4d41-9b3f-9ddc57b6a93b,3895060,0,0.0,15584386500,15877366700,15878268300,1781307107997-0
concurrency_n20_20260613_003117_redis_feed17_rep1,redis,sb:events:n20:feed17:rep1,d593adb3-8980-46f6-b384-4a91f4ec01ba,3895067,0,0.0,15584386500,15878639700,15879720100,1781307107999-0
concurrency_n20_20260613_003117_redis_feed17_rep1,redis,sb:events:n20:feed17:rep1,3dd463f6-b445-407d-8120-bf6aeab35526,3895074,0,0.0,15584386500,15880320600,15881295100,1781307108000-0
concurrency_n20_20260613_003117_redis_feed17_rep1,redis,sb:events:n20:feed17:rep1,6755b1ac-4f37-4c35-b1ef-181d68375e7d,3895086,0,0.0,15584386500,15881742500,15884325700,1781307108002-0
concurrency_n20_20260613_003117_redis_feed17_rep1,redis,sb:events:n20:feed17:rep1,73376ffb-3f9f-4570-9b3e-c51d44315ef3,3895095,0,0.0,15584386500,15884714600,15889104600,1781307108008-0
concurrency_n20_20260613_003117_redis_feed17_rep1,redis,sb:events:n20:feed17:rep1,b4bd630b-4e82-4f31-8947-17beb238dc5a,3895107,0,0.0,15584386500,15889425700,15890931200,1781307108010-0
concurrency_n20_20260613_003117_redis_feed17_rep1,redis,sb:events:n20:feed17:rep1,a88295ad-33e8-4427-872c-eba006d8a0ef,3895113,0,0.0,15584386500,15891245600,15892302800,1781307108011-0
concurrency_n20_20260613_003117_redis_feed17_rep1,redis,sb:events:n20:feed17:rep1,27cf4ae2-0319-4fc6-9ace-9f960bb0e4e6,3895121,0,0.0,15584386500,15892592900,15893900100,1781307108013-0
concurrency_n20_20260613_003117_redis_feed17_rep1,redis,sb:events:n20:feed17:rep1,4af6d17a-69ad-4bca-aece-f3be76c10138,3895134,0,0.0,15584386500,15894179900,15895072100,1781307108014-0
concurrency_n20_20260613_003117_redis_feed17_rep1,redis,sb:events:n20:feed17:rep1,4ecb7ba2-122b-4bc6-846d-d2e3e2af4165,3895232,0,0.0,15584386500,15895311500,15896269400,1781307108016-0
concurrency_n20_20260613_003117_redis_feed17_rep1,redis,sb:events:n20:feed17:rep1,c6762724-3ad0-4ed1-b232-7f32ac192ec6,3895052,0,0.0,15584386500,15896582600,15897651200,1781307108017-0
concurrency_n20_20260613_003117_redis_feed17_rep1,redis,sb:events:n20:feed17:rep1,2f46ad65-50a4-4834-9bd9-86a61f034234,3895060,0,0.0,15584386500,15897916600,15898651700,1781307108018-0
concurrency_n20_20260613_003117_redis_feed17_rep1,redis,sb:events:n20:feed17:rep1,a40403c7-74d7-45e6-ba91-5ebd6c313d8e,3895067,0,0.0,15584386500,15898928300,15899756900,1781307108019-0
concurrency_n20_20260613_003117_redis_feed17_rep1,redis,sb:events:n20:feed17:rep1,77f9b3e5-e0e4-4032-8228-089aa0dd578b,3895074,0,0.0,15584386500,15900118300,15901423400,1781307108020-0
concurrency_n20_20260613_003117_redis_feed17_rep1,redis,sb:events:n20:feed17:rep1,8b3af8ba-e26c-40b0-8278-c3e4c7a925f8,3895086,0,0.0,15584386500,15901760500,15903359100,1781307108022-0
concurrency_n20_20260613_003117_redis_feed17_rep1,redis,sb:events:n20:feed17:rep1,52a1e2ea-5b27-4cb1-9204-865583191956,3895095,0,0.0,15584386500,15904621400,15916129700,1781307108025-0
concurrency_n20_20260613_003117_redis_feed17_rep1,redis,sb:events:n20:feed17:rep1,6810c39c-8726-412f-b831-62dfec867465,3895107,0,0.0,15584386500,15916606500,15917702400,1781307108037-0
concurrency_n20_20260613_003117_redis_feed17_rep1,redis,sb:events:n20:feed17:rep1,6d6ab3f4-8136-407c-a92f-3f8a6549abdd,3895113,0,0.0,15584386500,15917942100,15918724100,1781307108038-0
concurrency_n20_20260613_003117_redis_feed17_rep1,redis,sb:events:n20:feed17:rep1,92e52894-484a-48de-8051-469ea23d6aaa,3895121,0,0.0,15584386500,15918981300,15919938900,1781307108039-0
concurrency_n20_20260613_003117_redis_feed17_rep1,redis,sb:events:n20:feed17:rep1,a281da9d-e3f4-43f1-ac2e-f46bbd04fed0,3895134,0,0.0,15584386500,15920206000,15921122600,1781307108040-0
concurrency_n20_20260613_003117_redis_feed17_rep1,redis,sb:events:n20:feed17:rep1,94fb7d19-0216-4cc8-9131-fc41d750b44c,3895232,0,0.0,15584386500,15921472900,15922477700,1781307108042-0
concurrency_n20_20260613_003117_redis_feed17_rep1,redis,sb:events:n20:feed17:rep1,ba22283a-c920-448c-804e-3737cccd9fff,3895052,0,0.0,15584386500,15922717000,15923922400,1781307108043-0
concurrency_n20_20260613_003117_redis_feed17_rep1,redis,sb:events:n20:feed17:rep1,3b3a42a2-e2a1-49f8-9b77-5ec638303a06,3895060,0,0.0,15584386500,15924192700,15924894800,1781307108044-0
concurrency_n20_20260613_003117_redis_feed17_rep1,redis,sb:events:n20:feed17:rep1,fae27a68-42f4-44cf-8fc0-8d4126407ae3,3895067,0,0.0,15584386500,15925120900,15926120500,1781307108045-0
concurrency_n20_20260613_003117_redis_feed17_rep1,redis,sb:events:n20:feed17:rep1,e627413d-5de5-402a-9bb3-90c4cd3b65ec,3895074,0,0.0,15584386500,15926376900,15927166100,1781307108046-0
concurrency_n20_20260613_003117_redis_feed17_rep1,redis,sb:events:n20:feed17:rep1,b795eae8-ba56-4343-8662-92a8da669bc5,3895086,0,0.0,15584386500,15927437100,15928571500,1781307108048-0
concurrency_n20_20260613_003117_redis_feed17_rep1,redis,sb:events:n20:feed17:rep1,a7102458-910f-4583-b653-e3165351e124,3895095,0,0.0,15584386500,15928802600,15930032700,1781307108049-0
concurrency_n20_20260613_003117_redis_feed17_rep1,redis,sb:events:n20:feed17:rep1,a549d56e-c626-419f-9244-ad813ec8e559,3895107,0,0.0,15584386500,15930295300,15931116100,1781307108050-0
concurrency_n20_20260613_003117_redis_feed17_rep1,redis,sb:events:n20:feed17:rep1,51a7253e-31ed-49f5-9494-f5ab0d2ee039,3895113,0,0.0,15584386500,15931376300,15932207400,1781307108051-0
concurrency_n20_20260613_003117_redis_feed17_rep1,redis,sb:events:n20:feed17:rep1,d16c061b-99fe-4266-ad73-d7f9c73482b0,3895121,0,0.0,15584386500,15932423600,15933132500,1781307108052-0
concurrency_n20_20260613_003117_redis_feed17_rep1,redis,sb:events:n20:feed17:rep1,6d5e4ad7-9dd8-428b-97f9-5eee0ee14c17,3895134,0,0.0,15584386500,15933464100,15934213600,1781307108053-0
concurrency_n20_20260613_003117_redis_feed17_rep1,redis,sb:events:n20:feed17:rep1,67915205-392c-4f78-8b75-4cf6b88abc1e,3895232,0,0.0,15584386500,15934473200,15935440500,1781307108054-0
concurrency_n20_20260613_003117_redis_feed17_rep1,redis,sb:events:n20:feed17:rep1,9a50295b-7f7a-449c-9ef3-87e60467e8e1,3895052,0,0.0,15584386500,15935793600,15936571600,1781307108056-0
concurrency_n20_20260613_003117_redis_feed17_rep1,redis,sb:events:n20:feed17:rep1,69bdfb9b-ba46-41c8-814a-98f0a43c6501,3895060,0,0.0,15584386500,15936895500,15937744100,1781307108057-0
concurrency_n20_20260613_003117_redis_feed17_rep1,redis,sb:events:n20:feed17:rep1,ad010a23-88fe-43af-8b5c-8cd1772842ac,3895067,0,0.0,15584386500,15937960000,15938769500,1781307108058-0
concurrency_n20_20260613_003117_redis_feed17_rep1,redis,sb:events:n20:feed17:rep1,16252ec8-ab09-4119-bcf6-7fd6524f9128,3895074,0,0.0,15584386500,15939050700,15939740000,1781307108059-0
concurrency_n20_20260613_003117_redis_feed17_rep1,redis,sb:events:n20:feed17:rep1,3aee3cdf-be11-4ee6-b4bb-828cb4edbe36,3895086,0,0.0,15584386500,15939953800,15940644300,1781307108060-0
concurrency_n20_20260613_003117_redis_feed17_rep1,redis,sb:events:n20:feed17:rep1,4a13ba2d-59ad-43d3-b567-6aee81422367,3895095,0,0.0,15584386500,15941112400,15942089300,1781307108061-0
concurrency_n20_20260613_003117_redis_feed17_rep1,redis,sb:events:n20:feed17:rep1,cc3b6a56-e194-4ce6-901d-a4f84177e81b,3895107,0,0.0,15584386500,15942401300,15943474900,1781307108063-0
concurrency_n20_20260613_003117_redis_feed17_rep1,redis,sb:events:n20:feed17:rep1,ac5aac4c-5a0e-44c2-97ca-ec38bdb05917,3895113,0,0.0,15584386500,15943968500,15944915800,1781307108064-0
concurrency_n20_20260613_003117_redis_feed17_rep1,redis,sb:events:n20:feed17:rep1,1cdd596e-bf1f-4096-848a-a2a5db4fd313,3895121,0,0.0,15584386500,15945548800,15946557200,1781307108066-0
concurrency_n20_20260613_003117_redis_feed17_rep1,redis,sb:events:n20:feed17:rep1,1bed9ec9-1af9-4570-a620-8aab3469a6dd,3895134,0,0.0,15584386500,15946956500,15947775200,1781307108067-0
concurrency_n20_20260613_003117_redis_feed17_rep1,redis,sb:events:n20:feed17:rep1,50c22c33-b812-4a3b-9c03-0175309809ed,3895232,0,0.0,15584386500,15948004400,15948912000,1781307108068-0
concurrency_n20_20260613_003117_redis_feed17_rep1,redis,sb:events:n20:feed17:rep1,e03021cc-80c5-4ac6-909e-903dca845ee3,3895107,0,0.0,15584386500,15949281900,15950079500,1781307108069-0
concurrency_n20_20260613_003117_redis_feed17_rep1,redis,sb:events:n20:feed17:rep1,f3dfb8ef-6678-493f-bbce-99f9678b7f75,3895107,0,0.0,15584386500,15950304700,15950997300,1781307108070-0
concurrency_n20_20260613_003117_redis_feed17_rep1,redis,sb:events:n20:feed17:rep1,17c0df03-219a-4603-befe-8cd2f58d6d47,3895052,1,0.0083333333333333,15584455944,15951214700,15952026700,1781307108071-0
concurrency_n20_20260613_003117_redis_feed17_rep1,redis,sb:events:n20:feed17:rep1,b306ec30-5755-4017-861a-670617955a41,3895074,1,0.0083333333333333,15584455944,15952243400,15953319600,1781307108073-0
concurrency_n20_20260613_003117_redis_feed17_rep1,redis,sb:events:n20:feed17:rep1,6c4c62f2-7d95-4094-a714-50c0161ee2e6,3895052,1,0.0083333333333333,15584455944,15953732700,15954628400,1781307108074-0
concurrency_n20_20260613_003117_redis_feed17_rep1,redis,sb:events:n20:feed17:rep1,2b7eff06-8d56-4f2c-bab1-076d4077ed10,3895074,1,0.0083333333333333,15584455944,15954882100,15955881900,1781307108075-0
concurrency_n20_20260613_003117_redis_feed17_rep1,redis,sb:events:n20:feed17:rep1,8d4e66c1-7ddb-4e75-b89f-bdb0592be264,3895107,1,0.0083333333333333,15584455944,15956269600,15957247100,1781307108076-0
concurrency_n20_20260613_003117_redis_feed17_rep1,redis,sb:events:n20:feed17:rep1,ceaa47dd-e3bf-4016-ade0-ed3d54afe971,3895060,2,0.0166666666666666,15584525388,15957563200,15958587800,1781307108078-0
concurrency_n20_20260613_003117_redis_feed17_rep1,redis,sb:events:n20:feed17:rep1,0e2c9eac-6504-4dae-9939-5f2920e7102d,3895067,2,0.0166666666666666,15584525388,15958875600,15959833400,1781307108079-0
concurrency_n20_20260613_003117_redis_feed17_rep1,redis,sb:events:n20:feed17:rep1,40f9b6ab-32ab-47e8-8b92-9b97e90d4c4f,3895086,2,0.0166666666666666,15584525388,15960098900,15960884400,1781307108080-0
concurrency_n20_20260613_003117_redis_feed17_rep1,redis,sb:events:n20:feed17:rep1,f69d0d63-6ad0-41ea-bcec-f1b86b886a83,3895095,2,0.0166666666666666,15584525388,15961290900,15962015700,1781307108081-0
concurrency_n20_20260613_003117_redis_feed17_rep1,redis,sb:events:n20:feed17:rep1,d54cc444-c9f7-4e31-820a-28e0ad5d8ec4,3895113,2,0.0166666666666666,15584525388,15962345500,15963072600,1781307108082-0
concurrency_n20_20260613_003117_redis_feed17_rep1,redis,sb:events:n20:feed17:rep1,f8442e6f-3919-46bc-848a-5f545627cf82,3895121,2,0.0166666666666666,15584525388,15963296100,15963963900,1781307108083-0
concurrency_n20_20260613_003117_redis_feed17_rep1,redis,sb:events:n20:feed17:rep1,50dad646-a7c1-450b-8a63-2e2fd90b3cd1,3895134,2,0.0166666666666666,15584525388,15964212100,15964952900,1781307108084-0
concurrency_n20_20260613_003117_redis_feed17_rep1,redis,sb:events:n20:feed17:rep1,70432a35-52ff-429b-8a11-c47bba8fab19,3895060,2,0.0166666666666666,15584525388,15965192300,15965975500,1781307108085-0
concurrency_n20_20260613_003117_redis_feed17_rep1,redis,sb:events:n20:feed17:rep1,c04183cf-75d8-42b0-91fd-4a026dba10b4,3895067,2,0.0166666666666666,15584525388,15966201200,15967285100,1781307108086-0
concurrency_n20_20260613_003117_redis_feed17_rep1,redis,sb:events:n20:feed17:rep1,55321383-ae1f-407e-8f20-2524fd16d04a,3895086,2,0.0166666666666666,15584525388,15968084300,15969157000,1781307108088-0
concurrency_n20_20260613_003117_redis_feed17_rep1,redis,sb:events:n20:feed17:rep1,285e8e4a-7c84-4ca1-9688-d8b56d623cc2,3895095,2,0.0166666666666666,15584525388,15969618400,15971083400,1781307108090-0
concurrency_n20_20260613_003117_redis_feed17_rep1,redis,sb:events:n20:feed17:rep1,eb3fde27-a34b-42be-b262-d329e138fff2,3895113,2,0.0166666666666666,15584525388,15971419100,15973636900,1781307108092-0
concurrency_n20_20260613_003117_redis_feed17_rep1,redis,sb:events:n20:feed17:rep1,f296523f-5c17-4d25-8371-f7142523a057,3895121,2,0.0166666666666666,15584525388,15974442200,15975280500,1781307108094-0
concurrency_n20_20260613_003117_redis_feed17_rep1,redis,sb:events:n20:feed17:rep1,b293256b-d885-4135-98ca-8ecf12f9e5a6,3895134,2,0.0166666666666666,15584525388,15975630500,15976545700,1781307108096-0
concurrency_n20_20260613_003117_redis_feed17_rep1,redis,sb:events:n20:feed17:rep1,d6b118e9-dee4-4f3a-9046-2a086e85ca6b,3895074,2,0.0166666666666666,15584525388,15977003700,15978121700,1781307108097-0
concurrency_n20_20260613_003117_redis_feed17_rep1,redis,sb:events:n20:feed17:rep1,6acfcb07-7343-4821-aa28-a91f66140043,3895134,2,0.0166666666666666,15584525388,15978364500,15979084800,1781307108098-0
concurrency_n20_20260613_003117_redis_feed17_rep1,redis,sb:events:n20:feed17:rep1,080124d4-8c99-46a5-aaf3-9a935ccd1248,3895107,2,0.0166666666666666,15584525388,15979318200,15980060300,1781307108099-0
concurrency_n20_20260613_003117_redis_feed17_rep1,redis,sb:events:n20:feed17:rep1,f9a9b240-dc0d-49e8-b72a-ec081b4c2bf3,3895107,2,0.0166666666666666,15584525388,16001595600,16003120100,1781307108122-0
concurrency_n20_20260613_003117_redis_feed17_rep1,redis,sb:events:n20:feed17:rep1,e5f7cd6e-b6e9-4538-96f5-380ee1534325,3895107,2,0.0166666666666666,15584525388,16003447600,16004498000,1781307108124-0
concurrency_n20_20260613_003117_redis_feed17_rep1,redis,sb:events:n20:feed17:rep1,13c196fe-41c3-4c6d-b932-ae273d6366ae,3895232,3,3.0,15609386500,16004786800,16006197800,1781307108125-0
concurrency_n20_20260613_003117_redis_feed17_rep1,redis,sb:events:n20:feed17:rep1,52a47a8d-6eaa-44db-8f69-211f4e07e98c,3895232,3,3.0,15609386500,16006567000,16058425100,1781307108177-0
concurrency_n20_20260613_003117_redis_feed17_rep1,redis,sb:events:n20:feed17:rep1,15bf07b2-c5b7-4074-8693-1d9e4a5b7153,3895052,3,0.025,15584594833,16058776000,16059765700,1781307108179-0
concurrency_n20_20260613_003117_redis_feed17_rep1,redis,sb:events:n20:feed17:rep1,748f1afc-2300-4252-bc9b-f161b5e7c6ef,3895060,3,0.025,15584594833,16060037700,16061352000,1781307108180-0
concurrency_n20_20260613_003117_redis_feed17_rep1,redis,sb:events:n20:feed17:rep1,28f3d343-a6db-4854-bae5-f3390857e90c,3895086,3,0.025,15584594833,16061819700,16062736500,1781307108182-0
concurrency_n20_20260613_003117_redis_feed17_rep1,redis,sb:events:n20:feed17:rep1,494d25f1-83d3-4375-aa5c-29dfd26dfebd,3895095,3,0.025,15584594833,16063187900,16064173300,1781307108183-0
concurrency_n20_20260613_003117_redis_feed17_rep1,redis,sb:events:n20:feed17:rep1,c5fa6ce0-df8d-42a2-8bdd-601d167d5ec1,3895121,3,0.025,15584594833,16064411300,16065090300,1781307108184-0
concurrency_n20_20260613_003117_redis_feed17_rep1,redis,sb:events:n20:feed17:rep1,3c689040-9b59-4fad-8456-48b2ec8a2058,3895052,3,0.025,15584594833,16065345100,16066475900,1781307108185-0
concurrency_n20_20260613_003117_redis_feed17_rep1,redis,sb:events:n20:feed17:rep1,c5dd24ba-9256-48e3-b852-121bc71914e3,3895107,3,0.025,15584594833,16066798800,16067950600,1781307108187-0
concurrency_n20_20260613_003117_redis_feed17_rep1,redis,sb:events:n20:feed17:rep1,3114849f-6506-405c-bb4d-71ba30905d5e,3895107,3,0.025,15584594833,16068223300,16069178400,1781307108188-0
concurrency_n20_20260613_003117_redis_feed17_rep1,redis,sb:events:n20:feed17:rep1,042f1fd2-3cd4-439a-97c4-9275f435f098,3895113,4,0.0333333333333333,15584664277,16069443500,16070177000,1781307108189-0
concurrency_n20_20260613_003117_redis_feed17_rep1,redis,sb:events:n20:feed17:rep1,e59874f7-65e7-45bd-8922-c4e916dffea7,3895232,4,4.0,15617719833,16070418200,16071172700,1781307108190-0
concurrency_n20_20260613_003117_redis_feed17_rep1,redis,sb:events:n20:feed17:rep1,4f14f36d-c3c1-45d5-9c94-a65f9489d40f,3895074,4,0.0333333333333333,15584664277,16071602300,16072558800,1781307108192-0
concurrency_n20_20260613_003117_redis_feed17_rep1,redis,sb:events:n20:feed17:rep1,980abd18-b5d2-49cd-b110-7f534fd23dfc,3895095,4,0.0333333333333333,15584664277,16072806300,16074427000,1781307108193-0
concurrency_n20_20260613_003117_redis_feed17_rep1,redis,sb:events:n20:feed17:rep1,0195cc34-10dc-41e9-ada9-e853f9c16f02,3895134,4,0.0333333333333333,15584664277,16074775300,16076035900,1781307108195-0
concurrency_n20_20260613_003117_redis_feed17_rep1,redis,sb:events:n20:feed17:rep1,88661240-834a-430d-8629-b37b64dbcddc,3895052,4,0.0333333333333333,15584664277,16076483800,16077870100,1781307108197-0
concurrency_n20_20260613_003117_redis_feed17_rep1,redis,sb:events:n20:feed17:rep1,2256b8d2-0b23-4080-9849-1553d0135c73,3895074,4,0.0333333333333333,15584664277,16078148900,16079107000,1781307108198-0
concurrency_n20_20260613_003117_redis_feed17_rep1,redis,sb:events:n20:feed17:rep1,df085776-1a71-4f2d-9b9a-d385914ac874,3895095,4,0.0333333333333333,15584664277,16079553700,16080340600,1781307108200-0
concurrency_n20_20260613_003117_redis_feed17_rep1,redis,sb:events:n20:feed17:rep1,5342ea84-0732-454a-9551-8bc9fbe70d05,3895134,4,0.0333333333333333,15584664277,16080662900,16081640700,1781307108201-0
concurrency_n20_20260613_003117_redis_feed17_rep1,redis,sb:events:n20:feed17:rep1,b8c2ef59-5a72-4382-8d37-ef532f1ba623,3895107,4,0.0333333333333333,15584664277,16081964700,16082932300,1781307108202-0
concurrency_n20_20260613_003117_redis_feed17_rep1,redis,sb:events:n20:feed17:rep1,aabb516d-6ede-4543-9394-967c0499af8a,3895067,5,0.0416666666666666,15584733722,16083203300,16084064600,1781307108203-0
concurrency_n20_20260613_003117_redis_feed17_rep1,redis,sb:events:n20:feed17:rep1,c93d7723-7a1c-4be8-97e1-0babb1be6f11,3895113,5,0.0416666666666666,15584733722,16084324200,16085369800,1781307108205-0
concurrency_n20_20260613_003117_redis_feed17_rep1,redis,sb:events:n20:feed17:rep1,af3974ac-6705-4559-bf03-383e6c11415f,3895232,5,5.0,15626053166,16085976400,16087200000,1781307108206-0
concurrency_n20_20260613_003117_redis_feed17_rep1,redis,sb:events:n20:feed17:rep1,3cb0c74e-75be-431c-917f-011efc184fdb,3895113,5,0.0416666666666666,15584733722,16087547500,16088975800,1781307108208-0
concurrency_n20_20260613_003117_redis_feed17_rep1,redis,sb:events:n20:feed17:rep1,3d52c020-9bad-49c3-8ae7-05c40e223268,3895113,5,0.0416666666666666,15584733722,16089335800,16090768000,1781307108209-0
concurrency_n20_20260613_003117_redis_feed17_rep1,redis,sb:events:n20:feed17:rep1,c744951c-c660-4c83-8083-049bf85c8cbd,3895060,6,0.05,15584803166,16092036900,16092943200,1781307108212-0
concurrency_n20_20260613_003117_redis_feed17_rep1,redis,sb:events:n20:feed17:rep1,39ec53e3-9bd4-4411-814d-6e1ede254aac,3895086,6,0.05,15584803166,16093230400,16095106100,1781307108214-0
concurrency_n20_20260613_003117_redis_feed17_rep1,redis,sb:events:n20:feed17:rep1,33fdf203-b847-4fa5-9021-5f1875717796,3895060,6,0.05,15584803166,16095710300,16096555200,1781307108216-0
concurrency_n20_20260613_003117_redis_feed17_rep1,redis,sb:events:n20:feed17:rep1,98e575e4-0886-40e5-96a8-9c9f857ebcc1,3895052,6,0.05,15584803166,16096813300,16097591700,1781307108217-0
concurrency_n20_20260613_003117_redis_feed17_rep1,redis,sb:events:n20:feed17:rep1,d4683bb7-cdad-4a7d-9851-743212fba939,3895074,6,0.05,15584803166,16097874000,16098726800,1781307108218-0
concurrency_n20_20260613_003117_redis_feed17_rep1,redis,sb:events:n20:feed17:rep1,f019df08-0da5-48d9-a838-1da35f369c3c,3895052,6,0.05,15584803166,16099257200,16101364600,1781307108220-0
concurrency_n20_20260613_003117_redis_feed17_rep1,redis,sb:events:n20:feed17:rep1,e8a7f299-6faa-4914-bcdf-2e44131ed85c,3895107,6,0.05,15584803166,16101717500,16103262800,1781307108222-0
concurrency_n20_20260613_003117_redis_feed17_rep1,redis,sb:events:n20:feed17:rep1,7ddab21c-8faf-4fbc-a290-a2cdb40b7df7,3895107,6,0.05,15584803166,16103648100,16104873800,1781307108224-0
concurrency_n20_20260613_003117_redis_feed17_rep1,redis,sb:events:n20:feed17:rep1,d6006eb1-3ef6-4955-a47a-7b2b9192b522,3895121,7,0.0583333333333333,15584872611,16105248600,16106741300,1781307108226-0
concurrency_n20_20260613_003117_redis_feed17_rep1,redis,sb:events:n20:feed17:rep1,d87f4aa7-4a9b-4319-8dd9-c5426dc81e34,3895121,7,0.0583333333333333,15584872611,16107123900,16108087800,1781307108227-0
concurrency_n20_20260613_003117_redis_feed17_rep1,redis,sb:events:n20:feed17:rep1,a88a8b7b-dab2-4a21-a85b-580af51a83d1,3895095,7,0.0583333333333333,15584872611,16108361400,16109259100,1781307108229-0
concurrency_n20_20260613_003117_redis_feed17_rep1,redis,sb:events:n20:feed17:rep1,a0313cd5-9822-48bf-8ca6-3c92789a7474,3895121,7,0.0583333333333333,15584872611,16109501300,16110264400,1781307108229-1
concurrency_n20_20260613_003117_redis_feed17_rep1,redis,sb:events:n20:feed17:rep1,39fe9846-f889-4790-956c-d8df633e77d5,3895074,7,0.0583333333333333,15584872611,16110602400,16111553600,1781307108231-0
concurrency_n20_20260613_003117_redis_feed17_rep1,redis,sb:events:n20:feed17:rep1,ff2841c0-d955-494b-a7a9-ac8bbb82ad73,3895113,7,0.0583333333333333,15584872611,16111883800,16112987000,1781307108232-0
concurrency_n20_20260613_003117_redis_feed17_rep1,redis,sb:events:n20:feed17:rep1,5550d825-5f3b-41f6-bba0-d4cf66c1438e,3895074,7,0.0583333333333333,15584872611,16113374700,16114411300,1781307108233-0
concurrency_n20_20260613_003117_redis_feed17_rep1,redis,sb:events:n20:feed17:rep1,5af66cb7-f6a6-47cb-a57d-696dcdbe6716,3895113,7,0.0583333333333333,15584872611,16114703400,16115983400,1781307108235-0
concurrency_n20_20260613_003117_redis_feed17_rep1,redis,sb:events:n20:feed17:rep1,e8aa6b61-931b-4bf8-b329-cb66ffbd4313,3895074,7,0.0583333333333333,15584872611,16116504400,16117533700,1781307108237-0
concurrency_n20_20260613_003117_redis_feed17_rep1,redis,sb:events:n20:feed17:rep1,45ee08ea-fdab-4a8e-8114-f0dec4a5e815,3895113,7,0.0583333333333333,15584872611,16117899200,16118752800,1781307108238-0
concurrency_n20_20260613_003117_redis_feed17_rep1,redis,sb:events:n20:feed17:rep1,b2d11f7f-8c0d-4533-b2a3-843e981238ad,3895067,8,0.0666666666666666,15584942055,16119043900,16119922500,1781307108239-0
concurrency_n20_20260613_003117_redis_feed17_rep1,redis,sb:events:n20:feed17:rep1,320e0bbb-8e37-429c-aa29-d58d9ae85075,3895067,8,0.0666666666666666,15584942055,16120434200,16122704300,1781307108240-0
concurrency_n20_20260613_003117_redis_feed17_rep1,redis,sb:events:n20:feed17:rep1,1e83a8d2-f6c6-4672-8156-713b711f17ab,3895232,8,8.0,15651053166,16123016700,16123901900,1781307108243-0
concurrency_n20_20260613_003117_redis_feed17_rep1,redis,sb:events:n20:feed17:rep1,1739877d-1a9a-45a1-a72d-189cd19ce825,3895060,8,0.0666666666666666,15584942055,16124320600,16125502300,1781307108244-0
concurrency_n20_20260613_003117_redis_feed17_rep1,redis,sb:events:n20:feed17:rep1,f77e9768-d08f-434c-9859-735cecca89a9,3895232,8,8.0,15651053166,16125780200,16126730300,1781307108246-0
concurrency_n20_20260613_003117_redis_feed17_rep1,redis,sb:events:n20:feed17:rep1,2da5d3ff-deec-4d16-b866-8a7d1fbb93e9,3895060,8,0.0666666666666666,15584942055,16128462500,16152162100,1781307108271-0
concurrency_n20_20260613_003117_redis_feed17_rep1,redis,sb:events:n20:feed17:rep1,71c80fb5-ad88-4f1a-a7d4-fd63ed429bcd,3895095,8,0.0666666666666666,15584942055,16152494500,16155756800,1781307108273-0
concurrency_n20_20260613_003117_redis_feed17_rep1,redis,sb:events:n20:feed17:rep1,d8ec2ac3-0202-455a-8a5d-255e1e4cc473,3895121,8,0.0666666666666666,15584942055,16156237200,16157816900,1781307108277-0
concurrency_n20_20260613_003117_redis_feed17_rep1,redis,sb:events:n20:feed17:rep1,1d75ee1b-f1e8-43ab-a31d-cc0805acd5e2,3895052,8,0.0666666666666666,15584942055,16158200300,16159220100,1781307108278-0
concurrency_n20_20260613_003117_redis_feed17_rep1,redis,sb:events:n20:feed17:rep1,cc3655de-3632-4a2c-8a22-d670144485db,3895095,8,0.0666666666666666,15584942055,16159656300,16160957300,1781307108280-0
concurrency_n20_20260613_003117_redis_feed17_rep1,redis,sb:events:n20:feed17:rep1,38932aa9-ad68-4202-bc2b-cca968001831,3895113,8,0.0666666666666666,15584942055,16161328300,16162226000,1781307108281-0
concurrency_n20_20260613_003117_redis_feed17_rep1,redis,sb:events:n20:feed17:rep1,5ff692af-8337-40bf-bf94-3357c44a9765,3895113,8,0.0666666666666666,15584942055,16162523900,16163435700,1781307108283-0
concurrency_n20_20260613_003117_redis_feed17_rep1,redis,sb:events:n20:feed17:rep1,dd059ddd-697b-4957-a691-f20eec306ea5,3895121,9,0.075,15585011500,16163759800,16164522500,1781307108284-0
concurrency_n20_20260613_003117_redis_feed17_rep1,redis,sb:events:n20:feed17:rep1,8f1fbe41-034b-43eb-9585-edbb0aadb7ba,3895052,9,0.075,15585011500,16164840200,16165647000,1781307108285-0
concurrency_n20_20260613_003117_redis_feed17_rep1,redis,sb:events:n20:feed17:rep1,99c1964f-2b9c-4442-b485-f7e6ce554c84,3895095,9,0.075,15585011500,16165901800,16167343000,1781307108286-0
concurrency_n20_20260613_003117_redis_feed17_rep1,redis,sb:events:n20:feed17:rep1,629bf2a1-ed9d-4d49-a2d8-cfd7a59e6e3e,3895121,9,0.075,15585011500,16168360900,16170133300,1781307108289-0
concurrency_n20_20260613_003117_redis_feed17_rep1,redis,sb:events:n20:feed17:rep1,4127d02c-6da9-47dc-b26f-40da7d121a92,3895052,9,0.075,15585011500,16170523100,16171675900,1781307108291-0
concurrency_n20_20260613_003117_redis_feed17_rep1,redis,sb:events:n20:feed17:rep1,9d075ad4-9f9f-4e6f-a093-5919a1a920b3,3895074,9,0.075,15585011500,16171927400,16172733900,1781307108292-0
concurrency_n20_20260613_003117_redis_feed17_rep1,redis,sb:events:n20:feed17:rep1,0427f1ec-ddae-4698-ab55-cc0403e01b74,3895095,9,0.075,15585011500,16173048900,16174053500,1781307108293-0
concurrency_n20_20260613_003117_redis_feed17_rep1,redis,sb:events:n20:feed17:rep1,43c3670a-83aa-427e-b4db-68d69ea6f60a,3895074,9,0.075,15585011500,16174342500,16188396200,1781307108307-0
concurrency_n20_20260613_003117_redis_feed17_rep1,redis,sb:events:n20:feed17:rep1,31528025-7c8a-4a3c-abf4-a6b496204f3f,3895074,9,0.075,15585011500,16188722000,16189972300,1781307108309-0
concurrency_n20_20260613_003117_redis_feed17_rep1,redis,sb:events:n20:feed17:rep1,08b17ce3-0fb5-45ee-b37f-1dff007b694a,3895067,10,0.0833333333333333,15585080944,16190926400,16191909400,1781307108311-0
concurrency_n20_20260613_003117_redis_feed17_rep1,redis,sb:events:n20:feed17:rep1,174d1bd5-23b1-403b-b417-fc59eab9339c,3895134,10,0.0833333333333333,15585080944,16192190700,16193298800,1781307108312-0
concurrency_n20_20260613_003117_redis_feed17_rep1,redis,sb:events:n20:feed17:rep1,7cba4468-f2eb-4352-94e8-2474e078f085,3895067,10,0.0833333333333333,15585080944,16194998100,16196194800,1781307108315-0
concurrency_n20_20260613_003117_redis_feed17_rep1,redis,sb:events:n20:feed17:rep1,7604592e-b68b-4f0b-a7ff-eca7a0e2440b,3895134,10,0.0833333333333333,15585080944,16196514400,16197417200,1781307108317-0
concurrency_n20_20260613_003117_redis_feed17_rep1,redis,sb:events:n20:feed17:rep1,abca18c7-40c4-4006-8f40-f91f94461503,3895232,10,10.0,15667719833,16197724900,16206791400,1781307108326-0
concurrency_n20_20260613_003117_redis_feed17_rep1,redis,sb:events:n20:feed17:rep1,ed38d77f-8234-4921-88d2-52ae89331fc2,3895060,10,0.0833333333333333,15585080944,16207263400,16212072300,1781307108331-0
concurrency_n20_20260613_003117_redis_feed17_rep1,redis,sb:events:n20:feed17:rep1,3a82e4ae-0527-4391-a6c1-23c5e4ace661,3895067,10,0.0833333333333333,15585080944,16212410100,16214233100,1781307108333-0
concurrency_n20_20260613_003117_redis_feed17_rep1,redis,sb:events:n20:feed17:rep1,55773380-38a7-49a4-b73a-a688f19444c1,3895134,10,0.0833333333333333,15585080944,16214572800,16216600200,1781307108335-0
concurrency_n20_20260613_003117_redis_feed17_rep1,redis,sb:events:n20:feed17:rep1,d6c082fc-5a3b-42ba-afb4-109e05cd82df,3895232,10,10.0,15667719833,16216894300,16217781600,1781307108337-0
concurrency_n20_20260613_003117_redis_feed17_rep1,redis,sb:events:n20:feed17:rep1,7aa7a387-f694-48d3-9239-56af7324dae2,3895060,10,0.0833333333333333,15585080944,16218095200,16222900500,1781307108342-0
concurrency_n20_20260613_003117_redis_feed17_rep1,redis,sb:events:n20:feed17:rep1,74e102e0-b7bc-4d69-a21b-fe814eb02b6e,3895134,10,0.0833333333333333,15585080944,16223432000,16225027200,1781307108344-0
concurrency_n20_20260613_003117_redis_feed17_rep1,redis,sb:events:n20:feed17:rep1,1c3bcaf1-c6c8-49f6-a59e-93c47419b86b,3895232,10,10.0,15667719833,16225317500,16226318400,1781307108346-0
concurrency_n20_20260613_003117_redis_feed17_rep1,redis,sb:events:n20:feed17:rep1,2fdcfc97-4f53-46be-ae4a-a5b67c508cf9,3895121,10,0.0833333333333333,15585080944,16226662000,16227631000,1781307108347-0
concurrency_n20_20260613_003117_redis_feed17_rep1,redis,sb:events:n20:feed17:rep1,897c5f7a-b611-400d-a4bd-546cbba4e897,3895134,10,0.0833333333333333,15585080944,16227890500,16228669100,1781307108348-0
concurrency_n20_20260613_003117_redis_feed17_rep1,redis,sb:events:n20:feed17:rep1,78d9fe97-33c1-458d-a5ea-e4f76eb8fb58,3895232,10,10.0,15667719833,16228903500,16229764500,1781307108349-0
concurrency_n20_20260613_003117_redis_feed17_rep1,redis,sb:events:n20:feed17:rep1,fac6763f-5f80-4b02-94e3-799bd452abc8,3895113,10,0.0833333333333333,15585080944,16230009400,16230650300,1781307108350-0
concurrency_n20_20260613_003117_redis_feed17_rep1,redis,sb:events:n20:feed17:rep1,d5a131da-001e-451d-94a2-16c8fddf1ae0,3895086,11,0.0916666666666666,15585150388,16231315200,16232242000,1781307108351-0
concurrency_n20_20260613_003117_redis_feed17_rep1,redis,sb:events:n20:feed17:rep1,43134fef-e6aa-4650-9198-9da79f955c83,3895067,11,0.0916666666666666,15585150388,16232478300,16233224800,1781307108352-0
concurrency_n20_20260613_003117_redis_feed17_rep1,redis,sb:events:n20:feed17:rep1,b767f8cf-4d2d-45c2-befd-2acd1c356621,3895060,11,0.0916666666666666,15585150388,16233464300,16236294400,1781307108354-0
concurrency_n20_20260613_003117_redis_feed17_rep1,redis,sb:events:n20:feed17:rep1,e62a0339-6478-4758-9dda-9c3a672cda2b,3895067,11,0.0916666666666666,15585150388,16237621300,16238853600,1781307108358-0
concurrency_n20_20260613_003117_redis_feed17_rep1,redis,sb:events:n20:feed17:rep1,6fcdcd6a-f032-47d6-8ab5-40021f4c097d,3895095,11,0.0916666666666666,15585150388,16239181100,16240128500,1781307108359-0
concurrency_n20_20260613_003117_redis_feed17_rep1,redis,sb:events:n20:feed17:rep1,b2a1e34b-f362-4be7-abc3-7d5015d54850,3895121,11,0.0916666666666666,15585150388,16240341800,16241486400,1781307108361-0
concurrency_n20_20260613_003117_redis_feed17_rep1,redis,sb:events:n20:feed17:rep1,635f9e3a-22a3-4328-aa0d-299e2244750f,3895134,11,0.0916666666666666,15585150388,16242095000,16242997700,1781307108362-0
concurrency_n20_20260613_003117_redis_feed17_rep1,redis,sb:events:n20:feed17:rep1,523c9836-c56d-469f-a9b2-b2cccef6dab7,3895095,11,0.0916666666666666,15585150388,16243415400,16244298100,1781307108364-0
concurrency_n20_20260613_003117_redis_feed17_rep1,redis,sb:events:n20:feed17:rep1,480e7b02-6900-48ff-a092-84edfe968c1e,3895121,11,0.0916666666666666,15585150388,16244594100,16245682000,1781307108365-0
concurrency_n20_20260613_003117_redis_feed17_rep1,redis,sb:events:n20:feed17:rep1,177cc6d8-cc4d-4509-9a20-021f81a25de5,3895134,11,0.0916666666666666,15585150388,16245911800,16246725700,1781307108366-0
concurrency_n20_20260613_003117_redis_feed17_rep1,redis,sb:events:n20:feed17:rep1,7962ad90-9dc3-435e-b10a-9bbfa62c5d21,3895074,11,0.0916666666666666,15585150388,16247124200,16248117900,1781307108367-0
concurrency_n20_20260613_003117_redis_feed17_rep1,redis,sb:events:n20:feed17:rep1,429856a9-3da6-4b26-b2c7-bffd25ab0c19,3895113,11,0.0916666666666666,15585150388,16248464700,16249715800,1781307108369-0
concurrency_n20_20260613_003117_redis_feed17_rep1,redis,sb:events:n20:feed17:rep1,7913f543-9fcd-488e-84d6-8a14f0455694,3895074,11,0.0916666666666666,15585150388,16250114700,16251299000,1781307108370-0
concurrency_n20_20260613_003117_redis_feed17_rep1,redis,sb:events:n20:feed17:rep1,8847c801-2b00-4bf3-9bb8-88f92ab95fa1,3895074,11,0.0916666666666666,15585150388,16251633000,16252442800,1781307108372-0
concurrency_n20_20260613_003117_redis_feed17_rep1,redis,sb:events:n20:feed17:rep1,5b924c30-ccff-4008-a917-fda9ba37cba4,3895074,11,0.0916666666666666,15585150388,16252734400,16254025800,1781307108373-0
concurrency_n20_20260613_003117_redis_feed17_rep1,redis,sb:events:n20:feed17:rep1,1e2eb1e6-7441-4fcb-b532-b7e4ff107657,3895086,12,0.1,15585219833,16254252500,16255109700,1781307108374-0
concurrency_n20_20260613_003117_redis_feed17_rep1,redis,sb:events:n20:feed17:rep1,a03fa6b0-0944-4d90-9881-9d2b47418d86,3895086,12,0.1,15585219833,16255483200,16256251300,1781307108376-0
concurrency_n20_20260613_003117_redis_feed17_rep1,redis,sb:events:n20:feed17:rep1,e7281523-4786-460c-a9a4-c25b2828a783,3895086,12,0.1,15585219833,16256535400,16257326300,1781307108377-0
concurrency_n20_20260613_003117_redis_feed17_rep1,redis,sb:events:n20:feed17:rep1,585a8685-12a2-418f-91a6-4d2a02ad8430,3895052,12,0.1,15585219833,16257560600,16258720600,1781307108378-0
concurrency_n20_20260613_003117_redis_feed17_rep1,redis,sb:events:n20:feed17:rep1,316981db-6e7f-44a0-999e-b56d5da36fd6,3895060,12,0.1,15585219833,16258983400,16259833900,1781307108379-0
concurrency_n20_20260613_003117_redis_feed17_rep1,redis,sb:events:n20:feed17:rep1,86c3a258-b8ca-4ec4-955d-05e4a45f4053,3895067,12,0.1,15585219833,16260698700,16262428900,1781307108382-0
concurrency_n20_20260613_003117_redis_feed17_rep1,redis,sb:events:n20:feed17:rep1,e7b35a27-1240-4696-9680-00347a4fd4ab,3895067,12,0.1,15585219833,16262783800,16263616900,1781307108383-0
concurrency_n20_20260613_003117_redis_feed17_rep1,redis,sb:events:n20:feed17:rep1,66cebf02-2ea6-4c35-a551-862b09130220,3895107,12,0.1,15585219833,16263919100,16264756600,1781307108384-0
concurrency_n20_20260613_003117_redis_feed17_rep1,redis,sb:events:n20:feed17:rep1,817e0fb2-07b1-470b-9ad7-0bba4767e247,3895095,12,0.1,15585219833,16265015500,16265934400,1781307108385-0
concurrency_n20_20260613_003117_redis_feed17_rep1,redis,sb:events:n20:feed17:rep1,5bdb34eb-55f0-4afa-b200-3172dc49c743,3895121,12,0.1,15585219833,16266251900,16267229900,1781307108386-0
concurrency_n20_20260613_003117_redis_feed17_rep1,redis,sb:events:n20:feed17:rep1,01867a27-4aa7-42ac-ab96-6d7f49d8dcb8,3895134,12,0.1,15585219833,16267561000,16268257100,1781307108388-0
concurrency_n20_20260613_003117_redis_feed17_rep1,redis,sb:events:n20:feed17:rep1,ba2de37d-ee65-4feb-a5ea-b54fc0236494,3895113,12,0.1,15585219833,16268563500,16269327500,1781307108389-0
concurrency_n20_20260613_003117_redis_feed17_rep1,redis,sb:events:n20:feed17:rep1,c55ee278-e7d5-4f2f-aaf9-1d7e71c7ee6f,3895134,12,0.1,15585219833,16269566900,16270346700,1781307108390-0
concurrency_n20_20260613_003117_redis_feed17_rep1,redis,sb:events:n20:feed17:rep1,51fb02b5-26e7-43ac-8165-4ca01a5c46d6,3895113,12,0.1,15585219833,16270581100,16271235300,1781307108391-0
concurrency_n20_20260613_003117_redis_feed17_rep1,redis,sb:events:n20:feed17:rep1,da7c4c87-47cc-43e4-abc7-ed5153ccd953,3895086,13,0.1083333333333333,15585289277,16271516200,16272246400,1781307108392-0
concurrency_n20_20260613_003117_redis_feed17_rep1,redis,sb:events:n20:feed17:rep1,2d158032-d266-417c-b308-7988ff8c3ffc,3895086,13,0.1083333333333333,15585289277,16272508300,16273371800,1781307108393-0
concurrency_n20_20260613_003117_redis_feed17_rep1,redis,sb:events:n20:feed17:rep1,2ce93214-095d-481c-9446-cac4e367133f,3895232,13,13.0,15692719833,16275816100,16277526600,1781307108396-0
concurrency_n20_20260613_003117_redis_feed17_rep1,redis,sb:events:n20:feed17:rep1,54f1c83c-f7c4-4413-8a2a-69aaac9bec05,3895052,13,0.1083333333333333,15585289277,16277895500,16278778200,1781307108398-0
concurrency_n20_20260613_003117_redis_feed17_rep1,redis,sb:events:n20:feed17:rep1,4c6fb264-6641-4514-9dfb-96a0f17f3899,3895060,13,0.1083333333333333,15585289277,16279000700,16279982900,1781307108399-0
concurrency_n20_20260613_003117_redis_feed17_rep1,redis,sb:events:n20:feed17:rep1,50fa5c47-ce69-41d3-bf4a-29b4f86d02fd,3895052,13,0.1083333333333333,15585289277,16280321500,16281196400,1781307108400-0
concurrency_n20_20260613_003117_redis_feed17_rep1,redis,sb:events:n20:feed17:rep1,fe1233fa-d40a-4e0c-8b0d-55809b7d774b,3895060,13,0.1083333333333333,15585289277,16281424300,16282079400,1781307108401-0
concurrency_n20_20260613_003117_redis_feed17_rep1,redis,sb:events:n20:feed17:rep1,e295f3e0-e0cc-4adc-91fa-062599b27d25,3895107,13,0.1083333333333333,15585289277,16282298500,16283042200,1781307108402-0
concurrency_n20_20260613_003117_redis_feed17_rep1,redis,sb:events:n20:feed17:rep1,d79cf0c7-e0cd-4718-a96e-2b06b1cb0bed,3895107,13,0.1083333333333333,15585289277,16283583500,16284549800,1781307108404-0
concurrency_n20_20260613_003117_redis_feed17_rep1,redis,sb:events:n20:feed17:rep1,d46689a3-08bd-4188-bc0d-6a6bace1f531,3895086,14,0.1166666666666666,15585358722,16284790600,16285593900,1781307108405-0
concurrency_n20_20260613_003117_redis_feed17_rep1,redis,sb:events:n20:feed17:rep1,93753357-15d4-4424-9899-669adf6f34ea,3895052,14,0.1166666666666666,15585358722,16285846500,16286574100,1781307108406-0
concurrency_n20_20260613_003117_redis_feed17_rep1,redis,sb:events:n20:feed17:rep1,1615450f-4d55-4fef-91d6-ab9f981c6185,3895095,14,0.1166666666666666,15585358722,16286843100,16287856800,1781307108407-0
concurrency_n20_20260613_003117_redis_feed17_rep1,redis,sb:events:n20:feed17:rep1,9dcf795d-a1b5-4b33-b421-af35da8f1708,3895095,14,0.1166666666666666,15585358722,16288339000,16289320700,1781307108409-0
concurrency_n20_20260613_003117_redis_feed17_rep1,redis,sb:events:n20:feed17:rep1,bd76ea17-62ca-436b-b60f-ebbce8df5a58,3895074,14,0.1166666666666666,15585358722,16289733800,16290939300,1781307108410-0
concurrency_n20_20260613_003117_redis_feed17_rep1,redis,sb:events:n20:feed17:rep1,d0309ed5-a714-4866-9594-2806ec7f3053,3895074,14,0.1166666666666666,15585358722,16291239000,16292090200,1781307108411-0
concurrency_n20_20260613_003117_redis_feed17_rep1,redis,sb:events:n20:feed17:rep1,59d5f7d4-b2c8-4777-ad5d-f682a5be2482,3895074,14,0.1166666666666666,15585358722,16292467900,16293378100,1781307108413-0
concurrency_n20_20260613_003117_redis_feed17_rep1,redis,sb:events:n20:feed17:rep1,df7d499c-c9b5-46bc-b338-408069cb1d36,3895232,15,15.0,15709386500,16293613200,16294464100,1781307108414-0
concurrency_n20_20260613_003117_redis_feed17_rep1,redis,sb:events:n20:feed17:rep1,7b8d5bb4-4ed6-4983-806a-c8ca1feeef81,3895121,15,0.125,15585428166,16294702600,16295626600,1781307108415-0
concurrency_n20_20260613_003117_redis_feed17_rep1,redis,sb:events:n20:feed17:rep1,bf8ecf65-adbc-42d1-99f7-c48a6ef2ec06,3895052,15,0.125,15585428166,16295886400,16296874900,1781307108416-0
concurrency_n20_20260613_003117_redis_feed17_rep1,redis,sb:events:n20:feed17:rep1,8d671e50-4b4d-4fcc-be94-351d53828756,3895107,15,0.125,15585428166,16297561500,16298389000,1781307108418-0
concurrency_n20_20260613_003117_redis_feed17_rep1,redis,sb:events:n20:feed17:rep1,4cf23b83-c0d3-4df1-bdef-c5caded9cc07,3895121,15,0.125,15585428166,16298618700,16299346100,1781307108419-0
concurrency_n20_20260613_003117_redis_feed17_rep1,redis,sb:events:n20:feed17:rep1,67f9bdbc-8feb-49b2-b7fe-705375aac0db,3895052,15,0.125,15585428166,16299660400,16301182900,1781307108420-0
concurrency_n20_20260613_003117_redis_feed17_rep1,redis,sb:events:n20:feed17:rep1,5891ef4b-5571-4b46-961f-60fcb3d5029b,3895095,15,0.125,15585428166,16301499700,16302408400,1781307108422-0
concurrency_n20_20260613_003117_redis_feed17_rep1,redis,sb:events:n20:feed17:rep1,a6fdb7f7-8cbe-4f00-a6bc-68733f24f18c,3895121,15,0.125,15585428166,16302785300,16303736600,1781307108423-0
concurrency_n20_20260613_003117_redis_feed17_rep1,redis,sb:events:n20:feed17:rep1,0ae08622-c5d6-4f51-ac0a-85c965101887,3895095,15,0.125,15585428166,16304090100,16305217900,1781307108424-0
concurrency_n20_20260613_003117_redis_feed17_rep1,redis,sb:events:n20:feed17:rep1,ef295cce-1fe6-4cea-b8a6-73894fc3479f,3895232,16,16.0,15717719833,16305822000,16306960400,1781307108426-0
concurrency_n20_20260613_003117_redis_feed17_rep1,redis,sb:events:n20:feed17:rep1,191a020b-821a-4e22-8cb5-4118aa8fe854,3895232,16,16.0,15717719833,16307341100,16309150400,1781307108428-0
concurrency_n20_20260613_003117_redis_feed17_rep1,redis,sb:events:n20:feed17:rep1,b2aa3ef3-18c5-47bb-8d2b-ae0489efea39,3895134,16,0.1333333333333333,15585497611,16309497600,16310411900,1781307108430-0
concurrency_n20_20260613_003117_redis_feed17_rep1,redis,sb:events:n20:feed17:rep1,751e5d52-98e9-4de0-bfa2-82a77a5ec5c2,3895232,16,16.0,15717719833,16310852400,16312114300,1781307108431-0
concurrency_n20_20260613_003117_redis_feed17_rep1,redis,sb:events:n20:feed17:rep1,923309c9-3dcf-4141-a48f-e3208bd1f952,3895113,16,0.1333333333333333,15585497611,16312393500,16313262700,1781307108433-0
concurrency_n20_20260613_003117_redis_feed17_rep1,redis,sb:events:n20:feed17:rep1,e8f5cb79-b270-408d-8a30-991d50c8bccd,3895095,16,0.1333333333333333,15585497611,16313520700,16315573200,1781307108435-0
concurrency_n20_20260613_003117_redis_feed17_rep1,redis,sb:events:n20:feed17:rep1,740e3759-e2fa-4c08-bb5e-ac9ff7760fce,3895074,16,0.1333333333333333,15585497611,16316095300,16317387100,1781307108436-0
concurrency_n20_20260613_003117_redis_feed17_rep1,redis,sb:events:n20:feed17:rep1,3f1b90e5-46c3-4832-b386-a774f9ef7762,3895074,16,0.1333333333333333,15585497611,16317954000,16318948500,1781307108438-0
concurrency_n20_20260613_003117_redis_feed17_rep1,redis,sb:events:n20:feed17:rep1,4453ce7d-4348-41a1-a86f-beae68288f76,3895074,16,0.1333333333333333,15585497611,16319228900,16320066300,1781307108439-0
concurrency_n20_20260613_003117_redis_feed17_rep1,redis,sb:events:n20:feed17:rep1,8eadb67c-5080-4a27-836f-922f5a6eeeb6,3895074,16,0.1333333333333333,15585497611,16320359700,16321370000,1781307108440-0
concurrency_n20_20260613_003117_redis_feed17_rep1,redis,sb:events:n20:feed17:rep1,4917b4e0-e17c-4412-bec0-734319e40d03,3895074,16,0.1333333333333333,15585497611,16321800900,16322665300,1781307108442-0
concurrency_n20_20260613_003117_redis_feed17_rep1,redis,sb:events:n20:feed17:rep1,6bae2646-95ef-4ae3-808b-79fa5756e3a0,3895086,17,0.1416666666666666,15585567055,16322900700,16323635800,1781307108443-0
concurrency_n20_20260613_003117_redis_feed17_rep1,redis,sb:events:n20:feed17:rep1,018d5e68-06ad-4320-9c5e-5ba1b54c116e,3895232,17,17.0,15726053166,16323868800,16324557200,1781307108444-0
concurrency_n20_20260613_003117_redis_feed17_rep1,redis,sb:events:n20:feed17:rep1,86a2db30-3020-4a3a-af2f-3b1d59b73adc,3895052,17,0.1416666666666666,15585567055,16324754500,16325816700,1781307108445-0
concurrency_n20_20260613_003117_redis_feed17_rep1,redis,sb:events:n20:feed17:rep1,6099cc29-0d11-4fee-9d00-ce786f36eca9,3895113,17,0.1416666666666666,15585567055,16326087200,16327367100,1781307108446-0
concurrency_n20_20260613_003117_redis_feed17_rep1,redis,sb:events:n20:feed17:rep1,da8b4ee3-3079-4353-ac9d-451a47100b52,3895121,17,0.1416666666666666,15585567055,16328237200,16329115200,1781307108448-0
concurrency_n20_20260613_003117_redis_feed17_rep1,redis,sb:events:n20:feed17:rep1,58b81e68-5834-4d03-9cbb-0bd4074dd60a,3895232,17,17.0,15726053166,16329469100,16330260000,1781307108449-0
concurrency_n20_20260613_003117_redis_feed17_rep1,redis,sb:events:n20:feed17:rep1,238ccd63-a906-4647-a994-0b592cedbb4d,3895113,17,0.1416666666666666,15585567055,16331061900,16332119500,1781307108451-0
concurrency_n20_20260613_003117_redis_feed17_rep1,redis,sb:events:n20:feed17:rep1,5f5f1bfd-17e6-4a75-a48d-23c004391ca0,3895121,17,0.1416666666666666,15585567055,16332452000,16333639000,1781307108453-0
concurrency_n20_20260613_003117_redis_feed17_rep1,redis,sb:events:n20:feed17:rep1,f56d4891-5044-48bc-98bd-2714de02c555,3895095,17,0.1416666666666666,15585567055,16334008900,16334824000,1781307108454-0
concurrency_n20_20260613_003117_redis_feed17_rep1,redis,sb:events:n20:feed17:rep1,74fb2011-216f-43aa-8c61-587989c3083d,3895095,17,0.1416666666666666,15585567055,16335086500,16335973000,1781307108455-0
concurrency_n20_20260613_003117_redis_feed17_rep1,redis,sb:events:n20:feed17:rep1,c4f630f3-cffd-4397-a545-146b8ed79cba,3895095,17,0.1416666666666666,15585567055,16336215100,16337093900,1781307108456-0
concurrency_n20_20260613_003117_redis_feed17_rep1,redis,sb:events:n20:feed17:rep1,a2d472e0-2844-401d-94b3-333c820b3d2d,3895086,18,0.15,15585636500,16337382400,16339052300,1781307108458-0
concurrency_n20_20260613_003117_redis_feed17_rep1,redis,sb:events:n20:feed17:rep1,a3d8c0c0-3e97-47d3-8bee-8eba75a19ae8,3895086,18,0.15,15585636500,16339357600,16341132700,1781307108459-0
concurrency_n20_20260613_003117_redis_feed17_rep1,redis,sb:events:n20:feed17:rep1,e1464657-428c-47db-b28c-41c44d976b21,3895086,18,0.15,15585636500,16341482800,16342939200,1781307108462-0
concurrency_n20_20260613_003117_redis_feed17_rep1,redis,sb:events:n20:feed17:rep1,f3cf7038-cbb0-4e2b-be0e-87d31d2aa135,3895086,18,0.15,15585636500,16343295100,16344370400,1781307108464-0
concurrency_n20_20260613_003117_redis_feed17_rep1,redis,sb:events:n20:feed17:rep1,c6cba519-72a4-4c6a-a204-27bb2809348d,3895107,18,0.15,15585636500,16344671800,16346068400,1781307108465-0
concurrency_n20_20260613_003117_redis_feed17_rep1,redis,sb:events:n20:feed17:rep1,415243ce-3849-4896-9be1-75365ad90b78,3895134,18,0.15,15585636500,16346389500,16347673400,1781307108467-0
concurrency_n20_20260613_003117_redis_feed17_rep1,redis,sb:events:n20:feed17:rep1,b4c2c8e7-ca1b-4d18-863e-e58021f75654,3895086,18,0.15,15585636500,16348032400,16349199300,1781307108468-0
concurrency_n20_20260613_003117_redis_feed17_rep1,redis,sb:events:n20:feed17:rep1,0419e708-847b-4ff2-a6f7-50031b3683e4,3895107,18,0.15,15585636500,16349476000,16350760200,1781307108470-0
concurrency_n20_20260613_003117_redis_feed17_rep1,redis,sb:events:n20:feed17:rep1,f9096f10-3921-40be-bcaa-d7439f4bef6c,3895134,18,0.15,15585636500,16351023900,16351962500,1781307108471-0
concurrency_n20_20260613_003117_redis_feed17_rep1,redis,sb:events:n20:feed17:rep1,da618d2e-27e6-47f5-ba91-a32d880fc3f3,3895052,18,0.15,15585636500,16352216900,16357063800,1781307108476-0
concurrency_n20_20260613_003117_redis_feed17_rep1,redis,sb:events:n20:feed17:rep1,c6085c22-483f-4a4b-a3a7-27fbee22ae65,3895052,18,0.15,15585636500,16357484100,16358380900,1781307108478-0
concurrency_n20_20260613_003117_redis_feed17_rep1,redis,sb:events:n20:feed17:rep1,3211acd7-830e-4b57-9d44-ffc087f09783,3895121,18,0.15,15585636500,16358707000,16359672900,1781307108479-0
concurrency_n20_20260613_003117_redis_feed17_rep1,redis,sb:events:n20:feed17:rep1,5ecff428-f7e5-4098-a070-003bae61d520,3895052,18,0.15,15585636500,16359941200,16360930500,1781307108480-0
concurrency_n20_20260613_003117_redis_feed17_rep1,redis,sb:events:n20:feed17:rep1,08a00791-17e3-4e67-acbb-494c7c518e23,3895095,18,0.15,15585636500,16361170600,16362217600,1781307108481-0
concurrency_n20_20260613_003117_redis_feed17_rep1,redis,sb:events:n20:feed17:rep1,4acda0ae-ebda-4589-806c-c3233063335e,3895107,19,0.1583333333333333,15585705944,16362547200,16363374700,1781307108483-0
concurrency_n20_20260613_003117_redis_feed17_rep1,redis,sb:events:n20:feed17:rep1,61c008f9-cf5c-4ebe-ae27-f5ee5b22c150,3895134,19,0.1583333333333333,15585705944,16363634100,16364453000,1781307108484-0
concurrency_n20_20260613_003117_redis_feed17_rep1,redis,sb:events:n20:feed17:rep1,db4c46bd-c6e1-4733-b936-6f54fe0768e1,3895232,19,19.0,15742719833,16364661300,16365542800,1781307108485-0
concurrency_n20_20260613_003117_redis_feed17_rep1,redis,sb:events:n20:feed17:rep1,95573a25-89e1-4453-899f-9231016295df,3895107,19,0.1583333333333333,15585705944,16365800400,16366632500,1781307108486-0
concurrency_n20_20260613_003117_redis_feed17_rep1,redis,sb:events:n20:feed17:rep1,7d098e93-c4a3-4d21-94e1-ee7f39346658,3895113,19,0.1583333333333333,15585705944,16366887000,16369106700,1781307108487-0
concurrency_n20_20260613_003117_redis_feed17_rep1,redis,sb:events:n20:feed17:rep1,f6afab09-dd54-41b0-9eab-2f54641f6cc7,3895134,19,0.1583333333333333,15585705944,16369860100,16370909800,1781307108490-0
concurrency_n20_20260613_003117_redis_feed17_rep1,redis,sb:events:n20:feed17:rep1,0202f997-46bc-47af-99f9-0bc571d96046,3895232,19,19.0,15742719833,16371201100,16371853500,1781307108491-0
concurrency_n20_20260613_003117_redis_feed17_rep1,redis,sb:events:n20:feed17:rep1,82b43325-f1c1-48f8-8a96-f447e73e0014,3895107,19,0.1583333333333333,15585705944,16372126700,16373681600,1781307108492-0
concurrency_n20_20260613_003117_redis_feed17_rep1,redis,sb:events:n20:feed17:rep1,babaa5b7-7d2a-455f-9d53-09929055b994,3895121,19,0.1583333333333333,15585705944,16374067000,16375293400,1781307108495-0
concurrency_n20_20260613_003117_redis_feed17_rep1,redis,sb:events:n20:feed17:rep1,fbeffccf-f6ec-4792-812e-6aa5f8535b6c,3895134,19,0.1583333333333333,15585705944,16375612300,16376597300,1781307108496-0
concurrency_n20_20260613_003117_redis_feed17_rep1,redis,sb:events:n20:feed17:rep1,31656a86-ac6f-48e7-8588-664d49470dcf,3895121,19,0.1583333333333333,15585705944,16376829300,16377635500,1781307108497-0
concurrency_n20_20260613_003117_redis_feed17_rep1,redis,sb:events:n20:feed17:rep1,c1fd3b58-ecc8-4b74-baf6-d706324c0a37,3895095,19,0.1583333333333333,15585705944,16377907200,16378660800,1781307108498-0
concurrency_n20_20260613_003117_redis_feed17_rep1,redis,sb:events:n20:feed17:rep1,34a68da4-a761-418e-a94a-29bb8fd8e96e,3895095,19,0.1583333333333333,15585705944,16378875500,16379651300,1781307108499-0
concurrency_n20_20260613_003117_redis_feed17_rep1,redis,sb:events:n20:feed17:rep1,5ea481e0-e6e1-4897-b6e0-78445211ad3d,3895060,20,0.1666666666666666,15585775388,16380036700,16381429800,1781307108500-0
concurrency_n20_20260613_003117_redis_feed17_rep1,redis,sb:events:n20:feed17:rep1,58a678fb-10ef-4114-9bbb-099466db1636,3895086,20,0.1666666666666666,15585775388,16382906500,16385303800,1781307108505-0
concurrency_n20_20260613_003117_redis_feed17_rep1,redis,sb:events:n20:feed17:rep1,5e0455ba-95d7-4dc9-92d6-c8b777a5c7b6,3895086,20,0.1666666666666666,15585775388,16385632100,16386696400,1781307108506-0
concurrency_n20_20260613_003117_redis_feed17_rep1,redis,sb:events:n20:feed17:rep1,9adb3957-42ed-4d0a-80fc-38ad27500ee0,3895113,20,0.1666666666666666,15585775388,16386914000,16387823200,1781307108507-0
concurrency_n20_20260613_003117_redis_feed17_rep1,redis,sb:events:n20:feed17:rep1,a6f33202-5449-458f-8473-9c4274528e11,3895052,20,0.1666666666666666,15585775388,16388082400,16388912600,1781307108508-0
concurrency_n20_20260613_003117_redis_feed17_rep1,redis,sb:events:n20:feed17:rep1,91c869e1-262b-4223-89b4-903cf7e9b527,3895107,20,0.1666666666666666,15585775388,16389105600,16390135800,1781307108509-0
concurrency_n20_20260613_003117_redis_feed17_rep1,redis,sb:events:n20:feed17:rep1,8e9c5a9a-0084-457b-93be-2ba84bbe4fcb,3895113,20,0.1666666666666666,15585775388,16390438300,16391672300,1781307108511-0
concurrency_n20_20260613_003117_redis_feed17_rep1,redis,sb:events:n20:feed17:rep1,91e88312-848a-47f2-8871-b71be8bb172c,3895107,20,0.1666666666666666,15585775388,16392807500,16396069700,1781307108514-0
concurrency_n20_20260613_003117_redis_feed17_rep1,redis,sb:events:n20:feed17:rep1,20d4b309-2546-439a-96d6-c362fb3ecb2d,3895113,20,0.1666666666666666,15585775388,16396417100,16397440200,1781307108517-0
concurrency_n20_20260613_003117_redis_feed17_rep1,redis,sb:events:n20:feed17:rep1,04f7f325-bfc0-4731-a32f-7f8232c8296e,3895121,20,0.1666666666666666,15585775388,16397712000,16398555000,1781307108518-0
concurrency_n20_20260613_003117_redis_feed17_rep1,redis,sb:events:n20:feed17:rep1,5bd4ec7d-4d90-4a2d-bcea-2fe45009e3e5,3895113,20,0.1666666666666666,15585775388,16398935000,16400125600,1781307108519-0
concurrency_n20_20260613_003117_redis_feed17_rep1,redis,sb:events:n20:feed17:rep1,90ec0daf-d61f-4501-ab28-c24d33c3ac5f,3895060,21,0.175,15585844833,16400403800,16401334700,1781307108521-0
concurrency_n20_20260613_003117_redis_feed17_rep1,redis,sb:events:n20:feed17:rep1,948f6c30-084e-4ef6-a45d-90557e5552d8,3895060,21,0.175,15585844833,16401573900,16402509300,1781307108522-0
concurrency_n20_20260613_003117_redis_feed17_rep1,redis,sb:events:n20:feed17:rep1,ec02a8e4-1343-43a4-8925-b7dead32f78e,3895232,21,21.0,15759386500,16403217100,16404229400,1781307108524-0
concurrency_n20_20260613_003117_redis_feed17_rep1,redis,sb:events:n20:feed17:rep1,a4cf9a70-b481-4b49-9ce1-ca29ff7c506e,3895134,21,0.175,15585844833,16404498000,16405434400,1781307108525-0
concurrency_n20_20260613_003117_redis_feed17_rep1,redis,sb:events:n20:feed17:rep1,4177404e-b001-4350-9a8e-5e519cc2e200,3895232,21,21.0,15759386500,16405685000,16406639800,1781307108526-0
concurrency_n20_20260613_003117_redis_feed17_rep1,redis,sb:events:n20:feed17:rep1,ce0cff7d-de0c-4e19-8496-2dd948d69413,3895052,21,0.175,15585844833,16406847200,16408394600,1781307108527-0
concurrency_n20_20260613_003117_redis_feed17_rep1,redis,sb:events:n20:feed17:rep1,d2616640-d066-4175-a00a-35d3db6e7ef0,3895134,21,0.175,15585844833,16408795600,16409836800,1781307108529-0
concurrency_n20_20260613_003117_redis_feed17_rep1,redis,sb:events:n20:feed17:rep1,97652b5c-a1ee-4717-a935-317b76ade86a,3895232,21,21.0,15759386500,16410438100,16411659200,1781307108531-0
concurrency_n20_20260613_003117_redis_feed17_rep1,redis,sb:events:n20:feed17:rep1,ebaf6e35-461e-411b-a4c6-bd8c8807ed4b,3895052,21,0.175,15585844833,16411992500,16412693000,1781307108532-0
concurrency_n20_20260613_003117_redis_feed17_rep1,redis,sb:events:n20:feed17:rep1,377feb38-fa03-4b29-bb7f-2cfbb3baf194,3895107,21,0.175,15585844833,16413034400,16413718300,1781307108533-0
concurrency_n20_20260613_003117_redis_feed17_rep1,redis,sb:events:n20:feed17:rep1,a5317761-7d6b-4332-832c-56edfbce761f,3895121,21,0.175,15585844833,16413930200,16414804600,1781307108534-0
concurrency_n20_20260613_003117_redis_feed17_rep1,redis,sb:events:n20:feed17:rep1,f3688322-3340-4fa1-8e80-ae80beda79cf,3895232,21,21.0,15759386500,16415201200,16416702400,1781307108536-0
concurrency_n20_20260613_003117_redis_feed17_rep1,redis,sb:events:n20:feed17:rep1,d0a1094c-65af-4a38-8aa7-a18ff8210a8e,3895107,21,0.175,15585844833,16417058500,16418178500,1781307108537-0
concurrency_n20_20260613_003117_redis_feed17_rep1,redis,sb:events:n20:feed17:rep1,6824686d-4590-42ed-bcb5-84522be6958f,3895113,21,0.175,15585844833,16418530000,16421142700,1781307108539-0
concurrency_n20_20260613_003117_redis_feed17_rep1,redis,sb:events:n20:feed17:rep1,7b952b7f-319c-4b59-9887-322eb909afae,3895121,21,0.175,15585844833,16422776500,16423987200,1781307108543-0
concurrency_n20_20260613_003117_redis_feed17_rep1,redis,sb:events:n20:feed17:rep1,13cdffc6-1a64-46ed-9d46-9d52584911eb,3895095,21,0.175,15585844833,16424745400,16426510300,1781307108545-0
concurrency_n20_20260613_003117_redis_feed17_rep1,redis,sb:events:n20:feed17:rep1,4c5afbe4-b097-4acf-8087-c15c6b876bb2,3895113,21,0.175,15585844833,16426809000,16427736500,1781307108547-0
concurrency_n20_20260613_003117_redis_feed17_rep1,redis,sb:events:n20:feed17:rep1,d7d57b8f-e679-4a01-9112-8c67d14816da,3895121,21,0.175,15585844833,16428138100,16428973200,1781307108548-0
concurrency_n20_20260613_003117_redis_feed17_rep1,redis,sb:events:n20:feed17:rep1,380b0b2e-41af-476d-bb8d-683c2c4bc624,3895134,22,0.1833333333333333,15585914277,16429198600,16430061800,1781307108549-0
concurrency_n20_20260613_003117_redis_feed17_rep1,redis,sb:events:n20:feed17:rep1,9a40ee6a-81c2-48c1-b86d-7b611f1cbad9,3895052,22,0.1833333333333333,15585914277,16430952800,16432673200,1781307108552-0
concurrency_n20_20260613_003117_redis_feed17_rep1,redis,sb:events:n20:feed17:rep1,064b72e5-2907-4fec-ae0a-2108f5e8524f,3895052,22,0.1833333333333333,15585914277,16432996600,16434546900,1781307108553-0
concurrency_n20_20260613_003117_redis_feed17_rep1,redis,sb:events:n20:feed17:rep1,13033282-511b-44a2-bdfb-112ad4f2cbe2,3895107,22,0.1833333333333333,15585914277,16434875100,16435986400,1781307108555-0
concurrency_n20_20260613_003117_redis_feed17_rep1,redis,sb:events:n20:feed17:rep1,6d76d333-ddbe-4dd4-b0e0-f04bace0d42c,3895121,22,0.1833333333333333,15585914277,16436334400,16437648700,1781307108557-0
concurrency_n20_20260613_003117_redis_feed17_rep1,redis,sb:events:n20:feed17:rep1,b718de1e-9955-427d-a714-9612b515b37f,3895060,23,0.1916666666666666,15585983722,16437968800,16439287500,1781307108558-0
concurrency_n20_20260613_003117_redis_feed17_rep1,redis,sb:events:n20:feed17:rep1,5d1189db-89e2-4f3a-9fe7-9ca309a9180b,3895086,23,0.1916666666666666,15585983722,16439733700,16440754400,1781307108560-0
concurrency_n20_20260613_003117_redis_feed17_rep1,redis,sb:events:n20:feed17:rep1,bf131dfc-aa54-477b-aa3a-fe427e0f5a4d,3895052,23,0.1916666666666666,15585983722,16441079500,16441971600,1781307108561-0
concurrency_n20_20260613_003117_redis_feed17_rep1,redis,sb:events:n20:feed17:rep1,f436fba2-fe86-4de4-81a8-6f0ade75bb37,3895095,23,0.1916666666666666,15585983722,16442203300,16442886700,1781307108562-0
concurrency_n20_20260613_003117_redis_feed17_rep1,redis,sb:events:n20:feed17:rep1,0ff21259-8e4f-4ca9-b2f0-eeca108eaf72,3895107,23,0.1916666666666666,15585983722,16443084400,16444001500,1781307108563-0
concurrency_n20_20260613_003117_redis_feed17_rep1,redis,sb:events:n20:feed17:rep1,cb77e8ab-344f-468f-81fa-a6da694d993e,3895095,23,0.1916666666666666,15585983722,16444347800,16445031000,1781307108564-0
concurrency_n20_20260613_003117_redis_feed17_rep1,redis,sb:events:n20:feed17:rep1,0330715d-3ebb-4144-b556-11d9aea021f7,3895107,23,0.1916666666666666,15585983722,16445233000,16446026100,1781307108565-0
concurrency_n20_20260613_003117_redis_feed17_rep1,redis,sb:events:n20:feed17:rep1,13f2f67e-ce8a-45c1-91d1-965bd994230e,3895107,23,0.1916666666666666,15585983722,16446303000,16447973100,1781307108566-0
concurrency_n20_20260613_003117_redis_feed17_rep1,redis,sb:events:n20:feed17:rep1,30439125-dd53-46d2-95b0-e188be25443c,3895067,24,0.2,15586053166,16448348300,16463249300,1781307108569-0
concurrency_n20_20260613_003117_redis_feed17_rep1,redis,sb:events:n20:feed17:rep1,11e909cf-1292-4ff6-877b-047271284066,3895060,24,0.2,15586053166,16463690300,16465424800,1781307108585-0
concurrency_n20_20260613_003117_redis_feed17_rep1,redis,sb:events:n20:feed17:rep1,43d00079-b73c-4617-aa1a-2d5d3d54ba34,3895086,24,0.2,15586053166,16466029200,16468995600,1781307108587-0
concurrency_n20_20260613_003117_redis_feed17_rep1,redis,sb:events:n20:feed17:rep1,a332d835-268e-4498-8bfb-67085f324c46,3895086,24,0.2,15586053166,16469281800,16470387300,1781307108590-0
concurrency_n20_20260613_003117_redis_feed17_rep1,redis,sb:events:n20:feed17:rep1,d82da11e-236a-4873-9df5-15caaf429555,3895232,24,24.0,15784386500,16470670600,16471411800,1781307108591-0
concurrency_n20_20260613_003117_redis_feed17_rep1,redis,sb:events:n20:feed17:rep1,ec17a3a4-1f9f-4600-9735-7515714b51c0,3895232,24,24.0,15784386500,16471644800,16472326600,1781307108592-0
concurrency_n20_20260613_003117_redis_feed17_rep1,redis,sb:events:n20:feed17:rep1,f1b6e2d9-7bb8-40ed-ba4d-c3b69ff77a19,3895232,24,24.0,15784386500,16472539200,16473672100,1781307108592-1
concurrency_n20_20260613_003117_redis_feed17_rep1,redis,sb:events:n20:feed17:rep1,cf31353b-8f9d-4a5e-9fbe-b74bcc381264,3895121,24,0.2,15586053166,16474335900,16475291200,1781307108594-0
concurrency_n20_20260613_003117_redis_feed17_rep1,redis,sb:events:n20:feed17:rep1,e8f164f5-a160-4c46-a82c-abe4e89677d9,3895121,24,0.2,15586053166,16475591700,16476491400,1781307108596-0
concurrency_n20_20260613_003117_redis_feed17_rep1,redis,sb:events:n20:feed17:rep1,dcc91b79-7910-496f-853c-e3a279361c9c,3895107,24,0.2,15586053166,16476762800,16477691700,1781307108597-0
concurrency_n20_20260613_003117_redis_feed17_rep1,redis,sb:events:n20:feed17:rep1,a815f844-803f-46d0-98ef-cb7d3aca3c8b,3895067,25,0.2083333333333333,15586122611,16478125300,16478941400,1781307108598-0
concurrency_n20_20260613_003117_redis_feed17_rep1,redis,sb:events:n20:feed17:rep1,ead699aa-f13c-4cdf-8423-f658ad925cb5,3895067,25,0.2083333333333333,15586122611,16479175200,16479980100,1781307108599-0
concurrency_n20_20260613_003117_redis_feed17_rep1,redis,sb:events:n20:feed17:rep1,9f680d72-f947-4b6e-a483-04e6cb981cf5,3895060,25,0.2083333333333333,15586122611,16480213800,16481050300,1781307108600-0
concurrency_n20_20260613_003117_redis_feed17_rep1,redis,sb:events:n20:feed17:rep1,84c01004-f3ae-4fda-bcdd-31980eb13196,3895060,25,0.2083333333333333,15586122611,16481480300,16482553500,1781307108602-0
concurrency_n20_20260613_003117_redis_feed17_rep1,redis,sb:events:n20:feed17:rep1,2b8248b7-ca1e-4b25-8019-43dcd354312b,3895134,25,0.2083333333333333,15586122611,16482805000,16483538900,1781307108603-0
concurrency_n20_20260613_003117_redis_feed17_rep1,redis,sb:events:n20:feed17:rep1,07087bbe-871b-46b9-af20-4c074da4a10d,3895113,25,0.2083333333333333,15586122611,16483808700,16484675900,1781307108604-0
concurrency_n20_20260613_003117_redis_feed17_rep1,redis,sb:events:n20:feed17:rep1,24fa959e-ad78-4dfb-9cf7-ff352947271c,3895052,25,0.2083333333333333,15586122611,16484923800,16486797100,1781307108606-0
concurrency_n20_20260613_003117_redis_feed17_rep1,redis,sb:events:n20:feed17:rep1,2e660a08-b7b3-40bb-81dc-add7a43b7615,3895232,25,25.0,15792719833,16487044700,16488684600,1781307108608-0
concurrency_n20_20260613_003117_redis_feed17_rep1,redis,sb:events:n20:feed17:rep1,03f103fa-f1fc-463e-87d9-cd3db62d4291,3895052,25,0.2083333333333333,15586122611,16489067100,16490288400,1781307108609-0
concurrency_n20_20260613_003117_redis_feed17_rep1,redis,sb:events:n20:feed17:rep1,ff3d66eb-98fa-42e9-99f1-8c996ebecb0e,3895232,25,25.0,15792719833,16490595300,16491837300,1781307108611-0
concurrency_n20_20260613_003117_redis_feed17_rep1,redis,sb:events:n20:feed17:rep1,da6d72e8-314a-4232-892f-7f2b7aa233da,3895052,25,0.2083333333333333,15586122611,16492146600,16493877600,1781307108613-0
concurrency_n20_20260613_003117_redis_feed17_rep1,redis,sb:events:n20:feed17:rep1,98a5f84e-7c40-40e9-976e-8520457b5921,3895232,25,25.0,15792719833,16494246400,16495539200,1781307108614-0
concurrency_n20_20260613_003117_redis_feed17_rep1,redis,sb:events:n20:feed17:rep1,197edbf9-491f-48e7-b569-16790aa29662,3895107,25,0.2083333333333333,15586122611,16495880500,16497009600,1781307108616-0
concurrency_n20_20260613_003117_redis_feed17_rep1,redis,sb:events:n20:feed17:rep1,8cbf25e7-f76d-430e-b1c7-4b5c77f460f1,3895107,25,0.2083333333333333,15586122611,16497281700,16498746500,1781307108618-0
concurrency_n20_20260613_003117_redis_feed17_rep1,redis,sb:events:n20:feed17:rep1,e1f2d0bd-aeb0-42b2-867d-f5e407986d61,3895086,26,0.2166666666666666,15586192055,16499007500,16509737500,1781307108629-0
concurrency_n20_20260613_003117_redis_feed17_rep1,redis,sb:events:n20:feed17:rep1,1cfdd0b2-0f61-4520-8329-c24d895696b1,3895113,26,0.2166666666666666,15586192055,16510065400,16512074600,1781307108631-0
concurrency_n20_20260613_003117_redis_feed17_rep1,redis,sb:events:n20:feed17:rep1,4a4a7e44-43c5-44e2-bf4c-ca1637daea87,3895107,26,0.2166666666666666,15586192055,16512354100,16516236300,1781307108634-0
concurrency_n20_20260613_003117_redis_feed17_rep1,redis,sb:events:n20:feed17:rep1,b812268f-ce7d-4b17-9ad2-f38e50908694,3895107,26,0.2166666666666666,15586192055,16516629700,16517949800,1781307108637-0
concurrency_n20_20260613_003117_redis_feed17_rep1,redis,sb:events:n20:feed17:rep1,984ac2c7-33e7-43ac-8152-f88bdf9bcb40,3895107,26,0.2166666666666666,15586192055,16518242000,16519128600,1781307108638-0
concurrency_n20_20260613_003117_redis_feed17_rep1,redis,sb:events:n20:feed17:rep1,2c82e5ca-792d-4700-8f46-ad27ebbb3545,3895107,26,0.2166666666666666,15586192055,16519422800,16520494000,1781307108640-0
concurrency_n20_20260613_003117_redis_feed17_rep1,redis,sb:events:n20:feed17:rep1,d109e813-a171-4eab-bd01-20c8e0a2d54b,3895067,27,0.225,15586261500,16520758100,16522076400,1781307108641-0
concurrency_n20_20260613_003117_redis_feed17_rep1,redis,sb:events:n20:feed17:rep1,4dbc35f7-4520-4c1d-a0c1-81c1760b2c40,3895067,27,0.225,15586261500,16522330100,16523388000,1781307108643-0
concurrency_n20_20260613_003117_redis_feed17_rep1,redis,sb:events:n20:feed17:rep1,10df0432-33a1-4c21-9b36-dc9a9488ba69,3895067,27,0.225,15586261500,16523670700,16524640200,1781307108644-0
concurrency_n20_20260613_003117_redis_feed17_rep1,redis,sb:events:n20:feed17:rep1,1ada5a52-ccdd-47d6-bfae-a3c6cfe6695c,3895086,27,0.225,15586261500,16524924200,16525838000,1781307108645-0
concurrency_n20_20260613_003117_redis_feed17_rep1,redis,sb:events:n20:feed17:rep1,49b31666-46f5-4aa7-a2b1-869d05a27d90,3895086,27,0.225,15586261500,16526074200,16542853500,1781307108661-0
concurrency_n20_20260613_003117_redis_feed17_rep1,redis,sb:events:n20:feed17:rep1,3e22029c-1ffc-479a-8824-66a065a2fdf6,3895134,27,0.225,15586261500,16543314800,16544621000,1781307108664-0
concurrency_n20_20260613_003117_redis_feed17_rep1,redis,sb:events:n20:feed17:rep1,c3ae126d-34d6-421c-813d-3e3179428b05,3895086,27,0.225,15586261500,16544991200,16546391800,1781307108665-0
concurrency_n20_20260613_003117_redis_feed17_rep1,redis,sb:events:n20:feed17:rep1,3ef9a433-6ad8-4533-b8c7-8465064ae209,3895134,27,0.225,15586261500,16546647000,16548117200,1781307108667-0
concurrency_n20_20260613_003117_redis_feed17_rep1,redis,sb:events:n20:feed17:rep1,cfe9b540-ca3b-4aad-b553-0674713203bb,3895113,27,0.225,15586261500,16548379600,16549090800,1781307108668-0
concurrency_n20_20260613_003117_redis_feed17_rep1,redis,sb:events:n20:feed17:rep1,6a8269d2-5ce9-4921-9502-03ae5b27b8b6,3895113,27,0.225,15586261500,16549364100,16550562600,1781307108670-0
concurrency_n20_20260613_003117_redis_feed17_rep1,redis,sb:events:n20:feed17:rep1,87c20b3f-2fe3-4696-b387-5997a79262eb,3895052,27,0.225,15586261500,16550817100,16552583200,1781307108672-0
concurrency_n20_20260613_003117_redis_feed17_rep1,redis,sb:events:n20:feed17:rep1,5eda2c39-e90d-4640-8f45-08b160fad109,3895232,27,27.0,15809386500,16552936400,16558501600,1781307108674-0
concurrency_n20_20260613_003117_redis_feed17_rep1,redis,sb:events:n20:feed17:rep1,ce148b24-1185-48a7-bc22-d593e8115f3c,3895052,27,0.225,15586261500,16558966800,16560569100,1781307108680-0
concurrency_n20_20260613_003117_redis_feed17_rep1,redis,sb:events:n20:feed17:rep1,12eedca2-420b-4b01-a81d-12b847d2f8a6,3895107,27,0.225,15586261500,16560950300,16565510700,1781307108683-0
concurrency_n20_20260613_003117_redis_feed17_rep1,redis,sb:events:n20:feed17:rep1,b343f95e-f220-4957-afda-b760c0859784,3895107,27,0.225,15586261500,16565776500,16568226600,1781307108686-0
concurrency_n20_20260613_003117_redis_feed17_rep1,redis,sb:events:n20:feed17:rep1,d4611d70-d895-41fc-95ab-a1c65347c86b,3895095,28,0.2333333333333333,15586330944,16568672800,16571169700,1781307108689-0
concurrency_n20_20260613_003117_redis_feed17_rep1,redis,sb:events:n20:feed17:rep1,e3e1f7c7-4932-4722-9f8c-b801ec0f3eb9,3895113,28,0.2333333333333333,15586330944,16571711800,16572840400,1781307108692-0
concurrency_n20_20260613_003117_redis_feed17_rep1,redis,sb:events:n20:feed17:rep1,840ff5f2-d85f-41e9-a575-0f4c3957e089,3895232,28,28.0,15817719833,16573215400,16574470700,1781307108694-0
concurrency_n20_20260613_003117_redis_feed17_rep1,redis,sb:events:n20:feed17:rep1,f2148745-955f-4ae6-99fc-7eea72344f5c,3895052,28,0.2333333333333333,15586330944,16574970600,16575883300,1781307108695-0
concurrency_n20_20260613_003117_redis_feed17_rep1,redis,sb:events:n20:feed17:rep1,b55968fd-90e6-4fdd-8f96-f51de001624d,3895232,28,28.0,15817719833,16576117300,16576844200,1781307108696-0
concurrency_n20_20260613_003117_redis_feed17_rep1,redis,sb:events:n20:feed17:rep1,2e41f9b8-5553-4025-bfb2-90dc50a9013a,3895107,28,0.2333333333333333,15586330944,16577057200,16578023800,1781307108697-0
concurrency_n20_20260613_003117_redis_feed17_rep1,redis,sb:events:n20:feed17:rep1,78f5f9b2-8e23-4ed5-bc21-6cb65b4bfecd,3895107,28,0.2333333333333333,15586330944,16578235000,16581520200,1781307108700-0
concurrency_n20_20260613_003117_redis_feed17_rep1,redis,sb:events:n20:feed17:rep1,d0c9136b-fb00-4bfe-bd7f-3b3dbdc6992c,3895107,28,0.2333333333333333,15586330944,16581827800,16582756300,1781307108702-0
concurrency_n20_20260613_003117_redis_feed17_rep1,redis,sb:events:n20:feed17:rep1,9279e24a-1872-4df5-9f01-bb6acffcaaf3,3895107,28,0.2333333333333333,15586330944,16583113400,16584714300,1781307108704-0
concurrency_n20_20260613_003117_redis_feed17_rep1,redis,sb:events:n20:feed17:rep1,79692146-523d-48d7-bb97-a2bfe9215a4c,3895107,28,0.2333333333333333,15586330944,16584998200,16590354500,1781307108709-0
concurrency_n20_20260613_003117_redis_feed17_rep1,redis,sb:events:n20:feed17:rep1,447b0a0c-05be-471b-aaf1-2bc3a39574a6,3895067,29,0.2416666666666666,15586400388,16590684200,16591644900,1781307108711-0
concurrency_n20_20260613_003117_redis_feed17_rep1,redis,sb:events:n20:feed17:rep1,5a772691-1265-464f-aabd-c573e8a0ab8c,3895074,29,0.2416666666666666,15586400388,16591934400,16592678700,1781307108712-0
concurrency_n20_20260613_003117_redis_feed17_rep1,redis,sb:events:n20:feed17:rep1,6b3357d7-8b5b-4068-944b-8abb2b0458ff,3895086,29,0.2416666666666666,15586400388,16592931100,16595098900,1781307108713-0
concurrency_n20_20260613_003117_redis_feed17_rep1,redis,sb:events:n20:feed17:rep1,263393dd-6b86-4b3d-b4d4-08e19a071251,3895134,29,0.2416666666666666,15586400388,16595627300,16596648300,1781307108716-0
concurrency_n20_20260613_003117_redis_feed17_rep1,redis,sb:events:n20:feed17:rep1,8ecf55aa-b2b4-4325-87ae-b9773d146ca4,3895086,29,0.2416666666666666,15586400388,16597000700,16598353200,1781307108717-0
concurrency_n20_20260613_003117_redis_feed17_rep1,redis,sb:events:n20:feed17:rep1,dcdc9caf-542f-4fed-b166-7702a8293952,3895086,29,0.2416666666666666,15586400388,16598735000,16599691500,1781307108719-0
concurrency_n20_20260613_003117_redis_feed17_rep1,redis,sb:events:n20:feed17:rep1,ae5bee75-9e2e-4cae-8851-9bc9f0cc7b5a,3895095,29,0.2416666666666666,15586400388,16599947200,16600821300,1781307108720-0
concurrency_n20_20260613_003117_redis_feed17_rep1,redis,sb:events:n20:feed17:rep1,aa1a96f4-8527-46a3-acd2-83312ccc9a0e,3895095,29,0.2416666666666666,15586400388,16601113600,16602000600,1781307108721-0
concurrency_n20_20260613_003117_redis_feed17_rep1,redis,sb:events:n20:feed17:rep1,ee3252c0-e79b-495e-ae80-583351179971,3895113,29,0.2416666666666666,15586400388,16602390700,16603209900,1781307108722-0
concurrency_n20_20260613_003117_redis_feed17_rep1,redis,sb:events:n20:feed17:rep1,19f46068-5944-4812-bfac-1e1aa46413fb,3895113,29,0.2416666666666666,15586400388,16603612300,16604546100,1781307108724-0
concurrency_n20_20260613_003117_redis_feed17_rep1,redis,sb:events:n20:feed17:rep1,914c3940-48b4-4246-bd08-2b34e8349649,3895052,29,0.2416666666666666,15586400388,16604854600,16605671700,1781307108725-0
concurrency_n20_20260613_003117_redis_feed17_rep1,redis,sb:events:n20:feed17:rep1,45e61b15-c483-49fa-8a40-525424f6f0fd,3895107,29,0.2416666666666666,15586400388,16605930400,16606671600,1781307108726-0
concurrency_n20_20260613_003117_redis_feed17_rep1,redis,sb:events:n20:feed17:rep1,15787cdd-9935-4bff-b68c-760a497af7cc,3895107,29,0.2416666666666666,15586400388,16606909100,16607985000,1781307108727-0
concurrency_n20_20260613_003117_redis_feed17_rep1,redis,sb:events:n20:feed17:rep1,71b87a61-6e42-47b4-b6be-ca855a10d871,3895074,30,0.25,15586469833,16608330600,16609955100,1781307108729-0
concurrency_n20_20260613_003117_redis_feed17_rep1,redis,sb:events:n20:feed17:rep1,627a9ff5-4a44-4ca1-a183-ed241303d231,3895074,30,0.25,15586469833,16610300600,16611218900,1781307108731-0
concurrency_n20_20260613_003117_redis_feed17_rep1,redis,sb:events:n20:feed17:rep1,0eb76ef4-ed2e-4a58-b18f-6a3f6722f9e1,3895074,30,0.25,15586469833,16611557500,16612210800,1781307108732-0
concurrency_n20_20260613_003117_redis_feed17_rep1,redis,sb:events:n20:feed17:rep1,9351a75c-1c91-4205-b38c-4875eb4ab288,3895134,30,0.25,15586469833,16612488200,16614071100,1781307108733-0
concurrency_n20_20260613_003117_redis_feed17_rep1,redis,sb:events:n20:feed17:rep1,b1ebe5e7-8980-4421-b068-c1b1a36c650d,3895134,30,0.25,15586469833,16614460500,16615455600,1781307108735-0
concurrency_n20_20260613_003117_redis_feed17_rep1,redis,sb:events:n20:feed17:rep1,f1851ae9-876d-42a8-8c1c-9d39b58512ef,3895134,30,0.25,15586469833,16615705800,16616477900,1781307108736-0
concurrency_n20_20260613_003117_redis_feed17_rep1,redis,sb:events:n20:feed17:rep1,296e5f1d-e535-4774-b97f-5a38164d4b8f,3895095,30,0.25,15586469833,16616721300,16618285200,1781307108737-0
concurrency_n20_20260613_003117_redis_feed17_rep1,redis,sb:events:n20:feed17:rep1,03f18fb2-bb09-429b-8c8e-77902d55e9ff,3895232,30,30.0,15834386500,16618885500,16620083500,1781307108739-0
concurrency_n20_20260613_003117_redis_feed17_rep1,redis,sb:events:n20:feed17:rep1,b3acab4e-f147-4ab7-8b84-8d90f00ed126,3895067,31,0.2583333333333333,15586539277,16620938400,16622175100,1781307108741-0
concurrency_n20_20260613_003117_redis_feed17_rep1,redis,sb:events:n20:feed17:rep1,e06cfc4c-9c3c-4733-a711-b3d88fad8f32,3895086,31,0.2583333333333333,15586539277,16622495800,16623628200,1781307108743-0
concurrency_n20_20260613_003117_redis_feed17_rep1,redis,sb:events:n20:feed17:rep1,f7644a7f-0ac8-482f-9ec0-f722e6b7f072,3895086,31,0.2583333333333333,15586539277,16623972400,16624921100,1781307108744-0
concurrency_n20_20260613_003117_redis_feed17_rep1,redis,sb:events:n20:feed17:rep1,10ccacd2-12e9-4f5f-907e-988c1c25c90e,3895086,31,0.2583333333333333,15586539277,16625618900,16626427900,1781307108746-0
concurrency_n20_20260613_003117_redis_feed17_rep1,redis,sb:events:n20:feed17:rep1,5139bbac-6a19-4cef-956b-a1a6c0e36dbc,3895095,31,0.2583333333333333,15586539277,16626796800,16627683700,1781307108747-0
concurrency_n20_20260613_003117_redis_feed17_rep1,redis,sb:events:n20:feed17:rep1,2122e986-fc97-4fb7-82e7-52bbebd90352,3895095,31,0.2583333333333333,15586539277,16628146600,16628927400,1781307108748-0
concurrency_n20_20260613_003117_redis_feed17_rep1,redis,sb:events:n20:feed17:rep1,7ec1b841-0000-48ef-8b63-277239da3299,3895067,32,0.2666666666666666,15586608722,16629403800,16630094300,1781307108749-0
concurrency_n20_20260613_003117_redis_feed17_rep1,redis,sb:events:n20:feed17:rep1,8dd23275-eba9-4971-bce5-da81859b6b2e,3895121,32,0.2666666666666666,15586608722,16630345200,16631906200,1781307108751-0
concurrency_n20_20260613_003117_redis_feed17_rep1,redis,sb:events:n20:feed17:rep1,2c6c5867-a9c6-45c0-b53b-8f50c49f7e92,3895113,32,0.2666666666666666,15586608722,16632282100,16633146900,1781307108752-0
concurrency_n20_20260613_003117_redis_feed17_rep1,redis,sb:events:n20:feed17:rep1,b858f0f4-ba17-4962-b947-b84799009462,3895113,32,0.2666666666666666,15586608722,16633390500,16634629200,1781307108754-0
concurrency_n20_20260613_003117_redis_feed17_rep1,redis,sb:events:n20:feed17:rep1,12ebcbbe-781c-4754-971a-c01ac8772b11,3895232,32,32.0,15851053166,16634917500,16638348100,1781307108757-0
concurrency_n20_20260613_003117_redis_feed17_rep1,redis,sb:events:n20:feed17:rep1,b46c5f89-d9b5-4ce1-a70e-cc0c90bfd3c2,3895232,32,32.0,15851053166,16638703400,16639570700,1781307108759-0
concurrency_n20_20260613_003117_redis_feed17_rep1,redis,sb:events:n20:feed17:rep1,cea8d5d6-ae93-453d-89ce-21d3e197d9db,3895232,32,32.0,15851053166,16639824100,16640901400,1781307108760-0
concurrency_n20_20260613_003117_redis_feed17_rep1,redis,sb:events:n20:feed17:rep1,bab99ff3-3588-4401-a890-bdf6608b9a48,3895107,32,0.2666666666666666,15586608722,16642079000,16643232100,1781307108762-0
concurrency_n20_20260613_003117_redis_feed17_rep1,redis,sb:events:n20:feed17:rep1,c1ae8433-3128-4a28-aae7-22525204f668,3895067,33,0.275,15586678166,16643582000,16644849000,1781307108764-0
concurrency_n20_20260613_003117_redis_feed17_rep1,redis,sb:events:n20:feed17:rep1,3eaad870-8b07-4e98-b321-069674f3f82b,3895074,33,0.275,15586678166,16645142700,16645945200,1781307108765-0
concurrency_n20_20260613_003117_redis_feed17_rep1,redis,sb:events:n20:feed17:rep1,4bdb4956-a093-46d2-98fe-109bb1fb1765,3895121,33,0.275,15586678166,16646171700,16649670800,1781307108766-0
concurrency_n20_20260613_003117_redis_feed17_rep1,redis,sb:events:n20:feed17:rep1,592d4541-7545-4895-bb90-16cd88fd6bf2,3895121,33,0.275,15586678166,16650059700,16651044300,1781307108770-0
concurrency_n20_20260613_003117_redis_feed17_rep1,redis,sb:events:n20:feed17:rep1,a5ee5014-88eb-46e6-994c-e1ba365efbb1,3895121,33,0.275,15586678166,16651435400,16652392800,1781307108772-0
concurrency_n20_20260613_003117_redis_feed17_rep1,redis,sb:events:n20:feed17:rep1,85016910-7a46-41d7-9daa-e67ae1f50e97,3895086,33,0.275,15586678166,16652651700,16653734900,1781307108773-0
concurrency_n20_20260613_003117_redis_feed17_rep1,redis,sb:events:n20:feed17:rep1,4dd4ac95-4164-4d15-8e70-836f84f12a8a,3895121,33,0.275,15586678166,16653957600,16654980300,1781307108774-0
concurrency_n20_20260613_003117_redis_feed17_rep1,redis,sb:events:n20:feed17:rep1,02c211e4-b3bf-4022-be9f-fc5e3d0f59b6,3895086,33,0.275,15586678166,16655335400,16656332200,1781307108776-0
concurrency_n20_20260613_003117_redis_feed17_rep1,redis,sb:events:n20:feed17:rep1,b1f40782-0844-4ca7-8a99-20694926c324,3895121,33,0.275,15586678166,16656641900,16657398000,1781307108777-0
concurrency_n20_20260613_003117_redis_feed17_rep1,redis,sb:events:n20:feed17:rep1,d9e6bd9b-89d4-45ee-85fc-00900e577173,3895121,33,0.275,15586678166,16657610500,16658671000,1781307108778-0
concurrency_n20_20260613_003117_redis_feed17_rep1,redis,sb:events:n20:feed17:rep1,5452081a-96f0-4852-86c5-8e0190c4ce6c,3895107,33,0.275,15586678166,16659114500,16660115700,1781307108779-0
concurrency_n20_20260613_003117_redis_feed17_rep1,redis,sb:events:n20:feed17:rep1,db85ec6b-1a44-4182-96fb-36516fe277aa,3895107,33,0.275,15586678166,16660347800,16661223900,1781307108780-0
concurrency_n20_20260613_003117_redis_feed17_rep1,redis,sb:events:n20:feed17:rep1,92c1b7bb-eaee-47f1-bb28-3688ba247c98,3895060,34,0.2833333333333333,15586747611,16661679400,16662911300,1781307108782-0
concurrency_n20_20260613_003117_redis_feed17_rep1,redis,sb:events:n20:feed17:rep1,3d40db80-19ae-4784-9115-8a64c8382f1f,3895074,34,0.2833333333333333,15586747611,16663661500,16664555700,1781307108784-0
concurrency_n20_20260613_003117_redis_feed17_rep1,redis,sb:events:n20:feed17:rep1,f7ccc18b-f57d-473d-aef2-7b018211ff13,3895074,34,0.2833333333333333,15586747611,16664818300,16666022700,1781307108785-0
concurrency_n20_20260613_003117_redis_feed17_rep1,redis,sb:events:n20:feed17:rep1,343cc444-e0ab-43f0-a93f-66266b9dbea8,3895113,34,0.2833333333333333,15586747611,16668209300,16669223900,1781307108788-0
concurrency_n20_20260613_003117_redis_feed17_rep1,redis,sb:events:n20:feed17:rep1,1286483f-b0bf-4d49-9a2f-2233368aaa37,3895113,34,0.2833333333333333,15586747611,16669494400,16670400500,1781307108790-0
concurrency_n20_20260613_003117_redis_feed17_rep1,redis,sb:events:n20:feed17:rep1,35c75d8f-f13e-4940-8843-96202930c58c,3895121,34,0.2833333333333333,15586747611,16670640700,16671360900,1781307108791-0
concurrency_n20_20260613_003117_redis_feed17_rep1,redis,sb:events:n20:feed17:rep1,d97ce31d-b6bd-454f-b4f3-583b06b5b821,3895113,34,0.2833333333333333,15586747611,16672612500,16674401200,1781307108793-0
concurrency_n20_20260613_003117_redis_feed17_rep1,redis,sb:events:n20:feed17:rep1,2527a3eb-fb85-40ab-8b0a-4e911c2e6e99,3895232,34,34.0,15867719833,16674797200,16692573200,1781307108809-0
concurrency_n20_20260613_003117_redis_feed17_rep1,redis,sb:events:n20:feed17:rep1,85dfbc6a-fd21-43a7-83fb-fffccd805f7e,3895232,34,34.0,15867719833,16693140500,16696860800,1781307108816-0
concurrency_n20_20260613_003117_redis_feed17_rep1,redis,sb:events:n20:feed17:rep1,db104f0b-4bee-4708-8598-d5233acbfd34,3895107,34,0.2833333333333333,15586747611,16697154200,16698445700,1781307108818-0
concurrency_n20_20260613_003117_redis_feed17_rep1,redis,sb:events:n20:feed17:rep1,d8bafa86-623c-428c-b507-6da8d83df984,3895060,35,0.2916666666666667,15586817055,16698732500,16701897100,1781307108819-0
concurrency_n20_20260613_003117_redis_feed17_rep1,redis,sb:events:n20:feed17:rep1,8a9895c6-a43d-4488-b3c3-826e7813c15e,3895060,35,0.2916666666666667,15586817055,16703051900,16704967700,1781307108824-0
concurrency_n20_20260613_003117_redis_feed17_rep1,redis,sb:events:n20:feed17:rep1,38e6d097-a9de-49da-b6cf-d57ea1fbdfa9,3895121,35,0.2916666666666667,15586817055,16705451000,16707007200,1781307108826-0
concurrency_n20_20260613_003117_redis_feed17_rep1,redis,sb:events:n20:feed17:rep1,5e8cf1bd-a044-4542-b2bf-cac8667f4322,3895113,35,0.2916666666666667,15586817055,16707321300,16715930400,1781307108833-0
concurrency_n20_20260613_003117_redis_feed17_rep1,redis,sb:events:n20:feed17:rep1,90d289d6-4046-4fdb-9ea5-387717cb297d,3895113,35,0.2916666666666667,15586817055,16716503300,16718190400,1781307108837-0
concurrency_n20_20260613_003117_redis_feed17_rep1,redis,sb:events:n20:feed17:rep1,ad2154a4-d2b5-40f6-9000-65a465f54f8b,3895232,35,35.0,15876053166,16718568700,16719740600,1781307108839-0
concurrency_n20_20260613_003117_redis_feed17_rep1,redis,sb:events:n20:feed17:rep1,edd5ce07-d5a1-480e-b4b3-d3cfe453d008,3895113,35,0.2916666666666667,15586817055,16720047700,16720886500,1781307108840-0
concurrency_n20_20260613_003117_redis_feed17_rep1,redis,sb:events:n20:feed17:rep1,d5f49005-e164-4a56-b36c-8e788d813b4c,3895086,36,0.3,15586886500,16721102800,16722578300,1781307108841-0
concurrency_n20_20260613_003117_redis_feed17_rep1,redis,sb:events:n20:feed17:rep1,42c600fd-1ba8-4635-888b-d1c43e4642ca,3895121,36,0.3,15586886500,16722866200,16723998600,1781307108843-0
concurrency_n20_20260613_003117_redis_feed17_rep1,redis,sb:events:n20:feed17:rep1,32090cac-d662-4ecc-99e0-ac0e4575877f,3895113,36,0.3,15586886500,16724800300,16725697700,1781307108845-0
concurrency_n20_20260613_003117_redis_feed17_rep1,redis,sb:events:n20:feed17:rep1,c375c660-a042-4e1d-9377-a3d8e9137b77,3895113,36,0.3,15586886500,16725951000,16726682300,1781307108846-0
concurrency_n20_20260613_003117_redis_feed17_rep1,redis,sb:events:n20:feed17:rep1,956dc981-5c22-41fc-800c-123fe8ce5e4a,3895113,36,0.3,15586886500,16726980400,16747607300,1781307108866-0
concurrency_n20_20260613_003117_redis_feed17_rep1,redis,sb:events:n20:feed17:rep1,2385fdd1-5767-4de2-9c4b-54ed4e9d1e43,3895067,37,0.3083333333333333,15586955944,16749000100,16757874000,1781307108877-0
concurrency_n20_20260613_003117_redis_feed17_rep1,redis,sb:events:n20:feed17:rep1,68b68600-4736-4bb8-96f4-4648b096d2ad,3895074,37,0.3083333333333333,15586955944,16758330700,16759668900,1781307108879-0
concurrency_n20_20260613_003117_redis_feed17_rep1,redis,sb:events:n20:feed17:rep1,06029eea-1721-442f-b067-5ea6dc7b0631,3895074,37,0.3083333333333333,15586955944,16759998700,16761294800,1781307108881-0
concurrency_n20_20260613_003117_redis_feed17_rep1,redis,sb:events:n20:feed17:rep1,345213be-58bb-4752-82aa-82a0cd026971,3895121,37,0.3083333333333333,15586955944,16761586500,16762988800,1781307108882-0
concurrency_n20_20260613_003117_redis_feed17_rep1,redis,sb:events:n20:feed17:rep1,26e2822c-be09-429f-b5e1-9478a147e355,3895121,37,0.3083333333333333,15586955944,16763283700,16765748900,1781307108884-0
concurrency_n20_20260613_003117_redis_feed17_rep1,redis,sb:events:n20:feed17:rep1,548c12a5-22ea-4f53-b8f3-f5cdb1dd6b5c,3895232,37,37.0,15892719833,16766042400,16770590400,1781307108889-0
concurrency_n20_20260613_003117_redis_feed17_rep1,redis,sb:events:n20:feed17:rep1,6fa24066-9ea3-4e9f-83cb-2c9bf05e6167,3895121,37,0.3083333333333333,15586955944,16771038400,16772064700,1781307108891-0
concurrency_n20_20260613_003117_redis_feed17_rep1,redis,sb:events:n20:feed17:rep1,33f4a939-1268-4605-bd0a-d99b6ea60bfa,3895232,37,37.0,15892719833,16772355800,16774429100,1781307108892-0
concurrency_n20_20260613_003117_redis_feed17_rep1,redis,sb:events:n20:feed17:rep1,325e9b33-e862-4822-88ad-25bff06d2c07,3895121,37,0.3083333333333333,15586955944,16775115700,16777121500,1781307108896-0
concurrency_n20_20260613_003117_redis_feed17_rep1,redis,sb:events:n20:feed17:rep1,acb76887-5356-44c9-bc8e-16b40dea5fdd,3895113,37,0.3083333333333333,15586955944,16777377800,16779236300,1781307108898-0
concurrency_n20_20260613_003117_redis_feed17_rep1,redis,sb:events:n20:feed17:rep1,26deaac5-4c1c-429d-bc3b-a714e513cc0c,3895060,38,0.3166666666666666,15587025388,16779595100,16782391500,1781307108900-0
concurrency_n20_20260613_003117_redis_feed17_rep1,redis,sb:events:n20:feed17:rep1,5647da51-88db-4e25-a864-8610b7aaea93,3895067,38,0.3166666666666666,15587025388,16782767100,16784728400,1781307108904-0
concurrency_n20_20260613_003117_redis_feed17_rep1,redis,sb:events:n20:feed17:rep1,12a36da3-d1f7-4490-a4f8-f4be3907a880,3895067,38,0.3166666666666666,15587025388,16785033500,16786646600,1781307108906-0
concurrency_n20_20260613_003117_redis_feed17_rep1,redis,sb:events:n20:feed17:rep1,bb7d9289-4044-46d8-8558-4f23cc40f18b,3895095,38,0.3166666666666666,15587025388,16786931500,16806290000,1781307108925-0
concurrency_n20_20260613_003117_redis_feed17_rep1,redis,sb:events:n20:feed17:rep1,191352f4-b6b1-4676-bb29-03561c51730b,3895107,38,0.3166666666666666,15587025388,16806606900,16807874900,1781307108927-0
concurrency_n20_20260613_003117_redis_feed17_rep1,redis,sb:events:n20:feed17:rep1,90e3b280-77a2-42f8-80a1-789498a383d1,3895060,39,0.325,15587094833,16808273300,16809317300,1781307108929-0
concurrency_n20_20260613_003117_redis_feed17_rep1,redis,sb:events:n20:feed17:rep1,cea8c7fe-1b2f-4beb-9b6b-0c11f999b909,3895060,39,0.325,15587094833,16810484700,16822740100,1781307108941-0
concurrency_n20_20260613_003117_redis_feed17_rep1,redis,sb:events:n20:feed17:rep1,59f60e75-1337-46d7-bc7c-676bad3acc07,3895060,39,0.325,15587094833,16823106500,16825446500,1781307108944-0
concurrency_n20_20260613_003117_redis_feed17_rep1,redis,sb:events:n20:feed17:rep1,00da8b93-dab3-460e-b1e5-1ee467331388,3895095,39,0.325,15587094833,16826487300,16846317000,1781307108964-0
concurrency_n20_20260613_003117_redis_feed17_rep1,redis,sb:events:n20:feed17:rep1,91c32868-e70e-4b6a-a7ce-6723528ed7e8,3895095,39,0.325,15587094833,16846587400,16849004700,1781307108967-0
concurrency_n20_20260613_003117_redis_feed17_rep1,redis,sb:events:n20:feed17:rep1,58ddef64-ed5b-4758-911b-9cc6f9bc3ab0,3895121,39,0.325,15587094833,16849286600,16850874500,1781307108970-0
concurrency_n20_20260613_003117_redis_feed17_rep1,redis,sb:events:n20:feed17:rep1,bfd7ab2d-8af5-4ae1-a8a2-c438e0ecf01d,3895121,39,0.325,15587094833,16851244500,16852985700,1781307108972-0
concurrency_n20_20260613_003117_redis_feed17_rep1,redis,sb:events:n20:feed17:rep1,220cb931-5cd7-4c7b-8fc0-6550c89e4b6b,3895113,39,0.325,15587094833,16853387600,16854319000,1781307108974-0
concurrency_n20_20260613_003117_redis_feed17_rep1,redis,sb:events:n20:feed17:rep1,fb37f522-69f3-458c-96f4-574410785219,3895121,39,0.325,15587094833,16854643900,16856885400,1781307108975-0
concurrency_n20_20260613_003117_redis_feed17_rep1,redis,sb:events:n20:feed17:rep1,4b550bc1-31ac-4914-8a11-29a4cecb6380,3895113,39,0.325,15587094833,16857316300,16858351200,1781307108978-0
concurrency_n20_20260613_003117_redis_feed17_rep1,redis,sb:events:n20:feed17:rep1,f85aeff4-b9ad-4127-9dd6-ee22d8df6683,3895107,39,0.325,15587094833,16858651600,16859493700,1781307108979-0
concurrency_n20_20260613_003117_redis_feed17_rep1,redis,sb:events:n20:feed17:rep1,e435a0b9-4c8a-4470-b59a-5ec58d706789,3895060,40,0.3333333333333333,15587164277,16859801000,16863495200,1781307108980-0
concurrency_n20_20260613_003117_redis_feed17_rep1,redis,sb:events:n20:feed17:rep1,22e32209-bb97-4c30-9b3b-beee02261e71,3895074,40,0.3333333333333333,15587164277,16863891300,16864821300,1781307108984-0
concurrency_n20_20260613_003117_redis_feed17_rep1,redis,sb:events:n20:feed17:rep1,42c834c5-484a-4ac0-8d9f-0bd7f0b4ae95,3895086,40,0.3333333333333333,15587164277,16865081600,16865874400,1781307108985-0
concurrency_n20_20260613_003117_redis_feed17_rep1,redis,sb:events:n20:feed17:rep1,dc60fe07-6cc5-473b-8ccf-9bf00e152a49,3895086,40,0.3333333333333333,15587164277,16866201600,16867844800,1781307108986-0
concurrency_n20_20260613_003117_redis_feed17_rep1,redis,sb:events:n20:feed17:rep1,75b3f799-6706-436e-bad8-445ccd64f4e2,3895095,40,0.3333333333333333,15587164277,16868259600,16869395900,1781307108989-0
concurrency_n20_20260613_003117_redis_feed17_rep1,redis,sb:events:n20:feed17:rep1,510d6706-b6d6-494a-a8d0-0e4d9e168a4a,3895232,40,40.0,15917719833,16869644400,16870637000,1781307108990-0
concurrency_n20_20260613_003117_redis_feed17_rep1,redis,sb:events:n20:feed17:rep1,846dfbba-d9ca-4a4e-9f80-b12670b4085e,3895067,41,0.3416666666666667,15587233722,16870855800,16872107200,1781307108991-0
concurrency_n20_20260613_003117_redis_feed17_rep1,redis,sb:events:n20:feed17:rep1,b20d045a-73cb-4eab-8dfc-bc07269ce986,3895060,41,0.3416666666666667,15587233722,16872367200,16873139600,1781307108992-0
concurrency_n20_20260613_003117_redis_feed17_rep1,redis,sb:events:n20:feed17:rep1,998ca3a4-a5cc-4a15-9c36-122431d2f843,3895060,41,0.3416666666666667,15587233722,16873572700,16875455500,1781307108994-0
concurrency_n20_20260613_003117_redis_feed17_rep1,redis,sb:events:n20:feed17:rep1,61c32a5d-7d5c-4b88-a59b-8e5ebed5e25c,3895060,41,0.3416666666666667,15587233722,16875774600,16878971700,1781307108996-0
concurrency_n20_20260613_003117_redis_feed17_rep1,redis,sb:events:n20:feed17:rep1,d4bf08dc-9205-4261-8876-566102e23931,3895060,41,0.3416666666666667,15587233722,16879800400,16880929600,1781307109000-0
concurrency_n20_20260613_003117_redis_feed17_rep1,redis,sb:events:n20:feed17:rep1,932cd718-07b8-4f43-843a-040ea138a086,3895095,41,0.3416666666666667,15587233722,16881222200,16881979000,1781307109001-0
concurrency_n20_20260613_003117_redis_feed17_rep1,redis,sb:events:n20:feed17:rep1,d63c807a-8016-408b-8ede-1c8b62314bd2,3895095,41,0.3416666666666667,15587233722,16882235200,16883765200,1781307109003-0
concurrency_n20_20260613_003117_redis_feed17_rep1,redis,sb:events:n20:feed17:rep1,b6b79bd5-83a0-45aa-ae80-3d1d5e30a83f,3895095,41,0.3416666666666667,15587233722,16884438800,16885321300,1781307109005-0
concurrency_n20_20260613_003117_redis_feed17_rep1,redis,sb:events:n20:feed17:rep1,f9d31109-d4a2-4fbf-b479-d10ce5b80123,3895095,41,0.3416666666666667,15587233722,16885664800,16886495600,1781307109006-0
concurrency_n20_20260613_003117_redis_feed17_rep1,redis,sb:events:n20:feed17:rep1,0bcbb10c-b3c8-406b-be58-ce0986f273ae,3895095,41,0.3416666666666667,15587233722,16886771900,16890361000,1781307109007-0
concurrency_n20_20260613_003117_redis_feed17_rep1,redis,sb:events:n20:feed17:rep1,76b66208-984d-4b99-85d7-5b149bd85e69,3895232,41,41.0,15926053166,16892019900,16893103500,1781307109012-0
concurrency_n20_20260613_003117_redis_feed17_rep1,redis,sb:events:n20:feed17:rep1,8808cd6b-ce1e-473b-80bf-5a560c57be0d,3895232,41,41.0,15926053166,16893372400,16894181300,1781307109013-0
concurrency_n20_20260613_003117_redis_feed17_rep1,redis,sb:events:n20:feed17:rep1,92b772f2-c273-4ec4-a7e2-3d09c1452965,3895107,41,0.3416666666666667,15587233722,16894481900,16896187600,1781307109015-0
concurrency_n20_20260613_003117_redis_feed17_rep1,redis,sb:events:n20:feed17:rep1,e2fec3bf-0acb-49b9-9afa-4d4a4ecce0c1,3895107,41,0.3416666666666667,15587233722,16897144500,16898528400,1781307109018-0
concurrency_n20_20260613_003117_redis_feed17_rep1,redis,sb:events:n20:feed17:rep1,5ec55ad0-1494-4ad7-9fdd-7226078bb2db,3895067,42,0.35,15587303166,16898780500,16899542100,1781307109019-0
concurrency_n20_20260613_003117_redis_feed17_rep1,redis,sb:events:n20:feed17:rep1,e04b6836-a1e8-4472-b5ef-4f602b2c983e,3895067,42,0.35,15587303166,16899737000,16901231100,1781307109020-0
concurrency_n20_20260613_003117_redis_feed17_rep1,redis,sb:events:n20:feed17:rep1,13e3148f-e1f5-46b5-929a-d4dc6755ebf6,3895067,42,0.35,15587303166,16901619900,16903701300,1781307109022-0
concurrency_n20_20260613_003117_redis_feed17_rep1,redis,sb:events:n20:feed17:rep1,468623e8-7e76-4b78-b553-f607b9fb4b07,3895067,42,0.35,15587303166,16904465600,16905766700,1781307109025-0
concurrency_n20_20260613_003117_redis_feed17_rep1,redis,sb:events:n20:feed17:rep1,65a00927-90a1-4c33-a35c-363da5bcaaeb,3895060,42,0.35,15587303166,16906040600,16906776800,1781307109026-0
concurrency_n20_20260613_003117_redis_feed17_rep1,redis,sb:events:n20:feed17:rep1,747510a6-98ed-4a69-9400-5617988abdfa,3895060,42,0.35,15587303166,16906996800,16908541200,1781307109028-0
concurrency_n20_20260613_003117_redis_feed17_rep1,redis,sb:events:n20:feed17:rep1,f5acbdd4-0316-4e8d-b8d1-48c192aba5ba,3895060,42,0.35,15587303166,16908790800,16909748500,1781307109029-0
concurrency_n20_20260613_003117_redis_feed17_rep1,redis,sb:events:n20:feed17:rep1,244fd2c8-b53e-4e9e-8f15-a3d4fc996e95,3895060,42,0.35,15587303166,16910138200,16910961700,1781307109030-0
concurrency_n20_20260613_003117_redis_feed17_rep1,redis,sb:events:n20:feed17:rep1,4bbe9045-17fc-4dd4-b422-1b2c0b7f7c2d,3895086,42,0.35,15587303166,16911234800,16916381900,1781307109032-0
concurrency_n20_20260613_003117_redis_feed17_rep1,redis,sb:events:n20:feed17:rep1,ee5e44ed-cec3-40a9-b760-3312d3d02746,3895086,42,0.35,15587303166,16916720100,16917633300,1781307109037-0
concurrency_n20_20260613_003117_redis_feed17_rep1,redis,sb:events:n20:feed17:rep1,42c8ecdc-b944-4dc1-9c81-1ff8c99a0dd4,3895232,42,42.0,15934386500,16917889600,16918927900,1781307109038-0
concurrency_n20_20260613_003117_redis_feed17_rep1,redis,sb:events:n20:feed17:rep1,b7857dd2-503f-47c6-a8b4-71291a3e9b6c,3895121,42,0.35,15587303166,16919170800,16920281400,1781307109039-0
concurrency_n20_20260613_003117_redis_feed17_rep1,redis,sb:events:n20:feed17:rep1,ef8ee8a6-ed7f-48f9-beb8-bf0c9236b348,3895232,42,42.0,15934386500,16920807500,16921766500,1781307109041-0
concurrency_n20_20260613_003117_redis_feed17_rep1,redis,sb:events:n20:feed17:rep1,02d38453-def0-4dfb-8f41-809f0d0ee531,3895113,42,0.35,15587303166,16922054100,16923010700,1781307109042-0
concurrency_n20_20260613_003117_redis_feed17_rep1,redis,sb:events:n20:feed17:rep1,a038ed06-f5f4-4e6b-af5e-679eef330213,3895232,42,42.0,15934386500,16923341500,16925194100,1781307109044-0
concurrency_n20_20260613_003117_redis_feed17_rep1,redis,sb:events:n20:feed17:rep1,4aeefc29-0cc0-483d-bf07-9b832155bda0,3895232,42,42.0,15934386500,16925623900,16926915300,1781307109046-0
concurrency_n20_20260613_003117_redis_feed17_rep1,redis,sb:events:n20:feed17:rep1,88b6503f-b7ef-4671-8e00-5ce2fc49c9f7,3895107,42,0.35,15587303166,16927230700,16928443800,1781307109048-0
concurrency_n20_20260613_003117_redis_feed17_rep1,redis,sb:events:n20:feed17:rep1,0ada3c93-0dea-44b3-838b-308d7032cb53,3895134,43,0.3583333333333333,15587372611,16928749400,16929912300,1781307109049-0
concurrency_n20_20260613_003117_redis_feed17_rep1,redis,sb:events:n20:feed17:rep1,490ee852-fb5c-4bc5-9ad4-60c7fa3aeb35,3895060,43,0.3583333333333333,15587372611,16930293800,16931457800,1781307109051-0
concurrency_n20_20260613_003117_redis_feed17_rep1,redis,sb:events:n20:feed17:rep1,e2b37f00-81ce-493d-9f04-3b60b2d08ff3,3895060,43,0.3583333333333333,15587372611,16931775300,16932711000,1781307109052-0
concurrency_n20_20260613_003117_redis_feed17_rep1,redis,sb:events:n20:feed17:rep1,33f17635-b8f6-4118-a3df-72500fc4136b,3895060,43,0.3583333333333333,15587372611,16933273500,16935097400,1781307109054-0
concurrency_n20_20260613_003117_redis_feed17_rep1,redis,sb:events:n20:feed17:rep1,e04ea77c-949a-42c1-a58b-9b2cd5ec3f86,3895086,43,0.3583333333333333,15587372611,16935426600,16936318600,1781307109056-0
concurrency_n20_20260613_003117_redis_feed17_rep1,redis,sb:events:n20:feed17:rep1,ea294bae-9cde-4a49-ba92-8de0e5558724,3895086,43,0.3583333333333333,15587372611,16936757600,16937529800,1781307109057-0
concurrency_n20_20260613_003117_redis_feed17_rep1,redis,sb:events:n20:feed17:rep1,bf7dd8ff-3505-484f-b34a-1cfbd05f5203,3895086,43,0.3583333333333333,15587372611,16937765500,16938666600,1781307109058-0
concurrency_n20_20260613_003117_redis_feed17_rep1,redis,sb:events:n20:feed17:rep1,7e09cb25-daea-481e-a291-444a2e190a68,3895113,43,0.3583333333333333,15587372611,16938894000,16939906700,1781307109059-0
concurrency_n20_20260613_003117_redis_feed17_rep1,redis,sb:events:n20:feed17:rep1,d76346c1-1874-4256-8d60-6635aac01b3c,3895232,43,43.0,15942719833,16940166900,16941529200,1781307109060-0
concurrency_n20_20260613_003117_redis_feed17_rep1,redis,sb:events:n20:feed17:rep1,4334c761-3d76-4734-89ce-0d25fd4d1d5c,3895067,44,0.3666666666666666,15587442055,16941921400,16943346700,1781307109062-0
concurrency_n20_20260613_003117_redis_feed17_rep1,redis,sb:events:n20:feed17:rep1,de2f5dd9-8866-4731-8ba6-b62075693025,3895067,44,0.3666666666666666,15587442055,16943836900,16945047700,1781307109064-0
concurrency_n20_20260613_003117_redis_feed17_rep1,redis,sb:events:n20:feed17:rep1,e607fbaf-57c6-46a5-9065-cd6ef1483ee7,3895060,44,0.3666666666666666,15587442055,16945332300,16946279300,1781307109065-0
concurrency_n20_20260613_003117_redis_feed17_rep1,redis,sb:events:n20:feed17:rep1,b081c486-1265-44bc-9b1e-bdbab86027bc,3895060,44,0.3666666666666666,15587442055,16946571000,16947525900,1781307109067-0
concurrency_n20_20260613_003117_redis_feed17_rep1,redis,sb:events:n20:feed17:rep1,1294206e-9663-4a6b-9df5-c439b597a356,3895086,44,0.3666666666666666,15587442055,16947996000,16948839200,1781307109068-0
concurrency_n20_20260613_003117_redis_feed17_rep1,redis,sb:events:n20:feed17:rep1,6e6d3a04-3b2d-4594-912c-ef552bb70b66,3895121,44,0.3666666666666666,15587442055,16949116600,16950226700,1781307109069-0
concurrency_n20_20260613_003117_redis_feed17_rep1,redis,sb:events:n20:feed17:rep1,b7d0f261-5334-4d69-96af-25ae011560ca,3895121,44,0.3666666666666666,15587442055,16950492900,16951676000,1781307109071-0
concurrency_n20_20260613_003117_redis_feed17_rep1,redis,sb:events:n20:feed17:rep1,f8c0a1ad-f443-4ca7-8b72-a95eaaea69a5,3895232,44,44.0,15951053166,16951911900,16952663000,1781307109072-0
concurrency_n20_20260613_003117_redis_feed17_rep1,redis,sb:events:n20:feed17:rep1,91ef59e0-4e9f-46a7-a444-5d8c7782a72b,3895232,44,44.0,15951053166,16952886900,16961185400,1781307109079-0
concurrency_n20_20260613_003117_redis_feed17_rep1,redis,sb:events:n20:feed17:rep1,5dcc52b3-065b-4217-8bfb-bf18a64defdf,3895232,44,44.0,15951053166,16961540600,16981965400,1781307109096-0
concurrency_n20_20260613_003117_redis_feed17_rep1,redis,sb:events:n20:feed17:rep1,6bfc5905-fd3d-4a0f-8dd4-e66a22373576,3895134,45,0.375,15587511500,16982477500,16985200900,1781307109104-0
concurrency_n20_20260613_003117_redis_feed17_rep1,redis,sb:events:n20:feed17:rep1,2083aef2-6d41-4a34-8a5a-4a3775a71852,3895134,45,0.375,15587511500,16985553500,16987833100,1781307109107-0
concurrency_n20_20260613_003117_redis_feed17_rep1,redis,sb:events:n20:feed17:rep1,e7838e3a-3874-4ca3-b660-ea74ef2c384d,3895060,45,0.375,15587511500,16988151600,16989547200,1781307109109-0
concurrency_n20_20260613_003117_redis_feed17_rep1,redis,sb:events:n20:feed17:rep1,58cdc1d1-788b-4e0b-a07b-84d6db9ad04b,3895086,45,0.375,15587511500,16989820700,16991450800,1781307109110-0
concurrency_n20_20260613_003117_redis_feed17_rep1,redis,sb:events:n20:feed17:rep1,959b2e5b-016f-4594-9d72-537819b03bd8,3895086,45,0.375,15587511500,16991708500,16996510600,1781307109113-0
concurrency_n20_20260613_003117_redis_feed17_rep1,redis,sb:events:n20:feed17:rep1,43d448f5-3161-4484-a1e9-7ead8dbb8df2,3895113,45,0.375,15587511500,16996918100,17000990300,1781307109117-0
concurrency_n20_20260613_003117_redis_feed17_rep1,redis,sb:events:n20:feed17:rep1,7baac0c7-203d-4e43-89f7-7d482a26ee0d,3895121,45,0.375,15587511500,17001849100,17003159100,1781307109122-0
concurrency_n20_20260613_003117_redis_feed17_rep1,redis,sb:events:n20:feed17:rep1,31bf416b-2f8b-436b-a233-07d16a05f948,3895113,45,0.375,15587511500,17003575200,17004391700,1781307109124-0
concurrency_n20_20260613_003117_redis_feed17_rep1,redis,sb:events:n20:feed17:rep1,84b5ba76-8141-4875-82aa-039802b7b1e9,3895113,45,0.375,15587511500,17004623800,17005415900,1781307109125-0
concurrency_n20_20260613_003117_redis_feed17_rep1,redis,sb:events:n20:feed17:rep1,e3273cf2-158a-44d2-a12f-f986f190a1e0,3895232,45,45.0,15959386500,17005823800,17006890500,1781307109126-0
concurrency_n20_20260613_003117_redis_feed17_rep1,redis,sb:events:n20:feed17:rep1,71655e57-3765-4c7e-94cb-715a04d859ae,3895232,45,45.0,15959386500,17007143300,17023889100,1781307109143-0
concurrency_n20_20260613_003117_redis_feed17_rep1,redis,sb:events:n20:feed17:rep1,415f5404-0707-4f90-8e8f-6b9b2a06ee4b,3895232,45,45.0,15959386500,17024216700,17025512700,1781307109145-0
concurrency_n20_20260613_003117_redis_feed17_rep1,redis,sb:events:n20:feed17:rep1,87666b3c-fae0-4ec8-a71d-c2d3be7beb84,3895052,46,0.3833333333333333,15587580944,17025933400,17028381600,1781307109147-0
concurrency_n20_20260613_003117_redis_feed17_rep1,redis,sb:events:n20:feed17:rep1,89e0e216-29e0-4bad-b415-358338ffc09f,3895121,46,0.3833333333333333,15587580944,17028699800,17041511400,1781307109160-0
concurrency_n20_20260613_003117_redis_feed17_rep1,redis,sb:events:n20:feed17:rep1,533800e7-a633-4c16-989e-88d349c01143,3895113,46,0.3833333333333333,15587580944,17041797100,17043540200,1781307109162-0
concurrency_n20_20260613_003117_redis_feed17_rep1,redis,sb:events:n20:feed17:rep1,d89e19a6-f52d-4c1d-a252-f8db36bbaf0e,3895232,46,46.0,15967719833,17043976800,17062778000,1781307109181-0
concurrency_n20_20260613_003117_redis_feed17_rep1,redis,sb:events:n20:feed17:rep1,351f7fc6-14b7-46ba-9fb9-04f41961ded3,3895052,47,0.3916666666666666,15587650388,17063237400,17079732100,1781307109199-0
concurrency_n20_20260613_003117_redis_feed17_rep1,redis,sb:events:n20:feed17:rep1,fdc51a4b-28c8-4fce-84e7-171fe7b1d4b6,3895052,47,0.3916666666666666,15587650388,17080096400,17081159700,1781307109200-0
concurrency_n20_20260613_003117_redis_feed17_rep1,redis,sb:events:n20:feed17:rep1,f2ada232-d480-4ba1-abd7-75e39f0030a3,3895060,47,0.3916666666666666,15587650388,17081614700,17082444100,1781307109202-0
concurrency_n20_20260613_003117_redis_feed17_rep1,redis,sb:events:n20:feed17:rep1,79dceb5a-d57a-4e48-9857-49a39de9e10c,3895060,47,0.3916666666666666,15587650388,17082722100,17083981000,1781307109203-0
concurrency_n20_20260613_003117_redis_feed17_rep1,redis,sb:events:n20:feed17:rep1,0c0f4cd0-cd24-4049-a9c1-842b9ce36562,3895060,47,0.3916666666666666,15587650388,17084354500,17085471900,1781307109205-0
concurrency_n20_20260613_003117_redis_feed17_rep1,redis,sb:events:n20:feed17:rep1,84b91a86-06e0-4c92-b90f-5cad36b09d13,3895232,47,47.0,15976053166,17085737700,17086670000,1781307109206-0
concurrency_n20_20260613_003117_redis_feed17_rep1,redis,sb:events:n20:feed17:rep1,dbd409be-6bb7-4689-8d14-8c516ae2dc95,3895232,47,47.0,15976053166,17086972800,17087793100,1781307109207-0
concurrency_n20_20260613_003117_redis_feed17_rep1,redis,sb:events:n20:feed17:rep1,44bb970f-5a28-44c7-8a6e-c3d53b12e58c,3895232,47,47.0,15976053166,17088094000,17094827300,1781307109214-0
concurrency_n20_20260613_003117_redis_feed17_rep1,redis,sb:events:n20:feed17:rep1,04713f82-6bc1-4e6b-904b-eb4fd56d5eb3,3895067,48,0.4,15587719833,17095222900,17096074400,1781307109215-0
concurrency_n20_20260613_003117_redis_feed17_rep1,redis,sb:events:n20:feed17:rep1,5f268cd7-74fc-4aea-9caa-8cdf9d717648,3895067,48,0.4,15587719833,17097049600,17098170600,1781307109217-0
concurrency_n20_20260613_003117_redis_feed17_rep1,redis,sb:events:n20:feed17:rep1,76fa657c-52d9-444e-8432-b36a4d76771f,3895067,48,0.4,15587719833,17098485700,17099764100,1781307109219-0
concurrency_n20_20260613_003117_redis_feed17_rep1,redis,sb:events:n20:feed17:rep1,96bd8297-91b0-47fc-a7b2-2c433ec2e694,3895052,48,0.4,15587719833,17100070600,17104279000,1781307109222-0
concurrency_n20_20260613_003117_redis_feed17_rep1,redis,sb:events:n20:feed17:rep1,8d0349fb-568c-440c-9069-42adbf1f9c3a,3895052,48,0.4,15587719833,17104716200,17106939400,1781307109226-0
concurrency_n20_20260613_003117_redis_feed17_rep1,redis,sb:events:n20:feed17:rep1,f5c259e0-c5c7-49b0-9c59-02585ab58986,3895086,48,0.4,15587719833,17107963000,17141097900,1781307109245-0
concurrency_n20_20260613_003117_redis_feed17_rep1,redis,sb:events:n20:feed17:rep1,e008a8be-aa49-49e9-bd13-a93552b5c052,3895113,48,0.4,15587719833,17141497800,17143214400,1781307109262-0
concurrency_n20_20260613_003117_redis_feed17_rep1,redis,sb:events:n20:feed17:rep1,185e5c29-07e0-46cd-85cf-600e4d12a9e8,3895232,48,48.0,15984386500,17143513400,17144526700,1781307109264-0
concurrency_n20_20260613_003117_redis_feed17_rep1,redis,sb:events:n20:feed17:rep1,b27cafcd-2e27-49ec-ae11-a983f75ce872,3895232,48,48.0,15984386500,17144833500,17145718600,1781307109265-0
concurrency_n20_20260613_003117_redis_feed17_rep1,redis,sb:events:n20:feed17:rep1,52c5934a-4d21-4eea-a309-ed23ee3e174d,3895232,48,48.0,15984386500,17146005400,17146587400,1781307109266-0
concurrency_n20_20260613_003117_redis_feed17_rep1,redis,sb:events:n20:feed17:rep1,b284c214-05bc-4b22-82d7-5c63628d6558,3895232,48,48.0,15984386500,17146846200,17148017900,1781307109267-0
concurrency_n20_20260613_003117_redis_feed17_rep1,redis,sb:events:n20:feed17:rep1,cda89eb4-2a08-49d3-b303-e8d036641f46,3895134,49,0.4083333333333333,15587789277,17148308700,17149075300,1781307109268-0
concurrency_n20_20260613_003117_redis_feed17_rep1,redis,sb:events:n20:feed17:rep1,dc5c5cf4-f423-403a-b51c-979540ef7622,3895060,49,0.4083333333333333,15587789277,17149423000,17150475200,1781307109270-0
concurrency_n20_20260613_003117_redis_feed17_rep1,redis,sb:events:n20:feed17:rep1,1a55229e-3379-44ed-a2d0-4c24a2d6169a,3895060,49,0.4083333333333333,15587789277,17150697300,17151735000,1781307109271-0
concurrency_n20_20260613_003117_redis_feed17_rep1,redis,sb:events:n20:feed17:rep1,fac5aea2-5596-489a-968e-56f16712940d,3895107,49,0.4083333333333333,15587789277,17152066900,17153717800,1781307109272-0
concurrency_n20_20260613_003117_redis_feed17_rep1,redis,sb:events:n20:feed17:rep1,cfbc0909-f96d-45b1-9661-522e4e753af6,3895232,49,49.0,15992719833,17154196500,17155049000,1781307109274-0
concurrency_n20_20260613_003117_redis_feed17_rep1,redis,sb:events:n20:feed17:rep1,ab760bac-2290-45a7-8f5a-e1cffd925867,3895232,49,49.0,15992719833,17155428000,17156263600,1781307109276-0
concurrency_n20_20260613_003117_redis_feed17_rep1,redis,sb:events:n20:feed17:rep1,efcf17d5-c042-4aaf-b0d7-93d7c93295e4,3895067,50,0.4166666666666667,15587858722,17156582600,17157518400,1781307109277-0
concurrency_n20_20260613_003117_redis_feed17_rep1,redis,sb:events:n20:feed17:rep1,47018dac-e300-4c82-be64-a8bc5b624fe0,3895052,50,0.4166666666666667,15587858722,17157833300,17158757600,1781307109278-0
concurrency_n20_20260613_003117_redis_feed17_rep1,redis,sb:events:n20:feed17:rep1,e3fd3a05-da3c-47a0-a92c-2719348c579e,3895052,50,0.4166666666666667,15587858722,17159122900,17160329900,1781307109280-0
concurrency_n20_20260613_003117_redis_feed17_rep1,redis,sb:events:n20:feed17:rep1,2128811a-aed8-4767-93e5-6b8c8d052321,3895086,50,0.4166666666666667,15587858722,17160590600,17162069700,1781307109281-0
concurrency_n20_20260613_003117_redis_feed17_rep1,redis,sb:events:n20:feed17:rep1,3aac7306-7a20-48a5-899a-01fd2c81174c,3895086,50,0.4166666666666667,15587858722,17162328500,17163142000,1781307109282-0
concurrency_n20_20260613_003117_redis_feed17_rep1,redis,sb:events:n20:feed17:rep1,2776e660-6018-41ee-a851-c1d3110acce6,3895107,50,0.4166666666666667,15587858722,17163449800,17164170700,1781307109284-0
concurrency_n20_20260613_003117_redis_feed17_rep1,redis,sb:events:n20:feed17:rep1,fd3aeff8-4268-476c-9189-7980aa44e693,3895107,50,0.4166666666666667,15587858722,17164351400,17165579500,1781307109285-0
concurrency_n20_20260613_003117_redis_feed17_rep1,redis,sb:events:n20:feed17:rep1,868c8013-7306-466b-93e7-217812448fd5,3895134,51,0.425,15587928166,17165812400,17166583600,1781307109286-0
concurrency_n20_20260613_003117_redis_feed17_rep1,redis,sb:events:n20:feed17:rep1,3001fadd-127b-4ce2-8879-42a84e9d6d18,3895134,51,0.425,15587928166,17166800300,17168084400,1781307109287-0
concurrency_n20_20260613_003117_redis_feed17_rep1,redis,sb:events:n20:feed17:rep1,671975c8-652d-4d37-a960-34ea283e6839,3895067,51,0.425,15587928166,17168476800,17170070400,1781307109289-0
concurrency_n20_20260613_003117_redis_feed17_rep1,redis,sb:events:n20:feed17:rep1,e6696fb9-60bc-4c61-804c-d5089d51dbfc,3895134,51,0.425,15587928166,17170721400,17171856400,1781307109291-0
concurrency_n20_20260613_003117_redis_feed17_rep1,redis,sb:events:n20:feed17:rep1,dd68b07e-7dda-40cd-be54-f8f588fb2d65,3895067,51,0.425,15587928166,17172191500,17173350600,1781307109293-0
concurrency_n20_20260613_003117_redis_feed17_rep1,redis,sb:events:n20:feed17:rep1,a204aa5b-dd2a-4419-b242-75fb830e408a,3895067,51,0.425,15587928166,17173628500,17174428600,1781307109294-0
concurrency_n20_20260613_003117_redis_feed17_rep1,redis,sb:events:n20:feed17:rep1,6a0f8b8e-4e1b-42ee-b523-30b9a57b096e,3895052,51,0.425,15587928166,17174681700,17175470500,1781307109295-0
concurrency_n20_20260613_003117_redis_feed17_rep1,redis,sb:events:n20:feed17:rep1,cbe82ece-02bd-4fb5-9e40-ca8251b72ec7,3895086,51,0.425,15587928166,17175745000,17176522800,1781307109296-0
concurrency_n20_20260613_003117_redis_feed17_rep1,redis,sb:events:n20:feed17:rep1,77377af1-c630-4e85-8bdb-0ca5557b3287,3895107,51,0.425,15587928166,17177040000,17177792100,1781307109297-0
concurrency_n20_20260613_003117_redis_feed17_rep1,redis,sb:events:n20:feed17:rep1,ee90bada-1c6b-428a-aacb-049c3b7d8627,3895107,51,0.425,15587928166,17178005400,17178663300,1781307109298-0
concurrency_n20_20260613_003117_redis_feed17_rep1,redis,sb:events:n20:feed17:rep1,43d10675-f46f-4529-b68d-2cb72e3bc959,3895107,51,0.425,15587928166,17178909300,17179877900,1781307109299-0
concurrency_n20_20260613_003117_redis_feed17_rep1,redis,sb:events:n20:feed17:rep1,098845c7-c0d6-49d4-a7e8-62ad71df1740,3895107,51,0.425,15587928166,17180153400,17181003900,1781307109300-0
concurrency_n20_20260613_003117_redis_feed17_rep1,redis,sb:events:n20:feed17:rep1,7b0bb4e0-11e8-47ec-b963-780b060ecd67,3895107,51,0.425,15587928166,17181372000,17182271600,1781307109302-0
concurrency_n20_20260613_003117_redis_feed17_rep1,redis,sb:events:n20:feed17:rep1,0138382f-c7f1-453f-a804-e83d80388701,3895134,52,0.4333333333333333,15587997611,17182590500,17183531600,1781307109303-0
concurrency_n20_20260613_003117_redis_feed17_rep1,redis,sb:events:n20:feed17:rep1,b6598ae5-294f-495f-8871-3ed5da30a210,3895067,52,0.4333333333333333,15587997611,17183884500,17184852500,1781307109304-0
concurrency_n20_20260613_003117_redis_feed17_rep1,redis,sb:events:n20:feed17:rep1,6258c422-389a-4b00-9a65-a893eb7f7fbd,3895067,52,0.4333333333333333,15587997611,17185093800,17185943800,1781307109305-0
concurrency_n20_20260613_003117_redis_feed17_rep1,redis,sb:events:n20:feed17:rep1,43b4b6c3-f7eb-4660-9535-85090ee4a9c7,3895086,52,0.4333333333333333,15587997611,17186149900,17186823900,1781307109306-0
concurrency_n20_20260613_003117_redis_feed17_rep1,redis,sb:events:n20:feed17:rep1,0824066b-6377-4f4d-b9d6-b892e16165cf,3895086,52,0.4333333333333333,15587997611,17187047300,17187838200,1781307109307-0
concurrency_n20_20260613_003117_redis_feed17_rep1,redis,sb:events:n20:feed17:rep1,c45e4c17-d965-492f-bf68-f2cc34aea3c6,3895107,52,0.4333333333333333,15587997611,17188055200,17188782500,1781307109308-0
concurrency_n20_20260613_003117_redis_feed17_rep1,redis,sb:events:n20:feed17:rep1,3ff1967f-6e9f-4711-9f48-702eea0b78d3,3895107,52,0.4333333333333333,15587997611,17189002300,17189718900,1781307109309-0
concurrency_n20_20260613_003117_redis_feed17_rep1,redis,sb:events:n20:feed17:rep1,96ea2de8-5048-4c0b-8150-f63d4f8ed857,3895232,52,52.0,16017719833,17189916600,17190729100,1781307109310-0
concurrency_n20_20260613_003117_redis_feed17_rep1,redis,sb:events:n20:feed17:rep1,6e2588dc-b649-4712-be57-0cfc6aa49e39,3895232,52,52.0,16017719833,17191072300,17192114000,1781307109311-0
concurrency_n20_20260613_003117_redis_feed17_rep1,redis,sb:events:n20:feed17:rep1,7773b9fa-34dc-44fc-95f0-80ebcf280e8c,3895074,53,0.4416666666666666,15588067055,17192420200,17193183200,1781307109313-0
concurrency_n20_20260613_003117_redis_feed17_rep1,redis,sb:events:n20:feed17:rep1,439b5ce9-bc81-47ba-8976-7bcd6b7de738,3895052,53,0.4416666666666666,15588067055,17193423800,17196244400,1781307109315-0
concurrency_n20_20260613_003117_redis_feed17_rep1,redis,sb:events:n20:feed17:rep1,e9064962-a3ad-4469-be2a-58f85fcc0a21,3895067,53,0.4416666666666666,15588067055,17196559900,17197377500,1781307109317-0
concurrency_n20_20260613_003117_redis_feed17_rep1,redis,sb:events:n20:feed17:rep1,65bd167c-af9e-4117-a832-2bd3eab41c47,3895052,53,0.4416666666666666,15588067055,17197611900,17198573300,1781307109318-0
concurrency_n20_20260613_003117_redis_feed17_rep1,redis,sb:events:n20:feed17:rep1,f410a2e4-a20a-4740-9789-df374ad99354,3895134,54,0.45,15588136500,17198949500,17199862000,1781307109319-0
concurrency_n20_20260613_003117_redis_feed17_rep1,redis,sb:events:n20:feed17:rep1,ded4b97c-05de-492d-afdf-293ace2b3224,3895134,54,0.45,15588136500,17200254700,17201169000,1781307109320-0
concurrency_n20_20260613_003117_redis_feed17_rep1,redis,sb:events:n20:feed17:rep1,4e0d3771-4b3b-409c-98fd-b89277a436ea,3895067,54,0.45,15588136500,17201751200,17202912900,1781307109322-0
concurrency_n20_20260613_003117_redis_feed17_rep1,redis,sb:events:n20:feed17:rep1,424b5613-2a63-4bf4-8cfe-75e394f8c6df,3895095,54,0.45,15588136500,17203203300,17203782400,1781307109323-0
concurrency_n20_20260613_003117_redis_feed17_rep1,redis,sb:events:n20:feed17:rep1,d626a450-651a-452f-8bd2-40bd73e5570f,3895052,54,0.45,15588136500,17204028300,17205026100,1781307109324-0
concurrency_n20_20260613_003117_redis_feed17_rep1,redis,sb:events:n20:feed17:rep1,a2f0fa0d-a8be-4dae-886f-c4f1e40c1b23,3895060,54,0.45,15588136500,17205710100,17206655300,1781307109326-0
concurrency_n20_20260613_003117_redis_feed17_rep1,redis,sb:events:n20:feed17:rep1,b9207043-5322-448b-9124-e5f49b7edaf7,3895086,54,0.45,15588136500,17206901700,17207995900,1781307109327-0
concurrency_n20_20260613_003117_redis_feed17_rep1,redis,sb:events:n20:feed17:rep1,1460eb08-2012-432c-a8e7-84f690090f16,3895232,54,54.0,16034386500,17208571800,17209284600,1781307109329-0
concurrency_n20_20260613_003117_redis_feed17_rep1,redis,sb:events:n20:feed17:rep1,e1d2c923-83b7-44a3-9470-01168fee2110,3895232,54,54.0,16034386500,17209551900,17210487000,1781307109330-0
concurrency_n20_20260613_003117_redis_feed17_rep1,redis,sb:events:n20:feed17:rep1,27dec36b-576b-4c9b-9731-c3de62af9af2,3895232,54,54.0,16034386500,17210751900,17211469700,1781307109331-0
concurrency_n20_20260613_003117_redis_feed17_rep1,redis,sb:events:n20:feed17:rep1,9911fd66-45b0-4a60-bc65-1e3c1fb971fc,3895232,54,54.0,16034386500,17211670000,17212407200,1781307109332-0
concurrency_n20_20260613_003117_redis_feed17_rep1,redis,sb:events:n20:feed17:rep1,f39a69f5-2e2b-496a-9f94-591e8b152d22,3895067,55,0.4583333333333333,15588205944,17212754700,17213797900,1781307109333-0
concurrency_n20_20260613_003117_redis_feed17_rep1,redis,sb:events:n20:feed17:rep1,437f9130-077f-43ac-81f2-d1c218161259,3895052,55,0.4583333333333333,15588205944,17214143700,17214984300,1781307109334-0
concurrency_n20_20260613_003117_redis_feed17_rep1,redis,sb:events:n20:feed17:rep1,c96ef0ba-2909-41e9-a9b0-43407092a108,3895067,55,0.4583333333333333,15588205944,17215190100,17215885400,1781307109335-0
concurrency_n20_20260613_003117_redis_feed17_rep1,redis,sb:events:n20:feed17:rep1,def5f329-5561-402c-a454-962f20833a5e,3895052,55,0.4583333333333333,15588205944,17216119000,17217222800,1781307109337-0
concurrency_n20_20260613_003117_redis_feed17_rep1,redis,sb:events:n20:feed17:rep1,d1da2207-3155-4079-bbef-e54815cde0d4,3895067,55,0.4583333333333333,15588205944,17217458800,17218208700,1781307109338-0
concurrency_n20_20260613_003117_redis_feed17_rep1,redis,sb:events:n20:feed17:rep1,edf8e33e-3227-4baf-8b1e-c9798a4bffb1,3895060,55,0.4583333333333333,15588205944,17218435200,17219230300,1781307109339-0
concurrency_n20_20260613_003117_redis_feed17_rep1,redis,sb:events:n20:feed17:rep1,afda6e2d-5673-419e-946e-2a513db81b5e,3895060,55,0.4583333333333333,15588205944,17219491600,17220641000,1781307109340-0
concurrency_n20_20260613_003117_redis_feed17_rep1,redis,sb:events:n20:feed17:rep1,86442978-c9ac-4f8b-a277-3c2aea80938f,3895086,55,0.4583333333333333,15588205944,17221602900,17222962600,1781307109342-0
concurrency_n20_20260613_003117_redis_feed17_rep1,redis,sb:events:n20:feed17:rep1,ac9f8882-ceb0-433a-a7ce-42572013a74e,3895086,55,0.4583333333333333,15588205944,17223281200,17224113000,1781307109344-0
concurrency_n20_20260613_003117_redis_feed17_rep1,redis,sb:events:n20:feed17:rep1,db2260b8-339c-4012-80d4-af54e4fefdb1,3895107,55,0.4583333333333333,15588205944,17224360800,17225122800,1781307109345-0
concurrency_n20_20260613_003117_redis_feed17_rep1,redis,sb:events:n20:feed17:rep1,6fa9e978-a06d-4ccb-856f-d1582b5abd82,3895107,55,0.4583333333333333,15588205944,17225457300,17226427100,1781307109346-0
concurrency_n20_20260613_003117_redis_feed17_rep1,redis,sb:events:n20:feed17:rep1,e7e4cb72-ce69-4bab-b7d1-1bfaf6e47af1,3895107,55,0.4583333333333333,15588205944,17226701700,17227540000,1781307109347-0
concurrency_n20_20260613_003117_redis_feed17_rep1,redis,sb:events:n20:feed17:rep1,4ee5d31d-6e7c-4942-8760-1f2e13c7ba9c,3895074,56,0.4666666666666667,15588275388,17227783500,17228784700,1781307109348-0
concurrency_n20_20260613_003117_redis_feed17_rep1,redis,sb:events:n20:feed17:rep1,592ec0c8-e456-449d-a137-235f6bfd6017,3895074,56,0.4666666666666667,15588275388,17229436500,17232788200,1781307109352-0
concurrency_n20_20260613_003117_redis_feed17_rep1,redis,sb:events:n20:feed17:rep1,437249ff-c7a3-4486-836a-2c9089708413,3895074,56,0.4666666666666667,15588275388,17233154700,17251157200,1781307109370-0
concurrency_n20_20260613_003117_redis_feed17_rep1,redis,sb:events:n20:feed17:rep1,f90ccdda-1623-4c46-83d7-a93b10bbb095,3895134,56,0.4666666666666667,15588275388,17251849000,17255402700,1781307109374-0
concurrency_n20_20260613_003117_redis_feed17_rep1,redis,sb:events:n20:feed17:rep1,d38e730e-330c-42a9-8889-f2b613aae2a5,3895134,56,0.4666666666666667,15588275388,17255754500,17257178000,1781307109376-0
concurrency_n20_20260613_003117_redis_feed17_rep1,redis,sb:events:n20:feed17:rep1,c0a6ff18-bef9-4da4-a93d-df405de515ca,3895134,56,0.4666666666666667,15588275388,17257433300,17258458300,1781307109378-0
concurrency_n20_20260613_003117_redis_feed17_rep1,redis,sb:events:n20:feed17:rep1,842b2425-b726-4944-88b7-6e59c5144f28,3895052,56,0.4666666666666667,15588275388,17258711000,17261351400,1781307109379-0
concurrency_n20_20260613_003117_redis_feed17_rep1,redis,sb:events:n20:feed17:rep1,6260cbb1-d2f6-4026-baaa-31ce8297fc11,3895060,56,0.4666666666666667,15588275388,17261654600,17262625100,1781307109382-0
concurrency_n20_20260613_003117_redis_feed17_rep1,redis,sb:events:n20:feed17:rep1,597f312d-75ca-4d9d-bba8-27ea4be07ca1,3895086,56,0.4666666666666667,15588275388,17262884000,17264449300,1781307109383-0
concurrency_n20_20260613_003117_redis_feed17_rep1,redis,sb:events:n20:feed17:rep1,425f41d2-7da1-4c10-b0f5-cc89c05ea4fe,3895086,56,0.4666666666666667,15588275388,17264863600,17268282100,1781307109387-0
concurrency_n20_20260613_003117_redis_feed17_rep1,redis,sb:events:n20:feed17:rep1,a38a5179-ed61-4c45-ab30-f6e861acd9a8,3895086,56,0.4666666666666667,15588275388,17268685400,17269943600,1781307109389-0
concurrency_n20_20260613_003117_redis_feed17_rep1,redis,sb:events:n20:feed17:rep1,e2de8d47-cc41-49eb-a56e-8da9b62c1102,3895086,56,0.4666666666666667,15588275388,17270183200,17271270600,1781307109391-0
concurrency_n20_20260613_003117_redis_feed17_rep1,redis,sb:events:n20:feed17:rep1,b608a12f-beb4-4db1-9424-437a6d8b6ff1,3895107,56,0.4666666666666667,15588275388,17271613500,17273587800,1781307109392-0
concurrency_n20_20260613_003117_redis_feed17_rep1,redis,sb:events:n20:feed17:rep1,38a429db-494a-4c85-9245-e989a3f81915,3895107,56,0.4666666666666667,15588275388,17273847300,17275541700,1781307109395-0
concurrency_n20_20260613_003117_redis_feed17_rep1,redis,sb:events:n20:feed17:rep1,129e9e4c-4a52-491d-89a9-fb8b711d3de0,3895095,57,0.475,15588344833,17275950000,17278041300,1781307109396-0
concurrency_n20_20260613_003117_redis_feed17_rep1,redis,sb:events:n20:feed17:rep1,cf6f40da-1c9d-4066-80cc-915eb4f227de,3895134,57,0.475,15588344833,17278470600,17279357700,1781307109399-0
concurrency_n20_20260613_003117_redis_feed17_rep1,redis,sb:events:n20:feed17:rep1,43c4c705-3da0-414e-b853-cb075fc6bc69,3895134,57,0.475,15588344833,17279615600,17280577500,1781307109400-0
concurrency_n20_20260613_003117_redis_feed17_rep1,redis,sb:events:n20:feed17:rep1,0b9a69ba-96cd-4641-b931-eff7dce3a2f8,3895134,57,0.475,15588344833,17280949700,17282088600,1781307109401-0
concurrency_n20_20260613_003117_redis_feed17_rep1,redis,sb:events:n20:feed17:rep1,d377d77b-8a2f-4385-b85e-ff34ae6fc979,3895067,57,0.475,15588344833,17282341300,17283139000,1781307109403-0
concurrency_n20_20260613_003117_redis_feed17_rep1,redis,sb:events:n20:feed17:rep1,df30aec4-f392-4ae8-8617-ebfbcfafc297,3895052,57,0.475,15588344833,17283428500,17284226200,1781307109404-0
concurrency_n20_20260613_003117_redis_feed17_rep1,redis,sb:events:n20:feed17:rep1,18d94d6f-1440-4daa-80a9-47f19ee5186b,3895067,57,0.475,15588344833,17284497800,17285265200,1781307109405-0
concurrency_n20_20260613_003117_redis_feed17_rep1,redis,sb:events:n20:feed17:rep1,47099e16-f149-4698-ab0f-18dd33415330,3895052,57,0.475,15588344833,17285584100,17286937500,1781307109406-0
concurrency_n20_20260613_003117_redis_feed17_rep1,redis,sb:events:n20:feed17:rep1,909fb80b-31ba-4530-924f-36e24598500e,3895060,57,0.475,15588344833,17288095400,17289204800,1781307109408-0
concurrency_n20_20260613_003117_redis_feed17_rep1,redis,sb:events:n20:feed17:rep1,f5b43151-5fdf-4d15-a30b-4ff7b695c61f,3895060,57,0.475,15588344833,17289585400,17290389100,1781307109410-0
concurrency_n20_20260613_003117_redis_feed17_rep1,redis,sb:events:n20:feed17:rep1,f75fcf2d-b54f-4930-8863-1a48eba0ad9b,3895086,57,0.475,15588344833,17290618000,17292857300,1781307109411-0
concurrency_n20_20260613_003117_redis_feed17_rep1,redis,sb:events:n20:feed17:rep1,0050f3cf-d991-464f-9340-a30c01c082d8,3895086,57,0.475,15588344833,17293618700,17294671900,1781307109414-0
concurrency_n20_20260613_003117_redis_feed17_rep1,redis,sb:events:n20:feed17:rep1,0c14b70a-ac75-4bf6-b4df-53b669c54b6c,3895074,58,0.4833333333333333,15588414277,17295093900,17296140500,1781307109415-0
concurrency_n20_20260613_003117_redis_feed17_rep1,redis,sb:events:n20:feed17:rep1,9f945bf8-24a8-4f64-9dd4-5a1c5c201981,3895095,58,0.4833333333333333,15588414277,17296420800,17297368500,1781307109417-0
concurrency_n20_20260613_003117_redis_feed17_rep1,redis,sb:events:n20:feed17:rep1,36a42e6a-c56b-4d28-9ed5-75fef386b165,3895052,58,0.4833333333333333,15588414277,17297632500,17298608900,1781307109418-0
concurrency_n20_20260613_003117_redis_feed17_rep1,redis,sb:events:n20:feed17:rep1,4ef419c9-5ff0-444e-86a6-50a703b1769f,3895107,58,0.4833333333333333,15588414277,17298841100,17299657300,1781307109419-0
concurrency_n20_20260613_003117_redis_feed17_rep1,redis,sb:events:n20:feed17:rep1,41969f07-3af9-4753-98e8-69fbd27d21a4,3895095,59,0.4916666666666666,15588483722,17299958600,17300924700,1781307109420-0
concurrency_n20_20260613_003117_redis_feed17_rep1,redis,sb:events:n20:feed17:rep1,5674247a-ead4-4a96-bd38-ef2319eecf34,3895134,59,0.4916666666666666,15588483722,17301209100,17302032300,1781307109421-0
concurrency_n20_20260613_003117_redis_feed17_rep1,redis,sb:events:n20:feed17:rep1,8be02bf7-5395-4605-b57b-8f501e04d189,3895067,59,0.4916666666666666,15588483722,17302361000,17303088900,1781307109423-0
concurrency_n20_20260613_003117_redis_feed17_rep1,redis,sb:events:n20:feed17:rep1,b7b039ca-bac1-4467-af8e-0fd8796bb6c9,3895052,59,0.4916666666666666,15588483722,17303405100,17304181600,1781307109424-0
concurrency_n20_20260613_003117_redis_feed17_rep1,redis,sb:events:n20:feed17:rep1,5ba85175-4aee-426a-bece-2a16c73e89b7,3895052,59,0.4916666666666666,15588483722,17304426400,17305418800,1781307109425-0
concurrency_n20_20260613_003117_redis_feed17_rep1,redis,sb:events:n20:feed17:rep1,73b4ab23-4ab4-4983-91d2-d8e21f5270f8,3895060,59,0.4916666666666666,15588483722,17305712200,17306658000,1781307109426-0
concurrency_n20_20260613_003117_redis_feed17_rep1,redis,sb:events:n20:feed17:rep1,d89d3340-d2ef-47db-9827-7d447bae5b2d,3895086,59,0.4916666666666666,15588483722,17306895400,17307921000,1781307109427-0
concurrency_n20_20260613_003117_redis_feed17_rep1,redis,sb:events:n20:feed17:rep1,9239dfca-901b-471f-a79c-ab5f53800ecf,3895232,59,59.0,16076053166,17308270800,17309138200,1781307109428-0
concurrency_n20_20260613_003117_redis_feed17_rep1,redis,sb:events:n20:feed17:rep1,49e6001b-4b0b-40b3-8167-d1d2ea048e92,3895232,59,59.0,16076053166,17309355000,17310234200,1781307109430-0
concurrency_n20_20260613_003117_redis_feed17_rep1,redis,sb:events:n20:feed17:rep1,04e99523-dfdf-4178-b2be-1b940a049c36,3895232,59,59.0,16076053166,17310468100,17311211500,1781307109431-0
concurrency_n20_20260613_003117_redis_feed17_rep1,redis,sb:events:n20:feed17:rep1,ea520500-8ba0-47a7-ac12-b4c9c0a92146,3895074,60,0.5,15588553166,17311547400,17312376200,1781307109432-0
concurrency_n20_20260613_003117_redis_feed17_rep1,redis,sb:events:n20:feed17:rep1,dd8d63c4-feb8-4523-ab68-826a6480eefd,3895074,60,0.5,15588553166,17312770000,17313556700,1781307109433-0
concurrency_n20_20260613_003117_redis_feed17_rep1,redis,sb:events:n20:feed17:rep1,a8bd1431-210e-4840-8d05-60ce4a7de877,3895095,60,0.5,15588553166,17313816800,17315166600,1781307109434-0
concurrency_n20_20260613_003117_redis_feed17_rep1,redis,sb:events:n20:feed17:rep1,14bd2c1c-b359-4192-a0ae-90ad860f3371,3895067,60,0.5,15588553166,17315470300,17316436000,1781307109436-0
concurrency_n20_20260613_003117_redis_feed17_rep1,redis,sb:events:n20:feed17:rep1,7ccea271-b2cf-40d9-8e25-30ed33e37625,3895067,60,0.5,15588553166,17316903500,17317674800,1781307109437-0
concurrency_n20_20260613_003117_redis_feed17_rep1,redis,sb:events:n20:feed17:rep1,50b41d81-f36f-4161-a4d2-36ba1befc4be,3895060,60,0.5,15588553166,17317921500,17318838400,1781307109438-0
concurrency_n20_20260613_003117_redis_feed17_rep1,redis,sb:events:n20:feed17:rep1,ff19107a-4ba4-4822-ac3e-e71716667059,3895060,60,0.5,15588553166,17319056400,17320119900,1781307109439-0
concurrency_n20_20260613_003117_redis_feed17_rep1,redis,sb:events:n20:feed17:rep1,9ff39e51-5a18-4e88-bd18-76090587a988,3895086,60,0.5,15588553166,17320368500,17321447400,1781307109441-0
concurrency_n20_20260613_003117_redis_feed17_rep1,redis,sb:events:n20:feed17:rep1,0fef3645-2465-4dbf-8266-c2a35ee8293c,3895086,60,0.5,15588553166,17321686700,17322322600,1781307109442-0
concurrency_n20_20260613_003117_redis_feed17_rep1,redis,sb:events:n20:feed17:rep1,015fcb4f-7419-4731-84a0-81b3fd422ff7,3895086,60,0.5,15588553166,17322602800,17323746100,1781307109443-0
concurrency_n20_20260613_003117_redis_feed17_rep1,redis,sb:events:n20:feed17:rep1,166ea076-01d6-49a4-87eb-ff7908834a7f,3895086,60,0.5,15588553166,17324012200,17325407300,1781307109444-0
concurrency_n20_20260613_003117_redis_feed17_rep1,redis,sb:events:n20:feed17:rep1,b0d138df-c84d-4eeb-a19e-0550afb12c63,3895086,60,0.5,15588553166,17325748300,17326500900,1781307109446-0
concurrency_n20_20260613_003117_redis_feed17_rep1,redis,sb:events:n20:feed17:rep1,d1f3d4f7-aeb6-4d26-95e1-37c7df992845,3895107,60,0.5,15588553166,17326750100,17328776600,1781307109447-0
concurrency_n20_20260613_003117_redis_feed17_rep1,redis,sb:events:n20:feed17:rep1,09e0176e-01c2-4e75-8d19-c75cbac22a53,3895107,60,0.5,15588553166,17329487900,17330842500,1781307109450-0
concurrency_n20_20260613_003117_redis_feed17_rep1,redis,sb:events:n20:feed17:rep1,573ca97f-df12-4b24-b903-fd5cfab89f5f,3895095,61,0.5083333333333333,15588622611,17331160400,17332247300,1781307109452-0
concurrency_n20_20260613_003117_redis_feed17_rep1,redis,sb:events:n20:feed17:rep1,34c91fb7-795d-4df5-8ab3-5f70f1b97f3e,3895095,61,0.5083333333333333,15588622611,17333242400,17335167100,1781307109454-0
concurrency_n20_20260613_003117_redis_feed17_rep1,redis,sb:events:n20:feed17:rep1,1836c083-ec4c-43a4-8657-38a223bb16dd,3895095,61,0.5083333333333333,15588622611,17336100100,17337072700,1781307109456-0
concurrency_n20_20260613_003117_redis_feed17_rep1,redis,sb:events:n20:feed17:rep1,f6c45edb-47d0-4be4-b045-3ba176307346,3895067,61,0.5083333333333333,15588622611,17337373400,17338589800,1781307109458-0
concurrency_n20_20260613_003117_redis_feed17_rep1,redis,sb:events:n20:feed17:rep1,1ea888d8-48ff-4d6c-885b-c9a8d3744c05,3895107,61,0.5083333333333333,15588622611,17338856400,17340371800,1781307109459-0
concurrency_n20_20260613_003117_redis_feed17_rep1,redis,sb:events:n20:feed17:rep1,87ab9da6-4d4d-49ac-b346-d587633dca6d,3895107,61,0.5083333333333333,15588622611,17340717900,17341932800,1781307109461-0
concurrency_n20_20260613_003117_redis_feed17_rep1,redis,sb:events:n20:feed17:rep1,e0937145-d1ed-4877-a928-cbb18cbb25ca,3895074,62,0.5166666666666667,15588692055,17342256900,17343487600,1781307109463-0
concurrency_n20_20260613_003117_redis_feed17_rep1,redis,sb:events:n20:feed17:rep1,129ff6d0-9863-49c1-8dba-874870c239f0,3895134,62,0.5166666666666667,15588692055,17343760700,17344485700,1781307109464-0
concurrency_n20_20260613_003117_redis_feed17_rep1,redis,sb:events:n20:feed17:rep1,061e0628-68ad-4a80-b7f9-013270c622e6,3895134,62,0.5166666666666667,15588692055,17344729300,17345659800,1781307109465-0
concurrency_n20_20260613_003117_redis_feed17_rep1,redis,sb:events:n20:feed17:rep1,38bc5dd4-ab47-4018-b7d9-81675e34065d,3895095,62,0.5166666666666667,15588692055,17345922800,17346713300,1781307109466-0
concurrency_n20_20260613_003117_redis_feed17_rep1,redis,sb:events:n20:feed17:rep1,01c545d4-a6cc-4676-8a4d-8009474261f5,3895095,62,0.5166666666666667,15588692055,17346939300,17347684700,1781307109467-0
concurrency_n20_20260613_003117_redis_feed17_rep1,redis,sb:events:n20:feed17:rep1,d26fbd2e-8f2e-4866-bdbe-c8760f22c74d,3895067,62,0.5166666666666667,15588692055,17347918700,17348798100,1781307109468-0
concurrency_n20_20260613_003117_redis_feed17_rep1,redis,sb:events:n20:feed17:rep1,31c46aa3-00f1-4007-b8cc-d80c69e3ed14,3895095,62,0.5166666666666667,15588692055,17349389400,17350526800,1781307109470-0
concurrency_n20_20260613_003117_redis_feed17_rep1,redis,sb:events:n20:feed17:rep1,1fdb765d-367a-4525-b795-03e1041c7b47,3895067,62,0.5166666666666667,15588692055,17350785300,17351867200,1781307109471-0
concurrency_n20_20260613_003117_redis_feed17_rep1,redis,sb:events:n20:feed17:rep1,215702bd-988d-4c16-b912-098e706dc436,3895060,62,0.5166666666666667,15588692055,17352230600,17353630900,1781307109473-0
concurrency_n20_20260613_003117_redis_feed17_rep1,redis,sb:events:n20:feed17:rep1,9148af0d-4762-4534-9be6-d021bfa84229,3895086,62,0.5166666666666667,15588692055,17353921900,17355459700,1781307109474-0
concurrency_n20_20260613_003117_redis_feed17_rep1,redis,sb:events:n20:feed17:rep1,7b87a711-05be-4ab9-bd63-138ccf3a3aee,3895107,62,0.5166666666666667,15588692055,17355760200,17356683900,1781307109476-0
concurrency_n20_20260613_003117_redis_feed17_rep1,redis,sb:events:n20:feed17:rep1,e7be6cf1-4254-4d29-8124-ea29bd35b3dd,3895107,62,0.5166666666666667,15588692055,17356953700,17357944300,1781307109477-0
concurrency_n20_20260613_003117_redis_feed17_rep1,redis,sb:events:n20:feed17:rep1,462b9630-76bb-4eb7-8af1-c70d7cd3c9b6,3895134,63,0.525,15588761500,17358904900,17375540200,1781307109495-0
concurrency_n20_20260613_003117_redis_feed17_rep1,redis,sb:events:n20:feed17:rep1,36c29050-0f8f-4cea-ac50-3893cb3751f1,3895134,63,0.525,15588761500,17375821800,17376958400,1781307109496-0
concurrency_n20_20260613_003117_redis_feed17_rep1,redis,sb:events:n20:feed17:rep1,25afa92b-9c66-4495-9ab0-db38372482b3,3895134,63,0.525,15588761500,17377305000,17378189600,1781307109498-0
concurrency_n20_20260613_003117_redis_feed17_rep1,redis,sb:events:n20:feed17:rep1,b7213b1a-f155-4850-9b2f-536ed9db34f2,3895086,63,0.525,15588761500,17378449200,17379262100,1781307109499-0
concurrency_n20_20260613_003117_redis_feed17_rep1,redis,sb:events:n20:feed17:rep1,a83a4d9a-a403-46b1-8409-6ef6d1831b2c,3895086,63,0.525,15588761500,17379604600,17380400200,1781307109500-0
concurrency_n20_20260613_003117_redis_feed17_rep1,redis,sb:events:n20:feed17:rep1,23a40fdf-f42f-4d42-8d67-eb5f408de82e,3895107,63,0.525,15588761500,17381311600,17382352600,1781307109502-0
concurrency_n20_20260613_003117_redis_feed17_rep1,redis,sb:events:n20:feed17:rep1,1379ddbd-ee4e-4f78-b58a-fe294f7f36a2,3895107,63,0.525,15588761500,17382759900,17383833600,1781307109503-0
concurrency_n20_20260613_003117_redis_feed17_rep1,redis,sb:events:n20:feed17:rep1,32858944-d09e-4ab1-9836-35cc84ca5f23,3895107,63,0.525,15588761500,17384087400,17384941300,1781307109504-0
concurrency_n20_20260613_003117_redis_feed17_rep1,redis,sb:events:n20:feed17:rep1,8a1229f0-48a8-463b-bab1-5f70bbabe623,3895107,63,0.525,15588761500,17385221800,17386094000,1781307109505-0
concurrency_n20_20260613_003117_redis_feed17_rep1,redis,sb:events:n20:feed17:rep1,4842b3ff-23c6-47cf-8c16-3e48a1cd8d1f,3895134,64,0.5333333333333333,15588830944,17386395400,17387176100,1781307109507-0
concurrency_n20_20260613_003117_redis_feed17_rep1,redis,sb:events:n20:feed17:rep1,acbc865f-9141-40f9-a346-65ef52c6929b,3895095,64,0.5333333333333333,15588830944,17387549000,17388325500,1781307109508-0
concurrency_n20_20260613_003117_redis_feed17_rep1,redis,sb:events:n20:feed17:rep1,3738ac1c-fd85-42ff-af77-922e92caa0da,3895095,64,0.5333333333333333,15588830944,17388645700,17390039800,1781307109509-0
concurrency_n20_20260613_003117_redis_feed17_rep1,redis,sb:events:n20:feed17:rep1,8d43c287-36a4-460e-a406-9a814d3e200f,3895134,65,0.5416666666666666,15588900388,17390296500,17391241300,1781307109511-0
concurrency_n20_20260613_003117_redis_feed17_rep1,redis,sb:events:n20:feed17:rep1,0cd25412-a43a-4f1f-a330-290560bd0864,3895134,65,0.5416666666666666,15588900388,17391550000,17392430100,1781307109512-0
concurrency_n20_20260613_003117_redis_feed17_rep1,redis,sb:events:n20:feed17:rep1,a29483ce-323c-439b-a556-c452ba8e3740,3895134,65,0.5416666666666666,15588900388,17392675400,17393815400,1781307109513-0
concurrency_n20_20260613_003117_redis_feed17_rep1,redis,sb:events:n20:feed17:rep1,0e01a3a4-1219-481f-a5e6-55796434f5bb,3895060,65,0.5416666666666666,15588900388,17394170100,17395022000,1781307109514-0
concurrency_n20_20260613_003117_redis_feed17_rep1,redis,sb:events:n20:feed17:rep1,d9141f23-47e6-4f96-8d68-afdb07320f56,3895060,65,0.5416666666666666,15588900388,17395494200,17396280300,1781307109516-0
concurrency_n20_20260613_003117_redis_feed17_rep1,redis,sb:events:n20:feed17:rep1,b9c1c240-c544-4839-bcc4-5a923b040753,3895107,65,0.5416666666666666,15588900388,17396576600,17397683500,1781307109517-0
concurrency_n20_20260613_003117_redis_feed17_rep1,redis,sb:events:n20:feed17:rep1,f53c9e0a-20c5-4066-827d-52fd789ef212,3895107,65,0.5416666666666666,15588900388,17398038400,17399556400,1781307109519-0
concurrency_n20_20260613_003117_redis_feed17_rep1,redis,sb:events:n20:feed17:rep1,a915d518-180b-4427-bd9f-e289d0c966bf,3895107,65,0.5416666666666666,15588900388,17399999500,17401094200,1781307109520-0
concurrency_n20_20260613_003117_redis_feed17_rep1,redis,sb:events:n20:feed17:rep1,7a5db723-f143-425c-a710-638c90148339,3895107,65,0.5416666666666666,15588900388,17401383800,17402820800,1781307109522-0
concurrency_n20_20260613_003117_redis_feed17_rep1,redis,sb:events:n20:feed17:rep1,124b56b6-5aad-473a-a03d-51ba544e2841,3895074,66,0.55,15588969833,17403864300,17404595800,1781307109524-0
concurrency_n20_20260613_003117_redis_feed17_rep1,redis,sb:events:n20:feed17:rep1,efc39209-6b62-4e89-889d-cdd3adb621aa,3895095,66,0.55,15588969833,17404833800,17405785300,1781307109525-0
concurrency_n20_20260613_003117_redis_feed17_rep1,redis,sb:events:n20:feed17:rep1,77baec20-ea17-4e90-9865-9ea44e5b9906,3895060,66,0.55,15588969833,17406040500,17406801400,1781307109526-0
concurrency_n20_20260613_003117_redis_feed17_rep1,redis,sb:events:n20:feed17:rep1,2b0079ed-347b-4639-ae5e-e42346f7f024,3895060,66,0.55,15588969833,17407089700,17408438400,1781307109528-0
concurrency_n20_20260613_003117_redis_feed17_rep1,redis,sb:events:n20:feed17:rep1,22d98172-0940-4b76-9d89-977103cfaf56,3895086,66,0.55,15588969833,17408774100,17409768800,1781307109529-0
concurrency_n20_20260613_003117_redis_feed17_rep1,redis,sb:events:n20:feed17:rep1,879a2ca6-96c3-4b1b-b2c0-4a20cb875ef0,3895107,66,0.55,15588969833,17410014100,17410779700,1781307109530-0
concurrency_n20_20260613_003117_redis_feed17_rep1,redis,sb:events:n20:feed17:rep1,c2d28a7c-daa5-4926-982f-1652183c5083,3895113,67,0.5583333333333333,15589039277,17411103700,17411787000,1781307109531-0
concurrency_n20_20260613_003117_redis_feed17_rep1,redis,sb:events:n20:feed17:rep1,243d0981-94fe-4740-a31e-5ed204a71634,3895095,67,0.5583333333333333,15589039277,17411961800,17412632800,1781307109532-0
concurrency_n20_20260613_003117_redis_feed17_rep1,redis,sb:events:n20:feed17:rep1,969e6e2a-a707-4254-a316-0c56fe2e1401,3895134,67,0.5583333333333333,15589039277,17412864500,17413795500,1781307109533-0
concurrency_n20_20260613_003117_redis_feed17_rep1,redis,sb:events:n20:feed17:rep1,1d25289e-8fad-4dd2-a7ed-f62ac9124432,3895095,67,0.5583333333333333,15589039277,17413992700,17414817000,1781307109534-0
concurrency_n20_20260613_003117_redis_feed17_rep1,redis,sb:events:n20:feed17:rep1,f3623e43-a3ad-472d-bf07-52854c1156a0,3895134,67,0.5583333333333333,15589039277,17415067500,17415960800,1781307109535-0
concurrency_n20_20260613_003117_redis_feed17_rep1,redis,sb:events:n20:feed17:rep1,bd92c3a1-9dc9-4b79-bb47-cf45e3d7bb5c,3895134,67,0.5583333333333333,15589039277,17416170800,17416877700,1781307109536-0
concurrency_n20_20260613_003117_redis_feed17_rep1,redis,sb:events:n20:feed17:rep1,22f1fbed-caed-4cd7-a01a-4c33238f8369,3895060,67,0.5583333333333333,15589039277,17417093300,17417973000,1781307109537-0
concurrency_n20_20260613_003117_redis_feed17_rep1,redis,sb:events:n20:feed17:rep1,6d9d2fb5-5c2e-4d06-8fb2-5ebcf5814440,3895086,67,0.5583333333333333,15589039277,17418231000,17419070500,1781307109538-0
concurrency_n20_20260613_003117_redis_feed17_rep1,redis,sb:events:n20:feed17:rep1,ec6e3c89-0592-45ca-92a4-0b1f73639cc9,3895086,67,0.5583333333333333,15589039277,17419396200,17420106300,1781307109540-0
concurrency_n20_20260613_003117_redis_feed17_rep1,redis,sb:events:n20:feed17:rep1,5af1575f-7cd2-4bfd-a8ec-b8345a0203f6,3895107,67,0.5583333333333333,15589039277,17420314400,17421577900,1781307109540-1
concurrency_n20_20260613_003117_redis_feed17_rep1,redis,sb:events:n20:feed17:rep1,19991ad9-4667-4a8d-ad80-aa34b26b07cc,3895107,67,0.5583333333333333,15589039277,17422145600,17422956200,1781307109542-0
concurrency_n20_20260613_003117_redis_feed17_rep1,redis,sb:events:n20:feed17:rep1,867520d6-dfef-41bc-a2cb-92814d1b009e,3895107,67,0.5583333333333333,15589039277,17423225300,17424274400,1781307109544-0
concurrency_n20_20260613_003117_redis_feed17_rep1,redis,sb:events:n20:feed17:rep1,b4990958-c5e9-4397-98fb-8b00e533bd8d,3895067,68,0.5666666666666667,15589108722,17424542000,17425387600,1781307109545-0
concurrency_n20_20260613_003117_redis_feed17_rep1,redis,sb:events:n20:feed17:rep1,36f8affa-15ee-4df1-9318-99c8bafa69d9,3895067,68,0.5666666666666667,15589108722,17425797300,17426756600,1781307109546-0
concurrency_n20_20260613_003117_redis_feed17_rep1,redis,sb:events:n20:feed17:rep1,f86f35a5-e792-4bba-a580-a9faaf7b91b8,3895067,68,0.5666666666666667,15589108722,17427029100,17428157600,1781307109547-0
concurrency_n20_20260613_003117_redis_feed17_rep1,redis,sb:events:n20:feed17:rep1,0e74dafc-22b0-4338-b83e-c9d1e0aa24f9,3895095,68,0.5666666666666667,15589108722,17428540300,17439488100,1781307109549-0
concurrency_n20_20260613_003117_redis_feed17_rep1,redis,sb:events:n20:feed17:rep1,ed8b7343-7610-4f35-88df-fd3ee7038bf6,3895095,68,0.5666666666666667,15589108722,17439901000,17441315700,1781307109561-0
concurrency_n20_20260613_003117_redis_feed17_rep1,redis,sb:events:n20:feed17:rep1,b11c6b88-fb5e-40e2-bf63-fdf423948d08,3895134,68,0.5666666666666667,15589108722,17441564200,17443355300,1781307109562-0
concurrency_n20_20260613_003117_redis_feed17_rep1,redis,sb:events:n20:feed17:rep1,5f0f9c6b-fae7-4aeb-a3ed-ca24dd0b8750,3895232,68,68.0,16151053166,17443819800,17444747100,1781307109564-0
concurrency_n20_20260613_003117_redis_feed17_rep1,redis,sb:events:n20:feed17:rep1,47a53206-d225-475c-8a03-727c2cea5798,3895107,68,0.5666666666666667,15589108722,17444974200,17445719000,1781307109565-0
concurrency_n20_20260613_003117_redis_feed17_rep1,redis,sb:events:n20:feed17:rep1,7f414b32-2539-459e-a9d2-cb11a5bf6bb4,3895107,68,0.5666666666666667,15589108722,17445952200,17446747900,1781307109566-0
concurrency_n20_20260613_003117_redis_feed17_rep1,redis,sb:events:n20:feed17:rep1,0abe475e-507a-4aa0-8898-55101c96acf3,3895074,69,0.575,15589178166,17447812400,17448688100,1781307109568-0
concurrency_n20_20260613_003117_redis_feed17_rep1,redis,sb:events:n20:feed17:rep1,367dfd27-b619-44de-b6c4-7ad7d566c4aa,3895074,69,0.575,15589178166,17448979500,17449736800,1781307109569-0
concurrency_n20_20260613_003117_redis_feed17_rep1,redis,sb:events:n20:feed17:rep1,e8a7f976-a305-43a3-a4fa-8c50b143e343,3895074,69,0.575,15589178166,17449982300,17451095000,1781307109570-0
concurrency_n20_20260613_003117_redis_feed17_rep1,redis,sb:events:n20:feed17:rep1,4b32f517-ca9b-42eb-b0e2-fa3d3fd72a9d,3895113,69,0.575,15589178166,17451428300,17452256100,1781307109572-0
concurrency_n20_20260613_003117_redis_feed17_rep1,redis,sb:events:n20:feed17:rep1,281fd3ce-e8df-441f-8cfd-a07364810af5,3895134,69,0.575,15589178166,17452541400,17453764300,1781307109573-0
concurrency_n20_20260613_003117_redis_feed17_rep1,redis,sb:events:n20:feed17:rep1,703eb940-4760-476a-8e93-15095c5c61ae,3895134,69,0.575,15589178166,17454017000,17455638800,1781307109574-0
concurrency_n20_20260613_003117_redis_feed17_rep1,redis,sb:events:n20:feed17:rep1,2ca85bad-b7b5-47d4-931f-36e0b6ca84c8,3895060,69,0.575,15589178166,17456048300,17456877900,1781307109576-0
concurrency_n20_20260613_003117_redis_feed17_rep1,redis,sb:events:n20:feed17:rep1,67aa4360-2ca6-40ae-ae0c-19bc9664a04f,3895134,69,0.575,15589178166,17457273300,17458080000,1781307109577-0
concurrency_n20_20260613_003117_redis_feed17_rep1,redis,sb:events:n20:feed17:rep1,b98a316d-476c-4b9c-8842-e1bedddaa80c,3895060,69,0.575,15589178166,17458324600,17459098300,1781307109578-0
concurrency_n20_20260613_003117_redis_feed17_rep1,redis,sb:events:n20:feed17:rep1,6391b46f-de24-49c6-bb62-a2ec65d9499b,3895134,69,0.575,15589178166,17459462100,17462013300,1781307109580-0
concurrency_n20_20260613_003117_redis_feed17_rep1,redis,sb:events:n20:feed17:rep1,eacb7d73-9ad3-4ec1-80ea-616c89070d06,3895060,69,0.575,15589178166,17462753700,17465658800,1781307109585-0
concurrency_n20_20260613_003117_redis_feed17_rep1,redis,sb:events:n20:feed17:rep1,ba95ec5e-1bbc-4177-9b95-d5d01d513f38,3895060,69,0.575,15589178166,17465995900,17469168300,1781307109588-0
concurrency_n20_20260613_003117_redis_feed17_rep1,redis,sb:events:n20:feed17:rep1,e1f59890-1435-4ba2-80d9-8b3be217affe,3895086,69,0.575,15589178166,17469612700,17471578200,1781307109591-0
concurrency_n20_20260613_003117_redis_feed17_rep1,redis,sb:events:n20:feed17:rep1,8d519b7c-5ec8-4ac8-84c9-0452499a59e4,3895067,70,0.5833333333333334,15589247611,17471885200,17473364800,1781307109592-0
concurrency_n20_20260613_003117_redis_feed17_rep1,redis,sb:events:n20:feed17:rep1,2d4baaec-2c5a-4ff2-8313-30f9417e93b8,3895067,70,0.5833333333333334,15589247611,17473599600,17474884500,1781307109594-0
concurrency_n20_20260613_003117_redis_feed17_rep1,redis,sb:events:n20:feed17:rep1,5479badb-65f4-40d6-877b-c6d336d4f055,3895067,70,0.5833333333333334,15589247611,17475269900,17476828800,1781307109596-0
concurrency_n20_20260613_003117_redis_feed17_rep1,redis,sb:events:n20:feed17:rep1,4b946b9d-6dfa-4667-9bf3-4a155e7bf557,3895095,70,0.5833333333333334,15589247611,17477148900,17479204300,1781307109598-0
concurrency_n20_20260613_003117_redis_feed17_rep1,redis,sb:events:n20:feed17:rep1,0e0c6463-85aa-4e53-95a9-9fb881abd73d,3895095,70,0.5833333333333334,15589247611,17479565200,17481230700,1781307109600-0
concurrency_n20_20260613_003117_redis_feed17_rep1,redis,sb:events:n20:feed17:rep1,080735a9-1e68-4c36-addb-696097f34cad,3895134,70,0.5833333333333334,15589247611,17481588100,17482426400,1781307109602-0
concurrency_n20_20260613_003117_redis_feed17_rep1,redis,sb:events:n20:feed17:rep1,ac53cb18-8fe5-49f9-beb1-7041a7087452,3895134,70,0.5833333333333334,15589247611,17482659600,17483548700,1781307109603-0
concurrency_n20_20260613_003117_redis_feed17_rep1,redis,sb:events:n20:feed17:rep1,3a99f56c-7492-450b-8baa-742b6125553f,3895086,70,0.5833333333333334,15589247611,17483830400,17484567700,1781307109604-0
concurrency_n20_20260613_003117_redis_feed17_rep1,redis,sb:events:n20:feed17:rep1,d5433b8f-f6d6-45c3-af43-2cddf339f8a2,3895086,70,0.5833333333333334,15589247611,17485024500,17485786100,1781307109605-0
concurrency_n20_20260613_003117_redis_feed17_rep1,redis,sb:events:n20:feed17:rep1,e6138f80-d6db-4711-b7cd-1188433ed937,3895232,70,70.0,16167719833,17486044200,17486837300,1781307109606-0
concurrency_n20_20260613_003117_redis_feed17_rep1,redis,sb:events:n20:feed17:rep1,6514f2b2-6be6-4e39-a959-846e5721c136,3895232,70,70.0,16167719833,17487038800,17488029400,1781307109607-0
concurrency_n20_20260613_003117_redis_feed17_rep1,redis,sb:events:n20:feed17:rep1,28009e86-e67a-4c78-9ae9-9631dcd03d8d,3895074,71,0.5916666666666667,15589317055,17488293600,17489544400,1781307109609-0
concurrency_n20_20260613_003117_redis_feed17_rep1,redis,sb:events:n20:feed17:rep1,130387fb-d150-4ba9-a5a3-fbad1ec9875a,3895074,71,0.5916666666666667,15589317055,17489822100,17490635700,1781307109610-0
concurrency_n20_20260613_003117_redis_feed17_rep1,redis,sb:events:n20:feed17:rep1,64edd3bf-0d45-4889-b29d-3e52cf2bfab6,3895113,71,0.5916666666666667,15589317055,17490894500,17492189300,1781307109611-0
concurrency_n20_20260613_003117_redis_feed17_rep1,redis,sb:events:n20:feed17:rep1,0f5b1f64-76db-4a0a-9aa2-19720783e25e,3895067,71,0.5916666666666667,15589317055,17492562300,17494646000,1781307109613-0
concurrency_n20_20260613_003117_redis_feed17_rep1,redis,sb:events:n20:feed17:rep1,a1e9cef7-0191-43da-803d-5de771649a04,3895067,71,0.5916666666666667,15589317055,17495411300,17496266500,1781307109616-0
concurrency_n20_20260613_003117_redis_feed17_rep1,redis,sb:events:n20:feed17:rep1,7a6f68e7-7f57-4509-ad78-5afa6f5cbcfd,3895095,71,0.5916666666666667,15589317055,17496476300,17498286200,1781307109617-0
concurrency_n20_20260613_003117_redis_feed17_rep1,redis,sb:events:n20:feed17:rep1,65416e96-ab82-45f6-83ec-f23beb6e7403,3895052,72,0.6,15589386500,17498600600,17500377500,1781307109619-0
concurrency_n20_20260613_003117_redis_feed17_rep1,redis,sb:events:n20:feed17:rep1,619811cc-0ff8-4c5d-b3b3-c9d1fc5fd457,3895095,72,0.6,15589386500,17500806000,17501669900,1781307109621-0
concurrency_n20_20260613_003117_redis_feed17_rep1,redis,sb:events:n20:feed17:rep1,a4d7338b-e05b-4a0a-976f-3bc978858503,3895095,72,0.6,15589386500,17501920500,17502832000,1781307109622-0
concurrency_n20_20260613_003117_redis_feed17_rep1,redis,sb:events:n20:feed17:rep1,e8102462-a276-4a5b-a772-16bf8e3d8314,3895095,72,0.6,15589386500,17503058400,17503970400,1781307109623-0
concurrency_n20_20260613_003117_redis_feed17_rep1,redis,sb:events:n20:feed17:rep1,960ee649-a7e7-4b33-9479-dae36d7e1a3a,3895095,72,0.6,15589386500,17504602500,17506241600,1781307109625-0
concurrency_n20_20260613_003117_redis_feed17_rep1,redis,sb:events:n20:feed17:rep1,a916cdcd-7cb8-4756-987e-8fc479ffcdbf,3895086,72,0.6,15589386500,17506653100,17507614300,1781307109627-0
concurrency_n20_20260613_003117_redis_feed17_rep1,redis,sb:events:n20:feed17:rep1,216f8142-d414-497d-8898-d50c42bcb635,3895232,72,72.0,16184386500,17507873200,17509522800,1781307109628-0
concurrency_n20_20260613_003117_redis_feed17_rep1,redis,sb:events:n20:feed17:rep1,eb933861-289b-4a65-8450-301c0f249de2,3895074,73,0.6083333333333333,15589455944,17510049000,17510930100,1781307109630-0
concurrency_n20_20260613_003117_redis_feed17_rep1,redis,sb:events:n20:feed17:rep1,253d7c12-c293-456e-b02f-30065daeb31a,3895052,73,0.6083333333333333,15589455944,17511168700,17513804100,1781307109632-0
concurrency_n20_20260613_003117_redis_feed17_rep1,redis,sb:events:n20:feed17:rep1,ef8e2d33-6773-4093-9d0c-aa253f6492c6,3895052,73,0.6083333333333333,15589455944,17514077000,17516638300,1781307109635-0
concurrency_n20_20260613_003117_redis_feed17_rep1,redis,sb:events:n20:feed17:rep1,f244b229-4382-49ff-a159-2eb53ec47566,3895113,73,0.6083333333333333,15589455944,17516959400,17518502200,1781307109637-0
concurrency_n20_20260613_003117_redis_feed17_rep1,redis,sb:events:n20:feed17:rep1,59167877-23ef-4fbd-9e96-127aef642a42,3895134,73,0.6083333333333333,15589455944,17518778900,17520119800,1781307109639-0
concurrency_n20_20260613_003117_redis_feed17_rep1,redis,sb:events:n20:feed17:rep1,e070983c-7ef0-4a59-8492-631b39ddb6ee,3895134,73,0.6083333333333333,15589455944,17520440500,17522630700,1781307109641-0
concurrency_n20_20260613_003117_redis_feed17_rep1,redis,sb:events:n20:feed17:rep1,86fd9161-30db-4f9d-8709-7b22e7cd9f37,3895086,73,0.6083333333333333,15589455944,17523352500,17525410800,1781307109644-0
concurrency_n20_20260613_003117_redis_feed17_rep1,redis,sb:events:n20:feed17:rep1,3dd8c747-4d06-438f-822f-59be62a38dbd,3895086,73,0.6083333333333333,15589455944,17525713800,17540025500,1781307109659-0
concurrency_n20_20260613_003117_redis_feed17_rep1,redis,sb:events:n20:feed17:rep1,2284ccf3-7e76-4709-bab5-8950dafce3f6,3895232,73,73.0,16192719833,17540554100,17541787700,1781307109661-0
concurrency_n20_20260613_003117_redis_feed17_rep1,redis,sb:events:n20:feed17:rep1,6e986f74-3c1e-48fc-8d37-2706551e6179,3895232,73,73.0,16192719833,17542076100,17542853700,1781307109662-0
concurrency_n20_20260613_003117_redis_feed17_rep1,redis,sb:events:n20:feed17:rep1,0ac2f4e4-a59f-4b03-94ae-b65472503b1c,3895113,74,0.6166666666666667,15589525388,17543275700,17544503400,1781307109664-0
concurrency_n20_20260613_003117_redis_feed17_rep1,redis,sb:events:n20:feed17:rep1,d7de91c1-aaf7-4be5-8968-e876ee80e100,3895086,74,0.6166666666666667,15589525388,17545019000,17545735400,1781307109665-0
concurrency_n20_20260613_003117_redis_feed17_rep1,redis,sb:events:n20:feed17:rep1,347e4824-813c-43a1-9ab5-557ddfa469ae,3895074,75,0.625,15589594833,17545949300,17546758400,1781307109666-0
concurrency_n20_20260613_003117_redis_feed17_rep1,redis,sb:events:n20:feed17:rep1,3b379bf2-15a7-4ba4-9a0c-b3fb8527a1d4,3895074,75,0.625,15589594833,17547125100,17547881400,1781307109667-0
concurrency_n20_20260613_003117_redis_feed17_rep1,redis,sb:events:n20:feed17:rep1,c95f44b1-c0d3-465b-a5b8-24951f956a21,3895121,75,0.625,15589594833,17548326000,17549251200,1781307109668-0
concurrency_n20_20260613_003117_redis_feed17_rep1,redis,sb:events:n20:feed17:rep1,7c9e8cf2-07c3-471b-8da6-681419a22208,3895052,75,0.625,15589594833,17549464300,17550238600,1781307109670-0
concurrency_n20_20260613_003117_redis_feed17_rep1,redis,sb:events:n20:feed17:rep1,2ba1d3c8-01a5-4707-aded-c1032d5c1a2a,3895113,75,0.625,15589594833,17550467900,17551329100,1781307109671-0
concurrency_n20_20260613_003117_redis_feed17_rep1,redis,sb:events:n20:feed17:rep1,bb60fb7c-cdba-45cd-9403-9fe70eac599e,3895086,75,0.625,15589594833,17551576400,17552274700,1781307109672-0
concurrency_n20_20260613_003117_redis_feed17_rep1,redis,sb:events:n20:feed17:rep1,a0905d11-1ec5-4b7a-a98c-963d4cd31d70,3895086,75,0.625,15589594833,17553008900,17553879000,1781307109673-0
concurrency_n20_20260613_003117_redis_feed17_rep1,redis,sb:events:n20:feed17:rep1,7583768d-7e29-47cd-af3c-cf0b393f6ee5,3895086,75,0.625,15589594833,17554473000,17555454500,1781307109675-0
concurrency_n20_20260613_003117_redis_feed17_rep1,redis,sb:events:n20:feed17:rep1,38bdbceb-2d1b-4b19-b303-df25485ff8cf,3895113,76,0.6333333333333333,15589664277,17555925400,17557461200,1781307109676-0
concurrency_n20_20260613_003117_redis_feed17_rep1,redis,sb:events:n20:feed17:rep1,e1a2cf65-5a43-4d3d-934d-8c2fe376ad00,3895113,76,0.6333333333333333,15589664277,17557808200,17558765000,1781307109678-0
concurrency_n20_20260613_003117_redis_feed17_rep1,redis,sb:events:n20:feed17:rep1,5f497f92-d774-4657-adf5-8e4bc8af2247,3895095,76,0.6333333333333333,15589664277,17559421000,17560354000,1781307109680-0
concurrency_n20_20260613_003117_redis_feed17_rep1,redis,sb:events:n20:feed17:rep1,7aba694b-2ebc-401d-be15-655d0b773b87,3895095,76,0.6333333333333333,15589664277,17560625600,17561523300,1781307109681-0
concurrency_n20_20260613_003117_redis_feed17_rep1,redis,sb:events:n20:feed17:rep1,8dfa2725-e96f-4a76-bb98-9ee4575d6a03,3895086,76,0.6333333333333333,15589664277,17562031400,17562883700,1781307109682-0
concurrency_n20_20260613_003117_redis_feed17_rep1,redis,sb:events:n20:feed17:rep1,f9364b88-b733-45cf-a170-19bd0c68cdbc,3895074,77,0.6416666666666667,15589733722,17563135500,17564182600,1781307109683-0
concurrency_n20_20260613_003117_redis_feed17_rep1,redis,sb:events:n20:feed17:rep1,a84cf4b4-83d9-478a-aa80-3a0eae44c904,3895052,77,0.6416666666666667,15589733722,17564439200,17565566700,1781307109685-0
concurrency_n20_20260613_003117_redis_feed17_rep1,redis,sb:events:n20:feed17:rep1,1ea7e806-c0fc-48a8-829a-af9ea7b3aa73,3895052,77,0.6416666666666667,15589733722,17565886500,17567016900,1781307109686-0
concurrency_n20_20260613_003117_redis_feed17_rep1,redis,sb:events:n20:feed17:rep1,b772fbf5-f3a6-47cf-99bf-5c7adba135f8,3895113,77,0.6416666666666667,15589733722,17567279500,17568342900,1781307109687-0
concurrency_n20_20260613_003117_redis_feed17_rep1,redis,sb:events:n20:feed17:rep1,068a8c35-4ab7-43d1-8463-c4452fd842bd,3895067,77,0.6416666666666667,15589733722,17568605400,17569826800,1781307109689-0
concurrency_n20_20260613_003117_redis_feed17_rep1,redis,sb:events:n20:feed17:rep1,1c068f50-c84a-4e1d-824e-578b65120800,3895113,77,0.6416666666666667,15589733722,17570374500,17571134800,1781307109691-0
concurrency_n20_20260613_003117_redis_feed17_rep1,redis,sb:events:n20:feed17:rep1,7d37b5cc-3e2d-4ab5-b4af-a45e73138874,3895113,77,0.6416666666666667,15589733722,17571413900,17572217600,1781307109692-0
concurrency_n20_20260613_003117_redis_feed17_rep1,redis,sb:events:n20:feed17:rep1,d3eafa83-830e-4546-b34f-72ea722a5e41,3895113,77,0.6416666666666667,15589733722,17572508800,17573536800,1781307109693-0
concurrency_n20_20260613_003117_redis_feed17_rep1,redis,sb:events:n20:feed17:rep1,ac7217b3-16a1-434f-a555-38147f80fd38,3895113,77,0.6416666666666667,15589733722,17573876900,17574779300,1781307109694-0
concurrency_n20_20260613_003117_redis_feed17_rep1,redis,sb:events:n20:feed17:rep1,45cc3cd7-f240-418b-b090-fee289e16bad,3895232,77,77.0,16226053166,17575012100,17576042200,1781307109695-0
concurrency_n20_20260613_003117_redis_feed17_rep1,redis,sb:events:n20:feed17:rep1,195e209c-bc46-4725-ad21-f82a13d77148,3895074,78,0.65,15589803166,17576243300,17577245000,1781307109696-0
concurrency_n20_20260613_003117_redis_feed17_rep1,redis,sb:events:n20:feed17:rep1,5aab8dfd-d52c-4f67-806a-20e57ec5d557,3895074,78,0.65,15589803166,17577449200,17578442300,1781307109698-0
concurrency_n20_20260613_003117_redis_feed17_rep1,redis,sb:events:n20:feed17:rep1,bbf03926-59ca-4606-9ea2-3cd31eb2fff9,3895067,78,0.65,15589803166,17578664800,17579326200,1781307109699-0
concurrency_n20_20260613_003117_redis_feed17_rep1,redis,sb:events:n20:feed17:rep1,6fc5bbd2-8105-451e-ad72-538d52fdd810,3895067,78,0.65,15589803166,17579567700,17580482700,1781307109700-0
concurrency_n20_20260613_003117_redis_feed17_rep1,redis,sb:events:n20:feed17:rep1,f500021a-9e63-4063-afe0-b13494e43e25,3895113,78,0.65,15589803166,17580736400,17581956300,1781307109701-0
concurrency_n20_20260613_003117_redis_feed17_rep1,redis,sb:events:n20:feed17:rep1,7fd60487-cf13-4688-a589-1979aee7d23a,3895113,78,0.65,15589803166,17582376800,17583559100,1781307109703-0
concurrency_n20_20260613_003117_redis_feed17_rep1,redis,sb:events:n20:feed17:rep1,6d76d9d1-2e17-497a-9436-64137e202615,3895232,78,78.0,16234386500,17583806300,17584629800,1781307109704-0
concurrency_n20_20260613_003117_redis_feed17_rep1,redis,sb:events:n20:feed17:rep1,ec807589-a585-44e0-9ee2-685a652bd0eb,3895232,78,78.0,16234386500,17584855300,17586149100,1781307109705-0
concurrency_n20_20260613_003117_redis_feed17_rep1,redis,sb:events:n20:feed17:rep1,c82d0617-8b6a-4c3a-87b0-6a2aac137cbd,3895121,79,0.6583333333333333,15589872611,17586501800,17587517000,1781307109707-0
concurrency_n20_20260613_003117_redis_feed17_rep1,redis,sb:events:n20:feed17:rep1,e6ae1bb5-29df-4ee2-861a-12940ff0fa0c,3895121,79,0.6583333333333333,15589872611,17587737900,17588403600,1781307109708-0
concurrency_n20_20260613_003117_redis_feed17_rep1,redis,sb:events:n20:feed17:rep1,d027a7a8-d227-41d0-854b-c86a4a71e20b,3895074,79,0.6583333333333333,15589872611,17588611500,17589243800,1781307109709-0
concurrency_n20_20260613_003117_redis_feed17_rep1,redis,sb:events:n20:feed17:rep1,ed5753a5-c289-4649-b971-065a09c34081,3895074,79,0.6583333333333333,15589872611,17589412100,17590056200,1781307109710-0
concurrency_n20_20260613_003117_redis_feed17_rep1,redis,sb:events:n20:feed17:rep1,0cff468a-4801-4e93-bdff-e3cf0fb9e825,3895067,79,0.6583333333333333,15589872611,17590254000,17591180400,1781307109710-1
concurrency_n20_20260613_003117_redis_feed17_rep1,redis,sb:events:n20:feed17:rep1,a0ad5112-916a-41aa-8d46-d7681863838a,3895113,79,0.6583333333333333,15589872611,17591481800,17592398200,1781307109712-0
concurrency_n20_20260613_003117_redis_feed17_rep1,redis,sb:events:n20:feed17:rep1,9bae5df9-4f8d-4f3e-861a-e44685e969a9,3895086,79,0.6583333333333333,15589872611,17592597900,17593466300,1781307109713-0
concurrency_n20_20260613_003117_redis_feed17_rep1,redis,sb:events:n20:feed17:rep1,030b5453-777e-489d-9691-bca667cdbb07,3895067,80,0.6666666666666666,15589942055,17593668600,17595501900,1781307109714-0
concurrency_n20_20260613_003117_redis_feed17_rep1,redis,sb:events:n20:feed17:rep1,b3e931e5-5dc9-4367-8a43-f27bd647d688,3895067,80,0.6666666666666666,15589942055,17596055500,17596987500,1781307109716-0
concurrency_n20_20260613_003117_redis_feed17_rep1,redis,sb:events:n20:feed17:rep1,86b4af1d-95ac-4092-9d96-efc8703ea4a6,3895113,80,0.6666666666666666,15589942055,17597307500,17598164200,1781307109718-0
concurrency_n20_20260613_003117_redis_feed17_rep1,redis,sb:events:n20:feed17:rep1,f32f248c-4df9-42a9-b03c-b68cc584cfe0,3895232,80,80.0,16251053166,17598830000,17600307900,1781307109720-0
concurrency_n20_20260613_003117_redis_feed17_rep1,redis,sb:events:n20:feed17:rep1,03442bfd-3838-49c7-898a-1f0c6950d9f2,3895086,80,0.6666666666666666,15589942055,17600667800,17601382700,1781307109721-0
concurrency_n20_20260613_003117_redis_feed17_rep1,redis,sb:events:n20:feed17:rep1,896dc77b-f5fe-4a62-bcb2-a2b3ea7c36a5,3895086,80,0.6666666666666666,15589942055,17601870500,17602764300,1781307109722-0
concurrency_n20_20260613_003117_redis_feed17_rep1,redis,sb:events:n20:feed17:rep1,42ba23fd-6dda-41c5-b674-5fe50e298b30,3895121,81,0.675,15590011500,17603439600,17604220600,1781307109724-0
concurrency_n20_20260613_003117_redis_feed17_rep1,redis,sb:events:n20:feed17:rep1,e083ff1e-a815-4ceb-be0d-74e46f4b2105,3895121,81,0.675,15590011500,17604488800,17605365500,1781307109725-0
concurrency_n20_20260613_003117_redis_feed17_rep1,redis,sb:events:n20:feed17:rep1,4accf764-c81d-4823-937b-355299ea8c73,3895074,81,0.675,15590011500,17605585500,17606314700,1781307109726-0
concurrency_n20_20260613_003117_redis_feed17_rep1,redis,sb:events:n20:feed17:rep1,e8cfafef-37c7-4e00-be7f-4bee056a1e72,3895052,81,0.675,15590011500,17606489500,17608276300,1781307109727-0
concurrency_n20_20260613_003117_redis_feed17_rep1,redis,sb:events:n20:feed17:rep1,86913597-82b0-4000-9be5-2b7fa42caa76,3895113,81,0.675,15590011500,17608553300,17609372500,1781307109729-0
concurrency_n20_20260613_003117_redis_feed17_rep1,redis,sb:events:n20:feed17:rep1,ba9abae9-f6c5-434d-ae12-bd0b2c182bc6,3895113,81,0.675,15590011500,17609576300,17610368700,1781307109730-0
concurrency_n20_20260613_003117_redis_feed17_rep1,redis,sb:events:n20:feed17:rep1,e243eff1-e63a-41fb-98e9-2bde3272420a,3895113,81,0.675,15590011500,17610563500,17628633400,1781307109747-0
concurrency_n20_20260613_003117_redis_feed17_rep1,redis,sb:events:n20:feed17:rep1,a5901b6b-b7cd-414d-a790-fbea78af4047,3895232,81,81.0,16259386500,17629233100,17630782100,1781307109750-0
concurrency_n20_20260613_003117_redis_feed17_rep1,redis,sb:events:n20:feed17:rep1,6176728b-a46a-4d0b-b65e-e022dd48359e,3895232,81,81.0,16259386500,17631036100,17632187900,1781307109752-0
concurrency_n20_20260613_003117_redis_feed17_rep1,redis,sb:events:n20:feed17:rep1,4c5443dc-d6fc-427d-9bac-1ffea8874db9,3895086,81,0.675,15590011500,17632430500,17635554400,1781307109753-0
concurrency_n20_20260613_003117_redis_feed17_rep1,redis,sb:events:n20:feed17:rep1,00e77857-8786-4a4f-a17e-dbae7eaf150e,3895232,81,81.0,16259386500,17637182400,17638540900,1781307109758-0
concurrency_n20_20260613_003117_redis_feed17_rep1,redis,sb:events:n20:feed17:rep1,107a8aee-57d5-4f7a-8971-91621e90374f,3895086,81,0.675,15590011500,17639563200,17640623300,1781307109760-0
concurrency_n20_20260613_003117_redis_feed17_rep1,redis,sb:events:n20:feed17:rep1,8af74c23-cb19-4499-9a36-eda51afaffc0,3895232,81,81.0,16259386500,17640976800,17643352100,1781307109762-0
concurrency_n20_20260613_003117_redis_feed17_rep1,redis,sb:events:n20:feed17:rep1,507d41e8-a33f-4d01-b9ff-168feada4ee3,3895086,81,0.675,15590011500,17643697800,17645405600,1781307109765-0
concurrency_n20_20260613_003117_redis_feed17_rep1,redis,sb:events:n20:feed17:rep1,62fbcc89-c9e1-40a1-acdd-06d58528a62b,3895121,82,0.6833333333333333,15590080944,17645786000,17646812300,1781307109766-0
concurrency_n20_20260613_003117_redis_feed17_rep1,redis,sb:events:n20:feed17:rep1,f21cae0b-5501-4169-bf7a-f978ab2259b1,3895121,82,0.6833333333333333,15590080944,17647102000,17649299700,1781307109768-0
concurrency_n20_20260613_003117_redis_feed17_rep1,redis,sb:events:n20:feed17:rep1,2a4589ee-8a60-4838-bb5f-949f057a46be,3895052,82,0.6833333333333333,15590080944,17649594100,17650449200,1781307109770-0
concurrency_n20_20260613_003117_redis_feed17_rep1,redis,sb:events:n20:feed17:rep1,fe0f397f-f5e0-4759-9e45-af76f196daa7,3895052,82,0.6833333333333333,15590080944,17650711800,17685282600,1781307109804-0
concurrency_n20_20260613_003117_redis_feed17_rep1,redis,sb:events:n20:feed17:rep1,7f9bca75-fdac-456a-a077-a1b6679635f9,3895067,82,0.6833333333333333,15590080944,17685611900,17686497600,1781307109806-0
concurrency_n20_20260613_003117_redis_feed17_rep1,redis,sb:events:n20:feed17:rep1,7e6e7d87-a93a-4d9b-9518-b45914cddc8e,3895086,82,0.6833333333333333,15590080944,17686747800,17688837500,1781307109807-0
concurrency_n20_20260613_003117_redis_feed17_rep1,redis,sb:events:n20:feed17:rep1,13c22074-4da3-469f-af37-643f4a6d2211,3895074,83,0.6916666666666667,15590150388,17689168300,17690266900,1781307109809-0
concurrency_n20_20260613_003117_redis_feed17_rep1,redis,sb:events:n20:feed17:rep1,fa58fa6c-9d21-48a3-b8f9-7a66751a2a7a,3895074,83,0.6916666666666667,15590150388,17690631900,17691629200,1781307109811-0
concurrency_n20_20260613_003117_redis_feed17_rep1,redis,sb:events:n20:feed17:rep1,c5a4b0aa-b03e-4e82-a80a-ea91e7ecf394,3895052,83,0.6916666666666667,15590150388,17691977300,17693193100,1781307109812-0
concurrency_n20_20260613_003117_redis_feed17_rep1,redis,sb:events:n20:feed17:rep1,29ebd69c-b1d1-4dc7-b54b-31a857a4d433,3895067,83,0.6916666666666667,15590150388,17693517400,17694535200,1781307109814-0
concurrency_n20_20260613_003117_redis_feed17_rep1,redis,sb:events:n20:feed17:rep1,7f356a1a-a126-4380-8bab-651b39b4bceb,3895095,83,0.6916666666666667,15590150388,17694783300,17707622300,1781307109826-0
concurrency_n20_20260613_003117_redis_feed17_rep1,redis,sb:events:n20:feed17:rep1,e6de5b8f-521e-495c-bcc2-1496fe2c2457,3895067,83,0.6916666666666667,15590150388,17707933000,17708956500,1781307109828-0
concurrency_n20_20260613_003117_redis_feed17_rep1,redis,sb:events:n20:feed17:rep1,78eec9d2-2279-474b-8174-5955e289ab49,3895113,83,0.6916666666666667,15590150388,17709322200,17710567300,1781307109830-0
concurrency_n20_20260613_003117_redis_feed17_rep1,redis,sb:events:n20:feed17:rep1,ff5a7afc-11a6-4f3c-b55c-403c5730e20b,3895113,83,0.6916666666666667,15590150388,17710818200,17711553300,1781307109831-0
concurrency_n20_20260613_003117_redis_feed17_rep1,redis,sb:events:n20:feed17:rep1,e7f0ea28-bffe-4632-b823-e2071b3554d6,3895232,83,83.0,16276053166,17711789500,17712602000,1781307109832-0
concurrency_n20_20260613_003117_redis_feed17_rep1,redis,sb:events:n20:feed17:rep1,ab2dd55e-0949-4c54-a68e-b406f74e8a4e,3895232,83,83.0,16276053166,17712892100,17713635300,1781307109833-0
concurrency_n20_20260613_003117_redis_feed17_rep1,redis,sb:events:n20:feed17:rep1,787336fc-bb27-441e-9329-430b61f3c14b,3895086,83,0.6916666666666667,15590150388,17713856100,17717316800,1781307109834-0
concurrency_n20_20260613_003117_redis_feed17_rep1,redis,sb:events:n20:feed17:rep1,6c237c16-6750-4dc1-9995-bd07debf26c1,3895052,84,0.7,15590219833,17717661100,17718442200,1781307109838-0
concurrency_n20_20260613_003117_redis_feed17_rep1,redis,sb:events:n20:feed17:rep1,587dfd13-6676-4362-a28f-be1edea9a6c6,3895052,84,0.7,15590219833,17718678400,17719770600,1781307109839-0
concurrency_n20_20260613_003117_redis_feed17_rep1,redis,sb:events:n20:feed17:rep1,6b5e6f95-6428-4d18-b21d-9c9a79525b5a,3895095,84,0.7,15590219833,17720027900,17721514800,1781307109840-0
concurrency_n20_20260613_003117_redis_feed17_rep1,redis,sb:events:n20:feed17:rep1,56f7af39-fd83-4562-94a1-ef575eab5c2f,3895067,84,0.7,15590219833,17722089000,17722812000,1781307109842-0
concurrency_n20_20260613_003117_redis_feed17_rep1,redis,sb:events:n20:feed17:rep1,2bac81e7-2ae1-49d5-93fc-c73136033765,3895095,84,0.7,15590219833,17723060400,17724190000,1781307109843-0
concurrency_n20_20260613_003117_redis_feed17_rep1,redis,sb:events:n20:feed17:rep1,3ba9d24c-5573-4f18-9c9a-26e09dd857b4,3895232,84,84.0,16284386500,17724432400,17725301700,1781307109844-0
concurrency_n20_20260613_003117_redis_feed17_rep1,redis,sb:events:n20:feed17:rep1,111b9035-afa8-4884-8908-b5c13ccb8b02,3895086,84,0.7,15590219833,17726704900,17728147800,1781307109847-0
concurrency_n20_20260613_003117_redis_feed17_rep1,redis,sb:events:n20:feed17:rep1,42a5a0e6-3823-4e64-ba59-9875f5ffb0ad,3895086,84,0.7,15590219833,17728395300,17729208000,1781307109848-0
concurrency_n20_20260613_003117_redis_feed17_rep1,redis,sb:events:n20:feed17:rep1,5b4be5da-e353-47d1-9aa2-e412034a7cc9,3895121,85,0.7083333333333334,15590289277,17729736600,17731243700,1781307109850-0
concurrency_n20_20260613_003117_redis_feed17_rep1,redis,sb:events:n20:feed17:rep1,7b1bfe4d-343b-4a49-9f36-ac1c9281053e,3895121,85,0.7083333333333334,15590289277,17731814100,17733682000,1781307109852-0
concurrency_n20_20260613_003117_redis_feed17_rep1,redis,sb:events:n20:feed17:rep1,5f38e18f-86ae-43b3-a606-39c39db57cee,3895052,85,0.7083333333333334,15590289277,17734003200,17734908800,1781307109854-0
concurrency_n20_20260613_003117_redis_feed17_rep1,redis,sb:events:n20:feed17:rep1,5f0b504c-329e-4a36-9b61-e4fcfa79dbad,3895067,85,0.7083333333333334,15590289277,17736135300,17736936300,1781307109856-0
concurrency_n20_20260613_003117_redis_feed17_rep1,redis,sb:events:n20:feed17:rep1,d47829c7-5e69-4c6e-bd70-9fcceb367367,3895095,85,0.7083333333333334,15590289277,17737180300,17737991200,1781307109857-0
concurrency_n20_20260613_003117_redis_feed17_rep1,redis,sb:events:n20:feed17:rep1,8b9f3b73-7860-4cab-accb-f394ff0cf96f,3895067,85,0.7083333333333334,15590289277,17738234000,17739348400,1781307109859-0
concurrency_n20_20260613_003117_redis_feed17_rep1,redis,sb:events:n20:feed17:rep1,6521de44-af00-4c95-a37f-4936185cbd0c,3895067,85,0.7083333333333334,15590289277,17739727800,17740753700,1781307109860-0
concurrency_n20_20260613_003117_redis_feed17_rep1,redis,sb:events:n20:feed17:rep1,f3f24509-b665-4851-9411-fa3fd6de93f8,3895113,85,0.7083333333333334,15590289277,17741134800,17742214900,1781307109861-0
concurrency_n20_20260613_003117_redis_feed17_rep1,redis,sb:events:n20:feed17:rep1,726edc96-91b9-4771-85d8-b5dd43e7bbe3,3895086,85,0.7083333333333334,15590289277,17742548100,17743333500,1781307109863-0
concurrency_n20_20260613_003117_redis_feed17_rep1,redis,sb:events:n20:feed17:rep1,4d769c60-6b01-42c7-ba36-1565e549eae8,3895052,86,0.7166666666666667,15590358722,17743586000,17744569400,1781307109864-0
concurrency_n20_20260613_003117_redis_feed17_rep1,redis,sb:events:n20:feed17:rep1,c241d9b6-58dd-4ea2-8b5e-16e7aef4e822,3895052,86,0.7166666666666667,15590358722,17745155400,17745928000,1781307109865-0
concurrency_n20_20260613_003117_redis_feed17_rep1,redis,sb:events:n20:feed17:rep1,3c0fbaec-8fc8-4e7a-99c4-0210d8e061e5,3895095,86,0.7166666666666667,15590358722,17746138400,17747034300,1781307109866-0
concurrency_n20_20260613_003117_redis_feed17_rep1,redis,sb:events:n20:feed17:rep1,5d5b8e92-4834-42c7-886b-7c908d58f5ae,3895095,86,0.7166666666666667,15590358722,17747239600,17747907200,1781307109867-0
concurrency_n20_20260613_003117_redis_feed17_rep1,redis,sb:events:n20:feed17:rep1,9f6e6858-572d-4258-b587-e91b56d684d3,3895067,86,0.7166666666666667,15590358722,17748090800,17749203500,1781307109868-0
concurrency_n20_20260613_003117_redis_feed17_rep1,redis,sb:events:n20:feed17:rep1,a4f84a5e-7d03-4a36-97ae-d1ad5b9e1121,3895067,86,0.7166666666666667,15590358722,17749613900,17750594600,1781307109870-0
concurrency_n20_20260613_003117_redis_feed17_rep1,redis,sb:events:n20:feed17:rep1,345cb7e8-5870-4a38-bc70-b4727a52d6fa,3895113,86,0.7166666666666667,15590358722,17750866300,17751955000,1781307109871-0
concurrency_n20_20260613_003117_redis_feed17_rep1,redis,sb:events:n20:feed17:rep1,6abd10fe-abb5-4ef7-8139-fc8300228420,3895113,86,0.7166666666666667,15590358722,17752307200,17753190000,1781307109873-0
concurrency_n20_20260613_003117_redis_feed17_rep1,redis,sb:events:n20:feed17:rep1,21b41571-27ab-4f98-8b5d-11f09c993342,3895232,86,86.0,16301053166,17753406400,17756125900,1781307109873-1
concurrency_n20_20260613_003117_redis_feed17_rep1,redis,sb:events:n20:feed17:rep1,340dee79-fef2-4edb-b064-8c92d22ac474,3895232,86,86.0,16301053166,17756415500,17757430300,1781307109877-0
concurrency_n20_20260613_003117_redis_feed17_rep1,redis,sb:events:n20:feed17:rep1,540d57d3-6135-4d4e-ac1b-cdaf6d884ea2,3895086,86,0.7166666666666667,15590358722,17757733400,17758738100,1781307109878-0
concurrency_n20_20260613_003117_redis_feed17_rep1,redis,sb:events:n20:feed17:rep1,bbe8d73a-45fd-4e6a-a589-d54755e6a1cc,3895086,86,0.7166666666666667,15590358722,17758983500,17760434100,1781307109879-0
concurrency_n20_20260613_003117_redis_feed17_rep1,redis,sb:events:n20:feed17:rep1,f1de8ed7-dd06-4972-8198-fc3268ff24cf,3895052,87,0.725,15590428166,17760703200,17777022500,1781307109881-0
concurrency_n20_20260613_003117_redis_feed17_rep1,redis,sb:events:n20:feed17:rep1,a8d82eb3-1443-4b6d-b31d-5118f044f4bc,3895052,87,0.725,15590428166,17777406100,17778751200,1781307109898-0
concurrency_n20_20260613_003117_redis_feed17_rep1,redis,sb:events:n20:feed17:rep1,d4ac6ff1-ac07-411a-9ceb-5e6a08faafee,3895232,87,87.0,16309386500,17779023500,17780302000,1781307109899-0
concurrency_n20_20260613_003117_redis_feed17_rep1,redis,sb:events:n20:feed17:rep1,2747e907-b5f5-49ce-a909-8fda34bd750f,3895086,87,0.725,15590428166,17780639600,17782001800,1781307109901-0
concurrency_n20_20260613_003117_redis_feed17_rep1,redis,sb:events:n20:feed17:rep1,56d69800-edf7-4142-ab4c-9526158c14df,3895086,87,0.725,15590428166,17782311500,17783336800,1781307109903-0
concurrency_n20_20260613_003117_redis_feed17_rep1,redis,sb:events:n20:feed17:rep1,2893e770-31b5-4ebb-841e-a1658c844d55,3895074,88,0.7333333333333333,15590497611,17783667400,17784393600,1781307109904-0
concurrency_n20_20260613_003117_redis_feed17_rep1,redis,sb:events:n20:feed17:rep1,29f5b82a-3d6b-4a71-9a45-22f52290b730,3895121,88,0.7333333333333333,15590497611,17784822300,17785782500,1781307109905-0
concurrency_n20_20260613_003117_redis_feed17_rep1,redis,sb:events:n20:feed17:rep1,42d34e4a-89a3-415f-a454-449a5dd7cdee,3895121,88,0.7333333333333333,15590497611,17786125000,17793699100,1781307109907-0
concurrency_n20_20260613_003117_redis_feed17_rep1,redis,sb:events:n20:feed17:rep1,0376753a-5e29-4cd4-a4d7-008663a3ef13,3895052,88,0.7333333333333333,15590497611,17793980100,17796630500,1781307109915-0
concurrency_n20_20260613_003117_redis_feed17_rep1,redis,sb:events:n20:feed17:rep1,beca7090-e47b-48f6-97fe-75ca3adcef14,3895095,88,0.7333333333333333,15590497611,17796921100,17811353400,1781307109930-0
concurrency_n20_20260613_003117_redis_feed17_rep1,redis,sb:events:n20:feed17:rep1,d9b493eb-d245-442c-9601-4b14887e636d,3895067,88,0.7333333333333333,15590497611,17811732600,17813653200,1781307109932-0
concurrency_n20_20260613_003117_redis_feed17_rep1,redis,sb:events:n20:feed17:rep1,2d52eb52-cff2-401e-a12e-b6299e0198b1,3895067,88,0.7333333333333333,15590497611,17813942100,17825578100,1781307109940-0
concurrency_n20_20260613_003117_redis_feed17_rep1,redis,sb:events:n20:feed17:rep1,8aef0a3d-5cad-4619-8d27-2d217a52f102,3895232,88,88.0,16317719833,17825902400,17828395400,1781307109947-0
concurrency_n20_20260613_003117_redis_feed17_rep1,redis,sb:events:n20:feed17:rep1,401a2a27-6845-406b-b3e8-cc1952a0c869,3895232,88,88.0,16317719833,17828756400,17835914100,1781307109949-0
concurrency_n20_20260613_003117_redis_feed17_rep1,redis,sb:events:n20:feed17:rep1,2a4b618e-fbb6-4fd9-b3f6-17220dbb0cd2,3895074,89,0.7416666666666667,15590567055,17836317200,17837326600,1781307109957-0
concurrency_n20_20260613_003117_redis_feed17_rep1,redis,sb:events:n20:feed17:rep1,646f5a83-a844-4c20-9a34-2cfae264f835,3895074,89,0.7416666666666667,15590567055,17837681500,17838559300,1781307109958-0
concurrency_n20_20260613_003117_redis_feed17_rep1,redis,sb:events:n20:feed17:rep1,64be0f38-c5d1-4a99-842b-603860a63b66,3895121,89,0.7416666666666667,15590567055,17838800800,17839714700,1781307109959-0
concurrency_n20_20260613_003117_redis_feed17_rep1,redis,sb:events:n20:feed17:rep1,3c5e67f5-946c-4062-bb82-b40e613923ab,3895121,89,0.7416666666666667,15590567055,17840075200,17840864200,1781307109960-0
concurrency_n20_20260613_003117_redis_feed17_rep1,redis,sb:events:n20:feed17:rep1,d8fa0a0f-dbd5-4d56-849d-e542d0f4c863,3895052,89,0.7416666666666667,15590567055,17841098000,17842132700,1781307109961-0
concurrency_n20_20260613_003117_redis_feed17_rep1,redis,sb:events:n20:feed17:rep1,4365972f-a6eb-41f4-8405-84a44f9c3f15,3895052,89,0.7416666666666667,15590567055,17842381600,17844198300,1781307109963-0
concurrency_n20_20260613_003117_redis_feed17_rep1,redis,sb:events:n20:feed17:rep1,be555ad7-05ac-4ca4-b708-072229c157c7,3895232,89,89.0,16326053166,17845048000,17846459900,1781307109965-0
concurrency_n20_20260613_003117_redis_feed17_rep1,redis,sb:events:n20:feed17:rep1,1ebc41a8-9a54-4ed7-b7f0-0ad98ca182d9,3895121,90,0.75,15590636500,17846712600,17848478400,1781307109967-0
concurrency_n20_20260613_003117_redis_feed17_rep1,redis,sb:events:n20:feed17:rep1,e9349458-19c1-433d-a74b-514a898592ca,3895052,90,0.75,15590636500,17850184100,17851940400,1781307109971-0
concurrency_n20_20260613_003117_redis_feed17_rep1,redis,sb:events:n20:feed17:rep1,f5b2bcc8-9b50-4da0-aa1f-3d552544b1f0,3895095,90,0.75,15590636500,17852196400,17853051600,1781307109972-0
concurrency_n20_20260613_003117_redis_feed17_rep1,redis,sb:events:n20:feed17:rep1,942e1fa9-401d-4f6a-aeda-0317698cd045,3895095,90,0.75,15590636500,17853421900,17854479500,1781307109974-0
concurrency_n20_20260613_003117_redis_feed17_rep1,redis,sb:events:n20:feed17:rep1,87f538be-2098-4fe4-8810-f51747834230,3895113,90,0.75,15590636500,17854705700,17889745000,1781307110005-0
concurrency_n20_20260613_003117_redis_feed17_rep1,redis,sb:events:n20:feed17:rep1,66b31129-9550-48eb-aab9-fdc69ac92c81,3895113,90,0.75,15590636500,17890103200,17894978000,1781307110013-0
concurrency_n20_20260613_003117_redis_feed17_rep1,redis,sb:events:n20:feed17:rep1,df2e5510-62cc-4163-98c5-5a8a588c1ad8,3895113,90,0.75,15590636500,17896061000,17897054000,1781307110016-0
concurrency_n20_20260613_003117_redis_feed17_rep1,redis,sb:events:n20:feed17:rep1,b313223c-4773-4a1b-bfa4-80104490c9eb,3895113,90,0.75,15590636500,17897317400,17899117600,1781307110018-0
concurrency_n20_20260613_003117_redis_feed17_rep1,redis,sb:events:n20:feed17:rep1,8e334322-dfb2-4dec-825b-7b610bd9d614,3895074,91,0.7583333333333333,15590705944,17899513900,17900314400,1781307110020-0
concurrency_n20_20260613_003117_redis_feed17_rep1,redis,sb:events:n20:feed17:rep1,70c06522-06f2-43da-a2bd-4356b359a600,3895067,91,0.7583333333333333,15590705944,17900599000,17902930700,1781307110021-0
concurrency_n20_20260613_003117_redis_feed17_rep1,redis,sb:events:n20:feed17:rep1,b0a8fbce-c821-491c-a37f-da9d3746ba52,3895067,91,0.7583333333333333,15590705944,17903294300,17904826700,1781307110024-0
concurrency_n20_20260613_003117_redis_feed17_rep1,redis,sb:events:n20:feed17:rep1,dd6208c4-623c-488d-be28-3134d724633f,3895067,91,0.7583333333333333,15590705944,17905089600,17907365000,1781307110026-0
concurrency_n20_20260613_003117_redis_feed17_rep1,redis,sb:events:n20:feed17:rep1,5b7445ba-ce8f-482b-8d65-82b1b4f2988a,3895067,91,0.7583333333333333,15590705944,17907709700,17910255900,1781307110028-0
concurrency_n20_20260613_003117_redis_feed17_rep1,redis,sb:events:n20:feed17:rep1,828b3f57-9b71-4499-ae26-f64755e48e20,3895113,91,0.7583333333333333,15590705944,17910552100,17911918000,1781307110031-0
concurrency_n20_20260613_003117_redis_feed17_rep1,redis,sb:events:n20:feed17:rep1,9112409b-c412-4dc6-90fc-1793871e4287,3895232,91,91.0,16342719833,17912182500,17913101400,1781307110032-0
concurrency_n20_20260613_003117_redis_feed17_rep1,redis,sb:events:n20:feed17:rep1,d258e6f7-f318-4cb5-88c3-f16a5e8f313c,3895086,91,0.7583333333333333,15590705944,17913308000,17916789200,1781307110035-0
concurrency_n20_20260613_003117_redis_feed17_rep1,redis,sb:events:n20:feed17:rep1,8a0babfe-b2ab-46de-8a9c-0a1d0c5766ec,3895232,91,91.0,16342719833,17917079700,17920032300,1781307110038-0
concurrency_n20_20260613_003117_redis_feed17_rep1,redis,sb:events:n20:feed17:rep1,e68a1a15-69d7-40f2-b136-55b7c64aef10,3895074,92,0.7666666666666667,15590775388,17920336100,17923372600,1781307110042-0
concurrency_n20_20260613_003117_redis_feed17_rep1,redis,sb:events:n20:feed17:rep1,66973f0d-2300-46ef-a265-d3cf2d66f504,3895095,92,0.7666666666666667,15590775388,17923770500,17924700300,1781307110044-0
concurrency_n20_20260613_003117_redis_feed17_rep1,redis,sb:events:n20:feed17:rep1,416f6860-d593-4042-949c-a5da924f1a3a,3895113,92,0.7666666666666667,15590775388,17925062600,17927491300,1781307110046-0
concurrency_n20_20260613_003117_redis_feed17_rep1,redis,sb:events:n20:feed17:rep1,0581db2b-9d21-40c8-a8fe-a36bac9bd0fe,3895113,92,0.7666666666666667,15590775388,17928223200,17929763700,1781307110049-0
concurrency_n20_20260613_003117_redis_feed17_rep1,redis,sb:events:n20:feed17:rep1,c6712579-4e48-4c9d-aca9-13c7ae5216d1,3895113,92,0.7666666666666667,15590775388,17930092800,17938468400,1781307110057-0
concurrency_n20_20260613_003117_redis_feed17_rep1,redis,sb:events:n20:feed17:rep1,2fa064d8-f9d2-4c60-87c3-f13c608a9d28,3895113,92,0.7666666666666667,15590775388,17938755700,17949801800,1781307110068-0
concurrency_n20_20260613_003117_redis_feed17_rep1,redis,sb:events:n20:feed17:rep1,7754eb17-443e-4c9f-8d7e-72d1d27c6976,3895086,92,0.7666666666666667,15590775388,17950083600,17965499700,1781307110085-0
concurrency_n20_20260613_003117_redis_feed17_rep1,redis,sb:events:n20:feed17:rep1,c1b1b2dc-2091-4daa-84c0-0d2383d34a86,3895086,92,0.7666666666666667,15590775388,17965802400,17983861500,1781307110103-0
concurrency_n20_20260613_003117_redis_feed17_rep1,redis,sb:events:n20:feed17:rep1,c9193dbc-a436-48e8-8fd1-6edce33ef239,3895121,93,0.775,15590844833,17984205100,18002256100,1781307110120-0
concurrency_n20_20260613_003117_redis_feed17_rep1,redis,sb:events:n20:feed17:rep1,8591e32d-b0d5-4d52-99c1-f6f01c29e65c,3895134,93,0.775,15590844833,18002697900,18004255000,1781307110123-0
concurrency_n20_20260613_003117_redis_feed17_rep1,redis,sb:events:n20:feed17:rep1,05cd20fa-12bd-4596-bee5-f161b155bfcc,3895052,93,0.775,15590844833,18004567000,18005641600,1781307110125-0
concurrency_n20_20260613_003117_redis_feed17_rep1,redis,sb:events:n20:feed17:rep1,c5f54ab2-8a92-40ea-8281-2ef5c18edb30,3895052,93,0.775,15590844833,18006778700,18008117100,1781307110127-0
concurrency_n20_20260613_003117_redis_feed17_rep1,redis,sb:events:n20:feed17:rep1,edee64bb-b610-4ca3-ae10-9c2b105e12c6,3895052,93,0.775,15590844833,18008406000,18010307500,1781307110129-0
concurrency_n20_20260613_003117_redis_feed17_rep1,redis,sb:events:n20:feed17:rep1,728082f9-d38e-463f-b904-e542e36fb188,3895095,93,0.775,15590844833,18010568300,18032297700,1781307110151-0
concurrency_n20_20260613_003117_redis_feed17_rep1,redis,sb:events:n20:feed17:rep1,3ccfac04-5845-4f47-8032-20180f4ffe45,3895095,93,0.775,15590844833,18032645700,18050719500,1781307110169-0
concurrency_n20_20260613_003117_redis_feed17_rep1,redis,sb:events:n20:feed17:rep1,e9499440-364d-4088-acc6-78a5c8f79b80,3895113,93,0.775,15590844833,18051015000,18052274200,1781307110171-0
concurrency_n20_20260613_003117_redis_feed17_rep1,redis,sb:events:n20:feed17:rep1,cab10015-6ac5-42f8-8be8-4ef18eb0c600,3895113,93,0.775,15590844833,18052584000,18054187200,1781307110173-0
concurrency_n20_20260613_003117_redis_feed17_rep1,redis,sb:events:n20:feed17:rep1,66f99ca0-8d55-4369-b532-8afa4fb60cb6,3895113,93,0.775,15590844833,18054507100,18056526900,1781307110175-0
concurrency_n20_20260613_003117_redis_feed17_rep1,redis,sb:events:n20:feed17:rep1,32d88143-7a57-476a-a3a7-c464fd6afeb2,3895232,93,93.0,16359386500,18056831900,18058245300,1781307110177-0
concurrency_n20_20260613_003117_redis_feed17_rep1,redis,sb:events:n20:feed17:rep1,3aae8207-992d-42a0-8511-76cdd6b14634,3895232,93,93.0,16359386500,18058564600,18059231400,1781307110179-0
concurrency_n20_20260613_003117_redis_feed17_rep1,redis,sb:events:n20:feed17:rep1,43dbd405-1322-474b-af1c-daa2625cddd6,3895074,94,0.7833333333333333,15590914277,18059492800,18066063700,1781307110183-0
concurrency_n20_20260613_003117_redis_feed17_rep1,redis,sb:events:n20:feed17:rep1,e00a5ad0-eaf2-4669-b550-11fd0e701be9,3895074,94,0.7833333333333333,15590914277,18066386800,18069899300,1781307110188-0
concurrency_n20_20260613_003117_redis_feed17_rep1,redis,sb:events:n20:feed17:rep1,1d6d4b5f-fcb8-4542-a2a0-cef25ccdbd81,3895121,94,0.7833333333333333,15590914277,18070218600,18072128600,1781307110191-0
concurrency_n20_20260613_003117_redis_feed17_rep1,redis,sb:events:n20:feed17:rep1,7b40fbd4-a6c0-40d7-b4f9-23abcffcd4c5,3895121,94,0.7833333333333333,15590914277,18072474500,18074178300,1781307110193-0
concurrency_n20_20260613_003117_redis_feed17_rep1,redis,sb:events:n20:feed17:rep1,d661cba6-658b-499f-805a-039b315ddbd1,3895134,94,0.7833333333333333,15590914277,18074601200,18075588900,1781307110195-0
concurrency_n20_20260613_003117_redis_feed17_rep1,redis,sb:events:n20:feed17:rep1,373c00ad-aaab-417b-8bd0-1d896bdb010c,3895134,94,0.7833333333333333,15590914277,18075930800,18078864900,1781307110197-0
concurrency_n20_20260613_003117_redis_feed17_rep1,redis,sb:events:n20:feed17:rep1,292d775e-e7f6-4184-a905-16b5d63af2ad,3895134,94,0.7833333333333333,15590914277,18081530600,18083516200,1781307110203-0
concurrency_n20_20260613_003117_redis_feed17_rep1,redis,sb:events:n20:feed17:rep1,2b9c84e1-253a-4b23-ade6-906d178e7dbf,3895052,94,0.7833333333333333,15590914277,18083798900,18085668100,1781307110205-0
concurrency_n20_20260613_003117_redis_feed17_rep1,redis,sb:events:n20:feed17:rep1,f37a2ea2-ffd2-4be1-ae29-4d6fcdaa75c8,3895052,94,0.7833333333333333,15590914277,18085971900,18087349500,1781307110207-0
concurrency_n20_20260613_003117_redis_feed17_rep1,redis,sb:events:n20:feed17:rep1,28947f12-5bda-4d7a-8819-ae670f2b2ca1,3895052,94,0.7833333333333333,15590914277,18087603600,18139302100,1781307110256-0
concurrency_n20_20260613_003117_redis_feed17_rep1,redis,sb:events:n20:feed17:rep1,bd1d1124-a984-42f1-b66b-28b07f32153e,3895052,94,0.7833333333333333,15590914277,18139718600,18141854400,1781307110260-0
concurrency_n20_20260613_003117_redis_feed17_rep1,redis,sb:events:n20:feed17:rep1,6db048b0-fb35-4772-b8a4-385ff5d3bf54,3895052,94,0.7833333333333333,15590914277,18142214700,18143759800,1781307110262-0
concurrency_n20_20260613_003117_redis_feed17_rep1,redis,sb:events:n20:feed17:rep1,e4c17700-43bb-43a3-ac49-f13944a9566e,3895052,94,0.7833333333333333,15590914277,18146243700,18147203900,1781307110266-0
concurrency_n20_20260613_003117_redis_feed17_rep1,redis,sb:events:n20:feed17:rep1,f0ddd78d-dbb8-4d59-a5a9-59a4471fb126,3895067,94,0.7833333333333333,15590914277,18147430600,18149024500,1781307110268-0
concurrency_n20_20260613_003117_redis_feed17_rep1,redis,sb:events:n20:feed17:rep1,ace43399-85d9-46d5-9d23-fb51847aead6,3895086,94,0.7833333333333333,15590914277,18149336700,18150541600,1781307110269-0
concurrency_n20_20260613_003117_redis_feed17_rep1,redis,sb:events:n20:feed17:rep1,5043e3af-3c3c-4fde-b62f-9da75c031686,3895074,95,0.7916666666666666,15590983722,18151243700,18152356400,1781307110272-0
concurrency_n20_20260613_003117_redis_feed17_rep1,redis,sb:events:n20:feed17:rep1,7fae2d6a-026a-49ee-96da-30429e822d18,3895134,95,0.7916666666666666,15590983722,18152739600,18153595700,1781307110273-0
concurrency_n20_20260613_003117_redis_feed17_rep1,redis,sb:events:n20:feed17:rep1,8a11b84c-28ad-45df-b47d-888026d081da,3895134,95,0.7916666666666666,15590983722,18153827600,18157079300,1781307110274-0
concurrency_n20_20260613_003117_redis_feed17_rep1,redis,sb:events:n20:feed17:rep1,3742c998-92f6-475b-84cb-66d216cbb7b9,3895134,95,0.7916666666666666,15590983722,18157404500,18158678700,1781307110278-0
concurrency_n20_20260613_003117_redis_feed17_rep1,redis,sb:events:n20:feed17:rep1,6d272944-e0e1-4bba-95ea-74ddbcd89857,3895067,95,0.7916666666666666,15590983722,18158911600,18159784400,1781307110279-0
concurrency_n20_20260613_003117_redis_feed17_rep1,redis,sb:events:n20:feed17:rep1,e72b1bcb-24bf-49c9-b727-7e1159f070d7,3895067,95,0.7916666666666666,15590983722,18159979700,18161393200,1781307110280-0
concurrency_n20_20260613_003117_redis_feed17_rep1,redis,sb:events:n20:feed17:rep1,c3e5d0fb-db35-45e3-ab6f-992a3559fa70,3895113,95,0.7916666666666666,15590983722,18161957900,18162972600,1781307110282-0
concurrency_n20_20260613_003117_redis_feed17_rep1,redis,sb:events:n20:feed17:rep1,38441982-a067-4462-a822-42717582d3f6,3895113,95,0.7916666666666666,15590983722,18163307500,18164239500,1781307110283-0
concurrency_n20_20260613_003117_redis_feed17_rep1,redis,sb:events:n20:feed17:rep1,0aa74c27-0ef1-4b7a-acdc-782b125b79d7,3895232,95,95.0,16376053166,18164483100,18167640500,1781307110285-0
concurrency_n20_20260613_003117_redis_feed17_rep1,redis,sb:events:n20:feed17:rep1,2b992ee9-94f0-4cab-8f7a-855c68a6839d,3895086,95,0.7916666666666666,15590983722,18168007200,18169876700,1781307110289-0
concurrency_n20_20260613_003117_redis_feed17_rep1,redis,sb:events:n20:feed17:rep1,6f4825cb-cf3b-4023-a66b-066cec72812d,3895232,95,95.0,16376053166,18170276000,18171061200,1781307110290-0
concurrency_n20_20260613_003117_redis_feed17_rep1,redis,sb:events:n20:feed17:rep1,fdbc2ce9-1260-4093-84c7-967fefe71601,3895074,96,0.8,15591053166,18171310300,18172706800,1781307110292-0
concurrency_n20_20260613_003117_redis_feed17_rep1,redis,sb:events:n20:feed17:rep1,689ce84b-5aa2-4e4d-856a-ae00e2bc2164,3895074,96,0.8,15591053166,18173084800,18174291300,1781307110293-0
concurrency_n20_20260613_003117_redis_feed17_rep1,redis,sb:events:n20:feed17:rep1,81a2e0ba-0069-484b-b48d-3028ad8f8901,3895113,96,0.8,15591053166,18174522900,18176416400,1781307110295-0
concurrency_n20_20260613_003117_redis_feed17_rep1,redis,sb:events:n20:feed17:rep1,5e3179a0-084a-4e80-9da2-5f35e8ec0452,3895086,96,0.8,15591053166,18176857900,18178154900,1781307110297-0
concurrency_n20_20260613_003117_redis_feed17_rep1,redis,sb:events:n20:feed17:rep1,6245d246-6f29-4af4-8c98-f27158e82006,3895232,96,96.0,16384386500,18178640400,18179851200,1781307110299-0
concurrency_n20_20260613_003117_redis_feed17_rep1,redis,sb:events:n20:feed17:rep1,ba5596c8-74af-4d91-971f-67e828d714f1,3895086,96,0.8,15591053166,18180107500,18214403000,1781307110334-0
concurrency_n20_20260613_003117_redis_feed17_rep1,redis,sb:events:n20:feed17:rep1,f1642bb5-9d19-4590-a656-35b6b538b16f,3895095,97,0.8083333333333333,15591122611,18214823400,18216179200,1781307110335-0
concurrency_n20_20260613_003117_redis_feed17_rep1,redis,sb:events:n20:feed17:rep1,604cba08-934e-4d65-adfc-d2e0e276c634,3895095,97,0.8083333333333333,15591122611,18216461400,18217440400,1781307110336-0
concurrency_n20_20260613_003117_redis_feed17_rep1,redis,sb:events:n20:feed17:rep1,4e0c0132-c685-4866-babe-f1f6449ebb28,3895067,97,0.8083333333333333,15591122611,18217730200,18218573300,1781307110338-0
concurrency_n20_20260613_003117_redis_feed17_rep1,redis,sb:events:n20:feed17:rep1,6c6e6e43-3708-4a97-a623-144db45e0acf,3895113,97,0.8083333333333333,15591122611,18218795900,18219946800,1781307110339-0
concurrency_n20_20260613_003117_redis_feed17_rep1,redis,sb:events:n20:feed17:rep1,1c8f3337-ba8c-4afc-9ce5-ba81c530b442,3895113,97,0.8083333333333333,15591122611,18220296800,18221565300,1781307110340-0
concurrency_n20_20260613_003117_redis_feed17_rep1,redis,sb:events:n20:feed17:rep1,246150e9-1505-46a9-bdb8-34f5bffecb20,3895113,97,0.8083333333333333,15591122611,18221865400,18223797100,1781307110342-0
concurrency_n20_20260613_003117_redis_feed17_rep1,redis,sb:events:n20:feed17:rep1,e53d2550-4fc7-4ecf-8700-5e0558de49e0,3895232,97,97.0,16392719833,18224075400,18225078400,1781307110344-0
concurrency_n20_20260613_003117_redis_feed17_rep1,redis,sb:events:n20:feed17:rep1,348f27f9-3f78-42e3-9903-dd46ce781b59,3895232,97,97.0,16392719833,18225394600,18226324500,1781307110346-0
concurrency_n20_20260613_003117_redis_feed17_rep1,redis,sb:events:n20:feed17:rep1,c0f7d5c0-0cc1-4b31-b688-e44c5aeb403a,3895067,98,0.8166666666666667,15591192055,18226595300,18228736900,1781307110347-0
concurrency_n20_20260613_003117_redis_feed17_rep1,redis,sb:events:n20:feed17:rep1,904d4597-9a8b-4c50-b89c-5e1276d64954,3895067,98,0.8166666666666667,15591192055,18229491100,18235329100,1781307110354-0
concurrency_n20_20260613_003117_redis_feed17_rep1,redis,sb:events:n20:feed17:rep1,f5f5e776-6f22-45f7-b749-df1979955015,3895113,98,0.8166666666666667,15591192055,18235704100,18237821500,1781307110357-0
concurrency_n20_20260613_003117_redis_feed17_rep1,redis,sb:events:n20:feed17:rep1,a1aa8792-71c5-4cec-8342-1f1de877fc46,3895074,99,0.825,15591261500,18238167400,18239746500,1781307110359-0
concurrency_n20_20260613_003117_redis_feed17_rep1,redis,sb:events:n20:feed17:rep1,6a114c66-3879-45e7-a3f1-7127dc522348,3895134,99,0.825,15591261500,18240043700,18247242800,1781307110366-0
concurrency_n20_20260613_003117_redis_feed17_rep1,redis,sb:events:n20:feed17:rep1,0e820704-1d4e-443f-a7a5-d4851762f39a,3895134,99,0.825,15591261500,18247691200,18250481600,1781307110370-0
concurrency_n20_20260613_003117_redis_feed17_rep1,redis,sb:events:n20:feed17:rep1,17827804-f674-473a-902e-f330c076c8c1,3895134,99,0.825,15591261500,18250752300,18251848900,1781307110371-0
concurrency_n20_20260613_003117_redis_feed17_rep1,redis,sb:events:n20:feed17:rep1,e21625cc-e833-4fae-8f65-fa74a92271c7,3895113,99,0.825,15591261500,18252059200,18252994800,1781307110372-0
concurrency_n20_20260613_003117_redis_feed17_rep1,redis,sb:events:n20:feed17:rep1,723686b3-e9f2-4317-bbcb-e453383a72c7,3895113,99,0.825,15591261500,18253196000,18254305900,1781307110373-0
concurrency_n20_20260613_003117_redis_feed17_rep1,redis,sb:events:n20:feed17:rep1,0210955c-5e97-4eaa-962a-9b505438af33,3895067,100,0.8333333333333334,15591330944,18254897400,18255990400,1781307110375-0
concurrency_n20_20260613_003117_redis_feed17_rep1,redis,sb:events:n20:feed17:rep1,d662683e-78f4-4327-a130-eca57da08e65,3895113,100,0.8333333333333334,15591330944,18256236900,18257145400,1781307110376-0
concurrency_n20_20260613_003117_redis_feed17_rep1,redis,sb:events:n20:feed17:rep1,e7a32d60-17f2-4653-b406-d3c00919ba68,3895086,100,0.8333333333333334,15591330944,18257427600,18258311100,1781307110378-0
concurrency_n20_20260613_003117_redis_feed17_rep1,redis,sb:events:n20:feed17:rep1,82c166fa-ade3-48e4-9cfd-0a7b77351e5d,3895074,101,0.8416666666666667,15591400388,18258531100,18260124400,1781307110379-0
concurrency_n20_20260613_003117_redis_feed17_rep1,redis,sb:events:n20:feed17:rep1,0ba11e25-68d9-45a5-8a08-7fb1024e737b,3895074,101,0.8416666666666667,15591400388,18260473300,18261762100,1781307110381-0
concurrency_n20_20260613_003117_redis_feed17_rep1,redis,sb:events:n20:feed17:rep1,90292410-abee-4709-9724-ebceff929eb5,3895074,101,0.8416666666666667,15591400388,18262032400,18262936900,1781307110382-0
concurrency_n20_20260613_003117_redis_feed17_rep1,redis,sb:events:n20:feed17:rep1,de7eb155-5947-48f4-a85b-989cf955acad,3895067,101,0.8416666666666667,15591400388,18263161800,18265546900,1781307110385-0
concurrency_n20_20260613_003117_redis_feed17_rep1,redis,sb:events:n20:feed17:rep1,1e5fa95c-f7bb-4ee5-b98f-7e2a7d2d8740,3895067,101,0.8416666666666667,15591400388,18265822600,18266734400,1781307110386-0
concurrency_n20_20260613_003117_redis_feed17_rep1,redis,sb:events:n20:feed17:rep1,8853c9b4-5f34-4c74-bb8e-5e91ea6e82fd,3895067,101,0.8416666666666667,15591400388,18266981500,18270080400,1781307110387-0
concurrency_n20_20260613_003117_redis_feed17_rep1,redis,sb:events:n20:feed17:rep1,13308a5e-185e-437c-93b3-04925e1f7a7f,3895113,101,0.8416666666666667,15591400388,18270549300,18273060500,1781307110392-0
concurrency_n20_20260613_003117_redis_feed17_rep1,redis,sb:events:n20:feed17:rep1,e1b23096-a8e4-46c7-bf3c-5a8d02ec2fca,3895113,101,0.8416666666666667,15591400388,18273394400,18275544700,1781307110394-0
concurrency_n20_20260613_003117_redis_feed17_rep1,redis,sb:events:n20:feed17:rep1,55ae1db6-a1c7-4396-b6fa-6639141da51f,3895113,101,0.8416666666666667,15591400388,18275831200,18277474800,1781307110396-0
concurrency_n20_20260613_003117_redis_feed17_rep1,redis,sb:events:n20:feed17:rep1,d2011d6e-f1b5-4fa2-a92e-172c2f819137,3895232,101,101.0,16426053166,18277754500,18280545100,1781307110399-0
concurrency_n20_20260613_003117_redis_feed17_rep1,redis,sb:events:n20:feed17:rep1,ec34c8e8-e439-417d-be80-dee7a13d9afe,3895134,102,0.85,15591469833,18281452000,18282746800,1781307110402-0
concurrency_n20_20260613_003117_redis_feed17_rep1,redis,sb:events:n20:feed17:rep1,55dbbd79-e70f-447c-ab7a-e41b1498ac79,3895134,102,0.85,15591469833,18283001400,18284468300,1781307110403-0
concurrency_n20_20260613_003117_redis_feed17_rep1,redis,sb:events:n20:feed17:rep1,cfe7d394-f3bb-49eb-84d0-499aabcfe0e2,3895134,102,0.85,15591469833,18284709200,18286675300,1781307110405-0
concurrency_n20_20260613_003117_redis_feed17_rep1,redis,sb:events:n20:feed17:rep1,f1c92395-1a06-456d-9d88-ab3208cfe8f6,3895113,102,0.85,15591469833,18287012300,18289106800,1781307110408-0
concurrency_n20_20260613_003117_redis_feed17_rep1,redis,sb:events:n20:feed17:rep1,9e3a9e99-b3bd-4944-b63c-656899f9748c,3895113,102,0.85,15591469833,18289767500,18290977300,1781307110410-0
concurrency_n20_20260613_003117_redis_feed17_rep1,redis,sb:events:n20:feed17:rep1,5b0a5ebd-4ef7-42d2-86e9-765c1bf6aacd,3895113,102,0.85,15591469833,18291268000,18292411500,1781307110411-0
concurrency_n20_20260613_003117_redis_feed17_rep1,redis,sb:events:n20:feed17:rep1,2819dbe2-3954-4dc1-b68f-d793b69fb516,3895086,102,0.85,15591469833,18292786700,18293458900,1781307110413-0
concurrency_n20_20260613_003117_redis_feed17_rep1,redis,sb:events:n20:feed17:rep1,7c0046e9-5242-4e8f-b221-663acbf246b9,3895086,102,0.85,15591469833,18293689100,18294432400,1781307110414-0
concurrency_n20_20260613_003117_redis_feed17_rep1,redis,sb:events:n20:feed17:rep1,b784b8bd-c600-44fd-8613-ef300f482c1b,3895067,103,0.8583333333333333,15591539277,18294636800,18296523800,1781307110415-0
concurrency_n20_20260613_003117_redis_feed17_rep1,redis,sb:events:n20:feed17:rep1,1709bde2-a33d-4bff-ab11-c14976e26251,3895113,103,0.8583333333333333,15591539277,18297313700,18298353900,1781307110417-0
concurrency_n20_20260613_003117_redis_feed17_rep1,redis,sb:events:n20:feed17:rep1,ab82d08d-066f-4d9a-af27-bdf9139ddf57,3895113,103,0.8583333333333333,15591539277,18298671000,18299885300,1781307110419-0
concurrency_n20_20260613_003117_redis_feed17_rep1,redis,sb:events:n20:feed17:rep1,d410a0bd-dba4-4ce7-abf5-6e2d33f31d8d,3895086,103,0.8583333333333333,15591539277,18300094700,18303255100,1781307110420-0
concurrency_n20_20260613_003117_redis_feed17_rep1,redis,sb:events:n20:feed17:rep1,0f7c0920-c2ab-4b17-823a-d1b6604457e9,3895134,104,0.8666666666666667,15591608722,18303704600,18304443700,1781307110424-0
concurrency_n20_20260613_003117_redis_feed17_rep1,redis,sb:events:n20:feed17:rep1,11460547-0c20-4ed4-9e6b-f686939aeada,3895134,104,0.8666666666666667,15591608722,18304700900,18305875200,1781307110425-0
concurrency_n20_20260613_003117_redis_feed17_rep1,redis,sb:events:n20:feed17:rep1,7b844904-4518-49e9-8d58-2d70f4261222,3895067,104,0.8666666666666667,15591608722,18306136700,18311008400,1781307110427-0
concurrency_n20_20260613_003117_redis_feed17_rep1,redis,sb:events:n20:feed17:rep1,379b1c5d-9bb5-4352-b0dd-7d4224d24cf1,3895067,104,0.8666666666666667,15591608722,18311385100,18312925100,1781307110432-0
concurrency_n20_20260613_003117_redis_feed17_rep1,redis,sb:events:n20:feed17:rep1,c65987b8-a2c4-47cb-a3a4-b90d6e934106,3895067,104,0.8666666666666667,15591608722,18313190800,18314244400,1781307110433-0
concurrency_n20_20260613_003117_redis_feed17_rep1,redis,sb:events:n20:feed17:rep1,c33b8bd3-6d11-49d7-a7c4-ef3e239c1f54,3895113,104,0.8666666666666667,15591608722,18314770300,18317319100,1781307110435-0
concurrency_n20_20260613_003117_redis_feed17_rep1,redis,sb:events:n20:feed17:rep1,8581b9b0-2405-4d83-99b5-371a0d861078,3895086,104,0.8666666666666667,15591608722,18317629100,18319838200,1781307110439-0
concurrency_n20_20260613_003117_redis_feed17_rep1,redis,sb:events:n20:feed17:rep1,37948d06-f6fd-4260-8720-417930402e39,3895113,104,0.8666666666666667,15591608722,18320225400,18323477300,1781307110442-0
concurrency_n20_20260613_003117_redis_feed17_rep1,redis,sb:events:n20:feed17:rep1,5a0472aa-e08b-4d06-ab73-efbd5b50381b,3895086,104,0.8666666666666667,15591608722,18323929700,18326358900,1781307110445-0
concurrency_n20_20260613_003117_redis_feed17_rep1,redis,sb:events:n20:feed17:rep1,72e045c1-5699-46b1-b609-47e88ca8b9c6,3895052,105,0.875,15591678166,18326659000,18342096800,1781307110460-0
concurrency_n20_20260613_003117_redis_feed17_rep1,redis,sb:events:n20:feed17:rep1,5d93f9ec-dd62-4143-b88c-53cf9db42807,3895134,105,0.875,15591678166,18342536200,18343597600,1781307110463-0
concurrency_n20_20260613_003117_redis_feed17_rep1,redis,sb:events:n20:feed17:rep1,bba7fe11-e6e4-4489-9154-a1b0e1527094,3895107,105,0.875,15591678166,18343821000,18347155000,1781307110465-0
concurrency_n20_20260613_003117_redis_feed17_rep1,redis,sb:events:n20:feed17:rep1,bc5ac9dc-cfb7-40ad-9fbb-76f4bc5fe84c,3895067,105,0.875,15591678166,18347703000,18349225900,1781307110468-0
concurrency_n20_20260613_003117_redis_feed17_rep1,redis,sb:events:n20:feed17:rep1,e65f6899-862d-413f-8f65-7e29da7b66d1,3895067,105,0.875,15591678166,18349485300,18351183700,1781307110470-0
concurrency_n20_20260613_003117_redis_feed17_rep1,redis,sb:events:n20:feed17:rep1,b7e73470-d092-435d-b493-4c5a02853b61,3895067,105,0.875,15591678166,18351436600,18353126000,1781307110472-0
concurrency_n20_20260613_003117_redis_feed17_rep1,redis,sb:events:n20:feed17:rep1,ef25cd4c-3a03-4433-bcce-04171dcc3521,3895086,105,0.875,15591678166,18353494900,18357261400,1781307110474-0
concurrency_n20_20260613_003117_redis_feed17_rep1,redis,sb:events:n20:feed17:rep1,343a3699-95eb-48de-a123-f751839fa5d5,3895134,106,0.8833333333333333,15591747611,18357544800,18358329000,1781307110478-0
concurrency_n20_20260613_003117_redis_feed17_rep1,redis,sb:events:n20:feed17:rep1,5007351f-cf6d-4f38-abfb-07149e361068,3895067,106,0.8833333333333333,15591747611,18358546400,18360518400,1781307110479-0
concurrency_n20_20260613_003117_redis_feed17_rep1,redis,sb:events:n20:feed17:rep1,7c71c9e4-3c68-4d91-a719-0c1f3b736f50,3895067,106,0.8833333333333333,15591747611,18360866900,18363183800,1781307110482-0
concurrency_n20_20260613_003117_redis_feed17_rep1,redis,sb:events:n20:feed17:rep1,f2c5825d-365a-4682-a9dc-dd203fbf5457,3895113,106,0.8833333333333333,15591747611,18363588400,18365720700,1781307110485-0
concurrency_n20_20260613_003117_redis_feed17_rep1,redis,sb:events:n20:feed17:rep1,29e0c466-391a-40f8-b4ce-2fe8f2d3cbd9,3895113,106,0.8833333333333333,15591747611,18367468800,18370753400,1781307110489-0
concurrency_n20_20260613_003117_redis_feed17_rep1,redis,sb:events:n20:feed17:rep1,0e8d6519-0edf-47c9-8305-2c826a71513f,3895086,106,0.8833333333333333,15591747611,18371055500,18372192000,1781307110491-0
concurrency_n20_20260613_003117_redis_feed17_rep1,redis,sb:events:n20:feed17:rep1,9be6d5b2-1def-4cbc-ae53-a779159d0915,3895113,106,0.8833333333333333,15591747611,18372544400,18374425100,1781307110493-0
concurrency_n20_20260613_003117_redis_feed17_rep1,redis,sb:events:n20:feed17:rep1,e9cab33f-5f40-49a3-b7fc-a69771b80008,3895086,106,0.8833333333333333,15591747611,18376720700,18378228800,1781307110497-0
concurrency_n20_20260613_003117_redis_feed17_rep1,redis,sb:events:n20:feed17:rep1,cbdba06b-9e29-414c-bc4f-9580fbb9f441,3895052,107,0.8916666666666667,15591817055,18378476800,18379703900,1781307110499-0
concurrency_n20_20260613_003117_redis_feed17_rep1,redis,sb:events:n20:feed17:rep1,2526c2b2-3b7c-436a-b75d-14c0e76b7337,3895052,107,0.8916666666666667,15591817055,18380423500,18404168300,1781307110501-0
concurrency_n20_20260613_003117_redis_feed17_rep1,redis,sb:events:n20:feed17:rep1,27646fac-073e-4ef6-b37d-d3e1d12fadff,3895134,107,0.8916666666666667,15591817055,18404555800,18408194900,1781307110526-0
concurrency_n20_20260613_003117_redis_feed17_rep1,redis,sb:events:n20:feed17:rep1,9e3511f7-13cb-4b3c-9f7e-5a70e1446bcb,3895134,107,0.8916666666666667,15591817055,18408466900,18411602600,1781307110530-0
concurrency_n20_20260613_003117_redis_feed17_rep1,redis,sb:events:n20:feed17:rep1,702f074d-fb36-45a2-be9a-6abdcd182ce0,3895134,107,0.8916666666666667,15591817055,18411897200,18414397800,1781307110533-0
concurrency_n20_20260613_003117_redis_feed17_rep1,redis,sb:events:n20:feed17:rep1,9ad57bd7-c9d8-4dbc-b7df-c826e2a93276,3895107,107,0.8916666666666667,15591817055,18414706800,18416622900,1781307110535-0
concurrency_n20_20260613_003117_redis_feed17_rep1,redis,sb:events:n20:feed17:rep1,c97e8cf5-546c-47b5-ae9a-2727d472a505,3895107,107,0.8916666666666667,15591817055,18416924200,18418832300,1781307110537-0
concurrency_n20_20260613_003117_redis_feed17_rep1,redis,sb:events:n20:feed17:rep1,20619fe5-acd9-4561-b937-977ea2e815a4,3895107,107,0.8916666666666667,15591817055,18419117100,18420875700,1781307110540-0
concurrency_n20_20260613_003117_redis_feed17_rep1,redis,sb:events:n20:feed17:rep1,a0b2cdce-34f0-43bb-8d2b-cdbac4e6e299,3895232,107,107.0,16476053166,18421160100,18422756900,1781307110542-0
concurrency_n20_20260613_003117_redis_feed17_rep1,redis,sb:events:n20:feed17:rep1,9de49e44-f9ca-4936-8169-093f6a29bbb3,3895121,108,0.9,15591886500,18423000300,18424831500,1781307110544-0
concurrency_n20_20260613_003117_redis_feed17_rep1,redis,sb:events:n20:feed17:rep1,f6a1cf5d-91aa-4da6-92eb-ea7261dc67e3,3895107,108,0.9,15591886500,18425089400,18427866300,1781307110546-0
concurrency_n20_20260613_003117_redis_feed17_rep1,redis,sb:events:n20:feed17:rep1,1f358520-88de-4fba-acdc-1b07a205435e,3895107,108,0.9,15591886500,18430807600,18432239200,1781307110551-0
concurrency_n20_20260613_003117_redis_feed17_rep1,redis,sb:events:n20:feed17:rep1,41d0ce65-e3fe-4ec0-a9f2-c2a7eebff4e0,3895107,108,0.9,15591886500,18432536000,18434110600,1781307110553-0
concurrency_n20_20260613_003117_redis_feed17_rep1,redis,sb:events:n20:feed17:rep1,21dee0fb-5d81-48c1-8288-7f701d838295,3895067,108,0.9,15591886500,18434353300,18435914100,1781307110555-0
concurrency_n20_20260613_003117_redis_feed17_rep1,redis,sb:events:n20:feed17:rep1,9c0d8c9d-b5b7-46ba-9304-d716adc447c2,3895086,108,0.9,15591886500,18436267700,18437229400,1781307110556-0
concurrency_n20_20260613_003117_redis_feed17_rep1,redis,sb:events:n20:feed17:rep1,0c2762f4-d89c-498f-8f26-7427fe581ffb,3895121,109,0.9083333333333332,15591955944,18437451500,18438302200,1781307110557-0
concurrency_n20_20260613_003117_redis_feed17_rep1,redis,sb:events:n20:feed17:rep1,b5ebc124-dbfd-4356-a6eb-2609f9143ccd,3895121,109,0.9083333333333332,15591955944,18438706600,18441065900,1781307110559-0
concurrency_n20_20260613_003117_redis_feed17_rep1,redis,sb:events:n20:feed17:rep1,a08bd5e4-b884-40a9-99e7-2e6ec11c9468,3895052,109,0.9083333333333332,15591955944,18441875200,18443088900,1781307110562-0
concurrency_n20_20260613_003117_redis_feed17_rep1,redis,sb:events:n20:feed17:rep1,6a9dcea1-2952-4c3a-98e4-4c6c65274736,3895052,109,0.9083333333333332,15591955944,18443333800,18444494900,1781307110563-0
concurrency_n20_20260613_003117_redis_feed17_rep1,redis,sb:events:n20:feed17:rep1,b4b06f9a-98a5-44e6-ba3e-b31d9951b125,3895052,109,0.9083333333333332,15591955944,18444886800,18446966400,1781307110566-0
concurrency_n20_20260613_003117_redis_feed17_rep1,redis,sb:events:n20:feed17:rep1,992bbe98-e47e-4708-89d4-a6ab8c0af31d,3895134,109,0.9083333333333332,15591955944,18447229000,18450365300,1781307110568-0
concurrency_n20_20260613_003117_redis_feed17_rep1,redis,sb:events:n20:feed17:rep1,142b9c29-49d5-4f3a-b30a-e573ddbf7700,3895107,109,0.9083333333333332,15591955944,18450625700,18451892400,1781307110571-0
concurrency_n20_20260613_003117_redis_feed17_rep1,redis,sb:events:n20:feed17:rep1,e0feafd9-95d2-4415-a36f-cb898baf5a29,3895107,109,0.9083333333333332,15591955944,18452130000,18453234500,1781307110572-0
concurrency_n20_20260613_003117_redis_feed17_rep1,redis,sb:events:n20:feed17:rep1,911c8215-0099-46a6-ad30-00c107b2179a,3895107,109,0.9083333333333332,15591955944,18453478500,18454874100,1781307110574-0
concurrency_n20_20260613_003117_redis_feed17_rep1,redis,sb:events:n20:feed17:rep1,c5f98d0c-da42-4c2c-82fe-8b575b76bda1,3895107,109,0.9083333333333332,15591955944,18455154600,18456105500,1781307110575-0
concurrency_n20_20260613_003117_redis_feed17_rep1,redis,sb:events:n20:feed17:rep1,24d6b1ef-00d0-4d6c-aa3b-c7820ef973c0,3895113,109,0.9083333333333332,15591955944,18456429800,18457862500,1781307110576-0
concurrency_n20_20260613_003117_redis_feed17_rep1,redis,sb:events:n20:feed17:rep1,c7efcc3e-070e-40d8-a151-a97c646a22dc,3895086,109,0.9083333333333332,15591955944,18458126300,18459073100,1781307110578-0
concurrency_n20_20260613_003117_redis_feed17_rep1,redis,sb:events:n20:feed17:rep1,ce9691b1-8c85-4575-8f83-6d6b0dd6ae29,3895086,109,0.9083333333333332,15591955944,18459299000,18460549000,1781307110580-0
concurrency_n20_20260613_003117_redis_feed17_rep1,redis,sb:events:n20:feed17:rep1,97be3159-7459-47e2-a9a3-236c8c402e2e,3895052,110,0.9166666666666666,15592025388,18460810200,18461983500,1781307110581-0
concurrency_n20_20260613_003117_redis_feed17_rep1,redis,sb:events:n20:feed17:rep1,c3323881-9112-4b7d-b3cf-06062fcb5902,3895052,110,0.9166666666666666,15592025388,18463415100,18464699200,1781307110584-0
concurrency_n20_20260613_003117_redis_feed17_rep1,redis,sb:events:n20:feed17:rep1,8107f6b4-2ca4-4426-b2f1-fddbf56b3d12,3895107,110,0.9166666666666666,15592025388,18464941300,18465803200,1781307110585-0
concurrency_n20_20260613_003117_redis_feed17_rep1,redis,sb:events:n20:feed17:rep1,5cdf8f93-3144-4a4d-b2b7-50ef011136b8,3895107,110,0.9166666666666666,15592025388,18466013800,18467237000,1781307110586-0
concurrency_n20_20260613_003117_redis_feed17_rep1,redis,sb:events:n20:feed17:rep1,61d9445d-6620-45a8-9d8c-b32705645f62,3895107,110,0.9166666666666666,15592025388,18467480700,18468491500,1781307110588-0
concurrency_n20_20260613_003117_redis_feed17_rep1,redis,sb:events:n20:feed17:rep1,a9799eea-c672-4ecd-9ba0-90a736c24a87,3895067,110,0.9166666666666666,15592025388,18468798500,18469815700,1781307110589-0
concurrency_n20_20260613_003117_redis_feed17_rep1,redis,sb:events:n20:feed17:rep1,e7340a13-792c-4042-b5d0-9ead45dbf21f,3895067,110,0.9166666666666666,15592025388,18470038100,18470825700,1781307110590-0
concurrency_n20_20260613_003117_redis_feed17_rep1,redis,sb:events:n20:feed17:rep1,91483f9e-a629-476a-9701-36dbd203741d,3895067,110,0.9166666666666666,15592025388,18471023800,18472946000,1781307110591-0
concurrency_n20_20260613_003117_redis_feed17_rep1,redis,sb:events:n20:feed17:rep1,6762475a-b66e-4b20-b7af-fbde39fdc7c9,3895113,110,0.9166666666666666,15592025388,18473548300,18474406700,1781307110594-0
concurrency_n20_20260613_003117_redis_feed17_rep1,redis,sb:events:n20:feed17:rep1,b8b38f3e-a656-4846-a0ed-da17aa29d986,3895113,110,0.9166666666666666,15592025388,18474588000,18475901100,1781307110595-0
concurrency_n20_20260613_003117_redis_feed17_rep1,redis,sb:events:n20:feed17:rep1,7c853898-8a8a-46f3-ba54-ccd88563a52e,3895113,110,0.9166666666666666,15592025388,18476218400,18477681400,1781307110596-0
concurrency_n20_20260613_003117_redis_feed17_rep1,redis,sb:events:n20:feed17:rep1,26c094bc-d1c8-42f2-b616-325b8e085f8f,3895113,110,0.9166666666666666,15592025388,18478116400,18478919400,1781307110598-0
concurrency_n20_20260613_003117_redis_feed17_rep1,redis,sb:events:n20:feed17:rep1,70ac486f-ae17-4fb7-9926-eff1d5fcb4d3,3895113,110,0.9166666666666666,15592025388,18479139100,18480078300,1781307110599-0
concurrency_n20_20260613_003117_redis_feed17_rep1,redis,sb:events:n20:feed17:rep1,67f159f8-0e87-477b-aad7-f2484553936e,3895113,110,0.9166666666666666,15592025388,18480393500,18481400300,1781307110600-0
concurrency_n20_20260613_003117_redis_feed17_rep1,redis,sb:events:n20:feed17:rep1,64bc8b69-4baf-4c85-9ea8-a8cb97bc5fb4,3895121,111,0.925,15592094833,18481603300,18482518600,1781307110602-0
concurrency_n20_20260613_003117_redis_feed17_rep1,redis,sb:events:n20:feed17:rep1,3fd9667f-d5ab-42b7-9320-b4a4407a7260,3895113,111,0.925,15592094833,18482726700,18483397700,1781307110603-0
concurrency_n20_20260613_003117_redis_feed17_rep1,redis,sb:events:n20:feed17:rep1,6aa04e2b-f226-4e4c-84a1-6438d188c9a6,3895052,112,0.9333333333333332,15592164277,18483606800,18484812000,1781307110604-0
concurrency_n20_20260613_003117_redis_feed17_rep1,redis,sb:events:n20:feed17:rep1,2e64c80b-b9a7-440c-8066-930bfa2c46bb,3895107,112,0.9333333333333332,15592164277,18484995700,18485817300,1781307110605-0
concurrency_n20_20260613_003117_redis_feed17_rep1,redis,sb:events:n20:feed17:rep1,19bba5a5-8072-4b4c-801f-234c78944a77,3895107,112,0.9333333333333332,15592164277,18486034700,18487735800,1781307110606-0
concurrency_n20_20260613_003117_redis_feed17_rep1,redis,sb:events:n20:feed17:rep1,7a548134-dd4e-470b-bfab-5d177d356f45,3895067,112,0.9333333333333332,15592164277,18488354600,18489260800,1781307110608-0
concurrency_n20_20260613_003117_redis_feed17_rep1,redis,sb:events:n20:feed17:rep1,45002568-a496-4ab7-87a7-380e89d6640d,3895067,112,0.9333333333333332,15592164277,18489500000,18490250700,1781307110609-0
concurrency_n20_20260613_003117_redis_feed17_rep1,redis,sb:events:n20:feed17:rep1,ddadd240-6377-490e-a404-b37b67a30fd4,3895067,112,0.9333333333333332,15592164277,18490543000,18492575300,1781307110611-0
concurrency_n20_20260613_003117_redis_feed17_rep1,redis,sb:events:n20:feed17:rep1,9314664c-5c01-4a5a-b79c-e7881d06fd32,3895086,112,0.9333333333333332,15592164277,18492903300,18494940200,1781307110613-0
concurrency_n20_20260613_003117_redis_feed17_rep1,redis,sb:events:n20:feed17:rep1,dc4271d8-7107-479f-a6b7-343a5e10fc80,3895113,112,0.9333333333333332,15592164277,18495267500,18496588000,1781307110616-0
concurrency_n20_20260613_003117_redis_feed17_rep1,redis,sb:events:n20:feed17:rep1,750b8b16-cb65-4b93-9bf2-b66af9280590,3895121,113,0.9416666666666668,15592233722,18496953100,18498457700,1781307110617-0
concurrency_n20_20260613_003117_redis_feed17_rep1,redis,sb:events:n20:feed17:rep1,d61632a6-1e43-412c-9930-695e7a0e3878,3895121,113,0.9416666666666668,15592233722,18498837700,18499846100,1781307110619-0
concurrency_n20_20260613_003117_redis_feed17_rep1,redis,sb:events:n20:feed17:rep1,9a0e6542-ddb5-4cc5-ac8e-762f234226e1,3895121,113,0.9416666666666668,15592233722,18500029400,18501173400,1781307110620-0
concurrency_n20_20260613_003117_redis_feed17_rep1,redis,sb:events:n20:feed17:rep1,c7d7a1e8-0f1a-4674-8818-e29ff292795b,3895052,113,0.9416666666666668,15592233722,18501411800,18509245800,1781307110627-0
concurrency_n20_20260613_003117_redis_feed17_rep1,redis,sb:events:n20:feed17:rep1,97d8e43c-7f14-4447-ae06-290765162250,3895052,113,0.9416666666666668,15592233722,18509545200,18513058900,1781307110632-0
concurrency_n20_20260613_003117_redis_feed17_rep1,redis,sb:events:n20:feed17:rep1,c8ff62dc-59ef-4080-baee-5f6217dbc1bb,3895052,113,0.9416666666666668,15592233722,18513355300,18516876500,1781307110635-0
concurrency_n20_20260613_003117_redis_feed17_rep1,redis,sb:events:n20:feed17:rep1,b248d17d-7408-44b7-80ac-950b87e98a57,3895052,113,0.9416666666666668,15592233722,18517174900,18518704600,1781307110638-0
concurrency_n20_20260613_003117_redis_feed17_rep1,redis,sb:events:n20:feed17:rep1,d504c8cc-bf08-403b-9f0f-1d3dfc3b260c,3895067,113,0.9416666666666668,15592233722,18519028000,18535523700,1781307110654-0
concurrency_n20_20260613_003117_redis_feed17_rep1,redis,sb:events:n20:feed17:rep1,b50cfe07-9c82-4ab6-8959-f4124f7e95da,3895067,113,0.9416666666666668,15592233722,18536053300,18538324100,1781307110656-0
concurrency_n20_20260613_003117_redis_feed17_rep1,redis,sb:events:n20:feed17:rep1,dbc49305-1448-401e-a486-14dac27ad308,3895086,113,0.9416666666666668,15592233722,18538695100,18539723000,1781307110659-0
concurrency_n20_20260613_003117_redis_feed17_rep1,redis,sb:events:n20:feed17:rep1,c58e2f66-49be-477c-bbb6-b18188180609,3895086,113,0.9416666666666668,15592233722,18539937700,18540908400,1781307110660-0
concurrency_n20_20260613_003117_redis_feed17_rep1,redis,sb:events:n20:feed17:rep1,3d1371cd-b194-40a5-92e0-a41779d68bd5,3895113,113,0.9416666666666668,15592233722,18541513700,18542377800,1781307110662-0
concurrency_n20_20260613_003117_redis_feed17_rep1,redis,sb:events:n20:feed17:rep1,26953926-00a3-4f5f-bb1d-6a7249bae936,3895113,113,0.9416666666666668,15592233722,18542607700,18543819100,1781307110663-0
concurrency_n20_20260613_003117_redis_feed17_rep1,redis,sb:events:n20:feed17:rep1,2116b6a3-7d95-4e53-98ab-20afb5dd9951,3895113,113,0.9416666666666668,15592233722,18544101900,18544749400,1781307110664-0
concurrency_n20_20260613_003117_redis_feed17_rep1,redis,sb:events:n20:feed17:rep1,91f0bfc9-6dac-47b0-bafb-9f62e10a710f,3895113,113,0.9416666666666668,15592233722,18544923100,18546119600,1781307110665-0
concurrency_n20_20260613_003117_redis_feed17_rep1,redis,sb:events:n20:feed17:rep1,0186c979-505b-41c3-9b8e-6bb584c2d354,3895134,114,0.95,15592303166,18546395700,18547280700,1781307110666-0
concurrency_n20_20260613_003117_redis_feed17_rep1,redis,sb:events:n20:feed17:rep1,171eff5b-4437-41ee-927f-e533939b451c,3895134,114,0.95,15592303166,18547464400,18548582000,1781307110668-0
concurrency_n20_20260613_003117_redis_feed17_rep1,redis,sb:events:n20:feed17:rep1,ed61d850-a665-4e5e-a9b4-fa4860cd73a9,3895052,114,0.95,15592303166,18548788700,18549506600,1781307110669-0
concurrency_n20_20260613_003117_redis_feed17_rep1,redis,sb:events:n20:feed17:rep1,c9f142b4-0f18-423c-9272-741f44713316,3895052,114,0.95,15592303166,18549769800,18550726700,1781307110670-0
concurrency_n20_20260613_003117_redis_feed17_rep1,redis,sb:events:n20:feed17:rep1,be1bdcf2-142d-411b-ba28-d6c2499bbd28,3895052,114,0.95,15592303166,18552685400,18553940100,1781307110673-0
concurrency_n20_20260613_003117_redis_feed17_rep1,redis,sb:events:n20:feed17:rep1,b45e1a89-6f3c-4d8f-ad6c-9deb82845628,3895052,114,0.95,15592303166,18554279400,18555448300,1781307110674-0
concurrency_n20_20260613_003117_redis_feed17_rep1,redis,sb:events:n20:feed17:rep1,db789b2b-870f-4716-b452-e54958307050,3895052,114,0.95,15592303166,18555966800,18559392000,1781307110676-0
concurrency_n20_20260613_003117_redis_feed17_rep1,redis,sb:events:n20:feed17:rep1,a9acce11-8ebc-41d3-9fe6-2333092d65b6,3895107,114,0.95,15592303166,18559885500,18570383900,1781307110689-0
concurrency_n20_20260613_003117_redis_feed17_rep1,redis,sb:events:n20:feed17:rep1,7377ad6e-fa0b-4596-81b9-ac590287046b,3895107,114,0.95,15592303166,18570894500,18572248700,1781307110691-0
concurrency_n20_20260613_003117_redis_feed17_rep1,redis,sb:events:n20:feed17:rep1,0f2e3e9c-1659-4b1e-8767-68615acb8390,3895067,114,0.95,15592303166,18574582600,18576317400,1781307110695-0
concurrency_n20_20260613_003117_redis_feed17_rep1,redis,sb:events:n20:feed17:rep1,d3ed5183-b51f-426c-9c0d-0b3772c2d450,3895113,114,0.95,15592303166,18576765400,18577807400,1781307110697-0
concurrency_n20_20260613_003117_redis_feed17_rep1,redis,sb:events:n20:feed17:rep1,0ede5dbd-8812-4aea-8181-e9fa6fd135cf,3895113,114,0.95,15592303166,18578074000,18580765100,1781307110698-0
concurrency_n20_20260613_003117_redis_feed17_rep1,redis,sb:events:n20:feed17:rep1,cdde5370-fb15-4a58-adf4-45eed020acf8,3895113,114,0.95,15592303166,18581673400,18582877100,1781307110702-0
concurrency_n20_20260613_003117_redis_feed17_rep1,redis,sb:events:n20:feed17:rep1,17cb5297-54dd-428b-9795-e463bf435ca1,3895121,115,0.9583333333333334,15592372611,18583149900,18584266300,1781307110703-0
concurrency_n20_20260613_003117_redis_feed17_rep1,redis,sb:events:n20:feed17:rep1,50a6623d-60b8-45b1-8685-0701fb4f6c9f,3895121,115,0.9583333333333334,15592372611,18584555800,18585374200,1781307110705-0
concurrency_n20_20260613_003117_redis_feed17_rep1,redis,sb:events:n20:feed17:rep1,7a1ba5fc-c4e3-4918-a896-085d43ee76b6,3895121,115,0.9583333333333334,15592372611,18585565300,18586438400,1781307110705-1
concurrency_n20_20260613_003117_redis_feed17_rep1,redis,sb:events:n20:feed17:rep1,3d4305d7-c8f8-4354-b310-21e2b727b442,3895134,115,0.9583333333333334,15592372611,18586694500,18587633400,1781307110707-0
concurrency_n20_20260613_003117_redis_feed17_rep1,redis,sb:events:n20:feed17:rep1,9448c0b2-c494-4c40-a7e6-8959d9c073ef,3895134,115,0.9583333333333334,15592372611,18587857500,18588616400,1781307110708-0
concurrency_n20_20260613_003117_redis_feed17_rep1,redis,sb:events:n20:feed17:rep1,0e3ede14-3ebc-41c2-a975-1d49d5de4bb2,3895052,115,0.9583333333333334,15592372611,18589487900,18590634700,1781307110710-0
concurrency_n20_20260613_003117_redis_feed17_rep1,redis,sb:events:n20:feed17:rep1,0e7d8edf-fcfa-4072-b346-cbca8880cbc6,3895052,115,0.9583333333333334,15592372611,18591010600,18592183200,1781307110711-0
concurrency_n20_20260613_003117_redis_feed17_rep1,redis,sb:events:n20:feed17:rep1,f10a1738-f05c-41c3-bb31-199f77d1efe5,3895052,115,0.9583333333333334,15592372611,18592581500,18593477100,1781307110713-0
concurrency_n20_20260613_003117_redis_feed17_rep1,redis,sb:events:n20:feed17:rep1,b5e59fb5-c369-47e1-92be-0a5e0073312b,3895107,115,0.9583333333333334,15592372611,18593709900,18595188800,1781307110714-0
concurrency_n20_20260613_003117_redis_feed17_rep1,redis,sb:events:n20:feed17:rep1,9074ea1f-84fd-41b2-a58d-64c5e86f206f,3895107,115,0.9583333333333334,15592372611,18595715400,18596851100,1781307110716-0
concurrency_n20_20260613_003117_redis_feed17_rep1,redis,sb:events:n20:feed17:rep1,0b564d85-b990-494e-92dc-f5c12a9ad7e7,3895067,115,0.9583333333333334,15592372611,18597192000,18598075800,1781307110717-0
concurrency_n20_20260613_003117_redis_feed17_rep1,redis,sb:events:n20:feed17:rep1,dfa44927-1786-4242-a3c9-6bb78f92a41d,3895121,116,0.9666666666666668,15592442055,18598818400,18604567500,1781307110719-0
concurrency_n20_20260613_003117_redis_feed17_rep1,redis,sb:events:n20:feed17:rep1,28167a01-c198-4e27-808e-d05ab7dd92fe,3895121,116,0.9666666666666668,15592442055,18605191200,18606321700,1781307110725-0
concurrency_n20_20260613_003117_redis_feed17_rep1,redis,sb:events:n20:feed17:rep1,12de5a66-0731-4744-9042-e9da4bd3738e,3895121,116,0.9666666666666668,15592442055,18606554100,18607422800,1781307110726-0
concurrency_n20_20260613_003117_redis_feed17_rep1,redis,sb:events:n20:feed17:rep1,ba8994b3-43e5-4898-9f47-3d747cc8a03e,3895052,116,0.9666666666666668,15592442055,18607708600,18609150600,1781307110728-0
concurrency_n20_20260613_003117_redis_feed17_rep1,redis,sb:events:n20:feed17:rep1,53f544f0-0701-4acc-8950-50e2edc7b679,3895052,116,0.9666666666666668,15592442055,18609414800,18611385600,1781307110730-0
concurrency_n20_20260613_003117_redis_feed17_rep1,redis,sb:events:n20:feed17:rep1,22f8ff4f-420d-4b03-b190-3fe080a231eb,3895107,116,0.9666666666666668,15592442055,18611719200,18612912400,1781307110732-0
concurrency_n20_20260613_003117_redis_feed17_rep1,redis,sb:events:n20:feed17:rep1,3297912b-e9f2-42e0-a8f7-19bca286fa92,3895067,116,0.9666666666666668,15592442055,18613138800,18614653600,1781307110733-0
concurrency_n20_20260613_003117_redis_feed17_rep1,redis,sb:events:n20:feed17:rep1,6b35b1b1-3299-4f91-9b89-b78502892306,3895067,116,0.9666666666666668,15592442055,18615198000,18616112800,1781307110735-0
concurrency_n20_20260613_003117_redis_feed17_rep1,redis,sb:events:n20:feed17:rep1,98e9e7f9-90c2-49d9-8f4a-9b3f5f40c4e7,3895113,116,0.9666666666666668,15592442055,18616424700,18617365200,1781307110736-0
concurrency_n20_20260613_003117_redis_feed17_rep1,redis,sb:events:n20:feed17:rep1,17bc10e3-7560-4f0f-a656-c11a10466f53,3895107,117,0.975,15592511500,18617564200,18620152600,1781307110738-0
concurrency_n20_20260613_003117_redis_feed17_rep1,redis,sb:events:n20:feed17:rep1,d509cfef-14fd-48df-9635-76fd2b71384f,3895107,117,0.975,15592511500,18620867800,18622341600,1781307110741-0
concurrency_n20_20260613_003117_redis_feed17_rep1,redis,sb:events:n20:feed17:rep1,6c18a770-7237-4414-8130-1ac21c24d62c,3895107,117,0.975,15592511500,18622745200,18623954100,1781307110743-0
concurrency_n20_20260613_003117_redis_feed17_rep1,redis,sb:events:n20:feed17:rep1,07e7d61f-9a36-47c6-9600-14f7c660e7be,3895067,117,0.975,15592511500,18625268900,18626402500,1781307110745-0
concurrency_n20_20260613_003117_redis_feed17_rep1,redis,sb:events:n20:feed17:rep1,ae378274-737d-4255-a738-ee950d3e72e0,3895113,117,0.975,15592511500,18626703700,18627477400,1781307110747-0
concurrency_n20_20260613_003117_redis_feed17_rep1,redis,sb:events:n20:feed17:rep1,e3ba7692-e4e0-4c95-8c4e-2cae2279d589,3895113,117,0.975,15592511500,18627719000,18628673100,1781307110748-0
concurrency_n20_20260613_003117_redis_feed17_rep1,redis,sb:events:n20:feed17:rep1,1ef6537d-42b1-4a9a-845b-a152415c04ff,3895121,118,0.9833333333333332,15592580944,18628918200,18632053200,1781307110749-0
concurrency_n20_20260613_003117_redis_feed17_rep1,redis,sb:events:n20:feed17:rep1,942c2d63-be6b-4ef5-9631-886f35366d16,3895121,118,0.9833333333333332,15592580944,18632337800,18633681200,1781307110753-0
concurrency_n20_20260613_003117_redis_feed17_rep1,redis,sb:events:n20:feed17:rep1,cac04a9b-0c8b-4906-a427-775d3abf3395,3895121,118,0.9833333333333332,15592580944,18633963300,18635139600,1781307110754-0
concurrency_n20_20260613_003117_redis_feed17_rep1,redis,sb:events:n20:feed17:rep1,9eee3473-7f29-4358-899e-97c57243b3fc,3895086,118,0.9833333333333332,15592580944,18635414500,18638031900,1781307110756-0
concurrency_n20_20260613_003117_redis_feed17_rep1,redis,sb:events:n20:feed17:rep1,2fa0470b-b096-4e0f-8f7e-5c3bdc27abbd,3895052,119,0.9916666666666668,15592650388,18638283900,18674337000,1781307110793-0
concurrency_n20_20260613_003117_redis_feed17_rep1,redis,sb:events:n20:feed17:rep1,8e75e7d9-d322-4c00-a2af-f2c35092b10a,3895107,119,0.9916666666666668,15592650388,18674607000,18677102200,1781307110795-0
concurrency_n20_20260613_003117_redis_feed17_rep1,redis,sb:events:n20:feed17:rep1,fc9c2958-2dc2-428b-957b-587677606e28,3895086,119,0.9916666666666668,15592650388,18677427400,18678457000,1781307110797-0
concurrency_n20_20260613_003117_redis_feed17_rep1,redis,sb:events:n20:feed17:rep1,7ae4a7ff-a6c4-4c74-942a-ad61360cea97,3895086,119,0.9916666666666668,15592650388,18678771400,18682331700,1781307110799-0
concurrency_n20_20260613_003117_redis_feed17_rep1,redis,sb:events:n20:feed17:rep1,9b98774e-3075-42de-b94e-96ed73663d39,3895086,119,0.9916666666666668,15592650388,18682590500,18683629700,1781307110803-0
concurrency_n20_20260613_003117_redis_feed17_rep1,redis,sb:events:n20:feed17:rep1,d786abf4-38cb-40e5-b6b5-e8eb9625a8ba,3895121,120,1.0,15592719833,18683918100,18684864100,1781307110804-0
concurrency_n20_20260613_003117_redis_feed17_rep1,redis,sb:events:n20:feed17:rep1,eb426907-87c9-419e-8ee6-0ed8b6b740e4,3895052,120,1.0,15592719833,18685134100,18686523200,1781307110805-0
concurrency_n20_20260613_003117_redis_feed17_rep1,redis,sb:events:n20:feed17:rep1,ae318e73-9edd-4aa7-8a31-7ab53c980a7f,3895113,120,1.0,15592719833,18686966500,18696408800,1781307110807-0
concurrency_n20_20260613_003117_redis_feed17_rep1,redis,sb:events:n20:feed17:rep1,a46567a2-874a-4083-b7d8-7fb9c77581c9,3895113,121,1.0083333333333333,15592789277,18696784600,18697990100,1781307110817-0
concurrency_n20_20260613_003117_redis_feed17_rep1,redis,sb:events:n20:feed17:rep1,bdcb87b4-886d-4a51-846a-e3daf9134550,3895113,121,1.0083333333333333,15592789277,18698394700,18703527200,1781307110819-0
concurrency_n20_20260613_003117_redis_feed17_rep1,redis,sb:events:n20:feed17:rep1,c6fa8cba-1701-4ea3-ac1a-392f3600fa7f,3895113,121,1.0083333333333333,15592789277,18704089700,18705398000,1781307110824-0
concurrency_n20_20260613_003117_redis_feed17_rep1,redis,sb:events:n20:feed17:rep1,555bc5c4-24ff-470a-bcb3-f1f8c805a727,3895121,122,1.0166666666666666,15592858722,18705639900,18706876200,1781307110826-0
concurrency_n20_20260613_003117_redis_feed17_rep1,redis,sb:events:n20:feed17:rep1,408f4bbf-413e-4694-89db-f672c83307a8,3895121,122,1.0166666666666666,15592858722,18707133000,18709630500,1781307110827-0
concurrency_n20_20260613_003117_redis_feed17_rep1,redis,sb:events:n20:feed17:rep1,5eedec80-f645-4cfb-aa12-58c2d9e4aa76,3895134,122,1.0166666666666666,15592858722,18709967500,18711911800,1781307110831-0
concurrency_n20_20260613_003117_redis_feed17_rep1,redis,sb:events:n20:feed17:rep1,5e463067-3b5f-41a2-94c8-8f2b45bde467,3895113,122,1.0166666666666666,15592858722,18712175600,18713958400,1781307110832-0
concurrency_n20_20260613_003117_redis_feed17_rep1,redis,sb:events:n20:feed17:rep1,91ebf0de-d5c2-4d9a-afc6-8a0886f2b8d9,3895113,122,1.0166666666666666,15592858722,18714262200,18718189800,1781307110835-0
concurrency_n20_20260613_003117_redis_feed17_rep1,redis,sb:events:n20:feed17:rep1,5d9832a6-a171-4ef4-b701-f6b4d05feee6,3895086,123,1.025,15592928166,18718747700,18725707000,1781307110844-0
concurrency_n20_20260613_003117_redis_feed17_rep1,redis,sb:events:n20:feed17:rep1,0ebcc909-cb95-4c8d-9d1e-9a5a1602fab8,3895074,124,1.0333333333333334,15592997611,18725972700,18727137300,1781307110846-0
concurrency_n20_20260613_003117_redis_feed17_rep1,redis,sb:events:n20:feed17:rep1,cddd9642-16da-4c45-a5b0-1e9c33f32f09,3895232,124,124.0,16617719833,18727377700,18729789900,1781307110848-0
concurrency_n20_20260613_003117_redis_feed17_rep1,redis,sb:events:n20:feed17:rep1,0e86a8f0-fac3-4b94-ae98-503bef435107,3895086,124,1.0333333333333334,15592997611,18730041700,18737779200,1781307110856-0
concurrency_n20_20260613_003117_redis_feed17_rep1,redis,sb:events:n20:feed17:rep1,3df3c610-7558-40f2-8409-3980c81df760,3895086,124,1.0333333333333334,15592997611,18738075600,18742981000,1781307110860-0
concurrency_n20_20260613_003117_redis_feed17_rep1,redis,sb:events:n20:feed17:rep1,b146373c-bfd4-4689-9a30-2425bedbaea1,3895121,125,1.0416666666666667,15593067055,18743234900,18745433700,1781307110863-0
concurrency_n20_20260613_003117_redis_feed17_rep1,redis,sb:events:n20:feed17:rep1,bc78e1b9-5446-43ae-a64a-472f49fcc426,3895134,125,1.0416666666666667,15593067055,18746922900,18765457900,1781307110882-0
concurrency_n20_20260613_003117_redis_feed17_rep1,redis,sb:events:n20:feed17:rep1,7668f311-474c-4a09-ba73-976cb6e622e9,3895134,125,1.0416666666666667,15593067055,18765718600,18767670300,1781307110886-0
concurrency_n20_20260613_003117_redis_feed17_rep1,redis,sb:events:n20:feed17:rep1,d486aa6d-6028-4a09-817b-504a539439c0,3895134,125,1.0416666666666667,15593067055,18768251400,18771556100,1781307110888-0
concurrency_n20_20260613_003117_redis_feed17_rep1,redis,sb:events:n20:feed17:rep1,e7e5d1b6-5e9e-43a7-91d1-759983970dbd,3895232,125,125.0,16626053166,18772237100,18773720400,1781307110893-0
concurrency_n20_20260613_003117_redis_feed17_rep1,redis,sb:events:n20:feed17:rep1,f7c3a6d3-c812-4223-979e-cf363528609d,3895232,125,125.0,16626053166,18774055500,18775214300,1781307110894-0
concurrency_n20_20260613_003117_redis_feed17_rep1,redis,sb:events:n20:feed17:rep1,82595f2a-67ec-4132-ac0f-085a1516fc3a,3895232,126,126.0,16634386500,18775516000,18776637300,1781307110896-0
concurrency_n20_20260613_003117_redis_feed17_rep1,redis,sb:events:n20:feed17:rep1,0c3a05f7-8245-4880-8929-7fcf36f2ea64,3895086,126,1.05,15593136500,18776849600,18777865300,1781307110897-0
concurrency_n20_20260613_003117_redis_feed17_rep1,redis,sb:events:n20:feed17:rep1,62daa303-276e-4025-88fd-f274ca6391a5,3895095,127,1.0583333333333331,15593205944,18778150700,18779370700,1781307110898-0
concurrency_n20_20260613_003117_redis_feed17_rep1,redis,sb:events:n20:feed17:rep1,afeefed6-d0ce-472b-bb6d-1575badb8431,3895121,127,1.0583333333333331,15593205944,18779668000,18780950500,1781307110900-0
concurrency_n20_20260613_003117_redis_feed17_rep1,redis,sb:events:n20:feed17:rep1,64d6040f-180b-47a2-87ef-500952d04dc9,3895121,127,1.0583333333333331,15593205944,18781820500,18783383100,1781307110902-0
concurrency_n20_20260613_003117_redis_feed17_rep1,redis,sb:events:n20:feed17:rep1,5ba62c14-0531-4810-8b10-81c900dabc24,3895052,127,1.0583333333333331,15593205944,18783906800,18785053400,1781307110904-0
concurrency_n20_20260613_003117_redis_feed17_rep1,redis,sb:events:n20:feed17:rep1,562d222a-ad9d-4deb-9cbf-f4d7310568e4,3895232,127,127.0,16642719833,18785289600,18787358000,1781307110906-0
concurrency_n20_20260613_003117_redis_feed17_rep1,redis,sb:events:n20:feed17:rep1,e1be1dd2-b23a-4194-bab1-2f8cf03e4b91,3895086,127,1.0583333333333331,15593205944,18787806800,18790344300,1781307110909-0
concurrency_n20_20260613_003117_redis_feed17_rep1,redis,sb:events:n20:feed17:rep1,00dfb475-72a7-4673-ba72-cb20316a774f,3895086,127,1.0583333333333331,15593205944,18790706000,18791674600,1781307110911-0
concurrency_n20_20260613_003117_redis_feed17_rep1,redis,sb:events:n20:feed17:rep1,e217828c-5b24-44e5-98c4-da628ea86b68,3895086,127,1.0583333333333331,15593205944,18791900000,18793951900,1781307110912-0
concurrency_n20_20260613_003117_redis_feed17_rep1,redis,sb:events:n20:feed17:rep1,39cbe823-8aa4-40ec-8e9c-fafa182c583c,3895086,127,1.0583333333333331,15593205944,18794251300,18798556900,1781307110914-0
concurrency_n20_20260613_003117_redis_feed17_rep1,redis,sb:events:n20:feed17:rep1,b5a26a30-b128-4077-a30b-60fe783e8f6e,3895121,128,1.0666666666666669,15593275388,18799170700,18799975600,1781307110919-0
concurrency_n20_20260613_003117_redis_feed17_rep1,redis,sb:events:n20:feed17:rep1,48d9689f-34d4-42dc-b2bb-ddaefd5f083a,3895121,129,1.075,15593344833,18800177300,18804947600,1781307110921-0
concurrency_n20_20260613_003117_redis_feed17_rep1,redis,sb:events:n20:feed17:rep1,34f794a7-c154-4ea0-9022-72271af0e55b,3895121,129,1.075,15593344833,18805290000,18807321800,1781307110926-0
concurrency_n20_20260613_003117_redis_feed17_rep1,redis,sb:events:n20:feed17:rep1,cb8a277a-542b-4c45-9c92-4eeb0146cc5a,3895121,129,1.075,15593344833,18807686100,18812016900,1781307110929-0
concurrency_n20_20260613_003117_redis_feed17_rep1,redis,sb:events:n20:feed17:rep1,5b520ef2-a8d3-4a67-8426-b36c70e7f981,3895086,129,1.075,15593344833,18812322200,18814845000,1781307110934-0
concurrency_n20_20260613_003117_redis_feed17_rep1,redis,sb:events:n20:feed17:rep1,9c855d8d-f090-4c54-961f-74a84bc48724,3895121,130,1.0833333333333333,15593414277,18815203900,18816343400,1781307110935-0
concurrency_n20_20260613_003117_redis_feed17_rep1,redis,sb:events:n20:feed17:rep1,e3332c0d-b466-4873-9fbc-85232deb3925,3895121,130,1.0833333333333333,15593414277,18816631400,18817577000,1781307110937-0
concurrency_n20_20260613_003117_redis_feed17_rep1,redis,sb:events:n20:feed17:rep1,c1a39259-85ef-4ad6-a099-74dca9a15d3d,3895052,130,1.0833333333333333,15593414277,18817821400,18819384100,1781307110938-0
concurrency_n20_20260613_003117_redis_feed17_rep1,redis,sb:events:n20:feed17:rep1,2c4f8f47-f379-4616-9281-a3d5d767248e,3895232,130,130.0,16667719833,18819824100,18820814100,1781307110940-0
concurrency_n20_20260613_003117_redis_feed17_rep1,redis,sb:events:n20:feed17:rep1,35fbb0df-903a-45a2-88eb-9e7674512e03,3895232,130,130.0,16667719833,18821158500,18823327000,1781307110942-0
concurrency_n20_20260613_003117_redis_feed17_rep1,redis,sb:events:n20:feed17:rep1,39fb5882-87bd-46d4-8d80-ed09140df0fe,3895232,130,130.0,16667719833,18823854000,18825704200,1781307110944-0
concurrency_n20_20260613_003117_redis_feed17_rep1,redis,sb:events:n20:feed17:rep1,a97cdc41-3859-49e2-a4e9-71cdf9d4722a,3895095,131,1.0916666666666666,15593483722,18826054500,18827020600,1781307110946-0
concurrency_n20_20260613_003117_redis_feed17_rep1,redis,sb:events:n20:feed17:rep1,e7fddee0-3be2-4805-b58f-a6ffc185442d,3895095,131,1.0916666666666666,15593483722,18827273900,18828842200,1781307110948-0
concurrency_n20_20260613_003117_redis_feed17_rep1,redis,sb:events:n20:feed17:rep1,48ae3e9b-f068-4b72-8c89-64d3fd6673db,3895095,131,1.0916666666666666,15593483722,18829157700,18830225300,1781307110949-0
concurrency_n20_20260613_003117_redis_feed17_rep1,redis,sb:events:n20:feed17:rep1,dbe8214b-8a96-486e-a490-a42645e893c1,3895232,131,131.0,16676053166,18831823900,18832786600,1781307110952-0
concurrency_n20_20260613_003117_redis_feed17_rep1,redis,sb:events:n20:feed17:rep1,c205f5fd-bef3-4eeb-80a5-3e15ad9d2d75,3895095,132,1.1,15593553166,18833034100,18834253300,1781307110953-0
concurrency_n20_20260613_003117_redis_feed17_rep1,redis,sb:events:n20:feed17:rep1,b28bd901-d527-4796-8f1a-3f35c620200a,3895095,132,1.1,15593553166,18834492200,18836203200,1781307110955-0
concurrency_n20_20260613_003117_redis_feed17_rep1,redis,sb:events:n20:feed17:rep1,9ccbcba8-de45-4714-9f61-5898f2125d47,3895095,132,1.1,15593553166,18837001900,18838538600,1781307110958-0
concurrency_n20_20260613_003117_redis_feed17_rep1,redis,sb:events:n20:feed17:rep1,939b2704-1335-4e90-8ddb-1f203784962d,3895095,132,1.1,15593553166,18838831400,18840327000,1781307110959-0
concurrency_n20_20260613_003117_redis_feed17_rep1,redis,sb:events:n20:feed17:rep1,9998d18f-52c3-4145-81b0-fdc1c8dfea57,3895232,132,132.0,16684386500,18840639400,18842017800,1781307110960-0
concurrency_n20_20260613_003117_redis_feed17_rep1,redis,sb:events:n20:feed17:rep1,4d1f93cc-20c9-4fba-b864-ab2faa9b354c,3895232,132,132.0,16684386500,18842285200,18843617000,1781307110963-0
concurrency_n20_20260613_003117_redis_feed17_rep1,redis,sb:events:n20:feed17:rep1,9a0df9ec-ca29-416b-9455-6d0699245517,3895086,132,1.1,15593553166,18843843600,18844897600,1781307110964-0
concurrency_n20_20260613_003117_redis_feed17_rep1,redis,sb:events:n20:feed17:rep1,62a7bbe1-0f07-4fc3-984c-d3bd87ace61c,3895095,133,1.1083333333333334,15593622611,18845093200,18846083900,1781307110965-0
concurrency_n20_20260613_003117_redis_feed17_rep1,redis,sb:events:n20:feed17:rep1,40cc1606-a137-4b66-9bcb-a6ce6855c8bd,3895095,133,1.1083333333333334,15593622611,18846291200,18848821200,1781307110966-0
concurrency_n20_20260613_003117_redis_feed17_rep1,redis,sb:events:n20:feed17:rep1,aacbd1de-3c3d-4bbf-a3cd-2c4bbca61896,3895232,133,133.0,16692719833,18849093000,18857263300,1781307110976-0
concurrency_n20_20260613_003117_redis_feed17_rep1,redis,sb:events:n20:feed17:rep1,17ae4e97-cbd8-431e-b4f2-0f5e66ead733,3895060,134,1.1166666666666667,15593692055,18857508700,18858817600,1781307110977-0
concurrency_n20_20260613_003117_redis_feed17_rep1,redis,sb:events:n20:feed17:rep1,ee2a9e51-6167-4107-b5d7-222a8364c5b2,3895060,134,1.1166666666666667,15593692055,18859031300,18864909600,1781307110980-0
concurrency_n20_20260613_003117_redis_feed17_rep1,redis,sb:events:n20:feed17:rep1,1d2350ad-32f9-42d6-bf6d-3c446a78528c,3895060,134,1.1166666666666667,15593692055,18865850700,18882974000,1781307110987-0
concurrency_n20_20260613_003117_redis_feed17_rep1,redis,sb:events:n20:feed17:rep1,43285854-773c-442d-b4c6-83e7303a059a,3895095,134,1.1166666666666667,15593692055,18883255700,18893770700,1781307111012-0
concurrency_n20_20260613_003117_redis_feed17_rep1,redis,sb:events:n20:feed17:rep1,2d5d9d93-1f1e-4b29-a84b-53e672619caf,3895095,134,1.1166666666666667,15593692055,18894086600,18896650700,1781307111014-0
concurrency_n20_20260613_003117_redis_feed17_rep1,redis,sb:events:n20:feed17:rep1,fccd97a6-e828-4e8a-b6d2-74137a5c76da,3895095,134,1.1166666666666667,15593692055,18896945800,18898192800,1781307111017-0
concurrency_n20_20260613_003117_redis_feed17_rep1,redis,sb:events:n20:feed17:rep1,3be12ff4-b6cf-42a1-a567-d46d6d1c6253,3895232,134,134.0,16701053166,18898459100,18899467700,1781307111018-0
concurrency_n20_20260613_003117_redis_feed17_rep1,redis,sb:events:n20:feed17:rep1,9bd33e28-b494-4124-a2c1-ae8f74947d58,3895232,134,134.0,16701053166,18899730000,18901336200,1781307111020-0
concurrency_n20_20260613_003117_redis_feed17_rep1,redis,sb:events:n20:feed17:rep1,422bffb8-dc10-434f-88bb-37b09b002df1,3895232,134,134.0,16701053166,18902172600,18919477400,1781307111038-0
concurrency_n20_20260613_003117_redis_feed17_rep1,redis,sb:events:n20:feed17:rep1,e11eadaf-2df9-488e-a0cb-da053e93f202,3895232,135,135.0,16709386500,18919755300,18922195700,1781307111040-0
concurrency_n20_20260613_003117_redis_feed17_rep1,redis,sb:events:n20:feed17:rep1,64e10e44-e065-4b4f-93e0-cc53717379e9,3895232,135,135.0,16709386500,18922543400,18940645700,1781307111059-0
concurrency_n20_20260613_003117_redis_feed17_rep1,redis,sb:events:n20:feed17:rep1,2b2c0522-2890-4f75-8a3e-cfcf1afe2a93,3895232,135,135.0,16709386500,18940893300,18959803000,1781307111077-0
concurrency_n20_20260613_003117_redis_feed17_rep1,redis,sb:events:n20:feed17:rep1,df1f5572-1cdb-4db5-a7fe-c8a1f4b2dbc4,3895060,136,1.1333333333333333,15593830944,18960063600,18961029600,1781307111080-0
concurrency_n20_20260613_003117_redis_feed17_rep1,redis,sb:events:n20:feed17:rep1,8034c2f5-3b8b-448f-84b6-3d56d1317298,3895095,136,1.1333333333333333,15593830944,18961343700,18962704600,1781307111081-0
concurrency_n20_20260613_003117_redis_feed17_rep1,redis,sb:events:n20:feed17:rep1,4720aca0-dc33-4b91-bf79-28e5d02a9823,3895052,136,1.1333333333333333,15593830944,18963348500,18964216800,1781307111083-0
concurrency_n20_20260613_003117_redis_feed17_rep1,redis,sb:events:n20:feed17:rep1,14c74666-cabb-49f5-942e-bca383c899ff,3895232,136,136.0,16717719833,18964421500,18965185800,1781307111084-0
concurrency_n20_20260613_003117_redis_feed17_rep1,redis,sb:events:n20:feed17:rep1,2ee5f551-c20e-44d1-ae04-f3a72bb838fd,3895060,137,1.1416666666666666,15593900388,18965377400,18966561800,1781307111085-0
concurrency_n20_20260613_003117_redis_feed17_rep1,redis,sb:events:n20:feed17:rep1,629f26cc-12a2-4b57-9cc8-712cc9bd6865,3895060,137,1.1416666666666666,15593900388,18969108900,18970118600,1781307111089-0
concurrency_n20_20260613_003117_redis_feed17_rep1,redis,sb:events:n20:feed17:rep1,45a9de9f-a580-42b7-9ffe-7875d9e2cd85,3895095,137,1.1416666666666666,15593900388,18971100100,18972214300,1781307111091-0
concurrency_n20_20260613_003117_redis_feed17_rep1,redis,sb:events:n20:feed17:rep1,b84450d8-0b22-4986-8df3-0e2857770d62,3895095,137,1.1416666666666666,15593900388,18973428600,18974468600,1781307111093-0
concurrency_n20_20260613_003117_redis_feed17_rep1,redis,sb:events:n20:feed17:rep1,5c6ffce4-0b2a-4651-b593-33aa03a60daa,3895095,137,1.1416666666666666,15593900388,18974714000,18975819900,1781307111095-0
concurrency_n20_20260613_003117_redis_feed17_rep1,redis,sb:events:n20:feed17:rep1,8343a3d7-f2a3-4b5f-8a66-ee83553e0b14,3895052,137,1.1416666666666666,15593900388,18976054200,18977208400,1781307111096-0
concurrency_n20_20260613_003117_redis_feed17_rep1,redis,sb:events:n20:feed17:rep1,d684e5e4-ee5a-4a7a-8013-d787ae77e932,3895052,137,1.1416666666666666,15593900388,18977413100,18978451100,1781307111097-0
concurrency_n20_20260613_003117_redis_feed17_rep1,redis,sb:events:n20:feed17:rep1,8861d98d-8203-4cf2-a8cd-292630b66f01,3895052,137,1.1416666666666666,15593900388,18979588600,18981106600,1781307111100-0
concurrency_n20_20260613_003117_redis_feed17_rep1,redis,sb:events:n20:feed17:rep1,0178e77b-62a5-4df2-8c78-5f283782f95d,3895232,137,137.0,16726053166,18981326100,18983152500,1781307111101-0
concurrency_n20_20260613_003117_redis_feed17_rep1,redis,sb:events:n20:feed17:rep1,3578bf7e-6c48-4906-8a55-05963044c0a3,3895232,137,137.0,16726053166,18983416400,18984655800,1781307111103-0
concurrency_n20_20260613_003117_redis_feed17_rep1,redis,sb:events:n20:feed17:rep1,38b65099-a35e-4327-9d8f-e5fcf46d568a,3895232,137,137.0,16726053166,18984897000,18985744500,1781307111105-0
concurrency_n20_20260613_003117_redis_feed17_rep1,redis,sb:events:n20:feed17:rep1,a62239ed-a51a-421b-8166-92c7a2439ab1,3895060,138,1.15,15593969833,18985998300,18988202400,1781307111107-0
concurrency_n20_20260613_003117_redis_feed17_rep1,redis,sb:events:n20:feed17:rep1,5e363256-e968-42b8-b91a-ff98b9978997,3895052,138,1.15,15593969833,18988430300,18989220700,1781307111108-0
concurrency_n20_20260613_003117_redis_feed17_rep1,redis,sb:events:n20:feed17:rep1,ceca0c62-9a68-4003-a66f-6408d2996153,3895052,138,1.15,15593969833,18989376200,18990495700,1781307111109-0
concurrency_n20_20260613_003117_redis_feed17_rep1,redis,sb:events:n20:feed17:rep1,4e655b8b-bccf-4dcb-887c-4f33270c4fd7,3895232,138,138.0,16734386500,18990720700,18991709600,1781307111111-0
concurrency_n20_20260613_003117_redis_feed17_rep1,redis,sb:events:n20:feed17:rep1,a94f1482-b5d0-45ea-9c8a-a578eb26ade6,3895060,139,1.1583333333333334,15594039277,18991884900,18992786400,1781307111112-0
concurrency_n20_20260613_003117_redis_feed17_rep1,redis,sb:events:n20:feed17:rep1,860f5c36-ef9b-4b21-bc71-35e0157762a2,3895060,139,1.1583333333333334,15594039277,18993004800,18993804800,1781307111113-0
concurrency_n20_20260613_003117_redis_feed17_rep1,redis,sb:events:n20:feed17:rep1,a0b9412b-af5d-4ae7-a768-2fb5ca78088c,3895095,139,1.1583333333333334,15594039277,18993976900,18999227900,1781307111114-0
concurrency_n20_20260613_003117_redis_feed17_rep1,redis,sb:events:n20:feed17:rep1,b8237fa5-ce5b-46d9-b92b-7c5d2fc0882a,3895107,139,1.1583333333333334,15594039277,18999492300,19001477700,1781307111120-0
concurrency_n20_20260613_003117_redis_feed17_rep1,redis,sb:events:n20:feed17:rep1,2e82cdf4-082a-4d1e-9590-c48cd417ba08,3895052,139,1.1583333333333334,15594039277,19001746500,19002834900,1781307111122-0
concurrency_n20_20260613_003117_redis_feed17_rep1,redis,sb:events:n20:feed17:rep1,6bc4c8b2-62da-473a-b751-2a43ebdc54fb,3895052,139,1.1583333333333334,15594039277,19003147600,19010469400,1781307111124-0
concurrency_n20_20260613_003117_redis_feed17_rep1,redis,sb:events:n20:feed17:rep1,4522c929-1571-459e-b17b-c2ab5a6247a2,3895052,139,1.1583333333333334,15594039277,19011053800,19012301300,1781307111131-0
concurrency_n20_20260613_003117_redis_feed17_rep1,redis,sb:events:n20:feed17:rep1,3be64c0b-6dad-4022-a71b-2ee59ed562fb,3895095,140,1.1666666666666667,15594108722,19012557500,19013474800,1781307111133-0
concurrency_n20_20260613_003117_redis_feed17_rep1,redis,sb:events:n20:feed17:rep1,7d0b87cf-fe4a-4f0d-bf10-8f1cb6bb60aa,3895095,140,1.1666666666666667,15594108722,19013708900,19017870100,1781307111134-0
concurrency_n20_20260613_003117_redis_feed17_rep1,redis,sb:events:n20:feed17:rep1,7d80a5a5-c9aa-4f70-be18-22fc1fa21038,3895095,140,1.1666666666666667,15594108722,19018278100,19020438100,1781307111139-0
concurrency_n20_20260613_003117_redis_feed17_rep1,redis,sb:events:n20:feed17:rep1,73bf60a2-50ed-4029-a4f5-4a8794312785,3895232,140,140.0,16751053166,19020735700,19022191200,1781307111141-0
concurrency_n20_20260613_003117_redis_feed17_rep1,redis,sb:events:n20:feed17:rep1,0251a17d-979b-483c-9c8a-36fa4af50556,3895232,140,140.0,16751053166,19022568800,19024151900,1781307111143-0
concurrency_n20_20260613_003117_redis_feed17_rep1,redis,sb:events:n20:feed17:rep1,5c9a34dd-9880-4c97-a0c6-f30a26ec0a14,3895232,140,140.0,16751053166,19024622600,19025866800,1781307111145-0
concurrency_n20_20260613_003117_redis_feed17_rep1,redis,sb:events:n20:feed17:rep1,d0c874f5-c964-4141-8b5a-b4603dc98153,3895060,141,1.175,15594178166,19026321700,19027544600,1781307111146-0
concurrency_n20_20260613_003117_redis_feed17_rep1,redis,sb:events:n20:feed17:rep1,fc1d2703-50cf-44fc-9a11-e2005c1a4742,3895060,141,1.175,15594178166,19027954000,19033208800,1781307111151-0
concurrency_n20_20260613_003117_redis_feed17_rep1,redis,sb:events:n20:feed17:rep1,e42abc58-f3f6-471d-9d22-1ae2102faef1,3895095,141,1.175,15594178166,19033502200,19035117100,1781307111153-0
concurrency_n20_20260613_003117_redis_feed17_rep1,redis,sb:events:n20:feed17:rep1,06d8c140-613c-415f-897a-9ff64cf3c9e4,3895052,141,1.175,15594178166,19035434300,19036852400,1781307111155-0
concurrency_n20_20260613_003117_redis_feed17_rep1,redis,sb:events:n20:feed17:rep1,a1057d98-a655-4ad4-9a33-6e28ca20d71d,3895232,141,141.0,16759386500,19037310100,19038475600,1781307111157-0
concurrency_n20_20260613_003117_redis_feed17_rep1,redis,sb:events:n20:feed17:rep1,c97920dc-91b1-4ba4-90d4-d2ee1eb8ec4f,3895060,142,1.1833333333333331,15594247611,19038843500,19039926800,1781307111159-0
concurrency_n20_20260613_003117_redis_feed17_rep1,redis,sb:events:n20:feed17:rep1,8716c4f7-df1a-4c73-86c6-7af9557668c9,3895060,142,1.1833333333333331,15594247611,19044702800,19045959900,1781307111165-0
concurrency_n20_20260613_003117_redis_feed17_rep1,redis,sb:events:n20:feed17:rep1,dcbde8b8-ac84-457d-8048-5ac02e6f03cd,3895095,142,1.1833333333333331,15594247611,19046229000,19047170800,1781307111166-0
concurrency_n20_20260613_003117_redis_feed17_rep1,redis,sb:events:n20:feed17:rep1,d1eee694-bd64-4580-aae4-cf9edba91fe0,3895095,142,1.1833333333333331,15594247611,19047459600,19052539100,1781307111167-0
concurrency_n20_20260613_003117_redis_feed17_rep1,redis,sb:events:n20:feed17:rep1,38e364aa-af8a-4dbf-b99e-a24330dd2459,3895095,142,1.1833333333333331,15594247611,19053043700,19054828800,1781307111173-0
concurrency_n20_20260613_003117_redis_feed17_rep1,redis,sb:events:n20:feed17:rep1,41c876fb-891b-43ac-a188-4c32b52e1fb2,3895107,142,1.1833333333333331,15594247611,19055065200,19058649100,1781307111176-0
concurrency_n20_20260613_003117_redis_feed17_rep1,redis,sb:events:n20:feed17:rep1,e9492121-8c13-40e0-8a26-4267b59b916b,3895232,142,142.0,16767719833,19058963000,19059969400,1781307111179-0
concurrency_n20_20260613_003117_redis_feed17_rep1,redis,sb:events:n20:feed17:rep1,45d98979-86ca-4f2c-9afd-9cbd7fdb9c51,3895232,142,142.0,16767719833,19060309800,19061140500,1781307111180-0
concurrency_n20_20260613_003117_redis_feed17_rep1,redis,sb:events:n20:feed17:rep1,c31ba033-bcf9-4d3c-83f2-c72b6d7d9dee,3895107,143,1.1916666666666669,15594317055,19061909300,19063481600,1781307111182-0
concurrency_n20_20260613_003117_redis_feed17_rep1,redis,sb:events:n20:feed17:rep1,a10f0ac6-c79a-4bb1-b6a3-6a425336db0b,3895052,143,1.1916666666666669,15594317055,19064220500,19065505100,1781307111184-0
concurrency_n20_20260613_003117_redis_feed17_rep1,redis,sb:events:n20:feed17:rep1,e513158e-b9e9-40d0-a11f-a77b226a2fdf,3895052,143,1.1916666666666669,15594317055,19065856300,19066988100,1781307111186-0
concurrency_n20_20260613_003117_redis_feed17_rep1,redis,sb:events:n20:feed17:rep1,14769c8b-1ce7-4a1a-9280-f86fcb3970c4,3895134,144,1.2,15594386500,19067407100,19068572100,1781307111187-0
concurrency_n20_20260613_003117_redis_feed17_rep1,redis,sb:events:n20:feed17:rep1,27da8a02-d707-4ce8-a293-db4242406f9d,3895095,144,1.2,15594386500,19068803400,19069726500,1781307111189-0
concurrency_n20_20260613_003117_redis_feed17_rep1,redis,sb:events:n20:feed17:rep1,2bbbcd7d-6c83-4bcb-b2da-5d70b7b62595,3895095,144,1.2,15594386500,19070231900,19071376000,1781307111190-0
concurrency_n20_20260613_003117_redis_feed17_rep1,redis,sb:events:n20:feed17:rep1,199c91e4-1010-479c-9a04-1465055b1cfe,3895232,144,144.0,16784386500,19071703200,19073129500,1781307111192-0
concurrency_n20_20260613_003117_redis_feed17_rep1,redis,sb:events:n20:feed17:rep1,4e4aad3f-1662-4b68-818c-8a861d35dad3,3895060,145,1.2083333333333333,15594455944,19073883100,19084877600,1781307111203-0
concurrency_n20_20260613_003117_redis_feed17_rep1,redis,sb:events:n20:feed17:rep1,2af2b993-757d-4545-8b47-d555bd5647ba,3895060,145,1.2083333333333333,15594455944,19085140800,19089258000,1781307111206-0
concurrency_n20_20260613_003117_redis_feed17_rep1,redis,sb:events:n20:feed17:rep1,274e4c69-0479-4360-8935-b4b883d351bd,3895134,145,1.2083333333333333,15594455944,19089546400,19110212200,1781307111228-0
concurrency_n20_20260613_003117_redis_feed17_rep1,redis,sb:events:n20:feed17:rep1,b72e24dd-2850-4c5f-8d96-f16624b518cd,3895134,145,1.2083333333333333,15594455944,19110490100,19112576800,1781307111231-0
concurrency_n20_20260613_003117_redis_feed17_rep1,redis,sb:events:n20:feed17:rep1,d5778bdf-d6e5-4a9e-98d0-307cefd0aa3a,3895134,145,1.2083333333333333,15594455944,19112995800,19113921400,1781307111233-0
concurrency_n20_20260613_003117_redis_feed17_rep1,redis,sb:events:n20:feed17:rep1,6ee3cb36-02c5-4388-9dd0-e89b8e673c69,3895107,145,1.2083333333333333,15594455944,19118556100,19120223000,1781307111239-0
concurrency_n20_20260613_003117_redis_feed17_rep1,redis,sb:events:n20:feed17:rep1,d492ff71-49f1-47b9-93d5-3a2ba41aa1a6,3895107,145,1.2083333333333333,15594455944,19120532400,19122016900,1781307111241-0
concurrency_n20_20260613_003117_redis_feed17_rep1,redis,sb:events:n20:feed17:rep1,61823ed4-1479-4890-b776-23c242285441,3895052,145,1.2083333333333333,15594455944,19122455300,19123587100,1781307111242-0
concurrency_n20_20260613_003117_redis_feed17_rep1,redis,sb:events:n20:feed17:rep1,55fe21f5-ff53-4e15-bf80-641eaed3f936,3895232,145,145.0,16792719833,19123969800,19124998900,1781307111244-0
concurrency_n20_20260613_003117_redis_feed17_rep1,redis,sb:events:n20:feed17:rep1,5635c102-1456-4a15-8800-b96e443626c0,3895232,145,145.0,16792719833,19125379100,19127098400,1781307111246-0
concurrency_n20_20260613_003117_redis_feed17_rep1,redis,sb:events:n20:feed17:rep1,905aae4b-8bb8-4cbe-b367-1dbdb13016f8,3895095,146,1.2166666666666666,15594525388,19129256100,19139610000,1781307111258-0
concurrency_n20_20260613_003117_redis_feed17_rep1,redis,sb:events:n20:feed17:rep1,2ad342b1-7289-486b-a50a-dd635e0fe308,3895095,146,1.2166666666666666,15594525388,19139938400,19144158200,1781307111262-0
concurrency_n20_20260613_003117_redis_feed17_rep1,redis,sb:events:n20:feed17:rep1,df1c3c1b-e9a2-4e50-a24b-0789cd2a61bd,3895052,146,1.2166666666666666,15594525388,19144538700,19146832600,1781307111265-0
concurrency_n20_20260613_003117_redis_feed17_rep1,redis,sb:events:n20:feed17:rep1,16f50eaa-bf9a-435a-869e-b4b94d90aef3,3895052,146,1.2166666666666666,15594525388,19147141000,19149091300,1781307111268-0
concurrency_n20_20260613_003117_redis_feed17_rep1,redis,sb:events:n20:feed17:rep1,5bc87cbd-db36-4bd5-a4d7-c07ed5435238,3895052,146,1.2166666666666666,15594525388,19149852400,19151784500,1781307111270-0
concurrency_n20_20260613_003117_redis_feed17_rep1,redis,sb:events:n20:feed17:rep1,c28ebad2-82f5-410f-9f90-60257cfe566b,3895232,146,146.0,16801053166,19152267800,19155766500,1781307111274-0
concurrency_n20_20260613_003117_redis_feed17_rep1,redis,sb:events:n20:feed17:rep1,94b8fb4f-15a6-4678-b49e-dbb1635dac91,3895074,147,1.225,15594594833,19156055300,19157380900,1781307111276-0
concurrency_n20_20260613_003117_redis_feed17_rep1,redis,sb:events:n20:feed17:rep1,3a8e7135-5cd1-47d4-a1a8-caa6066bc446,3895060,147,1.225,15594594833,19157875600,19158878200,1781307111278-0
concurrency_n20_20260613_003117_redis_feed17_rep1,redis,sb:events:n20:feed17:rep1,a690da0f-daea-46a9-8c95-fb0028dc9d52,3895060,147,1.225,15594594833,19159135700,19161632900,1781307111279-0
concurrency_n20_20260613_003117_redis_feed17_rep1,redis,sb:events:n20:feed17:rep1,3bac1e29-591a-46c6-b1a0-98c8ce30328e,3895134,147,1.225,15594594833,19162565700,19163722200,1781307111282-0
concurrency_n20_20260613_003117_redis_feed17_rep1,redis,sb:events:n20:feed17:rep1,dae48e3b-1290-4abc-a270-e05bcb5f6d54,3895134,147,1.225,15594594833,19164016300,19166631600,1781307111284-0
concurrency_n20_20260613_003117_redis_feed17_rep1,redis,sb:events:n20:feed17:rep1,e7879c9d-92f2-4c18-b907-e14444eaa7ef,3895107,147,1.225,15594594833,19166908500,19174710200,1781307111287-0
concurrency_n20_20260613_003117_redis_feed17_rep1,redis,sb:events:n20:feed17:rep1,1bedfa64-1d37-4506-aa21-4945f199f31e,3895052,147,1.225,15594594833,19174960900,19177169600,1781307111296-0
concurrency_n20_20260613_003117_redis_feed17_rep1,redis,sb:events:n20:feed17:rep1,929a1602-3f39-4a54-810e-a0a90e250ff3,3895052,147,1.225,15594594833,19177458900,19178615900,1781307111297-0
concurrency_n20_20260613_003117_redis_feed17_rep1,redis,sb:events:n20:feed17:rep1,5cbd0c3c-0bbf-4858-9d74-0206232f9fca,3895052,147,1.225,15594594833,19178865900,19180364500,1781307111299-0
concurrency_n20_20260613_003117_redis_feed17_rep1,redis,sb:events:n20:feed17:rep1,436f52e9-ef84-4255-8b79-01dcef6d5e3f,3895232,147,147.0,16809386500,19180672300,19183398200,1781307111302-0
concurrency_n20_20260613_003117_redis_feed17_rep1,redis,sb:events:n20:feed17:rep1,4aa2a49f-c3ce-4837-8ced-2ab148a504ed,3895232,147,147.0,16809386500,19183792700,19185044400,1781307111304-0
concurrency_n20_20260613_003117_redis_feed17_rep1,redis,sb:events:n20:feed17:rep1,d9eb6a41-c9f5-4e90-abc5-18d4fe68c8eb,3895232,147,147.0,16809386500,19185313900,19187843700,1781307111306-0
concurrency_n20_20260613_003117_redis_feed17_rep1,redis,sb:events:n20:feed17:rep1,fe614350-e134-46ba-8efb-925f5ac87ae7,3895060,148,1.2333333333333334,15594664277,19188238200,19189644100,1781307111308-0
concurrency_n20_20260613_003117_redis_feed17_rep1,redis,sb:events:n20:feed17:rep1,a4c1b81e-781e-4d08-83a5-c54a57580b62,3895134,148,1.2333333333333334,15594664277,19189868400,19193304300,1781307111311-0
concurrency_n20_20260613_003117_redis_feed17_rep1,redis,sb:events:n20:feed17:rep1,efb14b0b-f196-4536-8723-97a984f41655,3895095,148,1.2333333333333334,15594664277,19193609600,19202737200,1781307111318-0
concurrency_n20_20260613_003117_redis_feed17_rep1,redis,sb:events:n20:feed17:rep1,e9b560c1-2ff1-4cfc-b6b6-f593904510c4,3895134,149,1.2416666666666667,15594733722,19203102000,19205016300,1781307111324-0
concurrency_n20_20260613_003117_redis_feed17_rep1,redis,sb:events:n20:feed17:rep1,4fa6170b-3931-48f1-8db7-6af349365210,3895095,149,1.2416666666666667,15594733722,19205296000,19221520600,1781307111327-0
concurrency_n20_20260613_003117_redis_feed17_rep1,redis,sb:events:n20:feed17:rep1,32bb9c4d-af8f-4d4b-8694-0c58f8fae3b8,3895095,149,1.2416666666666667,15594733722,19221935600,19226416900,1781307111343-0
concurrency_n20_20260613_003117_redis_feed17_rep1,redis,sb:events:n20:feed17:rep1,5758447e-1001-49e1-a0ab-154017c719b5,3895095,149,1.2416666666666667,15594733722,19226698800,19240775500,1781307111359-0
concurrency_n20_20260613_003117_redis_feed17_rep1,redis,sb:events:n20:feed17:rep1,3c21c5d0-aa2b-4f7e-8add-85164d82adfa,3895095,149,1.2416666666666667,15594733722,19241084800,19242954200,1781307111361-0
concurrency_n20_20260613_003117_redis_feed17_rep1,redis,sb:events:n20:feed17:rep1,41fd2317-da9a-4fa3-8cbb-1848d1bdeb69,3895107,149,1.2416666666666667,15594733722,19243293600,19253992800,1781307111363-0
concurrency_n20_20260613_003117_redis_feed17_rep1,redis,sb:events:n20:feed17:rep1,1d4d5d50-bf23-4946-a4d9-a43b9b640a29,3895107,149,1.2416666666666667,15594733722,19254829700,19255887800,1781307111375-0
concurrency_n20_20260613_003117_redis_feed17_rep1,redis,sb:events:n20:feed17:rep1,3e95469a-5da3-41cb-9f40-0ff79f6eee66,3895121,150,1.25,15594803166,19256130400,19257099300,1781307111376-0
concurrency_n20_20260613_003117_redis_feed17_rep1,redis,sb:events:n20:feed17:rep1,4d521520-8fe2-4624-a9ba-edbd457751d2,3895052,150,1.25,15594803166,19257309800,19267065300,1781307111377-0
concurrency_n20_20260613_003117_redis_feed17_rep1,redis,sb:events:n20:feed17:rep1,d5d8d151-674a-421d-8a54-7f334aa9777f,3895052,150,1.25,15594803166,19267511000,19268548300,1781307111387-0
concurrency_n20_20260613_003117_redis_feed17_rep1,redis,sb:events:n20:feed17:rep1,461cb2b8-6108-486b-892c-e88f8fa169a4,3895232,150,150.0,16834386500,19269052300,19270030100,1781307111389-0
concurrency_n20_20260613_003117_redis_feed17_rep1,redis,sb:events:n20:feed17:rep1,4a62ccc9-3f80-4f42-a2e8-73a828d34778,3895232,150,150.0,16834386500,19270351600,19273443500,1781307111392-0
concurrency_n20_20260613_003117_redis_feed17_rep1,redis,sb:events:n20:feed17:rep1,8135d562-0da3-440b-a0e2-268dae7d9672,3895060,151,1.2583333333333333,15594872611,19273768400,19274438600,1781307111394-0
concurrency_n20_20260613_003117_redis_feed17_rep1,redis,sb:events:n20:feed17:rep1,7ce1c8d6-183a-46fb-8712-67062f116c4f,3895060,151,1.2583333333333333,15594872611,19275500300,19276635300,1781307111395-0
concurrency_n20_20260613_003117_redis_feed17_rep1,redis,sb:events:n20:feed17:rep1,e5697ff1-eca1-4a24-aae7-62ba05de1074,3895052,151,1.2583333333333333,15594872611,19277035800,19279300000,1781307111397-0
concurrency_n20_20260613_003117_redis_feed17_rep1,redis,sb:events:n20:feed17:rep1,9bd995e3-84c3-4035-856f-bdba64f40d06,3895052,151,1.2583333333333333,15594872611,19280131000,19281727100,1781307111401-0
concurrency_n20_20260613_003117_redis_feed17_rep1,redis,sb:events:n20:feed17:rep1,d3d1705d-4b97-40bb-a3f3-22381f19591c,3895232,151,151.0,16842719833,19281977100,19282984400,1781307111402-0
concurrency_n20_20260613_003117_redis_feed17_rep1,redis,sb:events:n20:feed17:rep1,5e8995f6-3d41-4a1f-bb0a-76edd4c84891,3895232,151,151.0,16842719833,19283253200,19286731700,1781307111403-0
concurrency_n20_20260613_003117_redis_feed17_rep1,redis,sb:events:n20:feed17:rep1,e938f96a-350b-4326-a54f-225bb76b6ddc,3895232,151,151.0,16842719833,19287526500,19289073500,1781307111408-0
concurrency_n20_20260613_003117_redis_feed17_rep1,redis,sb:events:n20:feed17:rep1,3efe044e-977e-40db-9d4a-0e3476de3f67,3895095,152,1.2666666666666666,15594942055,19289348300,19290170200,1781307111409-0
concurrency_n20_20260613_003117_redis_feed17_rep1,redis,sb:events:n20:feed17:rep1,560019c8-3875-4a6f-94d2-2d748c2ef69c,3895095,152,1.2666666666666666,15594942055,19290502700,19295790100,1781307111415-0
concurrency_n20_20260613_003117_redis_feed17_rep1,redis,sb:events:n20:feed17:rep1,ee231cf7-4ea9-423c-aa4a-d19a0e921779,3895095,152,1.2666666666666666,15594942055,19296068700,19297056200,1781307111416-0
concurrency_n20_20260613_003117_redis_feed17_rep1,redis,sb:events:n20:feed17:rep1,38d03aa3-0889-455f-af2e-f44966424ce1,3895232,152,152.0,16851053166,19297270500,19298217000,1781307111417-0
concurrency_n20_20260613_003117_redis_feed17_rep1,redis,sb:events:n20:feed17:rep1,9a085d8d-dc0f-4d89-8ce3-f319f0d298c2,3895232,152,152.0,16851053166,19298509700,19303367800,1781307111419-0
concurrency_n20_20260613_003117_redis_feed17_rep1,redis,sb:events:n20:feed17:rep1,7821e82d-571e-4aa1-a8e3-56c4eefc7b05,3895121,153,1.275,15595011499,19304033000,19306986700,1781307111424-0
concurrency_n20_20260613_003117_redis_feed17_rep1,redis,sb:events:n20:feed17:rep1,3a186596-9309-482a-bbad-7b51899fc415,3895121,153,1.275,15595011499,19307522800,19311467500,1781307111428-0
concurrency_n20_20260613_003117_redis_feed17_rep1,redis,sb:events:n20:feed17:rep1,53c69f88-d128-4cb5-a2d9-a75cbdf9777e,3895121,153,1.275,15595011499,19312983000,19321914100,1781307111440-0
concurrency_n20_20260613_003117_redis_feed17_rep1,redis,sb:events:n20:feed17:rep1,2b913c12-2cfc-440e-8fcf-7ff6726c5114,3895134,153,1.275,15595011499,19322220900,19329652600,1781307111448-0
concurrency_n20_20260613_003117_redis_feed17_rep1,redis,sb:events:n20:feed17:rep1,1cd2a870-6e10-4903-a9f4-f9d3c7d27880,3895134,153,1.275,15595011499,19329994900,19332337300,1781307111450-0
concurrency_n20_20260613_003117_redis_feed17_rep1,redis,sb:events:n20:feed17:rep1,2710caf5-de6e-4803-a75f-13924c689eff,3895052,153,1.275,15595011499,19332610200,19353730800,1781307111473-0
concurrency_n20_20260613_003117_redis_feed17_rep1,redis,sb:events:n20:feed17:rep1,67ca4c48-ec9b-4c45-9485-ae00f0ffa467,3895052,153,1.275,15595011499,19354020200,19371050100,1781307111489-0
concurrency_n20_20260613_003117_redis_feed17_rep1,redis,sb:events:n20:feed17:rep1,0b9999da-5dc7-423c-8638-824784d366b2,3895232,153,153.0,16859386500,19371360300,19374223800,1781307111491-0
concurrency_n20_20260613_003117_redis_feed17_rep1,redis,sb:events:n20:feed17:rep1,02fdd3d0-6246-4121-a658-c8c64d83c9e7,3895060,154,1.2833333333333334,15595080944,19374537400,19376067000,1781307111495-0
concurrency_n20_20260613_003117_redis_feed17_rep1,redis,sb:events:n20:feed17:rep1,1e0d6109-9dfd-400c-a886-d2276b2b2b20,3895060,154,1.2833333333333334,15595080944,19376327300,19377719800,1781307111496-0
concurrency_n20_20260613_003117_redis_feed17_rep1,redis,sb:events:n20:feed17:rep1,a5407ca6-5b1e-4b6f-a13b-b06ce7aef00e,3895232,154,154.0,16867719833,19377956700,19380905000,1781307111498-0
concurrency_n20_20260613_003117_redis_feed17_rep1,redis,sb:events:n20:feed17:rep1,37a43b9f-5690-41fd-b4f7-53215ab15ee1,3895060,155,1.2916666666666667,15595150388,19381353900,19383337900,1781307111502-0
concurrency_n20_20260613_003117_redis_feed17_rep1,redis,sb:events:n20:feed17:rep1,49bd1cab-27d5-4339-b91a-7dfbd42952eb,3895121,155,1.2916666666666667,15595150388,19383670800,19385352500,1781307111504-0
concurrency_n20_20260613_003117_redis_feed17_rep1,redis,sb:events:n20:feed17:rep1,a27b2434-031d-4a71-af65-f628ef68fc5b,3895121,155,1.2916666666666667,15595150388,19388543000,19390050300,1781307111509-0
concurrency_n20_20260613_003117_redis_feed17_rep1,redis,sb:events:n20:feed17:rep1,10ac3bc0-892c-4260-9e07-97c22aef1ce2,3895134,155,1.2916666666666667,15595150388,19390309300,19391442400,1781307111510-0
concurrency_n20_20260613_003117_redis_feed17_rep1,redis,sb:events:n20:feed17:rep1,a736895f-1c77-494e-8f8e-502d082d0ca0,3895052,155,1.2916666666666667,15595150388,19391695200,19428781900,1781307111548-0
concurrency_n20_20260613_003117_redis_feed17_rep1,redis,sb:events:n20:feed17:rep1,38175d9c-de79-4c30-bc4c-b0d7f7fe5980,3895052,155,1.2916666666666667,15595150388,19429057400,19432355000,1781307111550-0
concurrency_n20_20260613_003117_redis_feed17_rep1,redis,sb:events:n20:feed17:rep1,74620976-1608-4f8c-a5de-b1e3dd833aef,3895052,155,1.2916666666666667,15595150388,19433130900,19436821300,1781307111555-0
concurrency_n20_20260613_003117_redis_feed17_rep1,redis,sb:events:n20:feed17:rep1,d6c0e2f9-eb69-40e7-bd64-4657105044bb,3895134,156,1.3,15595219833,19437086000,19439818300,1781307111558-0
concurrency_n20_20260613_003117_redis_feed17_rep1,redis,sb:events:n20:feed17:rep1,3a7615b6-0986-4cb7-9a96-48b718f70e7f,3895232,156,156.0,16884386500,19440053700,19459260000,1781307111578-0
concurrency_n20_20260613_003117_redis_feed17_rep1,redis,sb:events:n20:feed17:rep1,f8949a0c-412c-4363-ad71-f23046caf626,3895232,156,156.0,16884386500,19459604900,19494642600,1781307111613-0
concurrency_n20_20260613_003117_redis_feed17_rep1,redis,sb:events:n20:feed17:rep1,66be2bd8-927e-4312-a10f-c69ce778c754,3895052,157,1.3083333333333331,15595289277,19495022500,19496716500,1781307111616-0
concurrency_n20_20260613_003117_redis_feed17_rep1,redis,sb:events:n20:feed17:rep1,6b911dbc-6b25-422a-b5d3-7dd506d777c1,3895052,157,1.3083333333333331,15595289277,19497062800,19558510100,1781307111676-0
concurrency_n20_20260613_003117_redis_feed17_rep1,redis,sb:events:n20:feed17:rep1,4cfebc37-3c47-4d89-97e7-503777ab08f4,3895113,157,1.3083333333333331,15595289277,19559011700,19561752000,1781307111680-0
concurrency_n20_20260613_003117_redis_feed17_rep1,redis,sb:events:n20:feed17:rep1,f467bace-c955-4ce1-830c-9cccfe579e16,3895121,158,1.3166666666666669,15595358722,19562003300,19607989100,1781307111724-0
concurrency_n20_20260613_003117_redis_feed17_rep1,redis,sb:events:n20:feed17:rep1,fdd7141d-e8fc-4721-8aba-a514a2ffc07f,3895134,158,1.3166666666666669,15595358722,19608502300,19614363300,1781307111730-0
concurrency_n20_20260613_003117_redis_feed17_rep1,redis,sb:events:n20:feed17:rep1,3527c8c9-9a06-4440-b7e7-cbed73e892a4,3895134,158,1.3166666666666669,15595358722,19614887900,19616765600,1781307111735-0
concurrency_n20_20260613_003117_redis_feed17_rep1,redis,sb:events:n20:feed17:rep1,1c5201e6-dc5a-41b5-b164-c138f7f347e5,3895086,158,1.3166666666666669,15595358722,19617148600,19618310900,1781307111737-0
concurrency_n20_20260613_003117_redis_feed17_rep1,redis,sb:events:n20:feed17:rep1,ba0d2b7d-b635-49be-afbc-96b5266bef5e,3895113,158,1.3166666666666669,15595358722,19618612800,19619524200,1781307111738-0
concurrency_n20_20260613_003117_redis_feed17_rep1,redis,sb:events:n20:feed17:rep1,0b6f9a01-cab0-4450-8c8e-e8a2b415b444,3895074,159,1.325,15595428166,19619842400,19620974600,1781307111740-0
concurrency_n20_20260613_003117_redis_feed17_rep1,redis,sb:events:n20:feed17:rep1,db765aeb-a06a-48e4-91e5-97ab87af96cd,3895107,159,1.325,15595428166,19621188000,19624843100,1781307111741-0
concurrency_n20_20260613_003117_redis_feed17_rep1,redis,sb:events:n20:feed17:rep1,0dfe650b-727a-488e-9548-afe4b58cab9c,3895113,159,1.325,15595428166,19625723400,19626766700,1781307111746-0
concurrency_n20_20260613_003117_redis_feed17_rep1,redis,sb:events:n20:feed17:rep1,4a9cdac8-6012-48de-bea3-50722cd0c60e,3895232,159,159.0,16909386500,19627020800,19628392000,1781307111747-0
concurrency_n20_20260613_003117_redis_feed17_rep1,redis,sb:events:n20:feed17:rep1,9c2cc30a-eaf9-49d6-b9d9-6442a05e8aa4,3895232,159,159.0,16909386500,19631133400,19632066800,1781307111751-0
concurrency_n20_20260613_003117_redis_feed17_rep1,redis,sb:events:n20:feed17:rep1,454bd4a3-67ed-47e3-bafa-ad483ec6431a,3895232,159,159.0,16909386500,19632298800,19633191600,1781307111752-0
concurrency_n20_20260613_003117_redis_feed17_rep1,redis,sb:events:n20:feed17:rep1,f2616473-0593-4f98-91a4-29b4ab860370,3895121,160,1.3333333333333333,15595497611,19633604400,19634743800,1781307111754-0
concurrency_n20_20260613_003117_redis_feed17_rep1,redis,sb:events:n20:feed17:rep1,c91b6d01-70e3-4a5e-8d2c-607f8c2ba0cc,3895107,160,1.3333333333333333,15595497611,19637041100,19641510600,1781307111760-0
concurrency_n20_20260613_003117_redis_feed17_rep1,redis,sb:events:n20:feed17:rep1,bbc5955b-810c-4da2-96cf-f48f68ec638a,3895107,160,1.3333333333333333,15595497611,19641791900,19642783300,1781307111762-0
concurrency_n20_20260613_003117_redis_feed17_rep1,redis,sb:events:n20:feed17:rep1,61692e98-2e82-43eb-85ac-8ae97f0e2012,3895107,160,1.3333333333333333,15595497611,19643000600,19644192900,1781307111763-0
concurrency_n20_20260613_003117_redis_feed17_rep1,redis,sb:events:n20:feed17:rep1,da8d983d-e5dc-4256-abf8-1ab19d4b1934,3895113,160,1.3333333333333333,15595497611,19644513500,19645747100,1781307111764-0
concurrency_n20_20260613_003117_redis_feed17_rep1,redis,sb:events:n20:feed17:rep1,b3db99f3-b85a-4495-86c0-c5955460608a,3895113,160,1.3333333333333333,15595497611,19646000300,19646843300,1781307111766-0
concurrency_n20_20260613_003117_redis_feed17_rep1,redis,sb:events:n20:feed17:rep1,f4d34ba3-4b7f-4866-bc69-6cd2cb54c3c9,3895113,160,1.3333333333333333,15595497611,19647259700,19651626200,1781307111767-0
concurrency_n20_20260613_003117_redis_feed17_rep1,redis,sb:events:n20:feed17:rep1,48823480-e90f-4df5-af40-4ad04ded1f5b,3895134,161,1.3416666666666666,15595567055,19652469300,19653583000,1781307111772-0
concurrency_n20_20260613_003117_redis_feed17_rep1,redis,sb:events:n20:feed17:rep1,582ed7de-ab5b-451f-8522-5fb5ae535956,3895134,161,1.3416666666666666,15595567055,19653844300,19654729200,1781307111774-0
concurrency_n20_20260613_003117_redis_feed17_rep1,redis,sb:events:n20:feed17:rep1,b189c791-b3b6-41a5-8c6f-69ddcdbef563,3895134,161,1.3416666666666666,15595567055,19654907700,19656945500,1781307111775-0
concurrency_n20_20260613_003117_redis_feed17_rep1,redis,sb:events:n20:feed17:rep1,694bc879-88d7-47a0-bed8-dee5569c8172,3895107,161,1.3416666666666666,15595567055,19657372700,19664398000,1781307111778-0
concurrency_n20_20260613_003117_redis_feed17_rep1,redis,sb:events:n20:feed17:rep1,7c3be079-ffa9-46b6-8d91-9b1151bc888c,3895086,161,1.3416666666666666,15595567055,19664911000,19666140200,1781307111785-0
concurrency_n20_20260613_003117_redis_feed17_rep1,redis,sb:events:n20:feed17:rep1,317134da-6744-46b3-aec6-6c1193cf1d0a,3895086,161,1.3416666666666666,15595567055,19667230900,19671290700,1781307111790-0
concurrency_n20_20260613_003117_redis_feed17_rep1,redis,sb:events:n20:feed17:rep1,cf14778c-80d8-4496-8f4b-98a9b0ef2fcb,3895113,161,1.3416666666666666,15595567055,19671593700,19673712400,1781307111792-0
concurrency_n20_20260613_003117_redis_feed17_rep1,redis,sb:events:n20:feed17:rep1,f813043f-7337-4980-8fa2-8fa5cf51dee9,3895232,161,161.0,16926053166,19674048000,19682551300,1781307111798-0
concurrency_n20_20260613_003117_redis_feed17_rep1,redis,sb:events:n20:feed17:rep1,bc8b5564-9e71-4619-ad90-083edca2dee7,3895074,162,1.35,15595636500,19682928900,19707810100,1781307111825-0
concurrency_n20_20260613_003117_redis_feed17_rep1,redis,sb:events:n20:feed17:rep1,83c0b97d-595b-4c62-a67d-02d252a05533,3895074,162,1.35,15595636500,19708128300,19711207500,1781307111829-0
concurrency_n20_20260613_003117_redis_feed17_rep1,redis,sb:events:n20:feed17:rep1,05f4b123-540f-4b43-a68b-46fc44a2574b,3895074,162,1.35,15595636500,19711629000,19712603600,1781307111831-0
concurrency_n20_20260613_003117_redis_feed17_rep1,redis,sb:events:n20:feed17:rep1,0ff7f5a9-14e7-4615-99f1-ebb1304a772c,3895121,162,1.35,15595636500,19712840800,19714920200,1781307111833-0
concurrency_n20_20260613_003117_redis_feed17_rep1,redis,sb:events:n20:feed17:rep1,bbf7f332-2f44-4234-9155-7d6009fb7738,3895121,162,1.35,15595636500,19715169500,19717451800,1781307111835-0
concurrency_n20_20260613_003117_redis_feed17_rep1,redis,sb:events:n20:feed17:rep1,69df8442-94e9-453a-94ad-426dcaa0579a,3895107,162,1.35,15595636500,19718085000,19719122500,1781307111838-0
concurrency_n20_20260613_003117_redis_feed17_rep1,redis,sb:events:n20:feed17:rep1,71f8aaf9-8141-4474-96dc-0dc56cb5ca0d,3895107,162,1.35,15595636500,19721093700,19722576700,1781307111841-0
concurrency_n20_20260613_003117_redis_feed17_rep1,redis,sb:events:n20:feed17:rep1,d0a516db-7270-4612-abb8-e9c1204e1c58,3895086,162,1.35,15595636500,19722960400,19724467000,1781307111843-0
concurrency_n20_20260613_003117_redis_feed17_rep1,redis,sb:events:n20:feed17:rep1,73a1d35e-ff5d-4fbb-abcb-fe88d0718746,3895086,162,1.35,15595636500,19724694600,19726784600,1781307111844-0
concurrency_n20_20260613_003117_redis_feed17_rep1,redis,sb:events:n20:feed17:rep1,e004fe58-8616-4805-8555-9c7ba582ef4c,3895086,162,1.35,15595636500,19727082200,19729172400,1781307111847-0
concurrency_n20_20260613_003117_redis_feed17_rep1,redis,sb:events:n20:feed17:rep1,43e9d656-4d2e-4c62-8372-7327f3ce42c3,3895113,162,1.35,15595636500,19729793600,19731507800,1781307111850-0
concurrency_n20_20260613_003117_redis_feed17_rep1,redis,sb:events:n20:feed17:rep1,340debd2-c4c3-43c9-a358-6e0667039dd6,3895113,162,1.35,15595636500,19732467500,19733717100,1781307111853-0
concurrency_n20_20260613_003117_redis_feed17_rep1,redis,sb:events:n20:feed17:rep1,96e6c0ad-4a64-4176-9fb4-274862f82d73,3895113,162,1.35,15595636500,19734116600,19735350300,1781307111854-0
concurrency_n20_20260613_003117_redis_feed17_rep1,redis,sb:events:n20:feed17:rep1,f89c9cfc-ddbc-4fff-9a2e-6a7ab122fb05,3895232,162,162.0,16934386500,19735963200,19738146200,1781307111856-0
concurrency_n20_20260613_003117_redis_feed17_rep1,redis,sb:events:n20:feed17:rep1,9c6f0670-b91e-4123-8831-b57f4ff34035,3895232,162,162.0,16934386500,19738830300,19740009700,1781307111859-0
concurrency_n20_20260613_003117_redis_feed17_rep1,redis,sb:events:n20:feed17:rep1,14b983d6-7c2e-4c60-8a95-1b0a49355c0e,3895113,163,1.3583333333333334,15595705944,19740371300,19743328500,1781307111860-0
concurrency_n20_20260613_003117_redis_feed17_rep1,redis,sb:events:n20:feed17:rep1,f17ff2c1-fd8a-4d8b-a7ba-dfe9202569fb,3895232,163,163.0,16942719833,19744710100,19746368800,1781307111865-0
concurrency_n20_20260613_003117_redis_feed17_rep1,redis,sb:events:n20:feed17:rep1,818c8ff2-8fc7-49ca-bf1a-66ee14e04123,3895074,164,1.3666666666666667,15595775388,19746711400,19747966300,1781307111867-0
concurrency_n20_20260613_003117_redis_feed17_rep1,redis,sb:events:n20:feed17:rep1,19959a0b-6c86-46c0-9154-90dcb3274904,3895074,164,1.3666666666666667,15595775388,19748186400,19749546000,1781307111868-0
concurrency_n20_20260613_003117_redis_feed17_rep1,redis,sb:events:n20:feed17:rep1,9ce7b785-4ecd-44b5-90e3-b733d34dfe2e,3895074,164,1.3666666666666667,15595775388,19749890100,19750776900,1781307111870-0
concurrency_n20_20260613_003117_redis_feed17_rep1,redis,sb:events:n20:feed17:rep1,eca48472-18cb-4b31-ae55-ac17179aef8e,3895121,164,1.3666666666666667,15595775388,19751332900,19752962000,1781307111871-0
concurrency_n20_20260613_003117_redis_feed17_rep1,redis,sb:events:n20:feed17:rep1,b497f696-fcda-400d-9285-ad8cdfde3295,3895232,164,164.0,16951053166,19753407100,19754644400,1781307111874-0
concurrency_n20_20260613_003117_redis_feed17_rep1,redis,sb:events:n20:feed17:rep1,da6009b8-4db8-4e0f-94b0-f4e2a1116881,3895232,164,164.0,16951053166,19755417700,19756827800,1781307111875-0
concurrency_n20_20260613_003117_redis_feed17_rep1,redis,sb:events:n20:feed17:rep1,867ca390-a97c-4aaf-a312-1b84a626e10c,3895074,165,1.375,15595844833,19757598400,19758908400,1781307111878-0
concurrency_n20_20260613_003117_redis_feed17_rep1,redis,sb:events:n20:feed17:rep1,f8ae8a1d-85ae-4a8f-b6bc-23d2d5a1ac71,3895121,165,1.375,15595844833,19759217200,19760236200,1781307111879-0
concurrency_n20_20260613_003117_redis_feed17_rep1,redis,sb:events:n20:feed17:rep1,2c9d55e8-d805-4f99-a6d7-8c539b0266dc,3895121,165,1.375,15595844833,19760557200,19761284800,1781307111880-0
concurrency_n20_20260613_003117_redis_feed17_rep1,redis,sb:events:n20:feed17:rep1,43e45598-d200-443f-abc6-cfe05b9bd39e,3895134,165,1.375,15595844833,19761583700,19762223700,1781307111881-0
concurrency_n20_20260613_003117_redis_feed17_rep1,redis,sb:events:n20:feed17:rep1,2be38728-ebc2-4ed8-9349-08fb1a446d3d,3895134,165,1.375,15595844833,19762558300,19763302900,1781307111882-0
concurrency_n20_20260613_003117_redis_feed17_rep1,redis,sb:events:n20:feed17:rep1,94dc0cb8-281c-41c2-99ab-0caf104a8c89,3895107,165,1.375,15595844833,19763672100,19764465700,1781307111883-0
concurrency_n20_20260613_003117_redis_feed17_rep1,redis,sb:events:n20:feed17:rep1,96c59163-8000-437f-b044-79ebef56ab77,3895107,165,1.375,15595844833,19767043400,19769660400,1781307111887-0
concurrency_n20_20260613_003117_redis_feed17_rep1,redis,sb:events:n20:feed17:rep1,a88add67-30ad-48ae-9d3d-47841f1412ee,3895107,165,1.375,15595844833,19770128200,19771354500,1781307111890-0
concurrency_n20_20260613_003117_redis_feed17_rep1,redis,sb:events:n20:feed17:rep1,a6cb7fd6-e4a9-445a-b160-6335527f38a2,3895113,165,1.375,15595844833,19771635100,19772751300,1781307111891-0
concurrency_n20_20260613_003117_redis_feed17_rep1,redis,sb:events:n20:feed17:rep1,87c1a5ee-e14f-48b7-8810-be5f77d239b6,3895113,165,1.375,15595844833,19773072300,19773979900,1781307111893-0
concurrency_n20_20260613_003117_redis_feed17_rep1,redis,sb:events:n20:feed17:rep1,aa0f707b-dc39-404d-94e5-072aef7ca36b,3895232,165,165.0,16959386500,19774283800,19775201300,1781307111894-0
concurrency_n20_20260613_003117_redis_feed17_rep1,redis,sb:events:n20:feed17:rep1,8df36443-cd0c-4c4b-945b-238b9dcfccf6,3895134,166,1.3833333333333333,15595914277,19775376200,19776115900,1781307111895-0
concurrency_n20_20260613_003117_redis_feed17_rep1,redis,sb:events:n20:feed17:rep1,7d119d9d-15cd-4187-bf0c-04237164d654,3895134,166,1.3833333333333333,15595914277,19776540800,19777454200,1781307111896-0
concurrency_n20_20260613_003117_redis_feed17_rep1,redis,sb:events:n20:feed17:rep1,550e6f49-307b-4008-b27e-bcfde346348b,3895134,166,1.3833333333333333,15595914277,19777786300,19778523900,1781307111897-0
concurrency_n20_20260613_003117_redis_feed17_rep1,redis,sb:events:n20:feed17:rep1,79d30816-809f-49d3-987f-4faa3bf7a1c4,3895134,166,1.3833333333333333,15595914277,19778766200,19779978900,1781307111899-0
concurrency_n20_20260613_003117_redis_feed17_rep1,redis,sb:events:n20:feed17:rep1,b3b14886-30e0-4aef-ac42-acede6528102,3895107,166,1.3833333333333333,15595914277,19780249700,19786033800,1781307111900-0
concurrency_n20_20260613_003117_redis_feed17_rep1,redis,sb:events:n20:feed17:rep1,7a4cbbd9-03aa-4159-bd71-77952f625375,3895113,166,1.3833333333333333,15595914277,19786476400,19788362400,1781307111907-0
concurrency_n20_20260613_003117_redis_feed17_rep1,redis,sb:events:n20:feed17:rep1,a0e583c4-661b-4c32-b902-020a689873dd,3895232,166,166.0,16967719833,19788622600,19789422900,1781307111908-0
concurrency_n20_20260613_003117_redis_feed17_rep1,redis,sb:events:n20:feed17:rep1,f4fb07a2-9a51-4d2d-91e9-01e90b8be551,3895232,166,166.0,16967719833,19791721300,19793059500,1781307111912-0
concurrency_n20_20260613_003117_redis_feed17_rep1,redis,sb:events:n20:feed17:rep1,a95fedbf-2b68-4e1f-a629-98e1dce72054,3895232,166,166.0,16967719833,19793327400,19794411000,1781307111913-0
concurrency_n20_20260613_003117_redis_feed17_rep1,redis,sb:events:n20:feed17:rep1,408c8260-11ce-4a03-917b-59fc81ed2a2e,3895107,167,1.3916666666666666,15595983722,19794896200,19796385000,1781307111915-0
concurrency_n20_20260613_003117_redis_feed17_rep1,redis,sb:events:n20:feed17:rep1,4162aaae-2c4d-40e1-a3b6-3b1de0193db0,3895107,167,1.3916666666666666,15595983722,19799205300,19801583500,1781307111920-0
concurrency_n20_20260613_003117_redis_feed17_rep1,redis,sb:events:n20:feed17:rep1,6293a92c-cdfd-4b76-87bc-646d14c8e379,3895107,167,1.3916666666666666,15595983722,19801961200,19802788700,1781307111922-0
concurrency_n20_20260613_003117_redis_feed17_rep1,redis,sb:events:n20:feed17:rep1,bc45eb44-defd-46ed-bc67-78f41b3effdf,3895074,168,1.4,15596053166,19803231600,19805098800,1781307111923-0
concurrency_n20_20260613_003117_redis_feed17_rep1,redis,sb:events:n20:feed17:rep1,4bcff9c0-91ca-44c7-a3e7-77b6f3f2257d,3895121,168,1.4,15596053166,19807336600,19809948100,1781307111927-0
concurrency_n20_20260613_003117_redis_feed17_rep1,redis,sb:events:n20:feed17:rep1,9b0cfa5a-46f9-4e02-8b87-ff17adc27e73,3895134,168,1.4,15596053166,19810294700,19812920000,1781307111930-0
concurrency_n20_20260613_003117_redis_feed17_rep1,redis,sb:events:n20:feed17:rep1,58645ad5-803a-40d3-b885-386ac9453114,3895134,168,1.4,15596053166,19816757700,19819048400,1781307111938-0
concurrency_n20_20260613_003117_redis_feed17_rep1,redis,sb:events:n20:feed17:rep1,0eed2083-cc6b-491c-b83d-754409ab9cad,3895107,168,1.4,15596053166,19819575500,19823178000,1781307111940-0
concurrency_n20_20260613_003117_redis_feed17_rep1,redis,sb:events:n20:feed17:rep1,2b220352-ca87-4d66-83a2-8f6111ebbf6a,3895232,168,168.0,16984386500,19823773000,19829294700,1781307111947-0
concurrency_n20_20260613_003117_redis_feed17_rep1,redis,sb:events:n20:feed17:rep1,2db299e8-bcc3-40d7-b3c8-b0f7bf5ac2fc,3895232,168,168.0,16984386500,19829768800,19830816900,1781307111950-0
concurrency_n20_20260613_003117_redis_feed17_rep1,redis,sb:events:n20:feed17:rep1,8f6737e1-8bab-492b-b76d-4cba4a059b36,3895074,169,1.4083333333333334,15596122611,19831239900,19832690700,1781307111951-0
concurrency_n20_20260613_003117_redis_feed17_rep1,redis,sb:events:n20:feed17:rep1,39f89742-821a-4ce6-8cbe-f39808686ede,3895074,169,1.4083333333333334,15596122611,19832962600,19839047500,1781307111957-0
concurrency_n20_20260613_003117_redis_feed17_rep1,redis,sb:events:n20:feed17:rep1,e15c7501-c465-49c6-afe7-55599ee22e67,3895074,169,1.4083333333333334,15596122611,19839421500,19842889200,1781307111959-0
concurrency_n20_20260613_003117_redis_feed17_rep1,redis,sb:events:n20:feed17:rep1,3529544a-55ae-4fbc-b0a6-e133216fba2d,3895074,169,1.4083333333333334,15596122611,19843363800,19845871700,1781307111964-0
concurrency_n20_20260613_003117_redis_feed17_rep1,redis,sb:events:n20:feed17:rep1,bdf70f16-88b6-449e-8210-b470cb150f2f,3895074,169,1.4083333333333334,15596122611,19846490200,19848017500,1781307111967-0
concurrency_n20_20260613_003117_redis_feed17_rep1,redis,sb:events:n20:feed17:rep1,4e375d5b-ebb2-4d0e-b207-d8f5f48b519d,3895060,169,1.4083333333333334,15596122611,19848612900,19850478700,1781307111969-0
concurrency_n20_20260613_003117_redis_feed17_rep1,redis,sb:events:n20:feed17:rep1,77c33e38-ffee-4268-aba7-f894651f7335,3895121,169,1.4083333333333334,15596122611,19850836400,19852179500,1781307111971-0
concurrency_n20_20260613_003117_redis_feed17_rep1,redis,sb:events:n20:feed17:rep1,9ec2419d-346d-44ad-b824-b6b96bba9524,3895121,169,1.4083333333333334,15596122611,19852564400,19854389800,1781307111972-0
concurrency_n20_20260613_003117_redis_feed17_rep1,redis,sb:events:n20:feed17:rep1,07e5b410-f76a-4d08-906e-11df937853e0,3895134,169,1.4083333333333334,15596122611,19854768200,19856666700,1781307111975-0
concurrency_n20_20260613_003117_redis_feed17_rep1,redis,sb:events:n20:feed17:rep1,9679bf7d-a2ec-438c-a7f9-d0d9952ad2c1,3895134,169,1.4083333333333334,15596122611,19856969900,19858094600,1781307111977-0
concurrency_n20_20260613_003117_redis_feed17_rep1,redis,sb:events:n20:feed17:rep1,d6f4facf-d6c5-479a-a242-3e7c6a56f2da,3895134,169,1.4083333333333334,15596122611,19858378600,19860897000,1781307111978-0
concurrency_n20_20260613_003117_redis_feed17_rep1,redis,sb:events:n20:feed17:rep1,0ca9b4bf-ca19-4efa-a2e3-9cad848cc503,3895107,169,1.4083333333333334,15596122611,19861196800,19894736400,1781307112013-0
concurrency_n20_20260613_003117_redis_feed17_rep1,redis,sb:events:n20:feed17:rep1,fcd91361-de77-4f55-b945-e79985c18e84,3895107,169,1.4083333333333334,15596122611,19895017100,19896947800,1781307112015-0
concurrency_n20_20260613_003117_redis_feed17_rep1,redis,sb:events:n20:feed17:rep1,d852d950-2489-4733-ab0f-ea2f4335565b,3895107,169,1.4083333333333334,15596122611,19897366200,19898478100,1781307112017-0
concurrency_n20_20260613_003117_redis_feed17_rep1,redis,sb:events:n20:feed17:rep1,8d7e145d-6436-4a2b-8fb5-c468d557b8db,3895113,169,1.4083333333333334,15596122611,19898708300,19900238100,1781307112019-0
concurrency_n20_20260613_003117_redis_feed17_rep1,redis,sb:events:n20:feed17:rep1,31e939ed-6c76-49e0-8503-be98b76e04a2,3895113,169,1.4083333333333334,15596122611,19900506500,19903172900,1781307112021-0
concurrency_n20_20260613_003117_redis_feed17_rep1,redis,sb:events:n20:feed17:rep1,f2485d48-3ace-4e0f-a6ed-3b06b865284b,3895113,169,1.4083333333333334,15596122611,19903627000,19905344200,1781307112024-0
concurrency_n20_20260613_003117_redis_feed17_rep1,redis,sb:events:n20:feed17:rep1,c8bf21cb-6239-4167-9a8c-78b25ba0bc6f,3895113,169,1.4083333333333334,15596122611,19905751300,19907075200,1781307112026-0
concurrency_n20_20260613_003117_redis_feed17_rep1,redis,sb:events:n20:feed17:rep1,5c745786-3f47-4b2e-b1e1-4b6784720790,3895232,169,169.0,16992719833,19907430500,19910308100,1781307112028-0
concurrency_n20_20260613_003117_redis_feed17_rep1,redis,sb:events:n20:feed17:rep1,9b2764a7-a84d-4943-bba5-b417858f81a7,3895074,170,1.4166666666666667,15596192055,19910625300,19911597800,1781307112030-0
concurrency_n20_20260613_003117_redis_feed17_rep1,redis,sb:events:n20:feed17:rep1,b7679522-0480-4738-bd78-2caaca3efcd4,3895060,170,1.4166666666666667,15596192055,19911976700,19913125600,1781307112032-0
concurrency_n20_20260613_003117_redis_feed17_rep1,redis,sb:events:n20:feed17:rep1,ada9ca66-9914-40ec-9721-e7008c004f43,3895074,170,1.4166666666666667,15596192055,19913380400,19914886600,1781307112033-0
concurrency_n20_20260613_003117_redis_feed17_rep1,redis,sb:events:n20:feed17:rep1,3da63f38-33cc-453a-a47d-f5fddd0db82f,3895060,170,1.4166666666666667,15596192055,19915138500,19916367100,1781307112035-0
concurrency_n20_20260613_003117_redis_feed17_rep1,redis,sb:events:n20:feed17:rep1,fadd2877-2d12-4f52-a99d-15c1947850eb,3895060,170,1.4166666666666667,15596192055,19916675400,19918902900,1781307112037-0
concurrency_n20_20260613_003117_redis_feed17_rep1,redis,sb:events:n20:feed17:rep1,e162f8fa-b3ce-4052-a096-680bf2c9ed8d,3895060,170,1.4166666666666667,15596192055,19920164000,19921891200,1781307112040-0
concurrency_n20_20260613_003117_redis_feed17_rep1,redis,sb:events:n20:feed17:rep1,53b7d815-60a3-44ab-b5b2-d8a2c44480a8,3895134,170,1.4166666666666667,15596192055,19922265000,19923339300,1781307112042-0
concurrency_n20_20260613_003117_redis_feed17_rep1,redis,sb:events:n20:feed17:rep1,329c89d3-8945-4b3b-b560-92250fd85b13,3895134,170,1.4166666666666667,15596192055,19923655900,19924988200,1781307112043-0
concurrency_n20_20260613_003117_redis_feed17_rep1,redis,sb:events:n20:feed17:rep1,fc565cea-8dcd-480a-882e-34f338524047,3895107,170,1.4166666666666667,15596192055,19925331300,19926328800,1781307112045-0
concurrency_n20_20260613_003117_redis_feed17_rep1,redis,sb:events:n20:feed17:rep1,0f604741-1adb-4f2d-bb36-69d25b830a30,3895074,171,1.425,15596261500,19926765000,19927885800,1781307112046-0
concurrency_n20_20260613_003117_redis_feed17_rep1,redis,sb:events:n20:feed17:rep1,83a981d0-c68a-4645-befd-6421a44de32e,3895060,171,1.425,15596261500,19928118700,19929887600,1781307112048-0
concurrency_n20_20260613_003117_redis_feed17_rep1,redis,sb:events:n20:feed17:rep1,ecd14fd7-6180-4ae4-963d-2c9e6b2a0d75,3895113,171,1.425,15596261500,19930451800,19931725700,1781307112050-0
concurrency_n20_20260613_003117_redis_feed17_rep1,redis,sb:events:n20:feed17:rep1,3ded6d86-f943-406a-8fa2-cfeff8b82bdc,3895113,171,1.425,15596261500,19932118100,19933202800,1781307112052-0
concurrency_n20_20260613_003117_redis_feed17_rep1,redis,sb:events:n20:feed17:rep1,0df566b3-c230-4f74-a1bd-86295b48f77a,3895074,172,1.4333333333333331,15596330944,19933460900,19934366200,1781307112053-0
concurrency_n20_20260613_003117_redis_feed17_rep1,redis,sb:events:n20:feed17:rep1,3a3474fc-bc26-4b2c-9646-fa317842c2cb,3895074,172,1.4333333333333331,15596330944,19936609200,19937652900,1781307112056-0
concurrency_n20_20260613_003117_redis_feed17_rep1,redis,sb:events:n20:feed17:rep1,7023ff3e-dd3c-47a0-b743-ea5bedfdc502,3895074,172,1.4333333333333331,15596330944,19937888200,19938817000,1781307112058-0
concurrency_n20_20260613_003117_redis_feed17_rep1,redis,sb:events:n20:feed17:rep1,d913e425-9576-4a3d-9cfa-9644dc4fe9cd,3895060,172,1.4333333333333331,15596330944,19939037900,19965036700,1781307112084-0
concurrency_n20_20260613_003117_redis_feed17_rep1,redis,sb:events:n20:feed17:rep1,fb712513-b992-4a5c-8a59-43f670f391d7,3895074,172,1.4333333333333331,15596330944,19965358400,19972914600,1781307112090-0
concurrency_n20_20260613_003117_redis_feed17_rep1,redis,sb:events:n20:feed17:rep1,07f21132-1269-4363-b9c5-82850ad32d7a,3895060,172,1.4333333333333331,15596330944,19973500500,19975259000,1781307112093-0
concurrency_n20_20260613_003117_redis_feed17_rep1,redis,sb:events:n20:feed17:rep1,27ab07bb-6bf5-468a-a259-b8b155360bb9,3895232,172,172.0,17017719833,19975891400,19978581800,1781307112097-0
concurrency_n20_20260613_003117_redis_feed17_rep1,redis,sb:events:n20:feed17:rep1,e0806731-5ca1-42b9-9333-560ee6c98f92,3895074,173,1.4416666666666669,15596400388,19978912200,19980525100,1781307112099-0
concurrency_n20_20260613_003117_redis_feed17_rep1,redis,sb:events:n20:feed17:rep1,d62d62b7-c9b1-40eb-a2bc-3f2316e75eab,3895060,173,1.4416666666666669,15596400388,19980807800,19988164900,1781307112101-0
concurrency_n20_20260613_003117_redis_feed17_rep1,redis,sb:events:n20:feed17:rep1,c65aa53d-0626-471c-a5b6-84d20106beb3,3895074,173,1.4416666666666669,15596400388,19988636900,19991639800,1781307112109-0
concurrency_n20_20260613_003117_redis_feed17_rep1,redis,sb:events:n20:feed17:rep1,7fddb002-d5be-4ebe-bf94-fe7788dbdfc0,3895074,173,1.4416666666666669,15596400388,19992072900,19993619300,1781307112112-0
concurrency_n20_20260613_003117_redis_feed17_rep1,redis,sb:events:n20:feed17:rep1,a3efd64b-b9cf-4006-bcaa-9e1f8901b94f,3895121,173,1.4416666666666669,15596400388,19993938200,19998701500,1781307112116-0
concurrency_n20_20260613_003117_redis_feed17_rep1,redis,sb:events:n20:feed17:rep1,89a8bd74-951e-4c23-a496-04913466501f,3895074,174,1.45,15596469833,19999147800,20001905500,1781307112120-0
concurrency_n20_20260613_003117_redis_feed17_rep1,redis,sb:events:n20:feed17:rep1,783d3a7a-3b92-4938-bdb9-017b63dce520,3895107,174,1.45,15596469833,20002270700,20004879300,1781307112123-0
concurrency_n20_20260613_003117_redis_feed17_rep1,redis,sb:events:n20:feed17:rep1,aad1f066-8c65-4501-9be3-dcab671ca4aa,3895107,174,1.45,15596469833,20005138800,20006530900,1781307112125-0
concurrency_n20_20260613_003117_redis_feed17_rep1,redis,sb:events:n20:feed17:rep1,6ca7316a-a6e3-4712-a46d-6b62b5fcbe20,3895107,174,1.45,15596469833,20006861500,20008123600,1781307112127-0
concurrency_n20_20260613_003117_redis_feed17_rep1,redis,sb:events:n20:feed17:rep1,5b545131-098f-4250-8597-eaadd9de2def,3895113,174,1.45,15596469833,20010517700,20012105500,1781307112130-0
concurrency_n20_20260613_003117_redis_feed17_rep1,redis,sb:events:n20:feed17:rep1,6938e47e-7ab0-40be-a612-0fe4c4455675,3895060,175,1.4583333333333333,15596539277,20012507900,20013626100,1781307112132-0
concurrency_n20_20260613_003117_redis_feed17_rep1,redis,sb:events:n20:feed17:rep1,ea1dc8a1-49ca-4f7e-abb5-531b27311736,3895060,175,1.4583333333333333,15596539277,20013937400,20016674200,1781307112134-0
concurrency_n20_20260613_003117_redis_feed17_rep1,redis,sb:events:n20:feed17:rep1,8f0fb135-64ca-4757-bca3-ba1087b603b4,3895121,175,1.4583333333333333,15596539277,20017445600,20018405600,1781307112137-0
concurrency_n20_20260613_003117_redis_feed17_rep1,redis,sb:events:n20:feed17:rep1,e5a09532-5dfc-49cd-af7b-898a2bcd2e54,3895121,175,1.4583333333333333,15596539277,20018798700,20019610200,1781307112138-0
concurrency_n20_20260613_003117_redis_feed17_rep1,redis,sb:events:n20:feed17:rep1,1d5f5ff9-6eb3-47d2-ab94-85adf59fd095,3895134,175,1.4583333333333333,15596539277,20019922300,20020878200,1781307112140-0
concurrency_n20_20260613_003117_redis_feed17_rep1,redis,sb:events:n20:feed17:rep1,762f5b17-d49b-4cb0-9c76-be2cccc17fca,3895113,175,1.4583333333333333,15596539277,20021156300,20022135400,1781307112141-0
concurrency_n20_20260613_003117_redis_feed17_rep1,redis,sb:events:n20:feed17:rep1,9c77d678-e3ff-4aec-8c04-be1d37d4e3bc,3895113,175,1.4583333333333333,15596539277,20022576500,20023723600,1781307112142-0
concurrency_n20_20260613_003117_redis_feed17_rep1,redis,sb:events:n20:feed17:rep1,9deabd1b-b7b1-4249-9356-ae9080bfdb20,3895232,175,175.0,17042719833,20024169000,20025545700,1781307112144-0
concurrency_n20_20260613_003117_redis_feed17_rep1,redis,sb:events:n20:feed17:rep1,ac63fcdf-78bf-497e-b94a-d73e0adf460d,3895232,175,175.0,17042719833,20026198800,20027313200,1781307112146-0
concurrency_n20_20260613_003117_redis_feed17_rep1,redis,sb:events:n20:feed17:rep1,6579474a-d465-4a27-ad9a-bb5eecbb76d1,3895232,175,175.0,17042719833,20027615700,20028694800,1781307112147-0
concurrency_n20_20260613_003117_redis_feed17_rep1,redis,sb:events:n20:feed17:rep1,28304a25-17b2-4ae7-9a8e-35e91168ca28,3895060,176,1.4666666666666666,15596608722,20029174800,20030807200,1781307112149-0
concurrency_n20_20260613_003117_redis_feed17_rep1,redis,sb:events:n20:feed17:rep1,5a0d418d-7511-405c-ba51-15fb7e282758,3895074,176,1.4666666666666666,15596608722,20031111000,20032078700,1781307112151-0
concurrency_n20_20260613_003117_redis_feed17_rep1,redis,sb:events:n20:feed17:rep1,c9c0e8eb-83e5-44b4-8c93-9a711bf73577,3895074,176,1.4666666666666666,15596608722,20032414700,20034484200,1781307112152-0
concurrency_n20_20260613_003117_redis_feed17_rep1,redis,sb:events:n20:feed17:rep1,d6bac1a1-39d6-4af3-a612-6c6dbf5fe3d8,3895134,176,1.4666666666666666,15596608722,20035194700,20036729400,1781307112155-0
concurrency_n20_20260613_003117_redis_feed17_rep1,redis,sb:events:n20:feed17:rep1,77a2e27b-c1ec-408b-8c68-cae94dcdc31e,3895134,176,1.4666666666666666,15596608722,20037122000,20038180400,1781307112157-0
concurrency_n20_20260613_003117_redis_feed17_rep1,redis,sb:events:n20:feed17:rep1,e9caa6e5-d4bf-41c0-b800-f8b3c52b5aa0,3895113,176,1.4666666666666666,15596608722,20038394900,20039361600,1781307112158-0
concurrency_n20_20260613_003117_redis_feed17_rep1,redis,sb:events:n20:feed17:rep1,92581e34-e592-4b0d-8c3c-8bc653bd0ff1,3895232,176,176.0,17051053166,20039707400,20040562000,1781307112159-0
concurrency_n20_20260613_003117_redis_feed17_rep1,redis,sb:events:n20:feed17:rep1,0adba78d-339a-4a8b-8bdc-ceecd0f2f935,3895060,177,1.475,15596678166,20040745900,20041953400,1781307112161-0
concurrency_n20_20260613_003117_redis_feed17_rep1,redis,sb:events:n20:feed17:rep1,223a8b4d-8afa-43f7-bd56-31a2dc851ae6,3895060,177,1.475,15596678166,20042145800,20043116000,1781307112162-0
concurrency_n20_20260613_003117_redis_feed17_rep1,redis,sb:events:n20:feed17:rep1,78e092bd-bb76-4223-adde-2335fd790049,3895074,177,1.475,15596678166,20043476100,20044966900,1781307112164-0
concurrency_n20_20260613_003117_redis_feed17_rep1,redis,sb:events:n20:feed17:rep1,3500b210-b623-4528-be23-af7d1a72b381,3895121,177,1.475,15596678166,20045290800,20046881300,1781307112165-0
concurrency_n20_20260613_003117_redis_feed17_rep1,redis,sb:events:n20:feed17:rep1,13db24a6-54a1-4128-b849-34abbfa6a033,3895134,177,1.475,15596678166,20047470500,20048353400,1781307112167-0
concurrency_n20_20260613_003117_redis_feed17_rep1,redis,sb:events:n20:feed17:rep1,d4d24445-4bb1-4715-80a1-3c1353151ad2,3895052,177,1.475,15596678166,20050332200,20051991100,1781307112171-0
concurrency_n20_20260613_003117_redis_feed17_rep1,redis,sb:events:n20:feed17:rep1,3dda98ef-c9f5-4d97-a425-d453e5afae59,3895232,177,177.0,17059386500,20052289800,20053484900,1781307112172-0
concurrency_n20_20260613_003117_redis_feed17_rep1,redis,sb:events:n20:feed17:rep1,71814c80-6b24-462b-b190-bc0ad39356b2,3895074,178,1.4833333333333334,15596747611,20055594400,20057089600,1781307112176-0
concurrency_n20_20260613_003117_redis_feed17_rep1,redis,sb:events:n20:feed17:rep1,8aec7177-cb70-4a41-92a3-b0e6d8a8bfaa,3895121,178,1.4833333333333334,15596747611,20057424200,20058488800,1781307112177-0
concurrency_n20_20260613_003117_redis_feed17_rep1,redis,sb:events:n20:feed17:rep1,76909fce-321d-4a02-a4d2-e0450722c3e4,3895121,178,1.4833333333333334,15596747611,20058730300,20060294700,1781307112179-0
concurrency_n20_20260613_003117_redis_feed17_rep1,redis,sb:events:n20:feed17:rep1,0922375c-4057-4ee6-b465-7120e7f9c5f9,3895134,178,1.4833333333333334,15596747611,20060575000,20062557900,1781307112181-0
concurrency_n20_20260613_003117_redis_feed17_rep1,redis,sb:events:n20:feed17:rep1,d47dce2c-dd02-4dcf-91b2-8479cbf5b89f,3895134,178,1.4833333333333334,15596747611,20063027300,20064499300,1781307112183-0
concurrency_n20_20260613_003117_redis_feed17_rep1,redis,sb:events:n20:feed17:rep1,5d8be6a9-6302-4807-8a3e-a7bd66fc5a8f,3895134,178,1.4833333333333334,15596747611,20064831800,20066572800,1781307112185-0
concurrency_n20_20260613_003117_redis_feed17_rep1,redis,sb:events:n20:feed17:rep1,2900d6b5-9ef2-4be9-8129-124eb12ff304,3895052,178,1.4833333333333334,15596747611,20066818200,20067887000,1781307112187-0
concurrency_n20_20260613_003117_redis_feed17_rep1,redis,sb:events:n20:feed17:rep1,597b2297-7c29-49fa-916d-9e9f63b33be6,3895052,178,1.4833333333333334,15596747611,20068099900,20069091600,1781307112188-0
concurrency_n20_20260613_003117_redis_feed17_rep1,redis,sb:events:n20:feed17:rep1,2fc5de0a-efa3-4bd7-83a5-5b446e54cac9,3895060,179,1.4916666666666667,15596817055,20069581500,20070878400,1781307112189-0
concurrency_n20_20260613_003117_redis_feed17_rep1,redis,sb:events:n20:feed17:rep1,7535129a-5e29-4a40-a33b-c0deff6f0719,3895074,179,1.4916666666666667,15596817055,20071237000,20072208500,1781307112191-0
concurrency_n20_20260613_003117_redis_feed17_rep1,redis,sb:events:n20:feed17:rep1,9d894c83-4d3f-457c-8167-97b6db92e3f0,3895074,179,1.4916666666666667,15596817055,20072901000,20074414000,1781307112193-0
concurrency_n20_20260613_003117_redis_feed17_rep1,redis,sb:events:n20:feed17:rep1,4bdb169e-8996-4b95-8eb9-258978eec186,3895074,179,1.4916666666666667,15596817055,20074729600,20076631900,1781307112195-0
concurrency_n20_20260613_003117_redis_feed17_rep1,redis,sb:events:n20:feed17:rep1,869585ce-4495-40af-9f58-b803ab392f52,3895121,179,1.4916666666666667,15596817055,20077082400,20078643900,1781307112197-0
concurrency_n20_20260613_003117_redis_feed17_rep1,redis,sb:events:n20:feed17:rep1,485d878b-e9f1-4567-9971-3ea0580cf0d0,3895121,179,1.4916666666666667,15596817055,20079410500,20082367100,1781307112199-0
concurrency_n20_20260613_003117_redis_feed17_rep1,redis,sb:events:n20:feed17:rep1,06899416-75b6-4aa5-993c-e28e20bfb3c4,3895121,179,1.4916666666666667,15596817055,20083027600,20090614700,1781307112207-0
concurrency_n20_20260613_003117_redis_feed17_rep1,redis,sb:events:n20:feed17:rep1,5b15f1f4-1a93-422b-a54a-cc1023063d24,3895134,179,1.4916666666666667,15596817055,20090973000,20092155800,1781307112211-0
concurrency_n20_20260613_003117_redis_feed17_rep1,redis,sb:events:n20:feed17:rep1,56932336-971a-40ac-acc7-cf59075f7016,3895134,179,1.4916666666666667,15596817055,20094685800,20096009300,1781307112215-0
concurrency_n20_20260613_003117_redis_feed17_rep1,redis,sb:events:n20:feed17:rep1,c0b209ae-f457-4674-9ae3-0af7ad9f2d3f,3895134,179,1.4916666666666667,15596817055,20096390000,20109439900,1781307112227-0
concurrency_n20_20260613_003117_redis_feed17_rep1,redis,sb:events:n20:feed17:rep1,ea1bffd4-e71c-4f22-8834-874fab8dfc4f,3895052,179,1.4916666666666667,15596817055,20109953400,20114756200,1781307112230-0
concurrency_n20_20260613_003117_redis_feed17_rep1,redis,sb:events:n20:feed17:rep1,8206a12d-ac0e-44ba-b692-6a94f12012dc,3895113,179,1.4916666666666667,15596817055,20115565900,20117429800,1781307112236-0
concurrency_n20_20260613_003117_redis_feed17_rep1,redis,sb:events:n20:feed17:rep1,3f7135a5-8b43-4509-a678-389cea76fa3b,3895121,180,1.5,15596886500,20117747100,20120050200,1781307112237-0
concurrency_n20_20260613_003117_redis_feed17_rep1,redis,sb:events:n20:feed17:rep1,8ec3c9f8-de5c-411b-8cd6-8e24c336229e,3895121,180,1.5,15596886500,20120371200,20121958200,1781307112241-0
concurrency_n20_20260613_003117_redis_feed17_rep1,redis,sb:events:n20:feed17:rep1,120cb6f0-3272-4776-bf35-fcf9b9aaad6c,3895134,180,1.5,15596886500,20122233500,20123642100,1781307112242-0
concurrency_n20_20260613_003117_redis_feed17_rep1,redis,sb:events:n20:feed17:rep1,042baed2-4954-4e1c-9809-b45f3dac9ed8,3895134,180,1.5,15596886500,20123896200,20126117300,1781307112244-0
concurrency_n20_20260613_003117_redis_feed17_rep1,redis,sb:events:n20:feed17:rep1,f998a84a-8533-4e54-850c-88e4a0db962e,3895074,181,1.5083333333333333,15596955944,20127105800,20130257500,1781307112248-0
concurrency_n20_20260613_003117_redis_feed17_rep1,redis,sb:events:n20:feed17:rep1,5362c702-2c5d-4802-b780-2148711f7f60,3895121,181,1.5083333333333333,15596955944,20130610600,20134200200,1781307112252-0
concurrency_n20_20260613_003117_redis_feed17_rep1,redis,sb:events:n20:feed17:rep1,77cc1f9f-374d-44d5-b5af-2c3b1ecfd536,3895121,181,1.5083333333333333,15596955944,20134673300,20135806500,1781307112254-0
concurrency_n20_20260613_003117_redis_feed17_rep1,redis,sb:events:n20:feed17:rep1,a3246662-a95a-484e-87d7-9e80a6503af2,3895134,181,1.5083333333333333,15596955944,20136100600,20137376000,1781307112256-0
concurrency_n20_20260613_003117_redis_feed17_rep1,redis,sb:events:n20:feed17:rep1,3d09929e-e60f-480a-b4f0-43b30e530c8e,3895134,181,1.5083333333333333,15596955944,20137665000,20140149800,1781307112258-0
concurrency_n20_20260613_003117_redis_feed17_rep1,redis,sb:events:n20:feed17:rep1,913157ab-1e10-4a00-8776-05d02d9dccea,3895052,181,1.5083333333333333,15596955944,20140840800,20141754900,1781307112260-0
concurrency_n20_20260613_003117_redis_feed17_rep1,redis,sb:events:n20:feed17:rep1,bbf1e609-60cb-4dcb-bd23-9ac34721002d,3895052,181,1.5083333333333333,15596955944,20142238800,20145959600,1781307112264-0
concurrency_n20_20260613_003117_redis_feed17_rep1,redis,sb:events:n20:feed17:rep1,47f64eb4-9074-48b1-812c-830f5861ce97,3895107,181,1.5083333333333333,15596955944,20146211800,20163267800,1781307112281-0
concurrency_n20_20260613_003117_redis_feed17_rep1,redis,sb:events:n20:feed17:rep1,8699603c-1d5e-452d-ba63-8b580b7f7484,3895134,182,1.5166666666666666,15597025388,20163546500,20170097300,1781307112288-0
concurrency_n20_20260613_003117_redis_feed17_rep1,redis,sb:events:n20:feed17:rep1,033da15f-211c-4323-be47-3c971cb0e9fa,3895134,182,1.5166666666666666,15597025388,20170403300,20171430700,1781307112290-0
concurrency_n20_20260613_003117_redis_feed17_rep1,redis,sb:events:n20:feed17:rep1,a03fb700-b6fc-41b3-8cc3-cc8d0ab25b50,3895052,182,1.5166666666666666,15597025388,20171711300,20173625000,1781307112291-0
concurrency_n20_20260613_003117_redis_feed17_rep1,redis,sb:events:n20:feed17:rep1,de6d4bb5-8abc-4d0d-a036-80274fc3c4f9,3895060,183,1.525,15597094833,20174056000,20174969700,1781307112294-0
concurrency_n20_20260613_003117_redis_feed17_rep1,redis,sb:events:n20:feed17:rep1,f66b0a4a-2fea-4f85-86a3-956cc2693f46,3895060,183,1.525,15597094833,20175179400,20176169100,1781307112295-0
concurrency_n20_20260613_003117_redis_feed17_rep1,redis,sb:events:n20:feed17:rep1,e69e807d-e72f-4442-b1ea-1e86de28df50,3895074,183,1.525,15597094833,20176407300,20178423800,1781307112296-0
concurrency_n20_20260613_003117_redis_feed17_rep1,redis,sb:events:n20:feed17:rep1,cb6fbffa-59d1-43d8-af07-26ed640e156b,3895074,183,1.525,15597094833,20179202300,20179971900,1781307112299-0
concurrency_n20_20260613_003117_redis_feed17_rep1,redis,sb:events:n20:feed17:rep1,faf714f7-96d7-4bb0-946c-870eda612625,3895074,183,1.525,15597094833,20180436700,20181089600,1781307112300-0
concurrency_n20_20260613_003117_redis_feed17_rep1,redis,sb:events:n20:feed17:rep1,ce15aad7-cb49-40f2-bbae-d11549fc88e6,3895074,183,1.525,15597094833,20181260300,20183283800,1781307112301-0
concurrency_n20_20260613_003117_redis_feed17_rep1,redis,sb:events:n20:feed17:rep1,5d1af995-e716-4c97-9756-592811556791,3895134,183,1.525,15597094833,20184970800,20186682700,1781307112305-0
concurrency_n20_20260613_003117_redis_feed17_rep1,redis,sb:events:n20:feed17:rep1,37dd2a6a-d230-47b3-9d90-f9e9e7b9a034,3895107,183,1.525,15597094833,20186971500,20188328900,1781307112307-0
concurrency_n20_20260613_003117_redis_feed17_rep1,redis,sb:events:n20:feed17:rep1,0e89f84c-3893-44a1-8e90-35ad8cd4e274,3895052,183,1.525,15597094833,20188588200,20189500300,1781307112308-0
concurrency_n20_20260613_003117_redis_feed17_rep1,redis,sb:events:n20:feed17:rep1,f9520e9a-fd27-4d3f-87aa-f0181c84be32,3895107,183,1.525,15597094833,20189856800,20190599100,1781307112309-0
concurrency_n20_20260613_003117_redis_feed17_rep1,redis,sb:events:n20:feed17:rep1,1dcf02eb-a16c-4fdd-807b-6578767dcde6,3895052,183,1.525,15597094833,20190830100,20191683200,1781307112310-0
concurrency_n20_20260613_003117_redis_feed17_rep1,redis,sb:events:n20:feed17:rep1,4bbfa33a-6196-4d90-b3d7-378353d1a5bf,3895052,183,1.525,15597094833,20191880600,20193154800,1781307112311-0
concurrency_n20_20260613_003117_redis_feed17_rep1,redis,sb:events:n20:feed17:rep1,fea932e4-e337-47ad-ad83-3818b34221af,3895134,184,1.5333333333333334,15597164277,20193388300,20195142200,1781307112313-0
concurrency_n20_20260613_003117_redis_feed17_rep1,redis,sb:events:n20:feed17:rep1,d5d5314a-1da7-4e7d-a6a5-059c291da52f,3895134,184,1.5333333333333334,15597164277,20195602400,20196909100,1781307112315-0
concurrency_n20_20260613_003117_redis_feed17_rep1,redis,sb:events:n20:feed17:rep1,fb0609bc-47f9-4985-896f-a398902b902f,3895134,184,1.5333333333333334,15597164277,20197223000,20200995700,1781307112317-0
concurrency_n20_20260613_003117_redis_feed17_rep1,redis,sb:events:n20:feed17:rep1,0d6fb29c-0f27-4915-adc6-b147b114a211,3895052,184,1.5333333333333334,15597164277,20201259800,20233812300,1781307112352-0
concurrency_n20_20260613_003117_redis_feed17_rep1,redis,sb:events:n20:feed17:rep1,47df7d7c-b0ee-4556-84b0-cf8d559b3d46,3895052,184,1.5333333333333334,15597164277,20234081300,20236325400,1781307112354-0
concurrency_n20_20260613_003117_redis_feed17_rep1,redis,sb:events:n20:feed17:rep1,34a96107-d3d3-4f1e-b3b0-ab8489dfe611,3895060,185,1.5416666666666667,15597233722,20237038200,20254827100,1781307112373-0
concurrency_n20_20260613_003117_redis_feed17_rep1,redis,sb:events:n20:feed17:rep1,c082b06e-6ae3-427f-9f8f-ba08b12a6a7c,3895074,185,1.5416666666666667,15597233722,20255127000,20296643300,1781307112399-0
concurrency_n20_20260613_003117_redis_feed17_rep1,redis,sb:events:n20:feed17:rep1,62af821c-cd3b-4909-be9f-4807d93603ed,3895074,185,1.5416666666666667,15597233722,20296886700,20300191200,1781307112418-0
concurrency_n20_20260613_003117_redis_feed17_rep1,redis,sb:events:n20:feed17:rep1,c55df33e-9010-4ba0-84f3-e3f8f8d158ae,3895074,185,1.5416666666666667,15597233722,20300453400,20301915700,1781307112420-0
concurrency_n20_20260613_003117_redis_feed17_rep1,redis,sb:events:n20:feed17:rep1,a71a1b4a-7e45-40ea-81ce-964334bd6e3c,3895107,185,1.5416666666666667,15597233722,20302235300,20306084200,1781307112422-0
concurrency_n20_20260613_003117_redis_feed17_rep1,redis,sb:events:n20:feed17:rep1,e39de799-4748-4e0d-a6e0-25f7d7f57162,3895134,185,1.5416666666666667,15597233722,20306845600,20310609400,1781307112429-0
concurrency_n20_20260613_003117_redis_feed17_rep1,redis,sb:events:n20:feed17:rep1,524bc892-d68d-4cf9-b02a-0787fd126e38,3895134,185,1.5416666666666667,15597233722,20310909600,20312251900,1781307112431-0
concurrency_n20_20260613_003117_redis_feed17_rep1,redis,sb:events:n20:feed17:rep1,62aa8f50-6358-4415-9cb0-f8b81c7178a9,3895052,185,1.5416666666666667,15597233722,20312493300,20313576600,1781307112432-0
concurrency_n20_20260613_003117_redis_feed17_rep1,redis,sb:events:n20:feed17:rep1,1899ac70-f6a1-4518-aca7-c464e4ef3b58,3895052,185,1.5416666666666667,15597233722,20313858900,20314794300,1781307112433-0
concurrency_n20_20260613_003117_redis_feed17_rep1,redis,sb:events:n20:feed17:rep1,1d789953-bbff-429f-8065-cc2ce1765444,3895052,185,1.5416666666666667,15597233722,20315044900,20316131000,1781307112435-0
concurrency_n20_20260613_003117_redis_feed17_rep1,redis,sb:events:n20:feed17:rep1,0ac53c63-d58c-46ac-a821-b050a0a98d60,3895060,186,1.55,15597303166,20316477900,20320296200,1781307112436-0
concurrency_n20_20260613_003117_redis_feed17_rep1,redis,sb:events:n20:feed17:rep1,9d8f9c0b-27a7-450d-8a63-942f4e7465ce,3895086,186,1.55,15597303166,20321256500,20323183400,1781307112442-0
concurrency_n20_20260613_003117_redis_feed17_rep1,redis,sb:events:n20:feed17:rep1,60d44227-9fec-437c-b4e6-19fb293401bb,3895107,186,1.55,15597303166,20323620300,20326977400,1781307112444-0
concurrency_n20_20260613_003117_redis_feed17_rep1,redis,sb:events:n20:feed17:rep1,b12611f3-8156-482e-8f7b-043bc58a90e6,3895107,186,1.55,15597303166,20327440900,20329600300,1781307112447-0
concurrency_n20_20260613_003117_redis_feed17_rep1,redis,sb:events:n20:feed17:rep1,ecc8b373-48a6-4b0a-94be-0731542bde3c,3895107,186,1.55,15597303166,20330226100,20331361300,1781307112450-0
concurrency_n20_20260613_003117_redis_feed17_rep1,redis,sb:events:n20:feed17:rep1,7aadb2ca-9337-41dd-b89f-4968b2a26ee4,3895107,186,1.55,15597303166,20331636700,20333233700,1781307112452-0
concurrency_n20_20260613_003117_redis_feed17_rep1,redis,sb:events:n20:feed17:rep1,1ad589a2-1a0e-45b1-81c8-40e910942f57,3895060,187,1.5583333333333331,15597372611,20333566600,20335233700,1781307112453-0
concurrency_n20_20260613_003117_redis_feed17_rep1,redis,sb:events:n20:feed17:rep1,494b9925-7d7f-4a7e-b8f0-4c25a10c56e8,3895086,187,1.5583333333333331,15597372611,20335477800,20340280300,1781307112458-0
concurrency_n20_20260613_003117_redis_feed17_rep1,redis,sb:events:n20:feed17:rep1,3fc328fb-1e2b-4f54-a60c-104f38eed19d,3895086,187,1.5583333333333331,15597372611,20340556300,20341748200,1781307112460-0
concurrency_n20_20260613_003117_redis_feed17_rep1,redis,sb:events:n20:feed17:rep1,49209fa5-8cee-46b0-a499-274fd879e505,3895134,187,1.5583333333333331,15597372611,20342011600,20343209600,1781307112462-0
concurrency_n20_20260613_003117_redis_feed17_rep1,redis,sb:events:n20:feed17:rep1,b2166754-b7ae-486a-b12d-6308ea1e33d7,3895134,187,1.5583333333333331,15597372611,20343479700,20344357800,1781307112463-0
concurrency_n20_20260613_003117_redis_feed17_rep1,redis,sb:events:n20:feed17:rep1,376b42bf-1a33-4044-856a-f88a7340a55c,3895107,187,1.5583333333333331,15597372611,20344759800,20345816400,1781307112465-0
concurrency_n20_20260613_003117_redis_feed17_rep1,redis,sb:events:n20:feed17:rep1,48dfe5a6-7eb8-4602-bc7a-5ca891d73fe7,3895107,187,1.5583333333333331,15597372611,20346188900,20346965400,1781307112466-0
concurrency_n20_20260613_003117_redis_feed17_rep1,redis,sb:events:n20:feed17:rep1,7ee1d890-8ec6-421f-84d2-54a965ff02ed,3895060,188,1.5666666666666669,15597442055,20347193800,20348306100,1781307112467-0
concurrency_n20_20260613_003117_redis_feed17_rep1,redis,sb:events:n20:feed17:rep1,63153436-ac3b-42f1-bf7e-e1bd83372d4a,3895074,188,1.5666666666666669,15597442055,20348531500,20350866300,1781307112468-0
concurrency_n20_20260613_003117_redis_feed17_rep1,redis,sb:events:n20:feed17:rep1,71f1e5f4-8f73-4835-9190-c44322320aed,3895074,188,1.5666666666666669,15597442055,20352146400,20354688000,1781307112473-0
concurrency_n20_20260613_003117_redis_feed17_rep1,redis,sb:events:n20:feed17:rep1,0706ab72-4122-4fa9-a83a-04e7ab2e07f8,3895074,188,1.5666666666666669,15597442055,20355081300,20357490000,1781307112476-0
concurrency_n20_20260613_003117_redis_feed17_rep1,redis,sb:events:n20:feed17:rep1,a33ab931-78e6-48d1-8378-557e62fb8aa0,3895074,188,1.5666666666666669,15597442055,20359408100,20360745400,1781307112479-0
concurrency_n20_20260613_003117_redis_feed17_rep1,redis,sb:events:n20:feed17:rep1,b63fe24d-4d3f-4c6f-84a5-908663b7bbda,3895074,188,1.5666666666666669,15597442055,20361070400,20362735000,1781307112481-0
concurrency_n20_20260613_003117_redis_feed17_rep1,redis,sb:events:n20:feed17:rep1,bbf7befd-2733-4137-a06d-0d16f548f131,3895074,188,1.5666666666666669,15597442055,20363080800,20366054700,1781307112484-0
concurrency_n20_20260613_003117_redis_feed17_rep1,redis,sb:events:n20:feed17:rep1,52efe327-ee18-4162-81f2-0547bd07ae8d,3895074,188,1.5666666666666669,15597442055,20366305600,20367138200,1781307112486-0
concurrency_n20_20260613_003117_redis_feed17_rep1,redis,sb:events:n20:feed17:rep1,0a955c70-1a49-400d-a820-9802dd203db3,3895134,188,1.5666666666666669,15597442055,20367428200,20368801800,1781307112487-0
concurrency_n20_20260613_003117_redis_feed17_rep1,redis,sb:events:n20:feed17:rep1,fa29dcff-ef57-4c61-83ad-3a7aa8bde055,3895134,188,1.5666666666666669,15597442055,20369311100,20370438700,1781307112489-0
concurrency_n20_20260613_003117_redis_feed17_rep1,redis,sb:events:n20:feed17:rep1,580e89d7-b7d7-4fc1-a667-4ecf187c2534,3895052,188,1.5666666666666669,15597442055,20370684800,20405997100,1781307112524-0
concurrency_n20_20260613_003117_redis_feed17_rep1,redis,sb:events:n20:feed17:rep1,9153370f-3422-43d8-add3-8551c690e687,3895107,188,1.5666666666666669,15597442055,20406481300,20409689500,1781307112526-0
concurrency_n20_20260613_003117_redis_feed17_rep1,redis,sb:events:n20:feed17:rep1,02653ad5-13a2-4bbe-a624-f1b6eebde0b5,3895052,188,1.5666666666666669,15597442055,20409945400,20412531000,1781307112529-0
concurrency_n20_20260613_003117_redis_feed17_rep1,redis,sb:events:n20:feed17:rep1,ddce2c99-b9aa-4b00-a4e2-733e446ea69f,3895052,188,1.5666666666666669,15597442055,20413250900,20414145200,1781307112533-0
concurrency_n20_20260613_003117_redis_feed17_rep1,redis,sb:events:n20:feed17:rep1,420d9b6c-74f3-4e4d-87f9-ed8e63ed247a,3895060,189,1.575,15597511500,20414362700,20415620800,1781307112534-0
concurrency_n20_20260613_003117_redis_feed17_rep1,redis,sb:events:n20:feed17:rep1,0cfd5fbc-4767-4a50-91d8-8def2fd4ebc6,3895060,189,1.575,15597511500,20415840800,20417161800,1781307112536-0
concurrency_n20_20260613_003117_redis_feed17_rep1,redis,sb:events:n20:feed17:rep1,8e6de0e3-d843-41cd-a76f-99c0f554aa5c,3895074,189,1.575,15597511500,20417490300,20418360400,1781307112537-0
concurrency_n20_20260613_003117_redis_feed17_rep1,redis,sb:events:n20:feed17:rep1,0d226589-4fa8-4c69-b65a-3994c87f73f5,3895134,189,1.575,15597511500,20418805500,20419570400,1781307112538-0
concurrency_n20_20260613_003117_redis_feed17_rep1,redis,sb:events:n20:feed17:rep1,6fca92a8-e991-4654-9814-abeb7b776cfe,3895107,189,1.575,15597511500,20419879500,20426656900,1781307112540-0
concurrency_n20_20260613_003117_redis_feed17_rep1,redis,sb:events:n20:feed17:rep1,9e28ecd7-6d78-4a4f-870a-a816a8637dcf,3895107,189,1.575,15597511500,20427038800,20428047300,1781307112547-0
concurrency_n20_20260613_003117_redis_feed17_rep1,redis,sb:events:n20:feed17:rep1,1aec50d1-bd25-4ca4-955d-1fcf1851f7ae,3895232,189,189.0,17159386500,20428276100,20429151100,1781307112548-0
concurrency_n20_20260613_003117_redis_feed17_rep1,redis,sb:events:n20:feed17:rep1,e64c2984-9c76-4d33-b46a-1834767226eb,3895060,190,1.5833333333333333,15597580944,20429532500,20447528700,1781307112566-0
concurrency_n20_20260613_003117_redis_feed17_rep1,redis,sb:events:n20:feed17:rep1,ddf1d26b-7930-4093-ae79-70840b6fbd1f,3895060,190,1.5833333333333333,15597580944,20447860400,20461695800,1781307112580-0
concurrency_n20_20260613_003117_redis_feed17_rep1,redis,sb:events:n20:feed17:rep1,4a46f522-67d3-4549-b152-4c311ebaa333,3895074,190,1.5833333333333333,15597580944,20462078100,20465543400,1781307112583-0
concurrency_n20_20260613_003117_redis_feed17_rep1,redis,sb:events:n20:feed17:rep1,23a3e1e8-7679-4bf7-920e-8ad00c6c47c4,3895074,190,1.5833333333333333,15597580944,20465878400,20494851600,1781307112589-0
concurrency_n20_20260613_003117_redis_feed17_rep1,redis,sb:events:n20:feed17:rep1,dc2f4494-778f-4de7-91cb-4cb3dbb5af6a,3895121,190,1.5833333333333333,15597580944,20495136500,20497144200,1781307112615-0
concurrency_n20_20260613_003117_redis_feed17_rep1,redis,sb:events:n20:feed17:rep1,269cc203-cdca-428b-85c1-c223a4039acb,3895134,190,1.5833333333333333,15597580944,20497491100,20500440200,1781307112619-0
concurrency_n20_20260613_003117_redis_feed17_rep1,redis,sb:events:n20:feed17:rep1,9cfde221-cd4a-47a3-8127-5746d79a42fd,3895134,190,1.5833333333333333,15597580944,20500733500,20506966200,1781307112620-0
concurrency_n20_20260613_003117_redis_feed17_rep1,redis,sb:events:n20:feed17:rep1,2d4f5aa2-50a7-441f-9e21-8af732fbff55,3895052,190,1.5833333333333333,15597580944,20507799900,20508732300,1781307112627-0
concurrency_n20_20260613_003117_redis_feed17_rep1,redis,sb:events:n20:feed17:rep1,d23d9dca-6443-465b-990a-5f727f37fb4d,3895052,190,1.5833333333333333,15597580944,20509061900,20509793900,1781307112629-0
concurrency_n20_20260613_003117_redis_feed17_rep1,redis,sb:events:n20:feed17:rep1,da740118-c2d3-48d1-ba3d-e86632ea06db,3895052,190,1.5833333333333333,15597580944,20510302200,20519812600,1781307112630-0
concurrency_n20_20260613_003117_redis_feed17_rep1,redis,sb:events:n20:feed17:rep1,34d82d40-22e7-4f4d-b3d0-5f9a88860924,3895052,190,1.5833333333333333,15597580944,20520775000,20523113900,1781307112641-0
concurrency_n20_20260613_003117_redis_feed17_rep1,redis,sb:events:n20:feed17:rep1,7654dee9-f339-44ce-af78-1cc206483618,3895113,190,1.5833333333333333,15597580944,20523416400,20524800600,1781307112643-0
concurrency_n20_20260613_003117_redis_feed17_rep1,redis,sb:events:n20:feed17:rep1,9858028b-2c5d-436b-9248-db7fbbd7ef7f,3895232,190,190.0,17167719833,20531479100,20534198800,1781307112652-0
concurrency_n20_20260613_003117_redis_feed17_rep1,redis,sb:events:n20:feed17:rep1,40d16244-e88b-4b44-b523-2fe6c6ad4386,3895232,190,190.0,17167719833,20534813900,20537527900,1781307112655-0
concurrency_n20_20260613_003117_redis_feed17_rep1,redis,sb:events:n20:feed17:rep1,72011a66-972c-4b0d-a7ec-fa20306f0279,3895232,190,190.0,17167719833,20541930600,20543741400,1781307112662-0
concurrency_n20_20260613_003117_redis_feed17_rep1,redis,sb:events:n20:feed17:rep1,990a445d-8c65-4572-be85-36d6b83d8148,3895232,190,190.0,17167719833,20544140800,20545622000,1781307112664-0
concurrency_n20_20260613_003117_redis_feed17_rep1,redis,sb:events:n20:feed17:rep1,8c83658d-4aba-4eba-bb77-5c21d3558273,3895067,191,1.5916666666666666,15597650388,20546311000,20547762600,1781307112666-0
concurrency_n20_20260613_003117_redis_feed17_rep1,redis,sb:events:n20:feed17:rep1,d601a651-0860-4ee7-8858-cbed02a392c0,3895074,191,1.5916666666666666,15597650388,20548109100,20549046100,1781307112668-0
concurrency_n20_20260613_003117_redis_feed17_rep1,redis,sb:events:n20:feed17:rep1,d4ef0347-1d83-466c-ab0b-de30eacd70a4,3895121,191,1.5916666666666666,15597650388,20549259900,20567385800,1781307112685-0
concurrency_n20_20260613_003117_redis_feed17_rep1,redis,sb:events:n20:feed17:rep1,79e47339-3da8-4edc-83eb-c84c56515fe4,3895121,191,1.5916666666666666,15597650388,20567618900,20569201600,1781307112687-0
concurrency_n20_20260613_003117_redis_feed17_rep1,redis,sb:events:n20:feed17:rep1,99e0c535-eb27-4263-bf0d-fd14f94b5f6b,3895086,191,1.5916666666666666,15597650388,20569452900,20571485100,1781307112690-0
concurrency_n20_20260613_003117_redis_feed17_rep1,redis,sb:events:n20:feed17:rep1,bb4b1cf5-00eb-402d-9e5a-9fe9c614eecf,3895086,191,1.5916666666666666,15597650388,20571762000,20582887600,1781307112697-0
concurrency_n20_20260613_003117_redis_feed17_rep1,redis,sb:events:n20:feed17:rep1,1524c3ef-8a3e-4b17-9034-f3a92d574a83,3895086,191,1.5916666666666666,15597650388,20583221000,20585722300,1781307112704-0
concurrency_n20_20260613_003117_redis_feed17_rep1,redis,sb:events:n20:feed17:rep1,67b25810-34b8-4834-9553-fc990e5f8abb,3895086,191,1.5916666666666666,15597650388,20586096400,20587121000,1781307112706-0
concurrency_n20_20260613_003117_redis_feed17_rep1,redis,sb:events:n20:feed17:rep1,888d9d49-1498-40d0-9595-94bbe1717dc6,3895134,191,1.5916666666666666,15597650388,20587536500,20588737300,1781307112707-0
concurrency_n20_20260613_003117_redis_feed17_rep1,redis,sb:events:n20:feed17:rep1,f2d854d8-0c80-4f3a-b513-da2f9d2193c0,3895107,191,1.5916666666666666,15597650388,20589195500,20590216800,1781307112709-0
concurrency_n20_20260613_003117_redis_feed17_rep1,redis,sb:events:n20:feed17:rep1,c084ba35-530f-4dc0-a855-f9084b33bf98,3895107,191,1.5916666666666666,15597650388,20590537200,20591243500,1781307112710-0
concurrency_n20_20260613_003117_redis_feed17_rep1,redis,sb:events:n20:feed17:rep1,780261b4-a187-46bb-8369-6c70391fa578,3895052,191,1.5916666666666666,15597650388,20591465000,20592172900,1781307112711-0
concurrency_n20_20260613_003117_redis_feed17_rep1,redis,sb:events:n20:feed17:rep1,5583139b-aaef-4d91-bbb9-08100da01eed,3895052,191,1.5916666666666666,15597650388,20592362100,20598745600,1781307112712-0
concurrency_n20_20260613_003117_redis_feed17_rep1,redis,sb:events:n20:feed17:rep1,46b55a4a-51cc-4df8-b489-be0e872e65a9,3895232,191,191.0,17176053166,20603010900,20604465500,1781307112723-0
concurrency_n20_20260613_003117_redis_feed17_rep1,redis,sb:events:n20:feed17:rep1,c47f29c6-2fcc-4ca1-8bee-cd731ce18ec0,3895232,191,191.0,17176053166,20604848500,20605868000,1781307112725-0
concurrency_n20_20260613_003117_redis_feed17_rep1,redis,sb:events:n20:feed17:rep1,bcd7e29b-31b0-4852-b4d1-9d5e301c7a9f,3895060,192,1.6,15597719833,20607659200,20610671500,1781307112728-0
concurrency_n20_20260613_003117_redis_feed17_rep1,redis,sb:events:n20:feed17:rep1,5e1aee62-2ce5-4739-b678-50fee9c7927b,3895060,192,1.6,15597719833,20611022800,20612856400,1781307112731-0
concurrency_n20_20260613_003117_redis_feed17_rep1,redis,sb:events:n20:feed17:rep1,ce970621-1477-4475-9701-29338c5ee876,3895060,192,1.6,15597719833,20613099700,20615557200,1781307112733-0
concurrency_n20_20260613_003117_redis_feed17_rep1,redis,sb:events:n20:feed17:rep1,09d37e36-6ff0-4354-b5d0-9da7dcab8071,3895060,192,1.6,15597719833,20620118400,20621417700,1781307112740-0
concurrency_n20_20260613_003117_redis_feed17_rep1,redis,sb:events:n20:feed17:rep1,9ffa48a6-bcaf-4c18-b6c8-4fecebaed612,3895074,192,1.6,15597719833,20621799200,20622970800,1781307112742-0
concurrency_n20_20260613_003117_redis_feed17_rep1,redis,sb:events:n20:feed17:rep1,49c7793b-13b9-4275-8f95-aab1dccab578,3895074,192,1.6,15597719833,20627249100,20628244600,1781307112747-0
concurrency_n20_20260613_003117_redis_feed17_rep1,redis,sb:events:n20:feed17:rep1,5471af11-32d7-4b56-addf-d2628d1f76dd,3895074,192,1.6,15597719833,20628669600,20629548000,1781307112748-0
concurrency_n20_20260613_003117_redis_feed17_rep1,redis,sb:events:n20:feed17:rep1,a3b7a28a-d7bb-40e3-b559-86cf9ea21258,3895074,192,1.6,15597719833,20629839200,20633255300,1781307112750-0
concurrency_n20_20260613_003117_redis_feed17_rep1,redis,sb:events:n20:feed17:rep1,65d509ae-ee01-4c4c-a0b5-24b634446316,3895232,192,192.0,17184386500,20633619400,20634879400,1781307112753-0
concurrency_n20_20260613_003117_redis_feed17_rep1,redis,sb:events:n20:feed17:rep1,e71a5484-e83c-488f-89be-86a2fcdce900,3895232,192,192.0,17184386500,20635137100,20637421300,1781307112755-0
concurrency_n20_20260613_003117_redis_feed17_rep1,redis,sb:events:n20:feed17:rep1,e0b39720-c5db-4e32-92ac-653158aeaade,3895232,192,192.0,17184386500,20637671700,20639755800,1781307112758-0
concurrency_n20_20260613_003117_redis_feed17_rep1,redis,sb:events:n20:feed17:rep1,3b53555e-234c-4b62-b12a-98b564a86aef,3895232,192,192.0,17184386500,20640079600,20642707500,1781307112761-0
concurrency_n20_20260613_003117_redis_feed17_rep1,redis,sb:events:n20:feed17:rep1,51fb4729-5504-488f-b8ac-7d9ad058eed1,3895074,193,1.6083333333333334,15597789277,20643156900,20646660000,1781307112764-0
concurrency_n20_20260613_003117_redis_feed17_rep1,redis,sb:events:n20:feed17:rep1,6989a48a-3d41-4a91-836c-f43c0cf375cd,3895086,193,1.6083333333333334,15597789277,20647028200,20651206700,1781307112769-0
concurrency_n20_20260613_003117_redis_feed17_rep1,redis,sb:events:n20:feed17:rep1,d48fe2aa-5806-4d30-be6f-8f4bf216e21d,3895086,193,1.6083333333333334,15597789277,20652036600,20654048500,1781307112772-0
concurrency_n20_20260613_003117_redis_feed17_rep1,redis,sb:events:n20:feed17:rep1,85de58e9-2b57-44f2-bd15-43c8614785e7,3895052,193,1.6083333333333334,15597789277,20654539300,20657082700,1781307112774-0
concurrency_n20_20260613_003117_redis_feed17_rep1,redis,sb:events:n20:feed17:rep1,aadb06a8-0a17-4549-9719-2ceb370973e3,3895052,193,1.6083333333333334,15597789277,20657538600,20658709800,1781307112777-0
concurrency_n20_20260613_003117_redis_feed17_rep1,redis,sb:events:n20:feed17:rep1,2c342635-ffba-426b-890e-facdcce61767,3895232,193,193.0,17192719833,20658978700,20659901400,1781307112779-0
concurrency_n20_20260613_003117_redis_feed17_rep1,redis,sb:events:n20:feed17:rep1,bf995fff-e50f-4112-bb7c-3e0f0c6f7d1a,3895060,194,1.6166666666666667,15597858722,20660239200,20666040300,1781307112780-0
concurrency_n20_20260613_003117_redis_feed17_rep1,redis,sb:events:n20:feed17:rep1,fccb18a5-ca11-44d4-88f5-489bb1d9f0d9,3895060,194,1.6166666666666667,15597858722,20666838000,20673292900,1781307112792-0
concurrency_n20_20260613_003117_redis_feed17_rep1,redis,sb:events:n20:feed17:rep1,d4d9296e-0ddd-499c-b857-b6d7d6b86b59,3895060,194,1.6166666666666667,15597858722,20673616600,20679561100,1781307112793-0
concurrency_n20_20260613_003117_redis_feed17_rep1,redis,sb:events:n20:feed17:rep1,34375f53-3e60-42ff-911f-c1ac08b123a0,3895060,194,1.6166666666666667,15597858722,20679838600,20681684400,1781307112800-0
concurrency_n20_20260613_003117_redis_feed17_rep1,redis,sb:events:n20:feed17:rep1,4cdf55ed-0511-4c71-a946-2d976f831af4,3895074,194,1.6166666666666667,15597858722,20681972700,20683049900,1781307112802-0
concurrency_n20_20260613_003117_redis_feed17_rep1,redis,sb:events:n20:feed17:rep1,f3ca3ab8-c52c-433b-89ca-df862dacd4a9,3895074,194,1.6166666666666667,15597858722,20683431200,20684754100,1781307112803-0
concurrency_n20_20260613_003117_redis_feed17_rep1,redis,sb:events:n20:feed17:rep1,c8996301-8ac1-4228-9119-e8f2770ba2a7,3895086,194,1.6166666666666667,15597858722,20685000700,20685716800,1781307112804-0
concurrency_n20_20260613_003117_redis_feed17_rep1,redis,sb:events:n20:feed17:rep1,6c046b96-5365-47af-8c54-5b65043428ba,3895134,194,1.6166666666666667,15597858722,20685962100,20686882400,1781307112806-0
concurrency_n20_20260613_003117_redis_feed17_rep1,redis,sb:events:n20:feed17:rep1,e1bb5abd-6fb8-450f-a34c-87cda38464f4,3895134,194,1.6166666666666667,15597858722,20687086500,20688193100,1781307112807-0
concurrency_n20_20260613_003117_redis_feed17_rep1,redis,sb:events:n20:feed17:rep1,4eb4d402-5669-4cdb-81db-1271d5448f1b,3895121,195,1.625,15597928166,20688396300,20691448600,1781307112808-0
concurrency_n20_20260613_003117_redis_feed17_rep1,redis,sb:events:n20:feed17:rep1,68363c21-b66c-4d7e-929f-08e887bd47f7,3895086,195,1.625,15597928166,20691832800,20692901100,1781307112812-0
concurrency_n20_20260613_003117_redis_feed17_rep1,redis,sb:events:n20:feed17:rep1,256471d2-953b-47a0-a298-8249ef937d29,3895107,195,1.625,15597928166,20693125000,20694098200,1781307112813-0
concurrency_n20_20260613_003117_redis_feed17_rep1,redis,sb:events:n20:feed17:rep1,52c222f2-f353-4607-a328-9be49e3d9965,3895134,195,1.625,15597928166,20694406300,20695458800,1781307112814-0
concurrency_n20_20260613_003117_redis_feed17_rep1,redis,sb:events:n20:feed17:rep1,e50641a4-5a4d-4f8f-a211-f51cc720fc0f,3895060,196,1.6333333333333333,15597997611,20695717600,20696791400,1781307112815-0
concurrency_n20_20260613_003117_redis_feed17_rep1,redis,sb:events:n20:feed17:rep1,38928839-e8dd-4582-92f7-2522f531fe61,3895121,196,1.6333333333333333,15597997611,20697025200,20697869300,1781307112816-0
concurrency_n20_20260613_003117_redis_feed17_rep1,redis,sb:events:n20:feed17:rep1,a00e2921-98ee-4756-a5b2-79066976df67,3895121,196,1.6333333333333333,15597997611,20698100000,20698987400,1781307112818-0
concurrency_n20_20260613_003117_redis_feed17_rep1,redis,sb:events:n20:feed17:rep1,d42811d8-2083-42e6-87e5-64cedfcec80d,3895074,196,1.6333333333333333,15597997611,20699453900,20700277100,1781307112819-0
concurrency_n20_20260613_003117_redis_feed17_rep1,redis,sb:events:n20:feed17:rep1,49492208-3361-4ecd-af09-afade83b8dec,3895086,196,1.6333333333333333,15597997611,20700458900,20701417500,1781307112820-0
concurrency_n20_20260613_003117_redis_feed17_rep1,redis,sb:events:n20:feed17:rep1,971ee027-fe01-459a-9207-08bd6c8f8d67,3895086,196,1.6333333333333333,15597997611,20701624800,20703455800,1781307112821-0
concurrency_n20_20260613_003117_redis_feed17_rep1,redis,sb:events:n20:feed17:rep1,446af2b6-1103-4b51-8dd1-03eda19f2798,3895086,196,1.6333333333333333,15597997611,20705191500,20707103600,1781307112825-0
concurrency_n20_20260613_003117_redis_feed17_rep1,redis,sb:events:n20:feed17:rep1,a5b88451-ad44-4809-a52a-f2cce2822d77,3895052,196,1.6333333333333333,15597997611,20707676300,20708828000,1781307112827-0
concurrency_n20_20260613_003117_redis_feed17_rep1,redis,sb:events:n20:feed17:rep1,172e96be-11a1-4478-95ec-4f9abf5f4c61,3895060,197,1.6416666666666666,15598067055,20709146700,20710377400,1781307112829-0
concurrency_n20_20260613_003117_redis_feed17_rep1,redis,sb:events:n20:feed17:rep1,b01466de-7c33-4b21-a1db-536a15898d01,3895121,197,1.6416666666666666,15598067055,20710721700,20712328600,1781307112831-0
concurrency_n20_20260613_003117_redis_feed17_rep1,redis,sb:events:n20:feed17:rep1,af0da08d-c153-492c-91c2-988ff74e077b,3895121,197,1.6416666666666666,15598067055,20712538400,20713532300,1781307112832-0
concurrency_n20_20260613_003117_redis_feed17_rep1,redis,sb:events:n20:feed17:rep1,f3700bf4-0863-4684-a153-3c50060f39d0,3895121,197,1.6416666666666666,15598067055,20713756400,20714889000,1781307112834-0
concurrency_n20_20260613_003117_redis_feed17_rep1,redis,sb:events:n20:feed17:rep1,4826bc28-41b5-447a-a457-f0c3657a219f,3895074,197,1.6416666666666666,15598067055,20715124300,20716432400,1781307112835-0
concurrency_n20_20260613_003117_redis_feed17_rep1,redis,sb:events:n20:feed17:rep1,1b097b83-1c3a-46c9-9a82-dfc9f5fbed5b,3895074,197,1.6416666666666666,15598067055,20720282400,20721533500,1781307112840-0
concurrency_n20_20260613_003117_redis_feed17_rep1,redis,sb:events:n20:feed17:rep1,72dc6540-3467-4dc2-94a8-99f15d0c178b,3895086,197,1.6416666666666666,15598067055,20721775700,20722690600,1781307112841-0
concurrency_n20_20260613_003117_redis_feed17_rep1,redis,sb:events:n20:feed17:rep1,a2683d74-48e8-46ab-b383-89bf9410c32f,3895086,197,1.6416666666666666,15598067055,20722889800,20723734900,1781307112842-0
concurrency_n20_20260613_003117_redis_feed17_rep1,redis,sb:events:n20:feed17:rep1,96e66b7e-9560-4618-b22d-38dcf3ccd1e0,3895086,197,1.6416666666666666,15598067055,20724786400,20728170000,1781307112846-0
concurrency_n20_20260613_003117_redis_feed17_rep1,redis,sb:events:n20:feed17:rep1,0bd96b1d-bdc8-40ef-917c-b2dfbb9d19c9,3895086,197,1.6416666666666666,15598067055,20728679000,20731365600,1781307112850-0
concurrency_n20_20260613_003117_redis_feed17_rep1,redis,sb:events:n20:feed17:rep1,17bd02c0-9fbf-456d-8dad-1cc75beac511,3895134,197,1.6416666666666666,15598067055,20731702400,20750627500,1781307112869-0
concurrency_n20_20260613_003117_redis_feed17_rep1,redis,sb:events:n20:feed17:rep1,1a6ddb98-6cc1-4354-a590-7b65654b9892,3895134,197,1.6416666666666666,15598067055,20751003900,20755100000,1781307112873-0
concurrency_n20_20260613_003117_redis_feed17_rep1,redis,sb:events:n20:feed17:rep1,8d22c242-bb5f-40d5-ab0c-bcee0e7859cf,3895134,197,1.6416666666666666,15598067055,20755469500,20768253400,1781307112884-0
concurrency_n20_20260613_003117_redis_feed17_rep1,redis,sb:events:n20:feed17:rep1,792dbee9-5755-449b-9dd8-fdfab7f99ccd,3895052,197,1.6416666666666666,15598067055,20768530400,20772523500,1781307112891-0
concurrency_n20_20260613_003117_redis_feed17_rep1,redis,sb:events:n20:feed17:rep1,16625b7e-c911-4dbb-bd7b-b772e039684e,3895052,197,1.6416666666666666,15598067055,20772792600,20773662300,1781307112892-0
concurrency_n20_20260613_003117_redis_feed17_rep1,redis,sb:events:n20:feed17:rep1,96a7e922-31fd-4041-ab6b-5d8d9eda6545,3895121,198,1.65,15598136500,20774017300,20774913200,1781307112894-0
concurrency_n20_20260613_003117_redis_feed17_rep1,redis,sb:events:n20:feed17:rep1,9abb84e4-f563-49c8-bbe5-00ede9f39eea,3895074,198,1.65,15598136500,20778191100,20779192800,1781307112898-0
concurrency_n20_20260613_003117_redis_feed17_rep1,redis,sb:events:n20:feed17:rep1,c7126d77-ac10-4829-ab34-042f805ccd56,3895107,198,1.65,15598136500,20779495400,20780230700,1781307112899-0
concurrency_n20_20260613_003117_redis_feed17_rep1,redis,sb:events:n20:feed17:rep1,2e180f15-448d-4991-b8ce-ed0fdce47a1d,3895107,198,1.65,15598136500,20780648600,20781902600,1781307112900-0
concurrency_n20_20260613_003117_redis_feed17_rep1,redis,sb:events:n20:feed17:rep1,bbd5b60b-0ff4-4622-b031-65089b77991b,3895134,198,1.65,15598136500,20784605300,20786114300,1781307112904-0
concurrency_n20_20260613_003117_redis_feed17_rep1,redis,sb:events:n20:feed17:rep1,d6028f98-7860-4ce1-9f61-c875e72ca303,3895134,198,1.65,15598136500,20786574200,20787753000,1781307112906-0
concurrency_n20_20260613_003117_redis_feed17_rep1,redis,sb:events:n20:feed17:rep1,5cd65a29-d258-4f09-bd90-7c6c953a3d99,3895060,199,1.6583333333333334,15598205944,20789611900,20791017600,1781307112910-0
concurrency_n20_20260613_003117_redis_feed17_rep1,redis,sb:events:n20:feed17:rep1,3fdf134f-f466-42ce-8bf3-2f525310bce2,3895060,199,1.6583333333333334,15598205944,20791256800,20792653500,1781307112911-0
concurrency_n20_20260613_003117_redis_feed17_rep1,redis,sb:events:n20:feed17:rep1,0a83c4de-06fa-4a56-a2b3-82575cffd17b,3895121,199,1.6583333333333334,15598205944,20792872300,20794389100,1781307112913-0
concurrency_n20_20260613_003117_redis_feed17_rep1,redis,sb:events:n20:feed17:rep1,76a5e150-9453-45e0-bd0b-02d9529f074b,3895121,199,1.6583333333333334,15598205944,20795226300,20798475800,1781307112916-0
concurrency_n20_20260613_003117_redis_feed17_rep1,redis,sb:events:n20:feed17:rep1,7a16efb7-ba64-439a-b8d1-4b33341fe52b,3895121,199,1.6583333333333334,15598205944,20798813100,20801098400,1781307112919-0
concurrency_n20_20260613_003117_redis_feed17_rep1,redis,sb:events:n20:feed17:rep1,f588ffb8-c6ab-401c-afde-4b0c1a4ad974,3895074,199,1.6583333333333334,15598205944,20801396200,20804792400,1781307112922-0
concurrency_n20_20260613_003117_redis_feed17_rep1,redis,sb:events:n20:feed17:rep1,f5b1ab45-5ef6-4a25-b908-531c40ecfb17,3895074,199,1.6583333333333334,15598205944,20805073300,20828606100,1781307112947-0
concurrency_n20_20260613_003117_redis_feed17_rep1,redis,sb:events:n20:feed17:rep1,77971109-d4df-44fc-8c58-778b5f7e405e,3895074,199,1.6583333333333334,15598205944,20829716200,20831147100,1781307112950-0
concurrency_n20_20260613_003117_redis_feed17_rep1,redis,sb:events:n20:feed17:rep1,e53e034d-e4e3-4396-af9c-3789aed49e4c,3895086,199,1.6583333333333334,15598205944,20831503100,20833388500,1781307112952-0
concurrency_n20_20260613_003117_redis_feed17_rep1,redis,sb:events:n20:feed17:rep1,a648a836-f23e-407e-908c-2d74c08c5d8b,3895086,199,1.6583333333333334,15598205944,20833659500,20834986200,1781307112953-0
concurrency_n20_20260613_003117_redis_feed17_rep1,redis,sb:events:n20:feed17:rep1,e6548093-2ec3-4b32-ad9e-c13164f9eb7e,3895086,199,1.6583333333333334,15598205944,20835290700,20837394200,1781307112956-0
concurrency_n20_20260613_003117_redis_feed17_rep1,redis,sb:events:n20:feed17:rep1,c9fbb482-a1bd-4a60-99d8-4dc04495c41a,3895086,199,1.6583333333333334,15598205944,20837643500,20839790000,1781307112957-0
concurrency_n20_20260613_003117_redis_feed17_rep1,redis,sb:events:n20:feed17:rep1,44adc433-a604-4dfa-ac83-95eaa45264d3,3895086,199,1.6583333333333334,15598205944,20840123700,20841624800,1781307112960-0
concurrency_n20_20260613_003117_redis_feed17_rep1,redis,sb:events:n20:feed17:rep1,ccfcc2a4-b123-4e6f-bb1e-4204f93b1b24,3895060,200,1.6666666666666667,15598275388,20841836900,20843622200,1781307112962-0
concurrency_n20_20260613_003117_redis_feed17_rep1,redis,sb:events:n20:feed17:rep1,23f4c933-a179-42cf-980f-74eff232c2f1,3895060,200,1.6666666666666667,15598275388,20844017800,20845768900,1781307112964-0
concurrency_n20_20260613_003117_redis_feed17_rep1,redis,sb:events:n20:feed17:rep1,daf13775-c709-498f-a1b5-f6b9e146db6b,3895060,200,1.6666666666666667,15598275388,20847370500,20850297100,1781307112969-0
concurrency_n20_20260613_003117_redis_feed17_rep1,redis,sb:events:n20:feed17:rep1,7da92d0e-971c-43dd-a7f3-2511b29bd57f,3895121,200,1.6666666666666667,15598275388,20850691600,20851747400,1781307112970-0
concurrency_n20_20260613_003117_redis_feed17_rep1,redis,sb:events:n20:feed17:rep1,3adbde33-f5f6-4f4b-8ab0-7aa75bb49341,3895107,200,1.6666666666666667,15598275388,20852102100,20853619400,1781307112972-0
concurrency_n20_20260613_003117_redis_feed17_rep1,redis,sb:events:n20:feed17:rep1,bad0945f-7f75-4d9a-9ecc-997bda22be9c,3895086,200,1.6666666666666667,15598275388,20854006800,20873786700,1781307112991-0
concurrency_n20_20260613_003117_redis_feed17_rep1,redis,sb:events:n20:feed17:rep1,f2328187-8156-42f2-97a7-2ee0ffb6a3b9,3895107,200,1.6666666666666667,15598275388,20874322000,20880468900,1781307112999-0
concurrency_n20_20260613_003117_redis_feed17_rep1,redis,sb:events:n20:feed17:rep1,06e900b7-542e-477d-8696-c42d71038ca4,3895107,200,1.6666666666666667,15598275388,20880858400,20882059300,1781307113001-0
concurrency_n20_20260613_003117_redis_feed17_rep1,redis,sb:events:n20:feed17:rep1,2fd34664-260c-48de-9436-1a04d57e369d,3895134,200,1.6666666666666667,15598275388,20882448500,20883534100,1781307113002-0
concurrency_n20_20260613_003117_redis_feed17_rep1,redis,sb:events:n20:feed17:rep1,a063c968-204d-444d-ba8e-b8defaed5422,3895052,200,1.6666666666666667,15598275388,20883996700,20885519200,1781307113004-0
concurrency_n20_20260613_003117_redis_feed17_rep1,redis,sb:events:n20:feed17:rep1,1e6bcd21-4a17-4a02-8027-ef9f77b3cd2d,3895121,201,1.675,15598344833,20885869400,20886834700,1781307113005-0
concurrency_n20_20260613_003117_redis_feed17_rep1,redis,sb:events:n20:feed17:rep1,62ea6343-6d67-40a5-bc8a-5a677b785307,3895074,201,1.675,15598344833,20887051800,20888625600,1781307113007-0
concurrency_n20_20260613_003117_redis_feed17_rep1,redis,sb:events:n20:feed17:rep1,ee5e48bc-8faf-4832-b825-5991970ce338,3895074,201,1.675,15598344833,20888911000,20892218700,1781307113010-0
concurrency_n20_20260613_003117_redis_feed17_rep1,redis,sb:events:n20:feed17:rep1,a91e8210-91ec-44f0-98f4-9e05c3a0fe3d,3895074,201,1.675,15598344833,20892527600,20893749200,1781307113012-0
concurrency_n20_20260613_003117_redis_feed17_rep1,redis,sb:events:n20:feed17:rep1,0239eda8-4ff5-4d7a-bcda-1cf186225f81,3895074,201,1.675,15598344833,20894037000,20897158600,1781307113014-0
concurrency_n20_20260613_003117_redis_feed17_rep1,redis,sb:events:n20:feed17:rep1,0995d99a-e32a-425d-8268-3a85ae939a7a,3895086,201,1.675,15598344833,20897502500,20898558700,1781307113017-0
concurrency_n20_20260613_003117_redis_feed17_rep1,redis,sb:events:n20:feed17:rep1,f4da8ee3-57ce-431e-adab-2750f84a0ac2,3895086,201,1.675,15598344833,20898844100,20900405900,1781307113018-0
concurrency_n20_20260613_003117_redis_feed17_rep1,redis,sb:events:n20:feed17:rep1,e9e37024-1acc-4745-9fec-1a15723ba7a9,3895107,201,1.675,15598344833,20900673800,20906233500,1781307113020-0
concurrency_n20_20260613_003117_redis_feed17_rep1,redis,sb:events:n20:feed17:rep1,239ffa71-f8ac-430e-8b57-e1a2b538fdca,3895086,201,1.675,15598344833,20906509700,20917262300,1781307113035-0
concurrency_n20_20260613_003117_redis_feed17_rep1,redis,sb:events:n20:feed17:rep1,6737edef-f7b9-4344-a16c-41753531e22c,3895086,201,1.675,15598344833,20917676000,20920256600,1781307113038-0
concurrency_n20_20260613_003117_redis_feed17_rep1,redis,sb:events:n20:feed17:rep1,ba29c511-5821-4bd5-9891-5b1eeabd18d0,3895052,201,1.675,15598344833,20922760600,20925038600,1781307113043-0
concurrency_n20_20260613_003117_redis_feed17_rep1,redis,sb:events:n20:feed17:rep1,f06ec916-de24-4b51-9778-0f0264c35cca,3895052,201,1.675,15598344833,20925437800,20926584100,1781307113045-0
concurrency_n20_20260613_003117_redis_feed17_rep1,redis,sb:events:n20:feed17:rep1,fa6fea07-6678-424c-ad05-f279a528bd28,3895060,202,1.6833333333333331,15598414277,20926899700,20931259900,1781307113047-0
concurrency_n20_20260613_003117_redis_feed17_rep1,redis,sb:events:n20:feed17:rep1,ed6a802e-8bd2-43f0-bd58-f3bb52d354f7,3895060,202,1.6833333333333331,15598414277,20936882200,20939040000,1781307113057-0
concurrency_n20_20260613_003117_redis_feed17_rep1,redis,sb:events:n20:feed17:rep1,30056cad-6fc9-480e-9270-daebd609d4a8,3895060,202,1.6833333333333331,15598414277,20939457200,20940359300,1781307113059-0
concurrency_n20_20260613_003117_redis_feed17_rep1,redis,sb:events:n20:feed17:rep1,9ffe785f-f42b-456b-aef5-a1bc558439dc,3895121,202,1.6833333333333331,15598414277,20940605600,20941530300,1781307113060-0
concurrency_n20_20260613_003117_redis_feed17_rep1,redis,sb:events:n20:feed17:rep1,922394ef-ca71-4347-b37a-b990f0c16a4d,3895121,202,1.6833333333333331,15598414277,20941764000,20942866000,1781307113061-0
concurrency_n20_20260613_003117_redis_feed17_rep1,redis,sb:events:n20:feed17:rep1,130afcba-4b16-4de4-a0d4-ec8ebb6487c6,3895107,202,1.6833333333333331,15598414277,20943108700,20944117500,1781307113063-0
concurrency_n20_20260613_003117_redis_feed17_rep1,redis,sb:events:n20:feed17:rep1,5b85a3a5-887a-40b3-85b4-bea0b41e5148,3895134,202,1.6833333333333331,15598414277,20944449700,20946219200,1781307113064-0
concurrency_n20_20260613_003117_redis_feed17_rep1,redis,sb:events:n20:feed17:rep1,20998e8c-81f3-41ca-b066-dfe4b384009c,3895107,202,1.6833333333333331,15598414277,20946613700,20948719400,1781307113067-0
concurrency_n20_20260613_003117_redis_feed17_rep1,redis,sb:events:n20:feed17:rep1,8b72d96d-ed9a-4019-a678-f7fa7ec57707,3895134,202,1.6833333333333331,15598414277,20948970800,20952413900,1781307113069-0
concurrency_n20_20260613_003117_redis_feed17_rep1,redis,sb:events:n20:feed17:rep1,5a280f38-320a-4d59-ba8a-cb4ed45fc8ec,3895067,203,1.6916666666666669,15598483722,20952816800,20954011200,1781307113073-0
concurrency_n20_20260613_003117_redis_feed17_rep1,redis,sb:events:n20:feed17:rep1,8414b06d-1085-489c-9e8a-bb5990ee652e,3895060,203,1.6916666666666669,15598483722,20954244000,20955137400,1781307113074-0
concurrency_n20_20260613_003117_redis_feed17_rep1,redis,sb:events:n20:feed17:rep1,cc2d56f3-55b0-498b-89c6-488bb332eb26,3895107,203,1.6916666666666669,15598483722,20955375100,20959099600,1781307113075-0
concurrency_n20_20260613_003117_redis_feed17_rep1,redis,sb:events:n20:feed17:rep1,c0d373dd-6241-4116-b046-4a379fa4065b,3895134,203,1.6916666666666669,15598483722,20965693000,20966854000,1781307113085-0
concurrency_n20_20260613_003117_redis_feed17_rep1,redis,sb:events:n20:feed17:rep1,8e2f0d5f-76bc-4074-9c9c-6db01ed09340,3895067,204,1.7,15598553166,20967063800,20968124400,1781307113087-0
concurrency_n20_20260613_003117_redis_feed17_rep1,redis,sb:events:n20:feed17:rep1,d97f0ae0-eb7e-4fcd-9920-59ce25e17182,3895067,204,1.7,15598553166,20968404200,20973923000,1781307113092-0
concurrency_n20_20260613_003117_redis_feed17_rep1,redis,sb:events:n20:feed17:rep1,704a7634-3317-4d13-946a-2c30d8b4e2db,3895067,204,1.7,15598553166,20974350200,20975705700,1781307113094-0
concurrency_n20_20260613_003117_redis_feed17_rep1,redis,sb:events:n20:feed17:rep1,38a4ff68-015b-423e-a8f5-6ff82897e961,3895060,204,1.7,15598553166,20976389300,20977358000,1781307113096-0
concurrency_n20_20260613_003117_redis_feed17_rep1,redis,sb:events:n20:feed17:rep1,104a2a5f-f42f-45e3-a0be-0b607ce6ef8d,3895060,204,1.7,15598553166,20979502000,20980481100,1781307113099-0
concurrency_n20_20260613_003117_redis_feed17_rep1,redis,sb:events:n20:feed17:rep1,0a87405c-ee48-434a-9258-ff48a830c91b,3895060,204,1.7,15598553166,20980693100,20981733300,1781307113100-0
concurrency_n20_20260613_003117_redis_feed17_rep1,redis,sb:events:n20:feed17:rep1,795c31a8-defb-40c2-b50c-8c64e3ace87a,3895121,204,1.7,15598553166,20982082400,20983529600,1781307113102-0
concurrency_n20_20260613_003117_redis_feed17_rep1,redis,sb:events:n20:feed17:rep1,7b2b97e5-514f-4ee7-852f-e97c2bf0ab46,3895121,204,1.7,15598553166,20983845800,20985104900,1781307113103-0
concurrency_n20_20260613_003117_redis_feed17_rep1,redis,sb:events:n20:feed17:rep1,fddd59c2-b0a0-4602-8c9f-b01f08a4df91,3895121,204,1.7,15598553166,20985438500,20986474000,1781307113105-0
concurrency_n20_20260613_003117_redis_feed17_rep1,redis,sb:events:n20:feed17:rep1,faa7b2e9-52ce-4f10-9f35-89d48cfcdbff,3895107,204,1.7,15598553166,20986711900,20988303400,1781307113107-0
concurrency_n20_20260613_003117_redis_feed17_rep1,redis,sb:events:n20:feed17:rep1,18b078eb-e5e4-4ac5-9a56-e5ae180c4cde,3895107,204,1.7,15598553166,20989842800,21020883300,1781307113139-0
concurrency_n20_20260613_003117_redis_feed17_rep1,redis,sb:events:n20:feed17:rep1,e4a00a28-311e-44fc-b9e7-a030e7f36a37,3895074,205,1.7083333333333333,15598622611,21021136400,21025761300,1781307113143-0
concurrency_n20_20260613_003117_redis_feed17_rep1,redis,sb:events:n20:feed17:rep1,f586872d-11e2-4192-8560-ca5b871d9a0d,3895086,205,1.7083333333333333,15598622611,21026104100,21029042300,1781307113147-0
concurrency_n20_20260613_003117_redis_feed17_rep1,redis,sb:events:n20:feed17:rep1,6c17d90b-75bc-4b72-8b30-16eb020400c5,3895086,205,1.7083333333333333,15598622611,21029331300,21038907700,1781307113152-0
concurrency_n20_20260613_003117_redis_feed17_rep1,redis,sb:events:n20:feed17:rep1,cf6f5f44-46a4-43e7-89f0-3e0871418c79,3895134,205,1.7083333333333333,15598622611,21039198000,21060672000,1781307113178-0
concurrency_n20_20260613_003117_redis_feed17_rep1,redis,sb:events:n20:feed17:rep1,854c2dd7-f927-4e0c-97db-cf2836aef39b,3895086,205,1.7083333333333333,15598622611,21060963700,21062100800,1781307113181-0
concurrency_n20_20260613_003117_redis_feed17_rep1,redis,sb:events:n20:feed17:rep1,b2990b07-2c4a-499c-ad6b-d3f86fcbf923,3895134,205,1.7083333333333333,15598622611,21063153300,21092467400,1781307113210-0
concurrency_n20_20260613_003117_redis_feed17_rep1,redis,sb:events:n20:feed17:rep1,469750b6-7b77-448a-a6eb-0c08c4120fb2,3895107,205,1.7083333333333333,15598622611,21092867100,21110250700,1781307113228-0
concurrency_n20_20260613_003117_redis_feed17_rep1,redis,sb:events:n20:feed17:rep1,fca572a5-4cbf-4682-b722-f491b76bbe7a,3895067,206,1.7166666666666666,15598692055,21110563100,21112135400,1781307113231-0
concurrency_n20_20260613_003117_redis_feed17_rep1,redis,sb:events:n20:feed17:rep1,730f71ea-4842-43ed-93d4-c4e8bd167f84,3895107,206,1.7166666666666666,15598692055,21112389400,21118100400,1781307113233-0
concurrency_n20_20260613_003117_redis_feed17_rep1,redis,sb:events:n20:feed17:rep1,fdfdbc2b-100b-4a25-8e40-f841713eaa5c,3895107,206,1.7166666666666666,15598692055,21118548600,21122724300,1781307113240-0
concurrency_n20_20260613_003117_redis_feed17_rep1,redis,sb:events:n20:feed17:rep1,d032e8c5-0027-4255-9ebc-8a92fe3b1428,3895107,206,1.7166666666666666,15598692055,21123020500,21124402500,1781307113243-0
concurrency_n20_20260613_003117_redis_feed17_rep1,redis,sb:events:n20:feed17:rep1,006c33a6-6491-4858-96d7-48ef5b8c5f9a,3895107,206,1.7166666666666666,15598692055,21124732600,21125642100,1781307113244-0
concurrency_n20_20260613_003117_redis_feed17_rep1,redis,sb:events:n20:feed17:rep1,5a93556c-aeea-4cf1-a648-348fcba497cc,3895074,207,1.725,15598761500,21125828000,21127062300,1781307113245-0
concurrency_n20_20260613_003117_redis_feed17_rep1,redis,sb:events:n20:feed17:rep1,3507a2bb-88cf-4224-a566-3ccd25feb313,3895074,207,1.725,15598761500,21127321400,21128242900,1781307113247-0
concurrency_n20_20260613_003117_redis_feed17_rep1,redis,sb:events:n20:feed17:rep1,f8bcfd72-54ce-48f9-b066-488fb1cff269,3895113,207,1.725,15598761500,21128439400,21129743100,1781307113248-0
concurrency_n20_20260613_003117_redis_feed17_rep1,redis,sb:events:n20:feed17:rep1,0bb9b15a-2163-4b58-a1aa-b32213d88edf,3895113,207,1.725,15598761500,21130085400,21131465800,1781307113250-0
concurrency_n20_20260613_003117_redis_feed17_rep1,redis,sb:events:n20:feed17:rep1,6a46486a-caf4-4944-9898-6c401f82df2a,3895107,207,1.725,15598761500,21131857000,21133047800,1781307113252-0
concurrency_n20_20260613_003117_redis_feed17_rep1,redis,sb:events:n20:feed17:rep1,a869407d-c350-49ee-a923-7fc80a69164b,3895107,207,1.725,15598761500,21133323700,21134432000,1781307113253-0
concurrency_n20_20260613_003117_redis_feed17_rep1,redis,sb:events:n20:feed17:rep1,f5cb25b6-6bac-4cf2-a23e-bf00aa9fe0a2,3895060,208,1.7333333333333334,15598830944,21134748600,21135542600,1781307113254-0
concurrency_n20_20260613_003117_redis_feed17_rep1,redis,sb:events:n20:feed17:rep1,555457d4-fdf7-4d31-ba9f-163ef1fa44cf,3895060,208,1.7333333333333334,15598830944,21135864000,21136751400,1781307113255-0
concurrency_n20_20260613_003117_redis_feed17_rep1,redis,sb:events:n20:feed17:rep1,606cbe57-a568-4e08-aa74-b89bd94f0b0d,3895074,208,1.7333333333333334,15598830944,21137026500,21140256800,1781307113257-0
concurrency_n20_20260613_003117_redis_feed17_rep1,redis,sb:events:n20:feed17:rep1,19fc26e3-e2cd-4b33-8685-6855e3cba0d0,3895113,208,1.7333333333333334,15598830944,21140524200,21141522600,1781307113260-0
concurrency_n20_20260613_003117_redis_feed17_rep1,redis,sb:events:n20:feed17:rep1,26c4a926-4865-4d01-8e8b-bac1887ad37c,3895113,208,1.7333333333333334,15598830944,21141747100,21142998400,1781307113261-0
concurrency_n20_20260613_003117_redis_feed17_rep1,redis,sb:events:n20:feed17:rep1,04599be4-bb7c-4eaf-a3ff-bf64dd1387e3,3895113,208,1.7333333333333334,15598830944,21143358100,21150187200,1781307113263-0
concurrency_n20_20260613_003117_redis_feed17_rep1,redis,sb:events:n20:feed17:rep1,9719df55-b7b8-4c59-8bff-7836593b60db,3895052,208,1.7333333333333334,15598830944,21150553600,21151523000,1781307113270-0
concurrency_n20_20260613_003117_redis_feed17_rep1,redis,sb:events:n20:feed17:rep1,b7290de5-2a10-4d8a-a1a8-0e2b15375389,3895086,208,1.7333333333333334,15598830944,21151789200,21152961100,1781307113272-0
concurrency_n20_20260613_003117_redis_feed17_rep1,redis,sb:events:n20:feed17:rep1,4258a04b-4181-4823-b873-53c15c996900,3895086,208,1.7333333333333334,15598830944,21153183700,21158604500,1781307113277-0
concurrency_n20_20260613_003117_redis_feed17_rep1,redis,sb:events:n20:feed17:rep1,4d1d6542-05df-4c99-9ee1-4fc448d04be3,3895086,208,1.7333333333333334,15598830944,21158909800,21159841000,1781307113278-0
concurrency_n20_20260613_003117_redis_feed17_rep1,redis,sb:events:n20:feed17:rep1,d64c9e2b-97e5-44a9-8b6c-f04d5a513555,3895074,209,1.7416666666666667,15598900388,21160126600,21160927900,1781307113280-0
concurrency_n20_20260613_003117_redis_feed17_rep1,redis,sb:events:n20:feed17:rep1,93fa55a4-e47d-46f3-ad8a-56d96f4f49e9,3895074,209,1.7416666666666667,15598900388,21161160300,21167016100,1781307113285-0
concurrency_n20_20260613_003117_redis_feed17_rep1,redis,sb:events:n20:feed17:rep1,4be842db-8609-483d-b4f7-44b716327f31,3895074,209,1.7416666666666667,15598900388,21167287600,21168785000,1781307113287-0
concurrency_n20_20260613_003117_redis_feed17_rep1,redis,sb:events:n20:feed17:rep1,13720ec3-e32a-441f-b0df-ff023e7b6d7a,3895113,209,1.7416666666666667,15598900388,21169040400,21169940300,1781307113288-0
concurrency_n20_20260613_003117_redis_feed17_rep1,redis,sb:events:n20:feed17:rep1,19a92bc2-a7fb-4ca4-989f-c23629388f2f,3895113,209,1.7416666666666667,15598900388,21170175700,21171819000,1781307113290-0
concurrency_n20_20260613_003117_redis_feed17_rep1,redis,sb:events:n20:feed17:rep1,b935b96c-0415-4c16-89fd-78aa77b5a5c3,3895113,209,1.7416666666666667,15598900388,21174157700,21175371600,1781307113294-0
concurrency_n20_20260613_003117_redis_feed17_rep1,redis,sb:events:n20:feed17:rep1,cdda1d46-0250-4c23-8f29-ce4dab162b4f,3895134,209,1.7416666666666667,15598900388,21175670100,21183391100,1781307113299-0
concurrency_n20_20260613_003117_redis_feed17_rep1,redis,sb:events:n20:feed17:rep1,570d413f-e9ef-4233-be62-293f256249c7,3895052,209,1.7416666666666667,15598900388,21183678100,21188323700,1781307113303-0
concurrency_n20_20260613_003117_redis_feed17_rep1,redis,sb:events:n20:feed17:rep1,5b787a90-5908-442c-948c-798530d53b46,3895052,209,1.7416666666666667,15598900388,21188900100,21189956500,1781307113309-0
concurrency_n20_20260613_003117_redis_feed17_rep1,redis,sb:events:n20:feed17:rep1,4bb1ab04-da7c-4321-9d6a-95c972ef344b,3895086,209,1.7416666666666667,15598900388,21190257400,21191427200,1781307113310-0
concurrency_n20_20260613_003117_redis_feed17_rep1,redis,sb:events:n20:feed17:rep1,97ef2d61-cf0c-471f-8a42-5bfe3262fef9,3895086,209,1.7416666666666667,15598900388,21191726800,21192877700,1781307113311-0
concurrency_n20_20260613_003117_redis_feed17_rep1,redis,sb:events:n20:feed17:rep1,3dca30c9-9436-4575-8922-2b31cd8801c6,3895232,209,209.0,17326053166,21193134500,21193948500,1781307113313-0
concurrency_n20_20260613_003117_redis_feed17_rep1,redis,sb:events:n20:feed17:rep1,9267cb15-62bc-4b7f-a3c3-c6b40cc52a6a,3895113,210,1.75,15598969833,21194240200,21195108200,1781307113314-0
concurrency_n20_20260613_003117_redis_feed17_rep1,redis,sb:events:n20:feed17:rep1,239820ad-e7f1-40cb-a928-1cfe1679be04,3895134,210,1.75,15598969833,21195346200,21196257000,1781307113315-0
concurrency_n20_20260613_003117_redis_feed17_rep1,redis,sb:events:n20:feed17:rep1,a2b0fac8-412f-4cb6-9667-0773efa73656,3895113,210,1.75,15598969833,21196530600,21198879100,1781307113317-0
concurrency_n20_20260613_003117_redis_feed17_rep1,redis,sb:events:n20:feed17:rep1,f61695ae-1555-43e1-8510-28e0b90b24e6,3895134,210,1.75,15598969833,21199261900,21200542200,1781307113319-0
concurrency_n20_20260613_003117_redis_feed17_rep1,redis,sb:events:n20:feed17:rep1,68e1846d-61ff-468c-a399-ffb99c8d7222,3895134,210,1.75,15598969833,21201138200,21202946600,1781307113321-0
concurrency_n20_20260613_003117_redis_feed17_rep1,redis,sb:events:n20:feed17:rep1,7639e7d7-5107-41b0-8fe1-04a1f8217001,3895086,210,1.75,15598969833,21203272300,21204474800,1781307113323-0
concurrency_n20_20260613_003117_redis_feed17_rep1,redis,sb:events:n20:feed17:rep1,b4096be6-9255-486d-85ef-fb1f82c24839,3895086,210,1.75,15598969833,21204988000,21206549500,1781307113325-0
concurrency_n20_20260613_003117_redis_feed17_rep1,redis,sb:events:n20:feed17:rep1,5f9b6b59-8a14-499f-884b-87313d1ddc01,3895086,210,1.75,15598969833,21208558300,21214044500,1781307113333-0
concurrency_n20_20260613_003117_redis_feed17_rep1,redis,sb:events:n20:feed17:rep1,9b52a8fd-9c5c-4293-8259-7ec03f352235,3895107,210,1.75,15598969833,21214284400,21215046400,1781307113334-0
concurrency_n20_20260613_003117_redis_feed17_rep1,redis,sb:events:n20:feed17:rep1,79126be9-b946-4db5-9e70-c0ea00b5d931,3895086,210,1.75,15598969833,21215277300,21217963200,1781307113335-0
concurrency_n20_20260613_003117_redis_feed17_rep1,redis,sb:events:n20:feed17:rep1,aec6359e-5281-487f-90c0-076d767fd6c6,3895232,210,210.0,17334386500,21218891200,21222170200,1781307113339-0
concurrency_n20_20260613_003117_redis_feed17_rep1,redis,sb:events:n20:feed17:rep1,1072052a-e19f-4355-94e6-d5bc4aaa91ec,3895232,210,210.0,17334386500,21223455000,21224919600,1781307113343-0
concurrency_n20_20260613_003117_redis_feed17_rep1,redis,sb:events:n20:feed17:rep1,71a926aa-c491-4365-8962-c40080f63fc7,3895060,211,1.7583333333333333,15599039277,21225452700,21226728200,1781307113345-0
concurrency_n20_20260613_003117_redis_feed17_rep1,redis,sb:events:n20:feed17:rep1,62826bb6-cd29-4a46-8c39-b821f1ffa487,3895113,211,1.7583333333333333,15599039277,21227102500,21227975400,1781307113347-0
concurrency_n20_20260613_003117_redis_feed17_rep1,redis,sb:events:n20:feed17:rep1,afd87378-26f0-4ddc-b981-bf98a48e8363,3895113,211,1.7583333333333333,15599039277,21228379200,21230437300,1781307113348-0
concurrency_n20_20260613_003117_redis_feed17_rep1,redis,sb:events:n20:feed17:rep1,2866550d-a28c-47d4-96c3-4bfb70dc24b3,3895134,211,1.7583333333333333,15599039277,21230920400,21232440100,1781307113350-0
concurrency_n20_20260613_003117_redis_feed17_rep1,redis,sb:events:n20:feed17:rep1,6a500abf-1afa-42d0-8321-40d31eb3fc9b,3895113,211,1.7583333333333333,15599039277,21232803700,21234146700,1781307113352-0
concurrency_n20_20260613_003117_redis_feed17_rep1,redis,sb:events:n20:feed17:rep1,4a13e529-c528-425f-bc58-c94138612ed7,3895134,211,1.7583333333333333,15599039277,21234403700,21236341400,1781307113354-0
concurrency_n20_20260613_003117_redis_feed17_rep1,redis,sb:events:n20:feed17:rep1,d18ac035-ae5f-403f-9a29-8c95cb4c9a98,3895107,211,1.7583333333333333,15599039277,21236838800,21238476000,1781307113357-0
concurrency_n20_20260613_003117_redis_feed17_rep1,redis,sb:events:n20:feed17:rep1,b33bd1db-ae78-4fe9-868f-2497d774e37b,3895107,211,1.7583333333333333,15599039277,21238821800,21240293900,1781307113358-0
concurrency_n20_20260613_003117_redis_feed17_rep1,redis,sb:events:n20:feed17:rep1,42646d1f-6ac6-47cf-91e9-5902162f9945,3895067,212,1.7666666666666666,15599108722,21240634500,21244252100,1781307113360-0
concurrency_n20_20260613_003117_redis_feed17_rep1,redis,sb:events:n20:feed17:rep1,f018ba31-3864-4bbd-b90b-5aba86ec11fb,3895067,212,1.7666666666666666,15599108722,21245489600,21247319600,1781307113366-0
concurrency_n20_20260613_003117_redis_feed17_rep1,redis,sb:events:n20:feed17:rep1,6814a9dc-5fb8-4566-b386-654ab7b93302,3895113,212,1.7666666666666666,15599108722,21247585700,21248465000,1781307113367-0
concurrency_n20_20260613_003117_redis_feed17_rep1,redis,sb:events:n20:feed17:rep1,3382d742-d5a5-471e-9108-83ef9eec6586,3895134,212,1.7666666666666666,15599108722,21248681100,21251966100,1781307113368-0
concurrency_n20_20260613_003117_redis_feed17_rep1,redis,sb:events:n20:feed17:rep1,fbfe8ca5-7c5c-45b7-98af-4a38bc6a58c0,3895134,212,1.7666666666666666,15599108722,21252369200,21254466300,1781307113373-0
concurrency_n20_20260613_003117_redis_feed17_rep1,redis,sb:events:n20:feed17:rep1,7bfcca6d-5cb1-42ff-966a-0c3ecfb1a8b1,3895086,212,1.7666666666666666,15599108722,21254960000,21257240500,1781307113375-0
concurrency_n20_20260613_003117_redis_feed17_rep1,redis,sb:events:n20:feed17:rep1,bf4cb337-a622-4e43-9a61-3920c8482d90,3895086,212,1.7666666666666666,15599108722,21257725800,21259371200,1781307113377-0
concurrency_n20_20260613_003117_redis_feed17_rep1,redis,sb:events:n20:feed17:rep1,32e37a91-895f-44df-9efa-f0f03cdb0c4f,3895107,212,1.7666666666666666,15599108722,21259622200,21260414700,1781307113379-0
concurrency_n20_20260613_003117_redis_feed17_rep1,redis,sb:events:n20:feed17:rep1,84ec7ad7-a2e5-4993-9fc8-c0d48a121d5f,3895086,212,1.7666666666666666,15599108722,21260608000,21276457600,1781307113380-0
concurrency_n20_20260613_003117_redis_feed17_rep1,redis,sb:events:n20:feed17:rep1,da0d2ca8-0650-47d0-8bf6-ff69268155fa,3895107,212,1.7666666666666666,15599108722,21276792400,21288262400,1781307113406-0
concurrency_n20_20260613_003117_redis_feed17_rep1,redis,sb:events:n20:feed17:rep1,201204b4-ddca-4e95-879d-5ea29aeab663,3895086,212,1.7666666666666666,15599108722,21288581900,21292998500,1781307113411-0
concurrency_n20_20260613_003117_redis_feed17_rep1,redis,sb:events:n20:feed17:rep1,73c10534-cb6a-48a2-b6e7-3b2127ef8cd8,3895232,212,212.0,17351053166,21293388600,21297218900,1781307113414-0
concurrency_n20_20260613_003117_redis_feed17_rep1,redis,sb:events:n20:feed17:rep1,b29c3caf-f291-487b-beb4-72c6aca45001,3895113,213,1.775,15599178166,21297640700,21325169600,1781307113442-0
concurrency_n20_20260613_003117_redis_feed17_rep1,redis,sb:events:n20:feed17:rep1,ddf078ee-315b-435b-ac43-e33e19103b6a,3895113,213,1.775,15599178166,21325484800,21340735800,1781307113457-0
concurrency_n20_20260613_003117_redis_feed17_rep1,redis,sb:events:n20:feed17:rep1,84d35a0c-988c-4977-8841-814426dca458,3895086,213,1.775,15599178166,21341345700,21344481800,1781307113462-0
concurrency_n20_20260613_003117_redis_feed17_rep1,redis,sb:events:n20:feed17:rep1,9bcffd13-f0d8-4e1d-ba3b-73bcb59832fe,3895067,214,1.7833333333333334,15599247611,21352423000,21369979400,1781307113488-0
concurrency_n20_20260613_003117_redis_feed17_rep1,redis,sb:events:n20:feed17:rep1,a3f06e72-c4ae-4963-a365-b410eb92d1d0,3895067,214,1.7833333333333334,15599247611,21370306100,21442093600,1781307113560-0
concurrency_n20_20260613_003117_redis_feed17_rep1,redis,sb:events:n20:feed17:rep1,b15b063c-fba0-4b35-93e3-12c1ab5450b3,3895052,214,1.7833333333333334,15599247611,21442522300,21444834300,1781307113562-0
concurrency_n20_20260613_003117_redis_feed17_rep1,redis,sb:events:n20:feed17:rep1,1425eb5d-7c5a-4987-aab0-f7ff7f3acedc,3895113,214,1.7833333333333334,15599247611,21445126500,21446548000,1781307113564-0
concurrency_n20_20260613_003117_redis_feed17_rep1,redis,sb:events:n20:feed17:rep1,0f14de1c-8327-414a-834f-c3c395569755,3895107,214,1.7833333333333334,15599247611,21446915200,21452634900,1781307113566-0
concurrency_n20_20260613_003117_redis_feed17_rep1,redis,sb:events:n20:feed17:rep1,6027d630-8427-4341-9c7a-6b0b930e7fa6,3895107,214,1.7833333333333334,15599247611,21453176000,21454058300,1781307113573-0
concurrency_n20_20260613_003117_redis_feed17_rep1,redis,sb:events:n20:feed17:rep1,67c684b6-21b0-4bca-a0f4-3bd1a85e22a6,3895107,214,1.7833333333333334,15599247611,21454319100,21455332400,1781307113574-0
concurrency_n20_20260613_003117_redis_feed17_rep1,redis,sb:events:n20:feed17:rep1,c4297aed-1578-4f7d-b3d7-84dda385543a,3895107,214,1.7833333333333334,15599247611,21455562500,21461970800,1781307113575-0
concurrency_n20_20260613_003117_redis_feed17_rep1,redis,sb:events:n20:feed17:rep1,441f7768-b574-4abd-b839-f455bf159837,3895232,214,214.0,17367719833,21463901800,21465294800,1781307113584-0
concurrency_n20_20260613_003117_redis_feed17_rep1,redis,sb:events:n20:feed17:rep1,dc4d258b-9022-4f68-8cc5-1c48ee2b0cb8,3895232,214,214.0,17367719833,21465732700,21466580200,1781307113585-0
concurrency_n20_20260613_003117_redis_feed17_rep1,redis,sb:events:n20:feed17:rep1,d28de1d9-1e74-4c52-9ddc-06e3482170e7,3895067,215,1.7916666666666667,15599317055,21469902800,21472541800,1781307113590-0
concurrency_n20_20260613_003117_redis_feed17_rep1,redis,sb:events:n20:feed17:rep1,ff873195-aa1c-4298-8568-dce7bf70b436,3895134,215,1.7916666666666667,15599317055,21472875400,21473987600,1781307113592-0
concurrency_n20_20260613_003117_redis_feed17_rep1,redis,sb:events:n20:feed17:rep1,d4f8880a-988d-4749-a014-2e6b53254c19,3895134,215,1.7916666666666667,15599317055,21474234000,21478172200,1781307113594-0
concurrency_n20_20260613_003117_redis_feed17_rep1,redis,sb:events:n20:feed17:rep1,1a822961-d503-4596-8ec9-1bc05cad3460,3895113,215,1.7916666666666667,15599317055,21478672100,21480819300,1781307113599-0
concurrency_n20_20260613_003117_redis_feed17_rep1,redis,sb:events:n20:feed17:rep1,cd89e398-e369-46dc-a7d4-4117da82031c,3895086,215,1.7916666666666667,15599317055,21481159400,21482670900,1781307113601-0
concurrency_n20_20260613_003117_redis_feed17_rep1,redis,sb:events:n20:feed17:rep1,8db50a50-2ec9-42fc-b4cc-d13dc6589780,3895086,215,1.7916666666666667,15599317055,21484947400,21492174300,1781307113610-0
concurrency_n20_20260613_003117_redis_feed17_rep1,redis,sb:events:n20:feed17:rep1,84e78054-b076-42f7-bc12-ff47c8e945fa,3895086,215,1.7916666666666667,15599317055,21492539200,21493480300,1781307113612-0
concurrency_n20_20260613_003117_redis_feed17_rep1,redis,sb:events:n20:feed17:rep1,effc07b6-46d7-43a9-8648-38c71c70a9a8,3895086,215,1.7916666666666667,15599317055,21493733700,21494756200,1781307113613-0
concurrency_n20_20260613_003117_redis_feed17_rep1,redis,sb:events:n20:feed17:rep1,35745a96-85bc-454c-b2ee-00670f92045a,3895232,215,215.0,17376053166,21494976000,21496296100,1781307113614-0
concurrency_n20_20260613_003117_redis_feed17_rep1,redis,sb:events:n20:feed17:rep1,74dd26bd-8050-417e-afca-d4c2a96afcfb,3895232,215,215.0,17376053166,21496601200,21497291400,1781307113616-0
concurrency_n20_20260613_003117_redis_feed17_rep1,redis,sb:events:n20:feed17:rep1,52a2e3c3-a9c4-4501-a1b4-4d8cb93d42a4,3895067,216,1.8,15599386500,21497500900,21498325000,1781307113617-0
concurrency_n20_20260613_003117_redis_feed17_rep1,redis,sb:events:n20:feed17:rep1,9ad7ef2d-3ff8-4405-ae02-356ff60ae4b8,3895067,216,1.8,15599386500,21498502000,21499478300,1781307113618-0
concurrency_n20_20260613_003117_redis_feed17_rep1,redis,sb:events:n20:feed17:rep1,4866a692-7e59-4811-a95d-c7173eeb85fe,3895052,216,1.8,15599386500,21499702900,21500585400,1781307113619-0
concurrency_n20_20260613_003117_redis_feed17_rep1,redis,sb:events:n20:feed17:rep1,9b6cc51b-41c3-44f2-b430-c1cdea81a90b,3895052,216,1.8,15599386500,21500771000,21501750400,1781307113620-0
concurrency_n20_20260613_003117_redis_feed17_rep1,redis,sb:events:n20:feed17:rep1,9d7289ce-6be1-4143-a8b3-500601193388,3895052,216,1.8,15599386500,21501967700,21504319500,1781307113621-0
concurrency_n20_20260613_003117_redis_feed17_rep1,redis,sb:events:n20:feed17:rep1,737abe3b-aa88-491c-a52d-b8c487a82f4d,3895107,216,1.8,15599386500,21507710800,21508635300,1781307113627-0
concurrency_n20_20260613_003117_redis_feed17_rep1,redis,sb:events:n20:feed17:rep1,3b23f496-60ff-4fba-ba75-148e46a67145,3895107,216,1.8,15599386500,21508877400,21509871900,1781307113628-0
concurrency_n20_20260613_003117_redis_feed17_rep1,redis,sb:events:n20:feed17:rep1,2b193e7e-db6f-47bc-aa3d-669b3558e349,3895086,216,1.8,15599386500,21510062900,21514817700,1781307113630-0
concurrency_n20_20260613_003117_redis_feed17_rep1,redis,sb:events:n20:feed17:rep1,6c368dc2-0542-452b-b5e5-92eac02be8eb,3895107,216,1.8,15599386500,21520021800,21522079100,1781307113640-0
concurrency_n20_20260613_003117_redis_feed17_rep1,redis,sb:events:n20:feed17:rep1,82247b75-13da-4c3e-8b3b-8065f32b78b8,3895086,216,1.8,15599386500,21522351300,21523182300,1781307113642-0
concurrency_n20_20260613_003117_redis_feed17_rep1,redis,sb:events:n20:feed17:rep1,9ed80495-b704-41b7-8b60-d8810f21b41a,3895086,216,1.8,15599386500,21523427200,21525054700,1781307113643-0
concurrency_n20_20260613_003117_redis_feed17_rep1,redis,sb:events:n20:feed17:rep1,69fd981e-5186-4ae8-867a-1c98e85dd51d,3895232,216,216.0,17384386500,21525395700,21527079100,1781307113645-0
concurrency_n20_20260613_003117_redis_feed17_rep1,redis,sb:events:n20:feed17:rep1,a0cfcf0d-f03d-46ec-8dcc-194639d0c715,3895052,217,1.808333333333333,15599455944,21527634000,21531985600,1781307113649-0
concurrency_n20_20260613_003117_redis_feed17_rep1,redis,sb:events:n20:feed17:rep1,4b21d046-f779-4e7c-99c5-f2eee961332c,3895052,217,1.808333333333333,15599455944,21532525800,21534214800,1781307113653-0
concurrency_n20_20260613_003117_redis_feed17_rep1,redis,sb:events:n20:feed17:rep1,f9c9fee3-cf79-49ac-9ad2-61b7b2b70ba6,3895113,217,1.808333333333333,15599455944,21534488600,21536969700,1781307113654-0
concurrency_n20_20260613_003117_redis_feed17_rep1,redis,sb:events:n20:feed17:rep1,759d33c3-6e07-4e8d-ac38-cd66fee1a93d,3895113,217,1.808333333333333,15599455944,21537211300,21538170100,1781307113657-0
concurrency_n20_20260613_003117_redis_feed17_rep1,redis,sb:events:n20:feed17:rep1,7c486de8-3484-44cd-9325-e0bdadc0adde,3895086,217,1.808333333333333,15599455944,21538426600,21540113000,1781307113658-0
concurrency_n20_20260613_003117_redis_feed17_rep1,redis,sb:events:n20:feed17:rep1,697de738-1ddd-4a69-a641-ed6e57aa15ca,3895086,217,1.808333333333333,15599455944,21540342600,21541633800,1781307113660-0
concurrency_n20_20260613_003117_redis_feed17_rep1,redis,sb:events:n20:feed17:rep1,af18db75-112f-4adc-a81b-17105f11cd95,3895232,217,217.0,17392719833,21542038000,21543239100,1781307113662-0
concurrency_n20_20260613_003117_redis_feed17_rep1,redis,sb:events:n20:feed17:rep1,d2ea823f-4804-4b32-96bc-f0823d32529c,3895232,217,217.0,17392719833,21543885400,21545119900,1781307113663-0
concurrency_n20_20260613_003117_redis_feed17_rep1,redis,sb:events:n20:feed17:rep1,b16a70eb-a994-4ce1-b690-c2b190dc53b3,3895067,218,1.8166666666666669,15599525388,21545434100,21549631600,1781307113665-0
concurrency_n20_20260613_003117_redis_feed17_rep1,redis,sb:events:n20:feed17:rep1,f9bff61d-0d29-4680-ac6c-4a1f22f13c91,3895052,218,1.8166666666666669,15599525388,21550093200,21551411900,1781307113670-0
concurrency_n20_20260613_003117_redis_feed17_rep1,redis,sb:events:n20:feed17:rep1,9d5a3faa-7ecb-4013-ba26-df5791af290b,3895052,218,1.8166666666666669,15599525388,21551665400,21552793400,1781307113671-0
concurrency_n20_20260613_003117_redis_feed17_rep1,redis,sb:events:n20:feed17:rep1,0bbc4516-a191-4b32-8e92-939ac38cf11b,3895134,218,1.8166666666666669,15599525388,21553004500,21554299200,1781307113673-0
concurrency_n20_20260613_003117_redis_feed17_rep1,redis,sb:events:n20:feed17:rep1,2f6d0952-ddfa-48dd-9012-82b7ed01fb05,3895134,218,1.8166666666666669,15599525388,21554670900,21556910600,1781307113674-0
concurrency_n20_20260613_003117_redis_feed17_rep1,redis,sb:events:n20:feed17:rep1,00901f4d-0730-42c8-8f1d-033622de7271,3895134,218,1.8166666666666669,15599525388,21557438800,21560789700,1781307113678-0
concurrency_n20_20260613_003117_redis_feed17_rep1,redis,sb:events:n20:feed17:rep1,0cb25576-201c-4a78-a596-00de3fef253a,3895134,218,1.8166666666666669,15599525388,21561123900,21562540800,1781307113681-0
concurrency_n20_20260613_003117_redis_feed17_rep1,redis,sb:events:n20:feed17:rep1,fa825fc4-d085-4a93-a031-c8fff120d8d6,3895232,218,218.0,17401053166,21562868400,21572991900,1781307113682-0
concurrency_n20_20260613_003117_redis_feed17_rep1,redis,sb:events:n20:feed17:rep1,fdc06f81-68e1-4f6b-bfb6-3c9a261f840a,3895232,218,218.0,17401053166,21573362500,21576789200,1781307113693-0
concurrency_n20_20260613_003117_redis_feed17_rep1,redis,sb:events:n20:feed17:rep1,c506cd0d-1f5b-444a-94b3-eb29d05bef57,3895067,219,1.825,15599594833,21577102500,21579491600,1781307113697-0
concurrency_n20_20260613_003117_redis_feed17_rep1,redis,sb:events:n20:feed17:rep1,fd56f5f1-17ec-498b-9a96-d4b52d2940cc,3895067,219,1.825,15599594833,21579894000,21591800700,1781307113699-0
concurrency_n20_20260613_003117_redis_feed17_rep1,redis,sb:events:n20:feed17:rep1,a8c0d779-a323-4652-980a-c22ae4f20204,3895074,219,1.825,15599594833,21594840700,21617870900,1781307113734-0
concurrency_n20_20260613_003117_redis_feed17_rep1,redis,sb:events:n20:feed17:rep1,6eba3fdc-1e7b-4669-a60e-a2bf7c9c96fe,3895052,219,1.825,15599594833,21619152100,21620711000,1781307113739-0
concurrency_n20_20260613_003117_redis_feed17_rep1,redis,sb:events:n20:feed17:rep1,3e42c418-9417-42a7-ad68-351e0e79f13e,3895052,219,1.825,15599594833,21621476400,21622257300,1781307113741-0
concurrency_n20_20260613_003117_redis_feed17_rep1,redis,sb:events:n20:feed17:rep1,b576f3fc-25f9-41b4-acbe-d50795eb237b,3895134,219,1.825,15599594833,21622731200,21628622700,1781307113742-0
concurrency_n20_20260613_003117_redis_feed17_rep1,redis,sb:events:n20:feed17:rep1,91238aa1-991a-43f5-b2e8-791de16a6e6d,3895134,219,1.825,15599594833,21629055200,21630309600,1781307113749-0
concurrency_n20_20260613_003117_redis_feed17_rep1,redis,sb:events:n20:feed17:rep1,95ca5c4c-b90a-48aa-938f-b9cf437c66d4,3895134,219,1.825,15599594833,21630534400,21631416200,1781307113750-0
concurrency_n20_20260613_003117_redis_feed17_rep1,redis,sb:events:n20:feed17:rep1,1f7b9fa4-26f2-46d7-87a3-5fb28d91f8df,3895086,219,1.825,15599594833,21631626600,21632437200,1781307113751-0
concurrency_n20_20260613_003117_redis_feed17_rep1,redis,sb:events:n20:feed17:rep1,15a5bdbb-29ea-4562-be43-cc71f22d37a2,3895067,220,1.8333333333333333,15599664277,21632675600,21633467100,1781307113752-0
concurrency_n20_20260613_003117_redis_feed17_rep1,redis,sb:events:n20:feed17:rep1,b6aac65b-a04a-44bf-b4cf-1f16b6de6536,3895074,220,1.8333333333333333,15599664277,21633712900,21634850800,1781307113753-0
concurrency_n20_20260613_003117_redis_feed17_rep1,redis,sb:events:n20:feed17:rep1,bccd8c47-0541-4ee3-b82f-9e67fec67685,3895074,220,1.8333333333333333,15599664277,21635056200,21648906300,1781307113754-0
concurrency_n20_20260613_003117_redis_feed17_rep1,redis,sb:events:n20:feed17:rep1,8cb6c1bb-9279-48f1-b6ad-94a0df91cd4b,3895074,220,1.8333333333333333,15599664277,21649383500,21656410300,1781307113775-0
concurrency_n20_20260613_003117_redis_feed17_rep1,redis,sb:events:n20:feed17:rep1,1e7a833e-5cc5-45e1-8e8a-777177080f36,3895134,220,1.8333333333333333,15599664277,21656835400,21657736200,1781307113776-0
concurrency_n20_20260613_003117_redis_feed17_rep1,redis,sb:events:n20:feed17:rep1,f32c59c0-240e-42e9-8069-8810d8e67cfd,3895086,220,1.8333333333333333,15599664277,21658394200,21659832800,1781307113778-0
concurrency_n20_20260613_003117_redis_feed17_rep1,redis,sb:events:n20:feed17:rep1,d5f683d9-9d90-4c1e-b87b-b33b5413b8e7,3895086,220,1.8333333333333333,15599664277,21660634900,21662862800,1781307113781-0
concurrency_n20_20260613_003117_redis_feed17_rep1,redis,sb:events:n20:feed17:rep1,c81c6479-743c-42e5-aed8-a8ee2efee1e6,3895232,220,220.0,17417719833,21663160600,21664626100,1781307113783-0
concurrency_n20_20260613_003117_redis_feed17_rep1,redis,sb:events:n20:feed17:rep1,b4e6b8f4-75e3-4b15-ba76-0aa908e4d8bc,3895232,220,220.0,17417719833,21665322800,21669291800,1781307113785-0
concurrency_n20_20260613_003117_redis_feed17_rep1,redis,sb:events:n20:feed17:rep1,e8c6da09-655a-4bf7-b2eb-0fc030baaa8d,3895067,221,1.8416666666666663,15599733722,21669538400,21670896400,1781307113789-0
concurrency_n20_20260613_003117_redis_feed17_rep1,redis,sb:events:n20:feed17:rep1,4aedbc0a-02ad-4a1e-a658-3ffdbdf44e9a,3895067,221,1.8416666666666663,15599733722,21671156400,21672569500,1781307113791-0
concurrency_n20_20260613_003117_redis_feed17_rep1,redis,sb:events:n20:feed17:rep1,d02f67c1-7b6c-473c-b7a3-b95039112785,3895067,221,1.8416666666666663,15599733722,21672840300,21674044800,1781307113792-0
concurrency_n20_20260613_003117_redis_feed17_rep1,redis,sb:events:n20:feed17:rep1,ec09950a-6639-4067-a881-504bad1855c3,3895074,221,1.8416666666666663,15599733722,21674256100,21677635200,1781307113795-0
concurrency_n20_20260613_003117_redis_feed17_rep1,redis,sb:events:n20:feed17:rep1,a9de5d14-4077-4efa-bdef-93a5dfe13ee5,3895074,221,1.8416666666666663,15599733722,21677980000,21680979200,1781307113798-0
concurrency_n20_20260613_003117_redis_feed17_rep1,redis,sb:events:n20:feed17:rep1,bd15630a-3c02-4c22-9769-4be927977952,3895074,221,1.8416666666666663,15599733722,21681338600,21707127900,1781307113818-0
concurrency_n20_20260613_003117_redis_feed17_rep1,redis,sb:events:n20:feed17:rep1,49febf50-2306-4c19-a94e-c8c9bdac5e80,3895052,221,1.8416666666666663,15599733722,21707431800,21709065300,1781307113827-0
concurrency_n20_20260613_003117_redis_feed17_rep1,redis,sb:events:n20:feed17:rep1,efb1609c-eb3b-4cc6-b617-6491e121da08,3895113,221,1.8416666666666663,15599733722,21709330600,21710970900,1781307113829-0
concurrency_n20_20260613_003117_redis_feed17_rep1,redis,sb:events:n20:feed17:rep1,d3b4d9da-a36c-486b-8bf2-be36d0654638,3895052,221,1.8416666666666663,15599733722,21711256200,21714747400,1781307113831-0
concurrency_n20_20260613_003117_redis_feed17_rep1,redis,sb:events:n20:feed17:rep1,68eaf4af-0687-45a2-a2ed-83fb312ec606,3895134,221,1.8416666666666663,15599733722,21715322700,21725157000,1781307113841-0
concurrency_n20_20260613_003117_redis_feed17_rep1,redis,sb:events:n20:feed17:rep1,46d8d187-f75a-4cac-adb4-c815388da2ab,3895134,221,1.8416666666666663,15599733722,21726179500,21729111200,1781307113846-0
concurrency_n20_20260613_003117_redis_feed17_rep1,redis,sb:events:n20:feed17:rep1,c3a37832-314c-4a5d-bcc4-c38d0a1c7706,3895232,221,221.0,17426053166,21729769100,21740226200,1781307113858-0
concurrency_n20_20260613_003117_redis_feed17_rep1,redis,sb:events:n20:feed17:rep1,7f5203ef-c103-4384-a546-d633d4702ba6,3895232,221,221.0,17426053166,21740599700,21743006700,1781307113860-0
concurrency_n20_20260613_003117_redis_feed17_rep1,redis,sb:events:n20:feed17:rep1,44e5fbc3-8f44-4f10-9a3f-808ec330cdb3,3895074,222,1.85,15599803166,21743274900,21747364800,1781307113863-0
concurrency_n20_20260613_003117_redis_feed17_rep1,redis,sb:events:n20:feed17:rep1,ec9ce405-e079-4a8e-9b40-92f04fe5a165,3895113,222,1.85,15599803166,21747919200,21749538600,1781307113868-0
concurrency_n20_20260613_003117_redis_feed17_rep1,redis,sb:events:n20:feed17:rep1,b8d67360-7f6b-4662-a00d-fed1eb6f1ba6,3895052,222,1.85,15599803166,21749996900,21758117200,1781307113873-0
concurrency_n20_20260613_003117_redis_feed17_rep1,redis,sb:events:n20:feed17:rep1,72b9cec9-3dd7-4af1-bf25-0a2eebf04a58,3895113,222,1.85,15599803166,21758703000,21767606900,1781307113879-0
concurrency_n20_20260613_003117_redis_feed17_rep1,redis,sb:events:n20:feed17:rep1,7261a548-7067-4e82-8a86-962feb5db893,3895113,222,1.85,15599803166,21767898600,21772553400,1781307113889-0
concurrency_n20_20260613_003117_redis_feed17_rep1,redis,sb:events:n20:feed17:rep1,b9c709df-968d-4bf9-b500-02ffcbb3b0e7,3895134,222,1.85,15599803166,21773660400,21778788000,1781307113897-0
concurrency_n20_20260613_003117_redis_feed17_rep1,redis,sb:events:n20:feed17:rep1,42195328-dbd6-4c26-910e-de4b15538b0f,3895086,222,1.85,15599803166,21779054300,21780221800,1781307113898-0
concurrency_n20_20260613_003117_redis_feed17_rep1,redis,sb:events:n20:feed17:rep1,07f2b7b2-4c41-4472-9cf5-d4da0b98eeda,3895067,223,1.8583333333333327,15599872611,21780473900,21790901300,1781307113905-0
concurrency_n20_20260613_003117_redis_feed17_rep1,redis,sb:events:n20:feed17:rep1,0a0878a4-ad4c-4683-9ea5-f01aa86197b5,3895067,223,1.8583333333333327,15599872611,21791248300,21797973000,1781307113911-0
concurrency_n20_20260613_003117_redis_feed17_rep1,redis,sb:events:n20:feed17:rep1,117347bf-5b19-4163-9c30-86cbb965d427,3895074,223,1.8583333333333327,15599872611,21799070500,21800042300,1781307113919-0
concurrency_n20_20260613_003117_redis_feed17_rep1,redis,sb:events:n20:feed17:rep1,8e99e685-dd80-45dd-8981-f51bb118dc83,3895074,223,1.8583333333333327,15599872611,21800343400,21802345100,1781307113921-0
concurrency_n20_20260613_003117_redis_feed17_rep1,redis,sb:events:n20:feed17:rep1,612591bc-c324-4919-a995-e3739095e49c,3895113,223,1.8583333333333327,15599872611,21802778600,21804330100,1781307113922-0
concurrency_n20_20260613_003117_redis_feed17_rep1,redis,sb:events:n20:feed17:rep1,2797ae7a-31ad-4d05-82f7-314d6b0d7f0b,3895113,223,1.8583333333333327,15599872611,21804686300,21805955700,1781307113924-0
concurrency_n20_20260613_003117_redis_feed17_rep1,redis,sb:events:n20:feed17:rep1,921500ef-de3c-4656-8792-6c085c592225,3895134,223,1.8583333333333327,15599872611,21806210100,21807583800,1781307113926-0
concurrency_n20_20260613_003117_redis_feed17_rep1,redis,sb:events:n20:feed17:rep1,ac6bb7f3-aed3-4799-9573-acfb89f3b71e,3895134,223,1.8583333333333327,15599872611,21807873300,21809189300,1781307113928-0
concurrency_n20_20260613_003117_redis_feed17_rep1,redis,sb:events:n20:feed17:rep1,c36f907d-331e-45b1-b44d-66fc6e330da0,3895134,223,1.8583333333333327,15599872611,21809883900,21810977700,1781307113929-0
concurrency_n20_20260613_003117_redis_feed17_rep1,redis,sb:events:n20:feed17:rep1,f8c6d770-8b1d-4ed6-9a99-24226d8cbdf3,3895134,223,1.8583333333333327,15599872611,21811310900,21814951600,1781307113931-0
concurrency_n20_20260613_003117_redis_feed17_rep1,redis,sb:events:n20:feed17:rep1,30a84c8b-f2f6-42dd-8110-cc61373e72f3,3895067,224,1.8666666666666667,15599942055,21815328000,21819357800,1781307113937-0
concurrency_n20_20260613_003117_redis_feed17_rep1,redis,sb:events:n20:feed17:rep1,4beb105f-9c3d-42ce-b3e9-a5ec0bf4ae78,3895074,224,1.8666666666666667,15599942055,21819718300,21821377200,1781307113939-0
concurrency_n20_20260613_003117_redis_feed17_rep1,redis,sb:events:n20:feed17:rep1,36f7128d-31b5-4f4f-b928-79e4bb8363ab,3895052,224,1.8666666666666667,15599942055,21821706000,21822792000,1781307113941-0
concurrency_n20_20260613_003117_redis_feed17_rep1,redis,sb:events:n20:feed17:rep1,59f0b2e1-491d-4e57-b6a3-12c2fbbbe40c,3895086,224,1.8666666666666667,15599942055,21823204000,21824256900,1781307113943-0
concurrency_n20_20260613_003117_redis_feed17_rep1,redis,sb:events:n20:feed17:rep1,3cdada44-254e-4a8e-afeb-1b005eb7fa46,3895086,224,1.8666666666666667,15599942055,21824648600,21825945700,1781307113944-0
concurrency_n20_20260613_003117_redis_feed17_rep1,redis,sb:events:n20:feed17:rep1,a3d1e34d-213d-496b-b366-c0ffd8acda77,3895086,224,1.8666666666666667,15599942055,21826216900,21846758300,1781307113965-0
concurrency_n20_20260613_003117_redis_feed17_rep1,redis,sb:events:n20:feed17:rep1,312035b9-b0d9-4e96-878f-1b32c7e13c81,3895067,225,1.875,15600011500,21847184400,21848674100,1781307113967-0
concurrency_n20_20260613_003117_redis_feed17_rep1,redis,sb:events:n20:feed17:rep1,a32369fd-1200-449f-80ad-b2af4e7110a2,3895067,225,1.875,15600011500,21848934700,21868870500,1781307113981-0
concurrency_n20_20260613_003117_redis_feed17_rep1,redis,sb:events:n20:feed17:rep1,0dc809b6-6308-4d9c-a41f-545c23bf0589,3895067,225,1.875,15600011500,21870004100,21871009800,1781307113990-0
concurrency_n20_20260613_003117_redis_feed17_rep1,redis,sb:events:n20:feed17:rep1,38ad36eb-ec4c-4f83-b317-19f4d1ace560,3895074,225,1.875,15600011500,21871374600,21872599700,1781307113991-0
concurrency_n20_20260613_003117_redis_feed17_rep1,redis,sb:events:n20:feed17:rep1,17c71536-01d7-4a85-a272-2c0a487d2e0a,3895074,225,1.875,15600011500,21878841400,21881253100,1781307114000-0
concurrency_n20_20260613_003117_redis_feed17_rep1,redis,sb:events:n20:feed17:rep1,54f5fa44-6b26-4324-908d-f6d7d7266f9c,3895074,225,1.875,15600011500,21881510600,21882456700,1781307114001-0
concurrency_n20_20260613_003117_redis_feed17_rep1,redis,sb:events:n20:feed17:rep1,ccb3fd0e-fe0a-423e-9e61-033b0f21b4bf,3895074,225,1.875,15600011500,21882726200,21884052600,1781307114002-0
concurrency_n20_20260613_003117_redis_feed17_rep1,redis,sb:events:n20:feed17:rep1,a039a837-87cf-4f48-b863-3cea80abbb81,3895074,225,1.875,15600011500,21884481800,21885449300,1781307114004-0
concurrency_n20_20260613_003117_redis_feed17_rep1,redis,sb:events:n20:feed17:rep1,468444c9-5267-4753-a238-4a226dc4ee80,3895074,225,1.875,15600011500,21885730500,21886685600,1781307114005-0
concurrency_n20_20260613_003117_redis_feed17_rep1,redis,sb:events:n20:feed17:rep1,72f703c6-b9b4-4edd-88b5-3d0684f2468f,3895052,225,1.875,15600011500,21887034600,21887821400,1781307114006-0
concurrency_n20_20260613_003117_redis_feed17_rep1,redis,sb:events:n20:feed17:rep1,b296ceac-b0af-48e2-98c4-ceff5443fa35,3895052,225,1.875,15600011500,21892589000,21895096600,1781307114013-0
concurrency_n20_20260613_003117_redis_feed17_rep1,redis,sb:events:n20:feed17:rep1,3f6ce352-2e57-43ff-9619-276a1464f100,3895086,225,1.875,15600011500,21895504700,21897612900,1781307114015-0
concurrency_n20_20260613_003117_redis_feed17_rep1,redis,sb:events:n20:feed17:rep1,c33f61bd-57db-4d43-8723-2ccbf10fe496,3895232,225,225.0,17459386500,21897861300,21898904300,1781307114018-0
concurrency_n20_20260613_003117_redis_feed17_rep1,redis,sb:events:n20:feed17:rep1,55a73469-4b77-43b5-b9ba-67435754b68e,3895067,226,1.8833333333333333,15600080944,21899293000,21900291500,1781307114019-0
concurrency_n20_20260613_003117_redis_feed17_rep1,redis,sb:events:n20:feed17:rep1,7b1f0d68-1df6-4ff3-be96-47942dd2eef6,3895067,226,1.8833333333333333,15600080944,21900615900,21901452800,1781307114020-0
concurrency_n20_20260613_003117_redis_feed17_rep1,redis,sb:events:n20:feed17:rep1,a000cd00-afea-44aa-8120-d29280171b7d,3895067,226,1.8833333333333333,15600080944,21901714400,21907784600,1781307114021-0
concurrency_n20_20260613_003117_redis_feed17_rep1,redis,sb:events:n20:feed17:rep1,95a18591-415c-424d-a2ff-26070eab2674,3895074,226,1.8833333333333333,15600080944,21908422300,21909518900,1781307114028-0
concurrency_n20_20260613_003117_redis_feed17_rep1,redis,sb:events:n20:feed17:rep1,c969da32-3389-4ceb-86df-e66b125bb8dd,3895074,226,1.8833333333333333,15600080944,21909923100,21911972300,1781307114030-0
concurrency_n20_20260613_003117_redis_feed17_rep1,redis,sb:events:n20:feed17:rep1,a6bde494-d72e-4a63-bc38-9da5141d574f,3895113,226,1.8833333333333333,15600080944,21912438300,21913642500,1781307114032-0
concurrency_n20_20260613_003117_redis_feed17_rep1,redis,sb:events:n20:feed17:rep1,f859cc08-8afc-4e42-9cc2-a8870064f3ac,3895134,226,1.8833333333333333,15600080944,21914061000,21914734100,1781307114033-0
concurrency_n20_20260613_003117_redis_feed17_rep1,redis,sb:events:n20:feed17:rep1,e4a8be8c-78d4-45a8-b457-619f46e37583,3895086,226,1.8833333333333333,15600080944,21915052900,21916289900,1781307114035-0
concurrency_n20_20260613_003117_redis_feed17_rep1,redis,sb:events:n20:feed17:rep1,6bad8316-afef-4ab2-82b5-b1df55799e71,3895086,226,1.8833333333333333,15600080944,21921494400,21922954300,1781307114041-0
concurrency_n20_20260613_003117_redis_feed17_rep1,redis,sb:events:n20:feed17:rep1,ef4d1744-a5f9-45cb-b238-ef51ffa65307,3895232,226,226.0,17467719833,21923259900,21924166200,1781307114043-0
concurrency_n20_20260613_003117_redis_feed17_rep1,redis,sb:events:n20:feed17:rep1,42d7cffc-158d-4358-8bfd-e7eefdc9fc14,3895232,226,226.0,17467719833,21924466900,21925958600,1781307114044-0
concurrency_n20_20260613_003117_redis_feed17_rep1,redis,sb:events:n20:feed17:rep1,7c659f16-3145-4393-96ad-541b504c8f13,3895052,227,1.8916666666666664,15600150388,21926175000,21928524300,1781307114046-0
concurrency_n20_20260613_003117_redis_feed17_rep1,redis,sb:events:n20:feed17:rep1,d53b30ec-a2c0-4e13-8619-f7aace475d28,3895052,227,1.8916666666666664,15600150388,21928952900,21930015000,1781307114048-0
concurrency_n20_20260613_003117_redis_feed17_rep1,redis,sb:events:n20:feed17:rep1,0a1c6ca1-fe45-44d6-8a4b-a990da408347,3895134,227,1.8916666666666664,15600150388,21930231700,21931041500,1781307114050-0
concurrency_n20_20260613_003117_redis_feed17_rep1,redis,sb:events:n20:feed17:rep1,c47782be-c926-4381-96d4-f5e9efe0abe9,3895134,227,1.8916666666666664,15600150388,21931582100,21935048000,1781307114051-0
concurrency_n20_20260613_003117_redis_feed17_rep1,redis,sb:events:n20:feed17:rep1,47586e80-e9f8-4582-b670-cac8e08d9eb0,3895086,227,1.8916666666666664,15600150388,21938213000,21940430200,1781307114059-0
concurrency_n20_20260613_003117_redis_feed17_rep1,redis,sb:events:n20:feed17:rep1,6d536c3f-3ff4-46a5-a050-9eccaeb3576f,3895232,227,227.0,17476053166,21940736300,21941927000,1781307114060-0
concurrency_n20_20260613_003117_redis_feed17_rep1,redis,sb:events:n20:feed17:rep1,8e07bc73-4510-4381-9771-6a6bd04b9740,3895232,227,227.0,17476053166,21946470700,21950823000,1781307114069-0
concurrency_n20_20260613_003117_redis_feed17_rep1,redis,sb:events:n20:feed17:rep1,de025893-4b5d-4ee3-9eaf-150d405f4bc0,3895232,227,227.0,17476053166,21951131900,21955979000,1781307114074-0
concurrency_n20_20260613_003117_redis_feed17_rep1,redis,sb:events:n20:feed17:rep1,46f03b98-d684-418f-a56c-1a05e5de7ef0,3895232,227,227.0,17476053166,21956451600,21958384800,1781307114076-0
concurrency_n20_20260613_003117_redis_feed17_rep1,redis,sb:events:n20:feed17:rep1,5c07f5c8-ab9c-4d57-9317-397ed4aba8a3,3895067,228,1.9,15600219833,21958863800,21960306900,1781307114079-0
concurrency_n20_20260613_003117_redis_feed17_rep1,redis,sb:events:n20:feed17:rep1,50a3f312-2d69-4e1e-9e47-79f5677c263f,3895074,228,1.9,15600219833,21960910200,21962505700,1781307114081-0
concurrency_n20_20260613_003117_redis_feed17_rep1,redis,sb:events:n20:feed17:rep1,2c36e8ae-322c-4007-b05d-b57f0fe9d6dc,3895074,228,1.9,15600219833,21962893500,21964497100,1781307114082-0
concurrency_n20_20260613_003117_redis_feed17_rep1,redis,sb:events:n20:feed17:rep1,4628a48d-7c56-4d8d-a8e1-b4406f3e571a,3895074,228,1.9,15600219833,21965069700,21972353500,1781307114089-0
concurrency_n20_20260613_003117_redis_feed17_rep1,redis,sb:events:n20:feed17:rep1,4545d9b9-3575-48d2-93bd-c69ed8743c82,3895113,228,1.9,15600219833,21972633700,21976883600,1781307114095-0
concurrency_n20_20260613_003117_redis_feed17_rep1,redis,sb:events:n20:feed17:rep1,b1930f44-1c66-426c-8ca9-c5c9dc54fb27,3895052,228,1.9,15600219833,21977126400,21977995500,1781307114097-0
concurrency_n20_20260613_003117_redis_feed17_rep1,redis,sb:events:n20:feed17:rep1,3bf3bf44-8dce-4cd8-8254-46da84e31c6a,3895113,228,1.9,15600219833,21978211800,21978998900,1781307114098-0
concurrency_n20_20260613_003117_redis_feed17_rep1,redis,sb:events:n20:feed17:rep1,d6f9d7cd-642d-476b-afae-e6d251554cde,3895052,228,1.9,15600219833,21979269700,21983504000,1781307114099-0
concurrency_n20_20260613_003117_redis_feed17_rep1,redis,sb:events:n20:feed17:rep1,7434581a-1e71-483e-aa97-d221e7fc61aa,3895134,228,1.9,15600219833,21983838700,22000805400,1781307114115-0
concurrency_n20_20260613_003117_redis_feed17_rep1,redis,sb:events:n20:feed17:rep1,c6f3c9ce-07a4-441b-aa25-f40b9be04368,3895086,228,1.9,15600219833,22001372700,22007419200,1781307114122-0
concurrency_n20_20260613_003117_redis_feed17_rep1,redis,sb:events:n20:feed17:rep1,d410fab2-bcf6-4390-a2ab-2ff03e36ec62,3895086,228,1.9,15600219833,22007719400,22008558100,1781307114127-0
concurrency_n20_20260613_003117_redis_feed17_rep1,redis,sb:events:n20:feed17:rep1,15c182c8-6cae-4496-b509-7e7c3f68d3d2,3895113,229,1.9083333333333328,15600289277,22008773300,22032842300,1781307114150-0
concurrency_n20_20260613_003117_redis_feed17_rep1,redis,sb:events:n20:feed17:rep1,334527b5-620b-4220-940a-a70f543af21a,3895134,229,1.9083333333333328,15600289277,22033307700,22038375200,1781307114153-0
concurrency_n20_20260613_003117_redis_feed17_rep1,redis,sb:events:n20:feed17:rep1,1a2997c4-e48f-49ab-8746-f0ca2974c71d,3895086,229,1.9083333333333328,15600289277,22038687300,22069146400,1781307114188-0
concurrency_n20_20260613_003117_redis_feed17_rep1,redis,sb:events:n20:feed17:rep1,de8997e6-4537-49ca-8864-3e221f25d628,3895086,229,1.9083333333333328,15600289277,22069486900,22104857000,1781307114223-0
concurrency_n20_20260613_003117_redis_feed17_rep1,redis,sb:events:n20:feed17:rep1,448ff41d-a99b-4ac1-a39f-321a4e12ec50,3895086,229,1.9083333333333328,15600289277,22105152500,22108601300,1781307114226-0
concurrency_n20_20260613_003117_redis_feed17_rep1,redis,sb:events:n20:feed17:rep1,196b776f-5b14-45d0-ba4c-ca7abe4603d5,3895232,229,229.0,17492719833,22109058200,22111058500,1781307114229-0
concurrency_n20_20260613_003117_redis_feed17_rep1,redis,sb:events:n20:feed17:rep1,f943a03a-ab4e-49a1-8fcc-b19caef71c68,3895232,229,229.0,17492719833,22111376200,22115696700,1781307114234-0
concurrency_n20_20260613_003117_redis_feed17_rep1,redis,sb:events:n20:feed17:rep1,7d559bcd-04a3-4ecc-a6ec-e71530a6e7b4,3895074,230,1.9166666666666667,15600358722,22116167100,22158857600,1781307114273-0
concurrency_n20_20260613_003117_redis_feed17_rep1,redis,sb:events:n20:feed17:rep1,52a10b29-fc0a-489b-b798-04e90177816d,3895074,230,1.9166666666666667,15600358722,22159215500,22166562000,1781307114279-0
concurrency_n20_20260613_003117_redis_feed17_rep1,redis,sb:events:n20:feed17:rep1,85158414-113a-4b03-8a2e-9b694b28122f,3895113,230,1.9166666666666667,15600358722,22167001000,22218239300,1781307114333-0
concurrency_n20_20260613_003117_redis_feed17_rep1,redis,sb:events:n20:feed17:rep1,4e87c92a-13d2-4507-b4c3-b8eb8a3cbc25,3895232,230,230.0,17501053166,22218531700,22222309800,1781307114338-0
concurrency_n20_20260613_003117_redis_feed17_rep1,redis,sb:events:n20:feed17:rep1,2690b56e-4da4-449b-a66f-6f3e5a4e84e3,3895232,230,230.0,17501053166,22222690500,22225430300,1781307114343-0
concurrency_n20_20260613_003117_redis_feed17_rep1,redis,sb:events:n20:feed17:rep1,8facebaf-e405-4cc1-b901-d9d9622f02ab,3895067,231,1.925,15600428166,22225707300,22234151200,1781307114345-0
concurrency_n20_20260613_003117_redis_feed17_rep1,redis,sb:events:n20:feed17:rep1,9536010e-293f-4799-9db5-e6a312a58d4a,3895067,231,1.925,15600428166,22234532400,22236433000,1781307114354-0
concurrency_n20_20260613_003117_redis_feed17_rep1,redis,sb:events:n20:feed17:rep1,449ddc25-2698-4ba2-a9e6-a2ff4369f1c6,3895067,231,1.925,15600428166,22236709300,22238090300,1781307114356-0
concurrency_n20_20260613_003117_redis_feed17_rep1,redis,sb:events:n20:feed17:rep1,01de2f19-a51f-4e53-add3-1887e7f141fb,3895052,231,1.925,15600428166,22238353200,22278904700,1781307114383-0
concurrency_n20_20260613_003117_redis_feed17_rep1,redis,sb:events:n20:feed17:rep1,e21a8f4f-eaf7-4772-99da-dfc8385e7a48,3895052,231,1.925,15600428166,22279196000,22280053500,1781307114399-0
concurrency_n20_20260613_003117_redis_feed17_rep1,redis,sb:events:n20:feed17:rep1,19409876-d733-4d93-b980-d0743f01ce5e,3895113,231,1.925,15600428166,22280246700,22281267400,1781307114400-0
concurrency_n20_20260613_003117_redis_feed17_rep1,redis,sb:events:n20:feed17:rep1,e3156b87-6ea3-43f7-b7d2-1f7dfd3bff4e,3895134,231,1.925,15600428166,22281477000,22282444200,1781307114401-0
concurrency_n20_20260613_003117_redis_feed17_rep1,redis,sb:events:n20:feed17:rep1,f371672d-0161-4d0a-bd85-c0524dff7741,3895134,231,1.925,15600428166,22282645600,22283984100,1781307114402-0
concurrency_n20_20260613_003117_redis_feed17_rep1,redis,sb:events:n20:feed17:rep1,e3f07b41-a570-490e-9b2c-d972a7cb0edc,3895060,232,1.933333333333333,15600497611,22284277600,22285651200,1781307114404-0
concurrency_n20_20260613_003117_redis_feed17_rep1,redis,sb:events:n20:feed17:rep1,22dfd210-acd0-430e-b4d4-dbc31415e8a1,3895121,232,1.933333333333333,15600497611,22286025600,22287262300,1781307114406-0
concurrency_n20_20260613_003117_redis_feed17_rep1,redis,sb:events:n20:feed17:rep1,d3ca252e-b038-4198-b136-0c36063ef79d,3895113,232,1.933333333333333,15600497611,22287523000,22289200300,1781307114407-0
concurrency_n20_20260613_003117_redis_feed17_rep1,redis,sb:events:n20:feed17:rep1,039192ed-5aed-4e69-8e7e-9928c5c49b7b,3895113,232,1.933333333333333,15600497611,22289466300,22291273100,1781307114409-0
concurrency_n20_20260613_003117_redis_feed17_rep1,redis,sb:events:n20:feed17:rep1,6735caf3-fc12-44cd-842d-99249e4e803e,3895113,232,1.933333333333333,15600497611,22291656300,22292902200,1781307114411-0
concurrency_n20_20260613_003117_redis_feed17_rep1,redis,sb:events:n20:feed17:rep1,444ec23c-e794-4af6-afd2-da112736b5ef,3895113,232,1.933333333333333,15600497611,22293360300,22294497900,1781307114413-0
concurrency_n20_20260613_003117_redis_feed17_rep1,redis,sb:events:n20:feed17:rep1,21f9d66b-f01b-4398-9db0-0028ffa78501,3895113,232,1.933333333333333,15600497611,22294869800,22295991500,1781307114414-0
concurrency_n20_20260613_003117_redis_feed17_rep1,redis,sb:events:n20:feed17:rep1,1207e338-9cd8-4c32-b018-d794ab1f6f07,3895134,232,1.933333333333333,15600497611,22296279200,22297312800,1781307114416-0
concurrency_n20_20260613_003117_redis_feed17_rep1,redis,sb:events:n20:feed17:rep1,832d593f-b5f8-4691-98fa-d9d9f13685b7,3895086,232,1.933333333333333,15600497611,22304741300,22306307700,1781307114424-0
concurrency_n20_20260613_003117_redis_feed17_rep1,redis,sb:events:n20:feed17:rep1,f52a1065-c29f-4773-a29e-eb4ae86197b2,3895086,232,1.933333333333333,15600497611,22306569000,22307608100,1781307114426-0
concurrency_n20_20260613_003117_redis_feed17_rep1,redis,sb:events:n20:feed17:rep1,9d88e8a6-b03e-4292-83bd-f1cc62bae459,3895086,232,1.933333333333333,15600497611,22307894300,22309181400,1781307114427-0
concurrency_n20_20260613_003117_redis_feed17_rep1,redis,sb:events:n20:feed17:rep1,3cea3b14-cd1c-4048-9e22-891601eb58d2,3895086,232,1.933333333333333,15600497611,22309396100,22310328000,1781307114429-0
concurrency_n20_20260613_003117_redis_feed17_rep1,redis,sb:events:n20:feed17:rep1,d91e6bd0-fcb3-48b1-b391-00510455eafa,3895086,232,1.933333333333333,15600497611,22310540900,22323580400,1781307114442-0
concurrency_n20_20260613_003117_redis_feed17_rep1,redis,sb:events:n20:feed17:rep1,9aa1522b-f4fb-4a6b-bc61-27566506f337,3895232,232,232.0,17517719833,22323969000,22361675600,1781307114480-0
concurrency_n20_20260613_003117_redis_feed17_rep1,redis,sb:events:n20:feed17:rep1,a6a1302d-c9d3-4955-a001-ef2a1c9dab1d,3895060,233,1.9416666666666669,15600567055,22362103300,22385852700,1781307114502-0
concurrency_n20_20260613_003117_redis_feed17_rep1,redis,sb:events:n20:feed17:rep1,2d56b1ef-11bf-4ad7-a8cc-1667f5893f52,3895067,233,1.9416666666666669,15600567055,22386178100,22389083200,1781307114506-0
concurrency_n20_20260613_003117_redis_feed17_rep1,redis,sb:events:n20:feed17:rep1,8312772c-29b2-4250-b781-0d4b9206d9af,3895074,233,1.9416666666666669,15600567055,22389346700,22391386100,1781307114509-0
concurrency_n20_20260613_003117_redis_feed17_rep1,redis,sb:events:n20:feed17:rep1,2d868feb-58d1-48e7-9275-5deab319b157,3895113,233,1.9416666666666669,15600567055,22391934900,22411576100,1781307114529-0
concurrency_n20_20260613_003117_redis_feed17_rep1,redis,sb:events:n20:feed17:rep1,3a24294f-7eca-4180-9fd3-7eede5a85ff4,3895086,233,1.9416666666666669,15600567055,22411840500,22415329900,1781307114531-0
concurrency_n20_20260613_003117_redis_feed17_rep1,redis,sb:events:n20:feed17:rep1,a52af03a-9e28-4498-b74d-b084edc0f008,3895086,233,1.9416666666666669,15600567055,22415627500,22417396900,1781307114535-0
concurrency_n20_20260613_003117_redis_feed17_rep1,redis,sb:events:n20:feed17:rep1,ba6f6699-3775-47f0-88ef-592094ec8219,3895232,233,233.0,17526053166,22417738100,22419305800,1781307114537-0
concurrency_n20_20260613_003117_redis_feed17_rep1,redis,sb:events:n20:feed17:rep1,e4902e9e-567d-42b2-addb-d73507d275b1,3895232,233,233.0,17526053166,22419574900,22420918100,1781307114539-0
concurrency_n20_20260613_003117_redis_feed17_rep1,redis,sb:events:n20:feed17:rep1,ffbb846d-aaf6-4883-8a27-392c10abbf20,3895232,233,233.0,17526053166,22421125600,22422155200,1781307114540-0
concurrency_n20_20260613_003117_redis_feed17_rep1,redis,sb:events:n20:feed17:rep1,d78fb2cd-3e3c-49e7-af6f-f22ceef30056,3895060,234,1.95,15600636500,22422628400,22433410000,1781307114543-0
concurrency_n20_20260613_003117_redis_feed17_rep1,redis,sb:events:n20:feed17:rep1,65d4f63b-a154-42e7-b493-e2e11b0ad6eb,3895121,234,1.95,15600636500,22433790600,22434555700,1781307114553-0
concurrency_n20_20260613_003117_redis_feed17_rep1,redis,sb:events:n20:feed17:rep1,d07958f0-8419-4028-89fe-fa3e4ef76e64,3895121,234,1.95,15600636500,22434760000,22437171500,1781307114554-0
concurrency_n20_20260613_003117_redis_feed17_rep1,redis,sb:events:n20:feed17:rep1,88df104f-f29f-4e20-9e74-ce85b77d671f,3895067,234,1.95,15600636500,22437645700,22447679600,1781307114566-0
concurrency_n20_20260613_003117_redis_feed17_rep1,redis,sb:events:n20:feed17:rep1,e2091aec-e441-4ce1-86de-5822390020ee,3895067,234,1.95,15600636500,22448140500,22449627000,1781307114568-0
concurrency_n20_20260613_003117_redis_feed17_rep1,redis,sb:events:n20:feed17:rep1,82831382-fedc-4ae2-b6e3-e03321721a68,3895074,234,1.95,15600636500,22449910000,22453087900,1781307114571-0
concurrency_n20_20260613_003117_redis_feed17_rep1,redis,sb:events:n20:feed17:rep1,ff0b4839-b879-4812-8cd1-fa166e2bb04f,3895074,234,1.95,15600636500,22453783700,22455816600,1781307114574-0
concurrency_n20_20260613_003117_redis_feed17_rep1,redis,sb:events:n20:feed17:rep1,3284298c-aafe-4fca-937f-4f3b6f9d76a0,3895134,234,1.95,15600636500,22456304900,22458090600,1781307114577-0
concurrency_n20_20260613_003117_redis_feed17_rep1,redis,sb:events:n20:feed17:rep1,8988a19a-9299-40b9-9f8f-c462076fcbfb,3895134,234,1.95,15600636500,22458347700,22461986200,1781307114578-0
concurrency_n20_20260613_003117_redis_feed17_rep1,redis,sb:events:n20:feed17:rep1,eadaa6b8-29e1-4f39-bf8f-1c0e5ce3626a,3895232,234,234.0,17534386500,22462284300,22465275900,1781307114583-0
concurrency_n20_20260613_003117_redis_feed17_rep1,redis,sb:events:n20:feed17:rep1,9d0447dc-61b4-4ba4-827e-db986b645f9a,3895232,234,234.0,17534386500,22465617400,22466977700,1781307114585-0
concurrency_n20_20260613_003117_redis_feed17_rep1,redis,sb:events:n20:feed17:rep1,bb2c24e0-1e00-4a0b-b23b-d591d9353bad,3895232,234,234.0,17534386500,22467414900,22471875800,1781307114587-0
concurrency_n20_20260613_003117_redis_feed17_rep1,redis,sb:events:n20:feed17:rep1,cc89d833-8b17-48a4-8245-279033ac6dff,3895232,234,234.0,17534386500,22474276600,22475632800,1781307114594-0
concurrency_n20_20260613_003117_redis_feed17_rep1,redis,sb:events:n20:feed17:rep1,5116b64d-ddd2-48ed-878b-a7c104a40d17,3895232,234,234.0,17534386500,22475977800,22477699400,1781307114596-0
concurrency_n20_20260613_003117_redis_feed17_rep1,redis,sb:events:n20:feed17:rep1,475d3858-2562-4a46-be2f-882479e92794,3895067,235,1.9583333333333333,15600705944,22477956600,22501147200,1781307114618-0
concurrency_n20_20260613_003117_redis_feed17_rep1,redis,sb:events:n20:feed17:rep1,2c296ed4-132d-4668-96fd-a53e49c117b0,3895067,235,1.9583333333333333,15600705944,22501477700,22503047600,1781307114621-0
concurrency_n20_20260613_003117_redis_feed17_rep1,redis,sb:events:n20:feed17:rep1,5f5da0d0-9329-4e2d-b288-e6bb963fd023,3895074,235,1.9583333333333333,15600705944,22503759300,22505376500,1781307114623-0
concurrency_n20_20260613_003117_redis_feed17_rep1,redis,sb:events:n20:feed17:rep1,0a08da64-24b7-464e-b04a-343c36bc92a6,3895074,235,1.9583333333333333,15600705944,22505676300,22506863900,1781307114625-0
concurrency_n20_20260613_003117_redis_feed17_rep1,redis,sb:events:n20:feed17:rep1,4c13ef4b-f1bc-41ec-bce8-379094aee5ab,3895052,235,1.9583333333333333,15600705944,22507132600,22509369700,1781307114628-0
concurrency_n20_20260613_003117_redis_feed17_rep1,redis,sb:events:n20:feed17:rep1,3b5e8cda-cc8c-4228-ae68-88e99b381f2b,3895113,235,1.9583333333333333,15600705944,22509670800,22513834700,1781307114630-0
concurrency_n20_20260613_003117_redis_feed17_rep1,redis,sb:events:n20:feed17:rep1,67f6d552-413a-4a2b-b156-b8675b9ac9c5,3895113,235,1.9583333333333333,15600705944,22514510400,22537193500,1781307114653-0
concurrency_n20_20260613_003117_redis_feed17_rep1,redis,sb:events:n20:feed17:rep1,f899e1a3-389e-47ee-975a-22a5ede777bf,3895134,235,1.9583333333333333,15600705944,22537805800,22558868500,1781307114675-0
concurrency_n20_20260613_003117_redis_feed17_rep1,redis,sb:events:n20:feed17:rep1,24beaf43-67ff-400b-8afa-5cd95a07ab62,3895086,235,1.9583333333333333,15600705944,22559233600,22614213100,1781307114729-0
concurrency_n20_20260613_003117_redis_feed17_rep1,redis,sb:events:n20:feed17:rep1,621a92b1-0b7d-40fd-8921-c184ff9cfdbe,3895086,235,1.9583333333333333,15600705944,22614529400,22619682700,1781307114734-0
concurrency_n20_20260613_003117_redis_feed17_rep1,redis,sb:events:n20:feed17:rep1,7384369c-7014-41f4-8880-4f2012608234,3895086,235,1.9583333333333333,15600705944,22620111100,22623787000,1781307114740-0
concurrency_n20_20260613_003117_redis_feed17_rep1,redis,sb:events:n20:feed17:rep1,24d0d66a-098b-4d91-920b-5bbbf8e05335,3895232,235,235.0,17542719833,22624155500,22627495200,1781307114744-0
concurrency_n20_20260613_003117_redis_feed17_rep1,redis,sb:events:n20:feed17:rep1,92008857-8264-4fc6-83ce-0c1ea3c210fe,3895232,235,235.0,17542719833,22627776100,22629137300,1781307114747-0
concurrency_n20_20260613_003117_redis_feed17_rep1,redis,sb:events:n20:feed17:rep1,9e3b81cc-343a-4c37-afcd-dd050acc001a,3895232,235,235.0,17542719833,22629422500,22630461900,1781307114749-0
concurrency_n20_20260613_003117_redis_feed17_rep1,redis,sb:events:n20:feed17:rep1,e6764395-a3f7-4b57-babf-c4863833bcc2,3895232,235,235.0,17542719833,22639864800,22641481600,1781307114760-0
concurrency_n20_20260613_003117_redis_feed17_rep1,redis,sb:events:n20:feed17:rep1,cb6f0a2b-e829-4188-b2c7-ac25573d4015,3895232,235,235.0,17542719833,22641755800,22643192000,1781307114761-0
concurrency_n20_20260613_003117_redis_feed17_rep1,redis,sb:events:n20:feed17:rep1,31d15b27-69da-4a6b-93d5-8dd5afac6acd,3895067,236,1.9666666666666663,15600775388,22643592500,22657269000,1781307114763-0
concurrency_n20_20260613_003117_redis_feed17_rep1,redis,sb:events:n20:feed17:rep1,67ea3f31-5f11-4a03-b848-5ff3d2674b45,3895067,236,1.9666666666666663,15600775388,22657558400,22658481100,1781307114777-0
concurrency_n20_20260613_003117_redis_feed17_rep1,redis,sb:events:n20:feed17:rep1,2524eba6-a951-4f46-9569-e49e95155f38,3895067,236,1.9666666666666663,15600775388,22658704600,22659704000,1781307114778-0
concurrency_n20_20260613_003117_redis_feed17_rep1,redis,sb:events:n20:feed17:rep1,7a5f3edb-7387-472d-9ab8-d44a4ed350ed,3895052,236,1.9666666666666663,15600775388,22660053500,22667783800,1781307114780-0
concurrency_n20_20260613_003117_redis_feed17_rep1,redis,sb:events:n20:feed17:rep1,9ee72651-72db-4196-af2f-388ee1f6a92c,3895052,236,1.9666666666666663,15600775388,22668781000,22669889400,1781307114788-0
concurrency_n20_20260613_003117_redis_feed17_rep1,redis,sb:events:n20:feed17:rep1,bc13fb18-c79a-4285-8048-4ce55d990c06,3895052,236,1.9666666666666663,15600775388,22670235900,22672686200,1781307114791-0
concurrency_n20_20260613_003117_redis_feed17_rep1,redis,sb:events:n20:feed17:rep1,662b85b9-bc14-46e7-b2b8-a249c2ad0437,3895232,236,236.0,17551053166,22673300300,22674666100,1781307114793-0
concurrency_n20_20260613_003117_redis_feed17_rep1,redis,sb:events:n20:feed17:rep1,18e8ee6a-57bf-419d-b322-941782fdf5fc,3895232,236,236.0,17551053166,22674868600,22675887700,1781307114795-0
concurrency_n20_20260613_003117_redis_feed17_rep1,redis,sb:events:n20:feed17:rep1,d08624d3-cecd-412d-9d7e-d4f558af363a,3895232,236,236.0,17551053166,22676432800,22678414500,1781307114796-0
concurrency_n20_20260613_003117_redis_feed17_rep1,redis,sb:events:n20:feed17:rep1,810ae4c1-eeb6-4f43-a80a-11e3f244c8df,3895232,236,236.0,17551053166,22678753500,22680132900,1781307114799-0
concurrency_n20_20260613_003117_redis_feed17_rep1,redis,sb:events:n20:feed17:rep1,b7e7803d-964f-4961-ad94-39b0b7b8d503,3895232,236,236.0,17551053166,22680431200,22681316100,1781307114800-0
concurrency_n20_20260613_003117_redis_feed17_rep1,redis,sb:events:n20:feed17:rep1,67cf2441-69b4-4a39-9109-8d399ddba948,3895060,237,1.975,15600844833,22681661100,22682674100,1781307114801-0
concurrency_n20_20260613_003117_redis_feed17_rep1,redis,sb:events:n20:feed17:rep1,f8cfef83-daf1-4d47-814a-75bb359f034b,3895060,237,1.975,15600844833,22682873100,22686946600,1781307114802-0
concurrency_n20_20260613_003117_redis_feed17_rep1,redis,sb:events:n20:feed17:rep1,17bce4ec-5124-44a7-9cdc-c4a9006f479a,3895060,237,1.975,15600844833,22687742300,22696534700,1781307114813-0
concurrency_n20_20260613_003117_redis_feed17_rep1,redis,sb:events:n20:feed17:rep1,41f58863-413b-4533-9b9f-5d6895c280f0,3895121,237,1.975,15600844833,22696818800,22698401100,1781307114816-0
concurrency_n20_20260613_003117_redis_feed17_rep1,redis,sb:events:n20:feed17:rep1,95cf34ad-3378-4698-bd20-49e8851018ae,3895121,237,1.975,15600844833,22699054200,22700464400,1781307114819-0
concurrency_n20_20260613_003117_redis_feed17_rep1,redis,sb:events:n20:feed17:rep1,cab35b0a-ffe6-4065-ad6b-d8b19062647f,3895067,237,1.975,15600844833,22700725200,22701567000,1781307114820-0
concurrency_n20_20260613_003117_redis_feed17_rep1,redis,sb:events:n20:feed17:rep1,48d10da6-9958-476a-ae24-618d673f3fef,3895052,237,1.975,15600844833,22701829100,22702761000,1781307114821-0
concurrency_n20_20260613_003117_redis_feed17_rep1,redis,sb:events:n20:feed17:rep1,42bf8a84-34b3-4952-9704-94b1c2001dfc,3895134,237,1.975,15600844833,22705264900,22709899600,1781307114828-0
concurrency_n20_20260613_003117_redis_feed17_rep1,redis,sb:events:n20:feed17:rep1,2cfe1a0c-2b31-4742-b48e-3b93d308c6b6,3895134,237,1.975,15600844833,22710654000,22713910900,1781307114831-0
concurrency_n20_20260613_003117_redis_feed17_rep1,redis,sb:events:n20:feed17:rep1,6e9cc2f7-1105-48ac-806c-eebcfaa34ad7,3895086,237,1.975,15600844833,22714303900,22715621100,1781307114834-0
concurrency_n20_20260613_003117_redis_feed17_rep1,redis,sb:events:n20:feed17:rep1,cf0330f0-ffa2-47de-b0b8-2c063baff2db,3895086,237,1.975,15600844833,22715877800,22717391000,1781307114836-0
concurrency_n20_20260613_003117_redis_feed17_rep1,redis,sb:events:n20:feed17:rep1,6b37df3a-bbb1-4c22-b778-7d474920ed3d,3895232,237,237.0,17559386500,22717666600,22718606600,1781307114837-0
concurrency_n20_20260613_003117_redis_feed17_rep1,redis,sb:events:n20:feed17:rep1,d164628f-e788-4811-8838-50ad9ab6f1b4,3895121,238,1.9833333333333327,15600914277,22721594200,22739367500,1781307114856-0
concurrency_n20_20260613_003117_redis_feed17_rep1,redis,sb:events:n20:feed17:rep1,edb91d96-2ccb-46b2-aec1-7a1cba6fcf9c,3895074,238,1.9833333333333327,15600914277,22739844100,22741918200,1781307114860-0
concurrency_n20_20260613_003117_redis_feed17_rep1,redis,sb:events:n20:feed17:rep1,eb564566-1ae2-40a0-9c73-edf96768135f,3895074,238,1.9833333333333327,15600914277,22742237600,22744628300,1781307114862-0
concurrency_n20_20260613_003117_redis_feed17_rep1,redis,sb:events:n20:feed17:rep1,8b9045a9-99bf-4e9e-83a6-79404c3c903d,3895052,238,1.9833333333333327,15600914277,22744936300,22746640000,1781307114864-0
concurrency_n20_20260613_003117_redis_feed17_rep1,redis,sb:events:n20:feed17:rep1,41fd0101-4197-4b4d-adcc-4bb242e5f3f7,3895052,238,1.9833333333333327,15600914277,22746997600,22748010700,1781307114867-0
concurrency_n20_20260613_003117_redis_feed17_rep1,redis,sb:events:n20:feed17:rep1,179f6461-4e11-4750-982b-97b87916e1fe,3895134,238,1.9833333333333327,15600914277,22748256600,22758349300,1781307114868-0
concurrency_n20_20260613_003117_redis_feed17_rep1,redis,sb:events:n20:feed17:rep1,af4b9e6b-8ec7-4bb9-aeba-23122365bb5c,3895121,239,1.9916666666666667,15600983722,22758614600,22759497600,1781307114878-0
concurrency_n20_20260613_003117_redis_feed17_rep1,redis,sb:events:n20:feed17:rep1,b565e8cd-c20f-403e-bb34-d4ac7a08c535,3895121,239,1.9916666666666667,15600983722,22759709400,22760744400,1781307114879-0
concurrency_n20_20260613_003117_redis_feed17_rep1,redis,sb:events:n20:feed17:rep1,bb80cd19-9173-41bc-9e42-1475f9a8bedc,3895074,239,1.9916666666666667,15600983722,22761068200,22762073500,1781307114881-0
concurrency_n20_20260613_003117_redis_feed17_rep1,redis,sb:events:n20:feed17:rep1,00b7afd1-7acc-4377-8b4a-e0d0216aff3b,3895074,239,1.9916666666666667,15600983722,22762306900,22765949300,1781307114884-0
concurrency_n20_20260613_003117_redis_feed17_rep1,redis,sb:events:n20:feed17:rep1,7a8e8174-38ce-41cb-9812-de0614ade9c8,3895074,239,1.9916666666666667,15600983722,22766612500,22768488300,1781307114886-0
concurrency_n20_20260613_003117_redis_feed17_rep1,redis,sb:events:n20:feed17:rep1,327d219f-afa6-44c2-8514-3b3dce674bd4,3895052,239,1.9916666666666667,15600983722,22768820200,22771187200,1781307114888-0
concurrency_n20_20260613_003117_redis_feed17_rep1,redis,sb:events:n20:feed17:rep1,9db6a916-bdf3-459f-86dd-c6899468b928,3895052,239,1.9916666666666667,15600983722,22771628800,22773082200,1781307114892-0
concurrency_n20_20260613_003117_redis_feed17_rep1,redis,sb:events:n20:feed17:rep1,d3237e41-96d0-4919-9186-976c6e93afaf,3895134,239,1.9916666666666667,15600983722,22773335300,22774305600,1781307114893-0
concurrency_n20_20260613_003117_redis_feed17_rep1,redis,sb:events:n20:feed17:rep1,15dc8356-9964-4eec-9066-051ee6c2fd74,3895134,239,1.9916666666666667,15600983722,22774542500,22775388900,1781307114894-0
concurrency_n20_20260613_003117_redis_feed17_rep1,redis,sb:events:n20:feed17:rep1,81b7dc39-83e8-4707-be65-6d71b27f9907,3895232,239,239.0,17576053166,22775723700,22776469800,1781307114895-0
concurrency_n20_20260613_003117_redis_feed17_rep1,redis,sb:events:n20:feed17:rep1,64f89799-2f97-4990-b225-0b0cc4767b54,3895232,239,239.0,17576053166,22776969300,22778636800,1781307114897-0
concurrency_n20_20260613_003117_redis_feed17_rep1,redis,sb:events:n20:feed17:rep1,7e027057-82fb-4524-92cb-3b7f7905c581,3895067,240,2.0,15601053166,22779001200,22780185500,1781307114898-0
concurrency_n20_20260613_003117_redis_feed17_rep1,redis,sb:events:n20:feed17:rep1,dd2559b7-b30c-4fec-87d0-7ffdbeb0c320,3895067,240,2.0,15601053166,22780398700,22785413700,1781307114900-0
concurrency_n20_20260613_003117_redis_feed17_rep1,redis,sb:events:n20:feed17:rep1,904cbdd0-7559-40c5-93bb-cf32cc4f50a8,3895067,240,2.0,15601053166,22785771800,22786682100,1781307114905-0
concurrency_n20_20260613_003117_redis_feed17_rep1,redis,sb:events:n20:feed17:rep1,519d9bd4-18d7-4c8e-859b-8d84a572f9b8,3895074,240,2.0,15601053166,22786898900,22787772400,1781307114906-0
concurrency_n20_20260613_003117_redis_feed17_rep1,redis,sb:events:n20:feed17:rep1,de9e7764-87cf-4944-8fe5-2c6487898f77,3895074,240,2.0,15601053166,22787952900,22789174600,1781307114908-0
concurrency_n20_20260613_003117_redis_feed17_rep1,redis,sb:events:n20:feed17:rep1,967cced6-9509-4a4f-bc44-d9358a9efdaa,3895113,240,2.0,15601053166,22789750500,22791129900,1781307114910-0
concurrency_n20_20260613_003117_redis_feed17_rep1,redis,sb:events:n20:feed17:rep1,bc772473-a54b-4286-ac90-3e7a2cde57cf,3895052,240,2.0,15601053166,22791354400,22792974600,1781307114911-0
concurrency_n20_20260613_003117_redis_feed17_rep1,redis,sb:events:n20:feed17:rep1,abf61b42-aee9-42ec-a079-7587daf41665,3895052,240,2.0,15601053166,22793393500,22802148200,1781307114918-0
concurrency_n20_20260613_003117_redis_feed17_rep1,redis,sb:events:n20:feed17:rep1,3c451d86-3acc-459b-b147-66e17620685d,3895052,240,2.0,15601053166,22802414100,22805850500,1781307114924-0
concurrency_n20_20260613_003117_redis_feed17_rep1,redis,sb:events:n20:feed17:rep1,88c3f091-b61b-4f39-be70-67edc7982792,3895232,240,240.0,17584386500,22806200100,22807596800,1781307114926-0
concurrency_n20_20260613_003117_redis_feed17_rep1,redis,sb:events:n20:feed17:rep1,d4d9cb1a-7d94-49b9-b287-3175a57ea1ba,3895232,240,240.0,17584386500,22807864300,22825184800,1781307114944-0
concurrency_n20_20260613_003117_redis_feed17_rep1,redis,sb:events:n20:feed17:rep1,20c87719-4039-4136-a464-0b76bf8fcb95,3895060,241,2.0083333333333333,15601122611,22825510000,22848310600,1781307114962-0
concurrency_n20_20260613_003117_redis_feed17_rep1,redis,sb:events:n20:feed17:rep1,1588a4d6-aad6-47b3-be17-ecf187891e80,3895067,241,2.0083333333333333,15601122611,22848568300,22851260900,1781307114968-0
concurrency_n20_20260613_003117_redis_feed17_rep1,redis,sb:events:n20:feed17:rep1,73248c73-24d7-467d-a8a3-c4460a8a8eda,3895052,241,2.0083333333333333,15601122611,22851697800,22854099500,1781307114971-0
concurrency_n20_20260613_003117_redis_feed17_rep1,redis,sb:events:n20:feed17:rep1,cff9e25c-04ef-48fa-aa6c-7d6793b46550,3895052,241,2.0083333333333333,15601122611,22854395400,22860624300,1781307114974-0
concurrency_n20_20260613_003117_redis_feed17_rep1,redis,sb:events:n20:feed17:rep1,9cb7e597-9ad0-4bce-86f1-4882ed215819,3895052,241,2.0083333333333333,15601122611,22861057400,22867538200,1781307114985-0
concurrency_n20_20260613_003117_redis_feed17_rep1,redis,sb:events:n20:feed17:rep1,f49586a6-6723-4a58-9b32-d8eadb110125,3895134,241,2.0083333333333333,15601122611,22867852800,22878757900,1781307114994-0
concurrency_n20_20260613_003117_redis_feed17_rep1,redis,sb:events:n20:feed17:rep1,8d6ddf7f-2405-4ce7-96a1-0ad97911a074,3895134,241,2.0083333333333333,15601122611,22879129000,22901367800,1781307115004-0
concurrency_n20_20260613_003117_redis_feed17_rep1,redis,sb:events:n20:feed17:rep1,bda48638-9908-4088-9089-c5604ab7cb37,3895086,241,2.0083333333333333,15601122611,22901726200,22921873600,1781307115023-0
concurrency_n20_20260613_003117_redis_feed17_rep1,redis,sb:events:n20:feed17:rep1,8c4605d8-c1d8-4819-966b-e2b5f69c5582,3895086,241,2.0083333333333333,15601122611,22922176600,22923145100,1781307115026-0
concurrency_n20_20260613_003117_redis_feed17_rep1,redis,sb:events:n20:feed17:rep1,17edc918-58c1-4c25-82e2-e56f00a0ceb9,3895060,242,2.0166666666666666,15601192055,22923399800,22934758800,1781307115028-0
concurrency_n20_20260613_003117_redis_feed17_rep1,redis,sb:events:n20:feed17:rep1,153f64f0-e7c3-4df9-b30e-c334c45657c2,3895060,242,2.0166666666666666,15601192055,22935048100,22936467800,1781307115040-0
concurrency_n20_20260613_003117_redis_feed17_rep1,redis,sb:events:n20:feed17:rep1,81c7d7f9-a5b4-4ba5-a6f5-cdc5d30a9663,3895060,242,2.0166666666666666,15601192055,22936817900,22940732300,1781307115042-0
concurrency_n20_20260613_003117_redis_feed17_rep1,redis,sb:events:n20:feed17:rep1,344782cb-77cb-44cb-95d5-763cc7e3e17f,3895121,242,2.0166666666666666,15601192055,22941048500,22950765300,1781307115045-0
concurrency_n20_20260613_003117_redis_feed17_rep1,redis,sb:events:n20:feed17:rep1,a9cfa2cc-3bde-4ac7-b413-b60eb1dadeed,3895067,242,2.0166666666666666,15601192055,22951342700,22955353300,1781307115058-0
concurrency_n20_20260613_003117_redis_feed17_rep1,redis,sb:events:n20:feed17:rep1,c88ef7b9-77a1-4f23-9087-fb0a98a7a192,3895067,242,2.0166666666666666,15601192055,22955712700,22957681800,1781307115060-0
concurrency_n20_20260613_003117_redis_feed17_rep1,redis,sb:events:n20:feed17:rep1,1a5a736f-8dcf-456a-be57-ffd91e45ca65,3895067,242,2.0166666666666666,15601192055,22958033300,22962923400,1781307115063-0
concurrency_n20_20260613_003117_redis_feed17_rep1,redis,sb:events:n20:feed17:rep1,1d2a8a86-c8be-4982-8909-a04c91a67073,3895107,242,2.0166666666666666,15601192055,22964126300,22965043900,1781307115068-0
concurrency_n20_20260613_003117_redis_feed17_rep1,redis,sb:events:n20:feed17:rep1,f70dcf83-40a3-4ccb-94c5-ecd399bc219a,3895134,242,2.0166666666666666,15601192055,22965257800,22966511900,1781307115070-0
concurrency_n20_20260613_003117_redis_feed17_rep1,redis,sb:events:n20:feed17:rep1,3e18f922-f609-4734-9dbe-5bc30cf10dc9,3895086,242,2.0166666666666666,15601192055,22966782500,22969426400,1781307115071-0
concurrency_n20_20260613_003117_redis_feed17_rep1,redis,sb:events:n20:feed17:rep1,c9d112a8-23de-411c-9462-4ea08befebb9,3895232,242,242.0,17601053166,22969739300,22974858300,1781307115077-0
concurrency_n20_20260613_003117_redis_feed17_rep1,redis,sb:events:n20:feed17:rep1,3c7cabeb-3103-4c4b-9825-f207f611c1d6,3895232,242,242.0,17601053166,22975203100,22979138900,1781307115082-0
concurrency_n20_20260613_003117_redis_feed17_rep1,redis,sb:events:n20:feed17:rep1,2b6915a9-9be9-4b49-82ba-639d873ed4a5,3895060,243,2.025,15601261499,22979419700,22986805800,1781307115085-0
concurrency_n20_20260613_003117_redis_feed17_rep1,redis,sb:events:n20:feed17:rep1,e655c81e-fa20-4e8a-aec9-cb837f4112ee,3895060,243,2.025,15601261499,22987252500,22989086300,1781307115092-0
concurrency_n20_20260613_003117_redis_feed17_rep1,redis,sb:events:n20:feed17:rep1,e29bcc78-4812-4a23-a0bb-dbb1b386365e,3895113,243,2.025,15601261499,22989389400,22990616300,1781307115094-0
concurrency_n20_20260613_003117_redis_feed17_rep1,redis,sb:events:n20:feed17:rep1,124635a1-6dab-4464-bb7e-2dd98e391ca7,3895113,243,2.025,15601261499,22990856900,22995638900,1781307115095-0
concurrency_n20_20260613_003117_redis_feed17_rep1,redis,sb:events:n20:feed17:rep1,72aba530-d8d4-4559-9b31-ae9bab1b2129,3895134,243,2.025,15601261499,22995924700,23013527600,1781307115112-0
concurrency_n20_20260613_003117_redis_feed17_rep1,redis,sb:events:n20:feed17:rep1,f1a07a4e-1b9a-4fb3-a68b-c02926c6f8b1,3895134,243,2.025,15601261499,23013879700,23015504300,1781307115118-0
concurrency_n20_20260613_003117_redis_feed17_rep1,redis,sb:events:n20:feed17:rep1,35527065-8da6-493a-acd7-35d45c9e13fc,3895060,244,2.033333333333333,15601330944,23022007900,23024024700,1781307115127-0
concurrency_n20_20260613_003117_redis_feed17_rep1,redis,sb:events:n20:feed17:rep1,dd1f273f-5818-4b79-b7ba-9e9f271b00da,3895121,244,2.033333333333333,15601330944,23024340100,23026315600,1781307115129-0
concurrency_n20_20260613_003117_redis_feed17_rep1,redis,sb:events:n20:feed17:rep1,4903409b-3b7f-43d0-a8e0-c0edc044665a,3895121,244,2.033333333333333,15601330944,23026638800,23031009100,1781307115131-0
concurrency_n20_20260613_003117_redis_feed17_rep1,redis,sb:events:n20:feed17:rep1,13c58c42-4403-4d24-b673-2e462aa98376,3895121,244,2.033333333333333,15601330944,23031559900,23033677100,1781307115136-0
concurrency_n20_20260613_003117_redis_feed17_rep1,redis,sb:events:n20:feed17:rep1,a614cf8e-f99e-4113-8152-374692780a44,3895067,244,2.033333333333333,15601330944,23033889700,23035456100,1781307115139-0
concurrency_n20_20260613_003117_redis_feed17_rep1,redis,sb:events:n20:feed17:rep1,e2c68e2e-b75c-4ba8-9573-883787d8875e,3895067,244,2.033333333333333,15601330944,23035678700,23041878800,1781307115141-0
concurrency_n20_20260613_003117_redis_feed17_rep1,redis,sb:events:n20:feed17:rep1,e35e1956-56cb-4707-95df-7d0d7938d843,3895086,244,2.033333333333333,15601330944,23042186600,23043527100,1781307115147-0
concurrency_n20_20260613_003117_redis_feed17_rep1,redis,sb:events:n20:feed17:rep1,0e8f1413-d59b-47ec-9251-f70210f20b0f,3895086,244,2.033333333333333,15601330944,23044187700,23045297800,1781307115148-0
concurrency_n20_20260613_003117_redis_feed17_rep1,redis,sb:events:n20:feed17:rep1,fde7dc87-557f-4cc7-bee6-219305457c00,3895232,244,244.0,17617719833,23045570000,23046748000,1781307115150-0
concurrency_n20_20260613_003117_redis_feed17_rep1,redis,sb:events:n20:feed17:rep1,70469754-e9ff-466e-a0ea-80b6ae48399f,3895107,245,2.0416666666666665,15601400388,23047137900,23048859500,1781307115152-0
concurrency_n20_20260613_003117_redis_feed17_rep1,redis,sb:events:n20:feed17:rep1,14d36a2e-439a-4363-985a-89eb10507ce9,3895107,245,2.0416666666666665,15601400388,23049103700,23052379400,1781307115153-0
concurrency_n20_20260613_003117_redis_feed17_rep1,redis,sb:events:n20:feed17:rep1,21dede0b-3592-49ea-a9d5-89ac71b1b282,3895052,245,2.0416666666666665,15601400388,23052937800,23071583900,1781307115172-0
concurrency_n20_20260613_003117_redis_feed17_rep1,redis,sb:events:n20:feed17:rep1,8ed2dd6f-5811-4f70-afdc-c4ffaa99c050,3895232,245,245.0,17626053166,23072253500,23085436000,1781307115185-0
concurrency_n20_20260613_003117_redis_feed17_rep1,redis,sb:events:n20:feed17:rep1,a4bae40d-0f6e-4113-a1fd-58f688a0996d,3895232,245,245.0,17626053166,23085726700,23094217200,1781307115190-0
concurrency_n20_20260613_003117_redis_feed17_rep1,redis,sb:events:n20:feed17:rep1,27fe9e43-8e86-48a8-a298-dbf223803ccd,3895232,245,245.0,17626053166,23094641200,23095664300,1781307115199-0
concurrency_n20_20260613_003117_redis_feed17_rep1,redis,sb:events:n20:feed17:rep1,28cdd859-d8b1-4b7b-9135-3b9b731ef8e8,3895232,245,245.0,17626053166,23095851500,23096753200,1781307115200-0
concurrency_n20_20260613_003117_redis_feed17_rep1,redis,sb:events:n20:feed17:rep1,c92c7207-490c-4f75-8e99-0485e280b626,3895060,246,2.05,15601469833,23097135900,23105232400,1781307115201-0
concurrency_n20_20260613_003117_redis_feed17_rep1,redis,sb:events:n20:feed17:rep1,a8e17e26-0a74-4dd6-aa76-d55569f0bc7d,3895060,246,2.05,15601469833,23105860700,23107045500,1781307115210-0
concurrency_n20_20260613_003117_redis_feed17_rep1,redis,sb:events:n20:feed17:rep1,54d993e8-a8dc-4ea8-88f6-92958c4758f1,3895107,246,2.05,15601469833,23107414800,23108435700,1781307115212-0
concurrency_n20_20260613_003117_redis_feed17_rep1,redis,sb:events:n20:feed17:rep1,e619ae8d-92f0-439c-89c4-b28d5a47566c,3895113,246,2.05,15601469833,23108629400,23110537200,1781307115213-0
concurrency_n20_20260613_003117_redis_feed17_rep1,redis,sb:events:n20:feed17:rep1,b3916688-a71f-40ac-83ba-ebcf88241fea,3895113,246,2.05,15601469833,23111038200,23129636000,1781307115227-0
concurrency_n20_20260613_003117_redis_feed17_rep1,redis,sb:events:n20:feed17:rep1,bde8f069-d411-493f-97d5-6f5496f030c7,3895113,246,2.05,15601469833,23129959000,23131749400,1781307115234-0
concurrency_n20_20260613_003117_redis_feed17_rep1,redis,sb:events:n20:feed17:rep1,fe474a8e-046c-4d8c-b439-081a477b5f67,3895134,246,2.05,15601469833,23132158600,23133445600,1781307115237-0
concurrency_n20_20260613_003117_redis_feed17_rep1,redis,sb:events:n20:feed17:rep1,c331d9f1-e5b4-4215-8c29-0c12ae07d0fe,3895134,246,2.05,15601469833,23133652900,23142083500,1781307115239-0
concurrency_n20_20260613_003117_redis_feed17_rep1,redis,sb:events:n20:feed17:rep1,93994777-12ec-49b8-b9e7-aa4358d89c6f,3895086,246,2.05,15601469833,23143077500,23158003100,1781307115258-0
concurrency_n20_20260613_003117_redis_feed17_rep1,redis,sb:events:n20:feed17:rep1,8ddb91ff-0630-4ebe-a577-8bb1e0e4e4f8,3895232,246,246.0,17634386499,23158309700,23159966600,1781307115263-0
concurrency_n20_20260613_003117_redis_feed17_rep1,redis,sb:events:n20:feed17:rep1,e78a3dbc-e764-498c-a183-538a5e6a1a63,3895232,246,246.0,17634386499,23160291100,23163090900,1781307115266-0
concurrency_n20_20260613_003117_redis_feed17_rep1,redis,sb:events:n20:feed17:rep1,ff23d5d2-2668-45b7-90f0-b94a1ae8d46b,3895060,247,2.058333333333333,15601539277,23163405500,23164713300,1781307115268-0
concurrency_n20_20260613_003117_redis_feed17_rep1,redis,sb:events:n20:feed17:rep1,ed33169e-a844-4e1c-adcf-e150cd303c45,3895060,247,2.058333333333333,15601539277,23164963700,23166172000,1781307115269-0
concurrency_n20_20260613_003117_redis_feed17_rep1,redis,sb:events:n20:feed17:rep1,aefbfac4-fc26-4ef9-957a-87aab634d721,3895121,247,2.058333333333333,15601539277,23174323200,23177748500,1781307115279-0
concurrency_n20_20260613_003117_redis_feed17_rep1,redis,sb:events:n20:feed17:rep1,3066699a-6bc1-44fb-a597-079f37ef1255,3895067,247,2.058333333333333,15601539277,23178066000,23180107300,1781307115283-0
concurrency_n20_20260613_003117_redis_feed17_rep1,redis,sb:events:n20:feed17:rep1,1c63b354-a85d-49fb-a959-436969c70bd8,3895107,247,2.058333333333333,15601539277,23180548900,23181860200,1781307115285-0
concurrency_n20_20260613_003117_redis_feed17_rep1,redis,sb:events:n20:feed17:rep1,2015c382-6367-4172-9888-040cb1050de5,3895107,247,2.058333333333333,15601539277,23182501800,23186228100,1781307115289-0
concurrency_n20_20260613_003117_redis_feed17_rep1,redis,sb:events:n20:feed17:rep1,2d5cd8ad-b706-4ca9-b2cc-850f30956e73,3895113,247,2.058333333333333,15601539277,23186817900,23188560200,1781307115291-0
concurrency_n20_20260613_003117_redis_feed17_rep1,redis,sb:events:n20:feed17:rep1,620742d4-224d-4705-8454-4a204380c4ae,3895113,247,2.058333333333333,15601539277,23191512800,23193391800,1781307115296-0
concurrency_n20_20260613_003117_redis_feed17_rep1,redis,sb:events:n20:feed17:rep1,e5f06414-6c61-4d30-abea-76dc87ee2f51,3895052,247,2.058333333333333,15601539277,23193747900,23194982300,1781307115298-0
concurrency_n20_20260613_003117_redis_feed17_rep1,redis,sb:events:n20:feed17:rep1,ba181cd8-fb21-4e0b-9680-bb52deb092e5,3895134,247,2.058333333333333,15601539277,23196165700,23201433800,1781307115300-0
concurrency_n20_20260613_003117_redis_feed17_rep1,redis,sb:events:n20:feed17:rep1,4a66fe8f-a3e7-4faa-8668-75a5fdb0b27a,3895086,247,2.058333333333333,15601539277,23202319400,23204909800,1781307115307-0
concurrency_n20_20260613_003117_redis_feed17_rep1,redis,sb:events:n20:feed17:rep1,ab4d2c4b-192a-4008-bd6c-274713d6958c,3895086,247,2.058333333333333,15601539277,23205321300,23208531300,1781307115311-0
concurrency_n20_20260613_003117_redis_feed17_rep1,redis,sb:events:n20:feed17:rep1,d60b8245-40b0-43a8-876b-08f69505d1d6,3895060,248,2.066666666666667,15601608722,23213789300,23215009600,1781307115318-0
concurrency_n20_20260613_003117_redis_feed17_rep1,redis,sb:events:n20:feed17:rep1,c7c21979-4bd2-4a01-bbb2-1b937cf113e9,3895107,248,2.066666666666667,15601608722,23215337300,23217483900,1781307115320-0
concurrency_n20_20260613_003117_redis_feed17_rep1,redis,sb:events:n20:feed17:rep1,5bc6657b-a17c-486e-ad59-22672d97b128,3895052,248,2.066666666666667,15601608722,23217855700,23224366800,1781307115323-0
concurrency_n20_20260613_003117_redis_feed17_rep1,redis,sb:events:n20:feed17:rep1,37ef3617-eef5-4932-b39e-7ba609cda9e9,3895052,248,2.066666666666667,15601608722,23224693000,23226099700,1781307115329-0
concurrency_n20_20260613_003117_redis_feed17_rep1,redis,sb:events:n20:feed17:rep1,ae42d577-0431-4f31-9ead-6e4b21eb996c,3895052,248,2.066666666666667,15601608722,23226385200,23229617100,1781307115331-0
concurrency_n20_20260613_003117_redis_feed17_rep1,redis,sb:events:n20:feed17:rep1,e22f03e1-c240-4cfb-8126-d1822a1e738b,3895086,248,2.066666666666667,15601608722,23229907300,23231858600,1781307115334-0
concurrency_n20_20260613_003117_redis_feed17_rep1,redis,sb:events:n20:feed17:rep1,7498434e-a29a-40c6-8bbc-b35c913149b1,3895060,249,2.075,15601678166,23232196000,23235714400,1781307115337-0
concurrency_n20_20260613_003117_redis_feed17_rep1,redis,sb:events:n20:feed17:rep1,3c3c6ebe-8a92-413d-b985-2ba1fae9a34b,3895121,249,2.075,15601678166,23237148300,23239107100,1781307115341-0
concurrency_n20_20260613_003117_redis_feed17_rep1,redis,sb:events:n20:feed17:rep1,8260c198-30a9-462e-9979-46e59fdcff2b,3895060,249,2.075,15601678166,23239614000,23255346300,1781307115357-0
concurrency_n20_20260613_003117_redis_feed17_rep1,redis,sb:events:n20:feed17:rep1,8ec7e7a3-3e78-4452-ab7c-60de3489eb2a,3895121,249,2.075,15601678166,23255617200,23257160200,1781307115360-0
concurrency_n20_20260613_003117_redis_feed17_rep1,redis,sb:events:n20:feed17:rep1,e0e232f1-f077-4900-adaf-02d79dba1aa2,3895121,249,2.075,15601678166,23257380200,23264419100,1781307115362-0
concurrency_n20_20260613_003117_redis_feed17_rep1,redis,sb:events:n20:feed17:rep1,5a749fee-582f-4572-9cc8-4d8a5fb45e1e,3895067,249,2.075,15601678166,23264733200,23265774400,1781307115369-0
concurrency_n20_20260613_003117_redis_feed17_rep1,redis,sb:events:n20:feed17:rep1,5cde3f68-d1d9-416a-bdae-47ffc68cb272,3895067,249,2.075,15601678166,23266008500,23266982300,1781307115370-0
concurrency_n20_20260613_003117_redis_feed17_rep1,redis,sb:events:n20:feed17:rep1,af8ff7f6-55f8-4283-a775-d12939169496,3895107,249,2.075,15601678166,23267190900,23268055400,1781307115371-0
concurrency_n20_20260613_003117_redis_feed17_rep1,redis,sb:events:n20:feed17:rep1,6bb5ebdd-ec00-4dc5-ae7d-4faf39b4ca84,3895107,249,2.075,15601678166,23268259500,23273898100,1781307115373-0
concurrency_n20_20260613_003117_redis_feed17_rep1,redis,sb:events:n20:feed17:rep1,e064f784-ea92-4ce3-9871-79998510315f,3895113,249,2.075,15601678166,23274317400,23275431900,1781307115379-0
concurrency_n20_20260613_003117_redis_feed17_rep1,redis,sb:events:n20:feed17:rep1,a950b945-5931-47bb-8893-416fe97adb6f,3895113,249,2.075,15601678166,23275834800,23277202800,1781307115380-0
concurrency_n20_20260613_003117_redis_feed17_rep1,redis,sb:events:n20:feed17:rep1,3338b6f2-30a2-4ddc-bc42-6f104e07417c,3895052,249,2.075,15601678166,23278161600,23279259800,1781307115383-0
concurrency_n20_20260613_003117_redis_feed17_rep1,redis,sb:events:n20:feed17:rep1,dff59e8e-9bba-4344-b4d7-c048dc7bc0d2,3895134,249,2.075,15601678166,23279518000,23280329000,1781307115384-0
concurrency_n20_20260613_003117_redis_feed17_rep1,redis,sb:events:n20:feed17:rep1,2fc35d8e-0ed5-4615-80df-5cbeb2e876d6,3895134,249,2.075,15601678166,23280562500,23281678200,1781307115385-0
concurrency_n20_20260613_003117_redis_feed17_rep1,redis,sb:events:n20:feed17:rep1,2e1f6e6f-d929-430c-89f1-793076acf34e,3895121,250,2.083333333333333,15601747611,23281963700,23282786900,1781307115386-0
concurrency_n20_20260613_003117_redis_feed17_rep1,redis,sb:events:n20:feed17:rep1,f9105148-0173-48a8-a0e7-8f2868f34607,3895121,250,2.083333333333333,15601747611,23283011500,23284255300,1781307115387-0
concurrency_n20_20260613_003117_redis_feed17_rep1,redis,sb:events:n20:feed17:rep1,9687c7e2-1feb-4770-9bed-1359c7f10699,3895067,250,2.083333333333333,15601747611,23284463800,23285772100,1781307115389-0
concurrency_n20_20260613_003117_redis_feed17_rep1,redis,sb:events:n20:feed17:rep1,763d3753-8c73-4787-908b-2f1fab2f7cb5,3895067,250,2.083333333333333,15601747611,23285966900,23287177900,1781307115391-0
concurrency_n20_20260613_003117_redis_feed17_rep1,redis,sb:events:n20:feed17:rep1,5a633cce-0730-45b3-be3b-46490a79f46c,3895067,250,2.083333333333333,15601747611,23292680500,23294748200,1781307115398-0
concurrency_n20_20260613_003117_redis_feed17_rep1,redis,sb:events:n20:feed17:rep1,5572f10b-277c-4944-b80f-843659418dbb,3895086,250,2.083333333333333,15601747611,23294997300,23296345700,1781307115400-0
concurrency_n20_20260613_003117_redis_feed17_rep1,redis,sb:events:n20:feed17:rep1,bcc0a902-4f8e-4fae-b636-60e4fa615546,3895086,250,2.083333333333333,15601747611,23296665800,23307540400,1781307115408-0
concurrency_n20_20260613_003117_redis_feed17_rep1,redis,sb:events:n20:feed17:rep1,d7b7a8a5-73a9-484f-a409-e1b805c01c87,3895067,251,2.091666666666667,15601817055,23307935300,23309140700,1781307115413-0
concurrency_n20_20260613_003117_redis_feed17_rep1,redis,sb:events:n20:feed17:rep1,23a3f1a2-dac5-464c-adad-a58b446b585e,3895067,251,2.091666666666667,15601817055,23309411300,23310397800,1781307115414-0
concurrency_n20_20260613_003117_redis_feed17_rep1,redis,sb:events:n20:feed17:rep1,4252a4ee-a0ef-4198-8de4-5a2f9522ce8e,3895113,251,2.091666666666667,15601817055,23310671300,23318515900,1781307115416-0
concurrency_n20_20260613_003117_redis_feed17_rep1,redis,sb:events:n20:feed17:rep1,ab95580a-c5fd-4355-9cd4-ae53b8c8d220,3895113,251,2.091666666666667,15601817055,23319029200,23320422000,1781307115424-0
concurrency_n20_20260613_003117_redis_feed17_rep1,redis,sb:events:n20:feed17:rep1,6b91badb-145b-403b-9cd4-6b2f130ca1a8,3895134,251,2.091666666666667,15601817055,23320718800,23322537300,1781307115425-0
concurrency_n20_20260613_003117_redis_feed17_rep1,redis,sb:events:n20:feed17:rep1,372988d2-7155-4aa1-8ed8-d55c968cd8d0,3895134,251,2.091666666666667,15601817055,23322829200,23328184600,1781307115427-0
concurrency_n20_20260613_003117_redis_feed17_rep1,redis,sb:events:n20:feed17:rep1,15701045-40e6-4a1e-9941-11812194ff4d,3895086,251,2.091666666666667,15601817055,23329535000,23331546000,1781307115435-0
concurrency_n20_20260613_003117_redis_feed17_rep1,redis,sb:events:n20:feed17:rep1,6ba5f009-b494-430a-b179-7ddd78697f3e,3895086,251,2.091666666666667,15601817055,23332067800,23332999800,1781307115436-0
concurrency_n20_20260613_003117_redis_feed17_rep1,redis,sb:events:n20:feed17:rep1,b6ea3ad2-1e31-48c5-b19a-98e10ea0ed90,3895121,252,2.1,15601886500,23333276300,23334579200,1781307115438-0
concurrency_n20_20260613_003117_redis_feed17_rep1,redis,sb:events:n20:feed17:rep1,5d3a3138-c963-46ac-837e-56722f5994c3,3895067,252,2.1,15601886500,23334862400,23335887500,1781307115439-0
concurrency_n20_20260613_003117_redis_feed17_rep1,redis,sb:events:n20:feed17:rep1,f5b915a8-bd5f-4dda-9c57-a42ce35d6eff,3895067,252,2.1,15601886500,23336432600,23337679500,1781307115441-0
concurrency_n20_20260613_003117_redis_feed17_rep1,redis,sb:events:n20:feed17:rep1,4f9680a1-cfc9-4d05-a51f-9173fa11ee92,3895113,252,2.1,15601886500,23337896600,23340989200,1781307115442-0
concurrency_n20_20260613_003117_redis_feed17_rep1,redis,sb:events:n20:feed17:rep1,abf165aa-2ce1-4c25-bf70-490c5b2abd92,3895052,252,2.1,15601886500,23341296300,23360168900,1781307115460-0
concurrency_n20_20260613_003117_redis_feed17_rep1,redis,sb:events:n20:feed17:rep1,41c508b5-f7de-4d1c-9906-43812e26e08a,3895052,252,2.1,15601886500,23360429600,23363609600,1781307115466-0
concurrency_n20_20260613_003117_redis_feed17_rep1,redis,sb:events:n20:feed17:rep1,68b1846d-ccc6-4d31-9345-9d67b3c84731,3895134,252,2.1,15601886500,23363900600,23371687300,1781307115468-0
concurrency_n20_20260613_003117_redis_feed17_rep1,redis,sb:events:n20:feed17:rep1,47b7a3a6-df98-4b63-ab6c-0e67b237fd2e,3895086,252,2.1,15601886500,23372031700,23407541400,1781307115504-0
concurrency_n20_20260613_003117_redis_feed17_rep1,redis,sb:events:n20:feed17:rep1,f30a4e52-e1bb-44d6-bbd6-b5427066570a,3895086,252,2.1,15601886500,23407968000,23413086400,1781307115513-0
concurrency_n20_20260613_003117_redis_feed17_rep1,redis,sb:events:n20:feed17:rep1,23fcb1c6-448a-41c6-9ded-603f0e8de891,3895121,253,2.1083333333333334,15601955944,23413573800,23415269700,1781307115518-0
concurrency_n20_20260613_003117_redis_feed17_rep1,redis,sb:events:n20:feed17:rep1,827b2d28-2f37-4572-ab9c-069ea5dc9fff,3895121,253,2.1083333333333334,15601955944,23415622300,23417547100,1781307115520-0
concurrency_n20_20260613_003117_redis_feed17_rep1,redis,sb:events:n20:feed17:rep1,72bc8fb9-e854-4b72-9eb4-dbbdd76334be,3895067,253,2.1083333333333334,15601955944,23418229100,23419253800,1781307115523-0
concurrency_n20_20260613_003117_redis_feed17_rep1,redis,sb:events:n20:feed17:rep1,3b054ec0-afd6-4c32-b327-590cc4dd5ffe,3895107,253,2.1083333333333334,15601955944,23419521600,23430545300,1781307115524-0
concurrency_n20_20260613_003117_redis_feed17_rep1,redis,sb:events:n20:feed17:rep1,3aa3e80d-bde0-42ac-ae3a-3a3cd099742e,3895113,253,2.1083333333333334,15601955944,23430969700,23431945700,1781307115535-0
concurrency_n20_20260613_003117_redis_feed17_rep1,redis,sb:events:n20:feed17:rep1,c3eaf442-02ed-45bb-afff-81e4f9edadde,3895113,253,2.1083333333333334,15601955944,23432239100,23433044700,1781307115536-0
concurrency_n20_20260613_003117_redis_feed17_rep1,redis,sb:events:n20:feed17:rep1,e838618f-44ac-4e66-9194-d60c3f6e7abd,3895134,253,2.1083333333333334,15601955944,23433240800,23434088200,1781307115537-0
concurrency_n20_20260613_003117_redis_feed17_rep1,redis,sb:events:n20:feed17:rep1,56fce890-c539-4246-a231-394586bd980e,3895134,253,2.1083333333333334,15601955944,23443451000,23445838300,1781307115549-0
concurrency_n20_20260613_003117_redis_feed17_rep1,redis,sb:events:n20:feed17:rep1,7fba15f7-3edd-42da-a02b-e01058bec0e0,3895121,254,2.1166666666666667,15602025388,23446242300,23447490100,1781307115551-0
concurrency_n20_20260613_003117_redis_feed17_rep1,redis,sb:events:n20:feed17:rep1,f2326a2b-22e5-4161-8cc2-d1b54c4ff1e0,3895067,254,2.1166666666666667,15602025388,23447709900,23453836900,1781307115557-0
concurrency_n20_20260613_003117_redis_feed17_rep1,redis,sb:events:n20:feed17:rep1,62c0e076-6974-44ef-87e6-6abc089b20e5,3895067,254,2.1166666666666667,15602025388,23454275200,23455451900,1781307115559-0
concurrency_n20_20260613_003117_redis_feed17_rep1,redis,sb:events:n20:feed17:rep1,07605dac-9101-4084-85b6-0ff3aa13e713,3895107,254,2.1166666666666667,15602025388,23455742700,23456994400,1781307115560-0
concurrency_n20_20260613_003117_redis_feed17_rep1,redis,sb:events:n20:feed17:rep1,1f7b4eb1-045d-49b3-84a9-705211597510,3895113,254,2.1166666666666667,15602025388,23457339100,23458919100,1781307115562-0
concurrency_n20_20260613_003117_redis_feed17_rep1,redis,sb:events:n20:feed17:rep1,95495ca4-d30a-4194-9aad-46c67cc236cf,3895113,254,2.1166666666666667,15602025388,23459136500,23459786300,1781307115563-0
concurrency_n20_20260613_003117_redis_feed17_rep1,redis,sb:events:n20:feed17:rep1,0305b979-98f5-4dce-ae43-b9e06c071c2d,3895086,254,2.1166666666666667,15602025388,23460052400,23461042600,1781307115564-0
concurrency_n20_20260613_003117_redis_feed17_rep1,redis,sb:events:n20:feed17:rep1,7aaf1c25-30a6-42b9-b9bd-63b2d39326d9,3895086,254,2.1166666666666667,15602025388,23461270800,23462526200,1781307115566-0
concurrency_n20_20260613_003117_redis_feed17_rep1,redis,sb:events:n20:feed17:rep1,74cdadbe-4ae0-41f1-bd31-9066e33654db,3895086,254,2.1166666666666667,15602025388,23462769500,23464256300,1781307115567-0
concurrency_n20_20260613_003117_redis_feed17_rep1,redis,sb:events:n20:feed17:rep1,a6ff0aaa-7566-4d4f-a06c-46ace6c47dd0,3895121,255,2.125,15602094833,23464605500,23466084000,1781307115569-0
concurrency_n20_20260613_003117_redis_feed17_rep1,redis,sb:events:n20:feed17:rep1,53c837f3-864c-4d65-9556-8026ebaf94f3,3895121,255,2.125,15602094833,23466380000,23470955600,1781307115571-0
concurrency_n20_20260613_003117_redis_feed17_rep1,redis,sb:events:n20:feed17:rep1,790592ad-c30c-4fa2-874e-b463207cfb0d,3895121,255,2.125,15602094833,23472280000,23473436700,1781307115577-0
concurrency_n20_20260613_003117_redis_feed17_rep1,redis,sb:events:n20:feed17:rep1,475bf600-abec-46e1-aa92-2d063bd4077c,3895067,255,2.125,15602094833,23473840000,23493965800,1781307115592-0
concurrency_n20_20260613_003117_redis_feed17_rep1,redis,sb:events:n20:feed17:rep1,b10113ce-a8de-48f5-8517-af3279ec8628,3895067,255,2.125,15602094833,23502481700,23526092300,1781307115620-0
concurrency_n20_20260613_003117_redis_feed17_rep1,redis,sb:events:n20:feed17:rep1,863a3ccc-d506-437d-8d85-656626a95677,3895067,255,2.125,15602094833,23526415200,23530428300,1781307115633-0
concurrency_n20_20260613_003117_redis_feed17_rep1,redis,sb:events:n20:feed17:rep1,3f6e1998-3960-47d3-a9a3-d937889a724b,3895107,255,2.125,15602094833,23530876600,23564225500,1781307115667-0
concurrency_n20_20260613_003117_redis_feed17_rep1,redis,sb:events:n20:feed17:rep1,1a436570-6eda-405a-a093-7841eb59112e,3895107,255,2.125,15602094833,23564536200,23569585200,1781307115672-0
concurrency_n20_20260613_003117_redis_feed17_rep1,redis,sb:events:n20:feed17:rep1,ed6fcf57-b0a1-42ba-b892-7aaa0a8c1763,3895113,255,2.125,15602094833,23570026900,23574011700,1781307115677-0
concurrency_n20_20260613_003117_redis_feed17_rep1,redis,sb:events:n20:feed17:rep1,cf794ce2-9fb3-4b38-8268-3b4f01194d09,3895086,255,2.125,15602094833,23574298200,23582052000,1781307115679-0
concurrency_n20_20260613_003117_redis_feed17_rep1,redis,sb:events:n20:feed17:rep1,6d5c715e-caca-428e-984d-b85c4705e734,3895086,255,2.125,15602094833,23586117500,23587123500,1781307115691-0
concurrency_n20_20260613_003117_redis_feed17_rep1,redis,sb:events:n20:feed17:rep1,52a86328-9c1c-4ae5-8a45-43a5e89ac59c,3895067,256,2.1333333333333333,15602164277,23587413900,23588494100,1781307115692-0
concurrency_n20_20260613_003117_redis_feed17_rep1,redis,sb:events:n20:feed17:rep1,4ba28518-4c9e-44cb-ac7f-39b0806cbba9,3895067,256,2.1333333333333333,15602164277,23588722600,23599625900,1781307115702-0
concurrency_n20_20260613_003117_redis_feed17_rep1,redis,sb:events:n20:feed17:rep1,a5f68153-d972-4a57-a0e5-0cb301466d19,3895067,256,2.1333333333333333,15602164277,23600047300,23602744800,1781307115705-0
concurrency_n20_20260613_003117_redis_feed17_rep1,redis,sb:events:n20:feed17:rep1,0db67404-1c02-4346-ae52-a14c248ee179,3895113,256,2.1333333333333333,15602164277,23603110600,23605167600,1781307115708-0
concurrency_n20_20260613_003117_redis_feed17_rep1,redis,sb:events:n20:feed17:rep1,e22ba07a-d04f-4fc4-9f5c-0f02a69be95b,3895134,256,2.1333333333333333,15602164277,23605498900,23612388800,1781307115710-0
concurrency_n20_20260613_003117_redis_feed17_rep1,redis,sb:events:n20:feed17:rep1,6ec97d1a-06e8-4b68-979d-3020292d1441,3895086,256,2.1333333333333333,15602164277,23612846500,23614731700,1781307115717-0
concurrency_n20_20260613_003117_redis_feed17_rep1,redis,sb:events:n20:feed17:rep1,23706c78-86ab-456e-a979-df8e697e6909,3895086,256,2.1333333333333333,15602164277,23614979800,23617133200,1781307115720-0
concurrency_n20_20260613_003117_redis_feed17_rep1,redis,sb:events:n20:feed17:rep1,59a991c1-59bf-4fad-8f31-088615a3ba09,3895121,257,2.1416666666666666,15602233722,23617467600,23619517900,1781307115722-0
concurrency_n20_20260613_003117_redis_feed17_rep1,redis,sb:events:n20:feed17:rep1,cb14ea90-5d2b-47c7-9bc3-b5c8d67229b9,3895121,257,2.1416666666666666,15602233722,23619782000,23621551300,1781307115724-0
concurrency_n20_20260613_003117_redis_feed17_rep1,redis,sb:events:n20:feed17:rep1,62e1ac85-475b-41c2-9b77-e59c9e842495,3895107,257,2.1416666666666666,15602233722,23621787700,23622775000,1781307115726-0
concurrency_n20_20260613_003117_redis_feed17_rep1,redis,sb:events:n20:feed17:rep1,3e16c4a5-f67a-49d4-b9a6-3c4ce4920dff,3895134,257,2.1416666666666666,15602233722,23622995600,23624243300,1781307115727-0
concurrency_n20_20260613_003117_redis_feed17_rep1,redis,sb:events:n20:feed17:rep1,e4df921b-4a22-4c53-911c-f17696fbd589,3895134,257,2.1416666666666666,15602233722,23627856000,23633318200,1781307115736-0
concurrency_n20_20260613_003117_redis_feed17_rep1,redis,sb:events:n20:feed17:rep1,54204948-7ae4-4ee2-afe1-e0ddd2bd4aec,3895086,257,2.1416666666666666,15602233722,23633676700,23636141100,1781307115738-0
concurrency_n20_20260613_003117_redis_feed17_rep1,redis,sb:events:n20:feed17:rep1,73a9ced2-4181-48ba-846e-bdb30829fcce,3895086,257,2.1416666666666666,15602233722,23636447700,23646644300,1781307115750-0
concurrency_n20_20260613_003117_redis_feed17_rep1,redis,sb:events:n20:feed17:rep1,38e2a384-9e04-4022-80d7-b973f795b0a9,3895067,258,2.15,15602303166,23647021400,23648400100,1781307115752-0
concurrency_n20_20260613_003117_redis_feed17_rep1,redis,sb:events:n20:feed17:rep1,bf15dbac-44e7-4bff-a8f0-603372cda1a0,3895067,258,2.15,15602303166,23648747800,23649954300,1781307115753-0
concurrency_n20_20260613_003117_redis_feed17_rep1,redis,sb:events:n20:feed17:rep1,f5117633-0494-4caf-8991-e6e6e82a6d58,3895074,258,2.15,15602303166,23650289700,23651789800,1781307115755-0
concurrency_n20_20260613_003117_redis_feed17_rep1,redis,sb:events:n20:feed17:rep1,1f90c84b-8198-4fe6-926e-b127432fe1ce,3895107,258,2.15,15602303166,23652154800,23653490900,1781307115757-0
concurrency_n20_20260613_003117_redis_feed17_rep1,redis,sb:events:n20:feed17:rep1,cc6dccb1-5860-46f3-8735-8e8f428d01b9,3895107,258,2.15,15602303166,23653726300,23654519800,1781307115758-0
concurrency_n20_20260613_003117_redis_feed17_rep1,redis,sb:events:n20:feed17:rep1,e03baa4b-601d-4da7-8fea-80b62a62484d,3895086,258,2.15,15602303166,23654747600,23661980200,1781307115765-0
concurrency_n20_20260613_003117_redis_feed17_rep1,redis,sb:events:n20:feed17:rep1,68854cd3-aa73-4048-ade3-4704949a8de0,3895086,258,2.15,15602303166,23662296200,23662963100,1781307115766-0
concurrency_n20_20260613_003117_redis_feed17_rep1,redis,sb:events:n20:feed17:rep1,b48dd5a9-9fda-4540-9579-1eb7241c1732,3895086,258,2.15,15602303166,23663260400,23695227600,1781307115798-0
concurrency_n20_20260613_003117_redis_feed17_rep1,redis,sb:events:n20:feed17:rep1,2e46e287-e9c1-4099-a47b-5bd15f749fdd,3895121,259,2.158333333333333,15602372611,23695521700,23736197100,1781307115824-0
concurrency_n20_20260613_003117_redis_feed17_rep1,redis,sb:events:n20:feed17:rep1,e2076784-c7cd-4a7b-911d-32148bdcb668,3895067,259,2.158333333333333,15602372611,23736517100,23737407500,1781307115841-0
concurrency_n20_20260613_003117_redis_feed17_rep1,redis,sb:events:n20:feed17:rep1,e9f720af-7816-4335-a7c7-128a55d24113,3895107,259,2.158333333333333,15602372611,23737693300,23738343300,1781307115842-0
concurrency_n20_20260613_003117_redis_feed17_rep1,redis,sb:events:n20:feed17:rep1,663fed60-ccc7-45ed-b398-8c2b0921fb53,3895113,259,2.158333333333333,15602372611,23738563100,23739396800,1781307115843-0
concurrency_n20_20260613_003117_redis_feed17_rep1,redis,sb:events:n20:feed17:rep1,9b56a464-22da-4631-8ac9-d069ad9e27a8,3895113,259,2.158333333333333,15602372611,23739614300,23751434200,1781307115845-0
concurrency_n20_20260613_003117_redis_feed17_rep1,redis,sb:events:n20:feed17:rep1,10838d52-0301-4524-876a-0b60517930a0,3895113,259,2.158333333333333,15602372611,23751753600,23776596200,1781307115876-0
concurrency_n20_20260613_003117_redis_feed17_rep1,redis,sb:events:n20:feed17:rep1,47215bf6-9a9b-44ef-83e0-300fed2e90e6,3895086,259,2.158333333333333,15602372611,23776836100,23780751400,1781307115881-0
concurrency_n20_20260613_003117_redis_feed17_rep1,redis,sb:events:n20:feed17:rep1,6a23b116-5052-424c-8edb-ec17fc93049c,3895086,259,2.158333333333333,15602372611,23781052500,23783856500,1781307115885-0
concurrency_n20_20260613_003117_redis_feed17_rep1,redis,sb:events:n20:feed17:rep1,9aa277b0-c06e-4c8f-871f-fc858ede75a1,3895095,260,2.1666666666666665,15602442055,23784284700,23804687100,1781307115895-0
concurrency_n20_20260613_003117_redis_feed17_rep1,redis,sb:events:n20:feed17:rep1,6bcac124-e4dc-45f1-b0bd-21ed8e841c40,3895121,260,2.1666666666666665,15602442055,23805084300,23808468800,1781307115910-0
concurrency_n20_20260613_003117_redis_feed17_rep1,redis,sb:events:n20:feed17:rep1,ee0a8cc6-0d4e-4359-8cdc-c4657c2527ba,3895121,260,2.1666666666666665,15602442055,23808799900,23810324600,1781307115913-0
concurrency_n20_20260613_003117_redis_feed17_rep1,redis,sb:events:n20:feed17:rep1,ea4cd5da-c431-45e1-9579-f6afcf1d18e1,3895074,260,2.1666666666666665,15602442055,23810642800,23812702700,1781307115915-0
concurrency_n20_20260613_003117_redis_feed17_rep1,redis,sb:events:n20:feed17:rep1,0125e4f0-5e8a-476d-8cfe-ea841d753ef4,3895067,260,2.1666666666666665,15602442055,23812953500,23814107200,1781307115917-0
concurrency_n20_20260613_003117_redis_feed17_rep1,redis,sb:events:n20:feed17:rep1,ed84fc85-9f8b-412f-81c2-680173fb86ae,3895074,260,2.1666666666666665,15602442055,23814478900,23815414800,1781307115919-0
concurrency_n20_20260613_003117_redis_feed17_rep1,redis,sb:events:n20:feed17:rep1,4942bd70-328f-4b42-b1a0-ca86e5ed0132,3895067,260,2.1666666666666665,15602442055,23815849600,23816693800,1781307115920-0
concurrency_n20_20260613_003117_redis_feed17_rep1,redis,sb:events:n20:feed17:rep1,5dad505a-6623-4536-b2ac-6022b8da73d4,3895107,260,2.1666666666666665,15602442055,23816911500,23817631500,1781307115921-0
concurrency_n20_20260613_003117_redis_feed17_rep1,redis,sb:events:n20:feed17:rep1,485ae714-24e3-4f42-b361-07329c135923,3895107,260,2.1666666666666665,15602442055,23817827900,23818991400,1781307115922-0
concurrency_n20_20260613_003117_redis_feed17_rep1,redis,sb:events:n20:feed17:rep1,71cc3eec-93e6-4ef6-a5c2-af39d963246d,3895113,260,2.1666666666666665,15602442055,23819191100,23824664800,1781307115927-0
concurrency_n20_20260613_003117_redis_feed17_rep1,redis,sb:events:n20:feed17:rep1,0ca04aaf-412c-44d0-a7a2-8b121880b269,3895113,260,2.1666666666666665,15602442055,23825034300,23826141600,1781307115929-0
concurrency_n20_20260613_003117_redis_feed17_rep1,redis,sb:events:n20:feed17:rep1,996cd44e-aacc-4356-94f2-018d44db541e,3895095,261,2.175,15602511500,23826344200,23827123600,1781307115931-0
concurrency_n20_20260613_003117_redis_feed17_rep1,redis,sb:events:n20:feed17:rep1,16bc8159-f671-475a-bcba-c53e4796be16,3895074,261,2.175,15602511500,23827297700,23832525300,1781307115932-0
concurrency_n20_20260613_003117_redis_feed17_rep1,redis,sb:events:n20:feed17:rep1,0fe5d0e6-56a8-4c1e-b502-944527c8b3b2,3895067,261,2.175,15602511500,23833249900,23834646900,1781307115938-0
concurrency_n20_20260613_003117_redis_feed17_rep1,redis,sb:events:n20:feed17:rep1,24493149-eac2-44f2-b2f5-271189452a64,3895134,261,2.175,15602511500,23835063300,23836108400,1781307115939-0
concurrency_n20_20260613_003117_redis_feed17_rep1,redis,sb:events:n20:feed17:rep1,3bf5beec-84d5-40c2-a1af-d4f3766fe09e,3895232,261,261.0,17759386500,23836323300,23859825900,1781307115959-0
concurrency_n20_20260613_003117_redis_feed17_rep1,redis,sb:events:n20:feed17:rep1,cfa33c23-5e87-40cc-8d8c-c0758d159bc3,3895121,262,2.183333333333333,15602580944,23860193500,23869877700,1781307115971-0
concurrency_n20_20260613_003117_redis_feed17_rep1,redis,sb:events:n20:feed17:rep1,10d650b0-aeb3-480f-a773-2363ee75ceac,3895074,262,2.183333333333333,15602580944,23870545000,23873181500,1781307115975-0
concurrency_n20_20260613_003117_redis_feed17_rep1,redis,sb:events:n20:feed17:rep1,f095118b-5d42-442e-a60a-331f0f9173be,3895074,262,2.183333333333333,15602580944,23880665600,23881710400,1781307115985-0
concurrency_n20_20260613_003117_redis_feed17_rep1,redis,sb:events:n20:feed17:rep1,514d34a6-6e55-491c-a213-7c9fa1c0b7fb,3895107,262,2.183333333333333,15602580944,23882028000,23882976200,1781307115986-0
concurrency_n20_20260613_003117_redis_feed17_rep1,redis,sb:events:n20:feed17:rep1,4e2224cd-3e95-48e5-9712-7710ef3f1c0a,3895134,262,2.183333333333333,15602580944,23883699000,23884639500,1781307115988-0
concurrency_n20_20260613_003117_redis_feed17_rep1,redis,sb:events:n20:feed17:rep1,f1cd4674-ad76-45d4-9628-c4e224ac2f35,3895134,262,2.183333333333333,15602580944,23885031800,23886026400,1781307115989-0
concurrency_n20_20260613_003117_redis_feed17_rep1,redis,sb:events:n20:feed17:rep1,66caab40-09c3-446d-a427-cf45c915444d,3895086,262,2.183333333333333,15602580944,23886246100,23887472900,1781307115991-0
concurrency_n20_20260613_003117_redis_feed17_rep1,redis,sb:events:n20:feed17:rep1,f6c5cd91-5e90-43e5-ae71-dc9a8bb9e1d6,3895232,262,262.0,17767719833,23887897800,23889187800,1781307115992-0
concurrency_n20_20260613_003117_redis_feed17_rep1,redis,sb:events:n20:feed17:rep1,8618303d-99e2-4e41-bfce-73679717791a,3895121,263,2.191666666666667,15602650388,23889466700,23890793800,1781307115994-0
concurrency_n20_20260613_003117_redis_feed17_rep1,redis,sb:events:n20:feed17:rep1,bc4a7ba2-d4e7-4286-8374-d79a5779f841,3895121,263,2.191666666666667,15602650388,23891109400,23891980200,1781307115995-0
concurrency_n20_20260613_003117_redis_feed17_rep1,redis,sb:events:n20:feed17:rep1,8298e9c7-a913-4efc-a9ba-9ee43d90dcc5,3895067,263,2.191666666666667,15602650388,23892354700,23900881800,1781307116002-0
concurrency_n20_20260613_003117_redis_feed17_rep1,redis,sb:events:n20:feed17:rep1,13e41f11-b758-4c70-b60d-97d3887b664b,3895067,263,2.191666666666667,15602650388,23901237900,23903002300,1781307116005-0
concurrency_n20_20260613_003117_redis_feed17_rep1,redis,sb:events:n20:feed17:rep1,18d31a96-ce5f-4b9f-83fc-6d5e684cf434,3895067,263,2.191666666666667,15602650388,23903243800,23905151900,1781307116008-0
concurrency_n20_20260613_003117_redis_feed17_rep1,redis,sb:events:n20:feed17:rep1,6282f2ed-5306-4692-97a8-018abed55a97,3895086,263,2.191666666666667,15602650388,23907663700,23917128800,1781307116019-0
concurrency_n20_20260613_003117_redis_feed17_rep1,redis,sb:events:n20:feed17:rep1,eff5f18d-d9ab-4ea8-8d10-cbb0207abddd,3895232,263,263.0,17776053166,23917432600,23919259800,1781307116022-0
concurrency_n20_20260613_003117_redis_feed17_rep1,redis,sb:events:n20:feed17:rep1,0d575998-33de-49ca-b066-2b07f6d5b877,3895086,263,2.191666666666667,15602650388,23919573400,23924104900,1781307116025-0
concurrency_n20_20260613_003117_redis_feed17_rep1,redis,sb:events:n20:feed17:rep1,2c155794-7231-487e-8463-a99b8c0bf033,3895086,263,2.191666666666667,15602650388,23925134200,23927209700,1781307116030-0
concurrency_n20_20260613_003117_redis_feed17_rep1,redis,sb:events:n20:feed17:rep1,92038172-7102-4357-88a0-d66531d0be4e,3895086,263,2.191666666666667,15602650388,23927512800,23928710100,1781307116032-0
concurrency_n20_20260613_003117_redis_feed17_rep1,redis,sb:events:n20:feed17:rep1,8fe456b1-05c6-45d3-8b82-1ac9bf0fe7be,3895067,264,2.2,15602719833,23929162600,23930198900,1781307116034-0
concurrency_n20_20260613_003117_redis_feed17_rep1,redis,sb:events:n20:feed17:rep1,3d789615-1091-409c-85fd-685e7676feda,3895067,264,2.2,15602719833,23930441300,23931619100,1781307116035-0
concurrency_n20_20260613_003117_redis_feed17_rep1,redis,sb:events:n20:feed17:rep1,13ee56a2-d705-49a4-ab4a-d4d369100413,3895107,264,2.2,15602719833,23931863400,23932671600,1781307116036-0
concurrency_n20_20260613_003117_redis_feed17_rep1,redis,sb:events:n20:feed17:rep1,9c10cb13-35c4-4526-ac97-d99683b9e699,3895107,264,2.2,15602719833,23932885200,23933559500,1781307116037-0
concurrency_n20_20260613_003117_redis_feed17_rep1,redis,sb:events:n20:feed17:rep1,efb93bf2-d768-4a93-af9f-ca59ff1274c9,3895134,264,2.2,15602719833,23933754500,23934720500,1781307116038-0
concurrency_n20_20260613_003117_redis_feed17_rep1,redis,sb:events:n20:feed17:rep1,f3e7188b-0c93-4149-9cca-ca28d2fe4937,3895232,264,264.0,17784386500,23934980700,23936874100,1781307116040-0
concurrency_n20_20260613_003117_redis_feed17_rep1,redis,sb:events:n20:feed17:rep1,7df27a76-b289-454e-9d11-e9afef89bef2,3895232,264,264.0,17784386500,23937237800,23942454000,1781307116042-0
concurrency_n20_20260613_003117_redis_feed17_rep1,redis,sb:events:n20:feed17:rep1,b6c7894b-dd9c-454c-8216-795a1b1cf868,3895134,265,2.208333333333333,15602789277,23943142500,23945807300,1781307116048-0
concurrency_n20_20260613_003117_redis_feed17_rep1,redis,sb:events:n20:feed17:rep1,e8c16e82-8ebb-4b72-a210-830ca6c8a4a8,3895232,265,265.0,17792719833,23946049400,23969451500,1781307116071-0
concurrency_n20_20260613_003117_redis_feed17_rep1,redis,sb:events:n20:feed17:rep1,34c88955-3322-45ec-8d48-1dc784b8d9cb,3895086,265,2.208333333333333,15602789277,23974460700,23981499000,1781307116084-0
concurrency_n20_20260613_003117_redis_feed17_rep1,redis,sb:events:n20:feed17:rep1,88b7d2c5-ea70-4802-8e21-22e5bec35408,3895086,265,2.208333333333333,15602789277,23982233700,23986150200,1781307116087-0
concurrency_n20_20260613_003117_redis_feed17_rep1,redis,sb:events:n20:feed17:rep1,9e776352-0652-4d54-bb99-2af9245e34bd,3895121,266,2.216666666666667,15602858722,23986649400,23994548200,1781307116098-0
concurrency_n20_20260613_003117_redis_feed17_rep1,redis,sb:events:n20:feed17:rep1,b554adb2-7947-471d-978b-65ab486e3695,3895107,266,2.216666666666667,15602858722,23994889200,23996040700,1781307116099-0
concurrency_n20_20260613_003117_redis_feed17_rep1,redis,sb:events:n20:feed17:rep1,095beac9-7bb6-4509-8f3b-046dbe3256e6,3895086,266,2.216666666666667,15602858722,23996442100,23997634800,1781307116101-0
concurrency_n20_20260613_003117_redis_feed17_rep1,redis,sb:events:n20:feed17:rep1,2180041b-af64-4877-a4d2-385bd5e76108,3895086,266,2.216666666666667,15602858722,23998395600,23999486300,1781307116103-0
concurrency_n20_20260613_003117_redis_feed17_rep1,redis,sb:events:n20:feed17:rep1,ed4f581a-98cf-437d-b2d9-6ab817f3a8e1,3895086,266,2.216666666666667,15602858722,23999759200,24000711000,1781307116104-0
concurrency_n20_20260613_003117_redis_feed17_rep1,redis,sb:events:n20:feed17:rep1,9e68e4a2-3f54-4586-9c97-d02b4d59c25f,3895086,266,2.216666666666667,15602858722,24000916200,24002041800,1781307116105-0
concurrency_n20_20260613_003117_redis_feed17_rep1,redis,sb:events:n20:feed17:rep1,b9cd084b-db1f-4e4d-bb2b-8df05782ef9e,3895060,267,2.225,15602928166,24002259000,24003135800,1781307116107-0
concurrency_n20_20260613_003117_redis_feed17_rep1,redis,sb:events:n20:feed17:rep1,4dca818c-95a9-4119-bcf7-c9ceb9b6e893,3895121,267,2.225,15602928166,24003347400,24004647900,1781307116108-0
concurrency_n20_20260613_003117_redis_feed17_rep1,redis,sb:events:n20:feed17:rep1,46623275-b589-4b8c-a3ac-860979f10126,3895121,267,2.225,15602928166,24005554100,24006582700,1781307116110-0
concurrency_n20_20260613_003117_redis_feed17_rep1,redis,sb:events:n20:feed17:rep1,51a56ca6-53b2-4905-a64e-1f75f54f9c22,3895074,267,2.225,15602928166,24006913300,24013461600,1781307116111-0
concurrency_n20_20260613_003117_redis_feed17_rep1,redis,sb:events:n20:feed17:rep1,e54d1ea2-fdce-4a39-a60e-a10cbdd38c69,3895067,267,2.225,15602928166,24013906500,24025649200,1781307116129-0
concurrency_n20_20260613_003117_redis_feed17_rep1,redis,sb:events:n20:feed17:rep1,1e1a8680-84d3-44a8-a763-d0c2f61ccaef,3895107,267,2.225,15602928166,24025915500,24026802700,1781307116130-0
concurrency_n20_20260613_003117_redis_feed17_rep1,redis,sb:events:n20:feed17:rep1,33b1a949-8fed-4cab-b202-2efc500d55ca,3895232,267,267.0,17809386500,24027060700,24034331800,1781307116132-0
concurrency_n20_20260613_003117_redis_feed17_rep1,redis,sb:events:n20:feed17:rep1,9bf2594f-3b2c-4ba9-9142-6c5acd5a31c5,3895232,267,267.0,17809386500,24034675800,24036433300,1781307116139-0
concurrency_n20_20260613_003117_redis_feed17_rep1,redis,sb:events:n20:feed17:rep1,343781b7-0e28-4c1a-9519-e9a223c4a2ab,3895086,267,2.225,15602928166,24036993300,24038087300,1781307116141-0
concurrency_n20_20260613_003117_redis_feed17_rep1,redis,sb:events:n20:feed17:rep1,bd4fd27a-af25-48c9-b982-579d4156695a,3895086,267,2.225,15602928166,24038371400,24039488300,1781307116143-0
concurrency_n20_20260613_003117_redis_feed17_rep1,redis,sb:events:n20:feed17:rep1,0b59b3bf-4601-4c24-8885-60395189f536,3895086,267,2.225,15602928166,24039813600,24040889600,1781307116144-0
concurrency_n20_20260613_003117_redis_feed17_rep1,redis,sb:events:n20:feed17:rep1,0fba1ad7-479b-4b6d-bc7b-6c018c155cf0,3895074,268,2.2333333333333334,15602997611,24041140600,24042151600,1781307116146-0
concurrency_n20_20260613_003117_redis_feed17_rep1,redis,sb:events:n20:feed17:rep1,ee0a6df8-5cef-40c1-9e50-478ba581f659,3895074,268,2.2333333333333334,15602997611,24042961600,24044683900,1781307116148-0
concurrency_n20_20260613_003117_redis_feed17_rep1,redis,sb:events:n20:feed17:rep1,fd1049b3-6c01-4bcf-9e28-659dc18d76be,3895067,268,2.2333333333333334,15602997611,24044974500,24046186100,1781307116150-0
concurrency_n20_20260613_003117_redis_feed17_rep1,redis,sb:events:n20:feed17:rep1,c885f171-2860-4119-9ee5-46c6577051c7,3895067,268,2.2333333333333334,15602997611,24046445800,24047236200,1781307116151-0
concurrency_n20_20260613_003117_redis_feed17_rep1,redis,sb:events:n20:feed17:rep1,dd5cc896-95a8-4dde-b096-19f8a35fedae,3895067,268,2.2333333333333334,15602997611,24047414700,24055954100,1781307116152-0
concurrency_n20_20260613_003117_redis_feed17_rep1,redis,sb:events:n20:feed17:rep1,d2605132-7102-44cd-989b-463ca323eadd,3895067,268,2.2333333333333334,15602997611,24056457500,24057868900,1781307116161-0
concurrency_n20_20260613_003117_redis_feed17_rep1,redis,sb:events:n20:feed17:rep1,c8b2a6c1-0af0-40cb-954c-fc5b21ed2a10,3895107,268,2.2333333333333334,15602997611,24058205800,24059330700,1781307116163-0
concurrency_n20_20260613_003117_redis_feed17_rep1,redis,sb:events:n20:feed17:rep1,391c6d6b-904b-4a03-8e42-64066fa8bd04,3895107,268,2.2333333333333334,15602997611,24059630000,24061826400,1781307116165-0
concurrency_n20_20260613_003117_redis_feed17_rep1,redis,sb:events:n20:feed17:rep1,e74c249e-23f6-4b45-b6d3-1314c1b07372,3895134,268,2.2333333333333334,15602997611,24062333600,24063698300,1781307116167-0
concurrency_n20_20260613_003117_redis_feed17_rep1,redis,sb:events:n20:feed17:rep1,c83ebc9a-b029-493e-8581-ec84cacecafd,3895134,268,2.2333333333333334,15602997611,24064078700,24065330200,1781307116169-0
concurrency_n20_20260613_003117_redis_feed17_rep1,redis,sb:events:n20:feed17:rep1,aca80b04-2892-4c4f-888e-df76c7567817,3895086,268,2.2333333333333334,15602997611,24065599500,24074154100,1781307116170-0
concurrency_n20_20260613_003117_redis_feed17_rep1,redis,sb:events:n20:feed17:rep1,0cde918a-e527-4076-8a12-e5a60f799698,3895086,268,2.2333333333333334,15602997611,24074564000,24075418200,1781307116179-0
concurrency_n20_20260613_003117_redis_feed17_rep1,redis,sb:events:n20:feed17:rep1,338ab47a-b28f-4c2b-bd70-7e12984b30fc,3895060,269,2.2416666666666667,15603067055,24075717200,24077260500,1781307116180-0
concurrency_n20_20260613_003117_redis_feed17_rep1,redis,sb:events:n20:feed17:rep1,01628134-a403-45a5-9d2d-22b3bfe0979c,3895060,269,2.2416666666666667,15603067055,24077738700,24079500900,1781307116183-0
concurrency_n20_20260613_003117_redis_feed17_rep1,redis,sb:events:n20:feed17:rep1,1f368669-6dbe-435c-a840-a7460f2a4eb8,3895121,269,2.2416666666666667,15603067055,24080099100,24081122300,1781307116184-0
concurrency_n20_20260613_003117_redis_feed17_rep1,redis,sb:events:n20:feed17:rep1,723e6795-1547-43a5-8c9e-2aed6477cf78,3895121,269,2.2416666666666667,15603067055,24081380600,24082581100,1781307116186-0
concurrency_n20_20260613_003117_redis_feed17_rep1,redis,sb:events:n20:feed17:rep1,afa22405-2040-43ab-b197-f2419187cd98,3895074,269,2.2416666666666667,15603067055,24082952300,24088711000,1781307116187-0
concurrency_n20_20260613_003117_redis_feed17_rep1,redis,sb:events:n20:feed17:rep1,177f2b40-74c1-40e8-bec1-804b49c2c305,3895107,269,2.2416666666666667,15603067055,24089543000,24091052000,1781307116194-0
concurrency_n20_20260613_003117_redis_feed17_rep1,redis,sb:events:n20:feed17:rep1,6eaa0b6f-a268-4df3-8485-181924de80a4,3895060,270,2.25,15603136500,24091400600,24093014600,1781307116196-0
concurrency_n20_20260613_003117_redis_feed17_rep1,redis,sb:events:n20:feed17:rep1,42078d0a-8356-4d5f-8c14-9258e6893705,3895060,270,2.25,15603136500,24093229600,24099873800,1781307116198-0
concurrency_n20_20260613_003117_redis_feed17_rep1,redis,sb:events:n20:feed17:rep1,e8deba9d-f61c-4666-89ca-9aac01e5ed15,3895060,270,2.25,15603136500,24100205000,24101430600,1781307116205-0
concurrency_n20_20260613_003117_redis_feed17_rep1,redis,sb:events:n20:feed17:rep1,01bb8b26-990c-48f7-85c8-d20de30bddea,3895074,270,2.25,15603136500,24101717000,24102702600,1781307116206-0
concurrency_n20_20260613_003117_redis_feed17_rep1,redis,sb:events:n20:feed17:rep1,3583f06d-21fc-45fc-b46a-01fe1867d33b,3895074,270,2.25,15603136500,24102934300,24140648600,1781307116230-0
concurrency_n20_20260613_003117_redis_feed17_rep1,redis,sb:events:n20:feed17:rep1,dfba11df-0765-423a-bb4f-a4a1b86cc36e,3895074,270,2.25,15603136500,24140902900,24141614200,1781307116245-0
concurrency_n20_20260613_003117_redis_feed17_rep1,redis,sb:events:n20:feed17:rep1,d514dd51-cbc8-4d01-a300-dc01767fd9d5,3895067,270,2.25,15603136500,24141825500,24143107700,1781307116246-0
concurrency_n20_20260613_003117_redis_feed17_rep1,redis,sb:events:n20:feed17:rep1,7f6e4468-5f83-4886-80bb-75c5a0d8ff6d,3895067,270,2.25,15603136500,24143850100,24160675400,1781307116249-0
concurrency_n20_20260613_003117_redis_feed17_rep1,redis,sb:events:n20:feed17:rep1,977ef353-dfbd-4e2c-a5a2-37786c84f1f3,3895107,270,2.25,15603136500,24160998300,24161916400,1781307116265-0
concurrency_n20_20260613_003117_redis_feed17_rep1,redis,sb:events:n20:feed17:rep1,1e9330b6-39e2-4a05-bf78-c117c52f08e8,3895107,270,2.25,15603136500,24162246900,24163437200,1781307116267-0
concurrency_n20_20260613_003117_redis_feed17_rep1,redis,sb:events:n20:feed17:rep1,8aed6f04-02ac-4e12-be25-8acf290f30a7,3895107,270,2.25,15603136500,24163729900,24164898600,1781307116268-0
concurrency_n20_20260613_003117_redis_feed17_rep1,redis,sb:events:n20:feed17:rep1,bc0b8dcf-0f27-4a89-ba32-bc747d9bc952,3895134,270,2.25,15603136500,24165212000,24166079300,1781307116270-0
concurrency_n20_20260613_003117_redis_feed17_rep1,redis,sb:events:n20:feed17:rep1,d1c31a84-50f3-4711-ace8-656823c4e0dc,3895232,270,270.0,17834386500,24166409100,24167148500,1781307116271-0
concurrency_n20_20260613_003117_redis_feed17_rep1,redis,sb:events:n20:feed17:rep1,e9ba22ee-8e47-4642-9ed4-f11566f547de,3895086,270,2.25,15603136500,24167390100,24180905800,1781307116272-0
concurrency_n20_20260613_003117_redis_feed17_rep1,redis,sb:events:n20:feed17:rep1,5581ad54-dcfa-4b43-8955-ab459b7cc83d,3895060,271,2.2583333333333333,15603205944,24181301100,24252866500,1781307116343-0
concurrency_n20_20260613_003117_redis_feed17_rep1,redis,sb:events:n20:feed17:rep1,44a9ff5c-461a-4345-8903-b8369f454bab,3895121,271,2.2583333333333333,15603205944,24253152100,24255858800,1781307116358-0
concurrency_n20_20260613_003117_redis_feed17_rep1,redis,sb:events:n20:feed17:rep1,1fdfc1cf-dc92-4683-9358-6644a102d190,3895067,271,2.2583333333333333,15603205944,24256091300,24258273300,1781307116361-0
concurrency_n20_20260613_003117_redis_feed17_rep1,redis,sb:events:n20:feed17:rep1,1036de56-68da-4a7d-ae7a-0c2693862ce9,3895067,271,2.2583333333333333,15603205944,24258545500,24265938100,1781307116369-0
concurrency_n20_20260613_003117_redis_feed17_rep1,redis,sb:events:n20:feed17:rep1,07406593-3095-4290-a316-b490ea348684,3895067,271,2.2583333333333333,15603205944,24266191300,24266915100,1781307116370-0
concurrency_n20_20260613_003117_redis_feed17_rep1,redis,sb:events:n20:feed17:rep1,00119947-82ad-443c-af11-6dd33262c767,3895052,271,2.2583333333333333,15603205944,24267146600,24268894100,1781307116372-0
concurrency_n20_20260613_003117_redis_feed17_rep1,redis,sb:events:n20:feed17:rep1,0267a16d-9851-474d-b248-83f9736881eb,3895107,271,2.2583333333333333,15603205944,24269149900,24274664500,1781307116374-0
concurrency_n20_20260613_003117_redis_feed17_rep1,redis,sb:events:n20:feed17:rep1,6e729421-0bbd-49c9-b3d7-487e8f0d20dd,3895107,271,2.2583333333333333,15603205944,24275125700,24276007200,1781307116379-0
concurrency_n20_20260613_003117_redis_feed17_rep1,redis,sb:events:n20:feed17:rep1,a4412978-7f9a-4fc3-b054-1cd626d5abfd,3895107,271,2.2583333333333333,15603205944,24276275600,24277799100,1781307116381-0
concurrency_n20_20260613_003117_redis_feed17_rep1,redis,sb:events:n20:feed17:rep1,86c9ab13-4b82-4056-ae14-1fc5594b80fd,3895107,271,2.2583333333333333,15603205944,24278130400,24281276000,1781307116383-0
concurrency_n20_20260613_003117_redis_feed17_rep1,redis,sb:events:n20:feed17:rep1,bc947e40-b3f2-4f11-9aea-31ada13bfb38,3895107,271,2.2583333333333333,15603205944,24281892200,24283736200,1781307116387-0
concurrency_n20_20260613_003117_redis_feed17_rep1,redis,sb:events:n20:feed17:rep1,74542926-021d-4bd8-8a65-0130ef27dc9e,3895074,272,2.2666666666666666,15603275388,24284206800,24285833600,1781307116389-0
concurrency_n20_20260613_003117_redis_feed17_rep1,redis,sb:events:n20:feed17:rep1,0419fc46-4002-44ec-ae27-ee60e5e41bdc,3895074,272,2.2666666666666666,15603275388,24286087200,24288662400,1781307116391-0
concurrency_n20_20260613_003117_redis_feed17_rep1,redis,sb:events:n20:feed17:rep1,13575c0f-d745-415b-980c-2927d9b04576,3895107,272,2.2666666666666666,15603275388,24288918800,24291579700,1781307116394-0
concurrency_n20_20260613_003117_redis_feed17_rep1,redis,sb:events:n20:feed17:rep1,1a1db8f2-a69a-43c3-a27b-c25bec9dc718,3895232,272,272.0,17851053166,24292169200,24294796000,1781307116398-0
concurrency_n20_20260613_003117_redis_feed17_rep1,redis,sb:events:n20:feed17:rep1,46a8b593-8da9-4479-bf85-567a592bca20,3895232,272,272.0,17851053166,24295292500,24300836200,1781307116404-0
concurrency_n20_20260613_003117_redis_feed17_rep1,redis,sb:events:n20:feed17:rep1,f36bb127-6982-489b-b4a5-5d0ec6b2f789,3895232,272,272.0,17851053166,24301170500,24301953700,1781307116405-0
concurrency_n20_20260613_003117_redis_feed17_rep1,redis,sb:events:n20:feed17:rep1,5d1aff3f-0748-4407-b489-77cd8f595cc5,3895060,273,2.275,15603344833,24302339100,24303452100,1781307116407-0
concurrency_n20_20260613_003117_redis_feed17_rep1,redis,sb:events:n20:feed17:rep1,fb2e4456-06c9-402f-8b09-37b2a0a85011,3895060,273,2.275,15603344833,24303677100,24310509500,1781307116409-0
concurrency_n20_20260613_003117_redis_feed17_rep1,redis,sb:events:n20:feed17:rep1,14f03a0a-69ac-45c2-9584-3133cfcdf441,3895121,273,2.275,15603344833,24310820000,24334453400,1781307116438-0
concurrency_n20_20260613_003117_redis_feed17_rep1,redis,sb:events:n20:feed17:rep1,2e5d777b-b87c-4193-9c66-2dc4f9799c0a,3895121,273,2.275,15603344833,24334749000,24340077000,1781307116440-0
concurrency_n20_20260613_003117_redis_feed17_rep1,redis,sb:events:n20:feed17:rep1,e6500334-9172-4211-86d2-4367cd05906d,3895074,273,2.275,15603344833,24340704400,24343470500,1781307116445-0
concurrency_n20_20260613_003117_redis_feed17_rep1,redis,sb:events:n20:feed17:rep1,47f7c1fd-4df8-4d04-8596-5ca260499f6c,3895107,273,2.275,15603344833,24343746400,24378975700,1781307116448-0
concurrency_n20_20260613_003117_redis_feed17_rep1,redis,sb:events:n20:feed17:rep1,0b89a38a-1b1e-41f8-a0b7-590546850b3c,3895107,273,2.275,15603344833,24382138300,24390496300,1781307116494-0
concurrency_n20_20260613_003117_redis_feed17_rep1,redis,sb:events:n20:feed17:rep1,705881f6-76d6-46d2-a301-243af6757449,3895107,273,2.275,15603344833,24391034100,24392748700,1781307116496-0
concurrency_n20_20260613_003117_redis_feed17_rep1,redis,sb:events:n20:feed17:rep1,50f26d4f-3cb8-4532-9185-4a10012037a5,3895107,273,2.275,15603344833,24393147500,24393929400,1781307116498-0
concurrency_n20_20260613_003117_redis_feed17_rep1,redis,sb:events:n20:feed17:rep1,c8deccf2-d454-445c-ad38-9cc2eb62faf5,3895060,274,2.283333333333333,15603414277,24394326200,24395391700,1781307116499-0
concurrency_n20_20260613_003117_redis_feed17_rep1,redis,sb:events:n20:feed17:rep1,ae390965-1a6c-455f-b3ca-922cf7b54142,3895121,274,2.283333333333333,15603414277,24396058100,24397343200,1781307116500-0
concurrency_n20_20260613_003117_redis_feed17_rep1,redis,sb:events:n20:feed17:rep1,6919c78c-5325-4109-82e5-f5c2db07e3e9,3895074,274,2.283333333333333,15603414277,24398267500,24399627700,1781307116503-0
concurrency_n20_20260613_003117_redis_feed17_rep1,redis,sb:events:n20:feed17:rep1,9f9621bb-4395-4d3a-a51e-1e5352417f9c,3895074,274,2.283333333333333,15603414277,24399865700,24400722200,1781307116504-0
concurrency_n20_20260613_003117_redis_feed17_rep1,redis,sb:events:n20:feed17:rep1,91bb7ef0-a5ae-46fe-b05b-ba8dd1589f69,3895074,274,2.283333333333333,15603414277,24401027700,24401572800,1781307116505-0
concurrency_n20_20260613_003117_redis_feed17_rep1,redis,sb:events:n20:feed17:rep1,8f2b509c-1b20-4fee-b757-e93b371d3008,3895052,274,2.283333333333333,15603414277,24401727300,24409128000,1781307116506-0
concurrency_n20_20260613_003117_redis_feed17_rep1,redis,sb:events:n20:feed17:rep1,ad9f5632-f016-4768-bb7f-f954877f062a,3895052,274,2.283333333333333,15603414277,24409390500,24411075700,1781307116515-0
concurrency_n20_20260613_003117_redis_feed17_rep1,redis,sb:events:n20:feed17:rep1,18e2c4a7-33ef-460e-9455-d33add609933,3895107,274,2.283333333333333,15603414277,24411316600,24436119200,1781307116537-0
concurrency_n20_20260613_003117_redis_feed17_rep1,redis,sb:events:n20:feed17:rep1,bebba0a9-6275-4627-896b-8ed0fb80dae6,3895107,274,2.283333333333333,15603414277,24436537600,24454038100,1781307116541-0
concurrency_n20_20260613_003117_redis_feed17_rep1,redis,sb:events:n20:feed17:rep1,e62902c0-2889-4b8b-83f2-45b3103a6902,3895232,274,274.0,17867719833,24454514500,24456834900,1781307116560-0
concurrency_n20_20260613_003117_redis_feed17_rep1,redis,sb:events:n20:feed17:rep1,75afa202-d7dc-411e-a696-fea9b4226dc8,3895232,274,274.0,17867719833,24457155800,24458186000,1781307116562-0
concurrency_n20_20260613_003117_redis_feed17_rep1,redis,sb:events:n20:feed17:rep1,d79f6245-9768-492a-9dce-b994852baa9f,3895232,274,274.0,17867719833,24458421700,24463775500,1781307116563-0
concurrency_n20_20260613_003117_redis_feed17_rep1,redis,sb:events:n20:feed17:rep1,3a395ce8-2863-48f0-9c25-dc5b497d7340,3895060,275,2.2916666666666665,15603483722,24465429800,24484001800,1781307116585-0
concurrency_n20_20260613_003117_redis_feed17_rep1,redis,sb:events:n20:feed17:rep1,e3ee7bfb-48b2-4421-aa5e-3d42632496ae,3895060,275,2.2916666666666665,15603483722,24484390500,24487291900,1781307116590-0
concurrency_n20_20260613_003117_redis_feed17_rep1,redis,sb:events:n20:feed17:rep1,9cbd77fd-6ab8-4c45-b0cb-21beb14be19c,3895067,275,2.2916666666666665,15603483722,24487595000,24493178900,1781307116592-0
concurrency_n20_20260613_003117_redis_feed17_rep1,redis,sb:events:n20:feed17:rep1,69d57cf5-7da9-48d1-9f9d-a8929a77f91b,3895052,275,2.2916666666666665,15603483722,24493466200,24502772800,1781307116606-0
concurrency_n20_20260613_003117_redis_feed17_rep1,redis,sb:events:n20:feed17:rep1,06904d29-3849-430d-8a89-6dfe0363c0aa,3895052,275,2.2916666666666665,15603483722,24503519400,24522635900,1781307116625-0
concurrency_n20_20260613_003117_redis_feed17_rep1,redis,sb:events:n20:feed17:rep1,9c2de277-bdcb-4d07-87fd-aaa32b58aa09,3895113,275,2.2916666666666665,15603483722,24522921800,24548416900,1781307116647-0
concurrency_n20_20260613_003117_redis_feed17_rep1,redis,sb:events:n20:feed17:rep1,3e029e4b-2571-4ea8-805a-a3e6062ffc31,3895060,276,2.3,15603553166,24548753900,24553075600,1781307116654-0
concurrency_n20_20260613_003117_redis_feed17_rep1,redis,sb:events:n20:feed17:rep1,25ed9580-8a5c-468c-9a49-d265d1628d7c,3895060,276,2.3,15603553166,24553411200,24565005600,1781307116665-0
concurrency_n20_20260613_003117_redis_feed17_rep1,redis,sb:events:n20:feed17:rep1,24e7d246-d03c-4463-9647-764ef1571c7b,3895060,276,2.3,15603553166,24569600400,24593601000,1781307116694-0
concurrency_n20_20260613_003117_redis_feed17_rep1,redis,sb:events:n20:feed17:rep1,5d3ea8bf-19e4-4faa-b170-4213f4e8a325,3895121,276,2.3,15603553166,24593852500,24597423300,1781307116699-0
concurrency_n20_20260613_003117_redis_feed17_rep1,redis,sb:events:n20:feed17:rep1,ab0f44f8-edc0-4be0-9286-f7a48ce1d621,3895074,276,2.3,15603553166,24597706700,24611668500,1781307116706-0
concurrency_n20_20260613_003117_redis_feed17_rep1,redis,sb:events:n20:feed17:rep1,d5550ce2-817b-45ec-b62d-eaf2c9168046,3895074,276,2.3,15603553166,24613452800,24615217800,1781307116718-0
concurrency_n20_20260613_003117_redis_feed17_rep1,redis,sb:events:n20:feed17:rep1,ad174cea-e878-4b47-bac6-e43587231760,3895067,276,2.3,15603553166,24615488800,24618861400,1781307116722-0
concurrency_n20_20260613_003117_redis_feed17_rep1,redis,sb:events:n20:feed17:rep1,40babdd6-38b1-4e24-8e68-91d2b1cb2640,3895074,276,2.3,15603553166,24622244000,24645724500,1781307116746-0
concurrency_n20_20260613_003117_redis_feed17_rep1,redis,sb:events:n20:feed17:rep1,f20e0998-f0f2-4f59-a826-427a42aff538,3895067,276,2.3,15603553166,24645996400,24667439300,1781307116753-0
concurrency_n20_20260613_003117_redis_feed17_rep1,redis,sb:events:n20:feed17:rep1,3a855901-93d7-4b45-94b2-4c0f6c0e82ed,3895067,276,2.3,15603553166,24667832200,24672783200,1781307116774-0
concurrency_n20_20260613_003117_redis_feed17_rep1,redis,sb:events:n20:feed17:rep1,b14b6ebe-eca3-4487-8f1d-10c596a36043,3895067,276,2.3,15603553166,24673222100,24688975900,1781307116778-0
concurrency_n20_20260613_003117_redis_feed17_rep1,redis,sb:events:n20:feed17:rep1,cfcb5f7a-11c5-4c7d-aca0-34a607c28528,3895067,276,2.3,15603553166,24689226400,24691326700,1781307116794-0
concurrency_n20_20260613_003117_redis_feed17_rep1,redis,sb:events:n20:feed17:rep1,e84ef588-3bfd-48b9-af0f-1de178e3704f,3895067,276,2.3,15603553166,24691602800,24692636000,1781307116796-0
concurrency_n20_20260613_003117_redis_feed17_rep1,redis,sb:events:n20:feed17:rep1,4cacd608-9f81-4f99-a2ee-6215f1c722dc,3895052,276,2.3,15603553166,24692903300,24693904800,1781307116797-0
concurrency_n20_20260613_003117_redis_feed17_rep1,redis,sb:events:n20:feed17:rep1,7cc8a6ee-1fe0-4a05-96ee-79c9193f1042,3895134,276,2.3,15603553166,24694182800,24695122200,1781307116799-0
concurrency_n20_20260613_003117_redis_feed17_rep1,redis,sb:events:n20:feed17:rep1,868323ed-f7b6-4532-b538-6da877f8c6ea,3895134,276,2.3,15603553166,24695339900,24696203800,1781307116800-0
concurrency_n20_20260613_003117_redis_feed17_rep1,redis,sb:events:n20:feed17:rep1,018bfbd5-8993-41c6-9f87-96900fdb3b6b,3895052,277,2.308333333333333,15603622611,24696414400,24697454100,1781307116801-0
concurrency_n20_20260613_003117_redis_feed17_rep1,redis,sb:events:n20:feed17:rep1,e12d511e-1106-4f3b-bf88-d506519c4884,3895052,277,2.308333333333333,15603622611,24697640200,24712822400,1781307116802-0
concurrency_n20_20260613_003117_redis_feed17_rep1,redis,sb:events:n20:feed17:rep1,c1ce0b69-c83b-4203-a004-0cc06eaaea18,3895052,277,2.308333333333333,15603622611,24713350800,24719616300,1781307116823-0
concurrency_n20_20260613_003117_redis_feed17_rep1,redis,sb:events:n20:feed17:rep1,94b39728-4689-424b-998b-45215151d294,3895113,277,2.308333333333333,15603622611,24719928000,24720850500,1781307116824-0
concurrency_n20_20260613_003117_redis_feed17_rep1,redis,sb:events:n20:feed17:rep1,2e59a3f6-708e-4f6d-9857-0db997357252,3895107,277,2.308333333333333,15603622611,24721055700,24726450900,1781307116825-0
concurrency_n20_20260613_003117_redis_feed17_rep1,redis,sb:events:n20:feed17:rep1,6f9a912e-8839-48b1-8ff9-2642edecd22e,3895134,277,2.308333333333333,15603622611,24726949600,24728372600,1781307116832-0
concurrency_n20_20260613_003117_redis_feed17_rep1,redis,sb:events:n20:feed17:rep1,8fc24d79-0a41-4f88-99d7-204758d39b89,3895134,277,2.308333333333333,15603622611,24728650700,24729546900,1781307116833-0
concurrency_n20_20260613_003117_redis_feed17_rep1,redis,sb:events:n20:feed17:rep1,baf0b43d-7488-4aba-aac8-3be34e44c57e,3895060,278,2.316666666666667,15603692055,24729780400,24731216900,1781307116834-0
concurrency_n20_20260613_003117_redis_feed17_rep1,redis,sb:events:n20:feed17:rep1,0d8489b9-7f91-4328-b9aa-66d7c5e770c4,3895060,278,2.316666666666667,15603692055,24736725000,24737961800,1781307116841-0
concurrency_n20_20260613_003117_redis_feed17_rep1,redis,sb:events:n20:feed17:rep1,f5ac72a0-313e-4115-9141-cb1c511e5982,3895060,278,2.316666666666667,15603692055,24738222000,24739213300,1781307116843-0
concurrency_n20_20260613_003117_redis_feed17_rep1,redis,sb:events:n20:feed17:rep1,a9d798fa-3d9d-4b30-9e68-36e6d3883cd3,3895052,278,2.316666666666667,15603692055,24739474800,24740445800,1781307116844-0
concurrency_n20_20260613_003117_redis_feed17_rep1,redis,sb:events:n20:feed17:rep1,a59fc0f2-8e48-4685-a06b-7b4dddeef5ee,3895052,278,2.316666666666667,15603692055,24747946000,24749362600,1781307116853-0
concurrency_n20_20260613_003117_redis_feed17_rep1,redis,sb:events:n20:feed17:rep1,2ae64d10-519e-4f7d-8016-1e7020ea6102,3895113,278,2.316666666666667,15603692055,24749596600,24751857600,1781307116855-0
concurrency_n20_20260613_003117_redis_feed17_rep1,redis,sb:events:n20:feed17:rep1,6c225640-f176-4e3d-ac14-90e4c5e92771,3895107,278,2.316666666666667,15603692055,24752143500,24753151900,1781307116857-0
concurrency_n20_20260613_003117_redis_feed17_rep1,redis,sb:events:n20:feed17:rep1,4b050067-d4a7-4ccf-8e57-bca82a28a6d4,3895107,278,2.316666666666667,15603692055,24758371000,24786274900,1781307116887-0
concurrency_n20_20260613_003117_redis_feed17_rep1,redis,sb:events:n20:feed17:rep1,b73a59d8-9248-44e7-95e7-df186b7286e8,3895232,278,278.0,17901053166,24786593000,24788604200,1781307116891-0
concurrency_n20_20260613_003117_redis_feed17_rep1,redis,sb:events:n20:feed17:rep1,49cf4fe8-b797-43be-ac83-247a4ec230d6,3895067,279,2.325,15603761500,24788899800,24791006900,1781307116894-0
concurrency_n20_20260613_003117_redis_feed17_rep1,redis,sb:events:n20:feed17:rep1,910ee5d4-a9ee-4e89-9716-f1fa16a2a1a8,3895067,279,2.325,15603761500,24791222200,24795996600,1781307116896-0
concurrency_n20_20260613_003117_redis_feed17_rep1,redis,sb:events:n20:feed17:rep1,2cab364f-9f1a-48d5-84a0-39eb53d6a523,3895107,279,2.325,15603761500,24796935100,24798502100,1781307116902-0
concurrency_n20_20260613_003117_redis_feed17_rep1,redis,sb:events:n20:feed17:rep1,b04f658e-c2cd-43fa-8e72-6ed6944d0e0d,3895232,279,279.0,17909386500,24798750700,24799562500,1781307116903-0
concurrency_n20_20260613_003117_redis_feed17_rep1,redis,sb:events:n20:feed17:rep1,c767d0f0-b533-4c55-9fc7-ef63d70387d2,3895232,279,279.0,17909386500,24799783500,24805475300,1781307116904-0
concurrency_n20_20260613_003117_redis_feed17_rep1,redis,sb:events:n20:feed17:rep1,8d0c4828-6ecc-4c3a-ad37-c9ef7b46bae6,3895060,280,2.333333333333333,15603830944,24808555600,24814379700,1781307116914-0
concurrency_n20_20260613_003117_redis_feed17_rep1,redis,sb:events:n20:feed17:rep1,e2545d71-6cb3-4d04-b512-29634e629949,3895060,280,2.333333333333333,15603830944,24814926800,24816599100,1781307116920-0
concurrency_n20_20260613_003117_redis_feed17_rep1,redis,sb:events:n20:feed17:rep1,5658732c-8910-4bc4-b28f-cf8177cced8f,3895074,280,2.333333333333333,15603830944,24821912800,24824599200,1781307116927-0
concurrency_n20_20260613_003117_redis_feed17_rep1,redis,sb:events:n20:feed17:rep1,1a2f1bb2-b17c-4251-964c-c55a609354dc,3895067,280,2.333333333333333,15603830944,24824862600,24827315400,1781307116930-0
concurrency_n20_20260613_003117_redis_feed17_rep1,redis,sb:events:n20:feed17:rep1,9238108d-5286-460e-a544-1977259b4b14,3895067,280,2.333333333333333,15603830944,24827955100,24838152500,1781307116933-0
concurrency_n20_20260613_003117_redis_feed17_rep1,redis,sb:events:n20:feed17:rep1,4274c45b-a4a8-4d35-b735-92673ff7bb85,3895107,280,2.333333333333333,15603830944,24838438300,24841239600,1781307116945-0
concurrency_n20_20260613_003117_redis_feed17_rep1,redis,sb:events:n20:feed17:rep1,ffad8e12-d947-4590-a5cd-09ad0a25fda0,3895107,280,2.333333333333333,15603830944,24841537800,24842993900,1781307116946-0
concurrency_n20_20260613_003117_redis_feed17_rep1,redis,sb:events:n20:feed17:rep1,9e65c182-64c2-458a-b4a6-046ac7633e88,3895107,280,2.333333333333333,15603830944,24843234800,24847962600,1781307116948-0
concurrency_n20_20260613_003117_redis_feed17_rep1,redis,sb:events:n20:feed17:rep1,d9b862fb-af09-4321-a4ba-3fbac00741ea,3895107,280,2.333333333333333,15603830944,24848272900,24851477300,1781307116953-0
concurrency_n20_20260613_003117_redis_feed17_rep1,redis,sb:events:n20:feed17:rep1,99b58f95-c443-4e63-87eb-c4aa0873132c,3895232,280,280.0,17917719833,24851722200,24855448400,1781307116956-0
concurrency_n20_20260613_003117_redis_feed17_rep1,redis,sb:events:n20:feed17:rep1,2efcc702-f0a6-4e9d-a945-d4a1a1df34e7,3895121,281,2.341666666666667,15603900388,24855940400,24857546900,1781307116961-0
concurrency_n20_20260613_003117_redis_feed17_rep1,redis,sb:events:n20:feed17:rep1,7473579b-eaa2-4648-a82c-d30461462a01,3895067,281,2.341666666666667,15603900388,24857790500,24859953200,1781307116962-0
concurrency_n20_20260613_003117_redis_feed17_rep1,redis,sb:events:n20:feed17:rep1,8bd03049-5688-479a-b578-c689c3828aad,3895067,281,2.341666666666667,15603900388,24860191400,24866402600,1781307116966-0
concurrency_n20_20260613_003117_redis_feed17_rep1,redis,sb:events:n20:feed17:rep1,52171c5c-7129-4cfe-bf36-3f3933d86f9f,3895067,281,2.341666666666667,15603900388,24870990900,24875413900,1781307116977-0
concurrency_n20_20260613_003117_redis_feed17_rep1,redis,sb:events:n20:feed17:rep1,7bfa15b0-20b4-444d-b3a4-8e0d1d2d60ce,3895067,281,2.341666666666667,15603900388,24875685700,24876719600,1781307116980-0
concurrency_n20_20260613_003117_redis_feed17_rep1,redis,sb:events:n20:feed17:rep1,513566a5-0596-433d-b838-5a0ecbbb6391,3895052,281,2.341666666666667,15603900388,24876966800,24878561700,1781307116982-0
concurrency_n20_20260613_003117_redis_feed17_rep1,redis,sb:events:n20:feed17:rep1,5752b5a5-7543-4f2b-b691-05f80bfdfdb4,3895113,281,2.341666666666667,15603900388,24878833000,24880041900,1781307116983-0
concurrency_n20_20260613_003117_redis_feed17_rep1,redis,sb:events:n20:feed17:rep1,deff4a58-2b46-4ee3-afb5-7beaa4e271cf,3895113,281,2.341666666666667,15603900388,24880453700,24881288600,1781307116985-0
concurrency_n20_20260613_003117_redis_feed17_rep1,redis,sb:events:n20:feed17:rep1,6ca29a7c-3af3-4df8-89b2-259787337a97,3895232,281,281.0,17926053166,24881892100,24887941200,1781307116986-0
concurrency_n20_20260613_003117_redis_feed17_rep1,redis,sb:events:n20:feed17:rep1,7638aa4f-fc86-4e6f-9d52-f16adbdb3560,3895232,281,281.0,17926053166,24888203400,24890433100,1781307116993-0
concurrency_n20_20260613_003117_redis_feed17_rep1,redis,sb:events:n20:feed17:rep1,f8ee9336-adc4-46ed-9a34-53bc427ca7dc,3895121,282,2.35,15603969833,24890925400,24949916800,1781307117053-0
concurrency_n20_20260613_003117_redis_feed17_rep1,redis,sb:events:n20:feed17:rep1,c8d6e150-201e-40de-bbf2-56fb717bab49,3895121,282,2.35,15603969833,24950302400,24962797200,1781307117065-0
concurrency_n20_20260613_003117_redis_feed17_rep1,redis,sb:events:n20:feed17:rep1,97b9f2ad-35c3-49e8-8e35-900be9cf79b3,3895074,282,2.35,15603969833,24963089600,24966820600,1781307117068-0
concurrency_n20_20260613_003117_redis_feed17_rep1,redis,sb:events:n20:feed17:rep1,a44cbcbf-12ed-49a6-9d32-2c82422cb944,3895074,282,2.35,15603969833,24967092300,24973425800,1781307117077-0
concurrency_n20_20260613_003117_redis_feed17_rep1,redis,sb:events:n20:feed17:rep1,9aaa2778-697e-4c11-82eb-8c57f2d4ec16,3895052,282,2.35,15603969833,24973741700,24974632000,1781307117078-0
concurrency_n20_20260613_003117_redis_feed17_rep1,redis,sb:events:n20:feed17:rep1,1a72cf08-746a-4d2b-907f-05cc7a7e8f01,3895052,282,2.35,15603969833,24974867100,24976364500,1781307117079-0
concurrency_n20_20260613_003117_redis_feed17_rep1,redis,sb:events:n20:feed17:rep1,315fc20d-7643-46e6-8d84-3cfb7816d4d4,3895107,282,2.35,15603969833,24976688100,24978180300,1781307117081-0
concurrency_n20_20260613_003117_redis_feed17_rep1,redis,sb:events:n20:feed17:rep1,8c947879-4c6e-4acd-ac86-b132ac1078c3,3895107,282,2.35,15603969833,24978904400,24980119500,1781307117084-0
concurrency_n20_20260613_003117_redis_feed17_rep1,redis,sb:events:n20:feed17:rep1,bd91d331-3fad-4773-b280-31b8e2669675,3895107,282,2.35,15603969833,24980592600,24981714800,1781307117085-0
concurrency_n20_20260613_003117_redis_feed17_rep1,redis,sb:events:n20:feed17:rep1,2cd0c91a-68f3-4c69-b978-da4ecf01bde4,3895121,283,2.3583333333333334,15604039277,24982042500,24983428400,1781307117087-0
concurrency_n20_20260613_003117_redis_feed17_rep1,redis,sb:events:n20:feed17:rep1,3a3e5e21-de4e-4bd2-affa-64baa9598327,3895067,283,2.3583333333333334,15604039277,24983662400,24985211900,1781307117089-0
concurrency_n20_20260613_003117_redis_feed17_rep1,redis,sb:events:n20:feed17:rep1,3997464c-8bb8-48c4-ba87-2c3428361a16,3895052,283,2.3583333333333334,15604039277,24985705600,24987489800,1781307117091-0
concurrency_n20_20260613_003117_redis_feed17_rep1,redis,sb:events:n20:feed17:rep1,b7143e0f-b3b7-4e41-88e9-0813c82c834f,3895107,283,2.3583333333333334,15604039277,24988310200,24990758200,1781307117093-0
concurrency_n20_20260613_003117_redis_feed17_rep1,redis,sb:events:n20:feed17:rep1,52174727-508f-4236-b78d-96aacfb5d310,3895107,283,2.3583333333333334,15604039277,24991015600,24996258100,1781307117099-0
concurrency_n20_20260613_003117_redis_feed17_rep1,redis,sb:events:n20:feed17:rep1,e94e2b5f-2092-418d-adb7-2a6f17b89379,3895060,284,2.3666666666666667,15604108722,24997227300,25011975800,1781307117114-0
concurrency_n20_20260613_003117_redis_feed17_rep1,redis,sb:events:n20:feed17:rep1,d713fc77-ffb3-4552-97d8-219bc743bbbd,3895121,284,2.3666666666666667,15604108722,25012478700,25017635400,1781307117120-0
concurrency_n20_20260613_003117_redis_feed17_rep1,redis,sb:events:n20:feed17:rep1,368713b6-97c5-443c-9fd1-4afb44a00723,3895121,284,2.3666666666666667,15604108722,25017980200,25025114100,1781307117123-0
concurrency_n20_20260613_003117_redis_feed17_rep1,redis,sb:events:n20:feed17:rep1,cad4a11b-995b-4d03-a3f1-02007a646905,3895121,284,2.3666666666666667,15604108722,25025457800,25048987200,1781307117152-0
concurrency_n20_20260613_003117_redis_feed17_rep1,redis,sb:events:n20:feed17:rep1,508812af-8f6e-40e5-b3ed-7b2d494bc38d,3895067,284,2.3666666666666667,15604108722,25049318100,25088940600,1781307117191-0
concurrency_n20_20260613_003117_redis_feed17_rep1,redis,sb:events:n20:feed17:rep1,e1c51bfa-af34-42e9-9204-05fbadc7713b,3895067,284,2.3666666666666667,15604108722,25089280000,25099377600,1781307117202-0
concurrency_n20_20260613_003117_redis_feed17_rep1,redis,sb:events:n20:feed17:rep1,3cf8259d-cc18-447f-a465-d72dc70c4da2,3895113,284,2.3666666666666667,15604108722,25100475300,25102918600,1781307117205-0
concurrency_n20_20260613_003117_redis_feed17_rep1,redis,sb:events:n20:feed17:rep1,53051d4a-9f6c-484d-8b94-e11b91a1776b,3895052,284,2.3666666666666667,15604108722,25103198700,25125152500,1781307117216-0
concurrency_n20_20260613_003117_redis_feed17_rep1,redis,sb:events:n20:feed17:rep1,d0e24332-4557-4964-a5c1-deeac13c4cbe,3895052,284,2.3666666666666667,15604108722,25125627200,25127396800,1781307117231-0
concurrency_n20_20260613_003117_redis_feed17_rep1,redis,sb:events:n20:feed17:rep1,568df90e-0d23-44bf-8c96-729a611c51c4,3895107,284,2.3666666666666667,15604108722,25127733500,25129881100,1781307117233-0
concurrency_n20_20260613_003117_redis_feed17_rep1,redis,sb:events:n20:feed17:rep1,e0b1d442-0d16-4a88-9444-333968dc8cea,3895107,284,2.3666666666666667,15604108722,25137954800,25139360500,1781307117243-0
concurrency_n20_20260613_003117_redis_feed17_rep1,redis,sb:events:n20:feed17:rep1,b6be47be-1e4f-45ae-8cd1-cdd58669ebe7,3895121,285,2.375,15604178166,25139645800,25140532600,1781307117244-0
concurrency_n20_20260613_003117_redis_feed17_rep1,redis,sb:events:n20:feed17:rep1,016e5e03-8ae5-443c-8aa6-10076b5ed010,3895121,285,2.375,15604178166,25140760500,25142909400,1781307117245-0
concurrency_n20_20260613_003117_redis_feed17_rep1,redis,sb:events:n20:feed17:rep1,d93ea45f-d401-4624-9c71-e74e636938ed,3895052,285,2.375,15604178166,25151745900,25152742300,1781307117256-0
concurrency_n20_20260613_003117_redis_feed17_rep1,redis,sb:events:n20:feed17:rep1,3f9279c0-50e8-46e7-985d-3085893e0dd2,3895060,286,2.3833333333333333,15604247611,25153000000,25154064600,1781307117257-0
concurrency_n20_20260613_003117_redis_feed17_rep1,redis,sb:events:n20:feed17:rep1,dceab60f-ca34-4ec5-a4cf-4425124f24fe,3895060,286,2.3833333333333333,15604247611,25154275900,25155046000,1781307117259-0
concurrency_n20_20260613_003117_redis_feed17_rep1,redis,sb:events:n20:feed17:rep1,b9ea5a4c-9efb-498e-b63f-87006c8d0afe,3895060,286,2.3833333333333333,15604247611,25164328800,25165851000,1781307117269-0
concurrency_n20_20260613_003117_redis_feed17_rep1,redis,sb:events:n20:feed17:rep1,9d0d68a1-257a-4c76-91c7-393de106a90d,3895074,286,2.3833333333333333,15604247611,25166076100,25167684000,1781307117271-0
concurrency_n20_20260613_003117_redis_feed17_rep1,redis,sb:events:n20:feed17:rep1,ccece201-2ec8-4dc7-9ef2-19e1b53d4854,3895074,286,2.3833333333333333,15604247611,25168083100,25176458100,1781307117273-0
concurrency_n20_20260613_003117_redis_feed17_rep1,redis,sb:events:n20:feed17:rep1,7c912e6e-a49b-415b-9144-a410923bdea1,3895067,286,2.3833333333333333,15604247611,25176703600,25198467100,1781307117298-0
concurrency_n20_20260613_003117_redis_feed17_rep1,redis,sb:events:n20:feed17:rep1,c79adfc6-d078-4f87-bd3f-128fd161a6ac,3895232,286,286.0,17967719833,25199169400,25205789300,1781307117307-0
concurrency_n20_20260613_003117_redis_feed17_rep1,redis,sb:events:n20:feed17:rep1,0472c1db-c54a-4459-b1aa-3092003b314d,3895060,287,2.3916666666666666,15604317055,25206183400,25215181000,1781307117319-0
concurrency_n20_20260613_003117_redis_feed17_rep1,redis,sb:events:n20:feed17:rep1,c491e4ae-72ac-4df5-a9f7-e605733e9c90,3895060,287,2.3916666666666666,15604317055,25215461500,25216246500,1781307117320-0
concurrency_n20_20260613_003117_redis_feed17_rep1,redis,sb:events:n20:feed17:rep1,2210e28b-c847-4bd8-8a4e-28153c51246f,3895121,287,2.3916666666666666,15604317055,25216476700,25217683100,1781307117321-0
concurrency_n20_20260613_003117_redis_feed17_rep1,redis,sb:events:n20:feed17:rep1,4f24880f-c5f9-44fc-8b94-2fd3585ae7aa,3895074,287,2.3916666666666666,15604317055,25218183100,25219406600,1781307117323-0
concurrency_n20_20260613_003117_redis_feed17_rep1,redis,sb:events:n20:feed17:rep1,532f4b4e-4d00-441e-a152-7cef4ac7661f,3895074,287,2.3916666666666666,15604317055,25219693100,25220788600,1781307117324-0
concurrency_n20_20260613_003117_redis_feed17_rep1,redis,sb:events:n20:feed17:rep1,3dee3e7a-bb98-48d5-b17d-f2453d85da21,3895052,287,2.3916666666666666,15604317055,25221024200,25222174200,1781307117325-0
concurrency_n20_20260613_003117_redis_feed17_rep1,redis,sb:events:n20:feed17:rep1,436f8b9d-e733-48dd-95af-6c666d943323,3895052,287,2.3916666666666666,15604317055,25222657400,25232790400,1781307117336-0
concurrency_n20_20260613_003117_redis_feed17_rep1,redis,sb:events:n20:feed17:rep1,37e539f8-e57d-400e-a028-1b737a77d139,3895052,287,2.3916666666666666,15604317055,25233085600,25234066300,1781307117338-0
concurrency_n20_20260613_003117_redis_feed17_rep1,redis,sb:events:n20:feed17:rep1,2af57b69-0d8c-4f5a-abda-b91069e7ba3c,3895121,288,2.4,15604386500,25234320900,25235442500,1781307117339-0
concurrency_n20_20260613_003117_redis_feed17_rep1,redis,sb:events:n20:feed17:rep1,2883749a-85e0-4460-9c58-23a96957cd78,3895121,288,2.4,15604386500,25240453000,25248455000,1781307117348-0
concurrency_n20_20260613_003117_redis_feed17_rep1,redis,sb:events:n20:feed17:rep1,074468e7-3de4-4ccd-97aa-08a191a38d7c,3895074,288,2.4,15604386500,25248996900,25250685200,1781307117354-0
concurrency_n20_20260613_003117_redis_feed17_rep1,redis,sb:events:n20:feed17:rep1,5e05380b-6d8d-4bc9-b533-d416873c7628,3895067,288,2.4,15604386500,25250971700,25256710500,1781307117356-0
concurrency_n20_20260613_003117_redis_feed17_rep1,redis,sb:events:n20:feed17:rep1,30ad9869-ce4f-4108-ad24-a561d3ad2bac,3895067,288,2.4,15604386500,25257106000,25260013000,1781307117362-0
concurrency_n20_20260613_003117_redis_feed17_rep1,redis,sb:events:n20:feed17:rep1,5bb93865-ae8c-4c29-a356-0cac3669e69f,3895067,288,2.4,15604386500,25260275700,25280096700,1781307117365-0
concurrency_n20_20260613_003117_redis_feed17_rep1,redis,sb:events:n20:feed17:rep1,78641a7b-ee1e-4f5b-9bc6-9920fa278f65,3895113,288,2.4,15604386500,25280594300,25283247700,1781307117385-0
concurrency_n20_20260613_003117_redis_feed17_rep1,redis,sb:events:n20:feed17:rep1,fcce792b-4e1d-49f6-a796-010f392c1c5e,3895113,288,2.4,15604386500,25283510300,25311775500,1781307117414-0
concurrency_n20_20260613_003117_redis_feed17_rep1,redis,sb:events:n20:feed17:rep1,97030666-e6be-4b0d-9985-c0ac4f819aa6,3895113,288,2.4,15604386500,25312101500,25318843300,1781307117421-0
concurrency_n20_20260613_003117_redis_feed17_rep1,redis,sb:events:n20:feed17:rep1,222733d1-fdb8-480b-9174-93e35fa3d92f,3895052,288,2.4,15604386500,25319208000,25320717400,1781307117424-0
concurrency_n20_20260613_003117_redis_feed17_rep1,redis,sb:events:n20:feed17:rep1,c350d38a-9b8c-416a-8181-4da8385d50eb,3895052,288,2.4,15604386500,25320923100,25332542000,1781307117436-0
concurrency_n20_20260613_003117_redis_feed17_rep1,redis,sb:events:n20:feed17:rep1,17335be3-1902-4e7d-bc17-bf7b89c5e812,3895232,288,288.0,17984386500,25332804200,25374010800,1781307117477-0
concurrency_n20_20260613_003117_redis_feed17_rep1,redis,sb:events:n20:feed17:rep1,33edbde0-22b3-4f5b-87c3-de68c93ac8a4,3895232,288,288.0,17984386500,25374293400,25386544400,1781307117489-0
concurrency_n20_20260613_003117_redis_feed17_rep1,redis,sb:events:n20:feed17:rep1,855459c3-9793-49f9-b7cc-33b4ef505e76,3895074,289,2.408333333333333,15604455944,25386789600,25396867000,1781307117499-0
concurrency_n20_20260613_003117_redis_feed17_rep1,redis,sb:events:n20:feed17:rep1,c619a0ab-94f8-4132-bc6f-b69bbe7c6258,3895074,289,2.408333333333333,15604455944,25397820800,25410479000,1781307117507-0
concurrency_n20_20260613_003117_redis_feed17_rep1,redis,sb:events:n20:feed17:rep1,0deb3949-e376-4bb3-bf42-292241af1fc3,3895067,289,2.408333333333333,15604455944,25420690600,25422970800,1781307117526-0
concurrency_n20_20260613_003117_redis_feed17_rep1,redis,sb:events:n20:feed17:rep1,e13bb720-cac7-4b4e-9043-8ff568dc9ea4,3895067,289,2.408333333333333,15604455944,25423206700,25424843500,1781307117528-0
concurrency_n20_20260613_003117_redis_feed17_rep1,redis,sb:events:n20:feed17:rep1,b1819484-a737-4005-a078-fbc16d00a218,3895067,289,2.408333333333333,15604455944,25425184200,25433274600,1781307117530-0
concurrency_n20_20260613_003117_redis_feed17_rep1,redis,sb:events:n20:feed17:rep1,14b99c89-208b-4afc-9b06-de307f4fa529,3895067,289,2.408333333333333,15604455944,25433627900,25435118700,1781307117538-0
concurrency_n20_20260613_003117_redis_feed17_rep1,redis,sb:events:n20:feed17:rep1,82d694c7-ace4-40f4-9782-79438b8bf697,3895113,289,2.408333333333333,15604455944,25435425900,25436547400,1781307117540-0
concurrency_n20_20260613_003117_redis_feed17_rep1,redis,sb:events:n20:feed17:rep1,031a37dd-5216-44d4-8dd8-42b700368108,3895060,290,2.4166666666666665,15604525388,25436769900,25438955500,1781307117542-0
concurrency_n20_20260613_003117_redis_feed17_rep1,redis,sb:events:n20:feed17:rep1,62294c7e-65a0-454c-883c-b34b8504902b,3895060,290,2.4166666666666665,15604525388,25445589100,25446827400,1781307117550-0
concurrency_n20_20260613_003117_redis_feed17_rep1,redis,sb:events:n20:feed17:rep1,8d94172c-d061-4ef2-a3c2-7177b47b99bc,3895060,290,2.4166666666666665,15604525388,25447051500,25448503500,1781307117551-0
concurrency_n20_20260613_003117_redis_feed17_rep1,redis,sb:events:n20:feed17:rep1,668cd208-f691-4bba-9f3c-0a14df0c9b0c,3895060,290,2.4166666666666665,15604525388,25448725200,25450112600,1781307117554-0
concurrency_n20_20260613_003117_redis_feed17_rep1,redis,sb:events:n20:feed17:rep1,36fc975f-e79c-470b-8e57-cd853ad49237,3895060,290,2.4166666666666665,15604525388,25450371500,25459200300,1781307117562-0
concurrency_n20_20260613_003117_redis_feed17_rep1,redis,sb:events:n20:feed17:rep1,1ac55428-9906-43e8-8174-3bda7a9fe6b1,3895060,290,2.4166666666666665,15604525388,25459675100,25461201900,1781307117565-0
concurrency_n20_20260613_003117_redis_feed17_rep1,redis,sb:events:n20:feed17:rep1,e6bbb505-91c2-4c10-9b72-8924f0839f52,3895060,290,2.4166666666666665,15604525388,25461450500,25476967100,1781307117574-0
concurrency_n20_20260613_003117_redis_feed17_rep1,redis,sb:events:n20:feed17:rep1,7a5563b0-2c03-4bc5-8402-b111508a5ee8,3895067,290,2.4166666666666665,15604525388,25477536600,25479436500,1781307117583-0
concurrency_n20_20260613_003117_redis_feed17_rep1,redis,sb:events:n20:feed17:rep1,ead8a0b1-660f-4b45-874d-ead74ba1bb2b,3895052,290,2.4166666666666665,15604525388,25479764400,25480782900,1781307117584-0
concurrency_n20_20260613_003117_redis_feed17_rep1,redis,sb:events:n20:feed17:rep1,ff64ee0b-91ec-4b8b-9633-9aeb1991bf79,3895060,291,2.425,15604594833,25481007500,25487050600,1781307117586-0
concurrency_n20_20260613_003117_redis_feed17_rep1,redis,sb:events:n20:feed17:rep1,39540963-f69a-404f-ae7d-01584d355d07,3895060,291,2.425,15604594833,25487417600,25488578600,1781307117592-0
concurrency_n20_20260613_003117_redis_feed17_rep1,redis,sb:events:n20:feed17:rep1,c5070639-4fab-4769-80a0-bae3f5d81ba1,3895060,291,2.425,15604594833,25489368400,25490279800,1781307117594-0
concurrency_n20_20260613_003117_redis_feed17_rep1,redis,sb:events:n20:feed17:rep1,2b946c2d-338e-465e-bdd9-a05718d6d00f,3895067,291,2.425,15604594833,25490523500,25491950500,1781307117595-0
concurrency_n20_20260613_003117_redis_feed17_rep1,redis,sb:events:n20:feed17:rep1,f9637bde-65d5-4f7f-8fd0-8db01ac15608,3895067,291,2.425,15604594833,25492179500,25493000900,1781307117597-0
concurrency_n20_20260613_003117_redis_feed17_rep1,redis,sb:events:n20:feed17:rep1,a799e186-36fe-4c38-b13a-9a5ee115a7bd,3895113,291,2.425,15604594833,25493181000,25493995200,1781307117598-0
concurrency_n20_20260613_003117_redis_feed17_rep1,redis,sb:events:n20:feed17:rep1,8f4296e3-f01f-4788-aadd-fb2a55cac976,3895113,291,2.425,15604594833,25494156800,25495043000,1781307117599-0
concurrency_n20_20260613_003117_redis_feed17_rep1,redis,sb:events:n20:feed17:rep1,373ac539-8011-4af6-bd85-41faa59db919,3895060,292,2.433333333333333,15604664277,25495222900,25496130500,1781307117600-0
concurrency_n20_20260613_003117_redis_feed17_rep1,redis,sb:events:n20:feed17:rep1,20baa747-3493-4b7a-8a4a-eb66bb12360f,3895060,292,2.433333333333333,15604664277,25496276100,25502720400,1781307117606-0
concurrency_n20_20260613_003117_redis_feed17_rep1,redis,sb:events:n20:feed17:rep1,923c3edc-3b42-4e65-a104-9938fea3f27b,3895121,292,2.433333333333333,15604664277,25502961200,25504245300,1781307117608-0
concurrency_n20_20260613_003117_redis_feed17_rep1,redis,sb:events:n20:feed17:rep1,e863797e-ee51-4760-bd0c-d7fc8e239489,3895074,292,2.433333333333333,15604664277,25504729200,25505883100,1781307117609-0
concurrency_n20_20260613_003117_redis_feed17_rep1,redis,sb:events:n20:feed17:rep1,f45e9e2d-7246-4c70-a5ee-da73a09d6003,3895067,292,2.433333333333333,15604664277,25506186800,25507104800,1781307117611-0
concurrency_n20_20260613_003117_redis_feed17_rep1,redis,sb:events:n20:feed17:rep1,1ce34b94-abf5-4f2e-9b44-3e00cc340a28,3895052,292,2.433333333333333,15604664277,25507318600,25508547600,1781307117612-0
concurrency_n20_20260613_003117_redis_feed17_rep1,redis,sb:events:n20:feed17:rep1,13188bbf-d36c-48e5-9b3e-47562b47ee30,3895052,292,2.433333333333333,15604664277,25508727200,25510558500,1781307117613-0
concurrency_n20_20260613_003117_redis_feed17_rep1,redis,sb:events:n20:feed17:rep1,21d36bf0-6936-4c6f-bd1c-6912fa641b4c,3895232,292,292.0,18017719833,25510780500,25512824800,1781307117615-0
concurrency_n20_20260613_003117_redis_feed17_rep1,redis,sb:events:n20:feed17:rep1,3a8d3305-f836-456d-9769-c9bd5457e10c,3895060,293,2.441666666666667,15604733722,25514035500,25515457000,1781307117619-0
concurrency_n20_20260613_003117_redis_feed17_rep1,redis,sb:events:n20:feed17:rep1,0986d2ef-edb7-4b75-8010-836d6fceef2b,3895121,293,2.441666666666667,15604733722,25515758300,25516745400,1781307117620-0
concurrency_n20_20260613_003117_redis_feed17_rep1,redis,sb:events:n20:feed17:rep1,f4bc9db2-bc67-451c-85c4-1482da8a97b3,3895067,293,2.441666666666667,15604733722,25516981000,25518886400,1781307117622-0
concurrency_n20_20260613_003117_redis_feed17_rep1,redis,sb:events:n20:feed17:rep1,67ed9ebe-0206-4bb7-b0c5-e741aba9899a,3895067,293,2.441666666666667,15604733722,25519160300,25523040300,1781307117624-0
concurrency_n20_20260613_003117_redis_feed17_rep1,redis,sb:events:n20:feed17:rep1,682b9562-a28b-48de-bac3-0964e38514cd,3895232,293,293.0,18026053166,25523367400,25524551600,1781307117628-0
concurrency_n20_20260613_003117_redis_feed17_rep1,redis,sb:events:n20:feed17:rep1,14286eee-4754-4399-9c38-ab2a63f43365,3895232,293,293.0,18026053166,25524864200,25546882100,1781307117630-0
concurrency_n20_20260613_003117_redis_feed17_rep1,redis,sb:events:n20:feed17:rep1,77648b8c-5fe2-467c-932f-5c2bcbe15a69,3895232,293,293.0,18026053166,25547234600,25553405900,1781307117652-0
concurrency_n20_20260613_003117_redis_feed17_rep1,redis,sb:events:n20:feed17:rep1,1aae39c4-96e4-48e0-9c29-231834224a3f,3895095,294,2.45,15604803166,25553649300,25596112500,1781307117696-0
concurrency_n20_20260613_003117_redis_feed17_rep1,redis,sb:events:n20:feed17:rep1,cb19df7e-ca27-4be0-b413-19669292f459,3895121,294,2.45,15604803166,25596621900,25610088500,1781307117708-0
concurrency_n20_20260613_003117_redis_feed17_rep1,redis,sb:events:n20:feed17:rep1,0d57616a-2f85-478d-8de1-ea0b8b67b105,3895121,294,2.45,15604803166,25610353000,25629764100,1781307117731-0
concurrency_n20_20260613_003117_redis_feed17_rep1,redis,sb:events:n20:feed17:rep1,4971ad38-8e39-4aa9-9821-6ee3099297b8,3895121,294,2.45,15604803166,25630012900,25667536500,1781307117751-0
concurrency_n20_20260613_003117_redis_feed17_rep1,redis,sb:events:n20:feed17:rep1,07f2ae82-090e-472c-b2e1-a2d650cab5b3,3895074,294,2.45,15604803166,25668296600,25670172900,1781307117773-0
concurrency_n20_20260613_003117_redis_feed17_rep1,redis,sb:events:n20:feed17:rep1,c7b89f32-85b9-4313-988d-29c1bd5e9457,3895074,294,2.45,15604803166,25670488900,25671699500,1781307117775-0
concurrency_n20_20260613_003117_redis_feed17_rep1,redis,sb:events:n20:feed17:rep1,cb68ad1d-2c1c-4d2d-bb66-7e69ff938f39,3895232,294,294.0,18034386500,25671937100,25674162800,1781307117776-0
concurrency_n20_20260613_003117_redis_feed17_rep1,redis,sb:events:n20:feed17:rep1,4963a59e-3911-41cd-b41d-e6636c50ebb6,3895232,294,294.0,18034386500,25674465300,25676609500,1781307117779-0
concurrency_n20_20260613_003117_redis_feed17_rep1,redis,sb:events:n20:feed17:rep1,2cb73fd8-9c3f-471d-80d9-ead557fb7487,3895121,295,2.458333333333333,15604872611,25677107100,25678544300,1781307117782-0
concurrency_n20_20260613_003117_redis_feed17_rep1,redis,sb:events:n20:feed17:rep1,05dea85d-8834-45d4-b28d-20542902d49c,3895074,295,2.458333333333333,15604872611,25678934000,25680223600,1781307117784-0
concurrency_n20_20260613_003117_redis_feed17_rep1,redis,sb:events:n20:feed17:rep1,6c252943-c328-4a1c-93f1-b362b2f70c00,3895052,295,2.458333333333333,15604872611,25680561500,25682551900,1781307117786-0
concurrency_n20_20260613_003117_redis_feed17_rep1,redis,sb:events:n20:feed17:rep1,671951c2-6099-49d9-92ed-06b3d8476f67,3895232,295,295.0,18042719833,25682802100,25685118100,1781307117788-0
concurrency_n20_20260613_003117_redis_feed17_rep1,redis,sb:events:n20:feed17:rep1,ae5ecdf4-846f-4b41-a02d-6132a5440563,3895095,296,2.466666666666667,15604942055,25685375700,25690365700,1781307117790-0
concurrency_n20_20260613_003117_redis_feed17_rep1,redis,sb:events:n20:feed17:rep1,6a6800b7-ef80-4060-9fbc-c74e853d039c,3895095,296,2.466666666666667,15604942055,25690818200,25718414500,1781307117818-0
concurrency_n20_20260613_003117_redis_feed17_rep1,redis,sb:events:n20:feed17:rep1,5e632e41-4df9-4c0c-b570-a5134bd09a32,3895060,296,2.466666666666667,15604942055,25720045300,25724608800,1781307117825-0
concurrency_n20_20260613_003117_redis_feed17_rep1,redis,sb:events:n20:feed17:rep1,bde8cd33-f116-41c3-a89e-cc8af20f3fa8,3895074,296,2.466666666666667,15604942055,25724943000,25744155100,1781307117839-0
concurrency_n20_20260613_003117_redis_feed17_rep1,redis,sb:events:n20:feed17:rep1,95c2714f-7d33-4004-b5c7-bafe998115e9,3895074,296,2.466666666666667,15604942055,25744566300,25755197300,1781307117858-0
concurrency_n20_20260613_003117_redis_feed17_rep1,redis,sb:events:n20:feed17:rep1,2b5fcfd5-b13d-4730-8cee-7fd1d0eae227,3895052,296,2.466666666666667,15604942055,25755456600,25792019400,1781307117893-0
concurrency_n20_20260613_003117_redis_feed17_rep1,redis,sb:events:n20:feed17:rep1,0f494371-1412-4a1d-9500-8b0ec603ef04,3895052,296,2.466666666666667,15604942055,25792394800,25795712600,1781307117898-0
concurrency_n20_20260613_003117_redis_feed17_rep1,redis,sb:events:n20:feed17:rep1,5fbd3fbf-6f60-4814-a172-7110e80830ee,3895232,296,296.0,18051053166,25795941400,25797840400,1781307117901-0
concurrency_n20_20260613_003117_redis_feed17_rep1,redis,sb:events:n20:feed17:rep1,9b261203-ef9e-435c-a35b-543464bc130f,3895232,296,296.0,18051053166,25798091300,25800024900,1781307117903-0
concurrency_n20_20260613_003117_redis_feed17_rep1,redis,sb:events:n20:feed17:rep1,4eface8a-4a6d-4583-a477-33e09413d486,3895060,297,2.475,15605011500,25800514300,25802021700,1781307117905-0
concurrency_n20_20260613_003117_redis_feed17_rep1,redis,sb:events:n20:feed17:rep1,74aedab1-2ee4-4b47-b5a7-b52071217d25,3895060,297,2.475,15605011500,25802293000,25804756500,1781307117907-0
concurrency_n20_20260613_003117_redis_feed17_rep1,redis,sb:events:n20:feed17:rep1,fb951a65-69c4-43f5-803e-77154362d4cd,3895060,297,2.475,15605011500,25805076600,25808970500,1781307117912-0
concurrency_n20_20260613_003117_redis_feed17_rep1,redis,sb:events:n20:feed17:rep1,82ae78e4-2353-4812-8531-bac4e5d45a62,3895067,297,2.475,15605011500,25809229900,25821856000,1781307117924-0
concurrency_n20_20260613_003117_redis_feed17_rep1,redis,sb:events:n20:feed17:rep1,5d079eea-163c-44b1-b879-610f17e4913b,3895113,297,2.475,15605011500,25822113700,25833083400,1781307117935-0
concurrency_n20_20260613_003117_redis_feed17_rep1,redis,sb:events:n20:feed17:rep1,77d3e3a4-500d-472f-bb4c-9d2c4bdf1415,3895052,297,2.475,15605011500,25833297200,25859922800,1781307117954-0
concurrency_n20_20260613_003117_redis_feed17_rep1,redis,sb:events:n20:feed17:rep1,8d451769-761b-4aa2-bd80-0b5222f042bb,3895095,298,2.4833333333333334,15605080944,25860195900,25878246100,1781307117981-0
concurrency_n20_20260613_003117_redis_feed17_rep1,redis,sb:events:n20:feed17:rep1,00eab1c4-f988-4434-a555-faa7f132b766,3895095,298,2.4833333333333334,15605080944,25878543200,25888054500,1781307117986-0
concurrency_n20_20260613_003117_redis_feed17_rep1,redis,sb:events:n20:feed17:rep1,b9bcf81d-8f22-46e7-927b-f3204e669c97,3895095,298,2.4833333333333334,15605080944,25888330700,25894128900,1781307117993-0
concurrency_n20_20260613_003117_redis_feed17_rep1,redis,sb:events:n20:feed17:rep1,718aa7b3-74c2-476e-899a-8dae176314e2,3895060,298,2.4833333333333334,15605080944,25894466100,25895871000,1781307117999-0
concurrency_n20_20260613_003117_redis_feed17_rep1,redis,sb:events:n20:feed17:rep1,99e1e1f0-ebd2-4a65-95db-1b4a1aa15064,3895074,298,2.4833333333333334,15605080944,25896090600,25897002500,1781307118001-0
concurrency_n20_20260613_003117_redis_feed17_rep1,redis,sb:events:n20:feed17:rep1,8c65fc02-c93d-4f7d-9284-ddc9356593cf,3895067,298,2.4833333333333334,15605080944,25897192200,25899051900,1781307118002-0
concurrency_n20_20260613_003117_redis_feed17_rep1,redis,sb:events:n20:feed17:rep1,6add2fd9-3279-4cb8-ab0a-6abb395360b3,3895067,298,2.4833333333333334,15605080944,25906260300,25907306800,1781307118011-0
concurrency_n20_20260613_003117_redis_feed17_rep1,redis,sb:events:n20:feed17:rep1,656fdc64-4df3-45a5-b9f9-521c9b9051a4,3895113,298,2.4833333333333334,15605080944,25907614800,25908669100,1781307118012-0
concurrency_n20_20260613_003117_redis_feed17_rep1,redis,sb:events:n20:feed17:rep1,dd5373c8-4da2-45f8-9ebb-81e2ef709ea7,3895067,298,2.4833333333333334,15605080944,25908886300,25909779800,1781307118013-0
concurrency_n20_20260613_003117_redis_feed17_rep1,redis,sb:events:n20:feed17:rep1,64489658-e252-4571-ab52-d1d2b22755dc,3895113,298,2.4833333333333334,15605080944,25909999600,25938268900,1781307118021-0
concurrency_n20_20260613_003117_redis_feed17_rep1,redis,sb:events:n20:feed17:rep1,da6e321b-2781-4b97-b334-1e563ecebe3f,3895052,298,2.4833333333333334,15605080944,25938743800,25941475000,1781307118044-0
concurrency_n20_20260613_003117_redis_feed17_rep1,redis,sb:events:n20:feed17:rep1,97862e41-8162-462d-966c-20907bac6716,3895052,298,2.4833333333333334,15605080944,25941702900,25943050900,1781307118046-0
concurrency_n20_20260613_003117_redis_feed17_rep1,redis,sb:events:n20:feed17:rep1,537b9f6d-9f19-45bd-b1d3-f95cd1ed9cab,3895095,299,2.4916666666666667,15605150388,25949207100,25950190200,1781307118054-0
concurrency_n20_20260613_003117_redis_feed17_rep1,redis,sb:events:n20:feed17:rep1,06be9e5c-74f2-4cc2-bd53-0e5e2264e1f3,3895121,299,2.4916666666666667,15605150388,25950507900,25951796900,1781307118055-0
concurrency_n20_20260613_003117_redis_feed17_rep1,redis,sb:events:n20:feed17:rep1,7094fbf3-95f1-41b6-8ccb-585622239dd0,3895074,299,2.4916666666666667,15605150388,25951985300,25953284200,1781307118057-0
concurrency_n20_20260613_003117_redis_feed17_rep1,redis,sb:events:n20:feed17:rep1,f430ac1c-53ee-4623-8a53-59e387e15d09,3895074,299,2.4916666666666667,15605150388,25957602000,25970667700,1781307118071-0
concurrency_n20_20260613_003117_redis_feed17_rep1,redis,sb:events:n20:feed17:rep1,249c087a-57fd-4380-8163-b270ca216e68,3895074,299,2.4916666666666667,15605150388,25971041000,25973268600,1781307118076-0
concurrency_n20_20260613_003117_redis_feed17_rep1,redis,sb:events:n20:feed17:rep1,efafb7cf-dca9-4911-b0be-52eb4fa6a7ff,3895067,299,2.4916666666666667,15605150388,25973595200,25974531400,1781307118078-0
concurrency_n20_20260613_003117_redis_feed17_rep1,redis,sb:events:n20:feed17:rep1,5819712d-1202-4261-b09a-3c5a035d31c4,3895113,299,2.4916666666666667,15605150388,25974746400,25975733300,1781307118079-0
concurrency_n20_20260613_003117_redis_feed17_rep1,redis,sb:events:n20:feed17:rep1,aa74e2d6-5821-4d22-815b-f180bd50d595,3895067,299,2.4916666666666667,15605150388,25976035600,25976920800,1781307118080-0
concurrency_n20_20260613_003117_redis_feed17_rep1,redis,sb:events:n20:feed17:rep1,e8c6b47d-c8ce-4f5a-bce3-a4920939ebe7,3895113,299,2.4916666666666667,15605150388,25977114000,25978279400,1781307118082-0
concurrency_n20_20260613_003117_redis_feed17_rep1,redis,sb:events:n20:feed17:rep1,dc30c04b-62a8-4004-8fe6-24d22811d7b7,3895113,299,2.4916666666666667,15605150388,25978491900,25987073300,1781307118083-0
concurrency_n20_20260613_003117_redis_feed17_rep1,redis,sb:events:n20:feed17:rep1,2134c16a-89a6-4c8f-bcc3-95339ff6ee8c,3895052,299,2.4916666666666667,15605150388,25988321700,25990864700,1781307118094-0
concurrency_n20_20260613_003117_redis_feed17_rep1,redis,sb:events:n20:feed17:rep1,7cd7ca7c-1a6f-4462-a3d7-807dee884e86,3895052,299,2.4916666666666667,15605150388,25991244100,25992730800,1781307118096-0
concurrency_n20_20260613_003117_redis_feed17_rep1,redis,sb:events:n20:feed17:rep1,a51e1b30-3f66-4cb6-aa08-611959cf6adc,3895060,300,2.5,15605219833,25993093400,26008949900,1781307118098-0
concurrency_n20_20260613_003117_redis_feed17_rep1,redis,sb:events:n20:feed17:rep1,ceafaebf-d3ac-4908-a79a-f59d2e88ad4c,3895060,300,2.5,15605219833,26010724900,26015649700,1781307118117-0
concurrency_n20_20260613_003117_redis_feed17_rep1,redis,sb:events:n20:feed17:rep1,87409ec8-1ff0-4642-b767-d9a46f5ce73e,3895121,300,2.5,15605219833,26015930100,26017388100,1781307118121-0
concurrency_n20_20260613_003117_redis_feed17_rep1,redis,sb:events:n20:feed17:rep1,fac41051-b41b-4225-96c2-c7bf36a1207f,3895067,300,2.5,15605219833,26017632300,26024267600,1781307118123-0
concurrency_n20_20260613_003117_redis_feed17_rep1,redis,sb:events:n20:feed17:rep1,afc49b5c-9965-4b69-8368-80f1cc87a50f,3895067,300,2.5,15605219833,26025359100,26026533300,1781307118130-0
concurrency_n20_20260613_003117_redis_feed17_rep1,redis,sb:events:n20:feed17:rep1,b96f1f4a-8655-463f-ba71-5f18276acc6a,3895113,300,2.5,15605219833,26026823000,26031522900,1781307118133-0
concurrency_n20_20260613_003117_redis_feed17_rep1,redis,sb:events:n20:feed17:rep1,8108d6ee-d747-46a2-877f-ce8d6bd7f451,3895113,300,2.5,15605219833,26031905800,26035651600,1781307118137-0
concurrency_n20_20260613_003117_redis_feed17_rep1,redis,sb:events:n20:feed17:rep1,9558bdd0-94c9-4cb5-8a73-ffa3172737ec,3895113,300,2.5,15605219833,26035914200,26048352900,1781307118149-0
concurrency_n20_20260613_003117_redis_feed17_rep1,redis,sb:events:n20:feed17:rep1,eb4e9b3c-8691-4e5b-a98b-bbf020338c86,3895113,301,2.5083333333333333,15605289277,26048920600,26050673000,1781307118153-0
concurrency_n20_20260613_003117_redis_feed17_rep1,redis,sb:events:n20:feed17:rep1,7de44808-f2d7-4e70-867e-3e80d4d3ac44,3895052,301,2.5083333333333333,15605289277,26051175000,26052733900,1781307118156-0
concurrency_n20_20260613_003117_redis_feed17_rep1,redis,sb:events:n20:feed17:rep1,3aa52e8d-cde4-41cf-a8df-9cec290542e0,3895086,301,2.5083333333333333,15605289277,26052987000,26054238100,1781307118158-0
concurrency_n20_20260613_003117_redis_feed17_rep1,redis,sb:events:n20:feed17:rep1,2ab5500f-b6de-468f-9ad8-654753105d81,3895232,301,301.0,18092719833,26054517900,26055225000,1781307118159-0
concurrency_n20_20260613_003117_redis_feed17_rep1,redis,sb:events:n20:feed17:rep1,7dd1d933-8e69-45a8-92b1-d4769bca669d,3895095,302,2.5166666666666666,15605358722,26055538500,26056583100,1781307118160-0
concurrency_n20_20260613_003117_redis_feed17_rep1,redis,sb:events:n20:feed17:rep1,b8e73548-07dd-497a-9304-4808ae894b6e,3895095,302,2.5166666666666666,15605358722,26056760400,26066936600,1781307118170-0
concurrency_n20_20260613_003117_redis_feed17_rep1,redis,sb:events:n20:feed17:rep1,c7283f15-0bb0-4647-ae69-794ab9cc5519,3895060,302,2.5166666666666666,15605358722,26067448500,26068189100,1781307118172-0
concurrency_n20_20260613_003117_redis_feed17_rep1,redis,sb:events:n20:feed17:rep1,6d7577e3-98ad-4f4e-a818-a5fc53eb32f2,3895074,302,2.5166666666666666,15605358722,26068411500,26069229400,1781307118173-0
concurrency_n20_20260613_003117_redis_feed17_rep1,redis,sb:events:n20:feed17:rep1,0037af2f-1a36-4f81-a0cf-58e64700f6de,3895067,302,2.5166666666666666,15605358722,26069509300,26074109000,1781307118174-0
concurrency_n20_20260613_003117_redis_feed17_rep1,redis,sb:events:n20:feed17:rep1,df961d90-fc03-4f0b-8772-a1b9ef05ab58,3895113,302,2.5166666666666666,15605358722,26075016000,26078887800,1781307118181-0
concurrency_n20_20260613_003117_redis_feed17_rep1,redis,sb:events:n20:feed17:rep1,dfb18a12-cd4c-467a-98ac-b9d0c4ba74f7,3895113,302,2.5166666666666666,15605358722,26079199400,26081710100,1781307118184-0
concurrency_n20_20260613_003117_redis_feed17_rep1,redis,sb:events:n20:feed17:rep1,060e3a55-03f6-479f-b489-4c652141074f,3895113,302,2.5166666666666666,15605358722,26081990200,26083184500,1781307118187-0
concurrency_n20_20260613_003117_redis_feed17_rep1,redis,sb:events:n20:feed17:rep1,83eea9c1-06df-47e7-8331-e4ea00bcd5b7,3895052,302,2.5166666666666666,15605358722,26083642400,26084567000,1781307118188-0
concurrency_n20_20260613_003117_redis_feed17_rep1,redis,sb:events:n20:feed17:rep1,cabe7a89-5bbb-4aff-b7e9-04be4291461c,3895052,302,2.5166666666666666,15605358722,26084774400,26086096800,1781307118189-0
concurrency_n20_20260613_003117_redis_feed17_rep1,redis,sb:events:n20:feed17:rep1,db033c3c-c5f2-4c87-b560-27eb9759a6a2,3895052,302,2.5166666666666666,15605358722,26086373900,26088263800,1781307118191-0
concurrency_n20_20260613_003117_redis_feed17_rep1,redis,sb:events:n20:feed17:rep1,f9d09c0a-2818-4faf-ba9d-4b0bec1414bc,3895052,302,2.5166666666666666,15605358722,26088508500,26108847600,1781307118206-0
concurrency_n20_20260613_003117_redis_feed17_rep1,redis,sb:events:n20:feed17:rep1,575fd3db-8c8d-4fa2-8f8d-89fd4c0c857c,3895060,303,2.525,15605428166,26109279400,26111608600,1781307118214-0
concurrency_n20_20260613_003117_redis_feed17_rep1,redis,sb:events:n20:feed17:rep1,8019e093-194a-45f9-b023-b71b55ca31af,3895060,303,2.525,15605428166,26111971500,26113037000,1781307118216-0
concurrency_n20_20260613_003117_redis_feed17_rep1,redis,sb:events:n20:feed17:rep1,db1df0d6-2710-4cd6-9680-3be33c6da982,3895067,303,2.525,15605428166,26113255600,26124055500,1781307118227-0
concurrency_n20_20260613_003117_redis_feed17_rep1,redis,sb:events:n20:feed17:rep1,b16ae0ab-32ca-4054-a821-7ee170618cca,3895067,303,2.525,15605428166,26124537500,26126009800,1781307118229-0
concurrency_n20_20260613_003117_redis_feed17_rep1,redis,sb:events:n20:feed17:rep1,a0c8ca9b-ff31-4ce7-ba5f-69ec864bbcfb,3895067,303,2.525,15605428166,26126299400,26132299000,1781307118231-0
concurrency_n20_20260613_003117_redis_feed17_rep1,redis,sb:events:n20:feed17:rep1,102d700f-edb6-4450-9564-f9357198e84f,3895086,303,2.525,15605428166,26132611700,26136844300,1781307118239-0
concurrency_n20_20260613_003117_redis_feed17_rep1,redis,sb:events:n20:feed17:rep1,b2040ece-5bfc-40ba-9dc3-280d14f09e05,3895086,303,2.525,15605428166,26137160900,26140671600,1781307118243-0
concurrency_n20_20260613_003117_redis_feed17_rep1,redis,sb:events:n20:feed17:rep1,718fce06-ce88-4acb-bb98-58dc617a96c8,3895086,303,2.525,15605428166,26140942400,26145605600,1781307118246-0
concurrency_n20_20260613_003117_redis_feed17_rep1,redis,sb:events:n20:feed17:rep1,8c915fda-7ddd-4892-ae7e-67e320c52642,3895232,303,303.0,18109386500,26145978700,26158774300,1781307118260-0
concurrency_n20_20260613_003117_redis_feed17_rep1,redis,sb:events:n20:feed17:rep1,40de515f-9b7d-4875-a541-dfc139619aa9,3895232,303,303.0,18109386500,26159064400,26161869900,1781307118264-0
concurrency_n20_20260613_003117_redis_feed17_rep1,redis,sb:events:n20:feed17:rep1,915b16b5-48ce-4314-8502-7f45b4386917,3895060,304,2.533333333333333,15605497611,26162311800,26183488700,1781307118280-0
concurrency_n20_20260613_003117_redis_feed17_rep1,redis,sb:events:n20:feed17:rep1,b2d9f8ab-85c0-41b1-8326-ff74fc3e165b,3895074,304,2.533333333333333,15605497611,26183726000,26193372700,1781307118296-0
concurrency_n20_20260613_003117_redis_feed17_rep1,redis,sb:events:n20:feed17:rep1,3c7d1ab8-3ffc-461e-ad62-0aa4126f896b,3895074,304,2.533333333333333,15605497611,26193678400,26195939200,1781307118299-0
concurrency_n20_20260613_003117_redis_feed17_rep1,redis,sb:events:n20:feed17:rep1,386e6305-4872-4f18-b622-d4339d7905c4,3895134,304,2.533333333333333,15605497611,26196196300,26216695700,1781307118312-0
concurrency_n20_20260613_003117_redis_feed17_rep1,redis,sb:events:n20:feed17:rep1,36ec1e91-9ed7-4dbb-9543-9454e8745816,3895134,304,2.533333333333333,15605497611,26217026200,26218100100,1781307118321-0
concurrency_n20_20260613_003117_redis_feed17_rep1,redis,sb:events:n20:feed17:rep1,4420a63c-a82e-4492-9a2e-153f57eb246b,3895067,304,2.533333333333333,15605497611,26218302400,26219436100,1781307118323-0
concurrency_n20_20260613_003117_redis_feed17_rep1,redis,sb:events:n20:feed17:rep1,cd0849a2-1147-4614-a938-c73111f1e2eb,3895067,304,2.533333333333333,15605497611,26219658700,26223448900,1781307118325-0
concurrency_n20_20260613_003117_redis_feed17_rep1,redis,sb:events:n20:feed17:rep1,0c35dc03-4034-4ca2-943b-4d2eb061e176,3895113,304,2.533333333333333,15605497611,26226469500,26235933500,1781307118339-0
concurrency_n20_20260613_003117_redis_feed17_rep1,redis,sb:events:n20:feed17:rep1,e4264198-f510-4662-9058-7ab621a69ec3,3895113,304,2.533333333333333,15605497611,26236582800,26240150300,1781307118341-0
concurrency_n20_20260613_003117_redis_feed17_rep1,redis,sb:events:n20:feed17:rep1,9b5cf4b2-0c74-43f0-b877-34990738da3e,3895052,304,2.533333333333333,15605497611,26240457800,26242640900,1781307118346-0
concurrency_n20_20260613_003117_redis_feed17_rep1,redis,sb:events:n20:feed17:rep1,78d1e41b-f432-43f2-ae5d-7b0ddab9036f,3895086,304,2.533333333333333,15605497611,26242867300,26264594900,1781307118367-0
concurrency_n20_20260613_003117_redis_feed17_rep1,redis,sb:events:n20:feed17:rep1,bb89db40-cc3f-4041-bb40-f2dd98ec5ef4,3895086,304,2.533333333333333,15605497611,26264959000,26267555600,1781307118370-0
concurrency_n20_20260613_003117_redis_feed17_rep1,redis,sb:events:n20:feed17:rep1,0155141d-8b85-42dd-a480-4565866fc2e7,3895086,304,2.533333333333333,15605497611,26267895400,26269529400,1781307118373-0
concurrency_n20_20260613_003117_redis_feed17_rep1,redis,sb:events:n20:feed17:rep1,b494532b-97ac-40df-a52c-53124e07e5d8,3895086,304,2.533333333333333,15605497611,26269828700,26270610900,1781307118374-0
concurrency_n20_20260613_003117_redis_feed17_rep1,redis,sb:events:n20:feed17:rep1,fcabf1bb-9c68-4981-99ba-84eb626eef3c,3895232,304,304.0,18117719833,26270949200,26272042300,1781307118376-0
concurrency_n20_20260613_003117_redis_feed17_rep1,redis,sb:events:n20:feed17:rep1,7395219c-f7a8-4a4d-a6c7-06691e49f44d,3895074,305,2.5416666666666665,15605567055,26272408000,26281885800,1781307118377-0
concurrency_n20_20260613_003117_redis_feed17_rep1,redis,sb:events:n20:feed17:rep1,19d7984e-5557-4c9e-8e8d-82a79562a873,3895074,305,2.5416666666666665,15605567055,26282523800,26285258500,1781307118387-0
concurrency_n20_20260613_003117_redis_feed17_rep1,redis,sb:events:n20:feed17:rep1,51e28d97-f246-4253-9def-429310671f5f,3895134,305,2.5416666666666665,15605567055,26285561500,26308111000,1781307118408-0
concurrency_n20_20260613_003117_redis_feed17_rep1,redis,sb:events:n20:feed17:rep1,1c188c3d-1e4c-4e07-9789-5f0b097ad893,3895134,305,2.5416666666666665,15605567055,26308436900,26317532200,1781307118415-0
concurrency_n20_20260613_003117_redis_feed17_rep1,redis,sb:events:n20:feed17:rep1,d5f0e59a-1f5d-4984-af27-e8b16ead1847,3895134,305,2.5416666666666665,15605567055,26317860400,26319166900,1781307118423-0
concurrency_n20_20260613_003117_redis_feed17_rep1,redis,sb:events:n20:feed17:rep1,8ad96758-6bc9-4271-8b8a-683024fe4fde,3895113,305,2.5416666666666665,15605567055,26319403700,26320579700,1781307118424-0
concurrency_n20_20260613_003117_redis_feed17_rep1,redis,sb:events:n20:feed17:rep1,a2f6a8b6-bfd0-4f00-b481-c4a141869ef7,3895086,305,2.5416666666666665,15605567055,26320869800,26330028100,1781307118425-0
concurrency_n20_20260613_003117_redis_feed17_rep1,redis,sb:events:n20:feed17:rep1,8aea9f86-f685-4a3e-8322-b296f23e091e,3895232,305,305.0,18126053166,26330285400,26334245300,1781307118437-0
concurrency_n20_20260613_003117_redis_feed17_rep1,redis,sb:events:n20:feed17:rep1,86b85fd5-ee33-4511-97ab-e8e26a5073e4,3895232,305,305.0,18126053166,26334469300,26345729200,1781307118449-0
concurrency_n20_20260613_003117_redis_feed17_rep1,redis,sb:events:n20:feed17:rep1,87298b95-fa22-4390-872e-0139eb46acc7,3895232,305,305.0,18126053166,26345982900,26367230100,1781307118460-0
concurrency_n20_20260613_003117_redis_feed17_rep1,redis,sb:events:n20:feed17:rep1,14753394-c9b4-43da-b362-aa324a935c2c,3895060,306,2.55,15605636499,26367839200,26369425700,1781307118473-0
concurrency_n20_20260613_003117_redis_feed17_rep1,redis,sb:events:n20:feed17:rep1,0cea65f8-6851-4a87-b894-ed4b6cc9f3a7,3895060,306,2.55,15605636499,26369792800,26372601600,1781307118475-0
concurrency_n20_20260613_003117_redis_feed17_rep1,redis,sb:events:n20:feed17:rep1,6cbaa479-a9b0-4023-9cd4-8e833f4c37f8,3895134,306,2.55,15605636499,26373448600,26377224900,1781307118479-0
concurrency_n20_20260613_003117_redis_feed17_rep1,redis,sb:events:n20:feed17:rep1,fed1fed7-f300-4f72-8bf9-84b8c04b534c,3895134,306,2.55,15605636499,26377475700,26401950000,1781307118500-0
concurrency_n20_20260613_003117_redis_feed17_rep1,redis,sb:events:n20:feed17:rep1,23fc05dc-8610-4cea-b081-8c677ec5eb8e,3895067,306,2.55,15605636499,26402295700,26405305300,1781307118507-0
concurrency_n20_20260613_003117_redis_feed17_rep1,redis,sb:events:n20:feed17:rep1,7d705d8e-510f-4254-99aa-b8ae3983f183,3895113,306,2.55,15605636499,26405617100,26427303100,1781307118521-0
concurrency_n20_20260613_003117_redis_feed17_rep1,redis,sb:events:n20:feed17:rep1,f1467b99-9da9-46d2-ac75-690a3e4e6022,3895113,306,2.55,15605636499,26427736300,26439114200,1781307118535-0
concurrency_n20_20260613_003117_redis_feed17_rep1,redis,sb:events:n20:feed17:rep1,5f9c2b45-e34b-4485-9f9c-c04f7a6a8141,3895113,306,2.55,15605636499,26439973900,26442396900,1781307118545-0
concurrency_n20_20260613_003117_redis_feed17_rep1,redis,sb:events:n20:feed17:rep1,a79fae77-027f-4626-bd9a-43a8da911cc9,3895113,306,2.55,15605636499,26442965000,26448197000,1781307118548-0
concurrency_n20_20260613_003117_redis_feed17_rep1,redis,sb:events:n20:feed17:rep1,b9d922e7-926b-4ab4-883f-14bef294f95a,3895095,307,2.558333333333333,15605705944,26448507600,26479617400,1781307118577-0
concurrency_n20_20260613_003117_redis_feed17_rep1,redis,sb:events:n20:feed17:rep1,9782329a-4987-4ed6-b83e-789650c72f3f,3895060,307,2.558333333333333,15605705944,26479924200,26487493100,1781307118589-0
concurrency_n20_20260613_003117_redis_feed17_rep1,redis,sb:events:n20:feed17:rep1,140e2782-5931-4f7f-b4b3-d8992cc0894d,3895113,307,2.558333333333333,15605705944,26487780500,26495934800,1781307118597-0
concurrency_n20_20260613_003117_redis_feed17_rep1,redis,sb:events:n20:feed17:rep1,84201b0f-e559-4c49-8c72-b2ca95dd03b4,3895113,307,2.558333333333333,15605705944,26496298700,26502860000,1781307118601-0
concurrency_n20_20260613_003117_redis_feed17_rep1,redis,sb:events:n20:feed17:rep1,4367de93-46a3-4051-9a03-c6091645b426,3895113,307,2.558333333333333,15605705944,26503109900,26513404700,1781307118617-0
concurrency_n20_20260613_003117_redis_feed17_rep1,redis,sb:events:n20:feed17:rep1,a12bf24f-3f94-4b6b-a4c9-0ab1022463d6,3895113,307,2.558333333333333,15605705944,26513695700,26514841500,1781307118618-0
concurrency_n20_20260613_003117_redis_feed17_rep1,redis,sb:events:n20:feed17:rep1,7a623911-e8bb-4240-91a7-ea53efb3bf67,3895113,307,2.558333333333333,15605705944,26515107800,26523471600,1781307118620-0
concurrency_n20_20260613_003117_redis_feed17_rep1,redis,sb:events:n20:feed17:rep1,77f54056-114a-4d16-9e9e-997295adad0a,3895232,307,307.0,18142719833,26524138600,26525605500,1781307118629-0
concurrency_n20_20260613_003117_redis_feed17_rep1,redis,sb:events:n20:feed17:rep1,d818ea1b-fc04-4c3f-999d-3c923a1b9eb4,3895067,308,2.566666666666667,15605775388,26525912100,26528131200,1781307118632-0
concurrency_n20_20260613_003117_redis_feed17_rep1,redis,sb:events:n20:feed17:rep1,66556ab9-c3cd-4075-8cff-e99be86fc596,3895067,308,2.566666666666667,15605775388,26528427500,26529626100,1781307118633-0
concurrency_n20_20260613_003117_redis_feed17_rep1,redis,sb:events:n20:feed17:rep1,dabb4a55-9daf-4581-984f-65c72af87c2f,3895113,308,2.566666666666667,15605775388,26530047700,26532217300,1781307118635-0
concurrency_n20_20260613_003117_redis_feed17_rep1,redis,sb:events:n20:feed17:rep1,3e4b67ce-6155-4cce-aa94-52d3c3d9b226,3895113,308,2.566666666666667,15605775388,26532641400,26534292700,1781307118638-0
concurrency_n20_20260613_003117_redis_feed17_rep1,redis,sb:events:n20:feed17:rep1,b6d05a20-dc65-405d-93d6-c19f605a50fd,3895113,308,2.566666666666667,15605775388,26534528500,26535859400,1781307118639-0
concurrency_n20_20260613_003117_redis_feed17_rep1,redis,sb:events:n20:feed17:rep1,f2fc96e0-e656-4e93-b2a6-371b149cc18b,3895113,308,2.566666666666667,15605775388,26536075600,26537067800,1781307118640-0
concurrency_n20_20260613_003117_redis_feed17_rep1,redis,sb:events:n20:feed17:rep1,5547e81f-56b4-4b07-bddd-4e88812cbfb7,3895113,308,2.566666666666667,15605775388,26537270000,26538813400,1781307118642-0
concurrency_n20_20260613_003117_redis_feed17_rep1,redis,sb:events:n20:feed17:rep1,6c732d25-06af-445d-979a-8de486f470de,3895113,308,2.566666666666667,15605775388,26539046400,26540297900,1781307118644-0
concurrency_n20_20260613_003117_redis_feed17_rep1,redis,sb:events:n20:feed17:rep1,680f1e2b-51f4-4060-885f-44b943dcf8df,3895086,308,2.566666666666667,15605775388,26540541200,26541401000,1781307118645-0
concurrency_n20_20260613_003117_redis_feed17_rep1,redis,sb:events:n20:feed17:rep1,d21c56fe-c457-4bb8-8df2-430644fd1320,3895232,308,308.0,18151053166,26541647500,26542734600,1781307118646-0
concurrency_n20_20260613_003117_redis_feed17_rep1,redis,sb:events:n20:feed17:rep1,30128885-318c-4b65-8dc4-40d5355744ae,3895232,308,308.0,18151053166,26543023800,26543976400,1781307118648-0
concurrency_n20_20260613_003117_redis_feed17_rep1,redis,sb:events:n20:feed17:rep1,f22c59fb-0429-440f-ab9e-15f4fddce4d3,3895232,308,308.0,18151053166,26544678500,26545663100,1781307118649-0
concurrency_n20_20260613_003117_redis_feed17_rep1,redis,sb:events:n20:feed17:rep1,aa5b094a-ea5d-48a3-bd08-341f0621e584,3895232,308,308.0,18151053166,26546179800,26547319400,1781307118651-0
concurrency_n20_20260613_003117_redis_feed17_rep1,redis,sb:events:n20:feed17:rep1,532f5421-1002-4ba7-818c-1737d037ad0f,3895074,309,2.575,15605844833,26547570200,26548367100,1781307118652-0
concurrency_n20_20260613_003117_redis_feed17_rep1,redis,sb:events:n20:feed17:rep1,09b34f3f-1ad0-456f-9d0e-130693641fbd,3895134,309,2.575,15605844833,26548632000,26549565700,1781307118653-0
concurrency_n20_20260613_003117_redis_feed17_rep1,redis,sb:events:n20:feed17:rep1,45d8d54a-c51c-447f-8c28-03e9807e66f9,3895134,309,2.575,15605844833,26549782600,26554764700,1781307118654-0
concurrency_n20_20260613_003117_redis_feed17_rep1,redis,sb:events:n20:feed17:rep1,609bcb20-0647-439e-bf53-2c740528fc88,3895074,310,2.583333333333333,15605914277,26555337000,26572394700,1781307118675-0
concurrency_n20_20260613_003117_redis_feed17_rep1,redis,sb:events:n20:feed17:rep1,a1d192bf-a397-4555-b139-8bf87b76ff89,3895074,310,2.583333333333333,15605914277,26574609800,26576193000,1781307118679-0
concurrency_n20_20260613_003117_redis_feed17_rep1,redis,sb:events:n20:feed17:rep1,747f518f-8d91-4775-847e-ea3d859a2d6c,3895067,310,2.583333333333333,15605914277,26576413000,26582663200,1781307118682-0
concurrency_n20_20260613_003117_redis_feed17_rep1,redis,sb:events:n20:feed17:rep1,e0293eec-a320-42e6-bf9c-776ea3503c80,3895113,310,2.583333333333333,15605914277,26583671900,26594652800,1781307118693-0
concurrency_n20_20260613_003117_redis_feed17_rep1,redis,sb:events:n20:feed17:rep1,db738598-8c4f-44a6-8d07-5dba07dd8beb,3895113,310,2.583333333333333,15605914277,26595076000,26596930800,1781307118700-0
concurrency_n20_20260613_003117_redis_feed17_rep1,redis,sb:events:n20:feed17:rep1,e977c99a-d4e4-4812-8753-825831ea0a3c,3895086,310,2.583333333333333,15605914277,26597297000,26598520800,1781307118702-0
concurrency_n20_20260613_003117_redis_feed17_rep1,redis,sb:events:n20:feed17:rep1,513a4b6e-de63-4ac2-af0d-169a0db57dee,3895086,310,2.583333333333333,15605914277,26598872700,26599858200,1781307118703-0
concurrency_n20_20260613_003117_redis_feed17_rep1,redis,sb:events:n20:feed17:rep1,39f82a98-f156-451b-8a78-d38df708fe7d,3895086,310,2.583333333333333,15605914277,26600230800,26600949600,1781307118705-0
concurrency_n20_20260613_003117_redis_feed17_rep1,redis,sb:events:n20:feed17:rep1,91cffcaa-b74f-4878-a5b3-11e121d51490,3895232,310,310.0,18167719833,26608030800,26609009900,1781307118713-0
concurrency_n20_20260613_003117_redis_feed17_rep1,redis,sb:events:n20:feed17:rep1,930f3487-71a3-496d-970a-15c98c07928b,3895232,310,310.0,18167719833,26609334800,26610672500,1781307118714-0
concurrency_n20_20260613_003117_redis_feed17_rep1,redis,sb:events:n20:feed17:rep1,a27b420c-1dec-4696-a124-765068992189,3895232,310,310.0,18167719833,26611304200,26618842900,1781307118717-0
concurrency_n20_20260613_003117_redis_feed17_rep1,redis,sb:events:n20:feed17:rep1,9564460e-4591-4403-ba64-eef8909d478b,3895074,311,2.591666666666667,15605983722,26619318900,26620150900,1781307118724-0
concurrency_n20_20260613_003117_redis_feed17_rep1,redis,sb:events:n20:feed17:rep1,e4592b39-096a-471d-ac41-d41533b199e0,3895074,311,2.591666666666667,15605983722,26620334200,26621018100,1781307118725-0
concurrency_n20_20260613_003117_redis_feed17_rep1,redis,sb:events:n20:feed17:rep1,6d8b0a03-77b2-4c9e-b013-220e2b370560,3895134,311,2.591666666666667,15605983722,26621197900,26622656300,1781307118726-0
concurrency_n20_20260613_003117_redis_feed17_rep1,redis,sb:events:n20:feed17:rep1,45e0b58b-2260-4018-820d-cff887cddebc,3895134,311,2.591666666666667,15605983722,26622947000,26624157800,1781307118728-0
concurrency_n20_20260613_003117_redis_feed17_rep1,redis,sb:events:n20:feed17:rep1,adb989ce-7a4a-47dc-8dcd-7283780030ac,3895134,311,2.591666666666667,15605983722,26624596000,26627594200,1781307118731-0
concurrency_n20_20260613_003117_redis_feed17_rep1,redis,sb:events:n20:feed17:rep1,073aa6a8-86a6-4d30-8eec-ce1c6dc16a83,3895086,311,2.591666666666667,15605983722,26627987100,26629455000,1781307118733-0
concurrency_n20_20260613_003117_redis_feed17_rep1,redis,sb:events:n20:feed17:rep1,a150ed53-71c7-4630-87d7-d4259178dc89,3895086,311,2.591666666666667,15605983722,26633653400,26634935400,1781307118738-0
concurrency_n20_20260613_003117_redis_feed17_rep1,redis,sb:events:n20:feed17:rep1,a4ba9d07-652f-4373-aa40-e6ee4835e3d8,3895232,311,311.0,18176053166,26635641300,26637349200,1781307118741-0
concurrency_n20_20260613_003117_redis_feed17_rep1,redis,sb:events:n20:feed17:rep1,b3e51888-b4f0-4060-bf1a-0ccc325fa1a6,3895232,311,311.0,18176053166,26637628600,26643081500,1781307118743-0
concurrency_n20_20260613_003117_redis_feed17_rep1,redis,sb:events:n20:feed17:rep1,4167f0bb-a7ab-4fb6-ad14-6296e5125ea8,3895232,311,311.0,18176053166,26643605500,26662661400,1781307118763-0
concurrency_n20_20260613_003117_redis_feed17_rep1,redis,sb:events:n20:feed17:rep1,3acafed4-ed80-481d-adb1-6d8bcabdb08d,3895052,312,2.6,15606053166,26663410300,26676752300,1781307118768-0
concurrency_n20_20260613_003117_redis_feed17_rep1,redis,sb:events:n20:feed17:rep1,11f8cda4-8e26-4350-99f8-210e244442e2,3895060,313,2.6083333333333334,15606122611,26678972400,26684941600,1781307118787-0
concurrency_n20_20260613_003117_redis_feed17_rep1,redis,sb:events:n20:feed17:rep1,73e93481-ff4c-4edb-8ef5-9ee2a3b5f35b,3895074,313,2.6083333333333334,15606122611,26685226700,26686608000,1781307118790-0
concurrency_n20_20260613_003117_redis_feed17_rep1,redis,sb:events:n20:feed17:rep1,d0b08268-9caf-485b-b0bb-7b02cfaf47ac,3895134,313,2.6083333333333334,15606122611,26686891000,26690476200,1781307118792-0
concurrency_n20_20260613_003117_redis_feed17_rep1,redis,sb:events:n20:feed17:rep1,6378a2d7-fa17-456f-92cc-7de2179432cb,3895134,313,2.6083333333333334,15606122611,26691267000,26698692600,1781307118801-0
concurrency_n20_20260613_003117_redis_feed17_rep1,redis,sb:events:n20:feed17:rep1,84123f89-e20a-454c-ab6e-d5a6e63880af,3895086,313,2.6083333333333334,15606122611,26699015500,26702763400,1781307118804-0
concurrency_n20_20260613_003117_redis_feed17_rep1,redis,sb:events:n20:feed17:rep1,3b2b6418-b75c-44fa-8975-8fb60e3c7b7c,3895086,313,2.6083333333333334,15606122611,26703015900,26712281700,1781307118808-0
concurrency_n20_20260613_003117_redis_feed17_rep1,redis,sb:events:n20:feed17:rep1,b94491b0-3a83-42e6-abd3-d19236be27f4,3895232,313,313.0,18192719833,26712568100,26713544200,1781307118817-0
concurrency_n20_20260613_003117_redis_feed17_rep1,redis,sb:events:n20:feed17:rep1,9fafa60b-93f1-432d-9da8-dcebf4fe0d4d,3895232,313,313.0,18192719833,26713785200,26714956500,1781307118818-0
concurrency_n20_20260613_003117_redis_feed17_rep1,redis,sb:events:n20:feed17:rep1,b676a690-300d-462b-b0a0-44689f3e7271,3895060,314,2.6166666666666667,15606192055,26715438200,26726912300,1781307118831-0
concurrency_n20_20260613_003117_redis_feed17_rep1,redis,sb:events:n20:feed17:rep1,0b6cf8b2-8c0f-479b-9e85-5662f9cf2f79,3895060,314,2.6166666666666667,15606192055,26727267200,26728171800,1781307118832-0
concurrency_n20_20260613_003117_redis_feed17_rep1,redis,sb:events:n20:feed17:rep1,3c2cbdfb-eca8-4567-bea4-efa56a11ff0c,3895060,314,2.6166666666666667,15606192055,26728643200,26729424900,1781307118833-0
concurrency_n20_20260613_003117_redis_feed17_rep1,redis,sb:events:n20:feed17:rep1,605b7d6d-f015-4950-9733-14ba5fd4e42a,3895060,314,2.6166666666666667,15606192055,26737439700,26738393100,1781307118842-0
concurrency_n20_20260613_003117_redis_feed17_rep1,redis,sb:events:n20:feed17:rep1,2f0fbbcc-2fda-4daa-806a-056a5187ebba,3895060,314,2.6166666666666667,15606192055,26738724300,26739902500,1781307118843-0
concurrency_n20_20260613_003117_redis_feed17_rep1,redis,sb:events:n20:feed17:rep1,9b1e8c53-a1de-4f2c-99e6-0b9aaaa1c745,3895134,314,2.6166666666666667,15606192055,26740123100,26741173300,1781307118845-0
concurrency_n20_20260613_003117_redis_feed17_rep1,redis,sb:events:n20:feed17:rep1,c23e3eb6-c6dd-4b4f-8eaf-5473b505ad9a,3895052,314,2.6166666666666667,15606192055,26741370400,26748406100,1781307118846-0
concurrency_n20_20260613_003117_redis_feed17_rep1,redis,sb:events:n20:feed17:rep1,394bdb55-88c5-43c6-a113-15457f7dcf1b,3895052,314,2.6166666666666667,15606192055,26750879400,26755083200,1781307118858-0
concurrency_n20_20260613_003117_redis_feed17_rep1,redis,sb:events:n20:feed17:rep1,4f1d2266-06ab-4b6d-a731-2f03cfa891e3,3895113,314,2.6166666666666667,15606192055,26755383800,26757355000,1781307118860-0
concurrency_n20_20260613_003117_redis_feed17_rep1,redis,sb:events:n20:feed17:rep1,99fab9e3-ddf0-4f49-89cc-ed1438559485,3895086,314,2.6166666666666667,15606192055,26757686700,26759993700,1781307118863-0
concurrency_n20_20260613_003117_redis_feed17_rep1,redis,sb:events:n20:feed17:rep1,c43891c6-f7d0-4b53-854f-7b0c0bf409d9,3895086,314,2.6166666666666667,15606192055,26760396100,26761846800,1781307118865-0
concurrency_n20_20260613_003117_redis_feed17_rep1,redis,sb:events:n20:feed17:rep1,46da3c22-d6c9-4329-8876-e1cd8caa84f9,3895232,314,314.0,18201053166,26762091700,26763263600,1781307118867-0
concurrency_n20_20260613_003117_redis_feed17_rep1,redis,sb:events:n20:feed17:rep1,b02d8af1-0dd1-423d-94ea-c81f1d60adfc,3895060,315,2.625,15606261500,26765943600,26782160500,1781307118886-0
concurrency_n20_20260613_003117_redis_feed17_rep1,redis,sb:events:n20:feed17:rep1,d2d96254-cdb5-40f6-a713-824acbab17a3,3895107,315,2.625,15606261500,26782449300,26808611000,1781307118901-0
concurrency_n20_20260613_003117_redis_feed17_rep1,redis,sb:events:n20:feed17:rep1,02302c67-a71e-4acf-bab1-d73bccb3ff36,3895134,315,2.625,15606261500,26808915100,26814107100,1781307118917-0
concurrency_n20_20260613_003117_redis_feed17_rep1,redis,sb:events:n20:feed17:rep1,dacab50e-dea6-47d0-a67f-506895f82189,3895134,315,2.625,15606261500,26814554600,26816379300,1781307118919-0
concurrency_n20_20260613_003117_redis_feed17_rep1,redis,sb:events:n20:feed17:rep1,392dd4b7-a180-48b3-9dbc-acabf60191e3,3895052,315,2.625,15606261500,26816839400,26818372400,1781307118922-0
concurrency_n20_20260613_003117_redis_feed17_rep1,redis,sb:events:n20:feed17:rep1,04c9affe-5c2c-4541-880e-6449dac86ae3,3895086,315,2.625,15606261500,26818623700,26820564600,1781307118923-0
concurrency_n20_20260613_003117_redis_feed17_rep1,redis,sb:events:n20:feed17:rep1,562ce0ba-cc5e-4622-b2e0-e5a4fa545b29,3895060,316,2.6333333333333333,15606330944,26820847900,26835463300,1781307118938-0
concurrency_n20_20260613_003117_redis_feed17_rep1,redis,sb:events:n20:feed17:rep1,6da99785-0da0-4aca-93d6-27fa7a4cbad6,3895060,316,2.6333333333333333,15606330944,26835709400,26845492900,1781307118941-0
concurrency_n20_20260613_003117_redis_feed17_rep1,redis,sb:events:n20:feed17:rep1,2da25799-fa27-4e14-ab83-65f4610738a7,3895107,316,2.6333333333333333,15606330944,26845799100,26855672500,1781307118952-0
concurrency_n20_20260613_003117_redis_feed17_rep1,redis,sb:events:n20:feed17:rep1,2add13d1-e99d-4136-ab7e-853a487aa346,3895052,316,2.6333333333333333,15606330944,26856001300,26858974500,1781307118961-0
concurrency_n20_20260613_003117_redis_feed17_rep1,redis,sb:events:n20:feed17:rep1,677c2260-b99e-46fe-983b-d8be3d3623ff,3895052,316,2.6333333333333333,15606330944,26859461400,26870385900,1781307118965-0
concurrency_n20_20260613_003117_redis_feed17_rep1,redis,sb:events:n20:feed17:rep1,4a574c7f-cffa-4555-9ba1-e18af3476fbf,3895052,316,2.6333333333333333,15606330944,26871672400,26875461600,1781307118977-0
concurrency_n20_20260613_003117_redis_feed17_rep1,redis,sb:events:n20:feed17:rep1,246935a5-58c1-4438-a255-74262e4c8629,3895113,316,2.6333333333333333,15606330944,26875741700,26877104000,1781307118980-0
concurrency_n20_20260613_003117_redis_feed17_rep1,redis,sb:events:n20:feed17:rep1,76707c05-6d43-4d3e-b06d-3645f7e25876,3895113,316,2.6333333333333333,15606330944,26884988300,26892628000,1781307118992-0
concurrency_n20_20260613_003117_redis_feed17_rep1,redis,sb:events:n20:feed17:rep1,71943820-a760-44f7-a40f-c4cae9e602a4,3895232,316,316.0,18217719833,26892919500,26902723600,1781307119006-0
concurrency_n20_20260613_003117_redis_feed17_rep1,redis,sb:events:n20:feed17:rep1,9da92f2c-4513-4d9c-ad5b-357d99dc2477,3895232,316,316.0,18217719833,26903077100,26911141400,1781307119008-0
concurrency_n20_20260613_003117_redis_feed17_rep1,redis,sb:events:n20:feed17:rep1,c87616ec-19e2-478d-bd0d-eab29aa65168,3895232,316,316.0,18217719833,26911616400,26913002800,1781307119017-0
concurrency_n20_20260613_003117_redis_feed17_rep1,redis,sb:events:n20:feed17:rep1,7f412a00-eccd-4d4f-98d3-3ced82f667f2,3895074,317,2.6416666666666666,15606400388,26913221200,26915102200,1781307119018-0
concurrency_n20_20260613_003117_redis_feed17_rep1,redis,sb:events:n20:feed17:rep1,ec646053-bd4f-4edf-bdda-23c1b37a2104,3895074,317,2.6416666666666666,15606400388,26915412200,26916284600,1781307119020-0
concurrency_n20_20260613_003117_redis_feed17_rep1,redis,sb:events:n20:feed17:rep1,400a0629-38de-4e49-b260-f9dd814599a5,3895107,317,2.6416666666666666,15606400388,26916566800,26917556500,1781307119021-0
concurrency_n20_20260613_003117_redis_feed17_rep1,redis,sb:events:n20:feed17:rep1,d8fb521c-b883-43f7-aaee-9be4a2e5e541,3895107,317,2.6416666666666666,15606400388,26917784500,26919330100,1781307119023-0
concurrency_n20_20260613_003117_redis_feed17_rep1,redis,sb:events:n20:feed17:rep1,ad8763fe-6c7b-44d5-87a8-ab6b960e2a1e,3895134,317,2.6416666666666666,15606400388,26919598000,26927565000,1781307119024-0
concurrency_n20_20260613_003117_redis_feed17_rep1,redis,sb:events:n20:feed17:rep1,da096edb-269d-4bbf-85f0-16f9d6d675bb,3895052,317,2.6416666666666666,15606400388,26927839300,26932563100,1781307119034-0
concurrency_n20_20260613_003117_redis_feed17_rep1,redis,sb:events:n20:feed17:rep1,78c9fc5e-2d64-4fae-a14d-b9253211ecf5,3895052,317,2.6416666666666666,15606400388,26933029200,26935689800,1781307119038-0
concurrency_n20_20260613_003117_redis_feed17_rep1,redis,sb:events:n20:feed17:rep1,9c15a0fc-0c14-4605-ba21-f98e9588afeb,3895113,317,2.6416666666666666,15606400388,26935962700,26943695200,1781307119041-0
concurrency_n20_20260613_003117_redis_feed17_rep1,redis,sb:events:n20:feed17:rep1,3d2cd498-9f78-4a87-8916-c393fcc09897,3895232,317,317.0,18226053166,26943936500,26972219400,1781307119072-0
concurrency_n20_20260613_003117_redis_feed17_rep1,redis,sb:events:n20:feed17:rep1,5d15d3ee-461b-40a2-a667-bb282a55930b,3895232,317,317.0,18226053166,26972634700,26974743800,1781307119077-0
concurrency_n20_20260613_003117_redis_feed17_rep1,redis,sb:events:n20:feed17:rep1,8441f5f4-1d8c-4b91-b4c9-fd67eddbee0a,3895060,318,2.65,15606469833,26975046200,26982903000,1781307119080-0
concurrency_n20_20260613_003117_redis_feed17_rep1,redis,sb:events:n20:feed17:rep1,8d1f4b7d-8eff-47e6-ae0c-91b8d06bc7d9,3895052,318,2.65,15606469833,26983599600,26985183100,1781307119088-0
concurrency_n20_20260613_003117_redis_feed17_rep1,redis,sb:events:n20:feed17:rep1,ec53d3eb-784c-4b06-8b15-2a4e6d8c8897,3895113,318,2.65,15606469833,26985463800,26986394300,1781307119090-0
concurrency_n20_20260613_003117_redis_feed17_rep1,redis,sb:events:n20:feed17:rep1,09a9066d-3190-4258-b6a3-10a62c95e149,3895113,318,2.65,15606469833,26986649900,26995407600,1781307119091-0
concurrency_n20_20260613_003117_redis_feed17_rep1,redis,sb:events:n20:feed17:rep1,0356234a-0ed3-460b-adfb-80f6b42f5e82,3895232,318,318.0,18234386500,27008628200,27012603300,1781307119114-0
concurrency_n20_20260613_003117_redis_feed17_rep1,redis,sb:events:n20:feed17:rep1,26196cc9-cd14-47de-9b97-80d6985b326f,3895107,319,2.658333333333333,15606539277,27013014600,27014145200,1781307119118-0
concurrency_n20_20260613_003117_redis_feed17_rep1,redis,sb:events:n20:feed17:rep1,5a0b00b5-8620-4121-8530-0b794c2eab40,3895107,319,2.658333333333333,15606539277,27014400600,27015758400,1781307119119-0
concurrency_n20_20260613_003117_redis_feed17_rep1,redis,sb:events:n20:feed17:rep1,5c073b2f-c213-4ab7-a313-1a59712c78e5,3895134,319,2.658333333333333,15606539277,27016129900,27017403800,1781307119121-0
concurrency_n20_20260613_003117_redis_feed17_rep1,redis,sb:events:n20:feed17:rep1,20ae7112-b2c8-41d2-aeb1-63d9a704d650,3895134,319,2.658333333333333,15606539277,27017622500,27031439300,1781307119130-0
concurrency_n20_20260613_003117_redis_feed17_rep1,redis,sb:events:n20:feed17:rep1,37927a43-1600-4ff9-ab32-90ef87a3a16a,3895134,319,2.658333333333333,15606539277,27043542700,27056686800,1781307119160-0
concurrency_n20_20260613_003117_redis_feed17_rep1,redis,sb:events:n20:feed17:rep1,f2d2fda6-0d5f-4519-8c00-771a4f8ccaa3,3895052,319,2.658333333333333,15606539277,27056952500,27088030600,1781307119190-0
concurrency_n20_20260613_003117_redis_feed17_rep1,redis,sb:events:n20:feed17:rep1,1cce44ec-247a-4b01-86ae-aee511d9af28,3895052,319,2.658333333333333,15606539277,27088313100,27090156300,1781307119193-0
concurrency_n20_20260613_003117_redis_feed17_rep1,redis,sb:events:n20:feed17:rep1,682ff6dc-45e1-4759-b841-e8e940b73945,3895095,320,2.6666666666666665,15606608722,27090403700,27092329300,1781307119195-0
concurrency_n20_20260613_003117_redis_feed17_rep1,redis,sb:events:n20:feed17:rep1,80ea0fc3-2a53-4f63-89a6-b5fe54a9d7d9,3895095,320,2.6666666666666665,15606608722,27092579600,27100560900,1781307119203-0
concurrency_n20_20260613_003117_redis_feed17_rep1,redis,sb:events:n20:feed17:rep1,3ddd1bf5-ebc0-46d8-80e9-7754349fb9cc,3895060,320,2.6666666666666665,15606608722,27100841000,27109966400,1781307119213-0
concurrency_n20_20260613_003117_redis_feed17_rep1,redis,sb:events:n20:feed17:rep1,8707266c-f4f4-4701-9a98-93a44cb229da,3895060,320,2.6666666666666665,15606608722,27110320700,27115402200,1781307119216-0
concurrency_n20_20260613_003117_redis_feed17_rep1,redis,sb:events:n20:feed17:rep1,67391880-c4bd-4c49-ac0d-30f2b4cfed43,3895134,320,2.6666666666666665,15606608722,27115740300,27124240500,1781307119228-0
concurrency_n20_20260613_003117_redis_feed17_rep1,redis,sb:events:n20:feed17:rep1,8cc8899e-12c7-4f32-ad3c-6234f1a183e1,3895134,320,2.6666666666666665,15606608722,27124654500,27125717700,1781307119229-0
concurrency_n20_20260613_003117_redis_feed17_rep1,redis,sb:events:n20:feed17:rep1,73950e1c-c4c5-46d2-9b4b-9751c3c09646,3895052,320,2.6666666666666665,15606608722,27125987300,27126730700,1781307119230-0
concurrency_n20_20260613_003117_redis_feed17_rep1,redis,sb:events:n20:feed17:rep1,0baa40ea-5472-4239-84ce-75cc13e04c9e,3895113,320,2.6666666666666665,15606608722,27126941000,27128243200,1781307119232-0
concurrency_n20_20260613_003117_redis_feed17_rep1,redis,sb:events:n20:feed17:rep1,de15c071-d2b4-4217-abc1-8a0bd48397a2,3895232,320,320.0,18251053166,27128789200,27130522900,1781307119234-0
concurrency_n20_20260613_003117_redis_feed17_rep1,redis,sb:events:n20:feed17:rep1,b1d5699a-a639-4c86-aa81-9c770153ca6a,3895232,320,320.0,18251053166,27130750300,27150596700,1781307119251-0
concurrency_n20_20260613_003117_redis_feed17_rep1,redis,sb:events:n20:feed17:rep1,a9347317-a7eb-452e-90a6-a39138d4256a,3895232,320,320.0,18251053166,27150854500,27160385600,1781307119256-0
concurrency_n20_20260613_003117_redis_feed17_rep1,redis,sb:events:n20:feed17:rep1,dd2bca04-ff6b-4119-98d8-0715b808564d,3895232,320,320.0,18251053166,27160687100,27161813700,1781307119265-0
concurrency_n20_20260613_003117_redis_feed17_rep1,redis,sb:events:n20:feed17:rep1,b3cdbc24-1526-45e8-b28c-4ecc4b45eba5,3895232,320,320.0,18251053166,27162090500,27163029600,1781307119267-0
concurrency_n20_20260613_003117_redis_feed17_rep1,redis,sb:events:n20:feed17:rep1,47b30c8a-2415-4aa3-9a2d-1d847b550731,3895095,321,2.675,15606678166,27163380000,27167061200,1781307119268-0
concurrency_n20_20260613_003117_redis_feed17_rep1,redis,sb:events:n20:feed17:rep1,01452dda-4cab-4703-8f03-7851cc2a493b,3895095,321,2.675,15606678166,27167498800,27179352900,1781307119281-0
concurrency_n20_20260613_003117_redis_feed17_rep1,redis,sb:events:n20:feed17:rep1,3af0554c-8ef9-4cd9-b5fe-0eb9b6b5cb62,3895095,321,2.675,15606678166,27179738000,27181680100,1781307119284-0
concurrency_n20_20260613_003117_redis_feed17_rep1,redis,sb:events:n20:feed17:rep1,b60de9a9-c724-4975-b127-99ce60ac1e15,3895095,321,2.675,15606678166,27181932500,27187946900,1781307119287-0
concurrency_n20_20260613_003117_redis_feed17_rep1,redis,sb:events:n20:feed17:rep1,779176ae-e436-407c-879f-8e400f7377f8,3895095,321,2.675,15606678166,27188227500,27193236500,1781307119297-0
concurrency_n20_20260613_003117_redis_feed17_rep1,redis,sb:events:n20:feed17:rep1,00c09277-2dbb-47b7-ac4b-741062eb3faa,3895095,321,2.675,15606678166,27193538800,27197405400,1781307119299-0
concurrency_n20_20260613_003117_redis_feed17_rep1,redis,sb:events:n20:feed17:rep1,18ba8f20-241a-4d34-83de-d246ce265ba4,3895121,321,2.675,15606678166,27197713300,27202078600,1781307119303-0
concurrency_n20_20260613_003117_redis_feed17_rep1,redis,sb:events:n20:feed17:rep1,45f8a62c-9039-4034-a964-fd1c1545680a,3895134,321,2.675,15606678166,27202351200,27213293900,1781307119313-0
concurrency_n20_20260613_003117_redis_feed17_rep1,redis,sb:events:n20:feed17:rep1,6ac63702-9c8d-4c96-82dd-f1f4e145f062,3895134,321,2.675,15606678166,27213594300,27215475400,1781307119319-0
concurrency_n20_20260613_003117_redis_feed17_rep1,redis,sb:events:n20:feed17:rep1,80b5572a-d2bf-4bac-ae05-1724682e6848,3895052,321,2.675,15606678166,27215777900,27227338300,1781307119321-0
concurrency_n20_20260613_003117_redis_feed17_rep1,redis,sb:events:n20:feed17:rep1,08849140-7424-46b1-be08-ebd78e548e26,3895052,321,2.675,15606678166,27227626500,27233405700,1781307119333-0
concurrency_n20_20260613_003117_redis_feed17_rep1,redis,sb:events:n20:feed17:rep1,9e876c0f-8eb7-408b-b8aa-d1f7e172b0dc,3895113,321,2.675,15606678166,27233962500,27236581300,1781307119339-0
concurrency_n20_20260613_003117_redis_feed17_rep1,redis,sb:events:n20:feed17:rep1,bac2ac88-467a-46f3-93bc-896a8a9763cc,3895086,321,2.675,15606678166,27237638100,27239347700,1781307119343-0
concurrency_n20_20260613_003117_redis_feed17_rep1,redis,sb:events:n20:feed17:rep1,f3340d0d-34c8-4c60-818d-6b0ab6f0e724,3895086,321,2.675,15606678166,27239713300,27241235900,1781307119345-0
concurrency_n20_20260613_003117_redis_feed17_rep1,redis,sb:events:n20:feed17:rep1,dae66056-47ee-4d50-8de9-f891de1d96a9,3895232,321,321.0,18259386500,27241461500,27245148100,1781307119346-0
concurrency_n20_20260613_003117_redis_feed17_rep1,redis,sb:events:n20:feed17:rep1,a9353826-78d0-4db7-9504-37af067ba42b,3895060,322,2.683333333333333,15606747611,27245411300,27259369800,1781307119361-0
concurrency_n20_20260613_003117_redis_feed17_rep1,redis,sb:events:n20:feed17:rep1,f3617b96-6548-46c6-9b24-c7d328b1641f,3895107,322,2.683333333333333,15606747611,27260062700,27262517600,1781307119365-0
concurrency_n20_20260613_003117_redis_feed17_rep1,redis,sb:events:n20:feed17:rep1,f852634c-8f86-4877-be07-bc24a07e736d,3895107,322,2.683333333333333,15606747611,27262804500,27285512500,1781307119381-0
concurrency_n20_20260613_003117_redis_feed17_rep1,redis,sb:events:n20:feed17:rep1,fd58d405-6eba-41ab-81bf-d22785c2a293,3895134,322,2.683333333333333,15606747611,27293689500,27295603900,1781307119399-0
concurrency_n20_20260613_003117_redis_feed17_rep1,redis,sb:events:n20:feed17:rep1,67b350e2-a656-4ee2-ba54-6a99f81f12a6,3895052,322,2.683333333333333,15606747611,27296117900,27296944300,1781307119401-0
concurrency_n20_20260613_003117_redis_feed17_rep1,redis,sb:events:n20:feed17:rep1,891e42ae-ba34-4c6c-9819-902fd0ff3123,3895113,322,2.683333333333333,15606747611,27297266600,27302177500,1781307119402-0
concurrency_n20_20260613_003117_redis_feed17_rep1,redis,sb:events:n20:feed17:rep1,dbb81daf-4dd3-4b09-9c7b-66b3cfd002b4,3895113,322,2.683333333333333,15606747611,27302412900,27303249000,1781307119407-0
concurrency_n20_20260613_003117_redis_feed17_rep1,redis,sb:events:n20:feed17:rep1,e4a1a2fe-fe12-435a-98a4-98dda2739446,3895086,322,2.683333333333333,15606747611,27303512800,27304587400,1781307119408-0
concurrency_n20_20260613_003117_redis_feed17_rep1,redis,sb:events:n20:feed17:rep1,ea283cd4-127c-4613-a843-474b9ff4cd8c,3895086,322,2.683333333333333,15606747611,27304851600,27305780400,1781307119409-0
concurrency_n20_20260613_003117_redis_feed17_rep1,redis,sb:events:n20:feed17:rep1,9f38e589-9bcd-402e-a9c7-81c713301c69,3895086,322,2.683333333333333,15606747611,27311835000,27313323600,1781307119417-0
concurrency_n20_20260613_003117_redis_feed17_rep1,redis,sb:events:n20:feed17:rep1,ceb01ebe-f047-4903-ad87-46179255db15,3895095,323,2.691666666666667,15606817055,27313649500,27316242400,1781307119419-0
concurrency_n20_20260613_003117_redis_feed17_rep1,redis,sb:events:n20:feed17:rep1,25c1ced9-2614-4c5f-b468-49623335f10a,3895095,323,2.691666666666667,15606817055,27316525200,27317794400,1781307119422-0
concurrency_n20_20260613_003117_redis_feed17_rep1,redis,sb:events:n20:feed17:rep1,765e4d5f-098d-416d-ac74-e94b3fc96434,3895121,323,2.691666666666667,15606817055,27318002600,27333499500,1781307119433-0
concurrency_n20_20260613_003117_redis_feed17_rep1,redis,sb:events:n20:feed17:rep1,765951d5-3b9b-48ae-a2ec-0569ce42652a,3895121,323,2.691666666666667,15606817055,27333747600,27350834500,1781307119452-0
concurrency_n20_20260613_003117_redis_feed17_rep1,redis,sb:events:n20:feed17:rep1,2072c49c-533a-4650-898e-b8c2c38b8a53,3895060,323,2.691666666666667,15606817055,27351108400,27352868400,1781307119456-0
concurrency_n20_20260613_003117_redis_feed17_rep1,redis,sb:events:n20:feed17:rep1,29f92fe5-0aa4-407d-8f0a-0cf2ddeaaa5f,3895060,323,2.691666666666667,15606817055,27353226400,27355584500,1781307119459-0
concurrency_n20_20260613_003117_redis_feed17_rep1,redis,sb:events:n20:feed17:rep1,91705dce-cd6d-46fc-816b-6f16f0a55899,3895134,323,2.691666666666667,15606817055,27355916700,27357171200,1781307119461-0
concurrency_n20_20260613_003117_redis_feed17_rep1,redis,sb:events:n20:feed17:rep1,7eb6fae1-8ed8-4b6b-a245-a1ad3eb55542,3895134,323,2.691666666666667,15606817055,27357454700,27358522300,1781307119462-0
concurrency_n20_20260613_003117_redis_feed17_rep1,redis,sb:events:n20:feed17:rep1,5ed423f7-bc6a-417d-908c-9c5cc9053848,3895134,323,2.691666666666667,15606817055,27358775200,27366096300,1781307119463-0
concurrency_n20_20260613_003117_redis_feed17_rep1,redis,sb:events:n20:feed17:rep1,6f9de4f1-0bd4-4d27-955b-3efeeb7c5d8b,3895113,323,2.691666666666667,15606817055,27366574800,27368017800,1781307119471-0
concurrency_n20_20260613_003117_redis_feed17_rep1,redis,sb:events:n20:feed17:rep1,91ca55c2-0ab1-4c67-8c0d-0a768c136cbe,3895113,323,2.691666666666667,15606817055,27368340000,27369532900,1781307119473-0
concurrency_n20_20260613_003117_redis_feed17_rep1,redis,sb:events:n20:feed17:rep1,06a68206-c99d-4853-b4c2-1e8b69ed8bac,3895086,323,2.691666666666667,15606817055,27369765800,27370630000,1781307119474-0
concurrency_n20_20260613_003117_redis_feed17_rep1,redis,sb:events:n20:feed17:rep1,e322c13b-ff81-42ee-90e8-2e445f78f36a,3895086,323,2.691666666666667,15606817055,27370922700,27375535600,1781307119479-0
concurrency_n20_20260613_003117_redis_feed17_rep1,redis,sb:events:n20:feed17:rep1,0152e3af-14bc-45b9-acc2-1c1b81ba1e6d,3895134,324,2.7,15606886500,27375782300,27385770900,1781307119489-0
concurrency_n20_20260613_003117_redis_feed17_rep1,redis,sb:events:n20:feed17:rep1,65078bd9-948c-400f-90f7-2aaf914406d4,3895134,324,2.7,15606886500,27386064800,27393091400,1781307119495-0
concurrency_n20_20260613_003117_redis_feed17_rep1,redis,sb:events:n20:feed17:rep1,5babff75-4553-4b3a-b9f4-43b8ecab192e,3895086,324,2.7,15606886500,27393588100,27396411100,1781307119498-0
concurrency_n20_20260613_003117_redis_feed17_rep1,redis,sb:events:n20:feed17:rep1,dcd63a56-5072-413e-911a-7264f0e371ab,3895086,324,2.7,15606886500,27396680900,27399424300,1781307119502-0
concurrency_n20_20260613_003117_redis_feed17_rep1,redis,sb:events:n20:feed17:rep1,912c44f7-9bea-4745-a4c2-4751ca8b8ba2,3895060,325,2.708333333333333,15606955944,27404527700,27416989100,1781307119514-0
concurrency_n20_20260613_003117_redis_feed17_rep1,redis,sb:events:n20:feed17:rep1,c2b8d7b8-ae71-4a7b-832a-5e071f84706c,3895060,325,2.708333333333333,15606955944,27417365800,27434285600,1781307119537-0
concurrency_n20_20260613_003117_redis_feed17_rep1,redis,sb:events:n20:feed17:rep1,f302d779-957c-4d6f-999d-e1b1a994308a,3895052,325,2.708333333333333,15606955944,27434561100,27448537800,1781307119552-0
concurrency_n20_20260613_003117_redis_feed17_rep1,redis,sb:events:n20:feed17:rep1,0b07deed-d20e-4434-abd6-4aaf53e71e62,3895052,325,2.708333333333333,15606955944,27448816100,27449869500,1781307119553-0
concurrency_n20_20260613_003117_redis_feed17_rep1,redis,sb:events:n20:feed17:rep1,1a07249d-2406-4788-9baa-b1c8eec64ea5,3895086,325,2.708333333333333,15606955944,27450156000,27451012900,1781307119555-0
concurrency_n20_20260613_003117_redis_feed17_rep1,redis,sb:events:n20:feed17:rep1,50a58806-53f3-4be3-b1a3-ebc3df31bcfb,3895060,326,2.716666666666667,15607025388,27451176300,27458806000,1781307119556-0
concurrency_n20_20260613_003117_redis_feed17_rep1,redis,sb:events:n20:feed17:rep1,ccc70e17-4484-4ad8-b7fc-715d4177c31a,3895060,326,2.716666666666667,15607025388,27459243900,27468156500,1781307119565-0
concurrency_n20_20260613_003117_redis_feed17_rep1,redis,sb:events:n20:feed17:rep1,f99f7f6b-5a8c-412a-9704-e4f174e12f20,3895074,326,2.716666666666667,15607025388,27468634200,27469999600,1781307119573-0
concurrency_n20_20260613_003117_redis_feed17_rep1,redis,sb:events:n20:feed17:rep1,e080162c-b679-46f5-adf2-a019d92130eb,3895113,326,2.716666666666667,15607025388,27470249600,27483813900,1781307119578-0
concurrency_n20_20260613_003117_redis_feed17_rep1,redis,sb:events:n20:feed17:rep1,b7a07101-16a4-4d4c-8693-420785555b30,3895113,326,2.716666666666667,15607025388,27484065200,27486460000,1781307119590-0
concurrency_n20_20260613_003117_redis_feed17_rep1,redis,sb:events:n20:feed17:rep1,cbcbaf77-15d0-45a3-afec-9bade109c5c3,3895113,326,2.716666666666667,15607025388,27486713100,27498311500,1781307119602-0
concurrency_n20_20260613_003117_redis_feed17_rep1,redis,sb:events:n20:feed17:rep1,d310c41e-ccc2-40fb-a06d-6d036f388bff,3895086,326,2.716666666666667,15607025388,27498604500,27508502100,1781307119604-0
concurrency_n20_20260613_003117_redis_feed17_rep1,redis,sb:events:n20:feed17:rep1,a0a25c26-29df-44dc-a699-90580910dfdd,3895060,327,2.725,15607094833,27508868100,27509750300,1781307119614-0
concurrency_n20_20260613_003117_redis_feed17_rep1,redis,sb:events:n20:feed17:rep1,0cf23ce9-0153-4db2-8503-d3073f6461d9,3895060,327,2.725,15607094833,27509980900,27510785500,1781307119615-0
concurrency_n20_20260613_003117_redis_feed17_rep1,redis,sb:events:n20:feed17:rep1,8cd76890-acdb-4587-9747-a8325f50af1b,3895134,327,2.725,15607094833,27511046900,27511943500,1781307119616-0
concurrency_n20_20260613_003117_redis_feed17_rep1,redis,sb:events:n20:feed17:rep1,e2422ee1-2d12-406e-abd1-fcb8e6e5e40f,3895113,327,2.725,15607094833,27512118700,27522689800,1781307119617-0
concurrency_n20_20260613_003117_redis_feed17_rep1,redis,sb:events:n20:feed17:rep1,28026d1d-108d-4132-b7dd-aa5fb2833312,3895086,327,2.725,15607094833,27523051400,27530665000,1781307119631-0
concurrency_n20_20260613_003117_redis_feed17_rep1,redis,sb:events:n20:feed17:rep1,3b634913-4263-4e45-a7f6-b25bac5d2637,3895086,327,2.725,15607094833,27530897700,27553542900,1781307119655-0
concurrency_n20_20260613_003117_redis_feed17_rep1,redis,sb:events:n20:feed17:rep1,4a7fa8b7-ee4a-4a51-ad8a-5df4c2fe9446,3895095,328,2.7333333333333334,15607164277,27553963300,27584491400,1781307119684-0
concurrency_n20_20260613_003117_redis_feed17_rep1,redis,sb:events:n20:feed17:rep1,601694f2-d49d-47a3-bc0d-3166572c7d50,3895060,328,2.7333333333333334,15607164277,27584896000,27606023900,1781307119704-0
concurrency_n20_20260613_003117_redis_feed17_rep1,redis,sb:events:n20:feed17:rep1,821f610d-dc82-4cb3-81fa-80daf42f8298,3895074,328,2.7333333333333334,15607164277,27606650500,27608231100,1781307119711-0
concurrency_n20_20260613_003117_redis_feed17_rep1,redis,sb:events:n20:feed17:rep1,0425f679-712d-4e88-a143-95f0fced4376,3895074,328,2.7333333333333334,15607164277,27608454900,27609355200,1781307119713-0
concurrency_n20_20260613_003117_redis_feed17_rep1,redis,sb:events:n20:feed17:rep1,5c5243e2-2576-47e7-9e3d-f064c3369e22,3895134,328,2.7333333333333334,15607164277,27609719900,27610846500,1781307119714-0
concurrency_n20_20260613_003117_redis_feed17_rep1,redis,sb:events:n20:feed17:rep1,66ed78e9-7b7a-4dc9-8a7b-9abf8b6a2b79,3895134,328,2.7333333333333334,15607164277,27611076200,27612588900,1781307119716-0
concurrency_n20_20260613_003117_redis_feed17_rep1,redis,sb:events:n20:feed17:rep1,9ae80932-88a0-46c4-906a-d92d4999f5a3,3895086,328,2.7333333333333334,15607164277,27612940000,27614109300,1781307119717-0
concurrency_n20_20260613_003117_redis_feed17_rep1,redis,sb:events:n20:feed17:rep1,d4a886d3-364d-4310-a009-0c7228d9c4e2,3895095,329,2.7416666666666667,15607233722,27614371000,27640580900,1781307119726-0
concurrency_n20_20260613_003117_redis_feed17_rep1,redis,sb:events:n20:feed17:rep1,f070b6ef-9781-4ba2-9993-4e4393f056cb,3895095,329,2.7416666666666667,15607233722,27640876500,27650342700,1781307119751-0
concurrency_n20_20260613_003117_redis_feed17_rep1,redis,sb:events:n20:feed17:rep1,f621dd02-9352-4e89-a960-5040f4b3499d,3895121,329,2.7416666666666667,15607233722,27650585600,27655728400,1781307119757-0
concurrency_n20_20260613_003117_redis_feed17_rep1,redis,sb:events:n20:feed17:rep1,b4a4be30-2276-404e-bd4b-2664b630e9f7,3895121,329,2.7416666666666667,15607233722,27662690200,27664017100,1781307119767-0
concurrency_n20_20260613_003117_redis_feed17_rep1,redis,sb:events:n20:feed17:rep1,07263e8b-6e88-44b3-a4b2-f39c074c174a,3895060,329,2.7416666666666667,15607233722,27664283900,27665466400,1781307119769-0
concurrency_n20_20260613_003117_redis_feed17_rep1,redis,sb:events:n20:feed17:rep1,b50c709b-72a6-4242-98d3-30cd56ce5a82,3895107,329,2.7416666666666667,15607233722,27665735600,27684940300,1781307119784-0
concurrency_n20_20260613_003117_redis_feed17_rep1,redis,sb:events:n20:feed17:rep1,d193c018-d62c-413b-8a1c-c34eb7e4c8e9,3895134,329,2.7416666666666667,15607233722,27685339400,27686868100,1781307119790-0
concurrency_n20_20260613_003117_redis_feed17_rep1,redis,sb:events:n20:feed17:rep1,a7b72d56-d15c-4956-8b4e-13e2463fdbd2,3895052,329,2.7416666666666667,15607233722,27687094300,27688306200,1781307119792-0
concurrency_n20_20260613_003117_redis_feed17_rep1,redis,sb:events:n20:feed17:rep1,afee8057-c990-444c-adfb-30a539eb4c30,3895052,329,2.7416666666666667,15607233722,27688599900,27689896600,1781307119794-0
concurrency_n20_20260613_003117_redis_feed17_rep1,redis,sb:events:n20:feed17:rep1,59e595db-ecaf-4e72-83ae-71fd174bd008,3895113,329,2.7416666666666667,15607233722,27690087700,27691755700,1781307119795-0
concurrency_n20_20260613_003117_redis_feed17_rep1,redis,sb:events:n20:feed17:rep1,5c37fc26-bd70-4b9e-8353-dc41a95546ad,3895113,329,2.7416666666666667,15607233722,27692026000,27693320400,1781307119797-0
concurrency_n20_20260613_003117_redis_feed17_rep1,redis,sb:events:n20:feed17:rep1,61e1ef78-4b24-4e45-8155-e7f227e11514,3895086,329,2.7416666666666667,15607233722,27693661800,27694506300,1781307119798-0
concurrency_n20_20260613_003117_redis_feed17_rep1,redis,sb:events:n20:feed17:rep1,ca5d0df7-3501-4eb8-93f3-6f6f65182264,3895095,330,2.75,15607303166,27694705100,27705462500,1781307119799-0
concurrency_n20_20260613_003117_redis_feed17_rep1,redis,sb:events:n20:feed17:rep1,667ae860-5de6-41c9-9ad0-27f17f4ae687,3895060,330,2.75,15607303166,27706090800,27709521300,1781307119813-0
concurrency_n20_20260613_003117_redis_feed17_rep1,redis,sb:events:n20:feed17:rep1,5af9fdcc-1698-4009-a5a8-bf0efb8264d4,3895060,330,2.75,15607303166,27709802300,27735979300,1781307119831-0
concurrency_n20_20260613_003117_redis_feed17_rep1,redis,sb:events:n20:feed17:rep1,6984e885-68ab-4f5d-a155-9488edde777a,3895074,330,2.75,15607303166,27736275700,27738241000,1781307119841-0
concurrency_n20_20260613_003117_redis_feed17_rep1,redis,sb:events:n20:feed17:rep1,c62ae5ee-3d01-4415-86c3-5a055496d7b9,3895107,330,2.75,15607303166,27738557800,27748180300,1781307119849-0
concurrency_n20_20260613_003117_redis_feed17_rep1,redis,sb:events:n20:feed17:rep1,6f5652cb-8334-4c17-9208-4fc7f87849ec,3895107,330,2.75,15607303166,27748522300,27750290200,1781307119853-0
concurrency_n20_20260613_003117_redis_feed17_rep1,redis,sb:events:n20:feed17:rep1,d9f367f1-ebb8-488d-8d01-a1081052d076,3895107,330,2.75,15607303166,27750591000,27751786900,1781307119856-0
concurrency_n20_20260613_003117_redis_feed17_rep1,redis,sb:events:n20:feed17:rep1,7c1f4235-c549-44da-93be-fb25beb18c72,3895052,330,2.75,15607303166,27751980800,27754115700,1781307119857-0
concurrency_n20_20260613_003117_redis_feed17_rep1,redis,sb:events:n20:feed17:rep1,57a158a9-efa6-45c3-ac61-da3f76ba1181,3895052,330,2.75,15607303166,27754382700,27755441500,1781307119859-0
concurrency_n20_20260613_003117_redis_feed17_rep1,redis,sb:events:n20:feed17:rep1,489c69ea-ba68-4944-b257-738bd170d1f1,3895095,331,2.7583333333333333,15607372611,27755685600,27757003900,1781307119860-0
concurrency_n20_20260613_003117_redis_feed17_rep1,redis,sb:events:n20:feed17:rep1,31cf22e9-d1b2-403d-be52-872610538f25,3895095,331,2.7583333333333333,15607372611,27763924200,27767289600,1781307119870-0
concurrency_n20_20260613_003117_redis_feed17_rep1,redis,sb:events:n20:feed17:rep1,0ec63f19-112a-4d49-b908-0169f04b00a7,3895060,331,2.7583333333333333,15607372611,27767741900,27770163900,1781307119873-0
concurrency_n20_20260613_003117_redis_feed17_rep1,redis,sb:events:n20:feed17:rep1,0aa01b9d-69a4-4139-a794-a882e44f4d9e,3895060,331,2.7583333333333333,15607372611,27770419900,27775389100,1781307119875-0
concurrency_n20_20260613_003117_redis_feed17_rep1,redis,sb:events:n20:feed17:rep1,ff76047d-47de-466f-a319-136377697fc2,3895074,331,2.7583333333333333,15607372611,27775674600,27777542500,1781307119881-0
concurrency_n20_20260613_003117_redis_feed17_rep1,redis,sb:events:n20:feed17:rep1,e3e28b81-6e92-419a-a1d5-6d95b8725ed9,3895074,331,2.7583333333333333,15607372611,27777978200,27779382300,1781307119883-0
concurrency_n20_20260613_003117_redis_feed17_rep1,redis,sb:events:n20:feed17:rep1,4c624af4-e3f3-46b8-84b2-942334a6dd05,3895134,331,2.7583333333333333,15607372611,27779616900,27784224800,1781307119884-0
concurrency_n20_20260613_003117_redis_feed17_rep1,redis,sb:events:n20:feed17:rep1,1e189be8-913a-4d4b-a841-db75494445c5,3895134,331,2.7583333333333333,15607372611,27784516500,27785871600,1781307119890-0
concurrency_n20_20260613_003117_redis_feed17_rep1,redis,sb:events:n20:feed17:rep1,e6e48fb5-7ef0-4e24-bf8f-b70df89fed4a,3895134,331,2.7583333333333333,15607372611,27786167200,27787131000,1781307119891-0
concurrency_n20_20260613_003117_redis_feed17_rep1,redis,sb:events:n20:feed17:rep1,71bb5b43-2991-4382-a5d2-dc3741253572,3895052,331,2.7583333333333333,15607372611,27787350100,27789617900,1781307119893-0
concurrency_n20_20260613_003117_redis_feed17_rep1,redis,sb:events:n20:feed17:rep1,4fb0bdad-2281-4f6e-8094-850771b95eab,3895052,331,2.7583333333333333,15607372611,27789889500,27794421000,1781307119895-0
concurrency_n20_20260613_003117_redis_feed17_rep1,redis,sb:events:n20:feed17:rep1,43fe8ca2-b942-4723-aa5a-66d12ca2871d,3895052,331,2.7583333333333333,15607372611,27794729000,27808451500,1781307119907-0
concurrency_n20_20260613_003117_redis_feed17_rep1,redis,sb:events:n20:feed17:rep1,e0dcc6ae-40c7-4519-8496-15ad70e631fa,3895113,331,2.7583333333333333,15607372611,27809065400,27810941400,1781307119914-0
concurrency_n20_20260613_003117_redis_feed17_rep1,redis,sb:events:n20:feed17:rep1,37fd9761-702e-4e7b-a8bf-6a9fe8a696af,3895060,332,2.7666666666666666,15607442055,27811280800,27812847900,1781307119916-0
concurrency_n20_20260613_003117_redis_feed17_rep1,redis,sb:events:n20:feed17:rep1,82c5d746-9b8d-4a2f-a22d-8aac196567cd,3895074,332,2.7666666666666666,15607442055,27813159700,27813915200,1781307119918-0
concurrency_n20_20260613_003117_redis_feed17_rep1,redis,sb:events:n20:feed17:rep1,5acd0668-4e69-4711-b377-407098bef577,3895107,332,2.7666666666666666,15607442055,27814120200,27820262400,1781307119924-0
concurrency_n20_20260613_003117_redis_feed17_rep1,redis,sb:events:n20:feed17:rep1,dab18735-77ec-4370-a106-678dcce75e6c,3895107,332,2.7666666666666666,15607442055,27820527500,27828417400,1781307119927-0
concurrency_n20_20260613_003117_redis_feed17_rep1,redis,sb:events:n20:feed17:rep1,ee206445-03dc-4b10-8c2a-46a586e07e46,3895107,332,2.7666666666666666,15607442055,27828845100,27830242600,1781307119934-0
concurrency_n20_20260613_003117_redis_feed17_rep1,redis,sb:events:n20:feed17:rep1,fd79c8a6-b9f0-4ec2-b288-64720b510357,3895134,332,2.7666666666666666,15607442055,27830528900,27831796900,1781307119935-0
concurrency_n20_20260613_003117_redis_feed17_rep1,redis,sb:events:n20:feed17:rep1,075c0693-e1c7-4b91-b807-d4a145a3463b,3895052,332,2.7666666666666666,15607442055,27832124300,27836856900,1781307119937-0
concurrency_n20_20260613_003117_redis_feed17_rep1,redis,sb:events:n20:feed17:rep1,377f51e4-5ee6-4008-8d75-0027bc896355,3895052,332,2.7666666666666666,15607442055,27837163400,27839265900,1781307119942-0
concurrency_n20_20260613_003117_redis_feed17_rep1,redis,sb:events:n20:feed17:rep1,7c276b01-b3bf-49ba-9aa3-24024921d4a9,3895052,332,2.7666666666666666,15607442055,27839557300,27841046500,1781307119944-0
concurrency_n20_20260613_003117_redis_feed17_rep1,redis,sb:events:n20:feed17:rep1,745379e2-c5d2-492b-b046-1215c00f3c18,3895113,332,2.7666666666666666,15607442055,27841273400,27842557100,1781307119946-0
concurrency_n20_20260613_003117_redis_feed17_rep1,redis,sb:events:n20:feed17:rep1,9df9adb4-6248-4539-a77d-d0ccf6abe83b,3895113,332,2.7666666666666666,15607442055,27842806300,27849745500,1781307119948-0
concurrency_n20_20260613_003117_redis_feed17_rep1,redis,sb:events:n20:feed17:rep1,4d49db2e-7e41-4a56-b823-e245aaddb15b,3895121,333,2.775,15607511500,27850896800,27852552500,1781307119956-0
concurrency_n20_20260613_003117_redis_feed17_rep1,redis,sb:events:n20:feed17:rep1,c86879d4-bc31-46f9-b87c-da90da645f76,3895121,333,2.775,15607511500,27852795100,27853825900,1781307119957-0
concurrency_n20_20260613_003117_redis_feed17_rep1,redis,sb:events:n20:feed17:rep1,c3177814-c5bd-4f51-9844-039e5fd9b60f,3895121,333,2.775,15607511500,27854094500,27859320000,1781307119959-0
concurrency_n20_20260613_003117_redis_feed17_rep1,redis,sb:events:n20:feed17:rep1,581dbb56-f56f-429d-adaf-78ee9d9c3bc4,3895060,333,2.775,15607511500,27859981700,27861142800,1781307119965-0
concurrency_n20_20260613_003117_redis_feed17_rep1,redis,sb:events:n20:feed17:rep1,d800e8ef-1eba-44b7-883a-58d77b84a396,3895060,333,2.775,15607511500,27861535900,27862922500,1781307119966-0
concurrency_n20_20260613_003117_redis_feed17_rep1,redis,sb:events:n20:feed17:rep1,0a4170e7-c400-405d-b455-0e644e4ff4bc,3895074,333,2.775,15607511500,27863356600,27864640000,1781307119968-0
concurrency_n20_20260613_003117_redis_feed17_rep1,redis,sb:events:n20:feed17:rep1,a7db7005-63b9-490d-94ee-105a6e72f9ce,3895074,333,2.775,15607511500,27864872700,27866092000,1781307119970-0
concurrency_n20_20260613_003117_redis_feed17_rep1,redis,sb:events:n20:feed17:rep1,c920dee6-6560-41ba-a782-11afc39f3482,3895134,333,2.775,15607511500,27866386000,27867968400,1781307119972-0
concurrency_n20_20260613_003117_redis_feed17_rep1,redis,sb:events:n20:feed17:rep1,e006ec65-b041-457c-a6cf-8c492b801d3e,3895134,333,2.775,15607511500,27868289600,27873269100,1781307119974-0
concurrency_n20_20260613_003117_redis_feed17_rep1,redis,sb:events:n20:feed17:rep1,17daec9d-d530-4267-a9b4-fba1cefc65a9,3895052,333,2.775,15607511500,27874700700,27877548400,1781307119981-0
concurrency_n20_20260613_003117_redis_feed17_rep1,redis,sb:events:n20:feed17:rep1,ed638ea5-4e2a-42ad-88ae-15ed73b28160,3895113,333,2.775,15607511500,27877841300,27880259400,1781307119984-0
concurrency_n20_20260613_003117_redis_feed17_rep1,redis,sb:events:n20:feed17:rep1,466dc1b3-80e3-4882-8d4d-a66923daf782,3895121,334,2.783333333333333,15607580944,27880540500,27883506500,1781307119986-0
concurrency_n20_20260613_003117_redis_feed17_rep1,redis,sb:events:n20:feed17:rep1,9cdbd1dd-a6ea-4aa5-8cd1-c173a036ba23,3895121,334,2.783333333333333,15607580944,27883855200,27885787300,1781307119989-0
concurrency_n20_20260613_003117_redis_feed17_rep1,redis,sb:events:n20:feed17:rep1,85468b6a-bdde-4e33-874b-ae47828b2a64,3895121,334,2.783333333333333,15607580944,27886021100,27888713600,1781307119991-0
concurrency_n20_20260613_003117_redis_feed17_rep1,redis,sb:events:n20:feed17:rep1,90bc3775-4e9e-4812-a36d-13b7cf960a82,3895121,334,2.783333333333333,15607580944,27888977600,27891738400,1781307119995-0
concurrency_n20_20260613_003117_redis_feed17_rep1,redis,sb:events:n20:feed17:rep1,2923ccb9-60d5-4454-aad2-2b1d4edb85c2,3895107,334,2.783333333333333,15607580944,27892290000,27893768700,1781307119997-0
concurrency_n20_20260613_003117_redis_feed17_rep1,redis,sb:events:n20:feed17:rep1,d59c287e-b7d8-4520-8793-0ea20f6f259b,3895107,334,2.783333333333333,15607580944,27894008000,27895018800,1781307119999-0
concurrency_n20_20260613_003117_redis_feed17_rep1,redis,sb:events:n20:feed17:rep1,8a512c73-be63-4656-8d75-6f65e931b2fc,3895134,334,2.783333333333333,15607580944,27895272200,27900174300,1781307120000-0
concurrency_n20_20260613_003117_redis_feed17_rep1,redis,sb:events:n20:feed17:rep1,8498606a-51cc-44f2-a5c6-d170755770c6,3895134,334,2.783333333333333,15607580944,27900649700,27902814000,1781307120006-0
concurrency_n20_20260613_003117_redis_feed17_rep1,redis,sb:events:n20:feed17:rep1,4fc8ca15-dded-40c3-a2a1-be06f304fa8e,3895052,334,2.783333333333333,15607580944,27903123100,27906406000,1781307120008-0
concurrency_n20_20260613_003117_redis_feed17_rep1,redis,sb:events:n20:feed17:rep1,0846214e-8df7-4642-9a0d-9efa7eaf5e2e,3895052,334,2.783333333333333,15607580944,27906665700,27911042600,1781307120013-0
concurrency_n20_20260613_003117_redis_feed17_rep1,redis,sb:events:n20:feed17:rep1,321e3566-4e3a-4ff8-9393-08127da95781,3895113,334,2.783333333333333,15607580944,27911327200,27914181300,1781307120017-0
concurrency_n20_20260613_003117_redis_feed17_rep1,redis,sb:events:n20:feed17:rep1,94f18e64-33fb-472f-b277-4aed5d75a394,3895113,334,2.783333333333333,15607580944,27914581300,27916296200,1781307120019-0
concurrency_n20_20260613_003117_redis_feed17_rep1,redis,sb:events:n20:feed17:rep1,7308dbd9-6bee-4b1e-b03f-08c605b7c4f0,3895060,335,2.7916666666666665,15607650388,27916604900,27921704500,1781307120022-0
concurrency_n20_20260613_003117_redis_feed17_rep1,redis,sb:events:n20:feed17:rep1,51fbd998-f74e-4e70-a505-2f2b3d9b4289,3895134,335,2.7916666666666665,15607650388,27921998300,27923713400,1781307120027-0
concurrency_n20_20260613_003117_redis_feed17_rep1,redis,sb:events:n20:feed17:rep1,ce38c60d-3787-45b4-bd5c-18ab40e3d0a0,3895134,335,2.7916666666666665,15607650388,27923954200,27924705700,1781307120028-0
concurrency_n20_20260613_003117_redis_feed17_rep1,redis,sb:events:n20:feed17:rep1,fbe9d939-11a5-41be-ad50-bf92166b4e54,3895134,335,2.7916666666666665,15607650388,27924998100,27930275900,1781307120029-0
concurrency_n20_20260613_003117_redis_feed17_rep1,redis,sb:events:n20:feed17:rep1,3f220106-01eb-4fbe-af98-6e3bd3ac2a57,3895134,335,2.7916666666666665,15607650388,27930632000,27932159300,1781307120036-0
concurrency_n20_20260613_003117_redis_feed17_rep1,redis,sb:events:n20:feed17:rep1,5c354025-43e2-4d92-806e-430504d2a1ef,3895052,335,2.7916666666666665,15607650388,27932476200,27933596100,1781307120037-0
concurrency_n20_20260613_003117_redis_feed17_rep1,redis,sb:events:n20:feed17:rep1,7c0f05fc-c99b-4f43-8a1d-7fb702133afa,3895052,335,2.7916666666666665,15607650388,27933848400,27941109000,1781307120038-0
concurrency_n20_20260613_003117_redis_feed17_rep1,redis,sb:events:n20:feed17:rep1,57e9b4b7-4e3f-4b18-82a5-9e3d5d6a7864,3895232,335,335.0,18376053166,27941354200,27942861400,1781307120046-0
concurrency_n20_20260613_003117_redis_feed17_rep1,redis,sb:events:n20:feed17:rep1,5ea117e0-0da3-4476-931d-cf244d3118e4,3895060,336,2.8,15607719833,27943127000,27945926300,1781307120048-0
concurrency_n20_20260613_003117_redis_feed17_rep1,redis,sb:events:n20:feed17:rep1,0bb34860-e22e-4204-8231-a1ce2998150a,3895060,336,2.8,15607719833,27946381400,27951366900,1781307120051-0
concurrency_n20_20260613_003117_redis_feed17_rep1,redis,sb:events:n20:feed17:rep1,b9825d8c-508d-4914-9edf-3410d2687999,3895060,336,2.8,15607719833,27951827200,27956574700,1781307120059-0
concurrency_n20_20260613_003117_redis_feed17_rep1,redis,sb:events:n20:feed17:rep1,c376f944-1974-42df-82de-80576e15c588,3895074,336,2.8,15607719833,27956994200,27966641200,1781307120070-0
concurrency_n20_20260613_003117_redis_feed17_rep1,redis,sb:events:n20:feed17:rep1,7b49350d-f92c-4f31-a372-4aebb65efd24,3895052,336,2.8,15607719833,27969687100,27987580100,1781307120090-0
concurrency_n20_20260613_003117_redis_feed17_rep1,redis,sb:events:n20:feed17:rep1,5ef97f45-7770-4df5-b895-879ef3b8c0a0,3895074,337,2.808333333333333,15607789277,27987855300,27989908500,1781307120092-0
concurrency_n20_20260613_003117_redis_feed17_rep1,redis,sb:events:n20:feed17:rep1,2d8919d0-60af-463a-919a-735acb87e8de,3895074,337,2.808333333333333,15607789277,27990180100,27995533300,1781307120095-0
concurrency_n20_20260613_003117_redis_feed17_rep1,redis,sb:events:n20:feed17:rep1,b5416488-0fe8-44ae-802a-b02e10a775f2,3895134,337,2.808333333333333,15607789277,27996267200,28008068700,1781307120108-0
concurrency_n20_20260613_003117_redis_feed17_rep1,redis,sb:events:n20:feed17:rep1,c51702ca-4adc-44f7-a73b-6edb155dd166,3895134,337,2.808333333333333,15607789277,28008426000,28010964000,1781307120113-0
concurrency_n20_20260613_003117_redis_feed17_rep1,redis,sb:events:n20:feed17:rep1,c50e063e-2a33-4053-b4fa-471f5556b732,3895095,338,2.816666666666667,15607858722,28011256700,28019788700,1781307120124-0
concurrency_n20_20260613_003117_redis_feed17_rep1,redis,sb:events:n20:feed17:rep1,ffbf27c1-29f6-4e48-8e60-7e04b54f3717,3895121,338,2.816666666666667,15607858722,28020122100,28021412500,1781307120125-0
concurrency_n20_20260613_003117_redis_feed17_rep1,redis,sb:events:n20:feed17:rep1,d16a589f-9997-491b-8a0d-5570cfd04bda,3895121,338,2.816666666666667,15607858722,28021720600,28022763600,1781307120126-0
concurrency_n20_20260613_003117_redis_feed17_rep1,redis,sb:events:n20:feed17:rep1,63cfb3b8-2108-4c07-bcb3-e0dec152970c,3895060,338,2.816666666666667,15607858722,28022959300,28031368900,1781307120128-0
concurrency_n20_20260613_003117_redis_feed17_rep1,redis,sb:events:n20:feed17:rep1,1809496b-088b-41a9-8997-d5b6725994a3,3895060,338,2.816666666666667,15607858722,28035401400,28036943300,1781307120141-0
concurrency_n20_20260613_003117_redis_feed17_rep1,redis,sb:events:n20:feed17:rep1,4e3081cc-b767-414d-986a-de53c54bfb73,3895060,338,2.816666666666667,15607858722,28037174100,28037949600,1781307120142-0
concurrency_n20_20260613_003117_redis_feed17_rep1,redis,sb:events:n20:feed17:rep1,43402693-36c4-4328-aa05-2e99f6de4774,3895074,338,2.816666666666667,15607858722,28038197000,28039573900,1781307120143-0
concurrency_n20_20260613_003117_redis_feed17_rep1,redis,sb:events:n20:feed17:rep1,4c56934b-e378-47b7-ab3e-bbb0020b6770,3895113,338,2.816666666666667,15607858722,28040038300,28041117400,1781307120145-0
concurrency_n20_20260613_003117_redis_feed17_rep1,redis,sb:events:n20:feed17:rep1,67e01058-affa-446c-b800-1af0ba54483f,3895232,338,338.0,18401053166,28041392900,28042624000,1781307120146-0
concurrency_n20_20260613_003117_redis_feed17_rep1,redis,sb:events:n20:feed17:rep1,fde5246d-e32f-46d8-b9d4-aeebbadeaba1,3895232,338,338.0,18401053166,28042840900,28047959000,1781307120147-0
concurrency_n20_20260613_003117_redis_feed17_rep1,redis,sb:events:n20:feed17:rep1,b80e335d-7f5e-47da-8b3f-0a98ff181b05,3895232,338,338.0,18401053166,28048368400,28049421500,1781307120153-0
concurrency_n20_20260613_003117_redis_feed17_rep1,redis,sb:events:n20:feed17:rep1,62b812ff-0b78-4ff8-9e83-a199766b08c1,3895232,338,338.0,18401053166,28049652700,28059857800,1781307120160-0
concurrency_n20_20260613_003117_redis_feed17_rep1,redis,sb:events:n20:feed17:rep1,f9088193-a98b-4bba-9fbe-d552f7ac71df,3895060,339,2.825,15607928166,28060203500,28066926200,1781307120165-0
concurrency_n20_20260613_003117_redis_feed17_rep1,redis,sb:events:n20:feed17:rep1,292b1cc0-d970-4adc-b041-bc6cb14ad9d9,3895060,339,2.825,15607928166,28067235800,28074057500,1781307120176-0
concurrency_n20_20260613_003117_redis_feed17_rep1,redis,sb:events:n20:feed17:rep1,ac38a7a1-9763-4010-87b5-9d3065544d32,3895074,339,2.825,15607928166,28074314700,28076745300,1781307120179-0
concurrency_n20_20260613_003117_redis_feed17_rep1,redis,sb:events:n20:feed17:rep1,56802d2d-99f2-4c75-b4d7-004588588d2c,3895074,339,2.825,15607928166,28077086900,28079727300,1781307120182-0
concurrency_n20_20260613_003117_redis_feed17_rep1,redis,sb:events:n20:feed17:rep1,7ec5a9a4-706f-4c5c-995c-c9f12db2e446,3895107,339,2.825,15607928166,28080107200,28081079000,1781307120185-0
concurrency_n20_20260613_003117_redis_feed17_rep1,redis,sb:events:n20:feed17:rep1,1d1c5374-b3eb-468f-9da5-5af9220eb450,3895052,339,2.825,15607928166,28081342000,28089884500,1781307120192-0
concurrency_n20_20260613_003117_redis_feed17_rep1,redis,sb:events:n20:feed17:rep1,f7a5cf2b-d965-4472-9fb4-c60e51e5c022,3895052,339,2.825,15607928166,28090491300,28092951600,1781307120195-0
concurrency_n20_20260613_003117_redis_feed17_rep1,redis,sb:events:n20:feed17:rep1,1ab0a8a0-fa36-4a32-ad9b-47e8d232fa3c,3895113,339,2.825,15607928166,28093242400,28094414000,1781307120198-0
concurrency_n20_20260613_003117_redis_feed17_rep1,redis,sb:events:n20:feed17:rep1,3fc5fe2e-3bdf-439e-bd36-22673f035333,3895113,339,2.825,15607928166,28094813000,28095910500,1781307120199-0
concurrency_n20_20260613_003117_redis_feed17_rep1,redis,sb:events:n20:feed17:rep1,8c7e0fce-813e-4c06-adad-b66994fa9582,3895232,339,339.0,18409386500,28096106800,28097541800,1781307120201-0
concurrency_n20_20260613_003117_redis_feed17_rep1,redis,sb:events:n20:feed17:rep1,19164510-0d1a-41db-b73d-67eb9957ccca,3895232,339,339.0,18409386500,28097855000,28098810400,1781307120203-0
concurrency_n20_20260613_003117_redis_feed17_rep1,redis,sb:events:n20:feed17:rep1,619be4c6-1b66-4343-b511-77c8d4accad1,3895095,340,2.833333333333333,15607997611,28099421900,28100625500,1781307120204-0
concurrency_n20_20260613_003117_redis_feed17_rep1,redis,sb:events:n20:feed17:rep1,30abf208-99e2-48ce-9275-6bd0e2464f17,3895095,340,2.833333333333333,15607997611,28100875100,28102092100,1781307120206-0
concurrency_n20_20260613_003117_redis_feed17_rep1,redis,sb:events:n20:feed17:rep1,8d917c08-c9fe-4f63-bc22-561559374d74,3895095,340,2.833333333333333,15607997611,28102366100,28103264400,1781307120207-0
concurrency_n20_20260613_003117_redis_feed17_rep1,redis,sb:events:n20:feed17:rep1,e45e8cef-7269-4a34-b5c0-85391def0cd5,3895121,340,2.833333333333333,15607997611,28103692100,28107701500,1781307120211-0
concurrency_n20_20260613_003117_redis_feed17_rep1,redis,sb:events:n20:feed17:rep1,c18f2ed6-7147-4c77-8604-51467a34b94e,3895121,340,2.833333333333333,15607997611,28108045200,28116382800,1781307120215-0
concurrency_n20_20260613_003117_redis_feed17_rep1,redis,sb:events:n20:feed17:rep1,6315f917-0392-4047-a531-351815a7f3c2,3895074,340,2.833333333333333,15607997611,28116666600,28119211900,1781307120221-0
concurrency_n20_20260613_003117_redis_feed17_rep1,redis,sb:events:n20:feed17:rep1,04f0fd04-6938-4a74-b34f-246446b34e6f,3895107,340,2.833333333333333,15607997611,28119569400,28120788300,1781307120224-0
concurrency_n20_20260613_003117_redis_feed17_rep1,redis,sb:events:n20:feed17:rep1,28b21554-0e4a-40a7-a625-27670feae735,3895107,340,2.833333333333333,15607997611,28121060300,28128996000,1781307120226-0
concurrency_n20_20260613_003117_redis_feed17_rep1,redis,sb:events:n20:feed17:rep1,d662eb55-4b60-411e-99ba-a9ea775b9b73,3895232,340,340.0,18417719833,28129366800,28133054000,1781307120236-0
concurrency_n20_20260613_003117_redis_feed17_rep1,redis,sb:events:n20:feed17:rep1,70bf7098-81a2-4770-834b-7961137bd220,3895095,341,2.841666666666667,15608067055,28133333800,28135696500,1781307120238-0
concurrency_n20_20260613_003117_redis_feed17_rep1,redis,sb:events:n20:feed17:rep1,8eeb993f-688f-43d5-8593-152df535fab3,3895074,341,2.841666666666667,15608067055,28136055300,28142819900,1781307120241-0
concurrency_n20_20260613_003117_redis_feed17_rep1,redis,sb:events:n20:feed17:rep1,af2d5851-36fb-46d0-8bb2-7054f40f9cae,3895107,341,2.841666666666667,15608067055,28143100000,28144650200,1781307120248-0
concurrency_n20_20260613_003117_redis_feed17_rep1,redis,sb:events:n20:feed17:rep1,27eb449d-56f2-43bd-83c9-0bdf71bb3151,3895113,341,2.841666666666667,15608067055,28145096000,28157888000,1781307120259-0
concurrency_n20_20260613_003117_redis_feed17_rep1,redis,sb:events:n20:feed17:rep1,84b15c49-2aaf-47a5-acf7-61997dab159e,3895113,341,2.841666666666667,15608067055,28158138400,28175449000,1781307120278-0
concurrency_n20_20260613_003117_redis_feed17_rep1,redis,sb:events:n20:feed17:rep1,161a38e1-cb12-44de-b9fb-8a043a51a20e,3895232,341,341.0,18426053166,28175705500,28194552600,1781307120296-0
concurrency_n20_20260613_003117_redis_feed17_rep1,redis,sb:events:n20:feed17:rep1,9984d91e-daf3-402f-a567-b77f328fe813,3895232,341,341.0,18426053166,28194843000,28196778900,1781307120300-0
concurrency_n20_20260613_003117_redis_feed17_rep1,redis,sb:events:n20:feed17:rep1,038249ed-76f4-429d-a5c2-646d90ba2ac1,3895232,341,341.0,18426053166,28197042200,28198312400,1781307120302-0
concurrency_n20_20260613_003117_redis_feed17_rep1,redis,sb:events:n20:feed17:rep1,2820f118-4436-4b40-8647-e125058b983d,3895095,342,2.85,15608136500,28198740500,28200913100,1781307120304-0
concurrency_n20_20260613_003117_redis_feed17_rep1,redis,sb:events:n20:feed17:rep1,ba034f24-f03d-40c0-8216-c23f872b2794,3895095,342,2.85,15608136500,28201144800,28202335500,1781307120306-0
concurrency_n20_20260613_003117_redis_feed17_rep1,redis,sb:events:n20:feed17:rep1,7a467351-dc7a-4f62-afbc-7c01f1d6015c,3895095,342,2.85,15608136500,28202559400,28203806500,1781307120308-0
concurrency_n20_20260613_003117_redis_feed17_rep1,redis,sb:events:n20:feed17:rep1,39c3916b-87ec-45b0-9dc4-2395e1a58e0c,3895060,342,2.85,15608136500,28215713200,28219556700,1781307120322-0
concurrency_n20_20260613_003117_redis_feed17_rep1,redis,sb:events:n20:feed17:rep1,46040471-65f0-41da-b2bc-09c0c5be156e,3895107,342,2.85,15608136500,28220201000,28221372400,1781307120325-0
concurrency_n20_20260613_003117_redis_feed17_rep1,redis,sb:events:n20:feed17:rep1,6eb9d313-b681-47e4-a14a-b20b839d7e40,3895107,342,2.85,15608136500,28229766400,28231098900,1781307120334-0
concurrency_n20_20260613_003117_redis_feed17_rep1,redis,sb:events:n20:feed17:rep1,f2977f9a-ba34-4c67-86d8-6067ff494259,3895107,342,2.85,15608136500,28231498000,28233059600,1781307120336-0
concurrency_n20_20260613_003117_redis_feed17_rep1,redis,sb:events:n20:feed17:rep1,bd856bdb-a742-4a57-ae94-4867e278a20d,3895134,342,2.85,15608136500,28233329100,28234368200,1781307120338-0
concurrency_n20_20260613_003117_redis_feed17_rep1,redis,sb:events:n20:feed17:rep1,3d8b6373-3124-4614-8bd3-554f8545481c,3895113,342,2.85,15608136500,28243259300,28244717600,1781307120349-0
concurrency_n20_20260613_003117_redis_feed17_rep1,redis,sb:events:n20:feed17:rep1,84384dad-f296-49c6-8022-beb4569da24c,3895060,343,2.8583333333333334,15608205944,28245145900,28246394800,1781307120350-0
concurrency_n20_20260613_003117_redis_feed17_rep1,redis,sb:events:n20:feed17:rep1,b35836c5-227c-4306-bb7f-6560ee476d9a,3895060,343,2.8583333333333334,15608205944,28246742300,28250996200,1781307120354-0
concurrency_n20_20260613_003117_redis_feed17_rep1,redis,sb:events:n20:feed17:rep1,ab008c7a-2b07-4eae-b099-954b9796e945,3895060,343,2.8583333333333334,15608205944,28251379400,28252584700,1781307120356-0
concurrency_n20_20260613_003117_redis_feed17_rep1,redis,sb:events:n20:feed17:rep1,2dee0337-4ec1-457b-b815-9d8a196054fa,3895074,343,2.8583333333333334,15608205944,28252871100,28254230200,1781307120358-0
concurrency_n20_20260613_003117_redis_feed17_rep1,redis,sb:events:n20:feed17:rep1,f41c6945-e298-4e35-a108-4bbed3e5b100,3895074,343,2.8583333333333334,15608205944,28254556800,28257459400,1781307120360-0
concurrency_n20_20260613_003117_redis_feed17_rep1,redis,sb:events:n20:feed17:rep1,419d604d-a424-4cae-a803-c460f1dc815f,3895074,343,2.8583333333333334,15608205944,28257968400,28259778100,1781307120363-0
concurrency_n20_20260613_003117_redis_feed17_rep1,redis,sb:events:n20:feed17:rep1,1d8551de-c1ee-4ca5-8d68-0f15eb98958f,3895107,343,2.8583333333333334,15608205944,28260169000,28261027700,1781307120365-0
concurrency_n20_20260613_003117_redis_feed17_rep1,redis,sb:events:n20:feed17:rep1,9babf8c5-67b9-439f-bd51-48d61e760b16,3895113,343,2.8583333333333334,15608205944,28261225800,28262673800,1781307120366-0
concurrency_n20_20260613_003117_redis_feed17_rep1,redis,sb:events:n20:feed17:rep1,9c55823d-4323-4766-861b-d238a3a85b03,3895113,343,2.8583333333333334,15608205944,28262905000,28264019800,1781307120368-0
concurrency_n20_20260613_003117_redis_feed17_rep1,redis,sb:events:n20:feed17:rep1,fd06eb44-3503-4922-b4b5-f3312ae79ae5,3895095,344,2.8666666666666667,15608275388,28264253200,28281996000,1781307120385-0
concurrency_n20_20260613_003117_redis_feed17_rep1,redis,sb:events:n20:feed17:rep1,72e371a5-8cb6-44a6-9b7e-d13440a95694,3895095,344,2.8666666666666667,15608275388,28282244300,28308368100,1781307120400-0
concurrency_n20_20260613_003117_redis_feed17_rep1,redis,sb:events:n20:feed17:rep1,79ca4247-889f-4683-a44c-3fa06bb50464,3895060,344,2.8666666666666667,15608275388,28308623100,28309631500,1781307120413-0
concurrency_n20_20260613_003117_redis_feed17_rep1,redis,sb:events:n20:feed17:rep1,36a8d13e-1f93-4d2b-8b45-c6838ef8ee76,3895060,344,2.8666666666666667,15608275388,28309881300,28310698900,1781307120414-0
concurrency_n20_20260613_003117_redis_feed17_rep1,redis,sb:events:n20:feed17:rep1,3c9f7726-9b68-4a96-a0fd-abca0df71e7c,3895107,344,2.8666666666666667,15608275388,28310895700,28312055400,1781307120416-0
concurrency_n20_20260613_003117_redis_feed17_rep1,redis,sb:events:n20:feed17:rep1,7f94ef98-b609-49bf-b69a-6c6c6fb25ce9,3895107,344,2.8666666666666667,15608275388,28312505000,28313565500,1781307120417-0
concurrency_n20_20260613_003117_redis_feed17_rep1,redis,sb:events:n20:feed17:rep1,1bc58959-c3b6-4947-98a4-bd2beed0d9a3,3895113,344,2.8666666666666667,15608275388,28313938100,28315241800,1781307120419-0
concurrency_n20_20260613_003117_redis_feed17_rep1,redis,sb:events:n20:feed17:rep1,2d9bc062-7203-4d6b-b97b-9dd70dd43533,3895113,344,2.8666666666666667,15608275388,28315564700,28321942900,1781307120420-0
concurrency_n20_20260613_003117_redis_feed17_rep1,redis,sb:events:n20:feed17:rep1,9e8ba52a-97a9-4d50-adcc-2b786a07f01f,3895232,344,344.0,18451053166,28322251800,28330376800,1781307120432-0
concurrency_n20_20260613_003117_redis_feed17_rep1,redis,sb:events:n20:feed17:rep1,432ae0a0-c58e-4922-9d9c-e18b893e4943,3895095,345,2.875,15608344833,28330818700,28333425300,1781307120436-0
concurrency_n20_20260613_003117_redis_feed17_rep1,redis,sb:events:n20:feed17:rep1,1591db9c-ff05-4166-bdd8-5aa39ba3b255,3895095,345,2.875,15608344833,28343567600,28344716500,1781307120448-0
concurrency_n20_20260613_003117_redis_feed17_rep1,redis,sb:events:n20:feed17:rep1,a50f2ca1-6386-4b5f-96a4-88c212f1e059,3895107,345,2.875,15608344833,28344938500,28364936900,1781307120466-0
concurrency_n20_20260613_003117_redis_feed17_rep1,redis,sb:events:n20:feed17:rep1,1145ec18-0385-4a9a-afa7-6af3fe19cc8d,3895134,345,2.875,15608344833,28365332300,28367117900,1781307120470-0
concurrency_n20_20260613_003117_redis_feed17_rep1,redis,sb:events:n20:feed17:rep1,95ae91bc-578d-4b57-a36f-887eb4c66378,3895134,345,2.875,15608344833,28367497300,28368586100,1781307120472-0
concurrency_n20_20260613_003117_redis_feed17_rep1,redis,sb:events:n20:feed17:rep1,ee9ea508-8f1e-4e9c-80d5-fa066cb16b25,3895113,345,2.875,15608344833,28368787300,28377218800,1781307120474-0
concurrency_n20_20260613_003117_redis_feed17_rep1,redis,sb:events:n20:feed17:rep1,544cfa4b-c713-4a3c-a50b-70632e79ba7f,3895113,345,2.875,15608344833,28377462700,28381628600,1781307120484-0
concurrency_n20_20260613_003117_redis_feed17_rep1,redis,sb:events:n20:feed17:rep1,6a1c5568-c4c9-4d8c-b4e0-c712f5d21fc1,3895232,345,345.0,18459386500,28381889700,28384448100,1781307120487-0
concurrency_n20_20260613_003117_redis_feed17_rep1,redis,sb:events:n20:feed17:rep1,54af400c-645b-4bf3-ad83-2e72fd760949,3895232,345,345.0,18459386500,28384705600,28390248900,1781307120490-0
concurrency_n20_20260613_003117_redis_feed17_rep1,redis,sb:events:n20:feed17:rep1,75285962-3d92-4618-8457-28b7b780d192,3895107,346,2.8833333333333333,15608414277,28390512700,28418448000,1781307120519-0
concurrency_n20_20260613_003117_redis_feed17_rep1,redis,sb:events:n20:feed17:rep1,ac48dcc4-9c6a-4816-a531-4561b8da0ebb,3895107,346,2.8833333333333333,15608414277,28418810400,28421367600,1781307120524-0
concurrency_n20_20260613_003117_redis_feed17_rep1,redis,sb:events:n20:feed17:rep1,37acd007-1461-4018-98d9-9768ed35bffa,3895134,346,2.8833333333333333,15608414277,28421595700,28423706000,1781307120526-0
concurrency_n20_20260613_003117_redis_feed17_rep1,redis,sb:events:n20:feed17:rep1,0dd41e1b-acba-4aba-81bf-b1fcb066ec70,3895134,346,2.8833333333333333,15608414277,28424036500,28431005200,1781307120529-0
concurrency_n20_20260613_003117_redis_feed17_rep1,redis,sb:events:n20:feed17:rep1,508143b8-33c7-4315-bf77-832e78b076e3,3895232,346,346.0,18467719833,28431245300,28431904100,1781307120536-0
concurrency_n20_20260613_003117_redis_feed17_rep1,redis,sb:events:n20:feed17:rep1,ba3ff544-13c4-4a77-b3cf-fdc0569d4948,3895067,347,2.8916666666666666,15608483722,28432132400,28433211800,1781307120537-0
concurrency_n20_20260613_003117_redis_feed17_rep1,redis,sb:events:n20:feed17:rep1,9ebf1956-333d-441d-8340-a3d9b2efd2f2,3895107,347,2.8916666666666666,15608483722,28433534500,28434404500,1781307120538-0
concurrency_n20_20260613_003117_redis_feed17_rep1,redis,sb:events:n20:feed17:rep1,3f516b22-ee40-4efe-a6a4-6b76dec2ed43,3895052,347,2.8916666666666666,15608483722,28446226400,28462552200,1781307120564-0
concurrency_n20_20260613_003117_redis_feed17_rep1,redis,sb:events:n20:feed17:rep1,d0d2c9bb-b2d1-4329-8cce-d7c58282e975,3895086,347,2.8916666666666666,15608483722,28462890000,28466537700,1781307120568-0
concurrency_n20_20260613_003117_redis_feed17_rep1,redis,sb:events:n20:feed17:rep1,f1371f3b-05f3-4445-902c-d8f3bb1542fb,3895113,347,2.8916666666666666,15608483722,28466866800,28479825000,1781307120580-0
concurrency_n20_20260613_003117_redis_feed17_rep1,redis,sb:events:n20:feed17:rep1,d6ab8ba6-67c1-430b-8b9f-90523edc8bb8,3895095,348,2.9,15608553166,28480107800,28483966200,1781307120586-0
concurrency_n20_20260613_003117_redis_feed17_rep1,redis,sb:events:n20:feed17:rep1,b45c1713-cdd8-4c1b-91dc-3a64d437ddfa,3895107,348,2.9,15608553166,28484247200,28486503700,1781307120589-0
concurrency_n20_20260613_003117_redis_feed17_rep1,redis,sb:events:n20:feed17:rep1,8c3f9bee-a8a1-4e73-adce-38c5d8374870,3895107,348,2.9,15608553166,28486823700,28488358100,1781307120591-0
concurrency_n20_20260613_003117_redis_feed17_rep1,redis,sb:events:n20:feed17:rep1,44ab001f-4d1d-4de1-b63c-e57d9d5f65d0,3895113,348,2.9,15608553166,28488742700,28490152000,1781307120594-0
concurrency_n20_20260613_003117_redis_feed17_rep1,redis,sb:events:n20:feed17:rep1,77bb8929-ccb4-4d5f-bbe2-2f0cddd68551,3895113,348,2.9,15608553166,28490567800,28491696400,1781307120595-0
concurrency_n20_20260613_003117_redis_feed17_rep1,redis,sb:events:n20:feed17:rep1,423b17a2-1559-4a45-93ec-63e0b06247d2,3895121,349,2.908333333333333,15608622611,28491938800,28498685200,1781307120596-0
concurrency_n20_20260613_003117_redis_feed17_rep1,redis,sb:events:n20:feed17:rep1,6b13594f-1e9a-4e86-b054-5bf465657daf,3895074,349,2.908333333333333,15608622611,28499026000,28500105600,1781307120604-0
concurrency_n20_20260613_003117_redis_feed17_rep1,redis,sb:events:n20:feed17:rep1,a375e4ce-c2a1-40cb-a345-67396467f5c0,3895107,349,2.908333333333333,15608622611,28500398400,28501434900,1781307120605-0
concurrency_n20_20260613_003117_redis_feed17_rep1,redis,sb:events:n20:feed17:rep1,aa7bac1a-585b-4860-8a08-dccac94ceef6,3895052,349,2.908333333333333,15608622611,28501645100,28504841500,1781307120607-0
concurrency_n20_20260613_003117_redis_feed17_rep1,redis,sb:events:n20:feed17:rep1,f5754023-5f50-4bb2-a974-a76618d41e73,3895086,349,2.908333333333333,15608622611,28505273100,28508961400,1781307120611-0
concurrency_n20_20260613_003117_redis_feed17_rep1,redis,sb:events:n20:feed17:rep1,f7301563-b4ea-408d-a5ed-7512612d2757,3895086,349,2.908333333333333,15608622611,28509212900,28511488400,1781307120614-0
concurrency_n20_20260613_003117_redis_feed17_rep1,redis,sb:events:n20:feed17:rep1,ce266724-c08b-403c-b604-2b4fa1ab5ad4,3895113,349,2.908333333333333,15608622611,28511717700,28524143200,1781307120617-0
concurrency_n20_20260613_003117_redis_feed17_rep1,redis,sb:events:n20:feed17:rep1,7bfa056d-5aba-4967-82f5-3c2e6513e159,3895232,349,349.0,18492719833,28524706600,28525986600,1781307120630-0
concurrency_n20_20260613_003117_redis_feed17_rep1,redis,sb:events:n20:feed17:rep1,0a194065-8fe7-438d-a731-dad8b98c059f,3895232,349,349.0,18492719833,28526280400,28543488800,1781307120645-0
concurrency_n20_20260613_003117_redis_feed17_rep1,redis,sb:events:n20:feed17:rep1,2ea9d0ec-a028-47f0-a7d4-c19bac12e727,3895095,350,2.9166666666666665,15608692055,28543757500,28549988700,1781307120649-0
concurrency_n20_20260613_003117_redis_feed17_rep1,redis,sb:events:n20:feed17:rep1,531febc4-d1a2-4398-ac27-7c534bca2622,3895095,350,2.9166666666666665,15608692055,28550421400,28553893700,1781307120656-0
concurrency_n20_20260613_003117_redis_feed17_rep1,redis,sb:events:n20:feed17:rep1,44f62541-fa13-421a-883e-363593814133,3895121,350,2.9166666666666665,15608692055,28554346300,28557403700,1781307120660-0
concurrency_n20_20260613_003117_redis_feed17_rep1,redis,sb:events:n20:feed17:rep1,c5f5c5d8-0a54-458d-b298-0d47bbb405a1,3895121,350,2.9166666666666665,15608692055,28560520100,28561863500,1781307120665-0
concurrency_n20_20260613_003117_redis_feed17_rep1,redis,sb:events:n20:feed17:rep1,5a0e4337-083a-4631-8324-2a2ae7fb9736,3895067,350,2.9166666666666665,15608692055,28562093700,28562932800,1781307120667-0
concurrency_n20_20260613_003117_redis_feed17_rep1,redis,sb:events:n20:feed17:rep1,5095e9f2-b041-49a3-9ebb-54b9544ec710,3895067,350,2.9166666666666665,15608692055,28563163400,28564061700,1781307120668-0
concurrency_n20_20260613_003117_redis_feed17_rep1,redis,sb:events:n20:feed17:rep1,dbfe72ee-8e62-4ebe-b6c7-9217a53d5803,3895067,350,2.9166666666666665,15608692055,28564319500,28570715200,1781307120669-0
concurrency_n20_20260613_003117_redis_feed17_rep1,redis,sb:events:n20:feed17:rep1,900a039a-e94b-4b2f-8b24-47ca5923b12c,3895107,350,2.9166666666666665,15608692055,28570963700,28573135300,1781307120676-0
concurrency_n20_20260613_003117_redis_feed17_rep1,redis,sb:events:n20:feed17:rep1,013d2f57-a3d8-41b5-98c1-00a242e11384,3895107,350,2.9166666666666665,15608692055,28573380400,28574646700,1781307120678-0
concurrency_n20_20260613_003117_redis_feed17_rep1,redis,sb:events:n20:feed17:rep1,255d6e3d-7309-485e-ad7b-8fa794aa5b9e,3895052,350,2.9166666666666665,15608692055,28574858000,28576560400,1781307120680-0
concurrency_n20_20260613_003117_redis_feed17_rep1,redis,sb:events:n20:feed17:rep1,db882fff-09aa-47b4-9837-5eb7852c46cc,3895113,350,2.9166666666666665,15608692055,28576794100,28578904600,1781307120682-0
concurrency_n20_20260613_003117_redis_feed17_rep1,redis,sb:events:n20:feed17:rep1,8520ef69-be71-4c8e-8beb-cc29f4554038,3895113,350,2.9166666666666665,15608692055,28579245800,28581474400,1781307120684-0
concurrency_n20_20260613_003117_redis_feed17_rep1,redis,sb:events:n20:feed17:rep1,e636d562-f572-4462-a730-c3e48e5fc8dc,3895121,351,2.925,15608761499,28581713900,28583173400,1781307120687-0
concurrency_n20_20260613_003117_redis_feed17_rep1,redis,sb:events:n20:feed17:rep1,929983a0-f737-483c-8ccc-c22dd0b4c758,3895121,351,2.925,15608761499,28583387000,28600716300,1781307120689-0
concurrency_n20_20260613_003117_redis_feed17_rep1,redis,sb:events:n20:feed17:rep1,5d042596-1978-41d1-b07e-d438d6e68678,3895074,351,2.925,15608761499,28601271600,28612581700,1781307120715-0
concurrency_n20_20260613_003117_redis_feed17_rep1,redis,sb:events:n20:feed17:rep1,a14133d0-1a67-4da3-bda8-b019d9a65546,3895074,351,2.925,15608761499,28613153700,28615947600,1781307120719-0
concurrency_n20_20260613_003117_redis_feed17_rep1,redis,sb:events:n20:feed17:rep1,97373857-8573-46fe-8502-0ec9ec5dbafb,3895074,351,2.925,15608761499,28616166700,28623453800,1781307120721-0
concurrency_n20_20260613_003117_redis_feed17_rep1,redis,sb:events:n20:feed17:rep1,92eec2ef-ec3f-42b8-8f5a-18fc3408c000,3895134,351,2.925,15608761499,28623706200,28624936600,1781307120729-0
concurrency_n20_20260613_003117_redis_feed17_rep1,redis,sb:events:n20:feed17:rep1,0674a04b-50d5-4a36-b451-937df82b0b82,3895052,351,2.925,15608761499,28625297400,28626322400,1781307120730-0
concurrency_n20_20260613_003117_redis_feed17_rep1,redis,sb:events:n20:feed17:rep1,9ee96fd8-7e6a-4530-99f7-e8fe35b831d6,3895052,351,2.925,15608761499,28626738800,28633674100,1781307120731-0
concurrency_n20_20260613_003117_redis_feed17_rep1,redis,sb:events:n20:feed17:rep1,e6ea7a99-989a-4a27-bf9e-0eac58318c01,3895086,351,2.925,15608761499,28633910000,28658524500,1781307120761-0
concurrency_n20_20260613_003117_redis_feed17_rep1,redis,sb:events:n20:feed17:rep1,f7e9fa20-5fb2-4d16-868d-a2506930f758,3895086,351,2.925,15608761499,28658804500,28667318700,1781307120767-0
concurrency_n20_20260613_003117_redis_feed17_rep1,redis,sb:events:n20:feed17:rep1,808af9fa-4b11-4c37-96c7-ac81aabe7b00,3895086,351,2.925,15608761499,28667747700,28674114200,1781307120772-0
concurrency_n20_20260613_003117_redis_feed17_rep1,redis,sb:events:n20:feed17:rep1,c4478270-22e1-4a2e-b21e-5e0def1a5ade,3895095,352,2.933333333333333,15608830944,28674841700,28675744100,1781307120779-0
concurrency_n20_20260613_003117_redis_feed17_rep1,redis,sb:events:n20:feed17:rep1,0da76901-89e3-4054-96a5-ef5d4fdcd847,3895121,352,2.933333333333333,15608830944,28676007700,28677084600,1781307120781-0
concurrency_n20_20260613_003117_redis_feed17_rep1,redis,sb:events:n20:feed17:rep1,4f41e8c4-02b8-40e7-9d40-2ce3a724fa72,3895121,352,2.933333333333333,15608830944,28677347500,28687739100,1781307120782-0
concurrency_n20_20260613_003117_redis_feed17_rep1,redis,sb:events:n20:feed17:rep1,636679fa-6ff4-4b70-b8da-80c52344fd3e,3895067,352,2.933333333333333,15608830944,28688127800,28689043000,1781307120793-0
concurrency_n20_20260613_003117_redis_feed17_rep1,redis,sb:events:n20:feed17:rep1,6cf92e59-803f-45c6-93a9-1af3645b6d04,3895067,352,2.933333333333333,15608830944,28689419300,28690355200,1781307120794-0
concurrency_n20_20260613_003117_redis_feed17_rep1,redis,sb:events:n20:feed17:rep1,c8095c62-7453-463a-8f11-f45a07e2d6a1,3895067,352,2.933333333333333,15608830944,28690629600,28691689700,1781307120795-0
concurrency_n20_20260613_003117_redis_feed17_rep1,redis,sb:events:n20:feed17:rep1,022b80dd-c3d4-496a-b9a1-13ec8f95ef16,3895074,352,2.933333333333333,15608830944,28692067800,28695202900,1781307120798-0
concurrency_n20_20260613_003117_redis_feed17_rep1,redis,sb:events:n20:feed17:rep1,690ccf73-3c6e-4ca8-af6d-43e2cd71d9a4,3895121,353,2.941666666666667,15608900388,28695514700,28697536800,1781307120801-0
concurrency_n20_20260613_003117_redis_feed17_rep1,redis,sb:events:n20:feed17:rep1,1ba2479a-3e74-4346-b068-44f45c8da8b3,3895074,353,2.941666666666667,15608900388,28697776600,28709270500,1781307120803-0
concurrency_n20_20260613_003117_redis_feed17_rep1,redis,sb:events:n20:feed17:rep1,4b593dcb-bc9a-4b6b-b866-de06556e75ad,3895074,353,2.941666666666667,15608900388,28709651500,28735283500,1781307120835-0
concurrency_n20_20260613_003117_redis_feed17_rep1,redis,sb:events:n20:feed17:rep1,5f4d249d-781d-4e55-93cd-45a93e706aa6,3895074,353,2.941666666666667,15608900388,28735642400,28740545800,1781307120843-0
concurrency_n20_20260613_003117_redis_feed17_rep1,redis,sb:events:n20:feed17:rep1,c567a09c-23a2-41c2-9952-05e8de3b17f1,3895134,353,2.941666666666667,15608900388,28740818600,28767772600,1781307120867-0
concurrency_n20_20260613_003117_redis_feed17_rep1,redis,sb:events:n20:feed17:rep1,0844a9d6-fbb5-4a26-8687-53ad754f56e7,3895134,353,2.941666666666667,15608900388,28769022100,28769894900,1781307120874-0
concurrency_n20_20260613_003117_redis_feed17_rep1,redis,sb:events:n20:feed17:rep1,a3df59c8-cf02-4d37-bf5b-d2589fd3e6bf,3895086,353,2.941666666666667,15608900388,28770107100,28771018500,1781307120875-0
concurrency_n20_20260613_003117_redis_feed17_rep1,redis,sb:events:n20:feed17:rep1,e7a9a63f-ee4e-4ab7-9126-4a5c50bf8f49,3895232,353,353.0,18526053166,28771294600,28772420500,1781307120876-0
concurrency_n20_20260613_003117_redis_feed17_rep1,redis,sb:events:n20:feed17:rep1,3d81beef-a8a3-49e4-b1bc-b3ac126fcc44,3895095,354,2.95,15608969833,28778352200,28781156200,1781307120884-0
concurrency_n20_20260613_003117_redis_feed17_rep1,redis,sb:events:n20:feed17:rep1,1635501e-6069-489e-bc97-60be68d5acbf,3895095,354,2.95,15608969833,28781671700,28783344600,1781307120886-0
concurrency_n20_20260613_003117_redis_feed17_rep1,redis,sb:events:n20:feed17:rep1,a2cf3355-33aa-42c4-b369-9e5258da011e,3895095,354,2.95,15608969833,28783647200,28791438200,1781307120889-0
concurrency_n20_20260613_003117_redis_feed17_rep1,redis,sb:events:n20:feed17:rep1,0613d0f6-5512-4f13-8c54-69900aeffd4c,3895121,354,2.95,15608969833,28791831000,28793094600,1781307120897-0
concurrency_n20_20260613_003117_redis_feed17_rep1,redis,sb:events:n20:feed17:rep1,4fcfcc60-392e-48ff-bfda-3738123b9b14,3895067,354,2.95,15608969833,28793363200,28795113600,1781307120898-0
concurrency_n20_20260613_003117_redis_feed17_rep1,redis,sb:events:n20:feed17:rep1,3c9d821e-cd1d-40d8-b6cc-ebfdba7e3552,3895067,354,2.95,15608969833,28795405100,28798158100,1781307120900-0
concurrency_n20_20260613_003117_redis_feed17_rep1,redis,sb:events:n20:feed17:rep1,9e467124-ed14-41b1-ae7c-83af31974e51,3895074,354,2.95,15608969833,28798544000,28803147600,1781307120905-0
concurrency_n20_20260613_003117_redis_feed17_rep1,redis,sb:events:n20:feed17:rep1,dbd193b4-9436-4a57-930e-b83bcb5dda0b,3895074,354,2.95,15608969833,28803408400,28806672600,1781307120909-0
concurrency_n20_20260613_003117_redis_feed17_rep1,redis,sb:events:n20:feed17:rep1,e505e81c-2a00-4469-b96d-4138c8795413,3895074,354,2.95,15608969833,28807034800,28816064200,1781307120913-0
concurrency_n20_20260613_003117_redis_feed17_rep1,redis,sb:events:n20:feed17:rep1,05e5ad24-d023-49d2-aa5a-330e3c90ce62,3895134,354,2.95,15608969833,28816451400,28820390100,1781307120923-0
concurrency_n20_20260613_003117_redis_feed17_rep1,redis,sb:events:n20:feed17:rep1,35bb4379-6293-40c4-8b6e-bded481be933,3895095,355,2.958333333333333,15609039277,28820711100,28822004500,1781307120925-0
concurrency_n20_20260613_003117_redis_feed17_rep1,redis,sb:events:n20:feed17:rep1,0f08928d-929c-417d-9c32-4b22b7ff172f,3895095,355,2.958333333333333,15609039277,28829955300,28830984000,1781307120935-0
concurrency_n20_20260613_003117_redis_feed17_rep1,redis,sb:events:n20:feed17:rep1,8b96b887-80a9-4a57-99dd-415b5e19a6a0,3895095,355,2.958333333333333,15609039277,28831201900,28832312900,1781307120936-0
concurrency_n20_20260613_003117_redis_feed17_rep1,redis,sb:events:n20:feed17:rep1,11f82d11-f3aa-4650-9992-9dc2e6838811,3895067,355,2.958333333333333,15609039277,28832617500,28833466400,1781307120937-0
concurrency_n20_20260613_003117_redis_feed17_rep1,redis,sb:events:n20:feed17:rep1,a14fbff7-c39f-4bca-9a3e-9f2af4f6d1c9,3895067,355,2.958333333333333,15609039277,28833640700,28834509500,1781307120938-0
concurrency_n20_20260613_003117_redis_feed17_rep1,redis,sb:events:n20:feed17:rep1,da3669aa-68ba-4aa3-a220-6f073829d078,3895067,355,2.958333333333333,15609039277,28834688600,28844879500,1781307120939-0
concurrency_n20_20260613_003117_redis_feed17_rep1,redis,sb:events:n20:feed17:rep1,8e9b56bf-c9eb-4d50-a829-b70de02f7adb,3895134,355,2.958333333333333,15609039277,28845142600,28846959900,1781307120950-0
concurrency_n20_20260613_003117_redis_feed17_rep1,redis,sb:events:n20:feed17:rep1,c9545898-f161-4c9d-9a0b-8793de625bcc,3895134,355,2.958333333333333,15609039277,28847265300,28849227300,1781307120952-0
concurrency_n20_20260613_003117_redis_feed17_rep1,redis,sb:events:n20:feed17:rep1,0f0946e2-9309-4794-87fe-89df747a3e6d,3895086,355,2.958333333333333,15609039277,28849779100,28860280000,1781307120955-0
concurrency_n20_20260613_003117_redis_feed17_rep1,redis,sb:events:n20:feed17:rep1,cd3f2d0a-aeb3-4b34-a0f2-3eb12e54bd55,3895086,355,2.958333333333333,15609039277,28860896800,28862416100,1781307120966-0
concurrency_n20_20260613_003117_redis_feed17_rep1,redis,sb:events:n20:feed17:rep1,67d749a9-d258-4ad4-ac55-609ba90cf84c,3895113,355,2.958333333333333,15609039277,28862690300,28865818700,1781307120969-0
concurrency_n20_20260613_003117_redis_feed17_rep1,redis,sb:events:n20:feed17:rep1,abfe23c2-ade5-4f19-9243-c42bc6acc499,3895095,356,2.966666666666667,15609108722,28866351600,28867504300,1781307120971-0
concurrency_n20_20260613_003117_redis_feed17_rep1,redis,sb:events:n20:feed17:rep1,6ac4f18d-3142-4279-ad27-1b5c1f29213c,3895095,356,2.966666666666667,15609108722,28867711500,28868793000,1781307120972-0
concurrency_n20_20260613_003117_redis_feed17_rep1,redis,sb:events:n20:feed17:rep1,958d8eff-6600-41d0-b547-651815753987,3895095,356,2.966666666666667,15609108722,28869041200,28873428700,1781307120975-0
concurrency_n20_20260613_003117_redis_feed17_rep1,redis,sb:events:n20:feed17:rep1,5ed9a389-42e1-4784-be3d-4cbebb664292,3895095,356,2.966666666666667,15609108722,28873749300,28877220200,1781307120979-0
concurrency_n20_20260613_003117_redis_feed17_rep1,redis,sb:events:n20:feed17:rep1,ecdc4eb5-081e-4867-970a-cfe7e3dec346,3895121,356,2.966666666666667,15609108722,28877441200,28899391400,1781307121003-0
concurrency_n20_20260613_003117_redis_feed17_rep1,redis,sb:events:n20:feed17:rep1,38505484-d1c7-4960-896e-5776910748bc,3895121,356,2.966666666666667,15609108722,28899828200,28921820300,1781307121018-0
concurrency_n20_20260613_003117_redis_feed17_rep1,redis,sb:events:n20:feed17:rep1,cc9e27ee-245f-4af1-a5bb-614ae8d6c057,3895121,356,2.966666666666667,15609108722,28922224800,28923800600,1781307121028-0
concurrency_n20_20260613_003117_redis_feed17_rep1,redis,sb:events:n20:feed17:rep1,ead79ea4-823f-4a03-8f36-d2982bb018e2,3895067,356,2.966666666666667,15609108722,28924064100,28930452900,1781307121029-0
concurrency_n20_20260613_003117_redis_feed17_rep1,redis,sb:events:n20:feed17:rep1,00f2c51f-ecac-4106-968a-1cce717d6a91,3895074,356,2.966666666666667,15609108722,28930812000,28935302200,1781307121037-0
concurrency_n20_20260613_003117_redis_feed17_rep1,redis,sb:events:n20:feed17:rep1,ba2388ef-4130-4f6e-81f1-ea3241225526,3895074,356,2.966666666666667,15609108722,28936345000,28938159500,1781307121041-0
concurrency_n20_20260613_003117_redis_feed17_rep1,redis,sb:events:n20:feed17:rep1,152698ea-6ce8-4b88-9161-24663669ee93,3895134,356,2.966666666666667,15609108722,28938439800,28942077000,1781307121043-0
concurrency_n20_20260613_003117_redis_feed17_rep1,redis,sb:events:n20:feed17:rep1,a2877987-23c1-4047-b18d-b2e9a7a16eaa,3895134,356,2.966666666666667,15609108722,28942345200,28965658400,1781307121065-0
concurrency_n20_20260613_003117_redis_feed17_rep1,redis,sb:events:n20:feed17:rep1,1e55fbe7-8303-405a-a97e-7f13690bcf57,3895232,356,356.0,18551053166,28966048100,28968790500,1781307121071-0
concurrency_n20_20260613_003117_redis_feed17_rep1,redis,sb:events:n20:feed17:rep1,3d6e4cd7-a614-4825-b241-acc313ba6ca0,3895232,356,356.0,18551053166,28969229000,28970834800,1781307121074-0
concurrency_n20_20260613_003117_redis_feed17_rep1,redis,sb:events:n20:feed17:rep1,0fe6ba76-5e36-4158-a6a4-7bea36240ead,3895232,356,356.0,18551053166,28971377100,28972731000,1781307121076-0
concurrency_n20_20260613_003117_redis_feed17_rep1,redis,sb:events:n20:feed17:rep1,f429d70f-5617-4bb8-8955-a76a5163cc0b,3895232,356,356.0,18551053166,28973017700,28982105900,1781307121084-0
concurrency_n20_20260613_003117_redis_feed17_rep1,redis,sb:events:n20:feed17:rep1,f860c0f1-35fa-4b68-bae2-0b3826695770,3895095,357,2.975,15609178166,28982587100,28993282700,1781307121087-0
concurrency_n20_20260613_003117_redis_feed17_rep1,redis,sb:events:n20:feed17:rep1,dfda4064-2960-4520-ba52-9ed4894ac590,3895121,357,2.975,15609178166,28993988500,28994871600,1781307121099-0
concurrency_n20_20260613_003117_redis_feed17_rep1,redis,sb:events:n20:feed17:rep1,214c184b-01af-4b15-a374-02e2b44b5e63,3895074,357,2.975,15609178166,28995111900,28996003100,1781307121100-0
concurrency_n20_20260613_003117_redis_feed17_rep1,redis,sb:events:n20:feed17:rep1,6cbd006a-52e4-4a4c-93c1-c5704aeb8549,3895052,357,2.975,15609178166,28996367900,28997265100,1781307121101-0
concurrency_n20_20260613_003117_redis_feed17_rep1,redis,sb:events:n20:feed17:rep1,c0007622-67a8-466c-9108-c712e65fe291,3895113,357,2.975,15609178166,28997470500,28998480700,1781307121102-0
concurrency_n20_20260613_003117_redis_feed17_rep1,redis,sb:events:n20:feed17:rep1,0281400d-53a7-4dc7-a6b8-99471e9c4ecb,3895113,357,2.975,15609178166,28999179200,29000015600,1781307121104-0
concurrency_n20_20260613_003117_redis_feed17_rep1,redis,sb:events:n20:feed17:rep1,ce9db25a-5fec-4547-8526-61c3141c4d0d,3895067,358,2.9833333333333334,15609247611,29000310000,29001535500,1781307121105-0
concurrency_n20_20260613_003117_redis_feed17_rep1,redis,sb:events:n20:feed17:rep1,3aab850c-1a11-4641-bf19-c6c5f966abb3,3895067,358,2.9833333333333334,15609247611,29008474000,29016892500,1781307121121-0
concurrency_n20_20260613_003117_redis_feed17_rep1,redis,sb:events:n20:feed17:rep1,edf1a557-c2a7-42cc-ae0f-78d824ad78ca,3895052,358,2.9833333333333334,15609247611,29017133400,29018137600,1781307121122-0
concurrency_n20_20260613_003117_redis_feed17_rep1,redis,sb:events:n20:feed17:rep1,60b08e8c-3c15-4d30-8ebb-c5f83e449d83,3895052,358,2.9833333333333334,15609247611,29018434900,29020654800,1781307121123-0
concurrency_n20_20260613_003117_redis_feed17_rep1,redis,sb:events:n20:feed17:rep1,de72c156-22fc-4732-889a-d7c7e5f73bdc,3895052,358,2.9833333333333334,15609247611,29021028000,29022191000,1781307121126-0
concurrency_n20_20260613_003117_redis_feed17_rep1,redis,sb:events:n20:feed17:rep1,28cf5ab9-fc42-47ce-ae7c-43a10aba3bcc,3895134,358,2.9833333333333334,15609247611,29022542800,29023983000,1781307121128-0
concurrency_n20_20260613_003117_redis_feed17_rep1,redis,sb:events:n20:feed17:rep1,0e144e45-eed9-4c1f-b16e-f7fd087181a9,3895086,358,2.9833333333333334,15609247611,29024209200,29045855600,1781307121142-0
concurrency_n20_20260613_003117_redis_feed17_rep1,redis,sb:events:n20:feed17:rep1,245d3f1d-83b4-4ba5-899a-a743f64dc044,3895113,358,2.9833333333333334,15609247611,29047157200,29048663500,1781307121152-0
concurrency_n20_20260613_003117_redis_feed17_rep1,redis,sb:events:n20:feed17:rep1,9b0fc517-c0e8-4c1d-afd6-179cec98c57f,3895232,358,358.0,18567719833,29049034600,29050117300,1781307121154-0
concurrency_n20_20260613_003117_redis_feed17_rep1,redis,sb:events:n20:feed17:rep1,d001d485-6edb-4c9f-8ade-13ad60d822dc,3895232,358,358.0,18567719833,29050324700,29060676500,1781307121155-0
concurrency_n20_20260613_003117_redis_feed17_rep1,redis,sb:events:n20:feed17:rep1,f8786ba2-27cb-40e0-bd36-0bff4387846e,3895134,359,2.9916666666666667,15609317055,29060968800,29076911700,1781307121179-0
concurrency_n20_20260613_003117_redis_feed17_rep1,redis,sb:events:n20:feed17:rep1,f9c3a117-027a-43e5-9189-2884e85151bf,3895134,359,2.9916666666666667,15609317055,29077353000,29080289700,1781307121182-0
concurrency_n20_20260613_003117_redis_feed17_rep1,redis,sb:events:n20:feed17:rep1,f9627c67-19a0-4814-94b7-cca3d3e36e1e,3895086,359,2.9916666666666667,15609317055,29080555600,29088935800,1781307121185-0
concurrency_n20_20260613_003117_redis_feed17_rep1,redis,sb:events:n20:feed17:rep1,0fa3e9fc-8f59-4d93-ad54-9dafec6fe2cb,3895086,359,2.9916666666666667,15609317055,29089614800,29091132100,1781307121195-0
concurrency_n20_20260613_003117_redis_feed17_rep1,redis,sb:events:n20:feed17:rep1,e20fe4de-bcb4-4354-a27d-c27fe5b54a9c,3895086,359,2.9916666666666667,15609317055,29091322000,29093053300,1781307121196-0
concurrency_n20_20260613_003117_redis_feed17_rep1,redis,sb:events:n20:feed17:rep1,02992e62-fe65-4047-a654-9d393d3e5e92,3895086,359,2.9916666666666667,15609317055,29093325900,29096874000,1781307121198-0
concurrency_n20_20260613_003117_redis_feed17_rep1,redis,sb:events:n20:feed17:rep1,60bce52d-2353-40d5-986f-2f7e0c049878,3895113,359,2.9916666666666667,15609317055,29097131200,29099058600,1781307121203-0
concurrency_n20_20260613_003117_redis_feed17_rep1,redis,sb:events:n20:feed17:rep1,2fe9d024-0f17-41f3-83f8-fbca099420c4,3895113,359,2.9916666666666667,15609317055,29099311200,29100576100,1781307121204-0
concurrency_n20_20260613_003117_redis_feed17_rep1,redis,sb:events:n20:feed17:rep1,8babaa5e-85a6-4d8b-964c-b66c4119fcd6,3895113,359,2.9916666666666667,15609317055,29100777700,29103198100,1781307121207-0
concurrency_n20_20260613_003117_redis_feed17_rep1,redis,sb:events:n20:feed17:rep1,355b7db0-1547-4fc3-82b8-5c15b55cf280,3895095,360,3.0,15609386500,29103870600,29105605600,1781307121209-0
concurrency_n20_20260613_003117_redis_feed17_rep1,redis,sb:events:n20:feed17:rep1,cff91afe-1d5c-4f6f-8895-e785eced2820,3895095,360,3.0,15609386500,29105881000,29106906900,1781307121211-0
concurrency_n20_20260613_003117_redis_feed17_rep1,redis,sb:events:n20:feed17:rep1,ee92e12e-f23a-4761-a845-0961fa9055f1,3895121,360,3.0,15609386500,29107205100,29108269300,1781307121212-0
concurrency_n20_20260613_003117_redis_feed17_rep1,redis,sb:events:n20:feed17:rep1,f313c992-04cf-4ac8-9bab-46a71fb7d6f0,3895121,360,3.0,15609386500,29108736800,29110521400,1781307121214-0
concurrency_n20_20260613_003117_redis_feed17_rep1,redis,sb:events:n20:feed17:rep1,6e770056-0d66-4c82-9be5-1b5ca3bc8fea,3895052,360,3.0,15609386500,29110999300,29112866000,1781307121216-0
concurrency_n20_20260613_003117_redis_feed17_rep1,redis,sb:events:n20:feed17:rep1,ee281be8-1568-4ee1-9896-2779797d84ae,3895052,360,3.0,15609386500,29113335300,29115050100,1781307121218-0
concurrency_n20_20260613_003117_redis_feed17_rep1,redis,sb:events:n20:feed17:rep1,282d6fe5-de30-4959-b323-4b5e8779ac01,3895134,360,3.0,15609386500,29115567400,29117190800,1781307121221-0
concurrency_n20_20260613_003117_redis_feed17_rep1,redis,sb:events:n20:feed17:rep1,2dfda464-8059-45fd-b9f3-c98ea63a12e8,3895067,361,3.0083333333333333,15609455944,29117407900,29127599900,1781307121231-0
concurrency_n20_20260613_003117_redis_feed17_rep1,redis,sb:events:n20:feed17:rep1,f1c2c38d-0bf7-48c9-812b-59135e52e6c2,3895074,361,3.0083333333333333,15609455944,29127982300,29140868300,1781307121242-0
concurrency_n20_20260613_003117_redis_feed17_rep1,redis,sb:events:n20:feed17:rep1,e00464cd-75d7-4ead-b904-c7236b444d70,3895134,361,3.0083333333333333,15609455944,29141520100,29158097500,1781307121257-0
concurrency_n20_20260613_003117_redis_feed17_rep1,redis,sb:events:n20:feed17:rep1,5007fa57-f4c9-4e85-a5f9-f8b74f1ec2e8,3895134,361,3.0083333333333333,15609455944,29158387600,29164647400,1781307121267-0
concurrency_n20_20260613_003117_redis_feed17_rep1,redis,sb:events:n20:feed17:rep1,3476ed98-2de1-4af9-ae70-98e661dce747,3895086,361,3.0083333333333333,15609455944,29167289100,29185052800,1781307121288-0
concurrency_n20_20260613_003117_redis_feed17_rep1,redis,sb:events:n20:feed17:rep1,36860fee-d690-4a82-92c1-2ce4512541be,3895086,361,3.0083333333333333,15609455944,29185356100,29207166400,1781307121309-0
concurrency_n20_20260613_003117_redis_feed17_rep1,redis,sb:events:n20:feed17:rep1,a463ae1e-6b26-4133-9944-dced564e7662,3895086,361,3.0083333333333333,15609455944,29207413900,29208841800,1781307121312-0
concurrency_n20_20260613_003117_redis_feed17_rep1,redis,sb:events:n20:feed17:rep1,3b117be0-886b-41b1-acc0-2a795d50b148,3895113,361,3.0083333333333333,15609455944,29209104000,29214102600,1781307121314-0
concurrency_n20_20260613_003117_redis_feed17_rep1,redis,sb:events:n20:feed17:rep1,c20ec538-b95e-4fde-bd21-1e0819073174,3895113,361,3.0083333333333333,15609455944,29214474000,29216904600,1781307121319-0
concurrency_n20_20260613_003117_redis_feed17_rep1,redis,sb:events:n20:feed17:rep1,08dca067-1875-49e1-8696-b36931d5a065,3895113,361,3.0083333333333333,15609455944,29217436500,29225406400,1781307121322-0
concurrency_n20_20260613_003117_redis_feed17_rep1,redis,sb:events:n20:feed17:rep1,39d6b34a-0d87-4026-8fbf-fa4b7b7cff08,3895232,361,361.0,18592719833,29226054300,29242979000,1781307121343-0
concurrency_n20_20260613_003117_redis_feed17_rep1,redis,sb:events:n20:feed17:rep1,defd9a85-07d2-45a1-bed5-12073c366a13,3895095,362,3.0166666666666666,15609525388,29243695100,29244989400,1781307121348-0
concurrency_n20_20260613_003117_redis_feed17_rep1,redis,sb:events:n20:feed17:rep1,9046d726-2398-4328-8011-506c88d8080f,3895095,362,3.0166666666666666,15609525388,29245288000,29264010700,1781307121367-0
concurrency_n20_20260613_003117_redis_feed17_rep1,redis,sb:events:n20:feed17:rep1,fb619b46-3deb-488a-bd9d-be13628389f9,3895074,362,3.0166666666666666,15609525388,29264311400,29267303900,1781307121370-0
concurrency_n20_20260613_003117_redis_feed17_rep1,redis,sb:events:n20:feed17:rep1,7abf4506-6455-4e0b-8802-01f2dfa27e88,3895074,362,3.0166666666666666,15609525388,29267674900,29269102600,1781307121373-0
concurrency_n20_20260613_003117_redis_feed17_rep1,redis,sb:events:n20:feed17:rep1,c67a22ed-5cd6-42ad-999c-652ccca43f74,3895074,362,3.0166666666666666,15609525388,29275809600,29281545300,1781307121382-0
concurrency_n20_20260613_003117_redis_feed17_rep1,redis,sb:events:n20:feed17:rep1,aa8f36fc-cb33-4568-b372-7c1c883c17a0,3895052,362,3.0166666666666666,15609525388,29281797000,29289646100,1781307121388-0
concurrency_n20_20260613_003117_redis_feed17_rep1,redis,sb:events:n20:feed17:rep1,4b55ff09-c906-4a96-bfec-e98f895f9f05,3895232,362,362.0,18601053166,29289930200,29292331500,1781307121395-0
concurrency_n20_20260613_003117_redis_feed17_rep1,redis,sb:events:n20:feed17:rep1,1d9ac714-d4be-4779-9d76-13717d6ca4c2,3895232,362,362.0,18601053166,29292703500,29298697800,1781307121401-0
concurrency_n20_20260613_003117_redis_feed17_rep1,redis,sb:events:n20:feed17:rep1,8458aa78-520c-4345-b04f-b85b35a96d00,3895121,363,3.025,15609594833,29298982100,29301055500,1781307121404-0
concurrency_n20_20260613_003117_redis_feed17_rep1,redis,sb:events:n20:feed17:rep1,f6135718-1c31-45cb-893b-113626a17b67,3895121,363,3.025,15609594833,29301279600,29302139400,1781307121406-0
concurrency_n20_20260613_003117_redis_feed17_rep1,redis,sb:events:n20:feed17:rep1,0fffe00c-e44e-4e93-8a65-20e01cf8f43c,3895121,363,3.025,15609594833,29302323600,29311215400,1781307121407-0
concurrency_n20_20260613_003117_redis_feed17_rep1,redis,sb:events:n20:feed17:rep1,2e0ee3af-b22d-44f1-9021-f28ef06bac68,3895052,363,3.025,15609594833,29313177700,29315290300,1781307121418-0
concurrency_n20_20260613_003117_redis_feed17_rep1,redis,sb:events:n20:feed17:rep1,ad40b95f-3d3b-4c06-94f6-a8ccc28c9854,3895052,363,3.025,15609594833,29315601600,29316983500,1781307121420-0
concurrency_n20_20260613_003117_redis_feed17_rep1,redis,sb:events:n20:feed17:rep1,1974342f-bb31-4283-bc10-0840f8cebf69,3895052,363,3.025,15609594833,29326143600,29327576900,1781307121431-0
concurrency_n20_20260613_003117_redis_feed17_rep1,redis,sb:events:n20:feed17:rep1,c113e55e-e19b-4e04-a5ab-a22df4b23459,3895052,363,3.025,15609594833,29327836600,29329048200,1781307121433-0
concurrency_n20_20260613_003117_redis_feed17_rep1,redis,sb:events:n20:feed17:rep1,fcafc7bc-afa4-4766-8fc6-ce4a1355cff6,3895134,363,3.025,15609594833,29329290600,29330247400,1781307121434-0
concurrency_n20_20260613_003117_redis_feed17_rep1,redis,sb:events:n20:feed17:rep1,7cdd0ecd-c2ef-4386-8cee-9ce72401b6b6,3895232,363,363.0,18609386500,29330467400,29336443000,1781307121435-0
concurrency_n20_20260613_003117_redis_feed17_rep1,redis,sb:events:n20:feed17:rep1,40440748-04e1-4023-933e-b7e799f5ad73,3895232,363,363.0,18609386500,29336673400,29343727000,1781307121445-0
concurrency_n20_20260613_003117_redis_feed17_rep1,redis,sb:events:n20:feed17:rep1,57a5e193-63f6-469f-9df6-5e044744d3ae,3895095,364,3.033333333333333,15609664277,29344161600,29346573500,1781307121449-0
concurrency_n20_20260613_003117_redis_feed17_rep1,redis,sb:events:n20:feed17:rep1,475c8a17-3068-489b-bfc4-5590d9df9115,3895067,364,3.033333333333333,15609664277,29346915300,29353166500,1781307121457-0
concurrency_n20_20260613_003117_redis_feed17_rep1,redis,sb:events:n20:feed17:rep1,7c01b171-f84a-496c-8a7e-a693249c1a76,3895067,364,3.033333333333333,15609664277,29353722700,29354882800,1781307121459-0
concurrency_n20_20260613_003117_redis_feed17_rep1,redis,sb:events:n20:feed17:rep1,d53c3462-aa56-4d95-ab95-6ee2d4f78636,3895067,364,3.033333333333333,15609664277,29355191300,29356230000,1781307121460-0
concurrency_n20_20260613_003117_redis_feed17_rep1,redis,sb:events:n20:feed17:rep1,3941eb3d-c9c2-40f5-9f9c-9903a9e1962c,3895232,364,364.0,18617719833,29356466000,29357324000,1781307121461-0
concurrency_n20_20260613_003117_redis_feed17_rep1,redis,sb:events:n20:feed17:rep1,c36d7487-13f5-46a2-9033-3664603f7a5c,3895232,364,364.0,18617719833,29357529800,29358409000,1781307121462-0
concurrency_n20_20260613_003117_redis_feed17_rep1,redis,sb:events:n20:feed17:rep1,aa6ed303-203b-4646-bbbd-87b7c7567e99,3895095,365,3.0416666666666665,15609733722,29358598700,29361176400,1781307121464-0
concurrency_n20_20260613_003117_redis_feed17_rep1,redis,sb:events:n20:feed17:rep1,c218797c-605e-41c4-815a-49f6c92710a0,3895121,365,3.0416666666666665,15609733722,29361469700,29378118100,1781307121467-0
concurrency_n20_20260613_003117_redis_feed17_rep1,redis,sb:events:n20:feed17:rep1,f385f689-9a82-413a-8faa-3518eafa39fc,3895067,365,3.0416666666666665,15609733722,29378368000,29387771100,1781307121489-0
concurrency_n20_20260613_003117_redis_feed17_rep1,redis,sb:events:n20:feed17:rep1,8245ac64-0941-4583-8527-e3465503a2d2,3895067,365,3.0416666666666665,15609733722,29388172200,29390290000,1781307121493-0
concurrency_n20_20260613_003117_redis_feed17_rep1,redis,sb:events:n20:feed17:rep1,d92d6a0f-6b31-445d-bb13-06669032372a,3895067,365,3.0416666666666665,15609733722,29390586100,29406023400,1781307121506-0
concurrency_n20_20260613_003117_redis_feed17_rep1,redis,sb:events:n20:feed17:rep1,ab665f76-99ca-4836-8208-121ace3a0685,3895052,365,3.0416666666666665,15609733722,29406262400,29408204600,1781307121511-0
concurrency_n20_20260613_003117_redis_feed17_rep1,redis,sb:events:n20:feed17:rep1,f05ae67b-ba63-4783-95b3-688a540c5078,3895134,365,3.0416666666666665,15609733722,29408472100,29409646100,1781307121513-0
concurrency_n20_20260613_003117_redis_feed17_rep1,redis,sb:events:n20:feed17:rep1,83ee5950-879e-4b5b-a3ab-55af02fe066b,3895052,365,3.0416666666666665,15609733722,29410016300,29410930700,1781307121515-0
concurrency_n20_20260613_003117_redis_feed17_rep1,redis,sb:events:n20:feed17:rep1,abbce176-8471-4308-be88-7b7f67194b90,3895134,365,3.0416666666666665,15609733722,29411187400,29414024600,1781307121517-0
concurrency_n20_20260613_003117_redis_feed17_rep1,redis,sb:events:n20:feed17:rep1,e229d5e9-5dd7-4fde-9e62-25288d6862d7,3895052,365,3.0416666666666665,15609733722,29414330700,29415514000,1781307121519-0
concurrency_n20_20260613_003117_redis_feed17_rep1,redis,sb:events:n20:feed17:rep1,803d2e4e-c874-402b-9778-cb7c43eb4c55,3895086,365,3.0416666666666665,15609733722,29415718400,29417673200,1781307121522-0
concurrency_n20_20260613_003117_redis_feed17_rep1,redis,sb:events:n20:feed17:rep1,510b634c-25e4-4481-8c6d-3d12e91e59fa,3895232,365,365.0,18626053166,29417913600,29422919700,1781307121526-0
concurrency_n20_20260613_003117_redis_feed17_rep1,redis,sb:events:n20:feed17:rep1,0da03d9c-0ace-48f1-955e-ac6a5c021e6f,3895232,365,365.0,18626053166,29423244300,29424177100,1781307121528-0
concurrency_n20_20260613_003117_redis_feed17_rep1,redis,sb:events:n20:feed17:rep1,9bb8e38d-808c-4dfa-abb7-f24dfebd0f5d,3895095,366,3.05,15609803166,29424412000,29442396500,1781307121542-0
concurrency_n20_20260613_003117_redis_feed17_rep1,redis,sb:events:n20:feed17:rep1,8107f240-4dbe-4fe7-ad48-93fca7e8dccd,3895095,366,3.05,15609803166,29442694100,29444823200,1781307121548-0
concurrency_n20_20260613_003117_redis_feed17_rep1,redis,sb:events:n20:feed17:rep1,aa3112e8-fe93-4048-bae7-656e1ac9a0f7,3895095,366,3.05,15609803166,29445113700,29447923700,1781307121551-0
concurrency_n20_20260613_003117_redis_feed17_rep1,redis,sb:events:n20:feed17:rep1,a08da14c-b402-45bf-a056-0626fa147733,3895121,366,3.05,15609803166,29448191200,29449636500,1781307121553-0
concurrency_n20_20260613_003117_redis_feed17_rep1,redis,sb:events:n20:feed17:rep1,0a81a309-97a3-42d6-91df-5970e7617f64,3895121,366,3.05,15609803166,29450015000,29464897300,1781307121566-0
concurrency_n20_20260613_003117_redis_feed17_rep1,redis,sb:events:n20:feed17:rep1,34f93cf9-a769-4297-a5ff-65410e72d129,3895067,366,3.05,15609803166,29465177500,29474387600,1781307121574-0
concurrency_n20_20260613_003117_redis_feed17_rep1,redis,sb:events:n20:feed17:rep1,f572920c-db84-4f48-babc-194aaa3cac82,3895074,366,3.05,15609803166,29474652700,29480052700,1781307121580-0
concurrency_n20_20260613_003117_redis_feed17_rep1,redis,sb:events:n20:feed17:rep1,04a1bfd3-78af-4e6c-b124-35ef8ce074e9,3895086,366,3.05,15609803166,29480402000,29483312100,1781307121586-0
concurrency_n20_20260613_003117_redis_feed17_rep1,redis,sb:events:n20:feed17:rep1,0303ae29-dbf7-4fd3-b642-97ac481b14b2,3895086,366,3.05,15609803166,29483613200,29497807100,1781307121589-0
concurrency_n20_20260613_003117_redis_feed17_rep1,redis,sb:events:n20:feed17:rep1,25665bb7-e078-4cf2-a78c-6798a1b432b3,3895113,366,3.05,15609803166,29498143900,29501079000,1781307121603-0
concurrency_n20_20260613_003117_redis_feed17_rep1,redis,sb:events:n20:feed17:rep1,9722453e-4e8f-475e-8660-662ffb5b4794,3895232,366,366.0,18634386500,29501581700,29503329600,1781307121606-0
concurrency_n20_20260613_003117_redis_feed17_rep1,redis,sb:events:n20:feed17:rep1,6d42cf24-25b7-4ca1-aef6-de4fb714fbab,3895232,366,366.0,18634386500,29503610600,29505642200,1781307121609-0
concurrency_n20_20260613_003117_redis_feed17_rep1,redis,sb:events:n20:feed17:rep1,e5430274-76a0-4012-97a7-28b7ec8f018f,3895232,366,366.0,18634386500,29506073900,29523700700,1781307121624-0
concurrency_n20_20260613_003117_redis_feed17_rep1,redis,sb:events:n20:feed17:rep1,77f5dcc3-af4b-4fd8-8f8d-0777b8770ea8,3895095,367,3.058333333333333,15609872611,29524144600,29528482500,1781307121629-0
concurrency_n20_20260613_003117_redis_feed17_rep1,redis,sb:events:n20:feed17:rep1,4dc1fbff-0da5-424f-968b-6758cfc38998,3895095,367,3.058333333333333,15609872611,29537955200,29539046400,1781307121643-0
concurrency_n20_20260613_003117_redis_feed17_rep1,redis,sb:events:n20:feed17:rep1,36ba40fc-787a-418b-ad61-d505ce2c71e5,3895095,367,3.058333333333333,15609872611,29539447400,29541005200,1781307121644-0
concurrency_n20_20260613_003117_redis_feed17_rep1,redis,sb:events:n20:feed17:rep1,5a39d9bb-54a4-4e59-a832-18f44f9458c4,3895134,367,3.058333333333333,15609872611,29541254100,29551253100,1781307121650-0
concurrency_n20_20260613_003117_redis_feed17_rep1,redis,sb:events:n20:feed17:rep1,14fdaead-f14c-4958-bcb0-8ea822d3f0a8,3895052,367,3.058333333333333,15609872611,29551547900,29554316500,1781307121657-0
concurrency_n20_20260613_003117_redis_feed17_rep1,redis,sb:events:n20:feed17:rep1,f2477d52-6b97-4a85-8c6a-3b4e1f186aa9,3895052,367,3.058333333333333,15609872611,29554684700,29556019400,1781307121660-0
concurrency_n20_20260613_003117_redis_feed17_rep1,redis,sb:events:n20:feed17:rep1,df0eb700-15c2-427d-a67c-710a8be37b0a,3895052,367,3.058333333333333,15609872611,29556502300,29557911600,1781307121662-0
concurrency_n20_20260613_003117_redis_feed17_rep1,redis,sb:events:n20:feed17:rep1,443e9fed-714c-4727-aa02-cedc2fed2a87,3895052,367,3.058333333333333,15609872611,29563913000,29566359300,1781307121670-0
concurrency_n20_20260613_003117_redis_feed17_rep1,redis,sb:events:n20:feed17:rep1,9c6bef32-1d99-4f9f-9233-980c0effc9d1,3895113,367,3.058333333333333,15609872611,29566596100,29567704700,1781307121671-0
concurrency_n20_20260613_003117_redis_feed17_rep1,redis,sb:events:n20:feed17:rep1,e6aaae8f-cc64-4a1e-9ed4-c11813507a32,3895113,367,3.058333333333333,15609872611,29567930200,29571449300,1781307121673-0
concurrency_n20_20260613_003117_redis_feed17_rep1,redis,sb:events:n20:feed17:rep1,55a8c04b-ceb9-44e3-a929-fddea73ca539,3895121,368,3.066666666666667,15609942055,29571857100,29574536700,1781307121677-0
concurrency_n20_20260613_003117_redis_feed17_rep1,redis,sb:events:n20:feed17:rep1,c995df46-c590-45dc-9b8a-77269c43e026,3895067,368,3.066666666666667,15609942055,29575008400,29576646300,1781307121680-0
concurrency_n20_20260613_003117_redis_feed17_rep1,redis,sb:events:n20:feed17:rep1,d9a06969-8cbe-4619-ac56-d579d96188fa,3895067,368,3.066666666666667,15609942055,29580999100,29582184400,1781307121686-0
concurrency_n20_20260613_003117_redis_feed17_rep1,redis,sb:events:n20:feed17:rep1,fc89167c-5a5b-4d70-85dd-0616e064977b,3895074,368,3.066666666666667,15609942055,29582572400,29583590400,1781307121687-0
concurrency_n20_20260613_003117_redis_feed17_rep1,redis,sb:events:n20:feed17:rep1,85005578-a06a-4bbf-a829-51937d023399,3895067,368,3.066666666666667,15609942055,29583787600,29585461000,1781307121689-0
concurrency_n20_20260613_003117_redis_feed17_rep1,redis,sb:events:n20:feed17:rep1,ff1e7593-114f-40ac-864b-7d9c44a10b48,3895074,368,3.066666666666667,15609942055,29585797600,29598767500,1781307121699-0
concurrency_n20_20260613_003117_redis_feed17_rep1,redis,sb:events:n20:feed17:rep1,d8d6b943-1c91-4dbf-8478-a742da56061e,3895067,368,3.066666666666667,15609942055,29599137000,29602207300,1781307121705-0
concurrency_n20_20260613_003117_redis_feed17_rep1,redis,sb:events:n20:feed17:rep1,fe3af60c-cbca-424f-9c90-a1d39d1548e2,3895074,368,3.066666666666667,15609942055,29602480600,29606549600,1781307121710-0
concurrency_n20_20260613_003117_redis_feed17_rep1,redis,sb:events:n20:feed17:rep1,a8b15306-09d6-4a4b-8cd3-251a4f8ce9ab,3895074,368,3.066666666666667,15609942055,29606892400,29608958900,1781307121712-0
concurrency_n20_20260613_003117_redis_feed17_rep1,redis,sb:events:n20:feed17:rep1,1259faac-d03e-43b5-97b1-14c47407d22b,3895134,368,3.066666666666667,15609942055,29609312300,29611412300,1781307121715-0
concurrency_n20_20260613_003117_redis_feed17_rep1,redis,sb:events:n20:feed17:rep1,8948643b-6692-4135-922f-5d8da3218a49,3895134,368,3.066666666666667,15609942055,29611981300,29614292500,1781307121718-0
concurrency_n20_20260613_003117_redis_feed17_rep1,redis,sb:events:n20:feed17:rep1,9b1b6a91-9074-4e6b-afbe-bb2972ea26e6,3895052,368,3.066666666666667,15609942055,29614563100,29631126200,1781307121731-0
concurrency_n20_20260613_003117_redis_feed17_rep1,redis,sb:events:n20:feed17:rep1,5eb7c87e-b040-4122-89a4-8e5c755f3000,3895052,368,3.066666666666667,15609942055,29636234800,29640825600,1781307121744-0
concurrency_n20_20260613_003117_redis_feed17_rep1,redis,sb:events:n20:feed17:rep1,0eaa22f8-78fb-4e26-b068-64a2f91ad649,3895113,368,3.066666666666667,15609942055,29641072900,29655647300,1781307121758-0
concurrency_n20_20260613_003117_redis_feed17_rep1,redis,sb:events:n20:feed17:rep1,d01804e0-7a01-4f45-b5af-c379d27bd346,3895095,369,3.075,15610011500,29655939200,29664999000,1781307121768-0
concurrency_n20_20260613_003117_redis_feed17_rep1,redis,sb:events:n20:feed17:rep1,b709a327-28ff-4614-9d18-f2442ad7f53c,3895095,369,3.075,15610011500,29665353000,29688893500,1781307121790-0
concurrency_n20_20260613_003117_redis_feed17_rep1,redis,sb:events:n20:feed17:rep1,62112ae9-9ee5-4686-bf54-53ebb4743c91,3895121,369,3.075,15610011500,29689172800,29697497700,1781307121799-0
concurrency_n20_20260613_003117_redis_feed17_rep1,redis,sb:events:n20:feed17:rep1,1f27409b-0a6d-4107-8ab5-82c6a18e52e3,3895121,369,3.075,15610011500,29697851700,29699305200,1781307121803-0
concurrency_n20_20260613_003117_redis_feed17_rep1,redis,sb:events:n20:feed17:rep1,e02e9d6a-4918-4c04-8e0a-195785fda561,3895052,369,3.075,15610011500,29699606500,29700904100,1781307121805-0
concurrency_n20_20260613_003117_redis_feed17_rep1,redis,sb:events:n20:feed17:rep1,bce128c2-63ca-463b-811c-cdfd5182984b,3895052,369,3.075,15610011500,29701251400,29702194700,1781307121806-0
concurrency_n20_20260613_003117_redis_feed17_rep1,redis,sb:events:n20:feed17:rep1,fe72babe-e86a-4794-bbe4-f35c4d1e6349,3895095,370,3.083333333333333,15610080944,29702409400,29710049000,1781307121807-0
concurrency_n20_20260613_003117_redis_feed17_rep1,redis,sb:events:n20:feed17:rep1,3bd1382b-ec25-44b9-bba4-68f65f38e751,3895095,370,3.083333333333333,15610080944,29710595900,29711926200,1781307121816-0
concurrency_n20_20260613_003117_redis_feed17_rep1,redis,sb:events:n20:feed17:rep1,204e574d-34db-40d4-94fa-5cda08b23cbc,3895067,370,3.083333333333333,15610080944,29712297000,29713208100,1781307121817-0
concurrency_n20_20260613_003117_redis_feed17_rep1,redis,sb:events:n20:feed17:rep1,7d3ac006-672b-4312-95f9-cbc07e976f43,3895067,370,3.083333333333333,15610080944,29713526600,29723250600,1781307121818-0
concurrency_n20_20260613_003117_redis_feed17_rep1,redis,sb:events:n20:feed17:rep1,3c418e17-ce78-4e39-be5a-9d5f2124d399,3895134,370,3.083333333333333,15610080944,29723806000,29724802400,1781307121829-0
concurrency_n20_20260613_003117_redis_feed17_rep1,redis,sb:events:n20:feed17:rep1,8306ea5b-2ee8-4812-b799-41913d44b2d0,3895052,370,3.083333333333333,15610080944,29725039900,29725774000,1781307121830-0
concurrency_n20_20260613_003117_redis_feed17_rep1,redis,sb:events:n20:feed17:rep1,b4c8f2ae-5d72-4df5-ab35-fb6455914eed,3895113,370,3.083333333333333,15610080944,29726050900,29738445900,1781307121831-0
concurrency_n20_20260613_003117_redis_feed17_rep1,redis,sb:events:n20:feed17:rep1,152aff8a-d807-4461-97c3-32865a36d63f,3895113,370,3.083333333333333,15610080944,29739409000,29741179100,1781307121845-0
concurrency_n20_20260613_003117_redis_feed17_rep1,redis,sb:events:n20:feed17:rep1,39feeba9-f657-4284-9a2e-72815b563c01,3895113,370,3.083333333333333,15610080944,29741394000,29742607400,1781307121846-0
concurrency_n20_20260613_003117_redis_feed17_rep1,redis,sb:events:n20:feed17:rep1,af1936be-bfff-4d6c-b0f7-de8a4ff6c4b6,3895232,370,370.0,18667719833,29742814300,29747554800,1781307121848-0
concurrency_n20_20260613_003117_redis_feed17_rep1,redis,sb:events:n20:feed17:rep1,10bc86df-d971-4ac4-bedc-9e9184f12034,3895232,370,370.0,18667719833,29747930700,29756602900,1781307121854-0
concurrency_n20_20260613_003117_redis_feed17_rep1,redis,sb:events:n20:feed17:rep1,f1170d94-0863-46a8-8e12-8b316a98432b,3895095,371,3.091666666666667,15610150388,29756891700,29767728500,1781307121871-0
concurrency_n20_20260613_003117_redis_feed17_rep1,redis,sb:events:n20:feed17:rep1,7576cc35-66f1-4ce3-a65f-979215f77c67,3895121,371,3.091666666666667,15610150388,29768375000,29770513200,1781307121874-0
concurrency_n20_20260613_003117_redis_feed17_rep1,redis,sb:events:n20:feed17:rep1,84e9cd8e-063f-4f6c-ae7a-0f906056989b,3895107,371,3.091666666666667,15610150388,29770938600,29772631300,1781307121876-0
concurrency_n20_20260613_003117_redis_feed17_rep1,redis,sb:events:n20:feed17:rep1,d76eb5df-841c-4e79-9020-b73bf863e897,3895052,371,3.091666666666667,15610150388,29772992500,29782143100,1781307121879-0
concurrency_n20_20260613_003117_redis_feed17_rep1,redis,sb:events:n20:feed17:rep1,3efdf119-7c67-4366-a2cf-4e54a24f96f8,3895052,371,3.091666666666667,15610150388,29782561200,29795799500,1781307121890-0
concurrency_n20_20260613_003117_redis_feed17_rep1,redis,sb:events:n20:feed17:rep1,0483472e-cd7e-4e5a-8f1a-dc09b74ce21f,3895113,371,3.091666666666667,15610150388,29796056400,29817672100,1781307121903-0
concurrency_n20_20260613_003117_redis_feed17_rep1,redis,sb:events:n20:feed17:rep1,deff65ee-05f0-44aa-84e4-2d1c0a9c3804,3895232,371,371.0,18676053166,29818010100,29821555500,1781307121924-0
concurrency_n20_20260613_003117_redis_feed17_rep1,redis,sb:events:n20:feed17:rep1,faa7b6be-8fb7-4e99-b651-e851444e6427,3895232,371,371.0,18676053166,29822049800,29823347900,1781307121927-0
concurrency_n20_20260613_003117_redis_feed17_rep1,redis,sb:events:n20:feed17:rep1,3be85e6c-5fe5-4dfc-926a-90e392d0a086,3895121,372,3.1,15610219833,29823565200,29830283200,1781307121928-0
concurrency_n20_20260613_003117_redis_feed17_rep1,redis,sb:events:n20:feed17:rep1,7d3b7788-c771-449e-ad3a-12360e46a4c4,3895121,372,3.1,15610219833,29830539700,29833783000,1781307121936-0
concurrency_n20_20260613_003117_redis_feed17_rep1,redis,sb:events:n20:feed17:rep1,c8e696c5-b876-4ccd-917f-129521836d12,3895134,372,3.1,15610219833,29834118800,29835586100,1781307121939-0
concurrency_n20_20260613_003117_redis_feed17_rep1,redis,sb:events:n20:feed17:rep1,6916b940-dee7-4d26-814f-c1f4b2b6156a,3895232,372,372.0,18684386500,29835822700,29836979700,1781307121941-0
concurrency_n20_20260613_003117_redis_feed17_rep1,redis,sb:events:n20:feed17:rep1,a432244a-6ede-4833-90cc-620689485588,3895107,373,3.1083333333333334,15610289277,29837161200,29839317200,1781307121943-0
concurrency_n20_20260613_003117_redis_feed17_rep1,redis,sb:events:n20:feed17:rep1,27e18532-359f-4d29-9b28-7df1a5a5619d,3895107,373,3.1083333333333334,15610289277,29839804800,29840916100,1781307121945-0
concurrency_n20_20260613_003117_redis_feed17_rep1,redis,sb:events:n20:feed17:rep1,9787df06-a760-4a42-8107-9ec47dac2ad1,3895067,373,3.1083333333333334,15610289277,29841118200,29848331000,1781307121946-0
concurrency_n20_20260613_003117_redis_feed17_rep1,redis,sb:events:n20:feed17:rep1,ae766697-ad65-49b6-bae1-5920f12dc43f,3895086,373,3.1083333333333334,15610289277,29848789300,29851354300,1781307121954-0
concurrency_n20_20260613_003117_redis_feed17_rep1,redis,sb:events:n20:feed17:rep1,575ff48f-f5c0-4ec6-b255-f2975970d0ea,3895113,373,3.1083333333333334,15610289277,29851659900,29853315300,1781307121956-0
concurrency_n20_20260613_003117_redis_feed17_rep1,redis,sb:events:n20:feed17:rep1,e9de532e-6005-45b0-8aef-bb9bb28912b0,3895113,373,3.1083333333333334,15610289277,29853654000,29855344100,1781307121959-0
concurrency_n20_20260613_003117_redis_feed17_rep1,redis,sb:events:n20:feed17:rep1,70435abb-94b1-449d-85ad-7c3d4eda2ac3,3895232,373,373.0,18692719833,29855655700,29856979200,1781307121961-0
concurrency_n20_20260613_003117_redis_feed17_rep1,redis,sb:events:n20:feed17:rep1,1f936793-5b07-40f4-b7c1-fea72a6df15e,3895232,373,373.0,18692719833,29857218700,29858691800,1781307121962-0
concurrency_n20_20260613_003117_redis_feed17_rep1,redis,sb:events:n20:feed17:rep1,0c5aa890-9827-4b09-9ebb-27c2ca83205c,3895107,374,3.1166666666666667,15610358722,29858963300,29860421700,1781307121964-0
concurrency_n20_20260613_003117_redis_feed17_rep1,redis,sb:events:n20:feed17:rep1,33681808-32b7-47da-88fa-7434628fa1a2,3895086,374,3.1166666666666667,15610358722,29860702200,29862678700,1781307121966-0
concurrency_n20_20260613_003117_redis_feed17_rep1,redis,sb:events:n20:feed17:rep1,b78a3204-6ab6-4642-9eb6-2bc2e4bf9a73,3895052,374,3.1166666666666667,15610358722,29862966800,29864630800,1781307121968-0
concurrency_n20_20260613_003117_redis_feed17_rep1,redis,sb:events:n20:feed17:rep1,5c23e675-6816-462e-acb2-711fe091e3da,3895086,374,3.1166666666666667,15610358722,29864931500,29868533200,1781307121970-0
concurrency_n20_20260613_003117_redis_feed17_rep1,redis,sb:events:n20:feed17:rep1,f4ca38e6-f9f5-4cad-bcf5-a48de8ed97e0,3895232,374,374.0,18701053166,29868773700,29896783500,1781307121989-0
concurrency_n20_20260613_003117_redis_feed17_rep1,redis,sb:events:n20:feed17:rep1,6c1d23ce-be9b-4866-bccb-854ee532fb3d,3895067,375,3.125,15610428166,29897035200,29898153700,1781307122002-0
concurrency_n20_20260613_003117_redis_feed17_rep1,redis,sb:events:n20:feed17:rep1,061c3913-067e-4698-b63c-f66a3c8c64ee,3895107,375,3.125,15610428166,29898354500,29899585200,1781307122003-0
concurrency_n20_20260613_003117_redis_feed17_rep1,redis,sb:events:n20:feed17:rep1,568eb077-cf97-494c-af52-59ba9164402d,3895067,375,3.125,15610428166,29899782300,29905834400,1781307122004-0
concurrency_n20_20260613_003117_redis_feed17_rep1,redis,sb:events:n20:feed17:rep1,ba0a37e4-b38f-4e81-8a4f-98e71b0bc5e7,3895107,375,3.125,15610428166,29910526400,29912027600,1781307122016-0
concurrency_n20_20260613_003117_redis_feed17_rep1,redis,sb:events:n20:feed17:rep1,6ca3928a-82e7-4b03-9076-67c1e61bb075,3895067,375,3.125,15610428166,29912248700,29914441000,1781307122018-0
concurrency_n20_20260613_003117_redis_feed17_rep1,redis,sb:events:n20:feed17:rep1,d55c297a-ef77-40d2-bdef-fe4c2d5ff8f5,3895052,375,3.125,15610428166,29914762000,29915809000,1781307122020-0
concurrency_n20_20260613_003117_redis_feed17_rep1,redis,sb:events:n20:feed17:rep1,d094bab6-9af3-4019-b796-acb694feee23,3895086,375,3.125,15610428166,29916188900,29927434900,1781307122031-0
concurrency_n20_20260613_003117_redis_feed17_rep1,redis,sb:events:n20:feed17:rep1,ee06c457-f476-4846-8968-0649e3b5dd0f,3895052,375,3.125,15610428166,29927808800,29928615300,1781307122033-0
concurrency_n20_20260613_003117_redis_feed17_rep1,redis,sb:events:n20:feed17:rep1,0dd59459-9a8a-4d3f-b7a8-fb03247e0a9c,3895232,375,375.0,18709386500,29929045000,29930022200,1781307122034-0
concurrency_n20_20260613_003117_redis_feed17_rep1,redis,sb:events:n20:feed17:rep1,e0aaefc3-5a87-480d-9d64-b46b53e3eb36,3895232,375,375.0,18709386500,29930214700,29937545500,1781307122035-0
concurrency_n20_20260613_003117_redis_feed17_rep1,redis,sb:events:n20:feed17:rep1,9437504d-c0a0-474b-9e44-feea20992a62,3895121,376,3.1333333333333333,15610497611,29938296800,29939136500,1781307122043-0
concurrency_n20_20260613_003117_redis_feed17_rep1,redis,sb:events:n20:feed17:rep1,c18ac918-c617-4f00-b87c-403624147fb8,3895107,376,3.1333333333333333,15610497611,29939352300,29940431100,1781307122044-0
concurrency_n20_20260613_003117_redis_feed17_rep1,redis,sb:events:n20:feed17:rep1,65b895ef-96be-4ad6-b00e-076d20c564ce,3895067,376,3.1333333333333333,15610497611,29940679400,29945038600,1781307122046-0
concurrency_n20_20260613_003117_redis_feed17_rep1,redis,sb:events:n20:feed17:rep1,d7078048-5cc3-461c-bcd6-06760fa990ab,3895107,376,3.1333333333333333,15610497611,29945668500,29950690800,1781307122051-0
concurrency_n20_20260613_003117_redis_feed17_rep1,redis,sb:events:n20:feed17:rep1,442ecd9b-b058-493d-a185-adba5be4b1ed,3895086,376,3.1333333333333333,15610497611,29951145800,29958766200,1781307122059-0
concurrency_n20_20260613_003117_redis_feed17_rep1,redis,sb:events:n20:feed17:rep1,32d454a5-ba2d-49f5-a42b-7b2806ca8e6b,3895052,376,3.1333333333333333,15610497611,29965369600,29972694500,1781307122075-0
concurrency_n20_20260613_003117_redis_feed17_rep1,redis,sb:events:n20:feed17:rep1,e1f28eb5-3ef3-4c6c-a752-eb0a280e3a24,3895086,376,3.1333333333333333,15610497611,29972968700,29975937500,1781307122078-0
concurrency_n20_20260613_003117_redis_feed17_rep1,redis,sb:events:n20:feed17:rep1,6681da7c-cc5c-41c1-b23d-fc62cceccbc2,3895052,376,3.1333333333333333,15610497611,29976228000,29985466200,1781307122081-0
concurrency_n20_20260613_003117_redis_feed17_rep1,redis,sb:events:n20:feed17:rep1,fa1927b2-339a-4ef8-8b6a-2f5de1f71daf,3895113,376,3.1333333333333333,15610497611,29986042900,29986954600,1781307122091-0
concurrency_n20_20260613_003117_redis_feed17_rep1,redis,sb:events:n20:feed17:rep1,aabe6e96-8a94-4505-bd78-fe17b48ce9c6,3895121,377,3.1416666666666666,15610567055,29987241700,29988164600,1781307122092-0
concurrency_n20_20260613_003117_redis_feed17_rep1,redis,sb:events:n20:feed17:rep1,230329e4-9e13-415a-820f-a078f323f452,3895121,377,3.1416666666666666,15610567055,29988387700,29996851600,1781307122093-0
concurrency_n20_20260613_003117_redis_feed17_rep1,redis,sb:events:n20:feed17:rep1,d6e685f5-a088-489f-b6e9-9f471c09dde8,3895067,377,3.1416666666666666,15610567055,29997646600,29998891300,1781307122103-0
concurrency_n20_20260613_003117_redis_feed17_rep1,redis,sb:events:n20:feed17:rep1,aaa94f43-a792-4f91-9db5-921f55154d90,3895107,377,3.1416666666666666,15610567055,29999600100,30000522800,1781307122104-0
concurrency_n20_20260613_003117_redis_feed17_rep1,redis,sb:events:n20:feed17:rep1,7c6d7faf-6ac6-4e49-bdff-6026e02b027a,3895067,377,3.1416666666666666,15610567055,30000791500,30008728900,1781307122106-0
concurrency_n20_20260613_003117_redis_feed17_rep1,redis,sb:events:n20:feed17:rep1,8f89cecc-9842-4def-ac58-32cc319a3131,3895107,377,3.1416666666666666,15610567055,30010548100,30012174000,1781307122116-0
concurrency_n20_20260613_003117_redis_feed17_rep1,redis,sb:events:n20:feed17:rep1,991c0af9-25d4-468d-a1a0-6f1b20f0b85e,3895086,377,3.1416666666666666,15610567055,30012449200,30014050000,1781307122118-0
concurrency_n20_20260613_003117_redis_feed17_rep1,redis,sb:events:n20:feed17:rep1,3f7f838c-e47e-4d2e-93bc-549dc3dbc775,3895052,377,3.1416666666666666,15610567055,30014327200,30021594900,1781307122119-0
concurrency_n20_20260613_003117_redis_feed17_rep1,redis,sb:events:n20:feed17:rep1,f3f77fb1-7eaf-432e-ba4b-b3bdff74804e,3895052,377,3.1416666666666666,15610567055,30021885000,30029016100,1781307122130-0
concurrency_n20_20260613_003117_redis_feed17_rep1,redis,sb:events:n20:feed17:rep1,590098bb-37c4-4067-86ac-6d460256bd31,3895113,377,3.1416666666666666,15610567055,30029291300,30036142300,1781307122137-0
concurrency_n20_20260613_003117_redis_feed17_rep1,redis,sb:events:n20:feed17:rep1,7d91748a-a8c0-4477-99bc-440edfb98b20,3895113,377,3.1416666666666666,15610567055,30036384200,30043286800,1781307122141-0
concurrency_n20_20260613_003117_redis_feed17_rep1,redis,sb:events:n20:feed17:rep1,9a05f952-fad6-448f-962b-13792edab926,3895113,377,3.1416666666666666,15610567055,30043603400,30046404100,1781307122149-0
concurrency_n20_20260613_003117_redis_feed17_rep1,redis,sb:events:n20:feed17:rep1,7448eaa1-612b-4cb4-b416-a38ea6981484,3895086,378,3.15,15610636500,30047070900,30049682000,1781307122153-0
concurrency_n20_20260613_003117_redis_feed17_rep1,redis,sb:events:n20:feed17:rep1,d0a1177b-9349-4efc-b4e7-78f18457f2fe,3895086,378,3.15,15610636500,30054926300,30081009600,1781307122183-0
concurrency_n20_20260613_003117_redis_feed17_rep1,redis,sb:events:n20:feed17:rep1,2519917b-2ff0-4fc2-b58e-8a3860da7a18,3895052,378,3.15,15610636500,30081265100,30089742700,1781307122190-0
concurrency_n20_20260613_003117_redis_feed17_rep1,redis,sb:events:n20:feed17:rep1,a2175056-51b9-40fc-b6b0-3161b7c9498c,3895086,378,3.15,15610636500,30090009100,30098562900,1781307122195-0
concurrency_n20_20260613_003117_redis_feed17_rep1,redis,sb:events:n20:feed17:rep1,4c982c50-0315-4cdb-b6ab-133d786710bc,3895052,378,3.15,15610636500,30099173700,30100796000,1781307122205-0
concurrency_n20_20260613_003117_redis_feed17_rep1,redis,sb:events:n20:feed17:rep1,d5d337e5-d809-4c24-8963-59a487ccf605,3895052,378,3.15,15610636500,30101112200,30102240900,1781307122206-0
concurrency_n20_20260613_003117_redis_feed17_rep1,redis,sb:events:n20:feed17:rep1,02330919-0123-4c31-bb82-dbf24e80b2fe,3895113,378,3.15,15610636500,30102480200,30103399300,1781307122207-0
concurrency_n20_20260613_003117_redis_feed17_rep1,redis,sb:events:n20:feed17:rep1,e56bd21d-9796-483c-91b0-82d30dfd5d8d,3895113,378,3.15,15610636500,30103817200,30104445000,1781307122208-0
concurrency_n20_20260613_003117_redis_feed17_rep1,redis,sb:events:n20:feed17:rep1,5899ac0e-8bcb-45bd-93e3-86b044273dce,3895121,379,3.158333333333333,15610705944,30104622400,30105316000,1781307122209-0
concurrency_n20_20260613_003117_redis_feed17_rep1,redis,sb:events:n20:feed17:rep1,7596e4ad-6504-4da3-9c61-e8c7fa6c7b0a,3895067,379,3.158333333333333,15610705944,30105898100,30107918400,1781307122212-0
concurrency_n20_20260613_003117_redis_feed17_rep1,redis,sb:events:n20:feed17:rep1,9686a8ab-7240-4d0f-8250-2753060324c8,3895107,379,3.158333333333333,15610705944,30108478400,30110182500,1781307122214-0
concurrency_n20_20260613_003117_redis_feed17_rep1,redis,sb:events:n20:feed17:rep1,b7791d0f-3499-4f4c-a33d-6836c0f911e0,3895086,379,3.158333333333333,15610705944,30110421200,30111720600,1781307122215-0
concurrency_n20_20260613_003117_redis_feed17_rep1,redis,sb:events:n20:feed17:rep1,9a35d177-badb-4a3f-91ad-44a79f2311bc,3895232,379,379.0,18742719833,30111990000,30112781200,1781307122217-0
concurrency_n20_20260613_003117_redis_feed17_rep1,redis,sb:events:n20:feed17:rep1,24f1c999-2f56-4965-9d3d-35e233032adc,3895121,380,3.1666666666666665,15610775388,30113207700,30114281800,1781307122218-0
concurrency_n20_20260613_003117_redis_feed17_rep1,redis,sb:events:n20:feed17:rep1,e3330d89-e532-4687-8931-3a3944d47df8,3895121,380,3.1666666666666665,15610775388,30114693500,30115997900,1781307122220-0
concurrency_n20_20260613_003117_redis_feed17_rep1,redis,sb:events:n20:feed17:rep1,6b464c46-1236-4cf5-81d2-a4b23806f5c5,3895067,380,3.1666666666666665,15610775388,30116369400,30119417200,1781307122222-0
concurrency_n20_20260613_003117_redis_feed17_rep1,redis,sb:events:n20:feed17:rep1,85df73b8-c6dd-46c7-a9bc-3865609e285c,3895107,380,3.1666666666666665,15610775388,30119700600,30135342100,1781307122236-0
concurrency_n20_20260613_003117_redis_feed17_rep1,redis,sb:events:n20:feed17:rep1,b1365bce-58eb-4d21-8011-9d628879127e,3895067,380,3.1666666666666665,15610775388,30135720100,30137336800,1781307122241-0
concurrency_n20_20260613_003117_redis_feed17_rep1,redis,sb:events:n20:feed17:rep1,779856e2-33da-4aff-91b8-9be497159f00,3895107,380,3.1666666666666665,15610775388,30137699000,30158109400,1781307122259-0
concurrency_n20_20260613_003117_redis_feed17_rep1,redis,sb:events:n20:feed17:rep1,d6468d36-c2f2-45b8-b0a6-357efadab24a,3895086,380,3.1666666666666665,15610775388,30158355400,30168688900,1781307122263-0
concurrency_n20_20260613_003117_redis_feed17_rep1,redis,sb:events:n20:feed17:rep1,b8e00e85-579c-4970-9759-fea3ab966db3,3895052,380,3.1666666666666665,15610775388,30169231700,30171557200,1781307122274-0
concurrency_n20_20260613_003117_redis_feed17_rep1,redis,sb:events:n20:feed17:rep1,359a2c08-360b-4501-ad2f-1a2012bd0999,3895086,380,3.1666666666666665,15610775388,30171888100,30173780600,1781307122277-0
concurrency_n20_20260613_003117_redis_feed17_rep1,redis,sb:events:n20:feed17:rep1,9a1a7780-275f-4921-9392-19bfe015d7c8,3895086,380,3.1666666666666665,15610775388,30174017800,30180864900,1781307122279-0
concurrency_n20_20260613_003117_redis_feed17_rep1,redis,sb:events:n20:feed17:rep1,109eceab-23c5-4031-a8b4-ee687b8db372,3895086,380,3.1666666666666665,15610775388,30181155100,30198539000,1781307122300-0
concurrency_n20_20260613_003117_redis_feed17_rep1,redis,sb:events:n20:feed17:rep1,8252e5c2-5564-4b4d-9b1c-789c1f432266,3895086,380,3.1666666666666665,15610775388,30199571200,30201536300,1781307122304-0
concurrency_n20_20260613_003117_redis_feed17_rep1,redis,sb:events:n20:feed17:rep1,b637f60b-261b-4f76-9c73-11dd9ecb679c,3895086,380,3.1666666666666665,15610775388,30201785500,30203073000,1781307122307-0
concurrency_n20_20260613_003117_redis_feed17_rep1,redis,sb:events:n20:feed17:rep1,86385026-af11-48d5-9b14-e73738435175,3895086,380,3.1666666666666665,15610775388,30203312500,30204050300,1781307122308-0
concurrency_n20_20260613_003117_redis_feed17_rep1,redis,sb:events:n20:feed17:rep1,fe767c75-6544-41ed-b908-41181829a6de,3895113,380,3.1666666666666665,15610775388,30204272600,30205147800,1781307122309-0
concurrency_n20_20260613_003117_redis_feed17_rep1,redis,sb:events:n20:feed17:rep1,b6158c2d-6502-4f71-9efa-f36b63db6ed2,3895232,380,380.0,18751053166,30205348600,30206218100,1781307122310-0
concurrency_n20_20260613_003117_redis_feed17_rep1,redis,sb:events:n20:feed17:rep1,765f5b69-4579-4bba-887f-090ffd96d7a0,3895232,380,380.0,18751053166,30206466000,30207553900,1781307122311-0
concurrency_n20_20260613_003117_redis_feed17_rep1,redis,sb:events:n20:feed17:rep1,789b47e3-c531-4a6d-946d-2f1f9d2b884c,3895121,381,3.175,15610844833,30207756500,30208533500,1781307122312-0
concurrency_n20_20260613_003117_redis_feed17_rep1,redis,sb:events:n20:feed17:rep1,bc32fc0f-eb52-421a-ab2e-ac7b606c85ea,3895067,381,3.175,15610844833,30208699600,30209627500,1781307122314-0
concurrency_n20_20260613_003117_redis_feed17_rep1,redis,sb:events:n20:feed17:rep1,8f4ba858-ef2e-4d50-a7a7-dd1970021b0e,3895107,381,3.175,15610844833,30209842400,30210712000,1781307122315-0
concurrency_n20_20260613_003117_redis_feed17_rep1,redis,sb:events:n20:feed17:rep1,b0c2b5d7-470f-45bd-9bd9-20049682c523,3895052,381,3.175,15610844833,30210923700,30219936500,1781307122316-0
concurrency_n20_20260613_003117_redis_feed17_rep1,redis,sb:events:n20:feed17:rep1,3eb22506-89d4-4230-96f4-0cc90241b0ef,3895052,381,3.175,15610844833,30220423700,30221380600,1781307122325-0
concurrency_n20_20260613_003117_redis_feed17_rep1,redis,sb:events:n20:feed17:rep1,9d569410-c32d-4ef8-abb5-bf329a7549ee,3895052,381,3.175,15610844833,30222014600,30223679300,1781307122327-0
concurrency_n20_20260613_003117_redis_feed17_rep1,redis,sb:events:n20:feed17:rep1,1d0e6433-63c4-4036-8f9e-1d35cd3112c9,3895086,381,3.175,15610844833,30224131100,30232355500,1781307122331-0
concurrency_n20_20260613_003117_redis_feed17_rep1,redis,sb:events:n20:feed17:rep1,6bfcc356-4a43-47bb-afa3-4f4a6d8e8335,3895113,381,3.175,15610844833,30232836300,30234206600,1781307122338-0
concurrency_n20_20260613_003117_redis_feed17_rep1,redis,sb:events:n20:feed17:rep1,dec15ef0-188b-4ef5-b99c-f007a3e7108f,3895113,381,3.175,15610844833,30234433100,30235536600,1781307122339-0
concurrency_n20_20260613_003117_redis_feed17_rep1,redis,sb:events:n20:feed17:rep1,80de728d-2acf-446e-8dbd-3dceca0d4358,3895113,381,3.175,15610844833,30235900700,30240281400,1781307122341-0
concurrency_n20_20260613_003117_redis_feed17_rep1,redis,sb:events:n20:feed17:rep1,abc116d6-2574-4059-8184-bb2816b5da18,3895121,382,3.183333333333333,15610914277,30240550600,30248349600,1781307122350-0
concurrency_n20_20260613_003117_redis_feed17_rep1,redis,sb:events:n20:feed17:rep1,b4509a2d-3999-4e18-a2d0-b16116243586,3895107,382,3.183333333333333,15610914277,30248682400,30250760200,1781307122353-0
concurrency_n20_20260613_003117_redis_feed17_rep1,redis,sb:events:n20:feed17:rep1,9479f33e-c3f7-4fbb-9fda-bf07a4973ec6,3895107,382,3.183333333333333,15610914277,30251063900,30258333800,1781307122356-0
concurrency_n20_20260613_003117_redis_feed17_rep1,redis,sb:events:n20:feed17:rep1,4aaa9c64-42b1-478f-8552-3f14a1caef3d,3895052,382,3.183333333333333,15610914277,30258626200,30280519900,1781307122383-0
concurrency_n20_20260613_003117_redis_feed17_rep1,redis,sb:events:n20:feed17:rep1,57c14534-6b1c-47a6-8cef-093f2f0b1959,3895086,382,3.183333333333333,15610914277,30280825400,30286935100,1781307122389-0
concurrency_n20_20260613_003117_redis_feed17_rep1,redis,sb:events:n20:feed17:rep1,6bd96cc5-01fb-495e-b8c0-65d4569b226d,3895121,383,3.191666666666667,15610983722,30291956500,30309188500,1781307122412-0
concurrency_n20_20260613_003117_redis_feed17_rep1,redis,sb:events:n20:feed17:rep1,30e632ae-c052-489d-bae6-df407b8ad4dc,3895121,383,3.191666666666667,15610983722,30309532300,30324276200,1781307122419-0
concurrency_n20_20260613_003117_redis_feed17_rep1,redis,sb:events:n20:feed17:rep1,62806dfc-9062-42c8-9fe6-0f5bd08f7636,3895107,383,3.191666666666667,15610983722,30324732900,30331026500,1781307122430-0
concurrency_n20_20260613_003117_redis_feed17_rep1,redis,sb:events:n20:feed17:rep1,8822e06a-c5f5-4306-aef8-2fef2318b77e,3895052,383,3.191666666666667,15610983722,30331653000,30332852900,1781307122437-0
concurrency_n20_20260613_003117_redis_feed17_rep1,redis,sb:events:n20:feed17:rep1,bc3e5394-92ad-4eb2-bcf9-454d8336659c,3895052,383,3.191666666666667,15610983722,30333175800,30334396700,1781307122438-0
concurrency_n20_20260613_003117_redis_feed17_rep1,redis,sb:events:n20:feed17:rep1,6e2e22f4-22db-4b95-970b-bf4b2e6b82d0,3895086,383,3.191666666666667,15610983722,30334792900,30336106400,1781307122440-0
concurrency_n20_20260613_003117_redis_feed17_rep1,redis,sb:events:n20:feed17:rep1,d7822cd2-fdac-450d-b3f2-283caa6bdf26,3895086,383,3.191666666666667,15610983722,30336430500,30337659800,1781307122441-0
concurrency_n20_20260613_003117_redis_feed17_rep1,redis,sb:events:n20:feed17:rep1,d9fe49c7-cb84-47b9-9d26-fccdf7bba1a0,3895086,383,3.191666666666667,15610983722,30337882400,30338816100,1781307122443-0
concurrency_n20_20260613_003117_redis_feed17_rep1,redis,sb:events:n20:feed17:rep1,14a7b19f-e345-455f-befd-96115a6915de,3895113,383,3.191666666666667,15610983722,30339033700,30343227900,1781307122445-0
concurrency_n20_20260613_003117_redis_feed17_rep1,redis,sb:events:n20:feed17:rep1,0c9b10fe-6d4a-4c2b-b4ca-5b0fe6d7068c,3895086,383,3.191666666666667,15610983722,30343528900,30345296800,1781307122448-0
concurrency_n20_20260613_003117_redis_feed17_rep1,redis,sb:events:n20:feed17:rep1,44617c92-4042-4afd-9202-dd98ef11fec0,3895113,383,3.191666666666667,15610983722,30345703300,30358386300,1781307122459-0
concurrency_n20_20260613_003117_redis_feed17_rep1,redis,sb:events:n20:feed17:rep1,592a7739-85c0-4889-861b-99c4c837ff10,3895086,383,3.191666666666667,15610983722,30363503300,30396473300,1781307122497-0
concurrency_n20_20260613_003117_redis_feed17_rep1,redis,sb:events:n20:feed17:rep1,98cd3e1a-bdbc-4452-801b-2be9fc5ab06b,3895086,383,3.191666666666667,15610983722,30396812100,30414405500,1781307122512-0
concurrency_n20_20260613_003117_redis_feed17_rep1,redis,sb:events:n20:feed17:rep1,469c68cd-897c-4200-a73d-0f41b039d939,3895232,383,383.0,18776053166,30414654900,30418403200,1781307122522-0
concurrency_n20_20260613_003117_redis_feed17_rep1,redis,sb:events:n20:feed17:rep1,b394cbaf-5f9a-4d18-9411-8d7cb7448c79,3895121,384,3.2,15611053166,30418802100,30434704800,1781307122526-0
concurrency_n20_20260613_003117_redis_feed17_rep1,redis,sb:events:n20:feed17:rep1,66dba0a8-2afe-4c4c-92ad-e1a6cd71fd03,3895067,384,3.2,15611053166,30435173400,30438258300,1781307122542-0
concurrency_n20_20260613_003117_redis_feed17_rep1,redis,sb:events:n20:feed17:rep1,a5226e29-3065-48df-b321-a36cac911c21,3895067,384,3.2,15611053166,30438502100,30441407800,1781307122545-0
concurrency_n20_20260613_003117_redis_feed17_rep1,redis,sb:events:n20:feed17:rep1,12e42bd5-320d-40e8-ad89-d42c0a1dae0a,3895107,384,3.2,15611053166,30442162700,30451144700,1781307122548-0
concurrency_n20_20260613_003117_redis_feed17_rep1,redis,sb:events:n20:feed17:rep1,6ccc1db9-5a31-4dea-910a-977754782773,3895107,384,3.2,15611053166,30451421200,30454235800,1781307122558-0
concurrency_n20_20260613_003117_redis_feed17_rep1,redis,sb:events:n20:feed17:rep1,2c83987b-bf65-401d-9e27-d9f54ba652ad,3895107,384,3.2,15611053166,30454561200,30456931500,1781307122560-0
concurrency_n20_20260613_003117_redis_feed17_rep1,redis,sb:events:n20:feed17:rep1,9e91c070-24d3-4fe7-949f-83e113f520ec,3895052,384,3.2,15611053166,30457384800,30462439900,1781307122563-0
concurrency_n20_20260613_003117_redis_feed17_rep1,redis,sb:events:n20:feed17:rep1,e4fc3ae0-4ab9-410d-94a0-32504edb24fd,3895052,384,3.2,15611053166,30462841700,30463975300,1781307122568-0
concurrency_n20_20260613_003117_redis_feed17_rep1,redis,sb:events:n20:feed17:rep1,b627debe-95ec-462b-aa31-0e1709133dca,3895232,384,384.0,18784386500,30464319400,30465368600,1781307122569-0
concurrency_n20_20260613_003117_redis_feed17_rep1,redis,sb:events:n20:feed17:rep1,83959d17-b68c-40ce-8c65-4202e5e453af,3895232,384,384.0,18784386500,30465619900,30470277000,1781307122571-0
concurrency_n20_20260613_003117_redis_feed17_rep1,redis,sb:events:n20:feed17:rep1,49d4f100-098b-4654-82c5-780c8126e40b,3895121,385,3.208333333333333,15611122611,30471138300,30472708600,1781307122576-0
concurrency_n20_20260613_003117_redis_feed17_rep1,redis,sb:events:n20:feed17:rep1,9f35d52f-bd21-46a3-b4b5-6c4043b57c87,3895121,385,3.208333333333333,15611122611,30472994200,30475503200,1781307122579-0
concurrency_n20_20260613_003117_redis_feed17_rep1,redis,sb:events:n20:feed17:rep1,829aae74-41b8-4d04-9794-6e6620d40ca9,3895107,385,3.208333333333333,15611122611,30475772300,30482963200,1781307122581-0
concurrency_n20_20260613_003117_redis_feed17_rep1,redis,sb:events:n20:feed17:rep1,122ecdd6-a166-41d6-bce2-294162b4cd54,3895107,385,3.208333333333333,15611122611,30483559300,30491136900,1781307122591-0
concurrency_n20_20260613_003117_redis_feed17_rep1,redis,sb:events:n20:feed17:rep1,f050fb4b-4418-43cc-9c3d-94127b27624c,3895107,385,3.208333333333333,15611122611,30491598700,30495962300,1781307122597-0
concurrency_n20_20260613_003117_redis_feed17_rep1,redis,sb:events:n20:feed17:rep1,3570f419-5029-45ff-925c-ce5ec23dbb24,3895052,385,3.208333333333333,15611122611,30496234300,30506260600,1781307122601-0
concurrency_n20_20260613_003117_redis_feed17_rep1,redis,sb:events:n20:feed17:rep1,fc6ad4f7-4a80-4f85-864c-700a0efceee8,3895113,385,3.208333333333333,15611122611,30506688600,30509851500,1781307122613-0
concurrency_n20_20260613_003117_redis_feed17_rep1,redis,sb:events:n20:feed17:rep1,eab2cf06-4a07-4aa6-8b95-8a93cc0e3ac5,3895086,385,3.208333333333333,15611122611,30510366200,30511463600,1781307122616-0
concurrency_n20_20260613_003117_redis_feed17_rep1,redis,sb:events:n20:feed17:rep1,c63305c6-e557-4591-80c5-59b4d84e5d2b,3895232,385,385.0,18792719833,30511669400,30515544600,1781307122617-0
concurrency_n20_20260613_003117_redis_feed17_rep1,redis,sb:events:n20:feed17:rep1,6c8c9f26-d33b-4bc0-b63c-8e3ea2ff8587,3895107,386,3.216666666666667,15611192055,30515874500,30534531800,1781307122634-0
concurrency_n20_20260613_003117_redis_feed17_rep1,redis,sb:events:n20:feed17:rep1,597c5d97-fb51-4886-a0ff-c5230090abbf,3895134,386,3.216666666666667,15611192055,30534915500,30539086100,1781307122641-0
concurrency_n20_20260613_003117_redis_feed17_rep1,redis,sb:events:n20:feed17:rep1,96400684-614d-4589-a40f-957378435605,3895134,386,3.216666666666667,15611192055,30539353400,30549405800,1781307122653-0
concurrency_n20_20260613_003117_redis_feed17_rep1,redis,sb:events:n20:feed17:rep1,d64a401e-b7ba-490e-8d7b-550d85b01524,3895052,386,3.216666666666667,15611192055,30549701600,30552083000,1781307122655-0
concurrency_n20_20260613_003117_redis_feed17_rep1,redis,sb:events:n20:feed17:rep1,00d33c4c-624c-45e1-959b-21ede95483f2,3895113,386,3.216666666666667,15611192055,30552314800,30554474600,1781307122657-0
concurrency_n20_20260613_003117_redis_feed17_rep1,redis,sb:events:n20:feed17:rep1,7d6fb5b2-01ba-4a33-a27e-4023ad29c37c,3895113,386,3.216666666666667,15611192055,30555226200,30557780400,1781307122661-0
concurrency_n20_20260613_003117_redis_feed17_rep1,redis,sb:events:n20:feed17:rep1,fe32e0d4-2a33-42f4-ba80-5b8cab554efa,3895113,386,3.216666666666667,15611192055,30558017100,30560789500,1781307122663-0
concurrency_n20_20260613_003117_redis_feed17_rep1,redis,sb:events:n20:feed17:rep1,37a76d39-8a74-4cc3-9412-9e4827e7f046,3895232,386,386.0,18801053166,30561166300,30562683100,1781307122666-0
concurrency_n20_20260613_003117_redis_feed17_rep1,redis,sb:events:n20:feed17:rep1,c9311912-6d5c-41e4-8305-f64e25f732d8,3895232,386,386.0,18801053166,30562978100,30565367000,1781307122668-0
concurrency_n20_20260613_003117_redis_feed17_rep1,redis,sb:events:n20:feed17:rep1,d837221b-f129-444e-9949-64d8b76548b7,3895232,386,386.0,18801053166,30565611300,30566977700,1781307122671-0
concurrency_n20_20260613_003117_redis_feed17_rep1,redis,sb:events:n20:feed17:rep1,9d93a642-64e7-4144-93a3-851559519e57,3895232,386,386.0,18801053166,30567177700,30568296000,1781307122672-0
concurrency_n20_20260613_003117_redis_feed17_rep1,redis,sb:events:n20:feed17:rep1,d570893c-47a4-43a1-95f4-7b16543b9f2a,3895067,387,3.225,15611261500,30568501000,30578226900,1781307122673-0
concurrency_n20_20260613_003117_redis_feed17_rep1,redis,sb:events:n20:feed17:rep1,8249e17a-6fc6-4af8-8d8a-10ea80b0e22e,3895134,387,3.225,15611261500,30580180500,30607300100,1781307122707-0
concurrency_n20_20260613_003117_redis_feed17_rep1,redis,sb:events:n20:feed17:rep1,2154b166-8b00-45a6-b1bf-d8f805198128,3895052,387,3.225,15611261500,30607577700,30609946600,1781307122713-0
concurrency_n20_20260613_003117_redis_feed17_rep1,redis,sb:events:n20:feed17:rep1,cac05379-37e8-4c29-9857-deb1cd6a7e4e,3895052,387,3.225,15611261500,30610193400,30612131300,1781307122715-0
concurrency_n20_20260613_003117_redis_feed17_rep1,redis,sb:events:n20:feed17:rep1,bf419a09-0892-4eb4-9295-4c861317ce1a,3895086,387,3.225,15611261500,30612342400,30621382100,1781307122717-0
concurrency_n20_20260613_003117_redis_feed17_rep1,redis,sb:events:n20:feed17:rep1,43834af9-8068-404c-b7f9-bc4c08738a45,3895113,387,3.225,15611261500,30621960500,30622931600,1781307122727-0
concurrency_n20_20260613_003117_redis_feed17_rep1,redis,sb:events:n20:feed17:rep1,ced92bf1-3900-4565-bb11-5886a9deb43a,3895113,387,3.225,15611261500,30623168800,30625446300,1781307122729-0
concurrency_n20_20260613_003117_redis_feed17_rep1,redis,sb:events:n20:feed17:rep1,3743afc5-6da5-469d-8d4f-1b7132f4d1cb,3895113,387,3.225,15611261500,30625693000,30627682300,1781307122731-0
concurrency_n20_20260613_003117_redis_feed17_rep1,redis,sb:events:n20:feed17:rep1,4fe66557-f892-45fd-8e23-26e91250fe5e,3895232,387,387.0,18809386500,30628457300,30636978800,1781307122733-0
concurrency_n20_20260613_003117_redis_feed17_rep1,redis,sb:events:n20:feed17:rep1,061807d9-fbf6-4dbf-960e-aec31df7a332,3895232,387,387.0,18809386500,30637272300,30641821900,1781307122744-0
concurrency_n20_20260613_003117_redis_feed17_rep1,redis,sb:events:n20:feed17:rep1,855076b4-513b-4756-8d91-7e7fae34e22b,3895060,388,3.2333333333333334,15611330944,30642098100,30643891400,1781307122747-0
concurrency_n20_20260613_003117_redis_feed17_rep1,redis,sb:events:n20:feed17:rep1,89c63012-2c91-4efa-85c1-ad21eccdfc66,3895067,388,3.2333333333333334,15611330944,30644187000,30645191700,1781307122749-0
concurrency_n20_20260613_003117_redis_feed17_rep1,redis,sb:events:n20:feed17:rep1,576591a0-e6c0-44b4-ba76-924a1fa37440,3895067,388,3.2333333333333334,15611330944,30645428400,30646158100,1781307122750-0
concurrency_n20_20260613_003117_redis_feed17_rep1,redis,sb:events:n20:feed17:rep1,8b0f70fb-18e8-4a18-a575-608dcd3153f9,3895052,388,3.2333333333333334,15611330944,30646343200,30656851400,1781307122751-0
concurrency_n20_20260613_003117_redis_feed17_rep1,redis,sb:events:n20:feed17:rep1,1cdbf528-796c-47d9-bc87-2dc866f1541c,3895052,388,3.2333333333333334,15611330944,30657163300,30659382400,1781307122762-0
concurrency_n20_20260613_003117_redis_feed17_rep1,redis,sb:events:n20:feed17:rep1,ae9184b1-0af1-4e9a-bf4c-7b5ddbcd5041,3895086,388,3.2333333333333334,15611330944,30659783000,30661002700,1781307122765-0
concurrency_n20_20260613_003117_redis_feed17_rep1,redis,sb:events:n20:feed17:rep1,e6b67cf4-dc02-4efb-bf8c-9821f3aa96c7,3895086,388,3.2333333333333334,15611330944,30661253200,30671137000,1781307122766-0
concurrency_n20_20260613_003117_redis_feed17_rep1,redis,sb:events:n20:feed17:rep1,a5f2e6a7-5bca-4a3b-8e50-ef5cd209b1d5,3895113,388,3.2333333333333334,15611330944,30672008700,30673538500,1781307122778-0
concurrency_n20_20260613_003117_redis_feed17_rep1,redis,sb:events:n20:feed17:rep1,d8f71229-bb53-458c-8bd0-8a2a548e0a16,3895113,388,3.2333333333333334,15611330944,30673746100,30674608900,1781307122779-0
concurrency_n20_20260613_003117_redis_feed17_rep1,redis,sb:events:n20:feed17:rep1,ed46d6ad-ab02-4265-a8f1-55d8cae1b7a8,3895113,388,3.2333333333333334,15611330944,30674810800,30682192600,1781307122780-0
concurrency_n20_20260613_003117_redis_feed17_rep1,redis,sb:events:n20:feed17:rep1,29aa34c6-d899-4a5c-bf12-0ba3077d10c4,3895107,389,3.2416666666666667,15611400388,30697514400,30698996600,1781307122803-0
concurrency_n20_20260613_003117_redis_feed17_rep1,redis,sb:events:n20:feed17:rep1,1be0feb6-7510-4191-b006-3e6b704e421a,3895134,389,3.2416666666666667,15611400388,30699327300,30700701100,1781307122804-0
concurrency_n20_20260613_003117_redis_feed17_rep1,redis,sb:events:n20:feed17:rep1,5809628b-316e-401f-9cd3-c324cafcc6a0,3895134,389,3.2416666666666667,15611400388,30700904000,30708548000,1781307122806-0
concurrency_n20_20260613_003117_redis_feed17_rep1,redis,sb:events:n20:feed17:rep1,f2775365-28f1-4f87-8552-f0fceb99d718,3895134,389,3.2416666666666667,15611400388,30708866700,30710141700,1781307122814-0
concurrency_n20_20260613_003117_redis_feed17_rep1,redis,sb:events:n20:feed17:rep1,466eccdb-c941-4f75-aff1-2944b1a59e3d,3895052,389,3.2416666666666667,15611400388,30710540400,30711501600,1781307122815-0
concurrency_n20_20260613_003117_redis_feed17_rep1,redis,sb:events:n20:feed17:rep1,3fa131e1-45d8-46a9-83a5-534566af8763,3895052,389,3.2416666666666667,15611400388,30711747400,30712417600,1781307122816-0
concurrency_n20_20260613_003117_redis_feed17_rep1,redis,sb:events:n20:feed17:rep1,face3922-6f90-4a44-8993-bdc2ce7d7a0c,3895113,389,3.2416666666666667,15611400388,30712625000,30717630600,1781307122817-0
concurrency_n20_20260613_003117_redis_feed17_rep1,redis,sb:events:n20:feed17:rep1,c7a75758-4957-42c9-9cd6-910ce7952557,3895113,389,3.2416666666666667,15611400388,30718094800,30719062300,1781307122823-0
concurrency_n20_20260613_003117_redis_feed17_rep1,redis,sb:events:n20:feed17:rep1,98485b3f-72d1-4494-aded-d8c1d7b57be5,3895113,389,3.2416666666666667,15611400388,30719284600,30721296900,1781307122825-0
concurrency_n20_20260613_003117_redis_feed17_rep1,redis,sb:events:n20:feed17:rep1,a8df0d7e-5406-4f17-8070-ea921609460f,3895113,389,3.2416666666666667,15611400388,30721613900,30730217700,1781307122827-0
concurrency_n20_20260613_003117_redis_feed17_rep1,redis,sb:events:n20:feed17:rep1,ca25cfa9-39ed-419f-978e-737eb8321fba,3895060,390,3.25,15611469833,30730569800,30732014500,1781307122836-0
concurrency_n20_20260613_003117_redis_feed17_rep1,redis,sb:events:n20:feed17:rep1,5ebedaa7-4228-4dd1-bb2f-7b44914a3028,3895060,390,3.25,15611469833,30732248900,30735599800,1781307122838-0
concurrency_n20_20260613_003117_redis_feed17_rep1,redis,sb:events:n20:feed17:rep1,adc6b847-abc1-4e9e-a5a6-ad44f825f339,3895060,390,3.25,15611469833,30735837400,30742900300,1781307122842-0
concurrency_n20_20260613_003117_redis_feed17_rep1,redis,sb:events:n20:feed17:rep1,4a6a2c08-a9b8-43d7-b214-bbb473b55464,3895121,390,3.25,15611469833,30743152100,30765472000,1781307122868-0
concurrency_n20_20260613_003117_redis_feed17_rep1,redis,sb:events:n20:feed17:rep1,06dfe816-f41b-4691-85ac-5a1497f4e5d7,3895107,390,3.25,15611469833,30765721300,30768070100,1781307122871-0
concurrency_n20_20260613_003117_redis_feed17_rep1,redis,sb:events:n20:feed17:rep1,c605a570-c317-4bcd-a935-3aac355ff451,3895107,390,3.25,15611469833,30768392600,30777922200,1781307122873-0
concurrency_n20_20260613_003117_redis_feed17_rep1,redis,sb:events:n20:feed17:rep1,5a9615d0-3ce1-4bd1-a1cb-9225e36960cf,3895107,390,3.25,15611469833,30778245200,30779381200,1781307122883-0
concurrency_n20_20260613_003117_redis_feed17_rep1,redis,sb:events:n20:feed17:rep1,cd0b7eba-d989-4051-a319-8c15974e16e5,3895107,390,3.25,15611469833,30779597200,30783853700,1781307122888-0
concurrency_n20_20260613_003117_redis_feed17_rep1,redis,sb:events:n20:feed17:rep1,c2c67e7a-c0ba-487c-ad53-721769bd1366,3895107,390,3.25,15611469833,30784088800,30799191700,1781307122889-0
concurrency_n20_20260613_003117_redis_feed17_rep1,redis,sb:events:n20:feed17:rep1,0c16687b-8a31-4a7b-b921-629b596d9c0b,3895134,390,3.25,15611469833,30799809900,30801352700,1781307122905-0
concurrency_n20_20260613_003117_redis_feed17_rep1,redis,sb:events:n20:feed17:rep1,9cea225a-2bd2-4f90-a253-c82de6a2a277,3895086,390,3.25,15611469833,30801644300,30803383200,1781307122907-0
concurrency_n20_20260613_003117_redis_feed17_rep1,redis,sb:events:n20:feed17:rep1,b82f5d86-14d9-46ef-aeb5-92b81697e994,3895232,390,390.0,18834386500,30803606700,30827997400,1781307122918-0
concurrency_n20_20260613_003117_redis_feed17_rep1,redis,sb:events:n20:feed17:rep1,f22266fd-345a-4d52-8390-69c13ff3df92,3895121,391,3.2583333333333333,15611539277,30828514200,30829608200,1781307122933-0
concurrency_n20_20260613_003117_redis_feed17_rep1,redis,sb:events:n20:feed17:rep1,74af8288-7af8-4890-9b8f-7dfdadd3096b,3895121,391,3.2583333333333333,15611539277,30829826700,30833452100,1781307122936-0
concurrency_n20_20260613_003117_redis_feed17_rep1,redis,sb:events:n20:feed17:rep1,ecfb9c44-43b4-4c53-b333-77fce2c87424,3895121,391,3.2583333333333333,15611539277,30833802900,30841625300,1781307122939-0
concurrency_n20_20260613_003117_redis_feed17_rep1,redis,sb:events:n20:feed17:rep1,99b13928-880a-4f5f-91e8-55fed8c94697,3895067,391,3.2583333333333333,15611539277,30842116800,30843080900,1781307122947-0
concurrency_n20_20260613_003117_redis_feed17_rep1,redis,sb:events:n20:feed17:rep1,cf1f3507-3298-4acb-b2fc-3dd68b5aad26,3895052,391,3.2583333333333333,15611539277,30843286400,30844326600,1781307122948-0
concurrency_n20_20260613_003117_redis_feed17_rep1,redis,sb:events:n20:feed17:rep1,156dd670-c9e9-4baa-b62f-210633d22ef8,3895113,391,3.2583333333333333,15611539277,30844524100,30845804200,1781307122950-0
concurrency_n20_20260613_003117_redis_feed17_rep1,redis,sb:events:n20:feed17:rep1,04544407-6d65-426c-beda-75a2272bae05,3895113,391,3.2583333333333333,15611539277,30846000200,30851585700,1781307122952-0
concurrency_n20_20260613_003117_redis_feed17_rep1,redis,sb:events:n20:feed17:rep1,d9fc509e-700f-4c09-af03-f1aed158d37b,3895232,391,391.0,18842719833,30852000600,30854321700,1781307122957-0
concurrency_n20_20260613_003117_redis_feed17_rep1,redis,sb:events:n20:feed17:rep1,4ec814a0-cffb-4c1e-b112-00d6f83b644e,3895232,391,391.0,18842719833,30854582300,30856445400,1781307122960-0
concurrency_n20_20260613_003117_redis_feed17_rep1,redis,sb:events:n20:feed17:rep1,99802a02-f8eb-45b7-8163-542209fe37ba,3895060,392,3.2666666666666666,15611608722,30856834300,30867979000,1781307122962-0
concurrency_n20_20260613_003117_redis_feed17_rep1,redis,sb:events:n20:feed17:rep1,8f745c57-d8d5-4a9f-a886-3419c3b7ba12,3895067,392,3.2666666666666666,15611608722,30868227800,30877082200,1781307122981-0
concurrency_n20_20260613_003117_redis_feed17_rep1,redis,sb:events:n20:feed17:rep1,c785f8c2-9b40-4f83-ad99-64a28ce336a5,3895067,392,3.2666666666666666,15611608722,30877533800,30883391500,1781307122983-0
concurrency_n20_20260613_003117_redis_feed17_rep1,redis,sb:events:n20:feed17:rep1,70a044a3-43de-4a36-9cad-c6b756635e1a,3895067,392,3.2666666666666666,15611608722,30883649300,30915777000,1781307123019-0
concurrency_n20_20260613_003117_redis_feed17_rep1,redis,sb:events:n20:feed17:rep1,e57b0598-a6c7-47f9-ac4e-e877e1b5aae9,3895086,392,3.2666666666666666,15611608722,30916097500,30932222100,1781307123035-0
concurrency_n20_20260613_003117_redis_feed17_rep1,redis,sb:events:n20:feed17:rep1,81180a03-2a2d-43d1-a344-632731073498,3895113,392,3.2666666666666666,15611608722,30933519100,30945832400,1781307123049-0
concurrency_n20_20260613_003117_redis_feed17_rep1,redis,sb:events:n20:feed17:rep1,965eebf2-d755-4266-aea4-f63d4e8fb4c0,3895074,393,3.275,15611678166,30947181600,30959681300,1781307123062-0
concurrency_n20_20260613_003117_redis_feed17_rep1,redis,sb:events:n20:feed17:rep1,71771fbd-fbb7-4241-9a8f-22412a8c4f1e,3895067,393,3.275,15611678166,30960106900,30969049400,1781307123068-0
concurrency_n20_20260613_003117_redis_feed17_rep1,redis,sb:events:n20:feed17:rep1,7b38db38-233e-4b05-a520-94630ca5b7ef,3895067,393,3.275,15611678166,30974570200,30994036600,1781307123095-0
concurrency_n20_20260613_003117_redis_feed17_rep1,redis,sb:events:n20:feed17:rep1,3b25b250-2e85-47f0-8e03-1415a70d9b79,3895067,393,3.275,15611678166,30994426600,30996455300,1781307123100-0
concurrency_n20_20260613_003117_redis_feed17_rep1,redis,sb:events:n20:feed17:rep1,f16b7f89-76f5-40d3-91a0-24a1ef7fcb5f,3895067,393,3.275,15611678166,30996874200,31006450500,1781307123102-0
concurrency_n20_20260613_003117_redis_feed17_rep1,redis,sb:events:n20:feed17:rep1,ea6911ea-57bc-4377-83ee-cd2ff0785554,3895134,393,3.275,15611678166,31007310000,31008560700,1781307123112-0
concurrency_n20_20260613_003117_redis_feed17_rep1,redis,sb:events:n20:feed17:rep1,0e78543b-a433-434f-8af2-7633bb374aae,3895134,393,3.275,15611678166,31008821300,31009609300,1781307123114-0
concurrency_n20_20260613_003117_redis_feed17_rep1,redis,sb:events:n20:feed17:rep1,995d9ac5-8f9b-4cb1-8e08-a6d523581b89,3895134,393,3.275,15611678166,31009805000,31020756200,1781307123115-0
concurrency_n20_20260613_003117_redis_feed17_rep1,redis,sb:events:n20:feed17:rep1,08c3259d-c0ce-4c66-9aee-62de255259ae,3895052,393,3.275,15611678166,31021173600,31022335800,1781307123126-0
concurrency_n20_20260613_003117_redis_feed17_rep1,redis,sb:events:n20:feed17:rep1,e83fa094-3a61-44d6-91a1-934566d0a705,3895052,393,3.275,15611678166,31022586300,31023564100,1781307123127-0
concurrency_n20_20260613_003117_redis_feed17_rep1,redis,sb:events:n20:feed17:rep1,4b481aa6-01b0-43d8-b6d2-9c3747c607cc,3895086,393,3.275,15611678166,31023754000,31033289200,1781307123134-0
concurrency_n20_20260613_003117_redis_feed17_rep1,redis,sb:events:n20:feed17:rep1,af16f8d4-8c23-4448-9f47-b220ed27e58c,3895086,393,3.275,15611678166,31033545400,31043502800,1781307123139-0
concurrency_n20_20260613_003117_redis_feed17_rep1,redis,sb:events:n20:feed17:rep1,606feb67-4c77-4c55-966c-b4e03d37bf36,3895113,393,3.275,15611678166,31043812400,31045054800,1781307123149-0
concurrency_n20_20260613_003117_redis_feed17_rep1,redis,sb:events:n20:feed17:rep1,7530778b-6d23-40d8-a3d7-d8a9cb508770,3895113,393,3.275,15611678166,31045274500,31048643400,1781307123150-0
concurrency_n20_20260613_003117_redis_feed17_rep1,redis,sb:events:n20:feed17:rep1,8988d33c-96c5-4c37-b694-9f38d6adda38,3895113,393,3.275,15611678166,31048927000,31059044800,1781307123155-0
concurrency_n20_20260613_003117_redis_feed17_rep1,redis,sb:events:n20:feed17:rep1,e9846375-57d8-4ea9-a281-693bc116159b,3895232,393,393.0,18859386500,31059506100,31060840800,1781307123165-0
concurrency_n20_20260613_003117_redis_feed17_rep1,redis,sb:events:n20:feed17:rep1,d68761f4-1e0f-48d5-a221-a369e0d494e4,3895232,393,393.0,18859386500,31061361500,31062777700,1781307123166-0
concurrency_n20_20260613_003117_redis_feed17_rep1,redis,sb:events:n20:feed17:rep1,59fd0264-a24b-45f6-90be-cc8881654cd7,3895060,394,3.283333333333333,15611747611,31063036100,31065758900,1781307123168-0
concurrency_n20_20260613_003117_redis_feed17_rep1,redis,sb:events:n20:feed17:rep1,8a0e2c23-dd3d-479f-9422-93a351b99f04,3895074,394,3.283333333333333,15611747611,31066194900,31083700600,1781307123182-0
concurrency_n20_20260613_003117_redis_feed17_rep1,redis,sb:events:n20:feed17:rep1,d7dcb70e-7560-429f-9a14-0fe22b9a0177,3895074,394,3.283333333333333,15611747611,31083947500,31086340100,1781307123189-0
concurrency_n20_20260613_003117_redis_feed17_rep1,redis,sb:events:n20:feed17:rep1,9984bc9b-2636-43a5-addf-166a3119b365,3895074,394,3.283333333333333,15611747611,31086900000,31100361800,1781307123192-0
concurrency_n20_20260613_003117_redis_feed17_rep1,redis,sb:events:n20:feed17:rep1,4fb0398f-7ba0-4be8-9b71-3b477e2658eb,3895074,394,3.283333333333333,15611747611,31100837900,31114065400,1781307123217-0
concurrency_n20_20260613_003117_redis_feed17_rep1,redis,sb:events:n20:feed17:rep1,5cb2e6b1-53e9-4034-bcfb-d36b13f62b4b,3895067,394,3.283333333333333,15611747611,31114369200,31163642900,1781307123259-0
concurrency_n20_20260613_003117_redis_feed17_rep1,redis,sb:events:n20:feed17:rep1,538b3ce6-4345-4a59-bfbe-5c2a8375a917,3895067,394,3.283333333333333,15611747611,31163914500,31191083000,1781307123291-0
concurrency_n20_20260613_003117_redis_feed17_rep1,redis,sb:events:n20:feed17:rep1,a14fe2cd-eb83-46ca-970d-37eeb6ba141f,3895067,394,3.283333333333333,15611747611,31191332300,31205296700,1781307123308-0
concurrency_n20_20260613_003117_redis_feed17_rep1,redis,sb:events:n20:feed17:rep1,135cce3a-70e2-48e3-adf8-43f2c4adee78,3895134,394,3.283333333333333,15611747611,31205666300,31216222900,1781307123314-0
concurrency_n20_20260613_003117_redis_feed17_rep1,redis,sb:events:n20:feed17:rep1,f8b5d10a-0456-4332-9da3-dcbe962f74bf,3895134,394,3.283333333333333,15611747611,31216502500,31224310900,1781307123326-0
concurrency_n20_20260613_003117_redis_feed17_rep1,redis,sb:events:n20:feed17:rep1,cbd19fb2-1303-4a76-a81e-b80bf03fe011,3895086,394,3.283333333333333,15611747611,31224573300,31227078000,1781307123329-0
concurrency_n20_20260613_003117_redis_feed17_rep1,redis,sb:events:n20:feed17:rep1,f6881f8d-2c17-49b2-b0d4-33427d87ef5c,3895113,394,3.283333333333333,15611747611,31227507700,31239059000,1781307123343-0
concurrency_n20_20260613_003117_redis_feed17_rep1,redis,sb:events:n20:feed17:rep1,6cee4a6c-88fa-4349-b524-334a8368ecd5,3895113,394,3.283333333333333,15611747611,31239335700,31241990500,1781307123345-0
concurrency_n20_20260613_003117_redis_feed17_rep1,redis,sb:events:n20:feed17:rep1,c9922a2e-ff6b-4ccd-bf1b-9c31a9e84f88,3895232,394,394.0,18867719833,31242258000,31243252400,1781307123347-0
concurrency_n20_20260613_003117_redis_feed17_rep1,redis,sb:events:n20:feed17:rep1,06cfae35-2945-4b65-8af9-0a515218afc1,3895232,394,394.0,18867719833,31243497800,31251534000,1781307123348-0
concurrency_n20_20260613_003117_redis_feed17_rep1,redis,sb:events:n20:feed17:rep1,445363aa-2381-4792-9aa7-d9e95a5c27f6,3895232,394,394.0,18867719833,31255683100,31259296400,1781307123361-0
concurrency_n20_20260613_003117_redis_feed17_rep1,redis,sb:events:n20:feed17:rep1,1dd3fe13-43ab-4c39-98f1-d9403db2353e,3895074,395,3.2916666666666665,15611817055,31259589300,31266460900,1781307123367-0
concurrency_n20_20260613_003117_redis_feed17_rep1,redis,sb:events:n20:feed17:rep1,b1c14719-ff1d-4c2c-aed3-bbbf83b838f8,3895067,395,3.2916666666666665,15611817055,31277585000,31278976000,1781307123383-0
concurrency_n20_20260613_003117_redis_feed17_rep1,redis,sb:events:n20:feed17:rep1,dfcb9333-6143-4f80-ba39-621cbedb0597,3895067,395,3.2916666666666665,15611817055,31279691000,31280921700,1781307123385-0
concurrency_n20_20260613_003117_redis_feed17_rep1,redis,sb:events:n20:feed17:rep1,dc010f7d-c0d1-42ba-a88e-315dcbc075a7,3895086,395,3.2916666666666665,15611817055,31281153000,31288682400,1781307123386-0
concurrency_n20_20260613_003117_redis_feed17_rep1,redis,sb:events:n20:feed17:rep1,506e1131-733f-47e5-96a3-8ca5cc369e67,3895232,395,395.0,18876053166,31289197800,31291262200,1781307123395-0
concurrency_n20_20260613_003117_redis_feed17_rep1,redis,sb:events:n20:feed17:rep1,cbc786bf-a1aa-4dbd-9e27-97c8c8bd4c83,3895232,395,395.0,18876053166,31291627700,31296386300,1781307123398-0
concurrency_n20_20260613_003117_redis_feed17_rep1,redis,sb:events:n20:feed17:rep1,ec3f69f7-c69b-44db-b573-3cde53fbd730,3895095,396,3.3,15611886500,31296659000,31302624100,1781307123402-0
concurrency_n20_20260613_003117_redis_feed17_rep1,redis,sb:events:n20:feed17:rep1,2c6a54f1-b280-4672-9ad7-cccacf2b8bb8,3895060,396,3.3,15611886500,31302913100,31304423300,1781307123408-0
concurrency_n20_20260613_003117_redis_feed17_rep1,redis,sb:events:n20:feed17:rep1,c50d721c-be65-4eda-bc7f-067bb1947653,3895060,396,3.3,15611886500,31304696000,31305773600,1781307123410-0
concurrency_n20_20260613_003117_redis_feed17_rep1,redis,sb:events:n20:feed17:rep1,f57745b2-2c27-4f2f-8cb3-f369b5d2484f,3895052,396,3.3,15611886500,31305994700,31307170500,1781307123411-0
concurrency_n20_20260613_003117_redis_feed17_rep1,redis,sb:events:n20:feed17:rep1,2c1397d2-8aa5-40f5-98c6-e6148ccbe8aa,3895086,396,3.3,15611886500,31307570700,31308587700,1781307123412-0
concurrency_n20_20260613_003117_redis_feed17_rep1,redis,sb:events:n20:feed17:rep1,b5ace099-c920-4ae8-944a-7f6b88515489,3895086,396,3.3,15611886500,31308943400,31314037400,1781307123416-0
concurrency_n20_20260613_003117_redis_feed17_rep1,redis,sb:events:n20:feed17:rep1,8be1f93d-cca7-4c97-8299-972dfe8ea383,3895086,396,3.3,15611886500,31314338900,31319406000,1781307123419-0
concurrency_n20_20260613_003117_redis_feed17_rep1,redis,sb:events:n20:feed17:rep1,0ee60138-b4a1-4c81-8673-5f829c14e56c,3895086,396,3.3,15611886500,31319905200,31324660200,1781307123427-0
concurrency_n20_20260613_003117_redis_feed17_rep1,redis,sb:events:n20:feed17:rep1,343d7db0-931b-4748-851f-27006a202cbb,3895113,396,3.3,15611886500,31324896600,31326379300,1781307123430-0
concurrency_n20_20260613_003117_redis_feed17_rep1,redis,sb:events:n20:feed17:rep1,515cfb63-2081-491b-a7c3-7dcd73641d39,3895113,396,3.3,15611886500,31326679300,31330837100,1781307123432-0
concurrency_n20_20260613_003117_redis_feed17_rep1,redis,sb:events:n20:feed17:rep1,119ca6ba-49bc-4d4f-a57c-7497f0f8b54b,3895113,396,3.3,15611886500,31331115000,31333166900,1781307123436-0
concurrency_n20_20260613_003117_redis_feed17_rep1,redis,sb:events:n20:feed17:rep1,5b807ae4-cbfd-4a8d-bc93-136b3155dbc2,3895232,396,396.0,18884386500,31333650800,31351207500,1781307123452-0
concurrency_n20_20260613_003117_redis_feed17_rep1,redis,sb:events:n20:feed17:rep1,f4c96189-c3e2-4491-9e97-bb2016985024,3895052,397,3.308333333333333,15611955944,31351455700,31358777800,1781307123458-0
concurrency_n20_20260613_003117_redis_feed17_rep1,redis,sb:events:n20:feed17:rep1,32d9fc40-b95c-4d4a-9574-8340ff444e67,3895052,397,3.308333333333333,15611955944,31359113900,31360098900,1781307123464-0
concurrency_n20_20260613_003117_redis_feed17_rep1,redis,sb:events:n20:feed17:rep1,20a73b74-427d-481b-a977-93197096c055,3895086,397,3.308333333333333,15611955944,31360359600,31361391300,1781307123465-0
concurrency_n20_20260613_003117_redis_feed17_rep1,redis,sb:events:n20:feed17:rep1,abfa9add-3515-4c1f-b8e2-cfd721c11038,3895086,397,3.308333333333333,15611955944,31361632600,31369674100,1781307123467-0
concurrency_n20_20260613_003117_redis_feed17_rep1,redis,sb:events:n20:feed17:rep1,ddf54fc4-f7d9-4b4a-a86f-7383cd65ba86,3895113,397,3.308333333333333,15611955944,31370052800,31371027900,1781307123475-0
concurrency_n20_20260613_003117_redis_feed17_rep1,redis,sb:events:n20:feed17:rep1,a45c6940-ed44-4fc7-bea4-333ba0bbc624,3895232,397,397.0,18892719833,31371239000,31372213900,1781307123476-0
concurrency_n20_20260613_003117_redis_feed17_rep1,redis,sb:events:n20:feed17:rep1,58661338-3552-4b4f-92be-8d6a81a29722,3895232,397,397.0,18892719833,31372408500,31381070800,1781307123477-0
concurrency_n20_20260613_003117_redis_feed17_rep1,redis,sb:events:n20:feed17:rep1,948b1c2e-4813-475c-98ca-bf65b0cfba10,3895095,398,3.316666666666667,15612025388,31381521900,31382796900,1781307123487-0
concurrency_n20_20260613_003117_redis_feed17_rep1,redis,sb:events:n20:feed17:rep1,df8c1d00-5a23-43ea-8c97-c2d64c2bb5dd,3895095,398,3.316666666666667,15612025388,31383059000,31384392700,1781307123488-0
concurrency_n20_20260613_003117_redis_feed17_rep1,redis,sb:events:n20:feed17:rep1,9281c676-2991-4438-a848-0ccfd62c9713,3895095,398,3.316666666666667,15612025388,31384665100,31395570500,1781307123490-0
concurrency_n20_20260613_003117_redis_feed17_rep1,redis,sb:events:n20:feed17:rep1,7f860392-a215-442d-a67e-4d294f09a4e2,3895060,398,3.316666666666667,15612025388,31396148200,31397034100,1781307123501-0
concurrency_n20_20260613_003117_redis_feed17_rep1,redis,sb:events:n20:feed17:rep1,9ced370b-38a8-4454-a1c2-6311bfe928f1,3895060,398,3.316666666666667,15612025388,31397305800,31405108200,1781307123506-0
concurrency_n20_20260613_003117_redis_feed17_rep1,redis,sb:events:n20:feed17:rep1,f1c25842-30f0-4443-99d9-b8a529e0aacb,3895134,398,3.316666666666667,15612025388,31405372800,31414586900,1781307123510-0
concurrency_n20_20260613_003117_redis_feed17_rep1,redis,sb:events:n20:feed17:rep1,f2b67d17-7a41-4ad5-a4e8-4a273d22ae16,3895052,398,3.316666666666667,15612025388,31415193100,31417044900,1781307123520-0
concurrency_n20_20260613_003117_redis_feed17_rep1,redis,sb:events:n20:feed17:rep1,abdf9f97-cb84-4f39-8a1f-ddf7d8ee4284,3895086,398,3.316666666666667,15612025388,31417279100,31418020300,1781307123522-0
concurrency_n20_20260613_003117_redis_feed17_rep1,redis,sb:events:n20:feed17:rep1,1283c691-c5df-4c07-8d13-7504482421f5,3895086,398,3.316666666666667,15612025388,31418341700,31419515900,1781307123524-0
concurrency_n20_20260613_003117_redis_feed17_rep1,redis,sb:events:n20:feed17:rep1,bbb3c276-5665-44e2-b52f-e71aefcf8e3a,3895113,398,3.316666666666667,15612025388,31419730600,31420914400,1781307123525-0
concurrency_n20_20260613_003117_redis_feed17_rep1,redis,sb:events:n20:feed17:rep1,93a04759-8e10-4a79-98df-d2fef09c6629,3895113,398,3.316666666666667,15612025388,31421106600,31428098600,1781307123532-0
concurrency_n20_20260613_003117_redis_feed17_rep1,redis,sb:events:n20:feed17:rep1,3f2f9851-45a7-4ebe-ad2a-78269daa75df,3895113,398,3.316666666666667,15612025388,31428354400,31433183100,1781307123536-0
concurrency_n20_20260613_003117_redis_feed17_rep1,redis,sb:events:n20:feed17:rep1,501f6ca5-6a86-4ce4-9cfc-f6e0187c9d55,3895113,398,3.316666666666667,15612025388,31433509800,31445184000,1781307123545-0
concurrency_n20_20260613_003117_redis_feed17_rep1,redis,sb:events:n20:feed17:rep1,36dcdf59-3f76-43e0-87ab-a17a173aca2c,3895232,398,398.0,18901053166,31445469500,31457769800,1781307123561-0
concurrency_n20_20260613_003117_redis_feed17_rep1,redis,sb:events:n20:feed17:rep1,07053e4c-e128-4431-96aa-0681e7f1d3c2,3895095,399,3.325,15612094833,31458187300,31461827500,1781307123564-0
concurrency_n20_20260613_003117_redis_feed17_rep1,redis,sb:events:n20:feed17:rep1,3c5d079f-7af2-4cb8-9202-a047b2ba45e1,3895095,399,3.325,15612094833,31462194000,31469266400,1781307123567-0
concurrency_n20_20260613_003117_redis_feed17_rep1,redis,sb:events:n20:feed17:rep1,e4ddc354-2d7a-45f1-8e30-f2030a95a5d4,3895095,399,3.325,15612094833,31469671000,31470491300,1781307123575-0
concurrency_n20_20260613_003117_redis_feed17_rep1,redis,sb:events:n20:feed17:rep1,ab3be832-0318-4cac-90ba-84998d6bae03,3895060,399,3.325,15612094833,31470825800,31472305500,1781307123576-0
concurrency_n20_20260613_003117_redis_feed17_rep1,redis,sb:events:n20:feed17:rep1,39796723-ae18-471d-82e7-83152b15fe67,3895134,399,3.325,15612094833,31472530600,31481320000,1781307123577-0
concurrency_n20_20260613_003117_redis_feed17_rep1,redis,sb:events:n20:feed17:rep1,69524811-4918-4785-923d-78184f785804,3895052,399,3.325,15612094833,31481568300,31482634400,1781307123587-0
concurrency_n20_20260613_003117_redis_feed17_rep1,redis,sb:events:n20:feed17:rep1,083f6173-25b6-441c-8b33-3415bb3fbd58,3895052,399,3.325,15612094833,31483577900,31485495800,1781307123589-0
concurrency_n20_20260613_003117_redis_feed17_rep1,redis,sb:events:n20:feed17:rep1,3b938f84-998e-4a6d-b5d2-be210f99c5bd,3895086,399,3.325,15612094833,31485767300,31487227700,1781307123591-0
concurrency_n20_20260613_003117_redis_feed17_rep1,redis,sb:events:n20:feed17:rep1,6f7be7ee-0d66-4d3e-bca1-fc751e66a6b9,3895086,399,3.325,15612094833,31487606100,31488556000,1781307123592-0
concurrency_n20_20260613_003117_redis_feed17_rep1,redis,sb:events:n20:feed17:rep1,5380a23f-506b-4881-85f6-72a110685a23,3895113,399,3.325,15612094833,31488817700,31489886600,1781307123594-0
concurrency_n20_20260613_003117_redis_feed17_rep1,redis,sb:events:n20:feed17:rep1,0c6aae5f-d6e7-4e3f-958d-ff741ef7213f,3895113,399,3.325,15612094833,31490095300,31490911900,1781307123595-0
concurrency_n20_20260613_003117_redis_feed17_rep1,redis,sb:events:n20:feed17:rep1,7982b5d9-4599-4b38-9351-c02f47d75634,3895113,399,3.325,15612094833,31491099000,31492011200,1781307123596-0
concurrency_n20_20260613_003117_redis_feed17_rep1,redis,sb:events:n20:feed17:rep1,88112df4-66e0-4a8a-8d7b-ea5419b04530,3895113,399,3.325,15612094833,31492168900,31493580900,1781307123597-0
concurrency_n20_20260613_003117_redis_feed17_rep1,redis,sb:events:n20:feed17:rep1,e182ad3e-5a33-4704-b958-75a7bac9b3a1,3895060,400,3.333333333333333,15612164277,31493983000,31495042400,1781307123599-0
concurrency_n20_20260613_003117_redis_feed17_rep1,redis,sb:events:n20:feed17:rep1,ef3078a5-3393-48b0-8afb-796cff80c5a0,3895060,400,3.333333333333333,15612164277,31495416900,31502051200,1781307123600-0
concurrency_n20_20260613_003117_redis_feed17_rep1,redis,sb:events:n20:feed17:rep1,474ab2df-3a03-4e71-b8ec-bbdf568286d7,3895060,400,3.333333333333333,15612164277,31502346900,31503520800,1781307123607-0
concurrency_n20_20260613_003117_redis_feed17_rep1,redis,sb:events:n20:feed17:rep1,eba2e6e8-636d-45f0-a8ce-0f0bd1d57411,3895052,400,3.333333333333333,15612164277,31503976800,31505416200,1781307123609-0
concurrency_n20_20260613_003117_redis_feed17_rep1,redis,sb:events:n20:feed17:rep1,41f9512b-ca4f-49d7-8b8d-4a8999004a4d,3895052,400,3.333333333333333,15612164277,31505795300,31514341300,1781307123611-0
concurrency_n20_20260613_003117_redis_feed17_rep1,redis,sb:events:n20:feed17:rep1,9eb51b15-3167-43e5-90ca-ca7b9be4372a,3895052,400,3.333333333333333,15612164277,31514875400,31537407600,1781307123640-0
concurrency_n20_20260613_003117_redis_feed17_rep1,redis,sb:events:n20:feed17:rep1,f044af23-bafc-40e0-a29a-ccb8a12270a2,3895113,400,3.333333333333333,15612164277,31537837700,31539496900,1781307123643-0
concurrency_n20_20260613_003117_redis_feed17_rep1,redis,sb:events:n20:feed17:rep1,52f12bc7-1f6f-4e45-bafd-d9a5aac3c720,3895113,400,3.333333333333333,15612164277,31540166800,31541454700,1781307123645-0
concurrency_n20_20260613_003117_redis_feed17_rep1,redis,sb:events:n20:feed17:rep1,2687b66f-9cee-4ec4-9576-3ff4bdcceb52,3895086,401,3.341666666666667,15612233722,31555966800,31558957700,1781307123662-0
concurrency_n20_20260613_003117_redis_feed17_rep1,redis,sb:events:n20:feed17:rep1,a6d2519e-69c1-4091-a8a2-1aa8fa8c9a27,3895232,401,401.0,18926053166,31559184800,31561699200,1781307123665-0
concurrency_n20_20260613_003117_redis_feed17_rep1,redis,sb:events:n20:feed17:rep1,87edefa5-c5cb-4fbe-84ba-db96539b00f5,3895232,401,401.0,18926053166,31561987100,31563233400,1781307123667-0
concurrency_n20_20260613_003117_redis_feed17_rep1,redis,sb:events:n20:feed17:rep1,11f7ce84-24b4-475a-b143-83db518ce7d3,3895095,402,3.35,15612303166,31563458300,31582933700,1781307123685-0
concurrency_n20_20260613_003117_redis_feed17_rep1,redis,sb:events:n20:feed17:rep1,6997db3a-ca3c-43da-bca2-16b9a922f6d8,3895095,402,3.35,15612303166,31583200100,31598698000,1781307123702-0
concurrency_n20_20260613_003117_redis_feed17_rep1,redis,sb:events:n20:feed17:rep1,d2cfd8cf-c66c-4e29-9c67-b49258151b2a,3895095,402,3.35,15612303166,31598939800,31602307900,1781307123706-0
concurrency_n20_20260613_003117_redis_feed17_rep1,redis,sb:events:n20:feed17:rep1,059fd091-ff2b-4556-a70b-0e68acc6b0cf,3895052,402,3.35,15612303166,31602558400,31604155400,1781307123707-0
concurrency_n20_20260613_003117_redis_feed17_rep1,redis,sb:events:n20:feed17:rep1,22881a06-05be-4bf0-8518-2681eb9797a3,3895052,402,3.35,15612303166,31604448400,31612017800,1781307123709-0
concurrency_n20_20260613_003117_redis_feed17_rep1,redis,sb:events:n20:feed17:rep1,e421b9fa-21a8-4e23-b8b1-6fba3a15a334,3895232,402,402.0,18934386500,31612323500,31628966000,1781307123729-0
concurrency_n20_20260613_003117_redis_feed17_rep1,redis,sb:events:n20:feed17:rep1,ce8d9be1-4a72-4769-bbe6-c2751558578a,3895232,402,402.0,18934386500,31629530200,31634056700,1781307123735-0
concurrency_n20_20260613_003117_redis_feed17_rep1,redis,sb:events:n20:feed17:rep1,6088b9ad-bddd-45ba-8d07-3e78feb5654a,3895052,403,3.3583333333333334,15612372611,31634363500,31643536400,1781307123740-0
concurrency_n20_20260613_003117_redis_feed17_rep1,redis,sb:events:n20:feed17:rep1,ec99ce1c-a4c8-4148-aa55-3bfe856b5836,3895086,403,3.3583333333333334,15612372611,31645112900,31667141800,1781307123768-0
concurrency_n20_20260613_003117_redis_feed17_rep1,redis,sb:events:n20:feed17:rep1,fdf94033-542d-4292-95c2-cb787c750b62,3895086,403,3.3583333333333334,15612372611,31667627400,31669213200,1781307123773-0
concurrency_n20_20260613_003117_redis_feed17_rep1,redis,sb:events:n20:feed17:rep1,4a816579-df56-4ce5-b878-8d40f203cb52,3895113,403,3.3583333333333334,15612372611,31669476300,31670388400,1781307123774-0
concurrency_n20_20260613_003117_redis_feed17_rep1,redis,sb:events:n20:feed17:rep1,192e9df3-dac7-415f-8997-939d4d5b0f65,3895052,404,3.3666666666666667,15612442055,31670574000,31673264300,1781307123777-0
concurrency_n20_20260613_003117_redis_feed17_rep1,redis,sb:events:n20:feed17:rep1,1bc603e2-bad1-46d7-8749-cc2556e31806,3895052,404,3.3666666666666667,15612442055,31673818700,31675448900,1781307123779-0
concurrency_n20_20260613_003117_redis_feed17_rep1,redis,sb:events:n20:feed17:rep1,923738ee-fc49-4531-abda-89a58219a128,3895086,404,3.3666666666666667,15612442055,31682740000,31683622100,1781307123788-0
concurrency_n20_20260613_003117_redis_feed17_rep1,redis,sb:events:n20:feed17:rep1,2ecae5af-88bb-4062-af1e-2d24dc92d5f0,3895052,405,3.375,15612511500,31683837300,31685077900,1781307123789-0
concurrency_n20_20260613_003117_redis_feed17_rep1,redis,sb:events:n20:feed17:rep1,1df1b344-254f-4242-bbff-259be52f2f9f,3895052,405,3.375,15612511500,31685353000,31686516200,1781307123790-0
concurrency_n20_20260613_003117_redis_feed17_rep1,redis,sb:events:n20:feed17:rep1,1402a0f6-df9a-4a15-a85b-50a0ee7f1aa1,3895086,405,3.375,15612511500,31686720100,31698927800,1781307123792-0
concurrency_n20_20260613_003117_redis_feed17_rep1,redis,sb:events:n20:feed17:rep1,f7cfe3a3-fa88-45b1-9e4a-ad8c92ba7d88,3895086,405,3.375,15612511500,31699898900,31701353700,1781307123805-0
concurrency_n20_20260613_003117_redis_feed17_rep1,redis,sb:events:n20:feed17:rep1,34634858-227c-475b-b5c0-af15cc75c55a,3895113,405,3.375,15612511500,31701688300,31702747600,1781307123807-0
concurrency_n20_20260613_003117_redis_feed17_rep1,redis,sb:events:n20:feed17:rep1,3b2bd1ac-8290-44b8-b954-ec2bab80ca29,3895113,405,3.375,15612511500,31703158200,31721923600,1781307123823-0
concurrency_n20_20260613_003117_redis_feed17_rep1,redis,sb:events:n20:feed17:rep1,a1245fe7-2758-4759-a381-8753c64dca9d,3895232,405,405.0,18959386500,31722180400,31724805400,1781307123829-0
concurrency_n20_20260613_003117_redis_feed17_rep1,redis,sb:events:n20:feed17:rep1,da545246-60fd-4a0d-9d5d-5d3ca007b671,3895052,406,3.3833333333333333,15612580944,31725150700,31728141400,1781307123830-0
concurrency_n20_20260613_003117_redis_feed17_rep1,redis,sb:events:n20:feed17:rep1,5ad79794-5352-47c6-ada3-96c1ef072a85,3895052,406,3.3833333333333333,15612580944,31728443500,31733407200,1781307123834-0
concurrency_n20_20260613_003117_redis_feed17_rep1,redis,sb:events:n20:feed17:rep1,ea396394-e219-4728-a86d-bb5b1ee852d5,3895052,406,3.3833333333333333,15612580944,31733765700,31737339500,1781307123839-0
concurrency_n20_20260613_003117_redis_feed17_rep1,redis,sb:events:n20:feed17:rep1,be47d88f-1996-48a0-8925-9f8edaa3ca68,3895086,406,3.3833333333333333,15612580944,31744182500,31751836400,1781307123852-0
concurrency_n20_20260613_003117_redis_feed17_rep1,redis,sb:events:n20:feed17:rep1,9466e7b4-8e45-4458-a5de-965a57e52aa8,3895113,406,3.3833333333333333,15612580944,31752143400,31754092600,1781307123857-0
concurrency_n20_20260613_003117_redis_feed17_rep1,redis,sb:events:n20:feed17:rep1,277885fb-01ce-483f-8d09-45be01ab9779,3895052,407,3.3916666666666666,15612650388,31754314900,31764432200,1781307123859-0
concurrency_n20_20260613_003117_redis_feed17_rep1,redis,sb:events:n20:feed17:rep1,def9f373-446b-4c52-93fe-6dfd8eb38e67,3895052,407,3.3916666666666666,15612650388,31764977700,31771067900,1781307123873-0
concurrency_n20_20260613_003117_redis_feed17_rep1,redis,sb:events:n20:feed17:rep1,8caecad9-5b7d-4c78-8088-c858e00b900d,3895052,407,3.3916666666666666,15612650388,31771557000,31775575900,1781307123877-0
concurrency_n20_20260613_003117_redis_feed17_rep1,redis,sb:events:n20:feed17:rep1,937de409-0477-4d40-8549-5681da2d0fd4,3895086,407,3.3916666666666666,15612650388,31775887800,31778578100,1781307123881-0
concurrency_n20_20260613_003117_redis_feed17_rep1,redis,sb:events:n20:feed17:rep1,0629b250-600d-423c-858d-2830bccad9ff,3895052,407,3.3916666666666666,15612650388,31778937400,31803328700,1781307123899-0
concurrency_n20_20260613_003117_redis_feed17_rep1,redis,sb:events:n20:feed17:rep1,fe6a69dc-8631-4c8a-8b09-61f474215e37,3895086,407,3.3916666666666666,15612650388,31803919500,31808127800,1781307123911-0
concurrency_n20_20260613_003117_redis_feed17_rep1,redis,sb:events:n20:feed17:rep1,32919933-6bb8-4faa-b18e-ad93184393bf,3895060,408,3.4,15612719833,31808378700,31810628300,1781307123913-0
concurrency_n20_20260613_003117_redis_feed17_rep1,redis,sb:events:n20:feed17:rep1,507db774-d073-4767-ab0a-dbac0356c04c,3895086,408,3.4,15612719833,31810995700,31819625300,1781307123923-0
concurrency_n20_20260613_003117_redis_feed17_rep1,redis,sb:events:n20:feed17:rep1,4d8f7de9-ba91-4892-a377-88cebd92d43b,3895086,408,3.4,15612719833,31819878100,31821603000,1781307123925-0
concurrency_n20_20260613_003117_redis_feed17_rep1,redis,sb:events:n20:feed17:rep1,45d54390-55ed-4ec7-9ed0-3ef10a22a272,3895086,408,3.4,15612719833,31821851700,31823884300,1781307123927-0
concurrency_n20_20260613_003117_redis_feed17_rep1,redis,sb:events:n20:feed17:rep1,c4dc179a-2949-41ca-8758-676ccc586d70,3895113,408,3.4,15612719833,31836329300,31838415800,1781307123942-0
concurrency_n20_20260613_003117_redis_feed17_rep1,redis,sb:events:n20:feed17:rep1,0dc483af-2a22-4957-bcfa-4206c244b3db,3895113,408,3.4,15612719833,31838822600,31839670600,1781307123944-0
concurrency_n20_20260613_003117_redis_feed17_rep1,redis,sb:events:n20:feed17:rep1,7a1cae44-d611-4898-8e6a-0e6ab7ad3571,3895052,409,3.408333333333333,15612789277,31840057700,31848095200,1781307123945-0
concurrency_n20_20260613_003117_redis_feed17_rep1,redis,sb:events:n20:feed17:rep1,91059f5d-e167-45b7-a8ea-df5f6428998b,3895086,409,3.408333333333333,15612789277,31848399200,31850169900,1781307123954-0
concurrency_n20_20260613_003117_redis_feed17_rep1,redis,sb:events:n20:feed17:rep1,2577a998-31d8-46a6-b78f-0bb1f75e62a6,3895086,409,3.408333333333333,15612789277,31850467000,31852461300,1781307123956-0
concurrency_n20_20260613_003117_redis_feed17_rep1,redis,sb:events:n20:feed17:rep1,296aac38-e333-4822-a17e-1cf241ca8a48,3895086,409,3.408333333333333,15612789277,31852823900,31861579000,1781307123958-0
concurrency_n20_20260613_003117_redis_feed17_rep1,redis,sb:events:n20:feed17:rep1,f80cc3e5-f190-499e-a88d-4db8d2eeb8b8,3895113,409,3.408333333333333,15612789277,31862359400,31865016000,1781307123968-0
concurrency_n20_20260613_003117_redis_feed17_rep1,redis,sb:events:n20:feed17:rep1,9e692d8d-e162-4e14-bd3b-822eb58cf8d7,3895060,410,3.4166666666666665,15612858722,31865259700,31871532400,1781307123975-0
concurrency_n20_20260613_003117_redis_feed17_rep1,redis,sb:events:n20:feed17:rep1,f85e321f-816d-4b6c-8b0a-c051a766519e,3895060,410,3.4166666666666665,15612858722,31871893800,31877977600,1781307123977-0
concurrency_n20_20260613_003117_redis_feed17_rep1,redis,sb:events:n20:feed17:rep1,35af85ca-d396-423b-a75f-c7315989a22d,3895052,410,3.4166666666666665,15612858722,31878192800,31891006700,1781307123992-0
concurrency_n20_20260613_003117_redis_feed17_rep1,redis,sb:events:n20:feed17:rep1,32302554-dcc1-4615-b9b5-4186c5c1b65a,3895052,410,3.4166666666666665,15612858722,31891265700,31893275500,1781307123997-0
concurrency_n20_20260613_003117_redis_feed17_rep1,redis,sb:events:n20:feed17:rep1,86a2b8f2-6c9e-46e1-9a0b-cd9c358f43c9,3895052,410,3.4166666666666665,15612858722,31893990300,31907399000,1781307124001-0
concurrency_n20_20260613_003117_redis_feed17_rep1,redis,sb:events:n20:feed17:rep1,d8557160-f77d-4a4f-8d2a-dba2bae4f47b,3895086,410,3.4166666666666665,15612858722,31907885900,31911175000,1781307124015-0
concurrency_n20_20260613_003117_redis_feed17_rep1,redis,sb:events:n20:feed17:rep1,f63cf3f3-4dcb-4f72-9c59-848dcb4c981a,3895060,411,3.425,15612928166,31911472200,31913118300,1781307124017-0
concurrency_n20_20260613_003117_redis_feed17_rep1,redis,sb:events:n20:feed17:rep1,b2b16ddc-9dbc-492c-9700-8dd09543424d,3895134,411,3.425,15612928166,31913367700,31921105200,1781307124018-0
concurrency_n20_20260613_003117_redis_feed17_rep1,redis,sb:events:n20:feed17:rep1,d808606f-b088-4c1c-be2c-97e3e1c127d4,3895113,411,3.425,15612928166,31921380900,31935777700,1781307124033-0
concurrency_n20_20260613_003117_redis_feed17_rep1,redis,sb:events:n20:feed17:rep1,5570ecf6-6ef2-4490-a64e-a26ae4565a05,3895113,411,3.425,15612928166,31936139700,31941618700,1781307124045-0
concurrency_n20_20260613_003117_redis_feed17_rep1,redis,sb:events:n20:feed17:rep1,cbfece8b-528d-48bb-a985-fd5e64780757,3895060,412,3.433333333333333,15612997611,31941860400,31952601200,1781307124057-0
concurrency_n20_20260613_003117_redis_feed17_rep1,redis,sb:events:n20:feed17:rep1,b0ca91fc-29bf-4b75-ab11-9b00df600132,3895107,412,3.433333333333333,15612997611,31952922100,31954047500,1781307124058-0
concurrency_n20_20260613_003117_redis_feed17_rep1,redis,sb:events:n20:feed17:rep1,f0fe5375-7028-4044-af07-74a9d95bc1e7,3895134,412,3.433333333333333,15612997611,31954353400,31955139900,1781307124059-0
concurrency_n20_20260613_003117_redis_feed17_rep1,redis,sb:events:n20:feed17:rep1,f1137b6b-87e8-4a2e-89f9-13eb6ec76570,3895134,412,3.433333333333333,15612997611,31966950100,31967856900,1781307124072-0
concurrency_n20_20260613_003117_redis_feed17_rep1,redis,sb:events:n20:feed17:rep1,049eb390-d5d2-43ac-babd-9bc5b3977429,3895134,412,3.433333333333333,15612997611,31968087300,31968874900,1781307124073-0
concurrency_n20_20260613_003117_redis_feed17_rep1,redis,sb:events:n20:feed17:rep1,9d177173-1ff5-49c7-85c1-9005c1cb85aa,3895052,412,3.433333333333333,15612997611,31969176000,31969979700,1781307124074-0
concurrency_n20_20260613_003117_redis_feed17_rep1,redis,sb:events:n20:feed17:rep1,536d3016-2a58-45a2-abe7-7510d2fe82c6,3895052,412,3.433333333333333,15612997611,31970179100,31991940800,1781307124075-0
concurrency_n20_20260613_003117_redis_feed17_rep1,redis,sb:events:n20:feed17:rep1,61eb9978-041a-4c5d-b84a-e83858aba17a,3895086,412,3.433333333333333,15612997611,31992211700,31993755200,1781307124097-0
concurrency_n20_20260613_003117_redis_feed17_rep1,redis,sb:events:n20:feed17:rep1,9c2bfa0e-c0d4-4914-8233-9b3fc007a35f,3895086,412,3.433333333333333,15612997611,31994070500,31995446600,1781307124099-0
concurrency_n20_20260613_003117_redis_feed17_rep1,redis,sb:events:n20:feed17:rep1,623277a1-75db-403a-92c9-c0afe097a0f3,3895060,413,3.441666666666667,15613067055,31995695600,31996635500,1781307124101-0
concurrency_n20_20260613_003117_redis_feed17_rep1,redis,sb:events:n20:feed17:rep1,3a8dfce1-23cb-4ebc-9475-506109bebf1c,3895060,413,3.441666666666667,15613067055,31996900400,31998123700,1781307124102-0
concurrency_n20_20260613_003117_redis_feed17_rep1,redis,sb:events:n20:feed17:rep1,e7efbe5c-3cff-4ea4-8ced-a3f2c2aa0ba3,3895060,413,3.441666666666667,15613067055,31998357500,32000707800,1781307124104-0
concurrency_n20_20260613_003117_redis_feed17_rep1,redis,sb:events:n20:feed17:rep1,c1326634-36dc-4bb6-9ed6-814ed105a095,3895134,413,3.441666666666667,15613067055,32001256000,32020681900,1781307124122-0
concurrency_n20_20260613_003117_redis_feed17_rep1,redis,sb:events:n20:feed17:rep1,bd65f10d-e0f0-4aa8-b643-123d11239e92,3895134,413,3.441666666666667,15613067055,32021231100,32023990900,1781307124126-0
concurrency_n20_20260613_003117_redis_feed17_rep1,redis,sb:events:n20:feed17:rep1,2e924e2e-9f8a-4c8b-8a00-68c186e8eaa9,3895134,413,3.441666666666667,15613067055,32024904700,32026913200,1781307124130-0
concurrency_n20_20260613_003117_redis_feed17_rep1,redis,sb:events:n20:feed17:rep1,44290f3c-3ec2-4fa9-b500-4e7a5186c44e,3895113,413,3.441666666666667,15613067055,32027178800,32028839600,1781307124132-0
concurrency_n20_20260613_003117_redis_feed17_rep1,redis,sb:events:n20:feed17:rep1,68e72920-b8ea-4477-80de-6b48608ab973,3895113,413,3.441666666666667,15613067055,32029584100,32030804300,1781307124135-0
concurrency_n20_20260613_003117_redis_feed17_rep1,redis,sb:events:n20:feed17:rep1,ff3547ec-2170-4976-8933-a4cb58199080,3895095,414,3.45,15613136500,32031056500,32032027600,1781307124136-0
concurrency_n20_20260613_003117_redis_feed17_rep1,redis,sb:events:n20:feed17:rep1,47e31b83-14fc-4b14-b1fe-b65017d691b0,3895060,414,3.45,15613136500,32032376600,32033718900,1781307124137-0
concurrency_n20_20260613_003117_redis_feed17_rep1,redis,sb:events:n20:feed17:rep1,949a886f-d69a-4509-9346-4e83b5bd4fcf,3895052,414,3.45,15613136500,32034421700,32035853900,1781307124140-0
concurrency_n20_20260613_003117_redis_feed17_rep1,redis,sb:events:n20:feed17:rep1,c736668c-4114-4f71-8581-04840b78fdfc,3895052,414,3.45,15613136500,32036107300,32037260600,1781307124141-0
concurrency_n20_20260613_003117_redis_feed17_rep1,redis,sb:events:n20:feed17:rep1,870f203a-1731-4591-8a35-35776163afba,3895052,414,3.45,15613136500,32037825800,32050922500,1781307124155-0
concurrency_n20_20260613_003117_redis_feed17_rep1,redis,sb:events:n20:feed17:rep1,d463709b-a7e4-4719-8e7c-f345637a5086,3895086,414,3.45,15613136500,32051163900,32052164200,1781307124156-0
concurrency_n20_20260613_003117_redis_feed17_rep1,redis,sb:events:n20:feed17:rep1,25532f19-4415-4291-b9b3-a4e73494a1f8,3895086,414,3.45,15613136500,32052457200,32053536400,1781307124157-0
concurrency_n20_20260613_003117_redis_feed17_rep1,redis,sb:events:n20:feed17:rep1,2f085a92-1363-4974-966b-dc892d14e8be,3895086,414,3.45,15613136500,32054104400,32062336200,1781307124167-0
concurrency_n20_20260613_003117_redis_feed17_rep1,redis,sb:events:n20:feed17:rep1,d8a02821-cb11-450b-9e91-1109a9f8f97a,3895086,414,3.45,15613136500,32062796500,32063754100,1781307124168-0
concurrency_n20_20260613_003117_redis_feed17_rep1,redis,sb:events:n20:feed17:rep1,8e99eef9-a763-462c-9e35-b3b54c78ba71,3895086,414,3.45,15613136500,32064014600,32064993000,1781307124169-0
concurrency_n20_20260613_003117_redis_feed17_rep1,redis,sb:events:n20:feed17:rep1,6812f850-269c-4d05-8b62-b71b943c402f,3895107,415,3.458333333333333,15613205944,32065194300,32084852600,1781307124186-0
concurrency_n20_20260613_003117_redis_feed17_rep1,redis,sb:events:n20:feed17:rep1,99ca80d7-67b1-4dd3-9ef6-984960943ae8,3895107,415,3.458333333333333,15613205944,32085177300,32089696700,1781307124193-0
concurrency_n20_20260613_003117_redis_feed17_rep1,redis,sb:events:n20:feed17:rep1,b75d8a21-2eb8-4647-a613-33815d403e6a,3895134,415,3.458333333333333,15613205944,32090019900,32099224700,1781307124203-0
concurrency_n20_20260613_003117_redis_feed17_rep1,redis,sb:events:n20:feed17:rep1,253dcb35-7257-46a0-a08b-249d8b51fbd9,3895134,415,3.458333333333333,15613205944,32099448000,32102145200,1781307124205-0
concurrency_n20_20260613_003117_redis_feed17_rep1,redis,sb:events:n20:feed17:rep1,379d9ace-6e36-4c40-817b-a6f32834f83e,3895052,415,3.458333333333333,15613205944,32102481800,32105469100,1781307124208-0
concurrency_n20_20260613_003117_redis_feed17_rep1,redis,sb:events:n20:feed17:rep1,6147588e-d8a3-4a36-ad8b-e69fcd874daa,3895052,415,3.458333333333333,15613205944,32105725400,32110081100,1781307124213-0
concurrency_n20_20260613_003117_redis_feed17_rep1,redis,sb:events:n20:feed17:rep1,beabc681-2cf8-475a-bb3c-00b7f3b7c2ae,3895052,415,3.458333333333333,15613205944,32110390700,32120168400,1781307124217-0
concurrency_n20_20260613_003117_redis_feed17_rep1,redis,sb:events:n20:feed17:rep1,0b4043ea-bec1-4b19-b6ab-d972a45b8598,3895086,415,3.458333333333333,15613205944,32120933200,32139562900,1781307124244-0
concurrency_n20_20260613_003117_redis_feed17_rep1,redis,sb:events:n20:feed17:rep1,21d2c8a0-b595-4272-9dfc-75e88c9941e1,3895086,415,3.458333333333333,15613205944,32139883800,32143360100,1781307124247-0
concurrency_n20_20260613_003117_redis_feed17_rep1,redis,sb:events:n20:feed17:rep1,0692e024-b42d-4dcf-bfc6-20a8aa424b12,3895113,415,3.458333333333333,15613205944,32143950600,32148012200,1781307124251-0
concurrency_n20_20260613_003117_redis_feed17_rep1,redis,sb:events:n20:feed17:rep1,b630e6ee-951f-40bf-91b7-f4e0be85557b,3895095,416,3.466666666666667,15613275388,32148434300,32159156000,1781307124262-0
concurrency_n20_20260613_003117_redis_feed17_rep1,redis,sb:events:n20:feed17:rep1,acbad204-8bb9-4133-bd15-3ca49cf3d0ff,3895095,416,3.466666666666667,15613275388,32159421300,32169570200,1781307124271-0
concurrency_n20_20260613_003117_redis_feed17_rep1,redis,sb:events:n20:feed17:rep1,77733bfd-5fe1-4fc9-9c9f-9196f8190a56,3895121,416,3.466666666666667,15613275388,32169840600,32172809100,1781307124276-0
concurrency_n20_20260613_003117_redis_feed17_rep1,redis,sb:events:n20:feed17:rep1,9bd4cae3-7820-4dd3-9240-d120514b0bc7,3895060,416,3.466666666666667,15613275388,32173046800,32174476700,1781307124278-0
concurrency_n20_20260613_003117_redis_feed17_rep1,redis,sb:events:n20:feed17:rep1,f8ca4154-43b3-48ed-b553-1cf184ec1038,3895060,416,3.466666666666667,15613275388,32174841100,32183533600,1781307124280-0
concurrency_n20_20260613_003117_redis_feed17_rep1,redis,sb:events:n20:feed17:rep1,b34b9ac5-3ae8-40ba-9a82-3869f19685e6,3895060,416,3.466666666666667,15613275388,32184055400,32185158500,1781307124289-0
concurrency_n20_20260613_003117_redis_feed17_rep1,redis,sb:events:n20:feed17:rep1,feec5db4-0f06-4355-8a54-70eb4f6b6dc3,3895060,416,3.466666666666667,15613275388,32185360500,32187120700,1781307124290-0
concurrency_n20_20260613_003117_redis_feed17_rep1,redis,sb:events:n20:feed17:rep1,65e1d14d-aa22-4c4c-b1ce-1537efd7439d,3895060,416,3.466666666666667,15613275388,32187965200,32195952100,1781307124293-0
concurrency_n20_20260613_003117_redis_feed17_rep1,redis,sb:events:n20:feed17:rep1,908f957e-04f1-48fb-8e99-287395ea1faa,3895052,416,3.466666666666667,15613275388,32197411300,32199422800,1781307124303-0
concurrency_n20_20260613_003117_redis_feed17_rep1,redis,sb:events:n20:feed17:rep1,a55fbea5-23f7-4ebe-b0a3-0317649ece33,3895052,416,3.466666666666667,15613275388,32199757900,32201660000,1781307124305-0
concurrency_n20_20260613_003117_redis_feed17_rep1,redis,sb:events:n20:feed17:rep1,fbe5b36f-ffec-4d50-a29c-b27c8ca90566,3895113,416,3.466666666666667,15613275388,32202018400,32206483100,1781307124307-0
concurrency_n20_20260613_003117_redis_feed17_rep1,redis,sb:events:n20:feed17:rep1,77203fc8-8554-443f-ad87-073950296d0f,3895113,416,3.466666666666667,15613275388,32208747600,32211373300,1781307124314-0
concurrency_n20_20260613_003117_redis_feed17_rep1,redis,sb:events:n20:feed17:rep1,bbda0fd5-ae9d-49a1-8b96-adbc5fb7e2de,3895113,416,3.466666666666667,15613275388,32211624800,32232272000,1781307124318-0
concurrency_n20_20260613_003117_redis_feed17_rep1,redis,sb:events:n20:feed17:rep1,f602af13-6e83-4f6c-9be4-43b87393fb88,3895095,417,3.475,15613344833,32233861600,32244139800,1781307124345-0
concurrency_n20_20260613_003117_redis_feed17_rep1,redis,sb:events:n20:feed17:rep1,c8a4f65e-de16-4a55-8fea-5000bb592df9,3895095,417,3.475,15613344833,32244463100,32247240300,1781307124349-0
concurrency_n20_20260613_003117_redis_feed17_rep1,redis,sb:events:n20:feed17:rep1,7c182b15-333f-4814-a1c6-d792e20b8ccc,3895121,417,3.475,15613344833,32247726200,32250355300,1781307124354-0
concurrency_n20_20260613_003117_redis_feed17_rep1,redis,sb:events:n20:feed17:rep1,5138cd1b-110a-4921-b1a7-c909e6d0595d,3895121,417,3.475,15613344833,32250900100,32253495800,1781307124357-0
concurrency_n20_20260613_003117_redis_feed17_rep1,redis,sb:events:n20:feed17:rep1,06b004be-3024-46a5-b7d6-bfde9decffc6,3895121,417,3.475,15613344833,32253900600,32269839800,1781307124360-0
concurrency_n20_20260613_003117_redis_feed17_rep1,redis,sb:events:n20:feed17:rep1,475f9dcb-bb4b-40c5-a86a-34371bdd6335,3895067,417,3.475,15613344833,32270242300,32277752100,1781307124379-0
concurrency_n20_20260613_003117_redis_feed17_rep1,redis,sb:events:n20:feed17:rep1,79751425-951b-446f-b337-7b354c42acaf,3895107,417,3.475,15613344833,32277991800,32281288100,1781307124384-0
concurrency_n20_20260613_003117_redis_feed17_rep1,redis,sb:events:n20:feed17:rep1,bee45a1b-7555-4637-bb99-33137194ec5a,3895107,417,3.475,15613344833,32281621300,32292504800,1781307124392-0
concurrency_n20_20260613_003117_redis_feed17_rep1,redis,sb:events:n20:feed17:rep1,257932ed-8347-4039-8c47-79fce70b8520,3895113,417,3.475,15613344833,32292889400,32309177000,1781307124411-0
concurrency_n20_20260613_003117_redis_feed17_rep1,redis,sb:events:n20:feed17:rep1,358ad0b5-866d-4ca3-a08d-9d5ff6090d45,3895113,417,3.475,15613344833,32309493200,32311005100,1781307124415-0
concurrency_n20_20260613_003117_redis_feed17_rep1,redis,sb:events:n20:feed17:rep1,47de5d62-d762-4704-9e04-0d1a9266c1d8,3895095,418,3.4833333333333334,15613414277,32311301400,32316131500,1781307124416-0
concurrency_n20_20260613_003117_redis_feed17_rep1,redis,sb:events:n20:feed17:rep1,8f596fd2-0f57-4e26-a29e-c10996f42f74,3895067,418,3.4833333333333334,15613414277,32316809900,32319168600,1781307124423-0
concurrency_n20_20260613_003117_redis_feed17_rep1,redis,sb:events:n20:feed17:rep1,55b6a5e4-4628-4e20-907f-615515236ec7,3895107,418,3.4833333333333334,15613414277,32319464500,32328767400,1781307124432-0
concurrency_n20_20260613_003117_redis_feed17_rep1,redis,sb:events:n20:feed17:rep1,506ab386-496b-4e13-b497-02c06a45148a,3895107,418,3.4833333333333334,15613414277,32329003500,32335034000,1781307124435-0
concurrency_n20_20260613_003117_redis_feed17_rep1,redis,sb:events:n20:feed17:rep1,7e115206-e835-4e32-8de9-0edc67fe7bf7,3895052,418,3.4833333333333334,15613414277,32335349300,32341556100,1781307124443-0
concurrency_n20_20260613_003117_redis_feed17_rep1,redis,sb:events:n20:feed17:rep1,19832783-f5f6-41ce-ba88-d0b2b263d71f,3895113,418,3.4833333333333334,15613414277,32342069300,32344621900,1781307124448-0
concurrency_n20_20260613_003117_redis_feed17_rep1,redis,sb:events:n20:feed17:rep1,77982580-78a9-484f-a647-0224cba818e8,3895095,419,3.4916666666666667,15613483722,32344863700,32353863400,1781307124450-0
concurrency_n20_20260613_003117_redis_feed17_rep1,redis,sb:events:n20:feed17:rep1,b9184c86-7d6a-44d1-b147-574784daa4f5,3895095,419,3.4916666666666667,15613483722,32354112800,32356890700,1781307124459-0
concurrency_n20_20260613_003117_redis_feed17_rep1,redis,sb:events:n20:feed17:rep1,efbc0cd9-0b72-41cc-a5ec-f62779fd6aca,3895052,419,3.4916666666666667,15613483722,32357134300,32362027800,1781307124464-0
concurrency_n20_20260613_003117_redis_feed17_rep1,redis,sb:events:n20:feed17:rep1,3338f79f-b203-4dc7-83e2-98c37ca8e12f,3895052,419,3.4916666666666667,15613483722,32362446000,32368186800,1781307124468-0
concurrency_n20_20260613_003117_redis_feed17_rep1,redis,sb:events:n20:feed17:rep1,b727a896-9cdc-4334-ab9b-9237d0b76848,3895067,420,3.5,15613553166,32368915500,32370650000,1781307124474-0
concurrency_n20_20260613_003117_redis_feed17_rep1,redis,sb:events:n20:feed17:rep1,d7db4f40-1535-4d73-a2f3-a27c78963c8b,3895113,420,3.5,15613553166,32370884600,32372293400,1781307124476-0
concurrency_n20_20260613_003117_redis_feed17_rep1,redis,sb:events:n20:feed17:rep1,015aa0ed-4f76-44fb-9aa5-208f77af020b,3895113,420,3.5,15613553166,32372527200,32376790300,1781307124478-0
concurrency_n20_20260613_003117_redis_feed17_rep1,redis,sb:events:n20:feed17:rep1,40cf82a5-f894-407d-927a-6998d56f06da,3895095,421,3.5083333333333333,15613622611,32377288900,32378913300,1781307124483-0
concurrency_n20_20260613_003117_redis_feed17_rep1,redis,sb:events:n20:feed17:rep1,10b10ad8-6ae8-4988-83e9-bec12af31813,3895107,421,3.5083333333333333,15613622611,32379215500,32380536300,1781307124484-0
concurrency_n20_20260613_003117_redis_feed17_rep1,redis,sb:events:n20:feed17:rep1,9877fe33-ba1b-4830-81d9-b393db345d2c,3895107,421,3.5083333333333333,15613622611,32380744600,32384830600,1781307124486-0
concurrency_n20_20260613_003117_redis_feed17_rep1,redis,sb:events:n20:feed17:rep1,e6867187-7dcc-4683-b53d-39f1dbde94fa,3895107,421,3.5083333333333333,15613622611,32385252300,32388187000,1781307124491-0
concurrency_n20_20260613_003117_redis_feed17_rep1,redis,sb:events:n20:feed17:rep1,f68b6b3e-82e4-4c96-a859-9bd2f822111b,3895113,421,3.5083333333333333,15613622611,32388477200,32390047000,1781307124494-0
concurrency_n20_20260613_003117_redis_feed17_rep1,redis,sb:events:n20:feed17:rep1,ed40601f-a3a5-4d32-a87b-ff24e0302022,3895113,421,3.5083333333333333,15613622611,32390318800,32394171900,1781307124495-0
concurrency_n20_20260613_003117_redis_feed17_rep1,redis,sb:events:n20:feed17:rep1,d4556014-5256-4e1e-9a08-39c118c98ca6,3895113,421,3.5083333333333333,15613622611,32394505400,32403115300,1781307124502-0
concurrency_n20_20260613_003117_redis_feed17_rep1,redis,sb:events:n20:feed17:rep1,8529bde3-983c-4025-8ba6-848af3117801,3895095,422,3.5166666666666666,15613692055,32403624600,32405475300,1781307124509-0
concurrency_n20_20260613_003117_redis_feed17_rep1,redis,sb:events:n20:feed17:rep1,5adeab2c-b652-4898-972d-0086e866cc09,3895095,422,3.5166666666666666,15613692055,32405948500,32418473200,1781307124522-0
concurrency_n20_20260613_003117_redis_feed17_rep1,redis,sb:events:n20:feed17:rep1,87e4711a-1ca3-4370-8bb9-3a00caab8c51,3895067,422,3.5166666666666666,15613692055,32418815800,32419976000,1781307124524-0
concurrency_n20_20260613_003117_redis_feed17_rep1,redis,sb:events:n20:feed17:rep1,b26a8a32-8c02-4a46-b785-68a3b34e4e67,3895067,422,3.5166666666666666,15613692055,32420313300,32421308900,1781307124525-0
concurrency_n20_20260613_003117_redis_feed17_rep1,redis,sb:events:n20:feed17:rep1,e09f814d-e43c-42ee-882c-6d000acf6c73,3895067,422,3.5166666666666666,15613692055,32421670700,32422692700,1781307124527-0
concurrency_n20_20260613_003117_redis_feed17_rep1,redis,sb:events:n20:feed17:rep1,c6a68a89-8e28-4787-8071-ee2238f7ec12,3895052,422,3.5166666666666666,15613692055,32423146500,32424731800,1781307124528-0
concurrency_n20_20260613_003117_redis_feed17_rep1,redis,sb:events:n20:feed17:rep1,5d544481-3697-4ed7-a614-f9fb9c1edfb8,3895113,422,3.5166666666666666,15613692055,32424968900,32425954100,1781307124530-0
concurrency_n20_20260613_003117_redis_feed17_rep1,redis,sb:events:n20:feed17:rep1,bca77d47-f9f8-4766-a34a-08c172eda3d0,3895095,423,3.525,15613761500,32426177000,32436413100,1781307124531-0
concurrency_n20_20260613_003117_redis_feed17_rep1,redis,sb:events:n20:feed17:rep1,0d86708d-ee33-483d-b0cb-eebb47b5f9b8,3895232,423,423.0,19109386500,32436795300,32437774700,1781307124542-0
concurrency_n20_20260613_003117_redis_feed17_rep1,redis,sb:events:n20:feed17:rep1,7fc08a97-ce61-4425-a1eb-646252e6271c,3895052,423,3.525,15613761500,32438059700,32438825000,1781307124543-0
concurrency_n20_20260613_003117_redis_feed17_rep1,redis,sb:events:n20:feed17:rep1,84383b5d-c08c-4020-9b5e-aa636c93380a,3895052,423,3.525,15613761500,32439322200,32444782000,1781307124544-0
concurrency_n20_20260613_003117_redis_feed17_rep1,redis,sb:events:n20:feed17:rep1,f25310be-8808-45cf-857a-24465bb05552,3895095,424,3.533333333333333,15613830944,32445106900,32463710400,1781307124566-0
concurrency_n20_20260613_003117_redis_feed17_rep1,redis,sb:events:n20:feed17:rep1,fbb22634-7438-4151-b9b1-0b834c52ed57,3895095,424,3.533333333333333,15613830944,32464143900,32466489200,1781307124569-0
concurrency_n20_20260613_003117_redis_feed17_rep1,redis,sb:events:n20:feed17:rep1,c5a7dbce-13fb-43cc-9479-381d93382113,3895121,424,3.533333333333333,15613830944,32466866000,32476589500,1781307124572-0
concurrency_n20_20260613_003117_redis_feed17_rep1,redis,sb:events:n20:feed17:rep1,e002fe65-6625-4378-b5fd-1f8f4795d3ea,3895060,424,3.533333333333333,15613830944,32476961600,32478144200,1781307124582-0
concurrency_n20_20260613_003117_redis_feed17_rep1,redis,sb:events:n20:feed17:rep1,84c3bc58-acea-4433-a077-bb93b993e54b,3895067,424,3.533333333333333,15613830944,32478487300,32479825900,1781307124584-0
concurrency_n20_20260613_003117_redis_feed17_rep1,redis,sb:events:n20:feed17:rep1,1bf883fe-4aac-4e50-8ad4-b5911f1b9233,3895067,424,3.533333333333333,15613830944,32480375100,32481151100,1781307124585-0
concurrency_n20_20260613_003117_redis_feed17_rep1,redis,sb:events:n20:feed17:rep1,9285db92-2f24-4ad4-8435-b60db43df8ee,3895067,424,3.533333333333333,15613830944,32481674000,32499804000,1781307124602-0
concurrency_n20_20260613_003117_redis_feed17_rep1,redis,sb:events:n20:feed17:rep1,b12df8ae-5e7d-43a2-b8fc-04658119dd5f,3895107,424,3.533333333333333,15613830944,32500361100,32504695900,1781307124606-0
concurrency_n20_20260613_003117_redis_feed17_rep1,redis,sb:events:n20:feed17:rep1,6d8088a4-2f31-4bbd-a6f1-865d876a4f1b,3895107,424,3.533333333333333,15613830944,32505127200,32523081000,1781307124612-0
concurrency_n20_20260613_003117_redis_feed17_rep1,redis,sb:events:n20:feed17:rep1,d299e205-97cd-4590-9c23-47d02df83ecd,3895232,424,424.0,19117719833,32524291700,32525688900,1781307124630-0
concurrency_n20_20260613_003117_redis_feed17_rep1,redis,sb:events:n20:feed17:rep1,8d1523c9-931a-47cf-98d5-3ea9f938dbc8,3895232,424,424.0,19117719833,32525925800,32526771200,1781307124631-0
concurrency_n20_20260613_003117_redis_feed17_rep1,redis,sb:events:n20:feed17:rep1,e03b541a-0128-4a89-a779-ec9e04af45f2,3895095,425,3.5416666666666665,15613900388,32526973600,32527917300,1781307124632-0
concurrency_n20_20260613_003117_redis_feed17_rep1,redis,sb:events:n20:feed17:rep1,d406f4e2-df35-4eab-9aaa-ccb6a52802ae,3895095,425,3.5416666666666665,15613900388,32528139500,32542883300,1781307124641-0
concurrency_n20_20260613_003117_redis_feed17_rep1,redis,sb:events:n20:feed17:rep1,38bd0c04-893f-4c29-9619-699c2924da1c,3895060,425,3.5416666666666665,15613900388,32543169800,32546661200,1781307124650-0
concurrency_n20_20260613_003117_redis_feed17_rep1,redis,sb:events:n20:feed17:rep1,fd39eb14-b6ea-432b-a902-c9553ce0bc59,3895067,425,3.5416666666666665,15613900388,32547347700,32548545400,1781307124652-0
concurrency_n20_20260613_003117_redis_feed17_rep1,redis,sb:events:n20:feed17:rep1,57f01443-fba4-49b5-b44a-65824bf6fa3f,3895067,425,3.5416666666666665,15613900388,32548767700,32555619900,1781307124657-0
concurrency_n20_20260613_003117_redis_feed17_rep1,redis,sb:events:n20:feed17:rep1,25ac9efa-bea6-4e47-a7ee-3aaa504adbdf,3895232,425,425.0,19126053166,32555869500,32568126300,1781307124670-0
concurrency_n20_20260613_003117_redis_feed17_rep1,redis,sb:events:n20:feed17:rep1,45e701be-e227-45fb-b099-b50b01715efa,3895113,425,3.5416666666666665,15613900388,32568421000,32570900700,1781307124673-0
concurrency_n20_20260613_003117_redis_feed17_rep1,redis,sb:events:n20:feed17:rep1,ce661350-9ba1-4054-9861-89dbd8320148,3895095,426,3.55,15613969833,32571135700,32580143300,1781307124676-0
concurrency_n20_20260613_003117_redis_feed17_rep1,redis,sb:events:n20:feed17:rep1,177113c4-7f09-49b2-8275-501bbab8296b,3895121,426,3.55,15613969833,32580890500,32581975000,1781307124686-0
concurrency_n20_20260613_003117_redis_feed17_rep1,redis,sb:events:n20:feed17:rep1,8c0a0745-671c-4ff3-94a5-67e1588a7133,3895121,426,3.55,15613969833,32582208000,32583242300,1781307124687-0
concurrency_n20_20260613_003117_redis_feed17_rep1,redis,sb:events:n20:feed17:rep1,637250a5-80b7-442b-96f3-e6dd79f6435b,3895107,426,3.55,15613969833,32583540600,32584415400,1781307124688-0
concurrency_n20_20260613_003117_redis_feed17_rep1,redis,sb:events:n20:feed17:rep1,dd28b9b3-01c4-4d13-a89a-9d4dfa958bf0,3895107,426,3.55,15613969833,32584604200,32585415400,1781307124690-0
concurrency_n20_20260613_003117_redis_feed17_rep1,redis,sb:events:n20:feed17:rep1,3deee1c7-7081-4932-afe5-029c6365c89e,3895052,426,3.55,15613969833,32585856700,32587714000,1781307124691-0
concurrency_n20_20260613_003117_redis_feed17_rep1,redis,sb:events:n20:feed17:rep1,4c659973-a589-42bd-a4f7-1d996cad53d9,3895232,426,426.0,19134386500,32588042400,32589378600,1781307124693-0
concurrency_n20_20260613_003117_redis_feed17_rep1,redis,sb:events:n20:feed17:rep1,188931f4-6860-4953-94b5-0dd666644528,3895232,426,426.0,19134386500,32595040800,32600343700,1781307124702-0
concurrency_n20_20260613_003117_redis_feed17_rep1,redis,sb:events:n20:feed17:rep1,8ae6bdb2-c24b-4ed0-983c-e939993c6742,3895113,426,3.55,15613969833,32600644900,32602511300,1781307124706-0
concurrency_n20_20260613_003117_redis_feed17_rep1,redis,sb:events:n20:feed17:rep1,c92066a9-da65-499a-bd0a-e88faacd1e16,3895113,426,3.55,15613969833,32602798300,32609465600,1781307124708-0
concurrency_n20_20260613_003117_redis_feed17_rep1,redis,sb:events:n20:feed17:rep1,6edc63ff-2dda-4fc8-ba14-ae9912b3209e,3895113,426,3.55,15613969833,32609709900,32611220000,1781307124715-0
concurrency_n20_20260613_003117_redis_feed17_rep1,redis,sb:events:n20:feed17:rep1,db9d84fd-432f-4f42-b473-d4b609bf7918,3895095,427,3.558333333333333,15614039277,32611636100,32612793300,1781307124717-0
concurrency_n20_20260613_003117_redis_feed17_rep1,redis,sb:events:n20:feed17:rep1,fb60ad6e-542e-4749-a9be-645d710a0c12,3895095,427,3.558333333333333,15614039277,32612998400,32614259300,1781307124718-0
concurrency_n20_20260613_003117_redis_feed17_rep1,redis,sb:events:n20:feed17:rep1,48b2c580-fcfb-42ea-b767-e9832aa833dd,3895107,427,3.558333333333333,15614039277,32614500700,32624232700,1781307124725-0
concurrency_n20_20260613_003117_redis_feed17_rep1,redis,sb:events:n20:feed17:rep1,0a603bab-8f62-4b61-a69e-89540ece0633,3895052,427,3.558333333333333,15614039277,32624529900,32626866900,1781307124730-0
concurrency_n20_20260613_003117_redis_feed17_rep1,redis,sb:events:n20:feed17:rep1,2fa6a61d-2459-4a0f-b59f-4886fe4f5ea0,3895052,427,3.558333333333333,15614039277,32627122500,32643830500,1781307124739-0
concurrency_n20_20260613_003117_redis_feed17_rep1,redis,sb:events:n20:feed17:rep1,3de75ba3-5851-4c74-b4bd-8a4be8ee9940,3895232,427,427.0,19142719833,32644108500,32653750500,1781307124751-0
concurrency_n20_20260613_003117_redis_feed17_rep1,redis,sb:events:n20:feed17:rep1,ea0c80fe-688f-4973-ace6-d2ce2684a1d8,3895095,428,3.566666666666667,15614108722,32654211200,32661723900,1781307124762-0
concurrency_n20_20260613_003117_redis_feed17_rep1,redis,sb:events:n20:feed17:rep1,4bb72644-890a-40bb-bcba-ce5cd5eed663,3895095,428,3.566666666666667,15614108722,32662057600,32663763100,1781307124767-0
concurrency_n20_20260613_003117_redis_feed17_rep1,redis,sb:events:n20:feed17:rep1,def67e64-947f-422a-853c-70648bdf0bfc,3895113,428,3.566666666666667,15614108722,32663990300,32668574100,1781307124769-0
concurrency_n20_20260613_003117_redis_feed17_rep1,redis,sb:events:n20:feed17:rep1,11f4dd85-d69a-4211-b9be-7e11aa409a6d,3895113,428,3.566666666666667,15614108722,32668950400,32671340800,1781307124775-0
concurrency_n20_20260613_003117_redis_feed17_rep1,redis,sb:events:n20:feed17:rep1,b66a86fd-1b53-4985-b277-9512f9a82a1d,3895095,429,3.575,15614178166,32671601500,32680369500,1781307124782-0
concurrency_n20_20260613_003117_redis_feed17_rep1,redis,sb:events:n20:feed17:rep1,e3332417-1d5d-4f0b-860a-8177361a7898,3895095,429,3.575,15614178166,32680933600,32687623600,1781307124792-0
concurrency_n20_20260613_003117_redis_feed17_rep1,redis,sb:events:n20:feed17:rep1,fdad131f-38c4-4a0d-ac58-0a8bfc15a8ef,3895121,429,3.575,15614178166,32687963200,32688777400,1781307124793-0
concurrency_n20_20260613_003117_redis_feed17_rep1,redis,sb:events:n20:feed17:rep1,8db5b84a-4efe-4569-99d8-5fdbe4823787,3895067,429,3.575,15614178166,32689006000,32696329000,1781307124794-0
concurrency_n20_20260613_003117_redis_feed17_rep1,redis,sb:events:n20:feed17:rep1,034a278a-8f57-4670-8cf0-1b6dabc19014,3895107,429,3.575,15614178166,32696784600,32704587900,1781307124806-0
concurrency_n20_20260613_003117_redis_feed17_rep1,redis,sb:events:n20:feed17:rep1,dfd27999-52a4-42b8-a6e5-424cb70e1484,3895107,429,3.575,15614178166,32704858700,32724500300,1781307124815-0
concurrency_n20_20260613_003117_redis_feed17_rep1,redis,sb:events:n20:feed17:rep1,f1f57e0b-21cc-4551-939a-0afa650a38f9,3895232,429,429.0,19159386500,32724732400,32725750500,1781307124830-0
concurrency_n20_20260613_003117_redis_feed17_rep1,redis,sb:events:n20:feed17:rep1,f96ae738-f917-46ca-9d54-9b60a348efb3,3895113,429,3.575,15614178166,32725917800,32727156200,1781307124831-0
concurrency_n20_20260613_003117_redis_feed17_rep1,redis,sb:events:n20:feed17:rep1,ce31adac-f711-4460-a18e-e56195878998,3895113,429,3.575,15614178166,32727328800,32728678800,1781307124833-0
concurrency_n20_20260613_003117_redis_feed17_rep1,redis,sb:events:n20:feed17:rep1,055732f8-40e1-47fb-a7ee-fd5a32d596d8,3895095,430,3.583333333333333,15614247611,32729165700,32734722600,1781307124834-0
concurrency_n20_20260613_003117_redis_feed17_rep1,redis,sb:events:n20:feed17:rep1,262e08cf-dc35-4ef4-a9a2-6cc6df40b750,3895060,430,3.583333333333333,15614247611,32734995400,32739903700,1781307124843-0
concurrency_n20_20260613_003117_redis_feed17_rep1,redis,sb:events:n20:feed17:rep1,c19ac7f5-1244-40b2-a581-211b2f547dfb,3895067,430,3.583333333333333,15614247611,32740282800,32743222800,1781307124845-0
concurrency_n20_20260613_003117_redis_feed17_rep1,redis,sb:events:n20:feed17:rep1,9db4ba45-346b-4c43-ac9b-5404abb4bad5,3895067,430,3.583333333333333,15614247611,32743643500,32745113100,1781307124849-0
concurrency_n20_20260613_003117_redis_feed17_rep1,redis,sb:events:n20:feed17:rep1,144bfef4-ffc4-4f45-9ae2-1b0a02eb9661,3895107,430,3.583333333333333,15614247611,32745470200,32746308500,1781307124850-0
concurrency_n20_20260613_003117_redis_feed17_rep1,redis,sb:events:n20:feed17:rep1,ea8b5eba-3119-4a49-882e-f32069fc9e79,3895232,430,430.0,19167719833,32746561300,32753414000,1781307124856-0
concurrency_n20_20260613_003117_redis_feed17_rep1,redis,sb:events:n20:feed17:rep1,5d67d7bf-2db1-4185-92fd-9167b23b4cd5,3895232,430,430.0,19167719833,32753652000,32758372700,1781307124859-0
concurrency_n20_20260613_003117_redis_feed17_rep1,redis,sb:events:n20:feed17:rep1,1d710c2e-cbc2-432b-9bf8-43caf966b015,3895113,430,3.583333333333333,15614247611,32758669300,32779472100,1781307124883-0
concurrency_n20_20260613_003117_redis_feed17_rep1,redis,sb:events:n20:feed17:rep1,4a6581a9-0412-4587-8dc0-4ffe46c29171,3895095,431,3.591666666666667,15614317055,32779791100,32798394400,1781307124900-0
concurrency_n20_20260613_003117_redis_feed17_rep1,redis,sb:events:n20:feed17:rep1,32187eb7-eedb-4e12-a898-a7d56d3b68a6,3895095,431,3.591666666666667,15614317055,32798784300,32814269600,1781307124904-0
concurrency_n20_20260613_003117_redis_feed17_rep1,redis,sb:events:n20:feed17:rep1,6f6abba1-714f-4452-95ed-dd6cc46b399b,3895121,431,3.591666666666667,15614317055,32814548700,32827696100,1781307124928-0
concurrency_n20_20260613_003117_redis_feed17_rep1,redis,sb:events:n20:feed17:rep1,bb21425a-e4f4-4be2-8056-cf17dd2b881e,3895121,431,3.591666666666667,15614317055,32828109900,32830224400,1781307124933-0
concurrency_n20_20260613_003117_redis_feed17_rep1,redis,sb:events:n20:feed17:rep1,ac1f6adf-b947-4def-8356-a26808cfdd55,3895060,431,3.591666666666667,15614317055,32830679200,32832257600,1781307124936-0
concurrency_n20_20260613_003117_redis_feed17_rep1,redis,sb:events:n20:feed17:rep1,9354de97-1691-4640-b8dc-a3a4aac7f3f2,3895060,431,3.591666666666667,15614317055,32832484000,32834539000,1781307124938-0
concurrency_n20_20260613_003117_redis_feed17_rep1,redis,sb:events:n20:feed17:rep1,e3014085-76db-4cd3-996c-114a6765ff2b,3895060,431,3.591666666666667,15614317055,32834920600,32836497300,1781307124940-0
concurrency_n20_20260613_003117_redis_feed17_rep1,redis,sb:events:n20:feed17:rep1,e3632c7d-6f54-4e9e-9d94-3e205aa61725,3895060,431,3.591666666666667,15614317055,32836718100,32846871800,1781307124942-0
concurrency_n20_20260613_003117_redis_feed17_rep1,redis,sb:events:n20:feed17:rep1,54cc941c-73bd-49d2-96ac-b1524e6e9c73,3895067,431,3.591666666666667,15614317055,32849071900,32850376600,1781307124954-0
concurrency_n20_20260613_003117_redis_feed17_rep1,redis,sb:events:n20:feed17:rep1,4479164d-0996-42af-9f05-6b6463406836,3895107,431,3.591666666666667,15614317055,32850628600,32852928100,1781307124956-0
concurrency_n20_20260613_003117_redis_feed17_rep1,redis,sb:events:n20:feed17:rep1,e8d5b618-cd87-489d-ba58-f5bc4dc905f4,3895107,431,3.591666666666667,15614317055,32853185500,32854603100,1781307124958-0
concurrency_n20_20260613_003117_redis_feed17_rep1,redis,sb:events:n20:feed17:rep1,8676e2f7-a190-45a5-811d-d2ec168d652b,3895107,431,3.591666666666667,15614317055,32855109500,32856601200,1781307124960-0
concurrency_n20_20260613_003117_redis_feed17_rep1,redis,sb:events:n20:feed17:rep1,f2705ddd-761e-4696-add2-9450c946b2d2,3895107,431,3.591666666666667,15614317055,32856932400,32857842000,1781307124962-0
concurrency_n20_20260613_003117_redis_feed17_rep1,redis,sb:events:n20:feed17:rep1,8fa44da0-9f33-4997-a61a-cd790ade4ac0,3895107,431,3.591666666666667,15614317055,32858072400,32863341600,1781307124963-0
concurrency_n20_20260613_003117_redis_feed17_rep1,redis,sb:events:n20:feed17:rep1,03c6618a-6a86-4797-bb75-72c721c3ecbc,3895232,431,431.0,19176053166,32863619900,32871428900,1781307124973-0
concurrency_n20_20260613_003117_redis_feed17_rep1,redis,sb:events:n20:feed17:rep1,78ad9965-6637-43ab-8886-8ef6ddfb92c8,3895232,431,431.0,19176053166,32871764100,32873512500,1781307124977-0
concurrency_n20_20260613_003117_redis_feed17_rep1,redis,sb:events:n20:feed17:rep1,5ac3b939-8489-44ae-8196-d90c071a4e2b,3895113,431,3.591666666666667,15614317055,32880106200,32881984800,1781307124985-0
concurrency_n20_20260613_003117_redis_feed17_rep1,redis,sb:events:n20:feed17:rep1,b3e61b06-ad2b-4430-b01f-2bae1332dc42,3895113,431,3.591666666666667,15614317055,32882362700,32883392700,1781307124988-0
concurrency_n20_20260613_003117_redis_feed17_rep1,redis,sb:events:n20:feed17:rep1,96005594-9251-40b6-8a5a-9336a35101e4,3895113,431,3.591666666666667,15614317055,32883892000,32890434500,1781307124989-0
concurrency_n20_20260613_003117_redis_feed17_rep1,redis,sb:events:n20:feed17:rep1,88d4aea8-b87a-4fd2-b153-f3537ba33b68,3895095,432,3.6,15614386500,32891017200,32897950700,1781307125001-0
concurrency_n20_20260613_003117_redis_feed17_rep1,redis,sb:events:n20:feed17:rep1,c1fa473a-9e1c-4633-a285-8c1741fb4574,3895095,432,3.6,15614386500,32898296800,32900794100,1781307125003-0
concurrency_n20_20260613_003117_redis_feed17_rep1,redis,sb:events:n20:feed17:rep1,9bbddf36-ac73-4aa3-a031-94e75138231f,3895095,432,3.6,15614386500,32901182600,32902793800,1781307125007-0
concurrency_n20_20260613_003117_redis_feed17_rep1,redis,sb:events:n20:feed17:rep1,c7dde75e-004e-46b4-a795-8a30d801b6bb,3895060,432,3.6,15614386500,32903037100,32904401800,1781307125008-0
concurrency_n20_20260613_003117_redis_feed17_rep1,redis,sb:events:n20:feed17:rep1,df18bfeb-46df-479c-a423-b135de585619,3895060,432,3.6,15614386500,32904604500,32905835400,1781307125010-0
concurrency_n20_20260613_003117_redis_feed17_rep1,redis,sb:events:n20:feed17:rep1,129db130-d09b-4e91-a358-7ac06bac952e,3895067,432,3.6,15614386500,32906036600,32914473900,1781307125011-0
concurrency_n20_20260613_003117_redis_feed17_rep1,redis,sb:events:n20:feed17:rep1,48add514-4b91-4a5b-94f3-9870629eb0aa,3895113,432,3.6,15614386500,32915652400,32917622100,1781307125021-0
concurrency_n20_20260613_003117_redis_feed17_rep1,redis,sb:events:n20:feed17:rep1,493545a5-6aa4-4023-9420-46007b1a3ce8,3895095,433,3.608333333333333,15614455944,32917853400,32925692800,1781307125023-0
concurrency_n20_20260613_003117_redis_feed17_rep1,redis,sb:events:n20:feed17:rep1,b1ab7cf7-adff-4370-914b-ba4be232fd2e,3895095,433,3.608333333333333,15614455944,32926038500,32934788800,1781307125033-0
concurrency_n20_20260613_003117_redis_feed17_rep1,redis,sb:events:n20:feed17:rep1,b49dcd3c-6f29-40c3-87a1-111f4b10edcc,3895067,433,3.608333333333333,15614455944,32935502500,32936477300,1781307125041-0
concurrency_n20_20260613_003117_redis_feed17_rep1,redis,sb:events:n20:feed17:rep1,b7adec60-6c24-4fa4-85f1-e8d69d928fc4,3895067,433,3.608333333333333,15614455944,32936743400,32937873600,1781307125042-0
concurrency_n20_20260613_003117_redis_feed17_rep1,redis,sb:events:n20:feed17:rep1,5dc3eb73-6e81-4402-903c-91723503a97b,3895113,433,3.608333333333333,15614455944,32938124300,32941706800,1781307125043-0
concurrency_n20_20260613_003117_redis_feed17_rep1,redis,sb:events:n20:feed17:rep1,848557c8-e3b0-4304-8e75-0f092d5f538b,3895113,433,3.608333333333333,15614455944,32942034800,32958190000,1781307125060-0
concurrency_n20_20260613_003117_redis_feed17_rep1,redis,sb:events:n20:feed17:rep1,b96fac13-833d-4317-bdd8-27039d4efe4c,3895121,434,3.616666666666666,15614525388,32958418100,32964389900,1781307125067-0
concurrency_n20_20260613_003117_redis_feed17_rep1,redis,sb:events:n20:feed17:rep1,2785f3be-29b1-4860-9818-3d324c7c8513,3895067,434,3.616666666666666,15614525388,32964700300,32968473800,1781307125070-0
concurrency_n20_20260613_003117_redis_feed17_rep1,redis,sb:events:n20:feed17:rep1,7411ec5f-a392-46c2-b39a-a6ce300040ce,3895134,434,3.616666666666666,15614525388,32970119700,32971180900,1781307125075-0
concurrency_n20_20260613_003117_redis_feed17_rep1,redis,sb:events:n20:feed17:rep1,355b84ac-ece7-446f-8ebd-0c8ed6bdef6b,3895095,435,3.625,15614594833,32971466300,32972289400,1781307125076-0
concurrency_n20_20260613_003117_redis_feed17_rep1,redis,sb:events:n20:feed17:rep1,d69457d5-e8ea-465a-b7bd-fb5f43c24a86,3895121,435,3.625,15614594833,32972469900,32980166800,1781307125077-0
concurrency_n20_20260613_003117_redis_feed17_rep1,redis,sb:events:n20:feed17:rep1,4b2ad3a7-763e-40ec-920b-ecc3295c0b46,3895121,435,3.625,15614594833,32980439100,32981498400,1781307125086-0
concurrency_n20_20260613_003117_redis_feed17_rep1,redis,sb:events:n20:feed17:rep1,094fe689-aadc-4af2-ae32-ef2095f0332c,3895060,435,3.625,15614594833,32981723800,32983504300,1781307125087-0
concurrency_n20_20260613_003117_redis_feed17_rep1,redis,sb:events:n20:feed17:rep1,d9c29d58-b124-4bfd-ab19-425feb9af87e,3895067,435,3.625,15614594833,32983757000,32994893100,1781307125093-0
concurrency_n20_20260613_003117_redis_feed17_rep1,redis,sb:events:n20:feed17:rep1,727c58ca-fe98-4f29-ab91-bc46259c9b71,3895067,435,3.625,15614594833,32995638500,32997460500,1781307125102-0
concurrency_n20_20260613_003117_redis_feed17_rep1,redis,sb:events:n20:feed17:rep1,ed0b9f44-e15b-427c-8d2b-d97f55fdc7c7,3895086,435,3.625,15614594833,32997694500,32998737700,1781307125103-0
concurrency_n20_20260613_003117_redis_feed17_rep1,redis,sb:events:n20:feed17:rep1,16a56046-af8d-4ba3-b3dc-43de66273854,3895113,435,3.625,15614594833,32998913800,33008767900,1781307125104-0
concurrency_n20_20260613_003117_redis_feed17_rep1,redis,sb:events:n20:feed17:rep1,475b1c6c-47d5-4a80-9b4c-72f2fcb41fd7,3895095,436,3.633333333333333,15614664277,33009100800,33015167300,1781307125117-0
concurrency_n20_20260613_003117_redis_feed17_rep1,redis,sb:events:n20:feed17:rep1,16e5ad03-7768-454a-804c-08564ee079f7,3895060,436,3.633333333333333,15614664277,33015446800,33017600600,1781307125121-0
concurrency_n20_20260613_003117_redis_feed17_rep1,redis,sb:events:n20:feed17:rep1,3bd62e95-05b6-4e65-9231-39e838eb8842,3895060,436,3.633333333333333,15614664277,33017821200,33024769700,1781307125127-0
concurrency_n20_20260613_003117_redis_feed17_rep1,redis,sb:events:n20:feed17:rep1,f44ae8ce-cef1-43b4-9e4a-4b72af18ec99,3895134,436,3.633333333333333,15614664277,33025034400,33026243000,1781307125130-0
concurrency_n20_20260613_003117_redis_feed17_rep1,redis,sb:events:n20:feed17:rep1,ef287494-52f4-4aca-906e-c1edce19b58f,3895086,436,3.633333333333333,15614664277,33027106200,33028304900,1781307125132-0
concurrency_n20_20260613_003117_redis_feed17_rep1,redis,sb:events:n20:feed17:rep1,5c4bb60c-b1ec-43bd-859f-01a372519ccf,3895086,436,3.633333333333333,15614664277,33035518500,33045191700,1781307125142-0
concurrency_n20_20260613_003117_redis_feed17_rep1,redis,sb:events:n20:feed17:rep1,8197e381-d8c3-4fb0-b801-b3ba90fd20c9,3895086,436,3.633333333333333,15614664277,33045584000,33049155800,1781307125151-0
concurrency_n20_20260613_003117_redis_feed17_rep1,redis,sb:events:n20:feed17:rep1,5dfbc264-25d2-487c-9d6d-f52626ebe7fc,3895113,436,3.633333333333333,15614664277,33049662900,33057153000,1781307125155-0
concurrency_n20_20260613_003117_redis_feed17_rep1,redis,sb:events:n20:feed17:rep1,0157e06e-c1f4-45e2-a345-3750b06b9a5c,3895113,436,3.633333333333333,15614664277,33057556500,33059811100,1781307125163-0
concurrency_n20_20260613_003117_redis_feed17_rep1,redis,sb:events:n20:feed17:rep1,1f541b89-a6a6-4c92-ba55-71f3897550dd,3895113,436,3.633333333333333,15614664277,33060092500,33061195300,1781307125165-0
concurrency_n20_20260613_003117_redis_feed17_rep1,redis,sb:events:n20:feed17:rep1,6498dc6b-e7de-41bf-b7f0-cf3bf49be188,3895113,436,3.633333333333333,15614664277,33061455200,33070024100,1781307125172-0
concurrency_n20_20260613_003117_redis_feed17_rep1,redis,sb:events:n20:feed17:rep1,4549fc3e-e957-4689-839b-57471879a085,3895113,436,3.633333333333333,15614664277,33070279800,33076380000,1781307125175-0
concurrency_n20_20260613_003117_redis_feed17_rep1,redis,sb:events:n20:feed17:rep1,da84b5d9-2277-482a-9361-1c1aa276c423,3895095,437,3.6416666666666666,15614733722,33076966800,33078682300,1781307125182-0
concurrency_n20_20260613_003117_redis_feed17_rep1,redis,sb:events:n20:feed17:rep1,a2940536-baaa-4a93-b5f2-41362dd74f23,3895095,437,3.6416666666666666,15614733722,33078917300,33079911300,1781307125184-0
concurrency_n20_20260613_003117_redis_feed17_rep1,redis,sb:events:n20:feed17:rep1,5fc6d303-5356-4b7c-b25a-8710ac89d84c,3895067,437,3.6416666666666666,15614733722,33080184400,33081415000,1781307125185-0
concurrency_n20_20260613_003117_redis_feed17_rep1,redis,sb:events:n20:feed17:rep1,c66f446f-5ae2-4b40-b7fa-5b9fefa45827,3895232,437,437.0,19226053166,33081765600,33088173100,1781307125187-0
concurrency_n20_20260613_003117_redis_feed17_rep1,redis,sb:events:n20:feed17:rep1,a668790f-e6a1-4931-9f0d-b319dc97859d,3895232,437,437.0,19226053166,33088746500,33090483100,1781307125194-0
concurrency_n20_20260613_003117_redis_feed17_rep1,redis,sb:events:n20:feed17:rep1,caef0d3c-5341-4407-976e-c3670c999ab1,3895113,437,3.6416666666666666,15614733722,33090693400,33112674900,1781307125203-0
concurrency_n20_20260613_003117_redis_feed17_rep1,redis,sb:events:n20:feed17:rep1,32389334-659a-4a79-afea-97290dcd3df4,3895121,438,3.65,15614803166,33113015600,33116513900,1781307125218-0
concurrency_n20_20260613_003117_redis_feed17_rep1,redis,sb:events:n20:feed17:rep1,a12e9638-29c2-4c16-9b05-d506cace3264,3895067,438,3.65,15614803166,33116870700,33153113600,1781307125256-0
concurrency_n20_20260613_003117_redis_feed17_rep1,redis,sb:events:n20:feed17:rep1,f5ee6a62-e25d-4aa7-af17-199665116373,3895067,438,3.65,15614803166,33153359200,33154498200,1781307125259-0
concurrency_n20_20260613_003117_redis_feed17_rep1,redis,sb:events:n20:feed17:rep1,561d6113-04f3-4452-b671-9032cd80905e,3895067,438,3.65,15614803166,33154764000,33155752800,1781307125260-0
concurrency_n20_20260613_003117_redis_feed17_rep1,redis,sb:events:n20:feed17:rep1,49dbe2f4-0751-4108-ad6e-e588b879fa5a,3895086,438,3.65,15614803166,33156065100,33157095600,1781307125261-0
concurrency_n20_20260613_003117_redis_feed17_rep1,redis,sb:events:n20:feed17:rep1,c0c196e8-3953-48d2-a1f4-b528b36b3bbe,3895086,438,3.65,15614803166,33157447500,33168014800,1781307125270-0
concurrency_n20_20260613_003117_redis_feed17_rep1,redis,sb:events:n20:feed17:rep1,b57676ce-ceb6-42b5-b9c8-4c3e8fd7a167,3895086,438,3.65,15614803166,33168321600,33176014800,1781307125278-0
concurrency_n20_20260613_003117_redis_feed17_rep1,redis,sb:events:n20:feed17:rep1,15db4ee9-576c-4602-b829-3a8b0029ae3f,3895086,438,3.65,15614803166,33176447300,33177682200,1781307125281-0
concurrency_n20_20260613_003117_redis_feed17_rep1,redis,sb:events:n20:feed17:rep1,81ae327d-bfe8-4ecc-9e13-f01f8eb015b5,3895086,438,3.65,15614803166,33177896200,33179175700,1781307125283-0
concurrency_n20_20260613_003117_redis_feed17_rep1,redis,sb:events:n20:feed17:rep1,ac0e8f91-6935-42c6-8b8a-415d168f3db6,3895086,438,3.65,15614803166,33179528900,33181340400,1781307125285-0
concurrency_n20_20260613_003117_redis_feed17_rep1,redis,sb:events:n20:feed17:rep1,a7c6e74a-6d6c-41a4-ae44-9e7612576432,3895113,438,3.65,15614803166,33181642400,33191809800,1781307125287-0
concurrency_n20_20260613_003117_redis_feed17_rep1,redis,sb:events:n20:feed17:rep1,54786c23-e3f1-4fd0-87b7-62544a2c615b,3895113,438,3.65,15614803166,33192303200,33193372100,1781307125297-0
concurrency_n20_20260613_003117_redis_feed17_rep1,redis,sb:events:n20:feed17:rep1,58c9c29f-825e-4ae5-adc2-4c56c42203fc,3895113,438,3.65,15614803166,33193605200,33194382900,1781307125299-0
concurrency_n20_20260613_003117_redis_feed17_rep1,redis,sb:events:n20:feed17:rep1,eed8e254-afe5-4087-b88b-b654514686d1,3895095,439,3.658333333333333,15614872611,33194799600,33199760600,1781307125300-0
concurrency_n20_20260613_003117_redis_feed17_rep1,redis,sb:events:n20:feed17:rep1,6c3262eb-6358-4c82-9bc6-d19b80892428,3895134,439,3.658333333333333,15614872611,33200226400,33204165500,1781307125308-0
concurrency_n20_20260613_003117_redis_feed17_rep1,redis,sb:events:n20:feed17:rep1,2e9e565d-2651-458a-b717-4c1d3a7ae36b,3895232,439,439.0,19242719833,33204543300,33205972500,1781307125310-0
concurrency_n20_20260613_003117_redis_feed17_rep1,redis,sb:events:n20:feed17:rep1,39d38322-85f8-49ff-a043-371b531d4f09,3895232,439,439.0,19242719833,33211283000,33212406200,1781307125317-0
concurrency_n20_20260613_003117_redis_feed17_rep1,redis,sb:events:n20:feed17:rep1,b4021d8d-2596-4e17-b9ad-1fce31aa26c1,3895113,439,3.658333333333333,15614872611,33212752000,33213837700,1781307125318-0
concurrency_n20_20260613_003117_redis_feed17_rep1,redis,sb:events:n20:feed17:rep1,b57a80f6-6577-4585-8c4f-aa9d856fb34c,3895113,439,3.658333333333333,15614872611,33214283500,33216242100,1781307125320-0
concurrency_n20_20260613_003117_redis_feed17_rep1,redis,sb:events:n20:feed17:rep1,bf0c578a-acae-46b9-86d2-5fe7717aedf5,3895060,440,3.6666666666666665,15614942055,33216483400,33223304200,1781307125327-0
concurrency_n20_20260613_003117_redis_feed17_rep1,redis,sb:events:n20:feed17:rep1,1cac3f24-2470-474a-955f-69cb2e1055e9,3895107,440,3.6666666666666665,15614942055,33223595400,33226381500,1781307125329-0
concurrency_n20_20260613_003117_redis_feed17_rep1,redis,sb:events:n20:feed17:rep1,7f8fbb4a-859a-4498-a068-acc86d0f8856,3895067,440,3.6666666666666665,15614942055,33226618800,33244272500,1781307125342-0
concurrency_n20_20260613_003117_redis_feed17_rep1,redis,sb:events:n20:feed17:rep1,17c63ed8-3b9b-4cc4-a909-7f32a08c6b19,3895134,440,3.6666666666666665,15614942055,33244528000,33250103000,1781307125350-0
concurrency_n20_20260613_003117_redis_feed17_rep1,redis,sb:events:n20:feed17:rep1,573ccd99-4c73-4985-95ff-fc4a86a4537e,3895134,440,3.6666666666666665,15614942055,33250376500,33256081800,1781307125360-0
concurrency_n20_20260613_003117_redis_feed17_rep1,redis,sb:events:n20:feed17:rep1,276b4ddc-bfde-471c-bdd8-a63cbf06dc06,3895086,440,3.6666666666666665,15614942055,33257010900,33259388100,1781307125362-0
concurrency_n20_20260613_003117_redis_feed17_rep1,redis,sb:events:n20:feed17:rep1,155c2683-3f85-4202-b794-c50d7bfa9001,3895095,441,3.675,15615011500,33259840000,33263590200,1781307125366-0
concurrency_n20_20260613_003117_redis_feed17_rep1,redis,sb:events:n20:feed17:rep1,7bb6ab27-9e46-4f44-a939-cd2ac5b39d0f,3895095,441,3.675,15615011500,33263872700,33266405000,1781307125370-0
concurrency_n20_20260613_003117_redis_feed17_rep1,redis,sb:events:n20:feed17:rep1,debe42e1-fcee-4d18-99c0-f55cb04cda73,3895060,441,3.675,15615011500,33266683300,33268765600,1781307125372-0
concurrency_n20_20260613_003117_redis_feed17_rep1,redis,sb:events:n20:feed17:rep1,b095329c-74b5-413f-b09c-1ba29e158ce4,3895060,441,3.675,15615011500,33272911600,33274945600,1781307125378-0
concurrency_n20_20260613_003117_redis_feed17_rep1,redis,sb:events:n20:feed17:rep1,10ee04cb-590d-4be1-929a-6e72ad04d538,3895086,441,3.675,15615011500,33275800100,33276928000,1781307125381-0
concurrency_n20_20260613_003117_redis_feed17_rep1,redis,sb:events:n20:feed17:rep1,d0793566-ef87-45a9-b8df-39566408c616,3895086,441,3.675,15615011500,33277314700,33284143400,1781307125383-0
concurrency_n20_20260613_003117_redis_feed17_rep1,redis,sb:events:n20:feed17:rep1,2603eb58-dc66-440e-80b4-a21ab04676c6,3895086,441,3.675,15615011500,33284412900,33285497100,1781307125390-0
concurrency_n20_20260613_003117_redis_feed17_rep1,redis,sb:events:n20:feed17:rep1,f7cdedca-990f-4f4b-b29b-f4848481672b,3895086,441,3.675,15615011500,33285733600,33286960100,1781307125391-0
concurrency_n20_20260613_003117_redis_feed17_rep1,redis,sb:events:n20:feed17:rep1,a4fdb17e-ae9b-4d1b-bd4c-96772d2bd8db,3895113,441,3.675,15615011500,33287218100,33289839200,1781307125392-0
concurrency_n20_20260613_003117_redis_feed17_rep1,redis,sb:events:n20:feed17:rep1,57655f7e-e071-4ff5-9255-f63989011827,3895060,442,3.683333333333333,15615080944,33290080700,33291083100,1781307125395-0
concurrency_n20_20260613_003117_redis_feed17_rep1,redis,sb:events:n20:feed17:rep1,e1b42cb7-e3de-4d0a-89d9-228422727114,3895060,442,3.683333333333333,15615080944,33291304800,33293315600,1781307125397-0
concurrency_n20_20260613_003117_redis_feed17_rep1,redis,sb:events:n20:feed17:rep1,25b4bb1b-a95f-497f-96ee-bb64921c9241,3895060,442,3.683333333333333,15615080944,33293530800,33303500900,1781307125400-0
concurrency_n20_20260613_003117_redis_feed17_rep1,redis,sb:events:n20:feed17:rep1,3c7cf69a-6dcf-4920-a925-b6747887a9de,3895107,442,3.683333333333333,15615080944,33305519800,33309255600,1781307125413-0
concurrency_n20_20260613_003117_redis_feed17_rep1,redis,sb:events:n20:feed17:rep1,4d7ee021-7a0f-4d1e-81b4-c422c174a305,3895067,442,3.683333333333333,15615080944,33309584900,33311159100,1781307125415-0
concurrency_n20_20260613_003117_redis_feed17_rep1,redis,sb:events:n20:feed17:rep1,177f1a1c-3da7-4345-a27b-c65a62441aab,3895067,442,3.683333333333333,15615080944,33311485400,33313202700,1781307125417-0
concurrency_n20_20260613_003117_redis_feed17_rep1,redis,sb:events:n20:feed17:rep1,1effce85-49bb-4ab0-bcfb-fcd223cba3fc,3895095,443,3.691666666666667,15615150388,33313437500,33315665600,1781307125419-0
concurrency_n20_20260613_003117_redis_feed17_rep1,redis,sb:events:n20:feed17:rep1,2a0b6c1b-2a44-482b-a32f-4d2fbd509c18,3895107,443,3.691666666666667,15615150388,33315926300,33317999800,1781307125422-0
concurrency_n20_20260613_003117_redis_feed17_rep1,redis,sb:events:n20:feed17:rep1,ee6ed7de-6d67-46a2-8359-071f55d1ce89,3895067,443,3.691666666666667,15615150388,33318307700,33319476100,1781307125424-0
concurrency_n20_20260613_003117_redis_feed17_rep1,redis,sb:events:n20:feed17:rep1,f0f3d4a7-55e4-4d2c-862d-0acf8e3da349,3895113,443,3.691666666666667,15615150388,33319764600,33340160900,1781307125429-0
concurrency_n20_20260613_003117_redis_feed17_rep1,redis,sb:events:n20:feed17:rep1,518de82b-2508-4cef-8269-46b7984156f9,3895113,443,3.691666666666667,15615150388,33340487900,33345796400,1781307125450-0
concurrency_n20_20260613_003117_redis_feed17_rep1,redis,sb:events:n20:feed17:rep1,0fc33c40-b147-4f24-b714-5f4dbb757486,3895095,444,3.7,15615219833,33346076800,33355274700,1781307125451-0
concurrency_n20_20260613_003117_redis_feed17_rep1,redis,sb:events:n20:feed17:rep1,3a7824d3-4c69-41ce-94ee-d85fcf98d6da,3895095,444,3.7,15615219833,33355583600,33356662400,1781307125461-0
concurrency_n20_20260613_003117_redis_feed17_rep1,redis,sb:events:n20:feed17:rep1,71576952-6aed-4168-87a4-24973b5e67f0,3895095,444,3.7,15615219833,33356878000,33357707700,1781307125462-0
concurrency_n20_20260613_003117_redis_feed17_rep1,redis,sb:events:n20:feed17:rep1,8d259d1b-bd1a-4df7-b250-34e8b7170759,3895095,444,3.7,15615219833,33357981000,33358935200,1781307125463-0
concurrency_n20_20260613_003117_redis_feed17_rep1,redis,sb:events:n20:feed17:rep1,bcd3a0d5-2ef8-4d48-8c44-e09faf4294c3,3895060,444,3.7,15615219833,33362884600,33366625500,1781307125469-0
concurrency_n20_20260613_003117_redis_feed17_rep1,redis,sb:events:n20:feed17:rep1,c9afc7e1-31a4-42c6-9646-6119671515aa,3895060,444,3.7,15615219833,33366878400,33369518200,1781307125472-0
concurrency_n20_20260613_003117_redis_feed17_rep1,redis,sb:events:n20:feed17:rep1,88c91ca2-6f51-434a-8971-ab00ddba38d8,3895060,444,3.7,15615219833,33369792700,33377986000,1781307125475-0
concurrency_n20_20260613_003117_redis_feed17_rep1,redis,sb:events:n20:feed17:rep1,d2467e7b-3c5e-4492-a63c-c016097205cc,3895060,444,3.7,15615219833,33378210100,33379391900,1781307125484-0
concurrency_n20_20260613_003117_redis_feed17_rep1,redis,sb:events:n20:feed17:rep1,09f08457-c39f-419b-8a8b-9c9c7b1ecda2,3895060,444,3.7,15615219833,33379653700,33380698600,1781307125485-0
concurrency_n20_20260613_003117_redis_feed17_rep1,redis,sb:events:n20:feed17:rep1,b26de741-6a30-4fdf-98c7-a80234e5975a,3895107,444,3.7,15615219833,33380932300,33381820900,1781307125486-0
concurrency_n20_20260613_003117_redis_feed17_rep1,redis,sb:events:n20:feed17:rep1,2f12dc48-365a-4eca-8d94-b275e81ded91,3895107,444,3.7,15615219833,33382019500,33384596900,1781307125487-0
concurrency_n20_20260613_003117_redis_feed17_rep1,redis,sb:events:n20:feed17:rep1,6d943e3e-6499-44b7-9cd5-c831c1fa6629,3895067,444,3.7,15615219833,33384888300,33395749100,1781307125497-0
concurrency_n20_20260613_003117_redis_feed17_rep1,redis,sb:events:n20:feed17:rep1,a6927531-98e9-40bf-9e33-fa40496a5479,3895067,444,3.7,15615219833,33396058500,33398113100,1781307125502-0
concurrency_n20_20260613_003117_redis_feed17_rep1,redis,sb:events:n20:feed17:rep1,a56a5487-a30d-4bce-9d39-e18176eac0c3,3895052,444,3.7,15615219833,33398465900,33416369300,1781307125518-0
concurrency_n20_20260613_003117_redis_feed17_rep1,redis,sb:events:n20:feed17:rep1,b02147ff-b3d7-4747-84ef-d7fecc8baeac,3895086,444,3.7,15615219833,33416781100,33421102200,1781307125522-0
concurrency_n20_20260613_003117_redis_feed17_rep1,redis,sb:events:n20:feed17:rep1,3cad9bbc-9a2a-4132-8e77-3cf66a96fea8,3895086,444,3.7,15615219833,33421538000,33423437000,1781307125527-0
concurrency_n20_20260613_003117_redis_feed17_rep1,redis,sb:events:n20:feed17:rep1,fd2258be-060b-4399-90f4-95e6ebd1ffe6,3895232,444,444.0,19284386500,33430049900,33431031000,1781307125535-0
concurrency_n20_20260613_003117_redis_feed17_rep1,redis,sb:events:n20:feed17:rep1,a79b49c8-c067-465b-b890-e50c04066741,3895113,444,3.7,15615219833,33431261000,33432267400,1781307125536-0
concurrency_n20_20260613_003117_redis_feed17_rep1,redis,sb:events:n20:feed17:rep1,33573fe4-ca0b-4d01-a4ef-dfd2ce95d02c,3895095,445,3.7083333333333335,15615289277,33432616700,33433956400,1781307125538-0
concurrency_n20_20260613_003117_redis_feed17_rep1,redis,sb:events:n20:feed17:rep1,63e90760-224f-4519-b23e-41e6b13b4aa6,3895095,445,3.7083333333333335,15615289277,33434217700,33438217100,1781307125541-0
concurrency_n20_20260613_003117_redis_feed17_rep1,redis,sb:events:n20:feed17:rep1,e3cfe80e-4ff1-43d7-a56a-fe23b604fb1c,3895107,445,3.7083333333333335,15615289277,33438449200,33440709600,1781307125543-0
concurrency_n20_20260613_003117_redis_feed17_rep1,redis,sb:events:n20:feed17:rep1,67b6eee6-1a6c-414b-859e-e9552b97162f,3895052,445,3.7083333333333335,15615289277,33441060100,33442951100,1781307125547-0
concurrency_n20_20260613_003117_redis_feed17_rep1,redis,sb:events:n20:feed17:rep1,f794a632-b01a-468d-86e1-d5a33b3b317e,3895052,445,3.7083333333333335,15615289277,33443278200,33450801500,1781307125550-0
concurrency_n20_20260613_003117_redis_feed17_rep1,redis,sb:events:n20:feed17:rep1,09cce341-d64d-4e90-9330-f3778695d07f,3895232,445,445.0,19292719833,33451260000,33461558300,1781307125564-0
concurrency_n20_20260613_003117_redis_feed17_rep1,redis,sb:events:n20:feed17:rep1,32d0fbaf-e42a-4cf7-a832-0f7a35f41d5e,3895232,445,445.0,19292719833,33461785500,33462625200,1781307125567-0
concurrency_n20_20260613_003117_redis_feed17_rep1,redis,sb:events:n20:feed17:rep1,7e58146c-c2f1-4e76-965e-bde41aea3e81,3895113,445,3.7083333333333335,15615289277,33462807300,33468651100,1781307125568-0
concurrency_n20_20260613_003117_redis_feed17_rep1,redis,sb:events:n20:feed17:rep1,0a504cc0-a156-4160-b8f1-dc7020285481,3895113,445,3.7083333333333335,15615289277,33469067800,33470859300,1781307125575-0
concurrency_n20_20260613_003117_redis_feed17_rep1,redis,sb:events:n20:feed17:rep1,5b9a7afb-6b47-49d5-b840-78c95925ff49,3895107,446,3.716666666666667,15615358722,33471097500,33478409900,1781307125578-0
concurrency_n20_20260613_003117_redis_feed17_rep1,redis,sb:events:n20:feed17:rep1,c56ec238-7803-47ad-a1d3-83bf87822b02,3895067,446,3.716666666666667,15615358722,33478648800,33482088600,1781307125585-0
concurrency_n20_20260613_003117_redis_feed17_rep1,redis,sb:events:n20:feed17:rep1,94180027-9028-41f3-a97a-cd3b67ec8efa,3895134,446,3.716666666666667,15615358722,33482426500,33506682200,1781307125610-0
concurrency_n20_20260613_003117_redis_feed17_rep1,redis,sb:events:n20:feed17:rep1,64846ece-ecc0-49f6-84be-e3a1ace0bbfb,3895067,446,3.716666666666667,15615358722,33506930600,33513304900,1781307125617-0
concurrency_n20_20260613_003117_redis_feed17_rep1,redis,sb:events:n20:feed17:rep1,e0efa831-1ceb-49cb-9cf9-6589869b1111,3895067,446,3.716666666666667,15615358722,33513591800,33516776200,1781307125619-0
concurrency_n20_20260613_003117_redis_feed17_rep1,redis,sb:events:n20:feed17:rep1,9e50d3ef-cdb2-497b-818f-60a89ee23984,3895052,446,3.716666666666667,15615358722,33517030900,33519819200,1781307125622-0
concurrency_n20_20260613_003117_redis_feed17_rep1,redis,sb:events:n20:feed17:rep1,8d218582-118e-4010-aa9f-e2e8613a5855,3895086,446,3.716666666666667,15615358722,33520216900,33522757300,1781307125627-0
concurrency_n20_20260613_003117_redis_feed17_rep1,redis,sb:events:n20:feed17:rep1,f9f05749-e83d-484c-a316-873c4846c2c3,3895232,446,446.0,19301053166,33523028300,33525861900,1781307125629-0
concurrency_n20_20260613_003117_redis_feed17_rep1,redis,sb:events:n20:feed17:rep1,7340cb89-e992-4aef-be64-69a5420c269a,3895095,447,3.725,15615428166,33526105200,33537669700,1781307125632-0
concurrency_n20_20260613_003117_redis_feed17_rep1,redis,sb:events:n20:feed17:rep1,7adad092-34df-4101-9529-7d1dd104ad7f,3895052,447,3.725,15615428166,33537963600,33539181600,1781307125643-0
concurrency_n20_20260613_003117_redis_feed17_rep1,redis,sb:events:n20:feed17:rep1,cddefb72-3ac3-4f11-8ad2-5963d94d80ea,3895052,447,3.725,15615428166,33539405700,33540227400,1781307125644-0
concurrency_n20_20260613_003117_redis_feed17_rep1,redis,sb:events:n20:feed17:rep1,42a9d4e3-706d-44d3-ad3a-6702f506c9e1,3895095,448,3.733333333333333,15615497611,33540470500,33547534000,1781307125646-0
concurrency_n20_20260613_003117_redis_feed17_rep1,redis,sb:events:n20:feed17:rep1,552cf4d8-4502-453b-89cc-a363d4503b0e,3895095,448,3.733333333333333,15615497611,33547839700,33565038800,1781307125656-0
concurrency_n20_20260613_003117_redis_feed17_rep1,redis,sb:events:n20:feed17:rep1,f5544cfe-d1ae-4458-9692-70479c5a6bd2,3895060,448,3.733333333333333,15615497611,33565398900,33566999600,1781307125671-0
concurrency_n20_20260613_003117_redis_feed17_rep1,redis,sb:events:n20:feed17:rep1,88d60541-4798-46d5-911f-a76c449216d1,3895060,448,3.733333333333333,15615497611,33567340100,33583095700,1781307125682-0
concurrency_n20_20260613_003117_redis_feed17_rep1,redis,sb:events:n20:feed17:rep1,53c7bd50-e63f-4986-92c8-96d46b0bee1e,3895107,448,3.733333333333333,15615497611,33583712000,33584739300,1781307125689-0
concurrency_n20_20260613_003117_redis_feed17_rep1,redis,sb:events:n20:feed17:rep1,3fef340a-10e5-4aa5-9498-1ee928305247,3895134,448,3.733333333333333,15615497611,33584932600,33587422300,1781307125690-0
concurrency_n20_20260613_003117_redis_feed17_rep1,redis,sb:events:n20:feed17:rep1,644d5c7c-d1a5-47b6-a392-8d411b65c8f7,3895134,448,3.733333333333333,15615497611,33587738300,33592715600,1781307125693-0
concurrency_n20_20260613_003117_redis_feed17_rep1,redis,sb:events:n20:feed17:rep1,a08e6d29-303b-478a-be1e-533d47425ee2,3895232,448,448.0,19317719833,33593108900,33594985300,1781307125699-0
concurrency_n20_20260613_003117_redis_feed17_rep1,redis,sb:events:n20:feed17:rep1,1f380dab-d2d6-498c-bc80-33d5a8c352ae,3895232,448,448.0,19317719833,33595230100,33608896700,1781307125713-0
concurrency_n20_20260613_003117_redis_feed17_rep1,redis,sb:events:n20:feed17:rep1,c2ddb8b5-2132-474a-9626-cd17ba9dc623,3895232,448,448.0,19317719833,33609188200,33617538500,1781307125715-0
concurrency_n20_20260613_003117_redis_feed17_rep1,redis,sb:events:n20:feed17:rep1,56af3623-eca9-4c7f-bb3d-d6f6cf090c46,3895095,449,3.741666666666666,15615567055,33618005800,33630423600,1781307125730-0
concurrency_n20_20260613_003117_redis_feed17_rep1,redis,sb:events:n20:feed17:rep1,4e097fd0-0828-426e-ba77-6229b2827935,3895107,449,3.741666666666666,15615567055,33630722200,33636469100,1781307125738-0
concurrency_n20_20260613_003117_redis_feed17_rep1,redis,sb:events:n20:feed17:rep1,1e1dff02-7f8b-4fe3-910a-d8a1c77727b2,3895107,449,3.741666666666666,15615567055,33636739100,33646391500,1781307125742-0
concurrency_n20_20260613_003117_redis_feed17_rep1,redis,sb:events:n20:feed17:rep1,02215165-9da4-4b41-bf1d-63d6acc70a50,3895107,449,3.741666666666666,15615567055,33647087000,33648292800,1781307125752-0
concurrency_n20_20260613_003117_redis_feed17_rep1,redis,sb:events:n20:feed17:rep1,a0a2797a-8bde-4965-9733-fdbbbe9811e1,3895134,449,3.741666666666666,15615567055,33648745800,33663977700,1781307125754-0
concurrency_n20_20260613_003117_redis_feed17_rep1,redis,sb:events:n20:feed17:rep1,74edf329-d572-4e4d-936f-b40fbce66eaf,3895134,449,3.741666666666666,15615567055,33664933700,33672721700,1781307125770-0
concurrency_n20_20260613_003117_redis_feed17_rep1,redis,sb:events:n20:feed17:rep1,32bfe0dd-5823-486e-9357-424c318cdf92,3895232,449,449.0,19326053166,33673233900,33674566400,1781307125779-0
concurrency_n20_20260613_003117_redis_feed17_rep1,redis,sb:events:n20:feed17:rep1,405ab4e6-6ca7-4f19-9e61-002e0bbcda12,3895232,449,449.0,19326053166,33674932400,33676120100,1781307125780-0
concurrency_n20_20260613_003117_redis_feed17_rep1,redis,sb:events:n20:feed17:rep1,36c45fb0-4255-408e-83c0-7e9fc96f4eb6,3895095,450,3.75,15615636500,33676332000,33691528700,1781307125795-0
concurrency_n20_20260613_003117_redis_feed17_rep1,redis,sb:events:n20:feed17:rep1,49346d04-d903-4d6f-9b19-ba4d0c15bad9,3895095,450,3.75,15615636500,33692130700,33695823700,1781307125797-0
concurrency_n20_20260613_003117_redis_feed17_rep1,redis,sb:events:n20:feed17:rep1,08c08b0f-630c-456b-9807-1f7d2ec90f27,3895060,450,3.75,15615636500,33696294400,33716977000,1781307125821-0
concurrency_n20_20260613_003117_redis_feed17_rep1,redis,sb:events:n20:feed17:rep1,9dbcf854-370c-4043-a227-e38e0584c5da,3895060,450,3.75,15615636500,33717223500,33718150400,1781307125822-0
concurrency_n20_20260613_003117_redis_feed17_rep1,redis,sb:events:n20:feed17:rep1,1188c5b0-8e22-4da4-bd75-5b22c768cda7,3895113,450,3.75,15615636500,33718354200,33719604400,1781307125823-0
concurrency_n20_20260613_003117_redis_feed17_rep1,redis,sb:events:n20:feed17:rep1,fc4349d2-e788-428b-90c0-1e2377a2b7e0,3895095,451,3.758333333333333,15615705944,33719853200,33724533800,1781307125825-0
concurrency_n20_20260613_003117_redis_feed17_rep1,redis,sb:events:n20:feed17:rep1,bed10191-2c1a-4e39-bdcd-620d7cdad94f,3895095,451,3.758333333333333,15615705944,33724793600,33729375400,1781307125831-0
concurrency_n20_20260613_003117_redis_feed17_rep1,redis,sb:events:n20:feed17:rep1,de745f07-6097-4825-aa95-2a29ba630c59,3895095,451,3.758333333333333,15615705944,33729617300,33731933700,1781307125835-0
concurrency_n20_20260613_003117_redis_feed17_rep1,redis,sb:events:n20:feed17:rep1,5ebcc4a3-1ee4-4aa1-b7a5-5afbc8b92bd4,3895060,451,3.758333333333333,15615705944,33732216800,33738611000,1781307125837-0
concurrency_n20_20260613_003117_redis_feed17_rep1,redis,sb:events:n20:feed17:rep1,059c0a6c-bf54-44ed-8d54-64e34ce75ec7,3895060,451,3.758333333333333,15615705944,33738891200,33739711600,1781307125844-0
concurrency_n20_20260613_003117_redis_feed17_rep1,redis,sb:events:n20:feed17:rep1,40d656d8-7897-4e5d-8e1b-32e1b6fa4e58,3895060,451,3.758333333333333,15615705944,33739931300,33743615000,1781307125847-0
concurrency_n20_20260613_003117_redis_feed17_rep1,redis,sb:events:n20:feed17:rep1,6706f68a-0fd9-496d-9e79-95e1fd03802c,3895107,451,3.758333333333333,15615705944,33744038800,33760501400,1781307125862-0
concurrency_n20_20260613_003117_redis_feed17_rep1,redis,sb:events:n20:feed17:rep1,4f96086a-c6d5-48ae-af92-e337a80f8fba,3895107,451,3.758333333333333,15615705944,33761030400,33807754200,1781307125894-0
concurrency_n20_20260613_003117_redis_feed17_rep1,redis,sb:events:n20:feed17:rep1,aed875e2-a9c3-4c15-a27f-d91682808df8,3895134,451,3.758333333333333,15615705944,33808144500,33812788500,1781307125915-0
concurrency_n20_20260613_003117_redis_feed17_rep1,redis,sb:events:n20:feed17:rep1,fd4c2cc6-6ba7-4e63-99f0-836376096ff9,3895134,451,3.758333333333333,15615705944,33813035300,33845220300,1781307125949-0
concurrency_n20_20260613_003117_redis_feed17_rep1,redis,sb:events:n20:feed17:rep1,34f32635-5565-4445-a686-f240c391ae22,3895113,451,3.758333333333333,15615705944,33845754900,33848358600,1781307125951-0
concurrency_n20_20260613_003117_redis_feed17_rep1,redis,sb:events:n20:feed17:rep1,d0985595-3ebf-44b3-b8a1-40f7dc855881,3895095,452,3.7666666666666666,15615775388,33848678000,33850576800,1781307125955-0
concurrency_n20_20260613_003117_redis_feed17_rep1,redis,sb:events:n20:feed17:rep1,562401df-4355-4944-8719-51a612c1a9e4,3895095,452,3.7666666666666666,15615775388,33850821900,33859971400,1781307125956-0
concurrency_n20_20260613_003117_redis_feed17_rep1,redis,sb:events:n20:feed17:rep1,2988f030-9c1f-4b43-a9ef-bb40ccd30baf,3895107,452,3.7666666666666666,15615775388,33860666700,33862205000,1781307125966-0
concurrency_n20_20260613_003117_redis_feed17_rep1,redis,sb:events:n20:feed17:rep1,cdb30149-43dd-46d2-92c4-3dc2397ef658,3895052,452,3.7666666666666666,15615775388,33862453700,33863516500,1781307125968-0
concurrency_n20_20260613_003117_redis_feed17_rep1,redis,sb:events:n20:feed17:rep1,51b47ebe-5abc-461a-8616-ce717617b01f,3895232,452,452.0,19351053166,33863790000,33871276600,1781307125975-0
concurrency_n20_20260613_003117_redis_feed17_rep1,redis,sb:events:n20:feed17:rep1,05b640b0-13b9-48c3-b52d-679bc686e685,3895113,452,3.7666666666666666,15615775388,33871617000,33872496700,1781307125977-0
concurrency_n20_20260613_003117_redis_feed17_rep1,redis,sb:events:n20:feed17:rep1,c8ce5549-a9a7-4f14-8b52-b83cc42f3648,3895113,452,3.7666666666666666,15615775388,33872700700,33873850100,1781307125978-0
concurrency_n20_20260613_003117_redis_feed17_rep1,redis,sb:events:n20:feed17:rep1,814fb2d7-1214-492b-a557-424d881a39b9,3895095,453,3.775,15615844833,33874154500,33885522200,1781307125990-0
concurrency_n20_20260613_003117_redis_feed17_rep1,redis,sb:events:n20:feed17:rep1,46ffd64a-4a1f-4599-b3e3-8042b4b734fe,3895095,453,3.775,15615844833,33885916900,33887166200,1781307125991-0
concurrency_n20_20260613_003117_redis_feed17_rep1,redis,sb:events:n20:feed17:rep1,2d4f6202-ddf8-4c7d-b4c6-7865d1ee2d9a,3895095,453,3.775,15615844833,33887458700,33888968800,1781307125993-0
concurrency_n20_20260613_003117_redis_feed17_rep1,redis,sb:events:n20:feed17:rep1,66d6548d-fbc0-4b16-bbf4-d750db45eef9,3895095,453,3.775,15615844833,33889529400,33891023000,1781307125995-0
concurrency_n20_20260613_003117_redis_feed17_rep1,redis,sb:events:n20:feed17:rep1,607c5b51-d7ec-438d-93ef-ebf85683ee29,3895074,453,3.775,15615844833,33891429800,33892571800,1781307125997-0
concurrency_n20_20260613_003117_redis_feed17_rep1,redis,sb:events:n20:feed17:rep1,c3f11a7d-9340-497b-b55d-694fa591352f,3895052,453,3.775,15615844833,33892786600,33895780500,1781307125998-0
concurrency_n20_20260613_003117_redis_feed17_rep1,redis,sb:events:n20:feed17:rep1,9aaf638b-090b-4334-8cb2-e4d9b159468c,3895095,454,3.783333333333333,15615914277,33896038000,33900258900,1781307126001-0
concurrency_n20_20260613_003117_redis_feed17_rep1,redis,sb:events:n20:feed17:rep1,221fe015-6903-4898-9281-e04ad1b39ff0,3895095,454,3.783333333333333,15615914277,33900567200,33934632600,1781307126034-0
concurrency_n20_20260613_003117_redis_feed17_rep1,redis,sb:events:n20:feed17:rep1,d7ba7e07-c73e-423b-84f1-70abd62a92b9,3895095,454,3.783333333333333,15615914277,33934977900,33938903000,1781307126041-0
concurrency_n20_20260613_003117_redis_feed17_rep1,redis,sb:events:n20:feed17:rep1,a939137f-bea7-4c25-b7d4-cbbe6b8a0871,3895074,454,3.783333333333333,15615914277,33939442400,33941533600,1781307126045-0
concurrency_n20_20260613_003117_redis_feed17_rep1,redis,sb:events:n20:feed17:rep1,a61a8556-cb94-4b66-bd46-faf3a7e21f96,3895074,454,3.783333333333333,15615914277,33941941300,33962486600,1781307126065-0
concurrency_n20_20260613_003117_redis_feed17_rep1,redis,sb:events:n20:feed17:rep1,55f30dc9-0b28-4fad-a716-611d02ca20f6,3895107,454,3.783333333333333,15615914277,33962840900,33978898900,1781307126081-0
concurrency_n20_20260613_003117_redis_feed17_rep1,redis,sb:events:n20:feed17:rep1,0b3025ce-3cd4-4898-ad5c-a207b61c6fa0,3895107,454,3.783333333333333,15615914277,33979150100,33992019400,1781307126095-0
concurrency_n20_20260613_003117_redis_feed17_rep1,redis,sb:events:n20:feed17:rep1,dd4a183d-6153-4d52-8dbf-9478194bba81,3895052,454,3.783333333333333,15615914277,33992317200,34004247900,1781307126098-0
concurrency_n20_20260613_003117_redis_feed17_rep1,redis,sb:events:n20:feed17:rep1,f2ededc6-6bc7-4ec7-b0e9-c711011e1672,3895052,454,3.783333333333333,15615914277,34005448400,34007187200,1781307126111-0
concurrency_n20_20260613_003117_redis_feed17_rep1,redis,sb:events:n20:feed17:rep1,4f1fd06b-b41f-4c98-95a6-d956bb96395f,3895232,454,454.0,19367719833,34007488200,34008484100,1781307126113-0
concurrency_n20_20260613_003117_redis_feed17_rep1,redis,sb:events:n20:feed17:rep1,53e0d264-d24d-4139-bb25-7363efcc552c,3895232,454,454.0,19367719833,34008776400,34018234200,1781307126114-0
concurrency_n20_20260613_003117_redis_feed17_rep1,redis,sb:events:n20:feed17:rep1,1bba75b0-b930-407d-b336-13a1bdc53018,3895232,454,454.0,19367719833,34018723000,34020015500,1781307126124-0
concurrency_n20_20260613_003117_redis_feed17_rep1,redis,sb:events:n20:feed17:rep1,a8a72c19-64a7-4275-912e-ef6b5f09a1f7,3895095,455,3.7916666666666665,15615983722,34020312600,34021267900,1781307126126-0
concurrency_n20_20260613_003117_redis_feed17_rep1,redis,sb:events:n20:feed17:rep1,3f500bae-930c-4345-852e-c3aa1f1c4ab2,3895095,455,3.7916666666666665,15615983722,34021462400,34022313400,1781307126127-0
concurrency_n20_20260613_003117_redis_feed17_rep1,redis,sb:events:n20:feed17:rep1,26d91e47-0723-4830-b97b-9df16efd50ec,3895074,455,3.7916666666666665,15615983722,34022481400,34026927200,1781307126128-0
concurrency_n20_20260613_003117_redis_feed17_rep1,redis,sb:events:n20:feed17:rep1,1a555a66-cc7a-4994-a8c7-8aafdaf302f5,3895060,455,3.7916666666666665,15615983722,34027669600,34029540100,1781307126133-0
concurrency_n20_20260613_003117_redis_feed17_rep1,redis,sb:events:n20:feed17:rep1,caef69b5-9e37-4445-b866-fcf687c3e390,3895060,455,3.7916666666666665,15615983722,34029966400,34030916700,1781307126135-0
concurrency_n20_20260613_003117_redis_feed17_rep1,redis,sb:events:n20:feed17:rep1,ea192fda-5da8-47b1-9bfb-0e70fec60b62,3895107,455,3.7916666666666665,15615983722,34035579800,34038148500,1781307126142-0
concurrency_n20_20260613_003117_redis_feed17_rep1,redis,sb:events:n20:feed17:rep1,4da864ef-2e5e-4a17-857e-dff8921feadf,3895052,455,3.7916666666666665,15615983722,34038396800,34044530800,1781307126147-0
concurrency_n20_20260613_003117_redis_feed17_rep1,redis,sb:events:n20:feed17:rep1,4b618b31-6291-411b-b4c1-4aee61c4f5fa,3895052,455,3.7916666666666665,15615983722,34044774000,34050371100,1781307126151-0
concurrency_n20_20260613_003117_redis_feed17_rep1,redis,sb:events:n20:feed17:rep1,e3715e70-0150-4c42-b6f5-5fc67e792b5c,3895095,456,3.8,15616053166,34050687300,34052648300,1781307126156-0
concurrency_n20_20260613_003117_redis_feed17_rep1,redis,sb:events:n20:feed17:rep1,df68f0b4-6ffa-4f02-8711-7859862b0ec0,3895095,456,3.8,15616053166,34052919000,34055102500,1781307126159-0
concurrency_n20_20260613_003117_redis_feed17_rep1,redis,sb:events:n20:feed17:rep1,e9d549aa-6725-4174-93bf-3d3fa63e74bb,3895095,456,3.8,15616053166,34055394500,34064455000,1781307126168-0
concurrency_n20_20260613_003117_redis_feed17_rep1,redis,sb:events:n20:feed17:rep1,d0f4abbd-6eb7-4821-8b4f-d17041acec3b,3895121,456,3.8,15616053166,34064731100,34065838800,1781307126170-0
concurrency_n20_20260613_003117_redis_feed17_rep1,redis,sb:events:n20:feed17:rep1,b1d291fe-7aee-4867-a98f-2689070334d8,3895074,456,3.8,15616053166,34066048400,34066715000,1781307126171-0
concurrency_n20_20260613_003117_redis_feed17_rep1,redis,sb:events:n20:feed17:rep1,ed5ace9b-d57f-4e11-ab3f-0434c560a8cf,3895074,456,3.8,15616053166,34066911800,34067975600,1781307126172-0
concurrency_n20_20260613_003117_redis_feed17_rep1,redis,sb:events:n20:feed17:rep1,6aee31be-f0a9-4a1f-a9d5-0e49c287c868,3895107,456,3.8,15616053166,34068206700,34073319200,1781307126176-0
concurrency_n20_20260613_003117_redis_feed17_rep1,redis,sb:events:n20:feed17:rep1,0af350f2-0e16-4edd-8330-da25fb192a18,3895134,456,3.8,15616053166,34073564800,34097494300,1781307126192-0
concurrency_n20_20260613_003117_redis_feed17_rep1,redis,sb:events:n20:feed17:rep1,206d1fc9-724f-407b-bd2e-f7229d50f9c2,3895107,456,3.8,15616053166,34098230600,34099863800,1781307126204-0
concurrency_n20_20260613_003117_redis_feed17_rep1,redis,sb:events:n20:feed17:rep1,b337407f-efd0-435a-94a6-83a6c2bb3954,3895052,456,3.8,15616053166,34100177600,34110740000,1781307126205-0
concurrency_n20_20260613_003117_redis_feed17_rep1,redis,sb:events:n20:feed17:rep1,b56165c6-a538-4491-a5aa-b4fae53fbbd9,3895052,456,3.8,15616053166,34111231400,34112485600,1781307126217-0
concurrency_n20_20260613_003117_redis_feed17_rep1,redis,sb:events:n20:feed17:rep1,a22bf175-12d7-4afa-92a1-2182bfa48f6f,3895232,456,456.0,19384386500,34112751400,34114030700,1781307126218-0
concurrency_n20_20260613_003117_redis_feed17_rep1,redis,sb:events:n20:feed17:rep1,a4dda0b1-ac1c-4fda-a1fc-29d18695e25b,3895232,456,456.0,19384386500,34114479100,34115488700,1781307126220-0
concurrency_n20_20260613_003117_redis_feed17_rep1,redis,sb:events:n20:feed17:rep1,7b77ded3-e0cc-48e7-8dea-d345a900cc2f,3895095,457,3.808333333333333,15616122611,34115775200,34116554900,1781307126221-0
concurrency_n20_20260613_003117_redis_feed17_rep1,redis,sb:events:n20:feed17:rep1,8e9297e9-7710-444e-b0a0-d4baedd59a14,3895095,457,3.808333333333333,15616122611,34116765500,34117695100,1781307126222-0
concurrency_n20_20260613_003117_redis_feed17_rep1,redis,sb:events:n20:feed17:rep1,5327bb35-e325-4f4a-932b-5af3b43aa66b,3895095,457,3.808333333333333,15616122611,34117906300,34119594500,1781307126223-0
concurrency_n20_20260613_003117_redis_feed17_rep1,redis,sb:events:n20:feed17:rep1,e97f8dff-6503-43fa-9166-9e4d0887fdf9,3895074,457,3.808333333333333,15616122611,34119919800,34146106300,1781307126237-0
concurrency_n20_20260613_003117_redis_feed17_rep1,redis,sb:events:n20:feed17:rep1,2d15aee8-4df9-4656-af9c-720bf6dfc649,3895052,457,3.808333333333333,15616122611,34146425500,34147609500,1781307126252-0
concurrency_n20_20260613_003117_redis_feed17_rep1,redis,sb:events:n20:feed17:rep1,62649c3a-5540-4243-8052-9ae849db85f5,3895052,457,3.808333333333333,15616122611,34147961000,34150397400,1781307126254-0
concurrency_n20_20260613_003117_redis_feed17_rep1,redis,sb:events:n20:feed17:rep1,f10cc719-391f-424d-aae8-efd754f59dd7,3895121,458,3.816666666666667,15616192055,34150656800,34154785500,1781307126256-0
concurrency_n20_20260613_003117_redis_feed17_rep1,redis,sb:events:n20:feed17:rep1,a4934cc2-8ef4-495c-bc4e-df3cf2b212da,3895074,458,3.816666666666667,15616192055,34155744000,34171965500,1781307126274-0
concurrency_n20_20260613_003117_redis_feed17_rep1,redis,sb:events:n20:feed17:rep1,c5c5e7b2-54dc-4971-a74c-bd2bdf94793f,3895074,458,3.816666666666667,15616192055,34172291200,34180501700,1781307126278-0
concurrency_n20_20260613_003117_redis_feed17_rep1,redis,sb:events:n20:feed17:rep1,32f8e637-c16d-4b4c-b85d-fc95990dfa4f,3895134,458,3.816666666666667,15616192055,34180767900,34197483200,1781307126297-0
concurrency_n20_20260613_003117_redis_feed17_rep1,redis,sb:events:n20:feed17:rep1,a4c7a862-88ed-4f34-9dd8-e1713bb51715,3895107,458,3.816666666666667,15616192055,34197709800,34207999400,1781307126311-0
concurrency_n20_20260613_003117_redis_feed17_rep1,redis,sb:events:n20:feed17:rep1,8bec23da-7750-41a3-8251-f36c0b885996,3895134,458,3.816666666666667,15616192055,34208579500,34217962800,1781307126314-0
concurrency_n20_20260613_003117_redis_feed17_rep1,redis,sb:events:n20:feed17:rep1,4a08e193-2786-43e0-9ffe-56c78618f834,3895052,458,3.816666666666667,15616192055,34219093100,34220356700,1781307126325-0
concurrency_n20_20260613_003117_redis_feed17_rep1,redis,sb:events:n20:feed17:rep1,0b020ccd-68dc-4cdf-9e55-b20547709dba,3895232,458,458.0,19401053166,34220591700,34221592000,1781307126326-0
concurrency_n20_20260613_003117_redis_feed17_rep1,redis,sb:events:n20:feed17:rep1,5d97f886-bb28-4ff2-b012-ebe08e1b7273,3895095,459,3.825,15616261500,34221777600,34228562300,1781307126327-0
concurrency_n20_20260613_003117_redis_feed17_rep1,redis,sb:events:n20:feed17:rep1,92a75d72-f624-4425-90b8-1d5e6def39ad,3895095,459,3.825,15616261500,34228806200,34239572100,1781307126340-0
concurrency_n20_20260613_003117_redis_feed17_rep1,redis,sb:events:n20:feed17:rep1,238c7763-291c-4d40-9337-187234311381,3895121,459,3.825,15616261500,34239900900,34241540900,1781307126345-0
concurrency_n20_20260613_003117_redis_feed17_rep1,redis,sb:events:n20:feed17:rep1,afaf9839-b81b-4a1d-a69b-53fb5b774396,3895060,459,3.825,15616261500,34241870000,34248008400,1781307126347-0
concurrency_n20_20260613_003117_redis_feed17_rep1,redis,sb:events:n20:feed17:rep1,fa98fb41-a354-41de-b24f-d5079386cd0a,3895232,459,459.0,19409386500,34248327000,34251573200,1781307126354-0
concurrency_n20_20260613_003117_redis_feed17_rep1,redis,sb:events:n20:feed17:rep1,d6868c22-4d75-4db1-b52a-19399900cf87,3895232,459,459.0,19409386500,34251903600,34253001800,1781307126357-0
concurrency_n20_20260613_003117_redis_feed17_rep1,redis,sb:events:n20:feed17:rep1,a790d009-45c9-4723-bcb3-1783ec9eab0c,3895232,459,459.0,19409386500,34253368300,34262589600,1781307126359-0
concurrency_n20_20260613_003117_redis_feed17_rep1,redis,sb:events:n20:feed17:rep1,b5371635-3fd9-447f-bde8-f549947261d3,3895232,459,459.0,19409386500,34262953200,34275140800,1781307126374-0
concurrency_n20_20260613_003117_redis_feed17_rep1,redis,sb:events:n20:feed17:rep1,88bde0c4-1921-4b8c-b860-2210237f7120,3895095,460,3.8333333333333335,15616330944,34275378400,34277729400,1781307126381-0
concurrency_n20_20260613_003117_redis_feed17_rep1,redis,sb:events:n20:feed17:rep1,2e6acea9-1c64-4bd5-82b4-2fe1bce0b813,3895095,460,3.8333333333333335,15616330944,34287096500,34288520200,1781307126393-0
concurrency_n20_20260613_003117_redis_feed17_rep1,redis,sb:events:n20:feed17:rep1,d523accf-3f1d-43e3-8dcc-a353fe988df8,3895095,460,3.8333333333333335,15616330944,34288896200,34290182200,1781307126394-0
concurrency_n20_20260613_003117_redis_feed17_rep1,redis,sb:events:n20:feed17:rep1,239092b2-14e5-4575-9a63-5bcc238710a3,3895121,460,3.8333333333333335,15616330944,34290400400,34299478100,1781307126396-0
concurrency_n20_20260613_003117_redis_feed17_rep1,redis,sb:events:n20:feed17:rep1,2d762f47-0fa3-4b48-98ec-51f41b3c9354,3895121,460,3.8333333333333335,15616330944,34299744300,34309830000,1781307126411-0
concurrency_n20_20260613_003117_redis_feed17_rep1,redis,sb:events:n20:feed17:rep1,c367e51f-e64a-4726-b766-ec4ff7d2b14a,3895074,460,3.8333333333333335,15616330944,34310364400,34313867600,1781307126417-0
concurrency_n20_20260613_003117_redis_feed17_rep1,redis,sb:events:n20:feed17:rep1,c87070a8-07a6-4fee-983f-aa48d673713a,3895074,460,3.8333333333333335,15616330944,34319505200,34331436200,1781307126434-0
concurrency_n20_20260613_003117_redis_feed17_rep1,redis,sb:events:n20:feed17:rep1,b733fd23-9b01-495b-8bb0-7d1ecd1f931c,3895052,460,3.8333333333333335,15616330944,34331720500,34335259700,1781307126437-0
concurrency_n20_20260613_003117_redis_feed17_rep1,redis,sb:events:n20:feed17:rep1,4c8b961c-84f8-4d34-8a2b-761b7a844729,3895052,460,3.8333333333333335,15616330944,34335544200,34345598800,1781307126441-0
concurrency_n20_20260613_003117_redis_feed17_rep1,redis,sb:events:n20:feed17:rep1,c0fa9213-52b9-498c-9e8c-c1d0dc23e151,3895095,461,3.841666666666667,15616400388,34345877200,34346807400,1781307126451-0
concurrency_n20_20260613_003117_redis_feed17_rep1,redis,sb:events:n20:feed17:rep1,84185410-7e7a-4bde-9167-c77472da6f02,3895121,461,3.841666666666667,15616400388,34347128200,34348174600,1781307126452-0
concurrency_n20_20260613_003117_redis_feed17_rep1,redis,sb:events:n20:feed17:rep1,516a4d87-898d-4d5d-b215-ac49cabeefa6,3895121,461,3.841666666666667,15616400388,34348540800,34355116800,1781307126454-0
concurrency_n20_20260613_003117_redis_feed17_rep1,redis,sb:events:n20:feed17:rep1,2ed079cf-316c-49f9-81e1-3ef4be51a781,3895060,461,3.841666666666667,15616400388,34355340600,34365676000,1781307126468-0
concurrency_n20_20260613_003117_redis_feed17_rep1,redis,sb:events:n20:feed17:rep1,6f369506-eb4a-44eb-8e9b-1b97d4df5f1e,3895060,461,3.841666666666667,15616400388,34365991700,34368844900,1781307126472-0
concurrency_n20_20260613_003117_redis_feed17_rep1,redis,sb:events:n20:feed17:rep1,31b4ac75-15c9-4c9c-b364-e3b4249615d8,3895134,461,3.841666666666667,15616400388,34369166000,34375079500,1781307126474-0
concurrency_n20_20260613_003117_redis_feed17_rep1,redis,sb:events:n20:feed17:rep1,425142a0-9e3d-4c06-bc82-c5251ab9110b,3895052,461,3.841666666666667,15616400388,34375522000,34392398800,1781307126492-0
concurrency_n20_20260613_003117_redis_feed17_rep1,redis,sb:events:n20:feed17:rep1,7c0caa0a-62f0-4167-9cae-d99bbd90617c,3895052,461,3.841666666666667,15616400388,34392684600,34396283200,1781307126498-0
concurrency_n20_20260613_003117_redis_feed17_rep1,redis,sb:events:n20:feed17:rep1,efbee4a5-cc43-4c7a-acd9-b8d078139a3c,3895095,462,3.85,15616469833,34396567100,34400991000,1781307126502-0
concurrency_n20_20260613_003117_redis_feed17_rep1,redis,sb:events:n20:feed17:rep1,a56f2177-d30d-4033-99e5-8e4fa235d870,3895095,462,3.85,15616469833,34401330600,34404577700,1781307126508-0
concurrency_n20_20260613_003117_redis_feed17_rep1,redis,sb:events:n20:feed17:rep1,c707d2c3-2f14-4efb-a685-161f4f1d5ee1,3895134,462,3.85,15616469833,34405143900,34407651900,1781307126511-0
concurrency_n20_20260613_003117_redis_feed17_rep1,redis,sb:events:n20:feed17:rep1,95ec2cfc-f259-442a-adce-3f7490b89318,3895134,462,3.85,15616469833,34407914800,34409302700,1781307126513-0
concurrency_n20_20260613_003117_redis_feed17_rep1,redis,sb:events:n20:feed17:rep1,195d0d2e-c14e-4d70-ae08-02f9b7131881,3895060,463,3.858333333333333,15616539277,34409681100,34411009000,1781307126515-0
concurrency_n20_20260613_003117_redis_feed17_rep1,redis,sb:events:n20:feed17:rep1,1598f6b4-5117-4eda-9474-56753863ddc2,3895107,463,3.858333333333333,15616539277,34411480000,34412614300,1781307126517-0
concurrency_n20_20260613_003117_redis_feed17_rep1,redis,sb:events:n20:feed17:rep1,b8910a8d-b569-46d5-ad56-8aeab8e0839f,3895107,463,3.858333333333333,15616539277,34412977300,34414402800,1781307126519-0
concurrency_n20_20260613_003117_redis_feed17_rep1,redis,sb:events:n20:feed17:rep1,7f1ca876-71ed-4c9a-b4a6-6922cbbc8a49,3895107,463,3.858333333333333,15616539277,34414654800,34415740200,1781307126520-0
concurrency_n20_20260613_003117_redis_feed17_rep1,redis,sb:events:n20:feed17:rep1,7ca4fd65-7e82-4736-adf4-1896bf70d78b,3895134,463,3.858333333333333,15616539277,34416264300,34417205300,1781307126521-0
concurrency_n20_20260613_003117_redis_feed17_rep1,redis,sb:events:n20:feed17:rep1,91495353-bcbc-4408-a730-a52687f834f7,3895232,463,463.0,19442719833,34417481500,34418268800,1781307126523-0
concurrency_n20_20260613_003117_redis_feed17_rep1,redis,sb:events:n20:feed17:rep1,4bb0dbf8-70f8-4114-85b3-ef2cc8e6bcb7,3895232,463,463.0,19442719833,34418475200,34419754700,1781307126524-0
concurrency_n20_20260613_003117_redis_feed17_rep1,redis,sb:events:n20:feed17:rep1,2d2a9c85-0a00-4122-af37-aefab19aa857,3895121,464,3.866666666666666,15616608722,34419973600,34420911900,1781307126525-0
concurrency_n20_20260613_003117_redis_feed17_rep1,redis,sb:events:n20:feed17:rep1,1a96bfcb-690c-4dd0-a894-ac96b30fe16b,3895121,464,3.866666666666666,15616608722,34421305900,34422449500,1781307126527-0
concurrency_n20_20260613_003117_redis_feed17_rep1,redis,sb:events:n20:feed17:rep1,b84ab3e0-39fb-4518-b0ad-68526de7580d,3895121,464,3.866666666666666,15616608722,34433394300,34434707500,1781307126539-0
concurrency_n20_20260613_003117_redis_feed17_rep1,redis,sb:events:n20:feed17:rep1,deaa61aa-7e2d-476e-a1b3-c29f40339989,3895060,464,3.866666666666666,15616608722,34435293800,34436489200,1781307126541-0
concurrency_n20_20260613_003117_redis_feed17_rep1,redis,sb:events:n20:feed17:rep1,6431f2ce-702c-4ba2-8db4-37f2bd00ac89,3895060,464,3.866666666666666,15616608722,34436896300,34437747000,1781307126542-0
concurrency_n20_20260613_003117_redis_feed17_rep1,redis,sb:events:n20:feed17:rep1,61278b66-9180-45e5-bb3e-c71d04dbcef1,3895134,464,3.866666666666666,15616608722,34437952100,34438736500,1781307126543-0
concurrency_n20_20260613_003117_redis_feed17_rep1,redis,sb:events:n20:feed17:rep1,bb29f3c7-efe6-4b30-9d42-8a14bf33dc2f,3895134,464,3.866666666666666,15616608722,34439055700,34439895900,1781307126544-0
concurrency_n20_20260613_003117_redis_feed17_rep1,redis,sb:events:n20:feed17:rep1,b61ef879-a5f5-4c92-bd8f-b8e2ad5a36bf,3895052,464,3.866666666666666,15616608722,34440198000,34442027400,1781307126545-0
concurrency_n20_20260613_003117_redis_feed17_rep1,redis,sb:events:n20:feed17:rep1,af6308e8-cc7a-42da-8b45-9391354c9dac,3895232,464,464.0,19451053166,34442456300,34443567200,1781307126548-0
concurrency_n20_20260613_003117_redis_feed17_rep1,redis,sb:events:n20:feed17:rep1,8d301eab-3756-4cbc-9cb4-05807eb3f552,3895232,464,464.0,19451053166,34443895100,34445402500,1781307126550-0
concurrency_n20_20260613_003117_redis_feed17_rep1,redis,sb:events:n20:feed17:rep1,059080b3-f1e9-4dac-8329-71424590d9eb,3895232,464,464.0,19451053166,34445628100,34448439900,1781307126551-0
concurrency_n20_20260613_003117_redis_feed17_rep1,redis,sb:events:n20:feed17:rep1,1f6af878-619a-4af7-8f43-67c0d2456b67,3895121,465,3.875,15616678166,34448774100,34478671300,1781307126562-0
concurrency_n20_20260613_003117_redis_feed17_rep1,redis,sb:events:n20:feed17:rep1,c449a2d1-d78f-4f78-8ab2-c382e1ff6859,3895052,465,3.875,15616678166,34479094100,34483179700,1781307126585-0
concurrency_n20_20260613_003117_redis_feed17_rep1,redis,sb:events:n20:feed17:rep1,3551b7d1-4569-4b22-90e3-c6d14cacf651,3895052,465,3.875,15616678166,34483633900,34485841000,1781307126589-0
concurrency_n20_20260613_003117_redis_feed17_rep1,redis,sb:events:n20:feed17:rep1,6b71ceb7-a667-42f4-9c7c-fdb8a7b15086,3895232,465,465.0,19459386500,34498379000,34499830300,1781307126604-0
concurrency_n20_20260613_003117_redis_feed17_rep1,redis,sb:events:n20:feed17:rep1,303979a2-5837-4cc5-9ad1-3182030f82ac,3895074,466,3.883333333333333,15616747611,34500187000,34500905400,1781307126605-0
concurrency_n20_20260613_003117_redis_feed17_rep1,redis,sb:events:n20:feed17:rep1,013d4600-06a8-465f-bb35-4f44f2a423b2,3895074,466,3.883333333333333,15616747611,34501160100,34502199000,1781307126607-0
concurrency_n20_20260613_003117_redis_feed17_rep1,redis,sb:events:n20:feed17:rep1,f028e4d5-c6b7-48a4-9770-794e2dc738cd,3895074,466,3.883333333333333,15616747611,34502448200,34503422100,1781307126608-0
concurrency_n20_20260613_003117_redis_feed17_rep1,redis,sb:events:n20:feed17:rep1,e364364e-9cac-47ee-9ea2-c7e33822f265,3895060,466,3.883333333333333,15616747611,34503784700,34505002300,1781307126609-0
concurrency_n20_20260613_003117_redis_feed17_rep1,redis,sb:events:n20:feed17:rep1,4e0fe5a3-8297-4116-b4d7-bf851fd0018c,3895060,466,3.883333333333333,15616747611,34505200500,34507985400,1781307126611-0
concurrency_n20_20260613_003117_redis_feed17_rep1,redis,sb:events:n20:feed17:rep1,0af34aca-a254-4d7d-8ad5-ca72409977cf,3895060,466,3.883333333333333,15616747611,34508235900,34519394400,1781307126614-0
concurrency_n20_20260613_003117_redis_feed17_rep1,redis,sb:events:n20:feed17:rep1,b3ad3de4-6d68-4620-8f9d-18471494634b,3895060,466,3.883333333333333,15616747611,34523409500,34525375600,1781307126630-0
concurrency_n20_20260613_003117_redis_feed17_rep1,redis,sb:events:n20:feed17:rep1,63e6fa05-2c2d-470c-8275-6b8ceb496a4a,3895134,466,3.883333333333333,15616747611,34525822300,34527380000,1781307126632-0
concurrency_n20_20260613_003117_redis_feed17_rep1,redis,sb:events:n20:feed17:rep1,1b98f1a5-d346-455f-9529-27247914498c,3895134,466,3.883333333333333,15616747611,34537921900,34539415900,1781307126644-0
concurrency_n20_20260613_003117_redis_feed17_rep1,redis,sb:events:n20:feed17:rep1,0ee4dc5e-490f-44ef-9c59-4a579a982af0,3895086,466,3.883333333333333,15616747611,34539722500,34540802900,1781307126645-0
concurrency_n20_20260613_003117_redis_feed17_rep1,redis,sb:events:n20:feed17:rep1,a43c9bfe-f0d8-48d5-b593-c35fbbaa8d07,3895052,466,3.883333333333333,15616747611,34541172100,34545961000,1781307126648-0
concurrency_n20_20260613_003117_redis_feed17_rep1,redis,sb:events:n20:feed17:rep1,ac957123-6287-4181-9ddf-f91054f88fca,3895052,466,3.883333333333333,15616747611,34546263300,34553178800,1781307126657-0
concurrency_n20_20260613_003117_redis_feed17_rep1,redis,sb:events:n20:feed17:rep1,409b6135-4860-4196-a410-db4c43ac388a,3895052,466,3.883333333333333,15616747611,34553487700,34555046900,1781307126659-0
concurrency_n20_20260613_003117_redis_feed17_rep1,redis,sb:events:n20:feed17:rep1,9549342d-0971-4237-a78c-083f5013a5b4,3895232,466,466.0,19467719833,34555482000,34556915600,1781307126661-0
concurrency_n20_20260613_003117_redis_feed17_rep1,redis,sb:events:n20:feed17:rep1,a47135c7-c7ce-4327-9dcf-0e765d266a27,3895232,466,466.0,19467719833,34557282100,34559112200,1781307126663-0
concurrency_n20_20260613_003117_redis_feed17_rep1,redis,sb:events:n20:feed17:rep1,ae6fca84-8fba-476a-a300-aa9d23f581cf,3895134,467,3.8916666666666666,15616817055,34559384500,34561053100,1781307126665-0
concurrency_n20_20260613_003117_redis_feed17_rep1,redis,sb:events:n20:feed17:rep1,ae87be5f-b4b9-4fcf-b6d4-db27833ed71e,3895134,467,3.8916666666666666,15616817055,34561475600,34566494800,1781307126671-0
concurrency_n20_20260613_003117_redis_feed17_rep1,redis,sb:events:n20:feed17:rep1,645b5472-b788-45fa-8455-62ba983607bb,3895134,467,3.8916666666666666,15616817055,34567084400,34568909600,1781307126673-0
concurrency_n20_20260613_003117_redis_feed17_rep1,redis,sb:events:n20:feed17:rep1,84e1b20c-faa3-4218-bb1a-d82a46ce45a4,3895086,467,3.8916666666666666,15616817055,34569277000,34570421700,1781307126675-0
concurrency_n20_20260613_003117_redis_feed17_rep1,redis,sb:events:n20:feed17:rep1,4c2acb78-bee3-4df6-bbcb-7a2df1dc374a,3895052,467,3.8916666666666666,15616817055,34570994800,34572017100,1781307126676-0
concurrency_n20_20260613_003117_redis_feed17_rep1,redis,sb:events:n20:feed17:rep1,2836e779-03ba-41bb-bdcb-edf7956e6b91,3895232,467,467.0,19476053166,34572247900,34573634000,1781307126678-0
concurrency_n20_20260613_003117_redis_feed17_rep1,redis,sb:events:n20:feed17:rep1,bd3bb747-07a6-41e7-a9e0-9b8907f415aa,3895074,468,3.9,15616886500,34573852400,34576354800,1781307126680-0
concurrency_n20_20260613_003117_redis_feed17_rep1,redis,sb:events:n20:feed17:rep1,d37e9558-faa8-4cce-8bcb-fbd8c48cf9cf,3895060,468,3.9,15616886500,34576723000,34579896500,1781307126682-0
concurrency_n20_20260613_003117_redis_feed17_rep1,redis,sb:events:n20:feed17:rep1,5409a951-4b20-4108-a97a-36a24c36cb89,3895060,468,3.9,15616886500,34580176500,34582249100,1781307126686-0
concurrency_n20_20260613_003117_redis_feed17_rep1,redis,sb:events:n20:feed17:rep1,30ef8b1c-6588-4e1e-bcf4-0d3c0a45c139,3895060,468,3.9,15616886500,34582476000,34584177100,1781307126688-0
concurrency_n20_20260613_003117_redis_feed17_rep1,redis,sb:events:n20:feed17:rep1,275defc8-f603-4d1d-b38a-f7b1899bdca9,3895086,468,3.9,15616886500,34584403600,34585844400,1781307126690-0
concurrency_n20_20260613_003117_redis_feed17_rep1,redis,sb:events:n20:feed17:rep1,16426f2c-7c8e-441a-a259-6347e0334371,3895086,468,3.9,15616886500,34586188500,34587639900,1781307126692-0
concurrency_n20_20260613_003117_redis_feed17_rep1,redis,sb:events:n20:feed17:rep1,bba80fb6-c872-411c-a2d2-d1c418948a2e,3895052,468,3.9,15616886500,34587930500,34589817500,1781307126694-0
concurrency_n20_20260613_003117_redis_feed17_rep1,redis,sb:events:n20:feed17:rep1,ce7e48a5-3f4f-4e84-a140-2689cd1f7712,3895052,468,3.9,15616886500,34590098500,34591801000,1781307126696-0
concurrency_n20_20260613_003117_redis_feed17_rep1,redis,sb:events:n20:feed17:rep1,832f8c00-6f68-4abc-8696-c7994a78950f,3895232,468,468.0,19484386500,34596512000,34598366800,1781307126703-0
concurrency_n20_20260613_003117_redis_feed17_rep1,redis,sb:events:n20:feed17:rep1,4c1fb0f8-bc75-49c4-8050-7036fb95d5f9,3895232,468,468.0,19484386500,34598692200,34599962100,1781307126704-0
concurrency_n20_20260613_003117_redis_feed17_rep1,redis,sb:events:n20:feed17:rep1,a9def167-8157-42a4-96f3-e4b278ed2525,3895121,469,3.908333333333333,15616955944,34600190300,34603463400,1781307126706-0
concurrency_n20_20260613_003117_redis_feed17_rep1,redis,sb:events:n20:feed17:rep1,fa568f8a-62e2-45cb-b62c-69e3b2cacda4,3895121,469,3.908333333333333,15616955944,34605201600,34608339200,1781307126711-0
concurrency_n20_20260613_003117_redis_feed17_rep1,redis,sb:events:n20:feed17:rep1,ebfd9584-3fec-4468-b6c9-2b135766992e,3895121,469,3.908333333333333,15616955944,34608752900,34610650100,1781307126714-0
concurrency_n20_20260613_003117_redis_feed17_rep1,redis,sb:events:n20:feed17:rep1,80e8922d-98e3-4bc8-bcaf-156829157039,3895060,469,3.908333333333333,15616955944,34610887200,34628758300,1781307126731-0
concurrency_n20_20260613_003117_redis_feed17_rep1,redis,sb:events:n20:feed17:rep1,c9b74997-4a4f-4774-a1af-bf540a8a9b8b,3895060,469,3.908333333333333,15616955944,34629009100,34645679400,1781307126749-0
concurrency_n20_20260613_003117_redis_feed17_rep1,redis,sb:events:n20:feed17:rep1,68ee32a6-8016-4c53-b5a2-6df329c71f4c,3895134,469,3.908333333333333,15616955944,34645991900,34654975300,1781307126757-0
concurrency_n20_20260613_003117_redis_feed17_rep1,redis,sb:events:n20:feed17:rep1,b434c3de-f024-4a7b-9f87-a737b201d788,3895086,469,3.908333333333333,15616955944,34655301300,34657081400,1781307126761-0
concurrency_n20_20260613_003117_redis_feed17_rep1,redis,sb:events:n20:feed17:rep1,7f21e78e-001c-4e28-b353-a1175416b591,3895052,469,3.908333333333333,15616955944,34657318800,34658415100,1781307126763-0
concurrency_n20_20260613_003117_redis_feed17_rep1,redis,sb:events:n20:feed17:rep1,df41d240-b258-46b6-9a06-bb7dd255ee20,3895052,469,3.908333333333333,15616955944,34658775900,34659466900,1781307126764-0
concurrency_n20_20260613_003117_redis_feed17_rep1,redis,sb:events:n20:feed17:rep1,96c175b8-81bc-4f63-b47d-ee2fe7c7e8ff,3895121,470,3.9166666666666665,15617025388,34659700500,34660370600,1781307126765-0
concurrency_n20_20260613_003117_redis_feed17_rep1,redis,sb:events:n20:feed17:rep1,4b0b32e6-dd8d-41ea-8863-b654c344fa3d,3895121,470,3.9166666666666665,15617025388,34660548500,34661448700,1781307126766-0
concurrency_n20_20260613_003117_redis_feed17_rep1,redis,sb:events:n20:feed17:rep1,5362354e-6dbb-40e7-9ae8-6d34557bd7c7,3895121,470,3.9166666666666665,15617025388,34670762500,34672377600,1781307126777-0
concurrency_n20_20260613_003117_redis_feed17_rep1,redis,sb:events:n20:feed17:rep1,f1a74c60-c0cd-467b-ac77-18a6169d4b7b,3895074,470,3.9166666666666665,15617025388,34672677900,34673869700,1781307126778-0
concurrency_n20_20260613_003117_redis_feed17_rep1,redis,sb:events:n20:feed17:rep1,ed2e75e9-5843-4f97-b711-64b6bf43ecda,3895074,470,3.9166666666666665,15617025388,34674095900,34675154400,1781307126779-0
concurrency_n20_20260613_003117_redis_feed17_rep1,redis,sb:events:n20:feed17:rep1,5292885e-2105-49ba-91e7-7f6279241aa9,3895074,470,3.9166666666666665,15617025388,34683748700,34684918900,1781307126789-0
concurrency_n20_20260613_003117_redis_feed17_rep1,redis,sb:events:n20:feed17:rep1,a795d859-ddcc-42d7-9ce1-dd700c073a65,3895067,470,3.9166666666666665,15617025388,34685220800,34686071500,1781307126791-0
concurrency_n20_20260613_003117_redis_feed17_rep1,redis,sb:events:n20:feed17:rep1,1d0a36b8-9678-4f8f-b24a-c000fa11ba73,3895067,470,3.9166666666666665,15617025388,34686396800,34687352100,1781307126792-0
concurrency_n20_20260613_003117_redis_feed17_rep1,redis,sb:events:n20:feed17:rep1,af95cc8d-e342-4dc0-9da9-bb69cc894f5d,3895067,470,3.9166666666666665,15617025388,34687740100,34689261500,1781307126794-0
concurrency_n20_20260613_003117_redis_feed17_rep1,redis,sb:events:n20:feed17:rep1,143e3880-b96d-4361-9887-8cea825d687d,3895086,470,3.9166666666666665,15617025388,34689611200,34692611100,1781307126796-0
concurrency_n20_20260613_003117_redis_feed17_rep1,redis,sb:events:n20:feed17:rep1,83e68a0d-c4c4-4fc7-97dc-eb7f181765b9,3895086,470,3.9166666666666665,15617025388,34692887000,34695581100,1781307126799-0
concurrency_n20_20260613_003117_redis_feed17_rep1,redis,sb:events:n20:feed17:rep1,b28f6401-5433-4435-b1f4-17cf164072f7,3895052,470,3.9166666666666665,15617025388,34695931400,34697184100,1781307126802-0
concurrency_n20_20260613_003117_redis_feed17_rep1,redis,sb:events:n20:feed17:rep1,3fd1b5d6-f4a7-405d-be71-58f35782e15c,3895052,470,3.9166666666666665,15617025388,34697407500,34698537100,1781307126803-0
concurrency_n20_20260613_003117_redis_feed17_rep1,redis,sb:events:n20:feed17:rep1,f23fcdfa-3dcf-4322-8d2e-f19f1e6c8d62,3895121,471,3.925,15617094833,34698975100,34700023100,1781307126804-0
concurrency_n20_20260613_003117_redis_feed17_rep1,redis,sb:events:n20:feed17:rep1,a26597e5-95eb-4963-a281-76f61140468d,3895121,471,3.925,15617094833,34700304000,34701189300,1781307126806-0
concurrency_n20_20260613_003117_redis_feed17_rep1,redis,sb:events:n20:feed17:rep1,2ad11371-a3df-4044-86dd-dc92f137f9f8,3895074,471,3.925,15617094833,34701398100,34702409400,1781307126807-0
concurrency_n20_20260613_003117_redis_feed17_rep1,redis,sb:events:n20:feed17:rep1,d89e977a-5af4-45cb-a248-6144e037ff02,3895067,471,3.925,15617094833,34702698800,34709525600,1781307126814-0
concurrency_n20_20260613_003117_redis_feed17_rep1,redis,sb:events:n20:feed17:rep1,70544f47-c38c-43dc-a3c3-d5811c80fe81,3895134,471,3.925,15617094833,34709795800,34712135700,1781307126816-0
concurrency_n20_20260613_003117_redis_feed17_rep1,redis,sb:events:n20:feed17:rep1,0628e032-a67c-461e-81b6-eb7ad1ca851f,3895134,471,3.925,15617094833,34712556000,34714316900,1781307126818-0
concurrency_n20_20260613_003117_redis_feed17_rep1,redis,sb:events:n20:feed17:rep1,f31a81ec-4289-4c9e-a352-8a8ecf402f40,3895134,471,3.925,15617094833,34714564900,34727795900,1781307126829-0
concurrency_n20_20260613_003117_redis_feed17_rep1,redis,sb:events:n20:feed17:rep1,564b992f-a93b-47e2-a3c8-58f58a03c64c,3895086,471,3.925,15617094833,34728504000,34742496200,1781307126847-0
concurrency_n20_20260613_003117_redis_feed17_rep1,redis,sb:events:n20:feed17:rep1,0e75662f-3fdf-48d0-80d9-e67fcfafc207,3895052,471,3.925,15617094833,34743469800,34752692900,1781307126857-0
concurrency_n20_20260613_003117_redis_feed17_rep1,redis,sb:events:n20:feed17:rep1,c3269675-f558-4485-9a70-7d4ed431a1e2,3895232,471,471.0,19509386500,34752957300,34753883600,1781307126858-0
concurrency_n20_20260613_003117_redis_feed17_rep1,redis,sb:events:n20:feed17:rep1,98b78ad0-eb59-4eb0-8829-c9320b3eebae,3895067,472,3.933333333333333,15617164277,34754167100,34755781500,1781307126859-0
concurrency_n20_20260613_003117_redis_feed17_rep1,redis,sb:events:n20:feed17:rep1,ea660348-9477-44af-a655-fcaed91d91f8,3895067,472,3.933333333333333,15617164277,34770967800,34773585700,1781307126878-0
concurrency_n20_20260613_003117_redis_feed17_rep1,redis,sb:events:n20:feed17:rep1,5438d909-eb08-4a8c-9503-c7bdd8f341b0,3895086,472,3.933333333333333,15617164277,34773891400,34776818000,1781307126880-0
concurrency_n20_20260613_003117_redis_feed17_rep1,redis,sb:events:n20:feed17:rep1,616c033c-18b5-41a1-a5ca-9add2bcbaf09,3895232,472,472.0,19517719833,34777169600,34778686700,1781307126883-0
concurrency_n20_20260613_003117_redis_feed17_rep1,redis,sb:events:n20:feed17:rep1,5ea996f0-310a-4cd6-b503-5bb4a94c26f0,3895232,472,472.0,19517719833,34779054000,34780780500,1781307126885-0
concurrency_n20_20260613_003117_redis_feed17_rep1,redis,sb:events:n20:feed17:rep1,5a1224f9-cee7-481f-b467-6d6c61240bd0,3895074,473,3.941666666666667,15617233722,34781037800,34783828600,1781307126888-0
concurrency_n20_20260613_003117_redis_feed17_rep1,redis,sb:events:n20:feed17:rep1,736ddb9b-44e9-4a00-b625-037a699bbbda,3895074,473,3.941666666666667,15617233722,34784125800,34794794300,1781307126899-0
concurrency_n20_20260613_003117_redis_feed17_rep1,redis,sb:events:n20:feed17:rep1,033ce2f9-2f53-430a-ba21-b9765bb014d3,3895134,473,3.941666666666667,15617233722,34795260700,34796216100,1781307126901-0
concurrency_n20_20260613_003117_redis_feed17_rep1,redis,sb:events:n20:feed17:rep1,9c22693c-1a75-479c-a62b-ad9b8d7102f5,3895134,473,3.941666666666667,15617233722,34796467700,34806810800,1781307126902-0
concurrency_n20_20260613_003117_redis_feed17_rep1,redis,sb:events:n20:feed17:rep1,f4eea71a-2476-4f0c-8802-c9fe7503a3eb,3895086,473,3.941666666666667,15617233722,34807121500,34823472600,1781307126924-0
concurrency_n20_20260613_003117_redis_feed17_rep1,redis,sb:events:n20:feed17:rep1,96e8d159-a7c9-4e88-8221-cc6182130e2c,3895086,473,3.941666666666667,15617233722,34827205600,34830134500,1781307126933-0
concurrency_n20_20260613_003117_redis_feed17_rep1,redis,sb:events:n20:feed17:rep1,1fcb5bfe-e4e9-40cc-9cca-18a932fd1d98,3895232,473,473.0,19526053166,34836725400,34839701400,1781307126943-0
concurrency_n20_20260613_003117_redis_feed17_rep1,redis,sb:events:n20:feed17:rep1,763d58f2-630f-42e6-84f6-858bc0a94324,3895067,474,3.95,15617303166,34840061900,34843184400,1781307126946-0
concurrency_n20_20260613_003117_redis_feed17_rep1,redis,sb:events:n20:feed17:rep1,0744fba3-56cb-428d-bf40-a354a2b63441,3895067,474,3.95,15617303166,34843551500,34848730100,1781307126950-0
concurrency_n20_20260613_003117_redis_feed17_rep1,redis,sb:events:n20:feed17:rep1,916a9bb1-597a-466a-a634-35a877e27113,3895067,474,3.95,15617303166,34856535200,34859760100,1781307126962-0
concurrency_n20_20260613_003117_redis_feed17_rep1,redis,sb:events:n20:feed17:rep1,fc654822-aa94-435d-a06c-7894b15c0bde,3895086,474,3.95,15617303166,34860065600,34862392500,1781307126966-0
concurrency_n20_20260613_003117_redis_feed17_rep1,redis,sb:events:n20:feed17:rep1,832afd0b-9588-4cc4-8963-9ecc26783b76,3895086,474,3.95,15617303166,34862622700,34866883900,1781307126970-0
concurrency_n20_20260613_003117_redis_feed17_rep1,redis,sb:events:n20:feed17:rep1,a3936bd8-2cca-40a6-bb05-e0fdbe9bebd2,3895232,474,474.0,19534386500,34867447200,34869710300,1781307126973-0
concurrency_n20_20260613_003117_redis_feed17_rep1,redis,sb:events:n20:feed17:rep1,2cc8e083-9ca4-42e3-99e5-e3a2ee2ee57e,3895060,475,3.9583333333333335,15617372611,34870030100,34874625600,1781307126976-0
concurrency_n20_20260613_003117_redis_feed17_rep1,redis,sb:events:n20:feed17:rep1,b7aa1457-1911-4c54-86d1-eeba7711879a,3895067,475,3.9583333333333335,15617372611,34875026300,34876232500,1781307126981-0
concurrency_n20_20260613_003117_redis_feed17_rep1,redis,sb:events:n20:feed17:rep1,90c97a83-0af0-422d-bb6b-ac616a0e970c,3895067,475,3.9583333333333335,15617372611,34876548500,34880717100,1781307126983-0
concurrency_n20_20260613_003117_redis_feed17_rep1,redis,sb:events:n20:feed17:rep1,f6e716c5-a169-4919-9d7e-ed4c2e6999f6,3895134,475,3.9583333333333335,15617372611,34881109700,34884474600,1781307126988-0
concurrency_n20_20260613_003117_redis_feed17_rep1,redis,sb:events:n20:feed17:rep1,c99b5c95-6e99-47dc-ab41-cff7279e6e16,3895232,475,475.0,19542719833,34884827600,34888377300,1781307126991-0
concurrency_n20_20260613_003117_redis_feed17_rep1,redis,sb:events:n20:feed17:rep1,e4302bfa-1979-4b93-a7c5-968ca7eeb7a6,3895232,475,475.0,19542719833,34888612600,34889916300,1781307126994-0
concurrency_n20_20260613_003117_redis_feed17_rep1,redis,sb:events:n20:feed17:rep1,8122379d-c427-4de0-8643-d44884029591,3895232,475,475.0,19542719833,34890148900,34910145900,1781307127012-0
concurrency_n20_20260613_003117_redis_feed17_rep1,redis,sb:events:n20:feed17:rep1,d09e1dad-7cbf-4ef4-b81e-5bfe0b54a46c,3895060,476,3.966666666666667,15617442055,34910430200,34912343800,1781307127016-0
concurrency_n20_20260613_003117_redis_feed17_rep1,redis,sb:events:n20:feed17:rep1,14c258e3-87a9-4477-8737-28fe88293009,3895060,476,3.966666666666667,15617442055,34912578000,34939031200,1781307127035-0
concurrency_n20_20260613_003117_redis_feed17_rep1,redis,sb:events:n20:feed17:rep1,8974c6d2-f53a-48ed-9034-774ad8eb6a0d,3895060,476,3.966666666666667,15617442055,34939345100,34943313900,1781307127045-0
concurrency_n20_20260613_003117_redis_feed17_rep1,redis,sb:events:n20:feed17:rep1,8848ed44-1708-4b22-9b9a-65f860954a94,3895067,476,3.966666666666667,15617442055,34943555200,34950432300,1781307127051-0
concurrency_n20_20260613_003117_redis_feed17_rep1,redis,sb:events:n20:feed17:rep1,a8ae1297-c18b-48d8-8655-2179adf257c6,3895134,476,3.966666666666667,15617442055,34950871000,34956836200,1781307127059-0
concurrency_n20_20260613_003117_redis_feed17_rep1,redis,sb:events:n20:feed17:rep1,117e1f76-6ab5-43de-9ce6-aed027465ea8,3895086,476,3.966666666666667,15617442055,34957107500,34964274000,1781307127063-0
concurrency_n20_20260613_003117_redis_feed17_rep1,redis,sb:events:n20:feed17:rep1,df15e63e-b2c9-4e11-ae4e-c573a8c0e412,3895232,476,476.0,19551053166,34965394400,34967465700,1781307127072-0
concurrency_n20_20260613_003117_redis_feed17_rep1,redis,sb:events:n20:feed17:rep1,dae3c50a-759b-4be2-90ea-0c453edb9bea,3895232,476,476.0,19551053166,34968135500,34969395900,1781307127074-0
concurrency_n20_20260613_003117_redis_feed17_rep1,redis,sb:events:n20:feed17:rep1,7c90d133-3370-4b34-8684-8718b06cf678,3895232,476,476.0,19551053166,34976730400,34977944900,1781307127082-0
concurrency_n20_20260613_003117_redis_feed17_rep1,redis,sb:events:n20:feed17:rep1,972ab2c7-5124-4546-881b-68c14ae1221e,3895060,477,3.975,15617511500,34978274300,34979332300,1781307127084-0
concurrency_n20_20260613_003117_redis_feed17_rep1,redis,sb:events:n20:feed17:rep1,ae535027-1a9b-460d-afb7-ca950e5f6454,3895060,477,3.975,15617511500,34979569600,34980570400,1781307127085-0
concurrency_n20_20260613_003117_redis_feed17_rep1,redis,sb:events:n20:feed17:rep1,8532b186-9a6a-4a44-a560-98874af82849,3895060,477,3.975,15617511500,34980850300,34981753000,1781307127086-0
concurrency_n20_20260613_003117_redis_feed17_rep1,redis,sb:events:n20:feed17:rep1,244dfe20-6f6e-4563-bb81-bd9571da46cc,3895067,477,3.975,15617511500,34981976500,34983002900,1781307127087-0
concurrency_n20_20260613_003117_redis_feed17_rep1,redis,sb:events:n20:feed17:rep1,8be3754f-352d-4b91-bea2-1ee0c8bcfee6,3895067,477,3.975,15617511500,34983246200,34984548500,1781307127089-0
concurrency_n20_20260613_003117_redis_feed17_rep1,redis,sb:events:n20:feed17:rep1,373dc7bd-d13d-460b-9ad3-78036b35a08c,3895134,477,3.975,15617511500,34984938700,34995554600,1781307127091-0
concurrency_n20_20260613_003117_redis_feed17_rep1,redis,sb:events:n20:feed17:rep1,6b49f0b1-0667-49fc-9bd5-b77c657d113e,3895134,477,3.975,15617511500,34997189700,34998364000,1781307127103-0
concurrency_n20_20260613_003117_redis_feed17_rep1,redis,sb:events:n20:feed17:rep1,953250cd-ee87-42f7-8410-b94cce63746a,3895134,477,3.975,15617511500,34998664700,34999870800,1781307127104-0
concurrency_n20_20260613_003117_redis_feed17_rep1,redis,sb:events:n20:feed17:rep1,7d4c9d22-2c9b-41d1-94c9-5a0adeb7353e,3895086,477,3.975,15617511500,35000326200,35001258300,1781307127106-0
concurrency_n20_20260613_003117_redis_feed17_rep1,redis,sb:events:n20:feed17:rep1,d2a3b47f-7400-4125-a313-daa4691f910e,3895086,477,3.975,15617511500,35001493200,35002582100,1781307127107-0
concurrency_n20_20260613_003117_redis_feed17_rep1,redis,sb:events:n20:feed17:rep1,3e201386-8893-4dee-a4c3-af69f9b83293,3895232,477,477.0,19559386500,35003258000,35007813400,1781307127109-0
concurrency_n20_20260613_003117_redis_feed17_rep1,redis,sb:events:n20:feed17:rep1,5e5c8928-248c-4406-8c95-dfe04df58789,3895232,477,477.0,19559386500,35008274500,35012816300,1781307127115-0
concurrency_n20_20260613_003117_redis_feed17_rep1,redis,sb:events:n20:feed17:rep1,12c15061-087d-41f5-a774-eb2a7d7c9239,3895232,477,477.0,19559386500,35013220800,35015293700,1781307127119-0
concurrency_n20_20260613_003117_redis_feed17_rep1,redis,sb:events:n20:feed17:rep1,ddde6ce4-3882-4c5f-8ff4-ec7aad5e9cea,3895060,478,3.983333333333333,15617580944,35015613900,35021331300,1781307127121-0
concurrency_n20_20260613_003117_redis_feed17_rep1,redis,sb:events:n20:feed17:rep1,370792a4-6940-42de-99a4-331696d204f2,3895060,478,3.983333333333333,15617580944,35021665900,35029071400,1781307127130-0
concurrency_n20_20260613_003117_redis_feed17_rep1,redis,sb:events:n20:feed17:rep1,f7ee8391-8962-4fd7-a136-65b296f2d8cf,3895134,478,3.983333333333333,15617580944,35029390800,35031449700,1781307127135-0
concurrency_n20_20260613_003117_redis_feed17_rep1,redis,sb:events:n20:feed17:rep1,8a1a4c5a-cfb0-428e-b323-174a4864193c,3895134,478,3.983333333333333,15617580944,35031726400,35038192100,1781307127137-0
concurrency_n20_20260613_003117_redis_feed17_rep1,redis,sb:events:n20:feed17:rep1,53f7dfa9-747e-4181-82ac-41ca2bc3822c,3895121,479,3.991666666666666,15617650388,35039115400,35040095500,1781307127145-0
concurrency_n20_20260613_003117_redis_feed17_rep1,redis,sb:events:n20:feed17:rep1,aedad7e5-5109-43e5-9b0d-81cfdf493ec6,3895107,479,3.991666666666666,15617650388,35040315700,35041568500,1781307127146-0
concurrency_n20_20260613_003117_redis_feed17_rep1,redis,sb:events:n20:feed17:rep1,16f91cec-0a01-42f4-8808-b253d5027be9,3895134,479,3.991666666666666,15617650388,35042506100,35050588600,1781307127155-0
concurrency_n20_20260613_003117_redis_feed17_rep1,redis,sb:events:n20:feed17:rep1,908f0f79-14ce-4dc5-ac04-dc1ce7df95c4,3895134,479,3.991666666666666,15617650388,35051140700,35052536100,1781307127157-0
concurrency_n20_20260613_003117_redis_feed17_rep1,redis,sb:events:n20:feed17:rep1,29b69ac5-f3de-4f44-8a84-890f758f85d5,3895134,479,3.991666666666666,15617650388,35052745500,35058211800,1781307127158-0
concurrency_n20_20260613_003117_redis_feed17_rep1,redis,sb:events:n20:feed17:rep1,640c9445-740a-40ee-bfe0-9da420e365ad,3895232,479,479.0,19576053166,35058620300,35059948800,1781307127164-0
concurrency_n20_20260613_003117_redis_feed17_rep1,redis,sb:events:n20:feed17:rep1,4e7f9664-7f7d-4eee-bcbc-a4f798a57737,3895232,479,479.0,19576053166,35060190900,35060887300,1781307127166-0
concurrency_n20_20260613_003117_redis_feed17_rep1,redis,sb:events:n20:feed17:rep1,46aa7155-34a5-4162-9d3e-1ca39c1afcb5,3895232,479,479.0,19576053166,35061176600,35062060400,1781307127167-0
concurrency_n20_20260613_003117_redis_feed17_rep1,redis,sb:events:n20:feed17:rep1,ce7eaee9-1392-467c-9ea2-5e560b49cdee,3895232,479,479.0,19576053166,35062271600,35065768200,1781307127168-0
concurrency_n20_20260613_003117_redis_feed17_rep1,redis,sb:events:n20:feed17:rep1,34e00a0f-019e-4013-8163-be2bad34c35f,3895232,479,479.0,19576053166,35066274000,35068881100,1781307127172-0
concurrency_n20_20260613_003117_redis_feed17_rep1,redis,sb:events:n20:feed17:rep1,1924856e-1232-4f4a-9d09-ddbf49774875,3895232,479,479.0,19576053166,35069194500,35071037500,1781307127175-0
concurrency_n20_20260613_003117_redis_feed17_rep1,redis,sb:events:n20:feed17:rep1,93bc8414-6306-4905-b42e-2eacaea2f209,3895232,479,479.0,19576053166,35071280700,35074011000,1781307127177-0
concurrency_n20_20260613_003117_redis_feed17_rep1,redis,sb:events:n20:feed17:rep1,89a798fc-4ca8-4ef3-b77b-b4067a3072e7,3895074,480,4.0,15617719833,35074825400,35080414900,1781307127183-0
concurrency_n20_20260613_003117_redis_feed17_rep1,redis,sb:events:n20:feed17:rep1,c6d9a786-6fdb-4837-b172-c7206bc135b3,3895086,480,4.0,15617719833,35080667200,35095947300,1781307127200-0
concurrency_n20_20260613_003117_redis_feed17_rep1,redis,sb:events:n20:feed17:rep1,24b86b4b-a054-4249-b219-ee01b5b9c20d,3895086,480,4.0,15617719833,35096219300,35098470300,1781307127202-0
concurrency_n20_20260613_003117_redis_feed17_rep1,redis,sb:events:n20:feed17:rep1,c42ddc13-8e10-4684-99d7-5725503214d8,3895086,480,4.0,15617719833,35098809000,35113615800,1781307127217-0
concurrency_n20_20260613_003117_redis_feed17_rep1,redis,sb:events:n20:feed17:rep1,7ef27699-3aca-4001-a41e-b73a91fafcfd,3895113,480,4.0,15617719833,35113910900,35132969200,1781307127235-0
concurrency_n20_20260613_003117_redis_feed17_rep1,redis,sb:events:n20:feed17:rep1,3967b888-af92-488f-bd9b-7b3b493492c0,3895232,480,480.0,19584386500,35133218100,35139298900,1781307127239-0
concurrency_n20_20260613_003117_redis_feed17_rep1,redis,sb:events:n20:feed17:rep1,bac030eb-785f-4355-9c50-83b6107655e4,3895232,480,480.0,19584386500,35139535900,35141869700,1781307127246-0
concurrency_n20_20260613_003117_redis_feed17_rep1,redis,sb:events:n20:feed17:rep1,dbeb1fe3-ad84-404e-9f8d-0c1b827c1318,3895121,481,4.008333333333334,15617789277,35142163000,35152835900,1781307127254-0
concurrency_n20_20260613_003117_redis_feed17_rep1,redis,sb:events:n20:feed17:rep1,74ec5700-b779-47b1-85cd-96b1b98339f2,3895121,481,4.008333333333334,15617789277,35153161900,35164753200,1781307127269-0
concurrency_n20_20260613_003117_redis_feed17_rep1,redis,sb:events:n20:feed17:rep1,13b8dcbe-a434-4e86-971f-b214f2ea3e2e,3895134,481,4.008333333333334,15617789277,35164996400,35165765900,1781307127270-0
concurrency_n20_20260613_003117_redis_feed17_rep1,redis,sb:events:n20:feed17:rep1,4aacddba-d73e-4d40-ab6b-a9f793127492,3895134,481,4.008333333333334,15617789277,35165947700,35166922000,1781307127272-0
concurrency_n20_20260613_003117_redis_feed17_rep1,redis,sb:events:n20:feed17:rep1,4df1d2ee-9317-4f28-9743-f930dbf6951b,3895232,481,481.0,19592719833,35167121500,35169625300,1781307127273-0
concurrency_n20_20260613_003117_redis_feed17_rep1,redis,sb:events:n20:feed17:rep1,3f5ddab5-27ce-47e8-af7e-336e770db44f,3895074,482,4.016666666666667,15617858722,35169888100,35171270600,1781307127276-0
concurrency_n20_20260613_003117_redis_feed17_rep1,redis,sb:events:n20:feed17:rep1,e2642e4c-ef25-4f71-9c1d-41ca3d90afb0,3895074,482,4.016666666666667,15617858722,35171607700,35172445800,1781307127277-0
concurrency_n20_20260613_003117_redis_feed17_rep1,redis,sb:events:n20:feed17:rep1,f4bf9f3e-fa6e-47a3-ad62-2932f0db7659,3895060,482,4.016666666666667,15617858722,35172792100,35174098900,1781307127278-0
concurrency_n20_20260613_003117_redis_feed17_rep1,redis,sb:events:n20:feed17:rep1,285cf6ae-4c95-4012-99f8-f22d78055627,3895060,482,4.016666666666667,15617858722,35174937100,35176123400,1781307127281-0
concurrency_n20_20260613_003117_redis_feed17_rep1,redis,sb:events:n20:feed17:rep1,837fea5f-21ea-4230-bbbd-6453627b552d,3895060,482,4.016666666666667,15617858722,35176355600,35177279800,1781307127282-0
concurrency_n20_20260613_003117_redis_feed17_rep1,redis,sb:events:n20:feed17:rep1,95238892-450f-4835-8948-5655fb7d2a1d,3895107,482,4.016666666666667,15617858722,35177521100,35178828400,1781307127283-0
concurrency_n20_20260613_003117_redis_feed17_rep1,redis,sb:events:n20:feed17:rep1,8993f7b5-53ef-4450-abf1-fc158962b361,3895107,482,4.016666666666667,15617858722,35179046900,35180886200,1781307127285-0
concurrency_n20_20260613_003117_redis_feed17_rep1,redis,sb:events:n20:feed17:rep1,0adc0c81-8baf-494a-95bc-290b2e78c770,3895113,482,4.016666666666667,15617858722,35181117700,35186003300,1781307127288-0
concurrency_n20_20260613_003117_redis_feed17_rep1,redis,sb:events:n20:feed17:rep1,b76bd532-c731-40f2-a89d-54e54004daa3,3895113,482,4.016666666666667,15617858722,35186466800,35189705400,1781307127292-0
concurrency_n20_20260613_003117_redis_feed17_rep1,redis,sb:events:n20:feed17:rep1,ceb3caa1-56d5-4fed-a5f7-845b5dfabc79,3895113,482,4.016666666666667,15617858722,35190016400,35199062100,1781307127296-0
concurrency_n20_20260613_003117_redis_feed17_rep1,redis,sb:events:n20:feed17:rep1,7ac2098f-31b5-4649-bce3-7a1eed778b7b,3895232,482,482.0,19601053166,35199747600,35200973500,1781307127306-0
concurrency_n20_20260613_003117_redis_feed17_rep1,redis,sb:events:n20:feed17:rep1,ca7748eb-3897-4456-b2ef-1f825740617b,3895121,483,4.025,15617928166,35201202300,35202300800,1781307127307-0
concurrency_n20_20260613_003117_redis_feed17_rep1,redis,sb:events:n20:feed17:rep1,8da412b2-81d6-413b-8752-bb248389a056,3895107,483,4.025,15617928166,35202555600,35203613900,1781307127308-0
concurrency_n20_20260613_003117_redis_feed17_rep1,redis,sb:events:n20:feed17:rep1,664c8602-ba21-44c4-a57e-03ca8bfbd2a3,3895086,483,4.025,15617928166,35203821200,35204573700,1781307127309-0
concurrency_n20_20260613_003117_redis_feed17_rep1,redis,sb:events:n20:feed17:rep1,92836f1b-71fd-43d3-aa9a-0311e4a62d38,3895113,483,4.025,15617928166,35204781300,35205442300,1781307127310-0
concurrency_n20_20260613_003117_redis_feed17_rep1,redis,sb:events:n20:feed17:rep1,9e9da6ed-85eb-48f7-ac76-bd103fd600aa,3895232,483,483.0,19609386500,35205606900,35207483900,1781307127312-0
concurrency_n20_20260613_003117_redis_feed17_rep1,redis,sb:events:n20:feed17:rep1,4b7b1725-4e30-455d-9c30-8d463b788c51,3895232,483,483.0,19609386500,35207707900,35212563900,1781307127313-0
concurrency_n20_20260613_003117_redis_feed17_rep1,redis,sb:events:n20:feed17:rep1,047e3d1d-965e-451e-9e8d-46e9bfcf3e56,3895121,484,4.033333333333333,15617997611,35212924100,35233198300,1781307127335-0
concurrency_n20_20260613_003117_redis_feed17_rep1,redis,sb:events:n20:feed17:rep1,87d38202-5915-49d4-86be-09ae2f7ab10b,3895121,484,4.033333333333333,15617997611,35233605800,35235363600,1781307127339-0
concurrency_n20_20260613_003117_redis_feed17_rep1,redis,sb:events:n20:feed17:rep1,c3bfecfb-e856-4a3c-ba74-a055a8619542,3895074,484,4.033333333333333,15617997611,35235827000,35243044700,1781307127341-0
concurrency_n20_20260613_003117_redis_feed17_rep1,redis,sb:events:n20:feed17:rep1,a76d4db8-b7c8-4e40-bdf5-cf6c0cb201b4,3895060,484,4.033333333333333,15617997611,35243747400,35245047600,1781307127350-0
concurrency_n20_20260613_003117_redis_feed17_rep1,redis,sb:events:n20:feed17:rep1,951e7ac9-28e8-49ac-b093-c767b98fe62f,3895134,484,4.033333333333333,15617997611,35245230900,35246130400,1781307127351-0
concurrency_n20_20260613_003117_redis_feed17_rep1,redis,sb:events:n20:feed17:rep1,c778d902-0701-4e35-a2a4-5948422bd79f,3895121,485,4.041666666666667,15618067055,35246304400,35247629900,1781307127352-0
concurrency_n20_20260613_003117_redis_feed17_rep1,redis,sb:events:n20:feed17:rep1,b1af8396-df2a-4b40-ae2c-691eea7b965b,3895074,485,4.041666666666667,15618067055,35248056400,35249050500,1781307127354-0
concurrency_n20_20260613_003117_redis_feed17_rep1,redis,sb:events:n20:feed17:rep1,7d16a773-01d1-473b-812c-282c1e6890d5,3895074,485,4.041666666666667,15618067055,35249273700,35251379300,1781307127355-0
concurrency_n20_20260613_003117_redis_feed17_rep1,redis,sb:events:n20:feed17:rep1,8383a687-f70b-42dd-a2dd-22641f5009aa,3895060,485,4.041666666666667,15618067055,35251797000,35252802700,1781307127357-0
concurrency_n20_20260613_003117_redis_feed17_rep1,redis,sb:events:n20:feed17:rep1,85b77830-bcf8-4e34-bca8-468c92c6ef32,3895107,485,4.041666666666667,15618067055,35252999800,35271257100,1781307127372-0
concurrency_n20_20260613_003117_redis_feed17_rep1,redis,sb:events:n20:feed17:rep1,ed1633a7-5f8b-4e48-979f-8d47a597c0d4,3895107,485,4.041666666666667,15618067055,35271502700,35272908400,1781307127377-0
concurrency_n20_20260613_003117_redis_feed17_rep1,redis,sb:events:n20:feed17:rep1,7f90e39a-649d-4fca-98a8-b4d30215a07b,3895107,485,4.041666666666667,15618067055,35273144400,35274456600,1781307127379-0
concurrency_n20_20260613_003117_redis_feed17_rep1,redis,sb:events:n20:feed17:rep1,cd3fa78f-9ef8-4cab-bd96-c2ccf13db744,3895134,485,4.041666666666667,15618067055,35274867300,35276208600,1781307127381-0
concurrency_n20_20260613_003117_redis_feed17_rep1,redis,sb:events:n20:feed17:rep1,46b6748a-b45c-4b63-bd26-53c289b17e67,3895134,485,4.041666666666667,15618067055,35276453800,35277337700,1781307127382-0
concurrency_n20_20260613_003117_redis_feed17_rep1,redis,sb:events:n20:feed17:rep1,957393b2-53ad-4a4a-bfad-aa5fd3b4ca34,3895134,485,4.041666666666667,15618067055,35277605100,35278638600,1781307127383-0
concurrency_n20_20260613_003117_redis_feed17_rep1,redis,sb:events:n20:feed17:rep1,f0404473-617c-4442-b678-ffd5a3faec6d,3895086,485,4.041666666666667,15618067055,35278946200,35287694800,1781307127392-0
concurrency_n20_20260613_003117_redis_feed17_rep1,redis,sb:events:n20:feed17:rep1,be06b608-79e3-4e92-90c3-da7c46624e3c,3895086,485,4.041666666666667,15618067055,35287988400,35288994500,1781307127394-0
concurrency_n20_20260613_003117_redis_feed17_rep1,redis,sb:events:n20:feed17:rep1,43f04a8e-de91-457b-9151-2d6a0b0048f0,3895121,486,4.05,15618136499,35289258100,35290398000,1781307127395-0
concurrency_n20_20260613_003117_redis_feed17_rep1,redis,sb:events:n20:feed17:rep1,58d93f50-8b43-438f-8a71-654ba72953a2,3895121,486,4.05,15618136499,35290607900,35291879100,1781307127396-0
concurrency_n20_20260613_003117_redis_feed17_rep1,redis,sb:events:n20:feed17:rep1,a942d413-8e18-478c-b604-5b6c6e4da504,3895121,486,4.05,15618136499,35292081500,35312394600,1781307127416-0
concurrency_n20_20260613_003117_redis_feed17_rep1,redis,sb:events:n20:feed17:rep1,6b3565f7-be6c-4ed4-850f-cabf2e1cc00b,3895060,486,4.05,15618136499,35312647900,35313915000,1781307127418-0
concurrency_n20_20260613_003117_redis_feed17_rep1,redis,sb:events:n20:feed17:rep1,b303f39f-bb13-42dd-90fb-37542c2aa67c,3895060,486,4.05,15618136499,35314106700,35320210200,1781307127421-0
concurrency_n20_20260613_003117_redis_feed17_rep1,redis,sb:events:n20:feed17:rep1,6b555d33-1201-491e-b05a-daf424748369,3895107,486,4.05,15618136499,35320538700,35330867100,1781307127433-0
concurrency_n20_20260613_003117_redis_feed17_rep1,redis,sb:events:n20:feed17:rep1,c93be192-605a-420c-827a-3cfd01facaa6,3895134,486,4.05,15618136499,35331133600,35333801700,1781307127437-0
concurrency_n20_20260613_003117_redis_feed17_rep1,redis,sb:events:n20:feed17:rep1,a12affa9-0528-43ab-ba6c-bcf1e75acc94,3895113,486,4.05,15618136499,35334197100,35347456100,1781307127448-0
concurrency_n20_20260613_003117_redis_feed17_rep1,redis,sb:events:n20:feed17:rep1,e2ea1f32-6183-4d41-ad14-3eed7e69de60,3895121,487,4.058333333333334,15618205944,35347749500,35350687400,1781307127454-0
concurrency_n20_20260613_003117_redis_feed17_rep1,redis,sb:events:n20:feed17:rep1,d966ad98-cfbf-4352-9296-7184ce8dd5cf,3895121,487,4.058333333333334,15618205944,35350965600,35352100000,1781307127457-0
concurrency_n20_20260613_003117_redis_feed17_rep1,redis,sb:events:n20:feed17:rep1,05222980-8d38-4f2b-afc6-771c792f2ebd,3895074,487,4.058333333333334,15618205944,35352306700,35363061400,1781307127458-0
concurrency_n20_20260613_003117_redis_feed17_rep1,redis,sb:events:n20:feed17:rep1,2af02957-ad76-4bfb-8e72-dd95237e58ff,3895134,487,4.058333333333334,15618205944,35363327800,35364467900,1781307127469-0
concurrency_n20_20260613_003117_redis_feed17_rep1,redis,sb:events:n20:feed17:rep1,08f7eb42-654b-48d2-bb70-c124ee425bca,3895134,487,4.058333333333334,15618205944,35364946000,35365716300,1781307127470-0
concurrency_n20_20260613_003117_redis_feed17_rep1,redis,sb:events:n20:feed17:rep1,0e05c17a-6a6a-4714-b16c-2683603d2d25,3895134,487,4.058333333333334,15618205944,35365897200,35366531000,1781307127471-0
concurrency_n20_20260613_003117_redis_feed17_rep1,redis,sb:events:n20:feed17:rep1,3d7956e3-c9bc-4582-b1ef-914aaf4ecc1d,3895232,487,487.0,19642719833,35366673100,35374264900,1781307127472-0
concurrency_n20_20260613_003117_redis_feed17_rep1,redis,sb:events:n20:feed17:rep1,ecf56765-45f3-4939-b7c7-80aae2e885f3,3895121,488,4.066666666666666,15618275388,35380318000,35382560100,1781307127487-0
concurrency_n20_20260613_003117_redis_feed17_rep1,redis,sb:events:n20:feed17:rep1,e6ecb80c-31c6-4993-80fd-fc4563512816,3895074,488,4.066666666666666,15618275388,35382920800,35384424200,1781307127488-0
concurrency_n20_20260613_003117_redis_feed17_rep1,redis,sb:events:n20:feed17:rep1,a5e5a83b-7802-41aa-b6d3-bdc3d89ef467,3895074,488,4.066666666666666,15618275388,35384656200,35386728300,1781307127491-0
concurrency_n20_20260613_003117_redis_feed17_rep1,redis,sb:events:n20:feed17:rep1,7c1ae576-43b9-4809-96a2-8d75d120bdf9,3895060,488,4.066666666666666,15618275388,35387252100,35391318400,1781307127494-0
concurrency_n20_20260613_003117_redis_feed17_rep1,redis,sb:events:n20:feed17:rep1,b4caad63-e87c-4d16-91e6-0713c3e66d8a,3895134,488,4.066666666666666,15618275388,35391636400,35393237400,1781307127497-0
concurrency_n20_20260613_003117_redis_feed17_rep1,redis,sb:events:n20:feed17:rep1,ce9bd9f3-7328-4fb6-8ce2-001279f6baca,3895134,488,4.066666666666666,15618275388,35393682000,35395106900,1781307127500-0
concurrency_n20_20260613_003117_redis_feed17_rep1,redis,sb:events:n20:feed17:rep1,3cecaa4c-ea18-46a7-af6f-8f5648494858,3895134,488,4.066666666666666,15618275388,35395319700,35396017900,1781307127501-0
concurrency_n20_20260613_003117_redis_feed17_rep1,redis,sb:events:n20:feed17:rep1,9e8448ef-780d-4c7f-a22d-322243a9c141,3895232,488,488.0,19651053166,35396379100,35397483000,1781307127502-0
concurrency_n20_20260613_003117_redis_feed17_rep1,redis,sb:events:n20:feed17:rep1,01334ba7-8e8a-4ba0-9554-ebce68ff8570,3895232,488,488.0,19651053166,35397759000,35405328600,1781307127503-0
concurrency_n20_20260613_003117_redis_feed17_rep1,redis,sb:events:n20:feed17:rep1,03cdcd5c-a767-497e-812a-1d9073e0c4a2,3895121,489,4.075,15618344833,35405685600,35406777700,1781307127511-0
concurrency_n20_20260613_003117_redis_feed17_rep1,redis,sb:events:n20:feed17:rep1,9117a504-f88b-4845-b57d-cf05f5639246,3895121,489,4.075,15618344833,35407015800,35408232400,1781307127513-0
concurrency_n20_20260613_003117_redis_feed17_rep1,redis,sb:events:n20:feed17:rep1,366f016f-4ca0-4933-82f3-1298e240909e,3895121,489,4.075,15618344833,35409006400,35410085500,1781307127515-0
concurrency_n20_20260613_003117_redis_feed17_rep1,redis,sb:events:n20:feed17:rep1,07808a67-ad47-47bc-a238-346452e54263,3895060,489,4.075,15618344833,35410303000,35411249400,1781307127516-0
concurrency_n20_20260613_003117_redis_feed17_rep1,redis,sb:events:n20:feed17:rep1,000f35a9-2b85-41c6-abac-a626f2441789,3895060,489,4.075,15618344833,35411429100,35412375500,1781307127517-0
concurrency_n20_20260613_003117_redis_feed17_rep1,redis,sb:events:n20:feed17:rep1,2bdddfbd-053f-4a97-8498-95abdc1c7dc4,3895107,489,4.075,15618344833,35412540900,35416245500,1781307127518-0
concurrency_n20_20260613_003117_redis_feed17_rep1,redis,sb:events:n20:feed17:rep1,98d06e2c-ae92-4556-a4f8-81378b516de0,3895107,489,4.075,15618344833,35416595900,35423274400,1781307127525-0
concurrency_n20_20260613_003117_redis_feed17_rep1,redis,sb:events:n20:feed17:rep1,06595666-fba3-4a30-8c54-cca4a3cbbaec,3895107,489,4.075,15618344833,35423568400,35427447800,1781307127530-0
concurrency_n20_20260613_003117_redis_feed17_rep1,redis,sb:events:n20:feed17:rep1,682d7033-38f1-439b-b78a-3d274b907f1f,3895121,490,4.083333333333333,15618414277,35427729900,35431137600,1781307127534-0
concurrency_n20_20260613_003117_redis_feed17_rep1,redis,sb:events:n20:feed17:rep1,a353dfdb-141a-410a-b45c-e1cb9388a566,3895121,490,4.083333333333333,15618414277,35431472300,35435041600,1781307127539-0
concurrency_n20_20260613_003117_redis_feed17_rep1,redis,sb:events:n20:feed17:rep1,2a543699-da87-4c42-89d1-1ea6ddb38055,3895074,490,4.083333333333333,15618414277,35435377900,35441399800,1781307127543-0
concurrency_n20_20260613_003117_redis_feed17_rep1,redis,sb:events:n20:feed17:rep1,56076b76-7d56-462c-a75f-447aa1a0bd14,3895107,490,4.083333333333333,15618414277,35441687000,35445354900,1781307127549-0
concurrency_n20_20260613_003117_redis_feed17_rep1,redis,sb:events:n20:feed17:rep1,99081fb6-b69d-4338-8f1f-922438e3783b,3895107,490,4.083333333333333,15618414277,35445621400,35446764500,1781307127552-0
concurrency_n20_20260613_003117_redis_feed17_rep1,redis,sb:events:n20:feed17:rep1,88bb115f-67ab-40f6-b4c7-766b19e452be,3895134,490,4.083333333333333,15618414277,35447830400,35448995400,1781307127554-0
concurrency_n20_20260613_003117_redis_feed17_rep1,redis,sb:events:n20:feed17:rep1,1d6db182-b7b7-4cab-968b-31ddf57127ab,3895134,490,4.083333333333333,15618414277,35449337500,35450044200,1781307127555-0
concurrency_n20_20260613_003117_redis_feed17_rep1,redis,sb:events:n20:feed17:rep1,ec6ea184-6d2d-4f2c-bab8-9ae0e7a5fb6f,3895134,490,4.083333333333333,15618414277,35450275000,35451437900,1781307127556-0
concurrency_n20_20260613_003117_redis_feed17_rep1,redis,sb:events:n20:feed17:rep1,7aa0cc37-69ea-4786-9980-3519c3255674,3895134,490,4.083333333333333,15618414277,35451721100,35452952400,1781307127558-0
concurrency_n20_20260613_003117_redis_feed17_rep1,redis,sb:events:n20:feed17:rep1,e06ad83e-9048-4b32-b1f7-ee0724959468,3895086,490,4.083333333333333,15618414277,35453337700,35454271800,1781307127559-0
concurrency_n20_20260613_003117_redis_feed17_rep1,redis,sb:events:n20:feed17:rep1,6d2249d8-c066-4528-b4e8-ea5c8fbbbde0,3895232,490,490.0,19667719833,35454524000,35455262600,1781307127560-0
concurrency_n20_20260613_003117_redis_feed17_rep1,redis,sb:events:n20:feed17:rep1,cdb3c3ca-1548-4619-a5c0-53922bd51131,3895121,491,4.091666666666667,15618483722,35455584700,35457034800,1781307127562-0
concurrency_n20_20260613_003117_redis_feed17_rep1,redis,sb:events:n20:feed17:rep1,bb930c94-f48c-4f37-9c5b-00ced40855ca,3895074,491,4.091666666666667,15618483722,35464730700,35466505100,1781307127571-0
concurrency_n20_20260613_003117_redis_feed17_rep1,redis,sb:events:n20:feed17:rep1,dd2f4e5f-d8ce-426b-9066-8df201864e61,3895074,491,4.091666666666667,15618483722,35466794100,35467589200,1781307127572-0
concurrency_n20_20260613_003117_redis_feed17_rep1,redis,sb:events:n20:feed17:rep1,304eb7ff-0921-45ca-b358-ab14cceba575,3895086,491,4.091666666666667,15618483722,35467899000,35468955800,1781307127573-0
concurrency_n20_20260613_003117_redis_feed17_rep1,redis,sb:events:n20:feed17:rep1,706e234a-813a-4d60-94c4-c9c4e0e5445d,3895086,491,4.091666666666667,15618483722,35469229600,35470208200,1781307127575-0
concurrency_n20_20260613_003117_redis_feed17_rep1,redis,sb:events:n20:feed17:rep1,21fdfd11-c287-40e0-acfb-4f3413472b55,3895113,491,4.091666666666667,15618483722,35470527500,35471417600,1781307127576-0
concurrency_n20_20260613_003117_redis_feed17_rep1,redis,sb:events:n20:feed17:rep1,8cf7a06e-4aa1-4d99-a448-2869a8267604,3895113,491,4.091666666666667,15618483722,35471689000,35472787300,1781307127577-0
concurrency_n20_20260613_003117_redis_feed17_rep1,redis,sb:events:n20:feed17:rep1,d5ddbbd5-1d06-4b09-a9a2-5ceef72cb6ae,3895232,491,491.0,19676053166,35473024600,35478997400,1781307127579-0
concurrency_n20_20260613_003117_redis_feed17_rep1,redis,sb:events:n20:feed17:rep1,17eda405-5d9e-4201-9803-83066365e4c1,3895232,491,491.0,19676053166,35479434000,35482634500,1781307127586-0
concurrency_n20_20260613_003117_redis_feed17_rep1,redis,sb:events:n20:feed17:rep1,9c189581-25f5-452f-a479-b63e47e7a926,3895121,492,4.1,15618553166,35483026800,35484429800,1781307127589-0
concurrency_n20_20260613_003117_redis_feed17_rep1,redis,sb:events:n20:feed17:rep1,dbf5f764-0435-4902-a430-cdd06ae7e0b3,3895121,492,4.1,15618553166,35484636000,35497462200,1781307127602-0
concurrency_n20_20260613_003117_redis_feed17_rep1,redis,sb:events:n20:feed17:rep1,66f10fb4-e68e-4fc6-a501-501875d01502,3895134,492,4.1,15618553166,35497745900,35498927800,1781307127604-0
concurrency_n20_20260613_003117_redis_feed17_rep1,redis,sb:events:n20:feed17:rep1,c5834c0a-d01f-476c-859e-fa64401e82fa,3895060,493,4.108333333333333,15618622611,35499183200,35500789400,1781307127605-0
concurrency_n20_20260613_003117_redis_feed17_rep1,redis,sb:events:n20:feed17:rep1,e499c4aa-5490-4f72-90bd-747c7f989f5f,3895086,493,4.108333333333333,15618622611,35501005100,35505785000,1781307127607-0
concurrency_n20_20260613_003117_redis_feed17_rep1,redis,sb:events:n20:feed17:rep1,e1318284-5587-44b6-ac4a-e3e5616a9007,3895232,493,493.0,19692719833,35506441500,35523353800,1781307127626-0
concurrency_n20_20260613_003117_redis_feed17_rep1,redis,sb:events:n20:feed17:rep1,5e503645-a8a4-44f8-a69e-f410f81694b0,3895121,494,4.116666666666666,15618692055,35523691800,35525050100,1781307127629-0
concurrency_n20_20260613_003117_redis_feed17_rep1,redis,sb:events:n20:feed17:rep1,aa291908-f334-4120-ab4d-0d58856b1b06,3895060,494,4.116666666666666,15618692055,35525306000,35527841300,1781307127632-0
concurrency_n20_20260613_003117_redis_feed17_rep1,redis,sb:events:n20:feed17:rep1,9fd12bc1-c51b-440b-9dcb-07af878748e5,3895060,494,4.116666666666666,15618692055,35528330800,35530411400,1781307127634-0
concurrency_n20_20260613_003117_redis_feed17_rep1,redis,sb:events:n20:feed17:rep1,79bfca80-3bb9-428e-afd3-b10dcdfab364,3895107,494,4.116666666666666,15618692055,35530761000,35532653500,1781307127637-0
concurrency_n20_20260613_003117_redis_feed17_rep1,redis,sb:events:n20:feed17:rep1,282ccc6d-03c7-4a39-9b17-6c21b9d68061,3895134,494,4.116666666666666,15618692055,35532894700,35535078800,1781307127638-0
concurrency_n20_20260613_003117_redis_feed17_rep1,redis,sb:events:n20:feed17:rep1,f28a1fce-5c9a-4f7d-a147-140be4739f19,3895134,494,4.116666666666666,15618692055,35535568700,35538983600,1781307127643-0
concurrency_n20_20260613_003117_redis_feed17_rep1,redis,sb:events:n20:feed17:rep1,bc5cf701-66a0-4bbf-a349-b178a8999ebb,3895134,494,4.116666666666666,15618692055,35539244500,35541643700,1781307127645-0
concurrency_n20_20260613_003117_redis_feed17_rep1,redis,sb:events:n20:feed17:rep1,df02b885-6e54-4fa9-aa9c-3dea7d1f3e8c,3895086,494,4.116666666666666,15618692055,35541936400,35546198600,1781307127650-0
concurrency_n20_20260613_003117_redis_feed17_rep1,redis,sb:events:n20:feed17:rep1,38beb407-8de7-45aa-b363-9e9400b06786,3895086,494,4.116666666666666,15618692055,35551502700,35552738800,1781307127657-0
concurrency_n20_20260613_003117_redis_feed17_rep1,redis,sb:events:n20:feed17:rep1,fb16a882-9345-4f62-b3c2-b77deeb293cd,3895086,494,4.116666666666666,15618692055,35553193200,35555324100,1781307127659-0
concurrency_n20_20260613_003117_redis_feed17_rep1,redis,sb:events:n20:feed17:rep1,085be89f-0298-41f8-9df3-ce9a40d292a6,3895232,494,494.0,19701053166,35559839700,35566555400,1781307127670-0
concurrency_n20_20260613_003117_redis_feed17_rep1,redis,sb:events:n20:feed17:rep1,6b144694-af09-4d03-948b-56d9e201fdd9,3895232,494,494.0,19701053166,35566820000,35568837600,1781307127673-0
concurrency_n20_20260613_003117_redis_feed17_rep1,redis,sb:events:n20:feed17:rep1,70a7cd80-ec1b-4e44-bbd2-cbeae69bcbf3,3895232,494,494.0,19701053166,35569157200,35590557900,1781307127683-0
concurrency_n20_20260613_003117_redis_feed17_rep1,redis,sb:events:n20:feed17:rep1,727bf2c7-f5a1-43b5-b151-459d58c778b5,3895232,494,494.0,19701053166,35590949000,35593148800,1781307127698-0
concurrency_n20_20260613_003117_redis_feed17_rep1,redis,sb:events:n20:feed17:rep1,7f355249-a363-4945-8de6-0960fc538c4b,3895121,495,4.125,15618761500,35593412500,35595297500,1781307127700-0
concurrency_n20_20260613_003117_redis_feed17_rep1,redis,sb:events:n20:feed17:rep1,79b4d10f-cbf0-47c1-824f-6698d5e4edac,3895121,495,4.125,15618761500,35595719000,35605768100,1781307127709-0
concurrency_n20_20260613_003117_redis_feed17_rep1,redis,sb:events:n20:feed17:rep1,83eff5a7-d12d-45ef-ad82-77def160ad9a,3895107,495,4.125,15618761500,35606144700,35619847000,1781307127723-0
concurrency_n20_20260613_003117_redis_feed17_rep1,redis,sb:events:n20:feed17:rep1,a198c926-b88b-47aa-8e41-0e5e248b3b3c,3895107,495,4.125,15618761500,35620113800,35622940200,1781307127726-0
concurrency_n20_20260613_003117_redis_feed17_rep1,redis,sb:events:n20:feed17:rep1,4e9e9d9f-cdf5-43b2-a5f2-beb488fbcb19,3895134,495,4.125,15618761500,35623251300,35632237400,1781307127730-0
concurrency_n20_20260613_003117_redis_feed17_rep1,redis,sb:events:n20:feed17:rep1,95e4ada0-2e61-43c6-be13-450cc214cac9,3895052,495,4.125,15618761500,35633016200,35634464200,1781307127739-0
concurrency_n20_20260613_003117_redis_feed17_rep1,redis,sb:events:n20:feed17:rep1,36b81839-40f5-4f32-9b4c-dd3e73fb49c0,3895052,495,4.125,15618761500,35635133800,35637741000,1781307127742-0
concurrency_n20_20260613_003117_redis_feed17_rep1,redis,sb:events:n20:feed17:rep1,fb6fbf54-77ce-4f8e-b591-1c3957b2a36a,3895052,495,4.125,15618761500,35638671600,35639845000,1781307127744-0
concurrency_n20_20260613_003117_redis_feed17_rep1,redis,sb:events:n20:feed17:rep1,36d51267-1035-4ac7-bb14-68d6af0a1cd8,3895086,495,4.125,15618761500,35640056700,35641959600,1781307127746-0
concurrency_n20_20260613_003117_redis_feed17_rep1,redis,sb:events:n20:feed17:rep1,fa22a2ec-1760-4ad3-9e83-53154656b246,3895086,495,4.125,15618761500,35642241300,35645234400,1781307127749-0
concurrency_n20_20260613_003117_redis_feed17_rep1,redis,sb:events:n20:feed17:rep1,590a3697-916b-4f70-b0be-5c58107366cb,3895232,495,495.0,19709386500,35645488000,35650124100,1781307127751-0
concurrency_n20_20260613_003117_redis_feed17_rep1,redis,sb:events:n20:feed17:rep1,a5000068-f74f-44f9-b5a1-fc6bc8b38a69,3895232,495,495.0,19709386500,35650580700,35652819700,1781307127757-0
concurrency_n20_20260613_003117_redis_feed17_rep1,redis,sb:events:n20:feed17:rep1,ae71ab01-5c07-4ff3-9c80-c8fd97b5bcf6,3895074,496,4.133333333333334,15618830944,35653087400,35654105600,1781307127759-0
concurrency_n20_20260613_003117_redis_feed17_rep1,redis,sb:events:n20:feed17:rep1,46528eab-fa59-442f-822e-3a79553c021d,3895060,496,4.133333333333334,15618830944,35654342100,35656130500,1781307127761-0
concurrency_n20_20260613_003117_redis_feed17_rep1,redis,sb:events:n20:feed17:rep1,23ccb833-f6d6-486d-b197-093b12a3b022,3895052,496,4.133333333333334,15618830944,35656402000,35657426400,1781307127762-0
concurrency_n20_20260613_003117_redis_feed17_rep1,redis,sb:events:n20:feed17:rep1,6e9c8830-ae8d-4c87-a2df-ea2f4e761a31,3895113,496,4.133333333333334,15618830944,35657633200,35658723100,1781307127763-0
concurrency_n20_20260613_003117_redis_feed17_rep1,redis,sb:events:n20:feed17:rep1,349c860b-0f6f-4a48-a3a4-82754df57b17,3895121,497,4.141666666666667,15618900388,35659001500,35665016500,1781307127765-0
concurrency_n20_20260613_003117_redis_feed17_rep1,redis,sb:events:n20:feed17:rep1,2374f137-bec8-49e5-9330-16563a8a81d6,3895074,497,4.141666666666667,15618900388,35665574000,35666592400,1781307127771-0
concurrency_n20_20260613_003117_redis_feed17_rep1,redis,sb:events:n20:feed17:rep1,097d985b-dd53-44cd-aefd-f855260f26cd,3895121,497,4.141666666666667,15618900388,35667133800,35668448600,1781307127773-0
concurrency_n20_20260613_003117_redis_feed17_rep1,redis,sb:events:n20:feed17:rep1,ab2777c0-bfb8-4da2-8a20-10a2c3e3a93d,3895074,497,4.141666666666667,15618900388,35668702100,35670683500,1781307127775-0
concurrency_n20_20260613_003117_redis_feed17_rep1,redis,sb:events:n20:feed17:rep1,d469a9d6-e82d-4892-a8fe-b0d1e9aa81e9,3895121,497,4.141666666666667,15618900388,35670981000,35690200100,1781307127795-0
concurrency_n20_20260613_003117_redis_feed17_rep1,redis,sb:events:n20:feed17:rep1,8d5f6a0f-1357-41f8-8bd9-68c2dc7442ee,3895121,497,4.141666666666667,15618900388,35690495900,35697957700,1781307127799-0
concurrency_n20_20260613_003117_redis_feed17_rep1,redis,sb:events:n20:feed17:rep1,00fa6196-4063-45d8-956c-06c3ea90ed18,3895060,497,4.141666666666667,15618900388,35698204000,35705977100,1781307127805-0
concurrency_n20_20260613_003117_redis_feed17_rep1,redis,sb:events:n20:feed17:rep1,b509255f-5ce8-4e0f-b9af-227898104cc3,3895052,497,4.141666666666667,15618900388,35706413700,35707788100,1781307127812-0
concurrency_n20_20260613_003117_redis_feed17_rep1,redis,sb:events:n20:feed17:rep1,94631ed6-f06b-4d80-bca3-78f4d71c9f63,3895052,497,4.141666666666667,15618900388,35708343700,35709705100,1781307127814-0
concurrency_n20_20260613_003117_redis_feed17_rep1,redis,sb:events:n20:feed17:rep1,a9527b6b-0623-4bab-bf54-aefec2fec1f9,3895052,497,4.141666666666667,15618900388,35716409000,35717728900,1781307127822-0
concurrency_n20_20260613_003117_redis_feed17_rep1,redis,sb:events:n20:feed17:rep1,219ebce7-4b39-414e-8508-2021df47e8f0,3895232,497,497.0,19726053166,35717982300,35719249700,1781307127824-0
concurrency_n20_20260613_003117_redis_feed17_rep1,redis,sb:events:n20:feed17:rep1,31975108-41b0-4ba2-8378-59b33016cf30,3895121,498,4.15,15618969833,35719605900,35720366300,1781307127825-0
concurrency_n20_20260613_003117_redis_feed17_rep1,redis,sb:events:n20:feed17:rep1,cc427fbe-f6e8-4e63-952a-6b9e470993d8,3895121,498,4.15,15618969833,35720820800,35723103800,1781307127827-0
concurrency_n20_20260613_003117_redis_feed17_rep1,redis,sb:events:n20:feed17:rep1,d20b19c3-a48a-4459-bd05-f6f213cec7c4,3895107,498,4.15,15618969833,35723408400,35724716800,1781307127829-0
concurrency_n20_20260613_003117_redis_feed17_rep1,redis,sb:events:n20:feed17:rep1,8489e4af-e8a2-4a05-9209-57c43e56c29a,3895107,498,4.15,15618969833,35724989800,35725821700,1781307127831-0
concurrency_n20_20260613_003117_redis_feed17_rep1,redis,sb:events:n20:feed17:rep1,23f81b42-468f-482f-9fba-fd5a759ece05,3895052,498,4.15,15618969833,35726063400,35726946000,1781307127832-0
concurrency_n20_20260613_003117_redis_feed17_rep1,redis,sb:events:n20:feed17:rep1,90c29be9-4a5a-417e-9603-b7fe7a50eb39,3895232,498,498.0,19734386500,35727125200,35727905600,1781307127833-0
concurrency_n20_20260613_003117_redis_feed17_rep1,redis,sb:events:n20:feed17:rep1,30162a29-de70-4325-9a21-b22554fded86,3895232,498,498.0,19734386500,35728095100,35728959500,1781307127834-0
concurrency_n20_20260613_003117_redis_feed17_rep1,redis,sb:events:n20:feed17:rep1,4fa1ad05-9e3e-4aec-8aaa-ad45ae06e6f7,3895074,499,4.158333333333333,15619039277,35729223600,35733016000,1781307127837-0
concurrency_n20_20260613_003117_redis_feed17_rep1,redis,sb:events:n20:feed17:rep1,e9c3a5da-9830-40b2-9364-64162b43b582,3895086,499,4.158333333333333,15619039277,35733244000,35734269600,1781307127839-0
concurrency_n20_20260613_003117_redis_feed17_rep1,redis,sb:events:n20:feed17:rep1,feab16e4-3ce0-4fab-84a2-777868a3816a,3895052,499,4.158333333333333,15619039277,35734456000,35736334600,1781307127840-0
concurrency_n20_20260613_003117_redis_feed17_rep1,redis,sb:events:n20:feed17:rep1,62929983-b83d-42b8-b2e7-a9cb86bf9a51,3895052,499,4.158333333333333,15619039277,35736634100,35740146100,1781307127842-0
concurrency_n20_20260613_003117_redis_feed17_rep1,redis,sb:events:n20:feed17:rep1,9ac39e85-58a9-41c2-a2d7-2aecc4fbb2b3,3895052,499,4.158333333333333,15619039277,35740772500,35741989600,1781307127847-0
concurrency_n20_20260613_003117_redis_feed17_rep1,redis,sb:events:n20:feed17:rep1,b01f8464-7bf3-438a-8574-56324d3b599d,3895052,499,4.158333333333333,15619039277,35742208400,35764575100,1781307127864-0
concurrency_n20_20260613_003117_redis_feed17_rep1,redis,sb:events:n20:feed17:rep1,b681ef20-17e5-4cc0-87b0-abb21f1320ab,3895232,499,499.0,19742719833,35764910700,35775844900,1781307127878-0
concurrency_n20_20260613_003117_redis_feed17_rep1,redis,sb:events:n20:feed17:rep1,a4d8d068-2e7d-40c7-9473-b3a2519fcf1b,3895060,500,4.166666666666667,15619108722,35776143300,35778606700,1781307127883-0
concurrency_n20_20260613_003117_redis_feed17_rep1,redis,sb:events:n20:feed17:rep1,26f59fd2-69a8-42de-8dc6-df08ee3bdb3c,3895060,500,4.166666666666667,15619108722,35778864400,35784820700,1781307127887-0
concurrency_n20_20260613_003117_redis_feed17_rep1,redis,sb:events:n20:feed17:rep1,1b200e19-bcae-4e89-bbaf-519116e651e0,3895060,500,4.166666666666667,15619108722,35785080800,35792253200,1781307127893-0
concurrency_n20_20260613_003117_redis_feed17_rep1,redis,sb:events:n20:feed17:rep1,769c59c8-d90f-41d6-b6c9-c1084a76dd4c,3895052,500,4.166666666666667,15619108722,35792527400,35804640300,1781307127908-0
concurrency_n20_20260613_003117_redis_feed17_rep1,redis,sb:events:n20:feed17:rep1,dad1eb75-e6bd-46d1-8462-fa306e58eb98,3895052,500,4.166666666666667,15619108722,35804937500,35806106200,1781307127911-0
concurrency_n20_20260613_003117_redis_feed17_rep1,redis,sb:events:n20:feed17:rep1,c4d84074-a935-4b3a-9740-a8297e1c1045,3895232,500,500.0,19751053166,35806320800,35809177700,1781307127912-0
concurrency_n20_20260613_003117_redis_feed17_rep1,redis,sb:events:n20:feed17:rep1,bf40d6a2-f675-4917-aa5a-8c89b59e5a2a,3895232,500,500.0,19751053166,35809459600,35818989100,1781307127923-0
concurrency_n20_20260613_003117_redis_feed17_rep1,redis,sb:events:n20:feed17:rep1,deee536d-5992-44a3-ae1a-6d0a7bf7f256,3895232,500,500.0,19751053166,35819283600,35823613600,1781307127927-0
concurrency_n20_20260613_003117_redis_feed17_rep1,redis,sb:events:n20:feed17:rep1,01858249-1519-44d6-bb45-0aba8780753c,3895074,501,4.175,15619178166,35824049800,35831373400,1781307127930-0
concurrency_n20_20260613_003117_redis_feed17_rep1,redis,sb:events:n20:feed17:rep1,ef3a2a56-3dd3-458e-9803-1d23bab9927c,3895074,501,4.175,15619178166,35832462300,35833435700,1781307127938-0
concurrency_n20_20260613_003117_redis_feed17_rep1,redis,sb:events:n20:feed17:rep1,0eea2dd4-63e5-477d-89c8-11a6f2bc7cc3,3895121,501,4.175,15619178166,35833707200,35834614700,1781307127939-0
concurrency_n20_20260613_003117_redis_feed17_rep1,redis,sb:events:n20:feed17:rep1,3a932f1a-6214-4b84-9c1f-c1b59ae274dc,3895232,501,501.0,19759386500,35834820300,35839858300,1781307127941-0
concurrency_n20_20260613_003117_redis_feed17_rep1,redis,sb:events:n20:feed17:rep1,dedbdd5d-6eee-43df-8567-e2eb7faa29f7,3895232,501,501.0,19759386500,35840142000,35845583200,1781307127946-0
concurrency_n20_20260613_003117_redis_feed17_rep1,redis,sb:events:n20:feed17:rep1,678aebe1-bdeb-4081-b9b7-6de4127d0be2,3895232,501,501.0,19759386500,35845870800,35847288800,1781307127952-0
concurrency_n20_20260613_003117_redis_feed17_rep1,redis,sb:events:n20:feed17:rep1,4689ee5d-a165-41b9-9765-54cf26b89974,3895074,502,4.183333333333334,15619247611,35847515200,35851304800,1781307127954-0
concurrency_n20_20260613_003117_redis_feed17_rep1,redis,sb:events:n20:feed17:rep1,5cdac360-9d16-49d3-9ffd-1919de2da36b,3895074,502,4.183333333333334,15619247611,35851532000,35863155700,1781307127968-0
concurrency_n20_20260613_003117_redis_feed17_rep1,redis,sb:events:n20:feed17:rep1,5e582e3c-1ad1-415a-b7bc-2f176f4c9446,3895121,502,4.183333333333334,15619247611,35863436800,35867408300,1781307127972-0
concurrency_n20_20260613_003117_redis_feed17_rep1,redis,sb:events:n20:feed17:rep1,befe82b8-5c71-4a55-a5b4-02af982c82d8,3895121,502,4.183333333333334,15619247611,35867689700,35877951300,1781307127982-0
concurrency_n20_20260613_003117_redis_feed17_rep1,redis,sb:events:n20:feed17:rep1,b2197139-ab0d-4a33-a3ba-54116a30f7bb,3895121,502,4.183333333333334,15619247611,35878196500,35884241200,1781307127987-0
concurrency_n20_20260613_003117_redis_feed17_rep1,redis,sb:events:n20:feed17:rep1,b012221e-4a45-4aeb-9c92-fd453c3300f0,3895086,502,4.183333333333334,15619247611,35884546600,35892612200,1781307127995-0
concurrency_n20_20260613_003117_redis_feed17_rep1,redis,sb:events:n20:feed17:rep1,f318531c-c8ed-4a7e-97cd-55840d34acba,3895086,502,4.183333333333334,15619247611,35892863300,35900453900,1781307128005-0
concurrency_n20_20260613_003117_redis_feed17_rep1,redis,sb:events:n20:feed17:rep1,5c45bd25-de47-443a-8ed9-786514ebef57,3895086,502,4.183333333333334,15619247611,35900719700,35901778300,1781307128007-0
concurrency_n20_20260613_003117_redis_feed17_rep1,redis,sb:events:n20:feed17:rep1,33564c71-6012-4844-9dc0-1871145e3e85,3895232,502,502.0,19767719833,35902023900,35903138600,1781307128008-0
concurrency_n20_20260613_003117_redis_feed17_rep1,redis,sb:events:n20:feed17:rep1,56b20e12-7751-417c-9664-f1f871576aee,3895232,502,502.0,19767719833,35903421900,35915341500,1781307128009-0
concurrency_n20_20260613_003117_redis_feed17_rep1,redis,sb:events:n20:feed17:rep1,4865da0f-af3b-43d2-bf41-bc36f476cbcc,3895232,502,502.0,19767719833,35915603400,35917399900,1781307128022-0
concurrency_n20_20260613_003117_redis_feed17_rep1,redis,sb:events:n20:feed17:rep1,6b55c7b4-0df3-495c-a316-e9d30d9d7cbf,3895121,503,4.191666666666666,15619317055,35917686200,35918720900,1781307128023-0
concurrency_n20_20260613_003117_redis_feed17_rep1,redis,sb:events:n20:feed17:rep1,67b8807d-e89c-444e-80ff-9af9f9fb413a,3895121,503,4.191666666666666,15619317055,35918904800,35920493700,1781307128025-0
concurrency_n20_20260613_003117_redis_feed17_rep1,redis,sb:events:n20:feed17:rep1,c36319b4-340c-4aa6-a301-87f79b484a51,3895121,503,4.191666666666666,15619317055,35920711200,35926465200,1781307128027-0
concurrency_n20_20260613_003117_redis_feed17_rep1,redis,sb:events:n20:feed17:rep1,50f1847f-5a57-4784-959a-1723f2df29b1,3895113,503,4.191666666666666,15619317055,35926798000,35928298000,1781307128033-0
concurrency_n20_20260613_003117_redis_feed17_rep1,redis,sb:events:n20:feed17:rep1,9fddc515-3091-4eba-8007-e86156e368be,3895232,503,503.0,19776053166,35928609100,35930252800,1781307128034-0
concurrency_n20_20260613_003117_redis_feed17_rep1,redis,sb:events:n20:feed17:rep1,fbcb9f5a-d91a-47d4-afe2-3c2aa23dc067,3895121,504,4.2,15619386500,35930974500,35932248000,1781307128037-0
concurrency_n20_20260613_003117_redis_feed17_rep1,redis,sb:events:n20:feed17:rep1,60b55915-d435-48fd-898e-04f288d4b2c3,3895086,504,4.2,15619386500,35932497500,35933309400,1781307128038-0
concurrency_n20_20260613_003117_redis_feed17_rep1,redis,sb:events:n20:feed17:rep1,6e98b601-c611-457d-9593-f8d157c7f801,3895074,505,4.208333333333333,15619455944,35933516800,35934890500,1781307128039-0
concurrency_n20_20260613_003117_redis_feed17_rep1,redis,sb:events:n20:feed17:rep1,fb7d3b90-692d-43e5-a65d-8e61f6e5b040,3895074,505,4.208333333333333,15619455944,35935131500,35937690300,1781307128041-0
concurrency_n20_20260613_003117_redis_feed17_rep1,redis,sb:events:n20:feed17:rep1,a3cfd6b0-d711-4f55-84cc-be15bced671a,3895121,505,4.208333333333333,15619455944,35937998900,35946033000,1781307128045-0
concurrency_n20_20260613_003117_redis_feed17_rep1,redis,sb:events:n20:feed17:rep1,1da2d822-cce2-4126-8882-a2d996fd1656,3895121,505,4.208333333333333,15619455944,35946287900,35950240500,1781307128052-0
concurrency_n20_20260613_003117_redis_feed17_rep1,redis,sb:events:n20:feed17:rep1,df472239-e889-4914-beb3-d6285b5ce491,3895067,505,4.208333333333333,15619455944,35950575400,35952437600,1781307128057-0
concurrency_n20_20260613_003117_redis_feed17_rep1,redis,sb:events:n20:feed17:rep1,f57fccfc-218e-4f67-bc86-a0d2d3fe8f66,3895086,505,4.208333333333333,15619455944,35952826300,35954204500,1781307128059-0
concurrency_n20_20260613_003117_redis_feed17_rep1,redis,sb:events:n20:feed17:rep1,c856534a-3c18-4142-b38d-920963780018,3895086,505,4.208333333333333,15619455944,35954402000,35955835900,1781307128060-0
concurrency_n20_20260613_003117_redis_feed17_rep1,redis,sb:events:n20:feed17:rep1,61080830-9dbb-47f1-ac2e-01fc991446bf,3895113,505,4.208333333333333,15619455944,35956116200,35960312300,1781307128062-0
concurrency_n20_20260613_003117_redis_feed17_rep1,redis,sb:events:n20:feed17:rep1,228b12ac-6298-40b2-9536-ae5738897fab,3895232,505,505.0,19792719833,35960633000,35971946100,1781307128076-0
concurrency_n20_20260613_003117_redis_feed17_rep1,redis,sb:events:n20:feed17:rep1,ab45e3b1-1285-406a-a7df-f419271eb959,3895121,506,4.216666666666667,15619525388,35972222000,35974863200,1781307128078-0
concurrency_n20_20260613_003117_redis_feed17_rep1,redis,sb:events:n20:feed17:rep1,cd48420d-0319-4e1e-a89d-cb381910cea7,3895107,506,4.216666666666667,15619525388,35975218600,35978765100,1781307128083-0
concurrency_n20_20260613_003117_redis_feed17_rep1,redis,sb:events:n20:feed17:rep1,d376b111-5b18-48ea-b576-bc1d36938281,3895052,506,4.216666666666667,15619525388,35979049400,35981188400,1781307128085-0
concurrency_n20_20260613_003117_redis_feed17_rep1,redis,sb:events:n20:feed17:rep1,889c4db8-e13a-48e3-8db5-cee44aba727a,3895113,506,4.216666666666667,15619525388,35981412900,35990062000,1781307128095-0
concurrency_n20_20260613_003117_redis_feed17_rep1,redis,sb:events:n20:feed17:rep1,5908c90f-a5c7-482a-9a85-a6598518aca0,3895067,507,4.225,15619594833,35990360000,35994341700,1781307128097-0
concurrency_n20_20260613_003117_redis_feed17_rep1,redis,sb:events:n20:feed17:rep1,3a0f5619-1db6-4faa-9444-0b8c80f39327,3895067,507,4.225,15619594833,35995105600,35996976900,1781307128101-0
concurrency_n20_20260613_003117_redis_feed17_rep1,redis,sb:events:n20:feed17:rep1,52986c02-91fb-42f4-b028-11b2249bc4c3,3895067,507,4.225,15619594833,35997326400,35998377200,1781307128103-0
concurrency_n20_20260613_003117_redis_feed17_rep1,redis,sb:events:n20:feed17:rep1,cc0b3883-e667-4f14-b40b-0e23e63619f2,3895086,507,4.225,15619594833,35998644700,36007131100,1781307128105-0
concurrency_n20_20260613_003117_redis_feed17_rep1,redis,sb:events:n20:feed17:rep1,e6ec7ece-a735-482f-b3d2-ec79ecb4c08e,3895052,507,4.225,15619594833,36007457000,36017404600,1781307128122-0
concurrency_n20_20260613_003117_redis_feed17_rep1,redis,sb:events:n20:feed17:rep1,09901199-98b3-40fa-ac48-d43fed28f1ed,3895052,507,4.225,15619594833,36017660400,36019571300,1781307128124-0
concurrency_n20_20260613_003117_redis_feed17_rep1,redis,sb:events:n20:feed17:rep1,c6cae3a8-ae14-493a-8503-79cfdf51f3f1,3895232,507,507.0,19809386499,36019847200,36027029900,1781307128126-0
concurrency_n20_20260613_003117_redis_feed17_rep1,redis,sb:events:n20:feed17:rep1,421e9071-e8f9-4792-9f29-d0723762e664,3895074,508,4.233333333333333,15619664277,36027317200,36028359800,1781307128133-0
concurrency_n20_20260613_003117_redis_feed17_rep1,redis,sb:events:n20:feed17:rep1,bbf627c7-85ce-4949-90b9-67bcb2cb9202,3895121,508,4.233333333333333,15619664277,36028705600,36030101900,1781307128135-0
concurrency_n20_20260613_003117_redis_feed17_rep1,redis,sb:events:n20:feed17:rep1,b1037ea4-9196-425b-98aa-8134344efb9d,3895121,508,4.233333333333333,15619664277,36030476100,36032099300,1781307128137-0
concurrency_n20_20260613_003117_redis_feed17_rep1,redis,sb:events:n20:feed17:rep1,d5b86ee5-b761-4e83-b57d-5220091344ad,3895060,508,4.233333333333333,15619664277,36032346800,36034116800,1781307128139-0
concurrency_n20_20260613_003117_redis_feed17_rep1,redis,sb:events:n20:feed17:rep1,a03e16dd-44d2-4881-ab44-489c1fdf20cb,3895107,508,4.233333333333333,15619664277,36034457200,36035279300,1781307128140-0
concurrency_n20_20260613_003117_redis_feed17_rep1,redis,sb:events:n20:feed17:rep1,4d025bbb-e591-4758-9a46-7fe0820c3bee,3895107,508,4.233333333333333,15619664277,36035563900,36045908600,1781307128150-0
concurrency_n20_20260613_003117_redis_feed17_rep1,redis,sb:events:n20:feed17:rep1,bca2b7a8-07ec-4b21-81e1-b4b6a784d816,3895086,508,4.233333333333333,15619664277,36046436000,36060731900,1781307128164-0
concurrency_n20_20260613_003117_redis_feed17_rep1,redis,sb:events:n20:feed17:rep1,083dd0fc-6b14-40c4-acda-73bcc04ee37c,3895086,508,4.233333333333333,15619664277,36060977200,36069619400,1781307128173-0
concurrency_n20_20260613_003117_redis_feed17_rep1,redis,sb:events:n20:feed17:rep1,b081d47f-920b-4fc7-8af2-cf60be8fd02e,3895052,508,4.233333333333333,15619664277,36070322200,36072106700,1781307128176-0
concurrency_n20_20260613_003117_redis_feed17_rep1,redis,sb:events:n20:feed17:rep1,2c0c5d4c-1c85-4581-83f5-49800846ca35,3895113,508,4.233333333333333,15619664277,36072389800,36073136100,1781307128178-0
concurrency_n20_20260613_003117_redis_feed17_rep1,redis,sb:events:n20:feed17:rep1,b14a1d3e-db7a-43da-b79c-401f7287dce6,3895113,508,4.233333333333333,15619664277,36073364600,36074299400,1781307128179-0
concurrency_n20_20260613_003117_redis_feed17_rep1,redis,sb:events:n20:feed17:rep1,c9563460-cbf2-424f-b83f-65b8d0e4d551,3895074,509,4.241666666666666,15619733722,36074582500,36080573100,1781307128180-0
concurrency_n20_20260613_003117_redis_feed17_rep1,redis,sb:events:n20:feed17:rep1,bd1a2f63-624a-4be7-a2c2-5f3708bcd61a,3895074,509,4.241666666666666,15619733722,36081200200,36082206000,1781307128187-0
concurrency_n20_20260613_003117_redis_feed17_rep1,redis,sb:events:n20:feed17:rep1,d812dcc3-393c-4ae3-8a6b-6035c319fca8,3895074,509,4.241666666666666,15619733722,36082641900,36083776600,1781307128189-0
concurrency_n20_20260613_003117_redis_feed17_rep1,redis,sb:events:n20:feed17:rep1,43f2530a-b5e4-4824-904d-7bcd7a452fb3,3895060,509,4.241666666666666,15619733722,36084044900,36096981500,1781307128196-0
concurrency_n20_20260613_003117_redis_feed17_rep1,redis,sb:events:n20:feed17:rep1,0e71b093-1f11-4790-9d02-3d5cba62b88e,3895060,509,4.241666666666666,15619733722,36098861900,36100283300,1781307128205-0
concurrency_n20_20260613_003117_redis_feed17_rep1,redis,sb:events:n20:feed17:rep1,1777e72e-d9a0-432d-a526-b44383537534,3895086,509,4.241666666666666,15619733722,36100586600,36101721100,1781307128206-0
concurrency_n20_20260613_003117_redis_feed17_rep1,redis,sb:events:n20:feed17:rep1,8a1cf37c-7492-4977-84f4-907948223c58,3895052,509,4.241666666666666,15619733722,36102023700,36106825600,1781307128208-0
concurrency_n20_20260613_003117_redis_feed17_rep1,redis,sb:events:n20:feed17:rep1,8d95c8b0-773f-44fd-9ed5-ce557f0b98c3,3895052,509,4.241666666666666,15619733722,36107207300,36112988200,1781307128216-0
concurrency_n20_20260613_003117_redis_feed17_rep1,redis,sb:events:n20:feed17:rep1,6f41d8bd-52f1-4795-8953-ea9e6b1ca541,3895074,510,4.25,15619803166,36113240100,36115288700,1781307128219-0
concurrency_n20_20260613_003117_redis_feed17_rep1,redis,sb:events:n20:feed17:rep1,707e2712-d8d0-4b39-93ac-3647b978fd93,3895067,510,4.25,15619803166,36115558200,36120062600,1781307128221-0
concurrency_n20_20260613_003117_redis_feed17_rep1,redis,sb:events:n20:feed17:rep1,a5cc2446-04a8-4eb1-82f0-358ed4234e3c,3895107,510,4.25,15619803166,36120305800,36130023400,1781307128235-0
concurrency_n20_20260613_003117_redis_feed17_rep1,redis,sb:events:n20:feed17:rep1,2feeace9-9f8b-42be-9d66-ffe05617788d,3895086,510,4.25,15619803166,36130544800,36133004200,1781307128237-0
concurrency_n20_20260613_003117_redis_feed17_rep1,redis,sb:events:n20:feed17:rep1,8b399507-b4f2-43ae-bfdf-92b3748cbe95,3895086,510,4.25,15619803166,36133249200,36135242300,1781307128239-0
concurrency_n20_20260613_003117_redis_feed17_rep1,redis,sb:events:n20:feed17:rep1,4814d196-9529-4781-a9e5-3d2bd2da645b,3895052,510,4.25,15619803166,36135552800,36137659800,1781307128242-0
concurrency_n20_20260613_003117_redis_feed17_rep1,redis,sb:events:n20:feed17:rep1,9e9bbbe9-6657-45a4-b8b2-5d9b0eb39bdc,3895086,510,4.25,15619803166,36137977600,36139661600,1781307128244-0
concurrency_n20_20260613_003117_redis_feed17_rep1,redis,sb:events:n20:feed17:rep1,bf565494-7169-456a-86fd-2b61f2002349,3895052,510,4.25,15619803166,36139946700,36142009400,1781307128247-0
concurrency_n20_20260613_003117_redis_feed17_rep1,redis,sb:events:n20:feed17:rep1,364b48ed-28a1-4f92-bb6b-2d50b7f8ab60,3895052,510,4.25,15619803166,36142240100,36144768600,1781307128249-0
concurrency_n20_20260613_003117_redis_feed17_rep1,redis,sb:events:n20:feed17:rep1,e4baa967-37f7-4f11-a846-e4b7de57a137,3895052,510,4.25,15619803166,36144996900,36145917300,1781307128251-0
concurrency_n20_20260613_003117_redis_feed17_rep1,redis,sb:events:n20:feed17:rep1,9aa4d688-5d3b-4354-b6f0-bde65819e05a,3895121,511,4.258333333333334,15619872611,36146109600,36147314300,1781307128252-0
concurrency_n20_20260613_003117_redis_feed17_rep1,redis,sb:events:n20:feed17:rep1,2c3e0b08-b58b-4293-b275-9542c9b9cfe8,3895086,511,4.258333333333334,15619872611,36147701300,36148997400,1781307128254-0
concurrency_n20_20260613_003117_redis_feed17_rep1,redis,sb:events:n20:feed17:rep1,95be481e-b01f-48a2-a7ee-8e5a9988246f,3895086,511,4.258333333333334,15619872611,36149452700,36150475200,1781307128255-0
concurrency_n20_20260613_003117_redis_feed17_rep1,redis,sb:events:n20:feed17:rep1,41ec44b0-09af-4a1a-b648-2a5bbdcdaacc,3895113,511,4.258333333333334,15619872611,36150701100,36151512100,1781307128256-0
concurrency_n20_20260613_003117_redis_feed17_rep1,redis,sb:events:n20:feed17:rep1,8018154e-2201-424b-92e6-af940af71af8,3895086,511,4.258333333333334,15619872611,36151778700,36157399400,1781307128258-0
concurrency_n20_20260613_003117_redis_feed17_rep1,redis,sb:events:n20:feed17:rep1,c69ec7ea-eade-4613-8dfb-b85ac6d7b245,3895113,511,4.258333333333334,15619872611,36158699200,36162144200,1781307128267-0
concurrency_n20_20260613_003117_redis_feed17_rep1,redis,sb:events:n20:feed17:rep1,d86d0853-7e38-4685-83e6-c970b529ed64,3895113,511,4.258333333333334,15619872611,36163711000,36189472100,1781307128270-0
concurrency_n20_20260613_003117_redis_feed17_rep1,redis,sb:events:n20:feed17:rep1,9c4dda21-6b09-4161-965f-cff7fb4f7695,3895074,512,4.266666666666667,15619942055,36189709400,36202235000,1781307128306-0
concurrency_n20_20260613_003117_redis_feed17_rep1,redis,sb:events:n20:feed17:rep1,a51bbcc1-1642-44dd-98df-d6d896639873,3895074,512,4.266666666666667,15619942055,36202636300,36205828200,1781307128310-0
concurrency_n20_20260613_003117_redis_feed17_rep1,redis,sb:events:n20:feed17:rep1,ea039a3e-36b4-4423-8123-4acdbfee6222,3895121,512,4.266666666666667,15619942055,36206094600,36212582200,1781307128313-0
concurrency_n20_20260613_003117_redis_feed17_rep1,redis,sb:events:n20:feed17:rep1,61d6b03d-09cb-4971-85d4-bf79b2d16af9,3895121,512,4.266666666666667,15619942055,36213348100,36220725700,1781307128323-0
concurrency_n20_20260613_003117_redis_feed17_rep1,redis,sb:events:n20:feed17:rep1,a44f6845-53e0-4746-8124-ef0bcef725ed,3895060,512,4.266666666666667,15619942055,36221058500,36242696900,1781307128345-0
concurrency_n20_20260613_003117_redis_feed17_rep1,redis,sb:events:n20:feed17:rep1,576e8524-ca4d-43b2-b2c0-4a99781138d8,3895060,512,4.266666666666667,15619942055,36242946700,36244519000,1781307128349-0
concurrency_n20_20260613_003117_redis_feed17_rep1,redis,sb:events:n20:feed17:rep1,7bae91e0-3b0a-4e74-9db6-4ee7415f29ed,3895060,512,4.266666666666667,15619942055,36244730800,36247391500,1781307128352-0
concurrency_n20_20260613_003117_redis_feed17_rep1,redis,sb:events:n20:feed17:rep1,7741a524-b265-4a90-8936-6f5c55318a03,3895060,512,4.266666666666667,15619942055,36247730300,36258877800,1781307128355-0
concurrency_n20_20260613_003117_redis_feed17_rep1,redis,sb:events:n20:feed17:rep1,bccf15ca-7a9c-4b7a-aa80-f9e4253e58c3,3895067,512,4.266666666666667,15619942055,36260770900,36265932100,1781307128371-0
concurrency_n20_20260613_003117_redis_feed17_rep1,redis,sb:events:n20:feed17:rep1,396ca39c-5519-4ba0-bcac-f6a1c1b47742,3895067,512,4.266666666666667,15619942055,36266308700,36267677400,1781307128372-0
concurrency_n20_20260613_003117_redis_feed17_rep1,redis,sb:events:n20:feed17:rep1,08c1a3ee-c054-4508-a673-b6383c63e127,3895086,512,4.266666666666667,15619942055,36267891700,36272816800,1781307128374-0
concurrency_n20_20260613_003117_redis_feed17_rep1,redis,sb:events:n20:feed17:rep1,74bd4e36-7331-453b-a774-836d5d02f062,3895086,512,4.266666666666667,15619942055,36273172800,36284698900,1781307128386-0
concurrency_n20_20260613_003117_redis_feed17_rep1,redis,sb:events:n20:feed17:rep1,43bb71bc-9387-4235-ad8d-e90395998443,3895232,512,512.0,19851053166,36284975500,36286921000,1781307128391-0
concurrency_n20_20260613_003117_redis_feed17_rep1,redis,sb:events:n20:feed17:rep1,1f254274-d98b-4654-98b1-be07e18b05d4,3895060,513,4.275,15620011500,36287193100,36296286800,1781307128393-0
concurrency_n20_20260613_003117_redis_feed17_rep1,redis,sb:events:n20:feed17:rep1,947c902c-d4cd-4cca-8b89-f3f14eaa36b3,3895060,513,4.275,15620011500,36296943800,36299077100,1781307128403-0
concurrency_n20_20260613_003117_redis_feed17_rep1,redis,sb:events:n20:feed17:rep1,7cfac252-e778-42f1-8ed0-2a05aa353412,3895067,513,4.275,15620011500,36299327900,36316465100,1781307128419-0
concurrency_n20_20260613_003117_redis_feed17_rep1,redis,sb:events:n20:feed17:rep1,c8531bb0-c0a2-44f4-89aa-d2eb333d62fd,3895107,513,4.275,15620011500,36316985700,36321912200,1781307128423-0
concurrency_n20_20260613_003117_redis_feed17_rep1,redis,sb:events:n20:feed17:rep1,c2325458-b1ce-4b61-9f06-8ee8b0899067,3895107,513,4.275,15620011500,36322206500,36340150400,1781307128443-0
concurrency_n20_20260613_003117_redis_feed17_rep1,redis,sb:events:n20:feed17:rep1,01330f1c-f49f-4233-ba26-d4cf784ad678,3895113,513,4.275,15620011500,36340436900,36343161800,1781307128448-0
concurrency_n20_20260613_003117_redis_feed17_rep1,redis,sb:events:n20:feed17:rep1,2a47eb4b-6dd4-4358-9917-a409d773dc6c,3895086,513,4.275,15620011500,36343420400,36352705000,1781307128456-0
concurrency_n20_20260613_003117_redis_feed17_rep1,redis,sb:events:n20:feed17:rep1,9bf24c58-941f-463e-b36b-dc42bb422bbb,3895113,513,4.275,15620011500,36353214100,36370021200,1781307128473-0
concurrency_n20_20260613_003117_redis_feed17_rep1,redis,sb:events:n20:feed17:rep1,f1f6da62-face-4e8d-8b7d-0215b1d54d6a,3895113,513,4.275,15620011500,36370469800,36379565700,1781307128479-0
concurrency_n20_20260613_003117_redis_feed17_rep1,redis,sb:events:n20:feed17:rep1,6f1db922-2424-48a2-90fc-49a5b0fbd5d7,3895232,513,513.0,19859386500,36379826300,36387288500,1781307128492-0
concurrency_n20_20260613_003117_redis_feed17_rep1,redis,sb:events:n20:feed17:rep1,a6eb9c61-c32b-42c6-b2e1-87fe4f8b0b00,3895232,513,513.0,19859386500,36387581600,36391018400,1781307128494-0
concurrency_n20_20260613_003117_redis_feed17_rep1,redis,sb:events:n20:feed17:rep1,5aff66b7-166a-4375-9a1d-eb2145242a64,3895232,513,513.0,19859386500,36391350400,36393849700,1781307128498-0
concurrency_n20_20260613_003117_redis_feed17_rep1,redis,sb:events:n20:feed17:rep1,78089b7c-356b-477f-9d9b-17a731d48db8,3895232,513,513.0,19859386500,36394240900,36402040800,1781307128502-0
concurrency_n20_20260613_003117_redis_feed17_rep1,redis,sb:events:n20:feed17:rep1,40d4ee39-20cc-4ade-ab81-5727e8e8af1b,3895121,514,4.283333333333333,15620080944,36402354800,36409099200,1781307128513-0
concurrency_n20_20260613_003117_redis_feed17_rep1,redis,sb:events:n20:feed17:rep1,dd61f0d7-af6d-4711-9660-e7285c960fdf,3895060,514,4.283333333333333,15620080944,36409341300,36412561000,1781307128516-0
concurrency_n20_20260613_003117_redis_feed17_rep1,redis,sb:events:n20:feed17:rep1,5edd7501-8186-468e-9079-ef1ca338755b,3895067,514,4.283333333333333,15620080944,36424590800,36425991300,1781307128531-0
concurrency_n20_20260613_003117_redis_feed17_rep1,redis,sb:events:n20:feed17:rep1,496c4c3c-7e45-459a-932d-d369e14648f3,3895067,514,4.283333333333333,15620080944,36426259800,36427545500,1781307128532-0
concurrency_n20_20260613_003117_redis_feed17_rep1,redis,sb:events:n20:feed17:rep1,6662b85c-bea2-4814-b738-e1395a763d9f,3895107,514,4.283333333333333,15620080944,36427766500,36429008300,1781307128534-0
concurrency_n20_20260613_003117_redis_feed17_rep1,redis,sb:events:n20:feed17:rep1,2752e67d-a614-4b54-a16f-900c27e20f16,3895113,514,4.283333333333333,15620080944,36429300200,36455712100,1781307128558-0
concurrency_n20_20260613_003117_redis_feed17_rep1,redis,sb:events:n20:feed17:rep1,7b20fd77-3fa6-4406-b5a6-063e7b37086a,3895232,514,514.0,19867719833,36456195500,36457834300,1781307128562-0
concurrency_n20_20260613_003117_redis_feed17_rep1,redis,sb:events:n20:feed17:rep1,32a31b1a-8be5-4be6-96cb-620eb2ce218e,3895232,514,514.0,19867719833,36458087300,36468514200,1781307128572-0
concurrency_n20_20260613_003117_redis_feed17_rep1,redis,sb:events:n20:feed17:rep1,1166c161-0ce9-4920-8a48-ed72f61e2ee5,3895232,514,514.0,19867719833,36472937200,36474001000,1781307128579-0
concurrency_n20_20260613_003117_redis_feed17_rep1,redis,sb:events:n20:feed17:rep1,16db44e3-3b0b-4fc9-8685-5018808a2372,3895060,515,4.291666666666667,15620150388,36474312800,36475148500,1781307128580-0
concurrency_n20_20260613_003117_redis_feed17_rep1,redis,sb:events:n20:feed17:rep1,ba454c0b-0cfe-411e-961e-b2b838c135d1,3895060,515,4.291666666666667,15620150388,36475350100,36476136300,1781307128581-0
concurrency_n20_20260613_003117_redis_feed17_rep1,redis,sb:events:n20:feed17:rep1,d2e0289b-8116-4401-a890-c839d2722444,3895067,515,4.291666666666667,15620150388,36476372200,36487147500,1781307128592-0
concurrency_n20_20260613_003117_redis_feed17_rep1,redis,sb:events:n20:feed17:rep1,618cf053-2206-4420-9615-011d1be96fa1,3895067,515,4.291666666666667,15620150388,36487445900,36488421300,1781307128594-0
concurrency_n20_20260613_003117_redis_feed17_rep1,redis,sb:events:n20:feed17:rep1,b186773d-0c6b-412a-a9ff-b024f91ff8d6,3895067,515,4.291666666666667,15620150388,36488749000,36494012600,1781307128595-0
concurrency_n20_20260613_003117_redis_feed17_rep1,redis,sb:events:n20:feed17:rep1,468426b8-5dca-4583-a16f-e7fc65e45f2d,3895107,515,4.291666666666667,15620150388,36501174900,36504391800,1781307128609-0
concurrency_n20_20260613_003117_redis_feed17_rep1,redis,sb:events:n20:feed17:rep1,a9c5212e-15a6-4280-873b-daf7dd3dd77d,3895107,515,4.291666666666667,15620150388,36504701800,36507940200,1781307128611-0
concurrency_n20_20260613_003117_redis_feed17_rep1,redis,sb:events:n20:feed17:rep1,11a33591-e999-4cd2-95ba-6988f22811d4,3895107,515,4.291666666666667,15620150388,36508448600,36510135200,1781307128615-0
concurrency_n20_20260613_003117_redis_feed17_rep1,redis,sb:events:n20:feed17:rep1,25a355bc-eb29-409d-b376-f40b1ddd60a5,3895113,515,4.291666666666667,15620150388,36510455800,36511969500,1781307128617-0
concurrency_n20_20260613_003117_redis_feed17_rep1,redis,sb:events:n20:feed17:rep1,11700670-0e62-42b1-b9bf-6b86fdc6e57a,3895113,515,4.291666666666667,15620150388,36512228700,36518674500,1781307128624-0
concurrency_n20_20260613_003117_redis_feed17_rep1,redis,sb:events:n20:feed17:rep1,84c59564-7cdd-4811-b501-9e65e5db9219,3895232,515,515.0,19876053166,36519239000,36527122900,1781307128625-0
concurrency_n20_20260613_003117_redis_feed17_rep1,redis,sb:events:n20:feed17:rep1,606ed56e-73c0-4c3e-bc4d-a00d5c73dd32,3895232,515,515.0,19876053166,36527369600,36528966100,1781307128633-0
concurrency_n20_20260613_003117_redis_feed17_rep1,redis,sb:events:n20:feed17:rep1,b9366635-8a1e-476a-a840-173388ea75d6,3895232,515,515.0,19876053166,36529266900,36530333800,1781307128635-0
concurrency_n20_20260613_003117_redis_feed17_rep1,redis,sb:events:n20:feed17:rep1,99e13697-d294-474e-833e-df5e3a1bfe01,3895232,515,515.0,19876053166,36530586200,36536524400,1781307128638-0
concurrency_n20_20260613_003117_redis_feed17_rep1,redis,sb:events:n20:feed17:rep1,9dee56a9-9275-4b4f-b3b4-f9461e40c061,3895074,516,4.3,15620219833,36537111500,36541535600,1781307128644-0
concurrency_n20_20260613_003117_redis_feed17_rep1,redis,sb:events:n20:feed17:rep1,d4a4b6ec-9625-438e-a709-e9c4038d7379,3895121,516,4.3,15620219833,36541796800,36542980900,1781307128648-0
concurrency_n20_20260613_003117_redis_feed17_rep1,redis,sb:events:n20:feed17:rep1,3da791bb-390e-4ccb-9344-bfef4fd966c3,3895121,516,4.3,15620219833,36543567200,36545767900,1781307128650-0
concurrency_n20_20260613_003117_redis_feed17_rep1,redis,sb:events:n20:feed17:rep1,e7ba2c84-9b71-4424-ae10-390ccc364bd0,3895060,516,4.3,15620219833,36546213000,36547044900,1781307128652-0
concurrency_n20_20260613_003117_redis_feed17_rep1,redis,sb:events:n20:feed17:rep1,e1900452-ba67-4981-a631-d7d973843a53,3895067,516,4.3,15620219833,36547220700,36548785400,1781307128653-0
concurrency_n20_20260613_003117_redis_feed17_rep1,redis,sb:events:n20:feed17:rep1,d1799f25-3a6d-44b7-b8e2-13ae58b02b31,3895107,516,4.3,15620219833,36549030300,36573615000,1781307128672-0
concurrency_n20_20260613_003117_redis_feed17_rep1,redis,sb:events:n20:feed17:rep1,bb2ec522-c94f-4d37-9104-3eac011aab1e,3895107,516,4.3,15620219833,36573944400,36582788100,1781307128685-0
concurrency_n20_20260613_003117_redis_feed17_rep1,redis,sb:events:n20:feed17:rep1,80342f59-095a-46c5-960c-d33edb58e89d,3895074,517,4.308333333333334,15620289277,36583139600,36584689500,1781307128689-0
concurrency_n20_20260613_003117_redis_feed17_rep1,redis,sb:events:n20:feed17:rep1,44fb2aca-0b6d-4a21-bc37-60141d9958a2,3895074,517,4.308333333333334,15620289277,36584895000,36592945500,1781307128692-0
concurrency_n20_20260613_003117_redis_feed17_rep1,redis,sb:events:n20:feed17:rep1,cb1133fe-2b8c-47f1-87ca-6822ee962229,3895060,517,4.308333333333334,15620289277,36593720800,36594799700,1781307128700-0
concurrency_n20_20260613_003117_redis_feed17_rep1,redis,sb:events:n20:feed17:rep1,ce594660-7c58-4437-bce3-46bda6f43677,3895060,517,4.308333333333334,15620289277,36595121500,36598188000,1781307128702-0
concurrency_n20_20260613_003117_redis_feed17_rep1,redis,sb:events:n20:feed17:rep1,307fb41d-a8e4-4032-aac3-61ac29190dc3,3895060,517,4.308333333333334,15620289277,36598465900,36605451100,1781307128705-0
concurrency_n20_20260613_003117_redis_feed17_rep1,redis,sb:events:n20:feed17:rep1,15f38ad4-b80e-49c0-b797-58fc2e508726,3895060,517,4.308333333333334,15620289277,36605824000,36609706000,1781307128713-0
concurrency_n20_20260613_003117_redis_feed17_rep1,redis,sb:events:n20:feed17:rep1,987af024-d57c-4ed6-a13e-78e2fcdaba0d,3895067,517,4.308333333333334,15620289277,36610647200,36612736500,1781307128717-0
concurrency_n20_20260613_003117_redis_feed17_rep1,redis,sb:events:n20:feed17:rep1,54ea6238-1075-455d-8f7b-20002c1a72dc,3895067,517,4.308333333333334,15620289277,36612977900,36620410600,1781307128720-0
concurrency_n20_20260613_003117_redis_feed17_rep1,redis,sb:events:n20:feed17:rep1,0c1f2874-e5d3-484f-8dd1-fe32faedeb29,3895113,517,4.308333333333334,15620289277,36620690500,36622743000,1781307128727-0
concurrency_n20_20260613_003117_redis_feed17_rep1,redis,sb:events:n20:feed17:rep1,2a25cb31-5e32-4c2b-8d68-23edf14c8a48,3895060,518,4.316666666666666,15620358722,36623110900,36624751800,1781307128729-0
concurrency_n20_20260613_003117_redis_feed17_rep1,redis,sb:events:n20:feed17:rep1,d7d9bb2e-61cf-458a-bddb-607b06f62208,3895060,518,4.316666666666666,15620358722,36625003500,36628326500,1781307128731-0
concurrency_n20_20260613_003117_redis_feed17_rep1,redis,sb:events:n20:feed17:rep1,01732720-50cd-4d38-8262-17749ccb1ad1,3895060,518,4.316666666666666,15620358722,36628710700,36630460100,1781307128735-0
concurrency_n20_20260613_003117_redis_feed17_rep1,redis,sb:events:n20:feed17:rep1,1918e176-5d63-4eff-b5b7-5836540fdac9,3895107,518,4.316666666666666,15620358722,36630718500,36632717000,1781307128737-0
concurrency_n20_20260613_003117_redis_feed17_rep1,redis,sb:events:n20:feed17:rep1,f9f6ce8c-80f1-4bb7-b6cd-53a1629a771b,3895060,519,4.325,15620428166,36632990400,36637430900,1781307128740-0
concurrency_n20_20260613_003117_redis_feed17_rep1,redis,sb:events:n20:feed17:rep1,49d14939-2450-4ab8-b09d-76753d13cc23,3895067,519,4.325,15620428166,36637769600,36639697200,1781307128744-0
concurrency_n20_20260613_003117_redis_feed17_rep1,redis,sb:events:n20:feed17:rep1,ef422be2-d385-4919-9e4c-4b4228eae971,3895067,519,4.325,15620428166,36640068800,36641214100,1781307128746-0
concurrency_n20_20260613_003117_redis_feed17_rep1,redis,sb:events:n20:feed17:rep1,b8f9bd6b-9a37-4794-a85d-6f812ad4e301,3895067,519,4.325,15620428166,36641465000,36643455700,1781307128748-0
concurrency_n20_20260613_003117_redis_feed17_rep1,redis,sb:events:n20:feed17:rep1,98e7f20a-28db-49e7-a4f9-88c516782a38,3895067,519,4.325,15620428166,36643792800,36645433000,1781307128750-0
concurrency_n20_20260613_003117_redis_feed17_rep1,redis,sb:events:n20:feed17:rep1,1b30f7b4-a2f4-40c0-9335-1edaa3de5712,3895107,519,4.325,15620428166,36645652700,36647118500,1781307128752-0
concurrency_n20_20260613_003117_redis_feed17_rep1,redis,sb:events:n20:feed17:rep1,e72dc9b5-9f93-4650-9995-76d13c4c57d1,3895107,519,4.325,15620428166,36647424400,36653345600,1781307128758-0
concurrency_n20_20260613_003117_redis_feed17_rep1,redis,sb:events:n20:feed17:rep1,a2ee9a83-1908-4f93-94dd-384a2f5307fb,3895074,520,4.333333333333333,15620497611,36653584700,36656814400,1781307128762-0
concurrency_n20_20260613_003117_redis_feed17_rep1,redis,sb:events:n20:feed17:rep1,97fad311-53da-45b1-9717-a2093f668ed8,3895121,520,4.333333333333333,15620497611,36657081000,36667033400,1781307128770-0
concurrency_n20_20260613_003117_redis_feed17_rep1,redis,sb:events:n20:feed17:rep1,6384539d-b3da-405b-a218-c451b8266af7,3895060,520,4.333333333333333,15620497611,36667285600,36677444500,1781307128780-0
concurrency_n20_20260613_003117_redis_feed17_rep1,redis,sb:events:n20:feed17:rep1,55ba4e9b-a045-4940-86fd-798ea3f396f0,3895060,520,4.333333333333333,15620497611,36677736000,36679457600,1781307128784-0
concurrency_n20_20260613_003117_redis_feed17_rep1,redis,sb:events:n20:feed17:rep1,b9414508-e2ef-431a-a120-12b5df982604,3895060,520,4.333333333333333,15620497611,36679725200,36680815100,1781307128786-0
concurrency_n20_20260613_003117_redis_feed17_rep1,redis,sb:events:n20:feed17:rep1,f9715d9b-f136-405f-9c3a-37d9e1c7f7ec,3895107,520,4.333333333333333,15620497611,36681041400,36685966600,1781307128789-0
concurrency_n20_20260613_003117_redis_feed17_rep1,redis,sb:events:n20:feed17:rep1,427f23e2-9f1d-4bf8-8f85-c861ade4c627,3895113,520,4.333333333333333,15620497611,36688373000,36690654600,1781307128795-0
concurrency_n20_20260613_003117_redis_feed17_rep1,redis,sb:events:n20:feed17:rep1,59e64ca6-6769-446c-9659-93e6adee6c3a,3895113,520,4.333333333333333,15620497611,36690922500,36693211300,1781307128797-0
concurrency_n20_20260613_003117_redis_feed17_rep1,redis,sb:events:n20:feed17:rep1,6863a428-b5a4-4564-b24d-d5f89a670a56,3895074,521,4.341666666666667,15620567055,36693433900,36696331600,1781307128799-0
concurrency_n20_20260613_003117_redis_feed17_rep1,redis,sb:events:n20:feed17:rep1,8f79565a-a90d-4d26-909d-bbcdeaccba2d,3895074,521,4.341666666666667,15620567055,36696741800,36699305300,1781307128803-0
concurrency_n20_20260613_003117_redis_feed17_rep1,redis,sb:events:n20:feed17:rep1,0a04a0e3-695a-44fb-bd5c-ad69c331d69f,3895074,521,4.341666666666667,15620567055,36699576600,36700983800,1781307128806-0
concurrency_n20_20260613_003117_redis_feed17_rep1,redis,sb:events:n20:feed17:rep1,100ca139-0417-4dc3-859a-dfc70383e14e,3895121,521,4.341666666666667,15620567055,36701257900,36705221500,1781307128807-0
concurrency_n20_20260613_003117_redis_feed17_rep1,redis,sb:events:n20:feed17:rep1,6bb0889f-9c99-43b3-8e1b-2ee506e1152b,3895121,521,4.341666666666667,15620567055,36706150100,36713706100,1781307128817-0
concurrency_n20_20260613_003117_redis_feed17_rep1,redis,sb:events:n20:feed17:rep1,81db2ad5-3ed7-4089-afc5-f6110181b19b,3895060,521,4.341666666666667,15620567055,36713942200,36715594700,1781307128821-0
concurrency_n20_20260613_003117_redis_feed17_rep1,redis,sb:events:n20:feed17:rep1,d04d92f0-9341-4805-aa5e-860c0f597675,3895067,521,4.341666666666667,15620567055,36715831700,36720998400,1781307128822-0
concurrency_n20_20260613_003117_redis_feed17_rep1,redis,sb:events:n20:feed17:rep1,e900863b-6a63-498e-a44a-fc911d66d242,3895060,521,4.341666666666667,15620567055,36721269200,36726927700,1781307128831-0
concurrency_n20_20260613_003117_redis_feed17_rep1,redis,sb:events:n20:feed17:rep1,3c13745a-2a7f-4c59-8e84-f53e76666ec1,3895067,521,4.341666666666667,15620567055,36727154800,36729462500,1781307128833-0
concurrency_n20_20260613_003117_redis_feed17_rep1,redis,sb:events:n20:feed17:rep1,1c7ef114-f32e-4af6-bb53-0123d788159f,3895060,521,4.341666666666667,15620567055,36729809300,36737713500,1781307128836-0
concurrency_n20_20260613_003117_redis_feed17_rep1,redis,sb:events:n20:feed17:rep1,16f54a3a-428e-4f0c-aadb-ce44890fd041,3895067,521,4.341666666666667,15620567055,36738038000,36745788100,1781307128850-0
concurrency_n20_20260613_003117_redis_feed17_rep1,redis,sb:events:n20:feed17:rep1,925eaa91-afdb-45d5-b9f3-0e05080ddba1,3895107,521,4.341666666666667,15620567055,36746122100,36749140300,1781307128853-0
concurrency_n20_20260613_003117_redis_feed17_rep1,redis,sb:events:n20:feed17:rep1,384ddab3-0b7c-488d-8e9d-9ee9c937d8d5,3895107,521,4.341666666666667,15620567055,36749560600,36756753400,1781307128856-0
concurrency_n20_20260613_003117_redis_feed17_rep1,redis,sb:events:n20:feed17:rep1,0bbb1280-45ac-457c-95da-2864bd579cec,3895113,521,4.341666666666667,15620567055,36757134200,36758763600,1781307128863-0
concurrency_n20_20260613_003117_redis_feed17_rep1,redis,sb:events:n20:feed17:rep1,8b605fd7-8aa8-45bf-b098-b74c5f6761ba,3895232,521,521.0,19926053166,36759573200,36761022200,1781307128866-0
concurrency_n20_20260613_003117_redis_feed17_rep1,redis,sb:events:n20:feed17:rep1,7a582bf1-dd75-4e0c-ba5f-9351d2fc8da7,3895060,522,4.35,15620636500,36767562800,36771150000,1781307128875-0
concurrency_n20_20260613_003117_redis_feed17_rep1,redis,sb:events:n20:feed17:rep1,93707c41-6647-4824-96c6-c5c05465b9b4,3895060,522,4.35,15620636500,36771470100,36772603800,1781307128877-0
concurrency_n20_20260613_003117_redis_feed17_rep1,redis,sb:events:n20:feed17:rep1,afa3ae87-cc2d-4200-9123-f20dfb05a1b6,3895107,522,4.35,15620636500,36772914100,36774366800,1781307128879-0
concurrency_n20_20260613_003117_redis_feed17_rep1,redis,sb:events:n20:feed17:rep1,d0468067-11cd-402a-9c58-31fc1975d03f,3895107,522,4.35,15620636500,36774559000,36785903000,1781307128891-0
concurrency_n20_20260613_003117_redis_feed17_rep1,redis,sb:events:n20:feed17:rep1,8c60e9aa-b5a2-4ad4-9a48-881f24cada96,3895107,522,4.35,15620636500,36786238700,36787106000,1781307128892-0
concurrency_n20_20260613_003117_redis_feed17_rep1,redis,sb:events:n20:feed17:rep1,b36b7db0-bb9e-4a24-b075-f591e5ae57d7,3895107,522,4.35,15620636500,36787312600,36789477600,1781307128894-0
concurrency_n20_20260613_003117_redis_feed17_rep1,redis,sb:events:n20:feed17:rep1,a40624b3-bfad-4c10-b540-5d7afb11569f,3895113,522,4.35,15620636500,36789761800,36796790500,1781307128896-0
concurrency_n20_20260613_003117_redis_feed17_rep1,redis,sb:events:n20:feed17:rep1,323f6d53-5da4-4be9-9de0-c6a5ad6e8bdc,3895113,522,4.35,15620636500,36797222400,36800091200,1781307128905-0
concurrency_n20_20260613_003117_redis_feed17_rep1,redis,sb:events:n20:feed17:rep1,1db19b5b-fff8-4b33-aa5a-375f8827004d,3895121,523,4.358333333333333,15620705944,36800375200,36803844400,1781307128908-0
concurrency_n20_20260613_003117_redis_feed17_rep1,redis,sb:events:n20:feed17:rep1,c04c1057-5911-4a54-abca-1e0470cac6c9,3895107,523,4.358333333333333,15620705944,36804400300,36805587500,1781307128910-0
concurrency_n20_20260613_003117_redis_feed17_rep1,redis,sb:events:n20:feed17:rep1,3fbcf76b-4681-4e0a-863b-de9c7a8cb3b2,3895107,523,4.358333333333333,15620705944,36805777700,36806575700,1781307128912-0
concurrency_n20_20260613_003117_redis_feed17_rep1,redis,sb:events:n20:feed17:rep1,f0b960f6-595f-4c51-b6ca-764db484988c,3895113,523,4.358333333333333,15620705944,36806758000,36808140700,1781307128913-0
concurrency_n20_20260613_003117_redis_feed17_rep1,redis,sb:events:n20:feed17:rep1,5ba36319-4cfe-46b2-bd24-29b6b3d18b81,3895232,523,523.0,19942719833,36808376800,36810479000,1781307128914-0
concurrency_n20_20260613_003117_redis_feed17_rep1,redis,sb:events:n20:feed17:rep1,80d88f6d-4ad9-4365-b345-ffff472f53bf,3895232,523,523.0,19942719833,36810774700,36812129200,1781307128917-0
concurrency_n20_20260613_003117_redis_feed17_rep1,redis,sb:events:n20:feed17:rep1,ea053585-687d-4d7b-8ede-317fd787b930,3895074,524,4.366666666666666,15620775388,36812433700,36820386700,1781307128922-0
concurrency_n20_20260613_003117_redis_feed17_rep1,redis,sb:events:n20:feed17:rep1,6ec67334-6443-449b-9dd4-2101103fae8e,3895121,524,4.366666666666666,15620775388,36820626500,36822066700,1781307128927-0
concurrency_n20_20260613_003117_redis_feed17_rep1,redis,sb:events:n20:feed17:rep1,6f968e3c-e7ae-4e31-a433-c1291d40addc,3895121,524,4.366666666666666,15620775388,36840280800,36841284300,1781307128946-0
concurrency_n20_20260613_003117_redis_feed17_rep1,redis,sb:events:n20:feed17:rep1,70dd6be1-f1a4-4d16-a7aa-a3b03f355375,3895107,524,4.366666666666666,15620775388,36842045400,36842862700,1781307128948-0
concurrency_n20_20260613_003117_redis_feed17_rep1,redis,sb:events:n20:feed17:rep1,1fc02a37-540b-47ff-acb8-22ade5c1808a,3895107,524,4.366666666666666,15620775388,36843155200,36849887400,1781307128949-0
concurrency_n20_20260613_003117_redis_feed17_rep1,redis,sb:events:n20:feed17:rep1,d5d42c02-ad64-49fc-a51b-b65f26c9fd72,3895074,525,4.375,15620844833,36850389200,36851810900,1781307128957-0
concurrency_n20_20260613_003117_redis_feed17_rep1,redis,sb:events:n20:feed17:rep1,4cc5777a-4670-4e70-8819-1d9d1b95f36b,3895074,525,4.375,15620844833,36852094900,36853085300,1781307128958-0
concurrency_n20_20260613_003117_redis_feed17_rep1,redis,sb:events:n20:feed17:rep1,4668001f-8001-484b-a362-a7c6f02060d5,3895060,525,4.375,15620844833,36853264100,36859051800,1781307128959-0
concurrency_n20_20260613_003117_redis_feed17_rep1,redis,sb:events:n20:feed17:rep1,20eb3f50-409c-4c6c-b18e-8114b26de7ce,3895113,525,4.375,15620844833,36867565500,36870613400,1781307128975-0
concurrency_n20_20260613_003117_redis_feed17_rep1,redis,sb:events:n20:feed17:rep1,0ac6d9ef-7559-48e2-a503-f553badb78e5,3895113,525,4.375,15620844833,36870891400,36876054600,1781307128979-0
concurrency_n20_20260613_003117_redis_feed17_rep1,redis,sb:events:n20:feed17:rep1,8acbf3dc-91e8-4fce-b107-0d55d4e7e86e,3895074,526,4.383333333333334,15620914277,36876334800,36879662000,1781307128982-0
concurrency_n20_20260613_003117_redis_feed17_rep1,redis,sb:events:n20:feed17:rep1,38daa8b4-9905-4022-85b4-45b82d6d7d25,3895074,526,4.383333333333334,15620914277,36880049000,36881343200,1781307128987-0
concurrency_n20_20260613_003117_redis_feed17_rep1,redis,sb:events:n20:feed17:rep1,b0e8ae72-248f-4087-ae40-c9f006d93a78,3895060,526,4.383333333333334,15620914277,36881612600,36884035000,1781307128989-0
concurrency_n20_20260613_003117_redis_feed17_rep1,redis,sb:events:n20:feed17:rep1,9163276e-2a34-4c52-8291-2a46db09c9af,3895060,526,4.383333333333334,15620914277,36884316800,36888838100,1781307128992-0
concurrency_n20_20260613_003117_redis_feed17_rep1,redis,sb:events:n20:feed17:rep1,20f95845-0afb-4666-9204-584035a84896,3895113,526,4.383333333333334,15620914277,36889203800,36906769800,1781307129011-0
concurrency_n20_20260613_003117_redis_feed17_rep1,redis,sb:events:n20:feed17:rep1,342202e1-5728-43b2-bd25-9742b159b9dc,3895232,526,526.0,19967719833,36907491100,36918213900,1781307129016-0
concurrency_n20_20260613_003117_redis_feed17_rep1,redis,sb:events:n20:feed17:rep1,50d5f2fb-6a21-4b16-a1de-e3a095e7b9c7,3895074,527,4.391666666666667,15620983722,36918609100,36926600600,1781307129031-0
concurrency_n20_20260613_003117_redis_feed17_rep1,redis,sb:events:n20:feed17:rep1,20430d39-2dd0-4b2b-a895-b2462cd22a01,3895074,527,4.391666666666667,15620983722,36926852600,36929942400,1781307129035-0
concurrency_n20_20260613_003117_redis_feed17_rep1,redis,sb:events:n20:feed17:rep1,0586e00d-dfec-4211-9411-cb219db4edb9,3895121,527,4.391666666666667,15620983722,36930248700,36944324300,1781307129037-0
concurrency_n20_20260613_003117_redis_feed17_rep1,redis,sb:events:n20:feed17:rep1,88fd2d06-fd20-40f3-a233-29ee82e4be59,3895107,527,4.391666666666667,15620983722,36944580800,36965092700,1781307129067-0
concurrency_n20_20260613_003117_redis_feed17_rep1,redis,sb:events:n20:feed17:rep1,3c1237a2-1e6b-4e7e-892f-8ea18799c544,3895107,527,4.391666666666667,15620983722,36965634300,36966446600,1781307129072-0
concurrency_n20_20260613_003117_redis_feed17_rep1,redis,sb:events:n20:feed17:rep1,2dd81da3-006b-4909-b0d4-6c3468d474c4,3895107,527,4.391666666666667,15620983722,36966656800,36976442900,1781307129073-0
concurrency_n20_20260613_003117_redis_feed17_rep1,redis,sb:events:n20:feed17:rep1,b61d5bec-03f0-44eb-a8cf-0e53b1986f2a,3895113,527,4.391666666666667,15620983722,36976909500,36978012400,1781307129083-0
concurrency_n20_20260613_003117_redis_feed17_rep1,redis,sb:events:n20:feed17:rep1,7de78a3e-57f7-4e9a-8978-4776114f764e,3895113,527,4.391666666666667,15620983722,36978326100,36979651600,1781307129085-0
concurrency_n20_20260613_003117_redis_feed17_rep1,redis,sb:events:n20:feed17:rep1,a8f4416a-3223-4b2b-8803-7c50dc6524db,3895113,527,4.391666666666667,15620983722,36979867300,36985973200,1781307129086-0
concurrency_n20_20260613_003117_redis_feed17_rep1,redis,sb:events:n20:feed17:rep1,1c7e1733-2224-46bc-a9c7-8ad2228cc8da,3895113,527,4.391666666666667,15620983722,36986301400,36987913700,1781307129093-0
concurrency_n20_20260613_003117_redis_feed17_rep1,redis,sb:events:n20:feed17:rep1,e2076223-02eb-472d-a936-fbb5cdd986dc,3895121,528,4.4,15621053166,36988127600,36990421700,1781307129095-0
concurrency_n20_20260613_003117_redis_feed17_rep1,redis,sb:events:n20:feed17:rep1,514d79ad-cba0-4ef5-be08-cbce1ba32532,3895121,528,4.4,15621053166,36990661600,36995641500,1781307129097-0
concurrency_n20_20260613_003117_redis_feed17_rep1,redis,sb:events:n20:feed17:rep1,5fe2d08b-ff8c-490e-a3a1-cdcc36200b52,3895113,528,4.4,15621053166,36996035800,37010075000,1781307129109-0
concurrency_n20_20260613_003117_redis_feed17_rep1,redis,sb:events:n20:feed17:rep1,0d44ff91-9591-424e-816c-8b915d80daf7,3895113,528,4.4,15621053166,37010446500,37015736800,1781307129119-0
concurrency_n20_20260613_003117_redis_feed17_rep1,redis,sb:events:n20:feed17:rep1,3ff5ec17-6825-4c77-8e7b-f189cb6ccc31,3895113,528,4.4,15621053166,37021073200,37022951900,1781307129128-0
concurrency_n20_20260613_003117_redis_feed17_rep1,redis,sb:events:n20:feed17:rep1,88a70e2b-aa99-407a-aa6d-9df6e46201fd,3895113,528,4.4,15621053166,37023227600,37026621500,1781307129131-0
concurrency_n20_20260613_003117_redis_feed17_rep1,redis,sb:events:n20:feed17:rep1,426d47f2-1048-4e8d-9436-9cab0f3615e1,3895113,528,4.4,15621053166,37027061400,37029965900,1781307129135-0
concurrency_n20_20260613_003117_redis_feed17_rep1,redis,sb:events:n20:feed17:rep1,40e298c8-d5ab-4313-93d4-027ecac8abd8,3895113,528,4.4,15621053166,37030249800,37033185800,1781307129138-0
concurrency_n20_20260613_003117_redis_feed17_rep1,redis,sb:events:n20:feed17:rep1,645364d7-a041-4717-b49e-e5ce46d91af2,3895232,528,528.0,19984386500,37033485100,37035260700,1781307129140-0
concurrency_n20_20260613_003117_redis_feed17_rep1,redis,sb:events:n20:feed17:rep1,fb7515a9-3cdf-4449-b8a0-cf444d159aa6,3895232,528,528.0,19984386500,37035581100,37044057000,1781307129142-0
concurrency_n20_20260613_003117_redis_feed17_rep1,redis,sb:events:n20:feed17:rep1,47c30f1f-12b0-44fc-a75f-05995691d7f6,3895074,529,4.408333333333333,15621122611,37044309900,37045544100,1781307129150-0
concurrency_n20_20260613_003117_redis_feed17_rep1,redis,sb:events:n20:feed17:rep1,76536861-eeb2-425f-874f-b20b0a3fa013,3895074,529,4.408333333333333,15621122611,37045833600,37047819500,1781307129153-0
concurrency_n20_20260613_003117_redis_feed17_rep1,redis,sb:events:n20:feed17:rep1,fc85387d-38fe-4e36-af03-f6285d524b11,3895060,529,4.408333333333333,15621122611,37048165200,37054985400,1781307129155-0
concurrency_n20_20260613_003117_redis_feed17_rep1,redis,sb:events:n20:feed17:rep1,4a87053e-de71-4a38-b614-bfa386590bf7,3895060,529,4.408333333333333,15621122611,37055873800,37057319100,1781307129162-0
concurrency_n20_20260613_003117_redis_feed17_rep1,redis,sb:events:n20:feed17:rep1,2d1556d4-e7e8-4782-9b7d-9993c28e6f09,3895060,529,4.408333333333333,15621122611,37057786600,37058766600,1781307129164-0
concurrency_n20_20260613_003117_redis_feed17_rep1,redis,sb:events:n20:feed17:rep1,b2eaa0f5-b277-4aff-ad6d-22048f042d0b,3895107,529,4.408333333333333,15621122611,37059044700,37060442700,1781307129165-0
concurrency_n20_20260613_003117_redis_feed17_rep1,redis,sb:events:n20:feed17:rep1,6b4603ff-7dd4-4c70-ab6a-48f688a7fbd4,3895107,529,4.408333333333333,15621122611,37060737800,37064654300,1781307129169-0
concurrency_n20_20260613_003117_redis_feed17_rep1,redis,sb:events:n20:feed17:rep1,78163599-662a-4bd1-9dc5-2e67086e5c6a,3895107,529,4.408333333333333,15621122611,37064909600,37067349600,1781307129171-0
concurrency_n20_20260613_003117_redis_feed17_rep1,redis,sb:events:n20:feed17:rep1,1a606b94-ccd9-4617-89e4-29166ea76203,3895107,529,4.408333333333333,15621122611,37067617100,37072383900,1781307129174-0
concurrency_n20_20260613_003117_redis_feed17_rep1,redis,sb:events:n20:feed17:rep1,f87fad46-6903-4223-bfb4-aa69c8c966cf,3895121,530,4.416666666666667,15621192055,37072689600,37074008400,1781307129179-0
concurrency_n20_20260613_003117_redis_feed17_rep1,redis,sb:events:n20:feed17:rep1,679988f1-cad3-4221-ab60-1a56bb0f620f,3895060,530,4.416666666666667,15621192055,37074273800,37075387800,1781307129180-0
concurrency_n20_20260613_003117_redis_feed17_rep1,redis,sb:events:n20:feed17:rep1,7130de76-79b4-4847-829f-e93dac87d18e,3895060,530,4.416666666666667,15621192055,37075623600,37076744800,1781307129182-0
concurrency_n20_20260613_003117_redis_feed17_rep1,redis,sb:events:n20:feed17:rep1,a2344659-ee5e-4d27-8515-ee8dbb044828,3895060,530,4.416666666666667,15621192055,37079943100,37080905700,1781307129186-0
concurrency_n20_20260613_003117_redis_feed17_rep1,redis,sb:events:n20:feed17:rep1,f7397523-472c-48f7-a915-e0155e79f0f6,3895232,530,530.0,20001053166,37081110700,37084097000,1781307129188-0
concurrency_n20_20260613_003117_redis_feed17_rep1,redis,sb:events:n20:feed17:rep1,c0a666df-6a6f-4185-8b75-361e7541087e,3895060,531,4.425,15621261500,37084456500,37088862000,1781307129191-0
concurrency_n20_20260613_003117_redis_feed17_rep1,redis,sb:events:n20:feed17:rep1,5ab52d01-14bc-4c14-868c-b48aab97be67,3895113,531,4.425,15621261500,37093039400,37096937300,1781307129200-0
concurrency_n20_20260613_003117_redis_feed17_rep1,redis,sb:events:n20:feed17:rep1,d0d97846-b812-491b-8367-60d188763c3b,3895232,531,531.0,20009386500,37097199700,37099887200,1781307129204-0
concurrency_n20_20260613_003117_redis_feed17_rep1,redis,sb:events:n20:feed17:rep1,bc079ea6-e235-4257-a6b0-0048ac39c84a,3895232,531,531.0,20009386500,37100160200,37114229300,1781307129219-0
concurrency_n20_20260613_003117_redis_feed17_rep1,redis,sb:events:n20:feed17:rep1,b3d47cba-9dc5-47de-93b1-84861d275008,3895074,532,4.433333333333334,15621330944,37114523500,37143579300,1781307129247-0
concurrency_n20_20260613_003117_redis_feed17_rep1,redis,sb:events:n20:feed17:rep1,69f9209e-3c7a-451b-b126-174f4360c8d4,3895074,532,4.433333333333334,15621330944,37143898700,37145161400,1781307129250-0
concurrency_n20_20260613_003117_redis_feed17_rep1,redis,sb:events:n20:feed17:rep1,98a0e1f1-d198-470d-a431-5502797ce25c,3895074,532,4.433333333333334,15621330944,37153690700,37155325300,1781307129260-0
concurrency_n20_20260613_003117_redis_feed17_rep1,redis,sb:events:n20:feed17:rep1,18dd411d-85f0-4136-b3e7-c5902b8a208e,3895121,532,4.433333333333334,15621330944,37155553000,37156599900,1781307129262-0
concurrency_n20_20260613_003117_redis_feed17_rep1,redis,sb:events:n20:feed17:rep1,76565dde-1d43-48fb-b342-6892a1965454,3895121,532,4.433333333333334,15621330944,37156780800,37157529800,1781307129263-0
concurrency_n20_20260613_003117_redis_feed17_rep1,redis,sb:events:n20:feed17:rep1,1dbba64f-83de-49a3-a064-d640469697c6,3895060,532,4.433333333333334,15621330944,37157723600,37158744100,1781307129264-0
concurrency_n20_20260613_003117_redis_feed17_rep1,redis,sb:events:n20:feed17:rep1,22c0ff40-4176-40d2-822f-e4e1bf865c2f,3895060,532,4.433333333333334,15621330944,37159135600,37161487100,1781307129265-0
concurrency_n20_20260613_003117_redis_feed17_rep1,redis,sb:events:n20:feed17:rep1,fa03ef74-4b46-403d-98ea-0574bfa2f274,3895121,533,4.441666666666666,15621400388,37161928900,37163427400,1781307129268-0
concurrency_n20_20260613_003117_redis_feed17_rep1,redis,sb:events:n20:feed17:rep1,bd9d976c-88bf-43b4-bb61-670fec26ee77,3895060,533,4.441666666666666,15621400388,37163754200,37170108300,1781307129270-0
concurrency_n20_20260613_003117_redis_feed17_rep1,redis,sb:events:n20:feed17:rep1,3b1c82ae-32b8-466f-ac10-2a4a759923a7,3895060,533,4.441666666666666,15621400388,37170475400,37171720400,1781307129277-0
concurrency_n20_20260613_003117_redis_feed17_rep1,redis,sb:events:n20:feed17:rep1,a9aeffde-608f-479a-8195-c6cff7363b53,3895060,533,4.441666666666666,15621400388,37171923200,37173123400,1781307129278-0
concurrency_n20_20260613_003117_redis_feed17_rep1,redis,sb:events:n20:feed17:rep1,c2ceda69-a891-4f75-bd3a-82ce65de4e03,3895113,533,4.441666666666666,15621400388,37173803800,37175006700,1781307129280-0
concurrency_n20_20260613_003117_redis_feed17_rep1,redis,sb:events:n20:feed17:rep1,72210159-6177-452d-b763-5093adc3a0f7,3895113,533,4.441666666666666,15621400388,37175263600,37177963600,1781307129282-0
concurrency_n20_20260613_003117_redis_feed17_rep1,redis,sb:events:n20:feed17:rep1,65ae03ce-34e1-4ce1-98ac-485e00724a0e,3895232,533,533.0,20026053166,37178237300,37180987200,1781307129285-0
concurrency_n20_20260613_003117_redis_feed17_rep1,redis,sb:events:n20:feed17:rep1,23d76782-ae92-476d-b67f-e83c05ae4f3c,3895074,534,4.45,15621469833,37181245500,37186152100,1781307129290-0
concurrency_n20_20260613_003117_redis_feed17_rep1,redis,sb:events:n20:feed17:rep1,3ae1883b-49e4-4cae-96e1-ebe9f8b86fa4,3895074,534,4.45,15621469833,37186393000,37192845000,1781307129293-0
concurrency_n20_20260613_003117_redis_feed17_rep1,redis,sb:events:n20:feed17:rep1,20793f16-5045-4628-b937-903bd9ddd8b1,3895121,534,4.45,15621469833,37193148000,37194499200,1781307129299-0
concurrency_n20_20260613_003117_redis_feed17_rep1,redis,sb:events:n20:feed17:rep1,5206fdc4-e834-4926-8e17-6a35c6efe19b,3895121,534,4.45,15621469833,37194736700,37198319800,1781307129302-0
concurrency_n20_20260613_003117_redis_feed17_rep1,redis,sb:events:n20:feed17:rep1,b42b431a-7f87-4841-a26c-d062b50fa91c,3895060,534,4.45,15621469833,37198674600,37203229700,1781307129306-0
concurrency_n20_20260613_003117_redis_feed17_rep1,redis,sb:events:n20:feed17:rep1,60ded7c9-9ca6-4c1a-908e-190e034e9b4d,3895060,534,4.45,15621469833,37203538800,37206949400,1781307129311-0
concurrency_n20_20260613_003117_redis_feed17_rep1,redis,sb:events:n20:feed17:rep1,888d4d11-95dc-4569-956a-909e5f4f0c9b,3895113,534,4.45,15621469833,37207239400,37208679700,1781307129313-0
concurrency_n20_20260613_003117_redis_feed17_rep1,redis,sb:events:n20:feed17:rep1,4d938aae-8469-48e0-953a-a7a77c472585,3895232,534,534.0,20034386500,37209259200,37217597200,1781307129321-0
concurrency_n20_20260613_003117_redis_feed17_rep1,redis,sb:events:n20:feed17:rep1,3987d142-7370-4a94-8418-e52065e9d2fd,3895232,534,534.0,20034386500,37217943300,37219038000,1781307129324-0
concurrency_n20_20260613_003117_redis_feed17_rep1,redis,sb:events:n20:feed17:rep1,86e59ab8-52a5-47b9-b233-c51919874314,3895074,535,4.458333333333333,15621539277,37219232600,37221517500,1781307129326-0
concurrency_n20_20260613_003117_redis_feed17_rep1,redis,sb:events:n20:feed17:rep1,34087afe-8b11-4b18-8077-75d7bf487ab5,3895074,535,4.458333333333333,15621539277,37221803700,37228109500,1781307129328-0
concurrency_n20_20260613_003117_redis_feed17_rep1,redis,sb:events:n20:feed17:rep1,1b1f1874-5deb-48ed-a8cc-694f8ef41f93,3895074,535,4.458333333333333,15621539277,37228395200,37231253300,1781307129336-0
concurrency_n20_20260613_003117_redis_feed17_rep1,redis,sb:events:n20:feed17:rep1,e3a7ef47-1c6d-43f8-b980-2e76fe84fca6,3895074,535,4.458333333333333,15621539277,37231535800,37232990900,1781307129338-0
concurrency_n20_20260613_003117_redis_feed17_rep1,redis,sb:events:n20:feed17:rep1,9243ad22-ffe5-487a-883a-00ca2426cbc6,3895113,535,4.458333333333333,15621539277,37233239900,37239004700,1781307129339-0
concurrency_n20_20260613_003117_redis_feed17_rep1,redis,sb:events:n20:feed17:rep1,cf1e9d45-d45f-4307-a456-61d839e82602,3895232,535,535.0,20042719833,37239654000,37240696000,1781307129346-0
concurrency_n20_20260613_003117_redis_feed17_rep1,redis,sb:events:n20:feed17:rep1,c5860b5c-c163-44f1-b425-3f9c303d2d00,3895232,535,535.0,20042719833,37240931600,37242542700,1781307129347-0
concurrency_n20_20260613_003117_redis_feed17_rep1,redis,sb:events:n20:feed17:rep1,41203506-b5de-434d-8932-a9216c5f6aae,3895232,535,535.0,20042719833,37242841000,37244314000,1781307129349-0
concurrency_n20_20260613_003117_redis_feed17_rep1,redis,sb:events:n20:feed17:rep1,b84b0d90-3dc0-479f-83ac-55014ffb700e,3895232,536,536.0,20051053166,37244548600,37245827000,1781307129351-0
concurrency_n20_20260613_003117_redis_feed17_rep1,redis,sb:events:n20:feed17:rep1,558471da-7f0c-4323-a8cd-45ac26e02493,3895074,537,4.475,15621678166,37246072600,37247319000,1781307129352-0
concurrency_n20_20260613_003117_redis_feed17_rep1,redis,sb:events:n20:feed17:rep1,37769987-c623-49bd-982f-457e7c2c54c6,3895074,537,4.475,15621678166,37247551200,37273843800,1781307129378-0
concurrency_n20_20260613_003117_redis_feed17_rep1,redis,sb:events:n20:feed17:rep1,97bd1984-aa8c-4314-b0aa-49e019abba86,3895113,537,4.475,15621678166,37274113500,37276906800,1781307129381-0
concurrency_n20_20260613_003117_redis_feed17_rep1,redis,sb:events:n20:feed17:rep1,4ad2f10b-6c5f-4bf4-bd0f-6c774204bbab,3895113,537,4.475,15621678166,37277248300,37279429300,1781307129384-0
concurrency_n20_20260613_003117_redis_feed17_rep1,redis,sb:events:n20:feed17:rep1,e14c881c-eaf5-4fd3-a7cc-fe51d1c61611,3895113,537,4.475,15621678166,37279675700,37285136500,1781307129387-0
concurrency_n20_20260613_003117_redis_feed17_rep1,redis,sb:events:n20:feed17:rep1,eef66377-b49e-423f-a41e-49421e57bb42,3895121,538,4.483333333333333,15621747611,37285398200,37288326000,1781307129393-0
concurrency_n20_20260613_003117_redis_feed17_rep1,redis,sb:events:n20:feed17:rep1,86ae382d-4941-4bda-a330-9fe50b114248,3895121,539,4.491666666666666,15621817055,37288637900,37290544100,1781307129395-0
concurrency_n20_20260613_003117_redis_feed17_rep1,redis,sb:events:n20:feed17:rep1,0d012ec4-81c4-4764-a774-c4536052a186,3895121,539,4.491666666666666,15621817055,37290950600,37310856600,1781307129413-0
concurrency_n20_20260613_003117_redis_feed17_rep1,redis,sb:events:n20:feed17:rep1,28c9e517-2569-4fbc-853a-f074119c9788,3895074,540,4.5,15621886500,37311114700,37319090900,1781307129423-0
concurrency_n20_20260613_003117_redis_feed17_rep1,redis,sb:events:n20:feed17:rep1,e0ca184a-d196-4de5-b7ce-9a4c6e2e2f24,3895113,540,4.5,15621886500,37319351500,37333713100,1781307129437-0
concurrency_n20_20260613_003117_redis_feed17_rep1,redis,sb:events:n20:feed17:rep1,7c50ebf3-370c-4b75-88ce-1159c8673a17,3895232,540,540.0,20084386500,37334002000,37346601700,1781307129441-0
concurrency_n20_20260613_003117_redis_feed17_rep1,redis,sb:events:n20:feed17:rep1,a2366156-eeb8-40a5-ad2f-06e19719caf4,3895232,540,540.0,20084386500,37346836500,37360752700,1781307129463-0
concurrency_n20_20260613_003117_redis_feed17_rep1,redis,sb:events:n20:feed17:rep1,b0016151-20b9-4595-8e44-3b1eca816786,3895232,540,540.0,20084386500,37361061700,37363545600,1781307129467-0
concurrency_n20_20260613_003117_redis_feed17_rep1,redis,sb:events:n20:feed17:rep1,dac6bba1-3eab-4824-b9a3-3f4f36a8eb1e,3895121,541,4.508333333333334,15621955944,37363871100,37365173300,1781307129470-0
concurrency_n20_20260613_003117_redis_feed17_rep1,redis,sb:events:n20:feed17:rep1,c31b9cc9-3b1a-44a0-a6f2-be48997538e8,3895113,541,4.508333333333334,15621955944,37365372500,37366359200,1781307129472-0
concurrency_n20_20260613_003117_redis_feed17_rep1,redis,sb:events:n20:feed17:rep1,00552043-304e-41f3-bb44-8e748409e117,3895074,542,4.516666666666667,15622025388,37366537200,37367270800,1781307129472-1
concurrency_n20_20260613_003117_redis_feed17_rep1,redis,sb:events:n20:feed17:rep1,8edb264a-dc4f-4342-8072-84d76719426f,3895074,542,4.516666666666667,15622025388,37367440000,37368679100,1781307129474-0
concurrency_n20_20260613_003117_redis_feed17_rep1,redis,sb:events:n20:feed17:rep1,114a796c-5924-4003-ac98-472f7ece84b0,3895121,543,4.525,15622094833,37368871600,37378219900,1781307129475-0
concurrency_n20_20260613_003117_redis_feed17_rep1,redis,sb:events:n20:feed17:rep1,08a83dc4-fe12-4653-b91c-c46acb3aa1c8,3895121,543,4.525,15622094833,37378620000,37379944000,1781307129485-0
concurrency_n20_20260613_003117_redis_feed17_rep1,redis,sb:events:n20:feed17:rep1,5fc48371-8960-48e0-90bb-39206df20f0e,3895067,543,4.525,15622094833,37380533900,37381264400,1781307129487-0
concurrency_n20_20260613_003117_redis_feed17_rep1,redis,sb:events:n20:feed17:rep1,4ca56301-fb5e-4ff6-87a9-187fd9acd073,3895067,544,4.533333333333333,15622164277,37381449800,37387563500,1781307129488-0
concurrency_n20_20260613_003117_redis_feed17_rep1,redis,sb:events:n20:feed17:rep1,195e62ed-d797-42dd-a6a9-d2da586e28e9,3895067,544,4.533333333333333,15622164277,37387943000,37389494800,1781307129494-0
concurrency_n20_20260613_003117_redis_feed17_rep1,redis,sb:events:n20:feed17:rep1,c2aaa4f8-586e-4123-a563-f51f104fcb4c,3895067,544,4.533333333333333,15622164277,37389784800,37392501500,1781307129496-0
concurrency_n20_20260613_003117_redis_feed17_rep1,redis,sb:events:n20:feed17:rep1,724ad51f-37a2-4fcc-82e3-5343ba152abe,3895067,545,4.541666666666667,15622233722,37392760400,37397717500,1781307129499-0
concurrency_n20_20260613_003117_redis_feed17_rep1,redis,sb:events:n20:feed17:rep1,a52b067b-b6ab-4c29-b6aa-3051f76118d3,3895067,545,4.541666666666667,15622233722,37397954600,37399459400,1781307129504-0
concurrency_n20_20260613_003117_redis_feed17_rep1,redis,sb:events:n20:feed17:rep1,9be986a7-155e-446d-bf13-33b700facdd7,3895113,545,4.541666666666667,15622233722,37399706400,37400953900,1781307129506-0
concurrency_n20_20260613_003117_redis_feed17_rep1,redis,sb:events:n20:feed17:rep1,42521cfa-66d0-4cb6-be10-74dabb6621cb,3895121,546,4.55,15622303166,37401220900,37405288200,1781307129508-0
concurrency_n20_20260613_003117_redis_feed17_rep1,redis,sb:events:n20:feed17:rep1,50a45666-4bd1-4a0f-bb58-5bce15f0c18d,3895067,546,4.55,15622303166,37407801500,37410504300,1781307129515-0
concurrency_n20_20260613_003117_redis_feed17_rep1,redis,sb:events:n20:feed17:rep1,aada797c-0f16-40dd-acda-e63855e0add1,3895052,546,4.55,15622303166,37411056400,37412098900,1781307129517-0
concurrency_n20_20260613_003117_redis_feed17_rep1,redis,sb:events:n20:feed17:rep1,107dcccc-f47a-4cf1-be88-4eed5d83cbfc,3895074,547,4.558333333333334,15622372611,37412378400,37435391700,1781307129533-0
concurrency_n20_20260613_003117_redis_feed17_rep1,redis,sb:events:n20:feed17:rep1,917c3cb6-0a99-417e-9d00-2b7464cb3b49,3895121,547,4.558333333333334,15622372611,37436145300,37437667000,1781307129543-0
concurrency_n20_20260613_003117_redis_feed17_rep1,redis,sb:events:n20:feed17:rep1,271ca6ca-d5de-4a63-98ee-15a0e2f5ba41,3895121,547,4.558333333333334,15622372611,37437876500,37438706300,1781307129544-0
concurrency_n20_20260613_003117_redis_feed17_rep1,redis,sb:events:n20:feed17:rep1,f19133a2-dedc-4b1b-adeb-8191b2f723c1,3895067,547,4.558333333333334,15622372611,37438883000,37447708300,1781307129545-0
concurrency_n20_20260613_003117_redis_feed17_rep1,redis,sb:events:n20:feed17:rep1,0d692cac-82f0-409a-b794-1f98658c9bcc,3895067,547,4.558333333333334,15622372611,37448950900,37450668000,1781307129556-0
concurrency_n20_20260613_003117_redis_feed17_rep1,redis,sb:events:n20:feed17:rep1,d4293557-ec93-4548-a9b0-018e9870ecae,3895067,547,4.558333333333334,15622372611,37451004500,37451763700,1781307129557-0
concurrency_n20_20260613_003117_redis_feed17_rep1,redis,sb:events:n20:feed17:rep1,f2648b2a-5801-4fcd-b48e-4a73735afe58,3895052,547,4.558333333333334,15622372611,37451945200,37461850000,1781307129558-0
concurrency_n20_20260613_003117_redis_feed17_rep1,redis,sb:events:n20:feed17:rep1,9f3456ac-f1d6-4bbc-800b-c67a84d2c90b,3895113,547,4.558333333333334,15622372611,37462081300,37468008800,1781307129570-0
concurrency_n20_20260613_003117_redis_feed17_rep1,redis,sb:events:n20:feed17:rep1,6e1b36a3-7f86-4ddf-b891-045568d370ff,3895113,547,4.558333333333334,15622372611,37468453400,37471592300,1781307129576-0
concurrency_n20_20260613_003117_redis_feed17_rep1,redis,sb:events:n20:feed17:rep1,db616ee1-4697-4630-b0d2-adcfa3f122f8,3895074,548,4.566666666666666,15622442055,37471846300,37475965400,1781307129578-0
concurrency_n20_20260613_003117_redis_feed17_rep1,redis,sb:events:n20:feed17:rep1,5e66e5ea-b1e6-4b23-8035-f7f690628de7,3895074,548,4.566666666666666,15622442055,37476240400,37478490200,1781307129583-0
concurrency_n20_20260613_003117_redis_feed17_rep1,redis,sb:events:n20:feed17:rep1,35c04d45-7aa6-4dbc-9c71-2236688d2bd9,3895074,548,4.566666666666666,15622442055,37478757200,37479769100,1781307129585-0
concurrency_n20_20260613_003117_redis_feed17_rep1,redis,sb:events:n20:feed17:rep1,c76abb45-261c-4d0a-a386-c8faa8ede37e,3895067,548,4.566666666666666,15622442055,37479967800,37484582600,1781307129586-0
concurrency_n20_20260613_003117_redis_feed17_rep1,redis,sb:events:n20:feed17:rep1,96274ec9-d7da-481c-af37-5a870a00e846,3895067,548,4.566666666666666,15622442055,37485104300,37486919600,1781307129592-0
concurrency_n20_20260613_003117_redis_feed17_rep1,redis,sb:events:n20:feed17:rep1,6aeb0706-ec98-4e40-8b86-5f4a8e50ecda,3895067,548,4.566666666666666,15622442055,37487150800,37488060500,1781307129593-0
concurrency_n20_20260613_003117_redis_feed17_rep1,redis,sb:events:n20:feed17:rep1,dc353653-50c1-4683-ba8c-307ffe1b7400,3895052,548,4.566666666666666,15622442055,37488278200,37492397700,1781307129596-0
concurrency_n20_20260613_003117_redis_feed17_rep1,redis,sb:events:n20:feed17:rep1,28af6429-8a64-48bb-98d0-87cb8f9b288a,3895052,548,4.566666666666666,15622442055,37492661000,37500887200,1781307129599-0
concurrency_n20_20260613_003117_redis_feed17_rep1,redis,sb:events:n20:feed17:rep1,eb3bdb0f-c8c1-472c-9297-4f624735f22d,3895095,549,4.575,15622511500,37501155500,37501979100,1781307129607-0
concurrency_n20_20260613_003117_redis_feed17_rep1,redis,sb:events:n20:feed17:rep1,4e5fbf4b-f9e0-498e-94b9-0d444fb51f19,3895067,549,4.575,15622511500,37502192800,37503803800,1781307129609-0
concurrency_n20_20260613_003117_redis_feed17_rep1,redis,sb:events:n20:feed17:rep1,a910d314-abc6-4693-bc9b-c1c459d771b2,3895067,549,4.575,15622511500,37504019000,37504984600,1781307129610-0
concurrency_n20_20260613_003117_redis_feed17_rep1,redis,sb:events:n20:feed17:rep1,b92da8bd-bffa-4bf9-a7d8-d63457c8bcee,3895095,550,4.583333333333333,15622580944,37505194600,37506761900,1781307129612-0
concurrency_n20_20260613_003117_redis_feed17_rep1,redis,sb:events:n20:feed17:rep1,ab99dda8-b45f-497a-8fce-f1d7219d9a6b,3895067,550,4.583333333333333,15622580944,37507139900,37507773400,1781307129613-0
concurrency_n20_20260613_003117_redis_feed17_rep1,redis,sb:events:n20:feed17:rep1,fff26681-b31a-4fe7-ad79-73837c1b9ce6,3895052,550,4.583333333333333,15622580944,37507976900,37509372000,1781307129614-0
concurrency_n20_20260613_003117_redis_feed17_rep1,redis,sb:events:n20:feed17:rep1,034ad4ab-5822-459a-8e08-0e8ca1983870,3895113,550,4.583333333333333,15622580944,37509608500,37514286300,1781307129616-0
concurrency_n20_20260613_003117_redis_feed17_rep1,redis,sb:events:n20:feed17:rep1,f3706411-3b40-4d16-8baf-d7bb9dcd9f63,3895121,551,4.591666666666667,15622650388,37514639600,37516769200,1781307129622-0
concurrency_n20_20260613_003117_redis_feed17_rep1,redis,sb:events:n20:feed17:rep1,d40f3696-86be-4b7b-ae08-82ae999c1c43,3895067,551,4.591666666666667,15622650388,37517170400,37519375500,1781307129624-0
concurrency_n20_20260613_003117_redis_feed17_rep1,redis,sb:events:n20:feed17:rep1,f17aa964-2944-459b-91aa-eac26dccf3cf,3895067,551,4.591666666666667,15622650388,37519629800,37524361600,1781307129626-0
concurrency_n20_20260613_003117_redis_feed17_rep1,redis,sb:events:n20:feed17:rep1,11cca3bf-8142-423b-9b63-274afd981341,3895232,551,551.0,20176053166,37524693800,37526129400,1781307129631-0
concurrency_n20_20260613_003117_redis_feed17_rep1,redis,sb:events:n20:feed17:rep1,d4ab804e-1b50-4172-9f66-77e04ebcfead,3895067,552,4.6,15622719833,37526340000,37527495200,1781307129633-0
concurrency_n20_20260613_003117_redis_feed17_rep1,redis,sb:events:n20:feed17:rep1,a6e3aa18-12ab-4dfd-81dd-505d6521a65a,3895113,552,4.6,15622719833,37527744500,37529172900,1781307129634-0
concurrency_n20_20260613_003117_redis_feed17_rep1,redis,sb:events:n20:feed17:rep1,827ed3d9-da89-4e4b-af26-3f6df863306c,3895113,552,4.6,15622719833,37529815100,37539033100,1781307129644-0
concurrency_n20_20260613_003117_redis_feed17_rep1,redis,sb:events:n20:feed17:rep1,0a606142-7bb7-473a-b6bd-854622f3677b,3895121,553,4.608333333333333,15622789277,37539305500,37541118500,1781307129646-0
concurrency_n20_20260613_003117_redis_feed17_rep1,redis,sb:events:n20:feed17:rep1,2c4d7a1a-42cd-4a7d-92fa-e70688518c50,3895121,553,4.608333333333333,15622789277,37541354100,37546695300,1781307129651-0
concurrency_n20_20260613_003117_redis_feed17_rep1,redis,sb:events:n20:feed17:rep1,36e32e50-497d-49b4-85ac-7e59aa279522,3895052,553,4.608333333333333,15622789277,37550668900,37551982400,1781307129657-0
concurrency_n20_20260613_003117_redis_feed17_rep1,redis,sb:events:n20:feed17:rep1,3ef44783-dd48-4af3-a84a-d13b92371ec4,3895052,553,4.608333333333333,15622789277,37552258500,37553088800,1781307129658-0
concurrency_n20_20260613_003117_redis_feed17_rep1,redis,sb:events:n20:feed17:rep1,25d4de3e-3e2a-4f3c-b5b4-6896dffcf292,3895113,553,4.608333333333333,15622789277,37553281900,37554358200,1781307129659-0
concurrency_n20_20260613_003117_redis_feed17_rep1,redis,sb:events:n20:feed17:rep1,c822e8b8-81a7-468e-8df0-2a0b14811fc5,3895232,553,553.0,20192719833,37554592000,37558308300,1781307129661-0
concurrency_n20_20260613_003117_redis_feed17_rep1,redis,sb:events:n20:feed17:rep1,d296f6bf-08e8-40f4-83e7-680f026ffa3c,3895232,553,553.0,20192719833,37558634000,37563791700,1781307129666-0
concurrency_n20_20260613_003117_redis_feed17_rep1,redis,sb:events:n20:feed17:rep1,d84a6ea0-eb04-49ee-8011-71fbea9094ff,3895113,554,4.616666666666666,15622858722,37564119500,37576573100,1781307129679-0
concurrency_n20_20260613_003117_redis_feed17_rep1,redis,sb:events:n20:feed17:rep1,459e933b-3a7b-4903-9846-28f8af49f3b8,3895113,554,4.616666666666666,15622858722,37576852500,37593380600,1781307129694-0
concurrency_n20_20260613_003117_redis_feed17_rep1,redis,sb:events:n20:feed17:rep1,ea7e4ce4-43b3-4cca-b326-43ea89553b7b,3895232,554,554.0,20201053166,37593658800,37596583200,1781307129700-0
concurrency_n20_20260613_003117_redis_feed17_rep1,redis,sb:events:n20:feed17:rep1,3b170f61-0722-4ef0-9378-98882ff08363,3895121,555,4.625,15622928166,37596858800,37604542900,1781307129708-0
concurrency_n20_20260613_003117_redis_feed17_rep1,redis,sb:events:n20:feed17:rep1,d85b4617-fc6b-4613-a6c4-f1b2bf1e83f7,3895121,555,4.625,15622928166,37604810800,37611357500,1781307129712-0
concurrency_n20_20260613_003117_redis_feed17_rep1,redis,sb:events:n20:feed17:rep1,7a2e7555-68ea-419c-86aa-bf4dcb78e05c,3895067,555,4.625,15622928166,37611673400,37620567000,1781307129726-0
concurrency_n20_20260613_003117_redis_feed17_rep1,redis,sb:events:n20:feed17:rep1,37ad6f42-511c-4a7c-acbf-ffdb05343d00,3895067,555,4.625,15622928166,37620845700,37622395300,1781307129727-0
concurrency_n20_20260613_003117_redis_feed17_rep1,redis,sb:events:n20:feed17:rep1,4d65f18f-6c0e-4c7e-a92e-9eddfe918c80,3895113,556,4.633333333333334,15622997611,37622710900,37632778200,1781307129729-0
concurrency_n20_20260613_003117_redis_feed17_rep1,redis,sb:events:n20:feed17:rep1,eadb50a4-81fc-4e4c-832e-6aa1e7cba73f,3895232,556,556.0,20217719833,37633390900,37635249200,1781307129740-0
concurrency_n20_20260613_003117_redis_feed17_rep1,redis,sb:events:n20:feed17:rep1,1f0afe4a-63b2-49ca-b278-90026feda1bc,3895232,556,556.0,20217719833,37635517000,37637815300,1781307129743-0
concurrency_n20_20260613_003117_redis_feed17_rep1,redis,sb:events:n20:feed17:rep1,3608104d-8c99-4ff1-8776-6f10c9aa16f1,3895067,557,4.641666666666667,15623067055,37639770300,37641226700,1781307129746-0
concurrency_n20_20260613_003117_redis_feed17_rep1,redis,sb:events:n20:feed17:rep1,6f68b267-cacb-43af-a94a-b86a7b012586,3895067,557,4.641666666666667,15623067055,37641557500,37643792000,1781307129748-0
concurrency_n20_20260613_003117_redis_feed17_rep1,redis,sb:events:n20:feed17:rep1,960c6c53-3ff0-441f-9839-e525d22ee603,3895067,557,4.641666666666667,15623067055,37644076000,37669272400,1781307129754-0
concurrency_n20_20260613_003117_redis_feed17_rep1,redis,sb:events:n20:feed17:rep1,771782c4-84a1-45da-9472-a42a4cdac870,3895052,557,4.641666666666667,15623067055,37669560300,37684647800,1781307129784-0
concurrency_n20_20260613_003117_redis_feed17_rep1,redis,sb:events:n20:feed17:rep1,e4703900-92e0-477e-bb89-4874b45fa1aa,3895121,558,4.65,15623136500,37684913500,37690088400,1781307129792-0
concurrency_n20_20260613_003117_redis_feed17_rep1,redis,sb:events:n20:feed17:rep1,f0da8169-c4b7-45fc-8c14-df99f65fa592,3895067,558,4.65,15623136500,37690375000,37693213000,1781307129797-0
concurrency_n20_20260613_003117_redis_feed17_rep1,redis,sb:events:n20:feed17:rep1,ec56ac0a-94da-4bf7-9500-8424d742497f,3895113,558,4.65,15623136500,37693471000,37700771500,1781307129800-0
concurrency_n20_20260613_003117_redis_feed17_rep1,redis,sb:events:n20:feed17:rep1,7e05c347-4251-406d-894c-81b8c0754146,3895113,558,4.65,15623136500,37701016900,37702764300,1781307129808-0
concurrency_n20_20260613_003117_redis_feed17_rep1,redis,sb:events:n20:feed17:rep1,ff7df466-18e4-462c-aca8-68b0b661c050,3895121,559,4.658333333333333,15623205944,37702992500,37705305300,1781307129810-0
concurrency_n20_20260613_003117_redis_feed17_rep1,redis,sb:events:n20:feed17:rep1,3abb82ea-6b10-4c94-a8c7-018787b8cfac,3895121,559,4.658333333333333,15623205944,37705524200,37729064000,1781307129812-0
concurrency_n20_20260613_003117_redis_feed17_rep1,redis,sb:events:n20:feed17:rep1,35b0c8d9-a0bc-413a-844c-2ad4f48df2e9,3895067,559,4.658333333333333,15623205944,37729332900,37733688700,1781307129838-0
concurrency_n20_20260613_003117_redis_feed17_rep1,redis,sb:events:n20:feed17:rep1,00edadfb-d24e-4eda-b463-ec2eb761a863,3895052,559,4.658333333333333,15623205944,37733949500,37763296100,1781307129860-0
concurrency_n20_20260613_003117_redis_feed17_rep1,redis,sb:events:n20:feed17:rep1,2f30fa17-863e-4982-af77-279928d8bf7d,3895052,559,4.658333333333333,15623205944,37763722600,37765561200,1781307129870-0
concurrency_n20_20260613_003117_redis_feed17_rep1,redis,sb:events:n20:feed17:rep1,774c27ef-4247-40e0-8ef1-d1c415e50681,3895052,559,4.658333333333333,15623205944,37765946700,37767206000,1781307129872-0
concurrency_n20_20260613_003117_redis_feed17_rep1,redis,sb:events:n20:feed17:rep1,b1731242-8dfe-4ce0-8f9f-14ea8fab3216,3895113,559,4.658333333333333,15623205944,37767847600,37777253300,1781307129874-0
concurrency_n20_20260613_003117_redis_feed17_rep1,redis,sb:events:n20:feed17:rep1,1e564b86-97b7-4d25-8679-fa80ce5aaa80,3895113,559,4.658333333333333,15623205944,37777777100,37778930400,1781307129884-0
concurrency_n20_20260613_003117_redis_feed17_rep1,redis,sb:events:n20:feed17:rep1,ea41e99a-caf5-4f14-a548-058d03711966,3895232,559,559.0,20242719833,37779365200,37780593500,1781307129886-0
concurrency_n20_20260613_003117_redis_feed17_rep1,redis,sb:events:n20:feed17:rep1,750e6cda-3390-4817-83ea-ca66bd967062,3895134,560,4.666666666666667,15623275388,37781176400,37790810000,1781307129887-0
concurrency_n20_20260613_003117_redis_feed17_rep1,redis,sb:events:n20:feed17:rep1,8b99f53b-121b-43c5-8f44-c9c08aa83bd8,3895134,561,4.675,15623344833,37791083800,37792605900,1781307129898-0
concurrency_n20_20260613_003117_redis_feed17_rep1,redis,sb:events:n20:feed17:rep1,9dca34a8-c117-4b0b-a475-102ac8d30665,3895113,561,4.675,15623344833,37793093700,37794171300,1781307129899-0
concurrency_n20_20260613_003117_redis_feed17_rep1,redis,sb:events:n20:feed17:rep1,bdf25150-5586-4645-96fc-c8e50cdd82d7,3895113,561,4.675,15623344833,37794415500,37797073800,1781307129901-0
concurrency_n20_20260613_003117_redis_feed17_rep1,redis,sb:events:n20:feed17:rep1,33da9109-a7ef-4a4e-a9aa-b0942d42eedb,3895113,561,4.675,15623344833,37797310900,37802520700,1781307129908-0
concurrency_n20_20260613_003117_redis_feed17_rep1,redis,sb:events:n20:feed17:rep1,8b54da30-5ed6-427b-90ac-3635ae6e783f,3895232,561,561.0,20259386500,37803704500,37809806200,1781307129915-0
concurrency_n20_20260613_003117_redis_feed17_rep1,redis,sb:events:n20:feed17:rep1,05612f61-9cf6-4ebf-9a00-7ce1a3358e11,3895232,561,561.0,20259386500,37810078400,37814464400,1781307129917-0
concurrency_n20_20260613_003117_redis_feed17_rep1,redis,sb:events:n20:feed17:rep1,86ce68ca-57a3-4495-8309-d66397796e67,3895052,562,4.683333333333334,15623414277,37814693500,37819908300,1781307129924-0
concurrency_n20_20260613_003117_redis_feed17_rep1,redis,sb:events:n20:feed17:rep1,f42f73e7-ae7d-4683-bf94-dcf6164d5621,3895113,562,4.683333333333334,15623414277,37820190200,37821959900,1781307129927-0
concurrency_n20_20260613_003117_redis_feed17_rep1,redis,sb:events:n20:feed17:rep1,b63ba05a-0566-49c9-b015-6bf55a59abb7,3895113,562,4.683333333333334,15623414277,37822303000,37828252200,1781307129929-0
concurrency_n20_20260613_003117_redis_feed17_rep1,redis,sb:events:n20:feed17:rep1,282e0578-2dfb-424b-aa7f-f27e530978c6,3895113,562,4.683333333333334,15623414277,37831106200,37844267600,1781307129946-0
concurrency_n20_20260613_003117_redis_feed17_rep1,redis,sb:events:n20:feed17:rep1,bbb0feea-68e0-4535-993c-ac50e15abd87,3895113,562,4.683333333333334,15623414277,37844570700,37846640300,1781307129951-0
concurrency_n20_20260613_003117_redis_feed17_rep1,redis,sb:events:n20:feed17:rep1,e9972a5d-bd71-4307-8afc-8945594b52b9,3895060,563,4.691666666666666,15623483722,37846851900,37858611800,1781307129954-0
concurrency_n20_20260613_003117_redis_feed17_rep1,redis,sb:events:n20:feed17:rep1,ecd29e2b-a31e-4693-9112-e61c9b4704fc,3895134,563,4.691666666666666,15623483722,37859228600,37867652300,1781307129966-0
concurrency_n20_20260613_003117_redis_feed17_rep1,redis,sb:events:n20:feed17:rep1,f524e58e-1159-490f-9fd6-5e3be74f43ce,3895067,563,4.691666666666666,15623483722,37867970300,37869704900,1781307129975-0
concurrency_n20_20260613_003117_redis_feed17_rep1,redis,sb:events:n20:feed17:rep1,3fb80ec5-a7a4-47b1-ad37-10866e0d0a07,3895067,563,4.691666666666666,15623483722,37870226700,37871102600,1781307129977-0
concurrency_n20_20260613_003117_redis_feed17_rep1,redis,sb:events:n20:feed17:rep1,d38152a9-beaf-4baa-a20c-7b9ab30bc942,3895067,563,4.691666666666666,15623483722,37871425100,37872887700,1781307129978-0
concurrency_n20_20260613_003117_redis_feed17_rep1,redis,sb:events:n20:feed17:rep1,06db91e0-abb2-46ee-84eb-7d5d5156a3d5,3895052,563,4.691666666666666,15623483722,37873163400,37874304500,1781307129980-0
concurrency_n20_20260613_003117_redis_feed17_rep1,redis,sb:events:n20:feed17:rep1,4bd124dd-4b82-4bba-884c-46919b42647d,3895060,564,4.7,15623553166,37874518000,37883550100,1781307129987-0
concurrency_n20_20260613_003117_redis_feed17_rep1,redis,sb:events:n20:feed17:rep1,abc73bc5-baf9-498e-96fd-e2db6a0bb05e,3895060,564,4.7,15623553166,37883926100,37898089700,1781307129991-0
concurrency_n20_20260613_003117_redis_feed17_rep1,redis,sb:events:n20:feed17:rep1,0c2223f4-cd8c-4528-9ef6-35eaa67cab84,3895067,564,4.7,15623553166,37898474200,37905774000,1781307130005-0
concurrency_n20_20260613_003117_redis_feed17_rep1,redis,sb:events:n20:feed17:rep1,609fb6dd-8540-439a-b616-ecabd68f7482,3895113,564,4.7,15623553166,37906120200,37907348600,1781307130013-0
concurrency_n20_20260613_003117_redis_feed17_rep1,redis,sb:events:n20:feed17:rep1,ecbea6bc-c576-452e-b9b9-7cd529b60fd7,3895113,564,4.7,15623553166,37907558000,37908456900,1781307130014-0
concurrency_n20_20260613_003117_redis_feed17_rep1,redis,sb:events:n20:feed17:rep1,f61244dd-1742-467e-816c-849a144abd5c,3895113,564,4.7,15623553166,37908662000,37924157100,1781307130025-0
concurrency_n20_20260613_003117_redis_feed17_rep1,redis,sb:events:n20:feed17:rep1,7d7e526d-a5be-4d20-8a39-b39cd2158ae0,3895232,564,564.0,20284386500,37924410900,37933853200,1781307130032-0
concurrency_n20_20260613_003117_redis_feed17_rep1,redis,sb:events:n20:feed17:rep1,8a932753-b413-4516-87f0-3dc6ad69a845,3895121,565,4.708333333333333,15623622611,37934156400,37944067300,1781307130047-0
concurrency_n20_20260613_003117_redis_feed17_rep1,redis,sb:events:n20:feed17:rep1,bb5ed357-d8b5-44a3-8835-b969dba3555c,3895060,565,4.708333333333333,15623622611,37944496600,37947464300,1781307130052-0
concurrency_n20_20260613_003117_redis_feed17_rep1,redis,sb:events:n20:feed17:rep1,692e3ebd-8ed8-4bc6-9715-2adb6d32961d,3895134,565,4.708333333333333,15623622611,37947703600,37976149100,1781307130074-0
concurrency_n20_20260613_003117_redis_feed17_rep1,redis,sb:events:n20:feed17:rep1,b317b4ab-591f-4025-b660-69b0b91865c1,3895134,565,4.708333333333333,15623622611,37976394000,38008512200,1781307130099-0
concurrency_n20_20260613_003117_redis_feed17_rep1,redis,sb:events:n20:feed17:rep1,554b1c6d-9aee-4611-8ed8-38c7c0c7e8fa,3895134,565,4.708333333333333,15623622611,38008864200,38017814500,1781307130120-0
concurrency_n20_20260613_003117_redis_feed17_rep1,redis,sb:events:n20:feed17:rep1,058d670b-2399-456e-8420-862d0b2cf6a7,3895134,565,4.708333333333333,15623622611,38018173200,38019885800,1781307130125-0
concurrency_n20_20260613_003117_redis_feed17_rep1,redis,sb:events:n20:feed17:rep1,cf2aab32-f699-444b-b047-595ad92c9e50,3895113,565,4.708333333333333,15623622611,38020105600,38028051300,1781307130133-0
concurrency_n20_20260613_003117_redis_feed17_rep1,redis,sb:events:n20:feed17:rep1,db9f4659-660c-4da5-af41-197ce1cfbcaf,3895121,566,4.716666666666667,15623692055,38028279400,38029319700,1781307130134-0
concurrency_n20_20260613_003117_redis_feed17_rep1,redis,sb:events:n20:feed17:rep1,6da8638f-22e2-498a-85c1-05ab2e07b258,3895121,566,4.716666666666667,15623692055,38029646600,38037091100,1781307130139-0
concurrency_n20_20260613_003117_redis_feed17_rep1,redis,sb:events:n20:feed17:rep1,ae3dc312-e545-4a15-b0bb-235550514b38,3895060,566,4.716666666666667,15623692055,38037343000,38041966100,1781307130144-0
concurrency_n20_20260613_003117_redis_feed17_rep1,redis,sb:events:n20:feed17:rep1,a9be64a4-16aa-46ad-a2e1-7285994613dc,3895060,566,4.716666666666667,15623692055,38042304700,38044719500,1781307130149-0
concurrency_n20_20260613_003117_redis_feed17_rep1,redis,sb:events:n20:feed17:rep1,29a763c8-e688-484b-9faf-cd734436e0a7,3895060,566,4.716666666666667,15623692055,38045001200,38046212700,1781307130151-0
concurrency_n20_20260613_003117_redis_feed17_rep1,redis,sb:events:n20:feed17:rep1,435fe1a6-cf5b-494b-a06d-55317e35e187,3895134,566,4.716666666666667,15623692055,38046450600,38057404400,1781307130153-0
concurrency_n20_20260613_003117_redis_feed17_rep1,redis,sb:events:n20:feed17:rep1,49b784a4-5bc8-40cf-8e94-f0a3049b756a,3895134,566,4.716666666666667,15623692055,38058231400,38061664900,1781307130167-0
concurrency_n20_20260613_003117_redis_feed17_rep1,redis,sb:events:n20:feed17:rep1,add4c52f-bef3-4f9e-9e3a-9f3b12602dc7,3895134,566,4.716666666666667,15623692055,38062101300,38063262400,1781307130169-0
concurrency_n20_20260613_003117_redis_feed17_rep1,redis,sb:events:n20:feed17:rep1,bbad49fb-71c2-4fbf-901a-1295fa8cba46,3895060,567,4.725,15623761500,38063486900,38064509100,1781307130170-0
concurrency_n20_20260613_003117_redis_feed17_rep1,redis,sb:events:n20:feed17:rep1,0d499b61-56d7-444f-b1a1-34ab319882f8,3895067,567,4.725,15623761500,38064862200,38066224100,1781307130172-0
concurrency_n20_20260613_003117_redis_feed17_rep1,redis,sb:events:n20:feed17:rep1,9be861d7-d952-440c-9b03-985be6e791fa,3895067,567,4.725,15623761500,38066525600,38067590400,1781307130173-0
concurrency_n20_20260613_003117_redis_feed17_rep1,redis,sb:events:n20:feed17:rep1,a23bc1ec-70f0-4cee-ac65-c548c161e34c,3895113,567,4.725,15623761500,38067911700,38076052000,1781307130174-0
concurrency_n20_20260613_003117_redis_feed17_rep1,redis,sb:events:n20:feed17:rep1,1acb9806-886f-4bf8-a858-8b2f3b876ab4,3895113,567,4.725,15623761500,38085755400,38087288500,1781307130193-0
concurrency_n20_20260613_003117_redis_feed17_rep1,redis,sb:events:n20:feed17:rep1,bfadd145-d842-4a86-b329-78ac3ce3a5da,3895232,567,567.0,20309386500,38087637500,38088547300,1781307130194-0
concurrency_n20_20260613_003117_redis_feed17_rep1,redis,sb:events:n20:feed17:rep1,b5a223d5-d613-4143-947c-2a88512df97b,3895232,567,567.0,20309386500,38088865400,38090431300,1781307130195-0
concurrency_n20_20260613_003117_redis_feed17_rep1,redis,sb:events:n20:feed17:rep1,d6dc199d-fe0f-4dca-873c-666cc4f7580b,3895074,568,4.733333333333333,15623830944,38090715900,38091695500,1781307130197-0
concurrency_n20_20260613_003117_redis_feed17_rep1,redis,sb:events:n20:feed17:rep1,4207d6a4-0228-4577-b031-4d416166a912,3895121,568,4.733333333333333,15623830944,38091911900,38092648500,1781307130198-0
concurrency_n20_20260613_003117_redis_feed17_rep1,redis,sb:events:n20:feed17:rep1,b9041f26-493b-437f-a7da-3a6424b43560,3895134,568,4.733333333333333,15623830944,38092810200,38094228900,1781307130199-0
concurrency_n20_20260613_003117_redis_feed17_rep1,redis,sb:events:n20:feed17:rep1,4143af48-0f1a-438c-a7af-ab6981596e34,3895074,569,4.741666666666666,15623900388,38094447400,38095891300,1781307130201-0
concurrency_n20_20260613_003117_redis_feed17_rep1,redis,sb:events:n20:feed17:rep1,5ecc44df-780b-422c-ba24-37d2b3e2438f,3895074,569,4.741666666666666,15623900388,38096173800,38097440800,1781307130203-0
concurrency_n20_20260613_003117_redis_feed17_rep1,redis,sb:events:n20:feed17:rep1,3a16a221-9434-413f-9a6b-0a8fcaac7187,3895074,569,4.741666666666666,15623900388,38097681600,38100252200,1781307130205-0
concurrency_n20_20260613_003117_redis_feed17_rep1,redis,sb:events:n20:feed17:rep1,ae9ea283-4d1d-4e4e-ab59-748ba8a34e98,3895121,569,4.741666666666666,15623900388,38100648300,38102186400,1781307130207-0
concurrency_n20_20260613_003117_redis_feed17_rep1,redis,sb:events:n20:feed17:rep1,b69cb150-6add-467e-95f5-373f645aec83,3895121,569,4.741666666666666,15623900388,38102403400,38103566200,1781307130209-0
concurrency_n20_20260613_003117_redis_feed17_rep1,redis,sb:events:n20:feed17:rep1,e118cc39-f22c-4fd7-8959-0f87ccd83edb,3895121,569,4.741666666666666,15623900388,38103758400,38104453200,1781307130210-0
concurrency_n20_20260613_003117_redis_feed17_rep1,redis,sb:events:n20:feed17:rep1,ed41f0d9-2fcc-4f3e-b408-3a6332f3ccc2,3895134,569,4.741666666666666,15623900388,38104611600,38114052500,1781307130214-0
concurrency_n20_20260613_003117_redis_feed17_rep1,redis,sb:events:n20:feed17:rep1,d6277188-5e56-4821-865a-2136185eb9f8,3895134,569,4.741666666666666,15623900388,38114379500,38117375000,1781307130221-0
concurrency_n20_20260613_003117_redis_feed17_rep1,redis,sb:events:n20:feed17:rep1,62287493-880c-4ed1-8e95-2fc6c48f7406,3895134,569,4.741666666666666,15623900388,38117738400,38125640600,1781307130224-0
concurrency_n20_20260613_003117_redis_feed17_rep1,redis,sb:events:n20:feed17:rep1,94695ec3-fd04-4e7d-ad92-32a4b4910c85,3895134,569,4.741666666666666,15623900388,38126251200,38128343900,1781307130234-0
concurrency_n20_20260613_003117_redis_feed17_rep1,redis,sb:events:n20:feed17:rep1,498d3916-efb1-4f24-bf9b-394fcf3fb8aa,3895052,569,4.741666666666666,15623900388,38128677800,38133350100,1781307130236-0
concurrency_n20_20260613_003117_redis_feed17_rep1,redis,sb:events:n20:feed17:rep1,82a04586-669c-4ea2-99d8-ed5037368a1d,3895113,569,4.741666666666666,15623900388,38133608300,38139386700,1781307130240-0
concurrency_n20_20260613_003117_redis_feed17_rep1,redis,sb:events:n20:feed17:rep1,5df3c324-9aa6-43af-9d13-1d47bda9aaa4,3895232,569,569.0,20326053166,38139808400,38145341700,1781307130248-0
concurrency_n20_20260613_003117_redis_feed17_rep1,redis,sb:events:n20:feed17:rep1,04f147c4-1edb-47e8-82a8-50886a99b41c,3895232,569,569.0,20326053166,38145681700,38147706700,1781307130252-0
concurrency_n20_20260613_003117_redis_feed17_rep1,redis,sb:events:n20:feed17:rep1,0c595cc6-c86d-45aa-90be-80aad494ce6e,3895121,570,4.75,15623969833,38147955800,38149546200,1781307130254-0
concurrency_n20_20260613_003117_redis_feed17_rep1,redis,sb:events:n20:feed17:rep1,12e6e67d-9811-4ba0-a908-f5a04b6d09cf,3895067,570,4.75,15623969833,38150104800,38151576300,1781307130256-0
concurrency_n20_20260613_003117_redis_feed17_rep1,redis,sb:events:n20:feed17:rep1,ba2fee64-0a6b-4776-95ed-f065ac49eff6,3895134,570,4.75,15623969833,38151931100,38152863400,1781307130258-0
concurrency_n20_20260613_003117_redis_feed17_rep1,redis,sb:events:n20:feed17:rep1,aeab8653-2c7c-48d1-8e69-a7f408f6ebe0,3895134,570,4.75,15623969833,38153346000,38154346500,1781307130260-0
concurrency_n20_20260613_003117_redis_feed17_rep1,redis,sb:events:n20:feed17:rep1,544cac47-5c40-405d-b6d0-62165e550723,3895113,570,4.75,15623969833,38154638000,38166328300,1781307130265-0
concurrency_n20_20260613_003117_redis_feed17_rep1,redis,sb:events:n20:feed17:rep1,157cf121-468d-46d1-87b5-e5777e358bca,3895232,570,570.0,20334386500,38166714100,38190970800,1781307130288-0
concurrency_n20_20260613_003117_redis_feed17_rep1,redis,sb:events:n20:feed17:rep1,6a68e8ba-4b8b-48bd-8b01-725f4afd020a,3895232,570,570.0,20334386500,38198474300,38199558500,1781307130305-0
concurrency_n20_20260613_003117_redis_feed17_rep1,redis,sb:events:n20:feed17:rep1,6a68106b-8a72-46b4-b437-043e38d2e943,3895232,570,570.0,20334386500,38199970800,38201878000,1781307130307-0
concurrency_n20_20260613_003117_redis_feed17_rep1,redis,sb:events:n20:feed17:rep1,8b305c0c-e9f9-4e2d-bcaa-23e4552182a9,3895121,571,4.758333333333334,15624039277,38202161200,38203592300,1781307130309-0
concurrency_n20_20260613_003117_redis_feed17_rep1,redis,sb:events:n20:feed17:rep1,715129f6-aac2-40bb-9334-8c49a26fc045,3895121,571,4.758333333333334,15624039277,38204018300,38210968100,1781307130310-0
concurrency_n20_20260613_003117_redis_feed17_rep1,redis,sb:events:n20:feed17:rep1,7dcc71fb-6a76-4e95-9839-a311460a34bd,3895121,571,4.758333333333334,15624039277,38211259000,38227043800,1781307130331-0
concurrency_n20_20260613_003117_redis_feed17_rep1,redis,sb:events:n20:feed17:rep1,bbdc363f-ddad-4a3c-b497-24be542c3737,3895067,571,4.758333333333334,15624039277,38227477800,38238747500,1781307130342-0
concurrency_n20_20260613_003117_redis_feed17_rep1,redis,sb:events:n20:feed17:rep1,7220c3ce-1994-4b3e-b8ad-820ec2f7be2d,3895067,571,4.758333333333334,15624039277,38246168200,38247120300,1781307130353-0
concurrency_n20_20260613_003117_redis_feed17_rep1,redis,sb:events:n20:feed17:rep1,a3d79461-7ba9-4564-9c6d-897f19ef3a64,3895134,571,4.758333333333334,15624039277,38247415800,38248306400,1781307130354-0
concurrency_n20_20260613_003117_redis_feed17_rep1,redis,sb:events:n20:feed17:rep1,29363af0-2353-4423-b976-37fa82d94740,3895134,571,4.758333333333334,15624039277,38248604200,38249430000,1781307130355-0
concurrency_n20_20260613_003117_redis_feed17_rep1,redis,sb:events:n20:feed17:rep1,e838d752-a46c-4ab6-b347-0f20bebe3fa9,3895052,571,4.758333333333334,15624039277,38249640000,38261393600,1781307130356-0
concurrency_n20_20260613_003117_redis_feed17_rep1,redis,sb:events:n20:feed17:rep1,88975cca-31fe-4a50-b622-4fb93865a601,3895052,571,4.758333333333334,15624039277,38261733100,38282046700,1781307130383-0
concurrency_n20_20260613_003117_redis_feed17_rep1,redis,sb:events:n20:feed17:rep1,1db38ded-2eec-4ccc-952c-59dbc482485a,3895074,572,4.766666666666667,15624108722,38282447500,38294370900,1781307130399-0
concurrency_n20_20260613_003117_redis_feed17_rep1,redis,sb:events:n20:feed17:rep1,9a741e55-d2cd-45fc-823d-7d38ae02b3f6,3895121,572,4.766666666666667,15624108722,38294618400,38310409400,1781307130413-0
concurrency_n20_20260613_003117_redis_feed17_rep1,redis,sb:events:n20:feed17:rep1,6cf6ed29-f0fe-46e6-8365-74b2cf732543,3895121,572,4.766666666666667,15624108722,38310670200,38320730700,1781307130423-0
concurrency_n20_20260613_003117_redis_feed17_rep1,redis,sb:events:n20:feed17:rep1,43d43481-ebe4-4d6e-8388-55250d1a3131,3895134,572,4.766666666666667,15624108722,38320951900,38334822800,1781307130440-0
concurrency_n20_20260613_003117_redis_feed17_rep1,redis,sb:events:n20:feed17:rep1,55234fec-33e8-446b-9245-ce746400f97f,3895134,572,4.766666666666667,15624108722,38335091000,38340463600,1781307130444-0
concurrency_n20_20260613_003117_redis_feed17_rep1,redis,sb:events:n20:feed17:rep1,fd52e903-b306-4c1c-a68f-dcdcf71fef24,3895134,572,4.766666666666667,15624108722,38340745800,38358703000,1781307130459-0
concurrency_n20_20260613_003117_redis_feed17_rep1,redis,sb:events:n20:feed17:rep1,ab509877-2fc3-4aa9-8158-d1f5ebe8da6d,3895052,572,4.766666666666667,15624108722,38358947500,38416231200,1781307130502-0
concurrency_n20_20260613_003117_redis_feed17_rep1,redis,sb:events:n20:feed17:rep1,943ef8eb-5292-4c53-8072-91c657571f42,3895052,572,4.766666666666667,15624108722,38416518600,38420284900,1781307130523-0
concurrency_n20_20260613_003117_redis_feed17_rep1,redis,sb:events:n20:feed17:rep1,3ea8a716-0bb8-43be-b33c-dfa6014257ac,3895074,573,4.775,15624178166,38420529700,38423489900,1781307130527-0
concurrency_n20_20260613_003117_redis_feed17_rep1,redis,sb:events:n20:feed17:rep1,d5b4c99c-7c16-47cf-b5b3-c48c1d852fd8,3895121,573,4.775,15624178166,38423844200,38437778000,1781307130530-0
concurrency_n20_20260613_003117_redis_feed17_rep1,redis,sb:events:n20:feed17:rep1,249bd339-ce23-492c-b3cf-b7214716e130,3895067,573,4.775,15624178166,38438317900,38439198900,1781307130545-0
concurrency_n20_20260613_003117_redis_feed17_rep1,redis,sb:events:n20:feed17:rep1,f9b530b9-7dc4-48e9-bf73-ced6b0b1925a,3895134,573,4.775,15624178166,38439443000,38440124200,1781307130546-0
concurrency_n20_20260613_003117_redis_feed17_rep1,redis,sb:events:n20:feed17:rep1,fb1a9369-b9d5-4fd7-ac71-aa651f0168e9,3895052,573,4.775,15624178166,38440319300,38440882700,1781307130547-0
concurrency_n20_20260613_003117_redis_feed17_rep1,redis,sb:events:n20:feed17:rep1,2dda5918-4209-4100-960e-e3edb058d48d,3895052,573,4.775,15624178166,38441144500,38442241400,1781307130548-0
concurrency_n20_20260613_003117_redis_feed17_rep1,redis,sb:events:n20:feed17:rep1,1dae3789-5635-4d14-80fc-efd3c40db3b5,3895052,573,4.775,15624178166,38442533200,38444163800,1781307130549-0
concurrency_n20_20260613_003117_redis_feed17_rep1,redis,sb:events:n20:feed17:rep1,0bcbb1c4-b220-4298-9847-5f821da04e9a,3895113,573,4.775,15624178166,38444478300,38445495900,1781307130551-0
concurrency_n20_20260613_003117_redis_feed17_rep1,redis,sb:events:n20:feed17:rep1,8d5e711c-8993-4de5-ac7a-7ebccc01baf8,3895113,573,4.775,15624178166,38445707300,38448055200,1781307130552-0
concurrency_n20_20260613_003117_redis_feed17_rep1,redis,sb:events:n20:feed17:rep1,c7a9066b-bbf7-4f76-a603-9b7126c5f14b,3895232,573,573.0,20359386500,38448311600,38450935700,1781307130556-0
concurrency_n20_20260613_003117_redis_feed17_rep1,redis,sb:events:n20:feed17:rep1,fec8d35a-02e4-4e46-99cd-8782881124ea,3895074,574,4.783333333333333,15624247611,38451404600,38452082100,1781307130558-0
concurrency_n20_20260613_003117_redis_feed17_rep1,redis,sb:events:n20:feed17:rep1,f9c117a9-8333-4dca-8508-4cd6b1ed4bf7,3895074,574,4.783333333333333,15624247611,38452280200,38460439100,1781307130559-0
concurrency_n20_20260613_003117_redis_feed17_rep1,redis,sb:events:n20:feed17:rep1,ae054521-50e4-4650-88dc-56beb4f776e6,3895074,574,4.783333333333333,15624247611,38460754400,38462332500,1781307130567-0
concurrency_n20_20260613_003117_redis_feed17_rep1,redis,sb:events:n20:feed17:rep1,e7ab799d-7eea-4ae5-a2e6-46a4ad5a46ed,3895074,574,4.783333333333333,15624247611,38462569100,38463545900,1781307130569-0
concurrency_n20_20260613_003117_redis_feed17_rep1,redis,sb:events:n20:feed17:rep1,2ab1b2f9-6737-4a08-885e-10b6be2bb13c,3895121,574,4.783333333333333,15624247611,38463752100,38467152200,1781307130570-0
concurrency_n20_20260613_003117_redis_feed17_rep1,redis,sb:events:n20:feed17:rep1,d8d8428e-76c9-4881-b4ed-0b13a72e0565,3895121,574,4.783333333333333,15624247611,38467775800,38472555800,1781307130575-0
concurrency_n20_20260613_003117_redis_feed17_rep1,redis,sb:events:n20:feed17:rep1,596f2d53-66d8-4a23-b0a3-94edc6df8281,3895067,574,4.783333333333333,15624247611,38472817100,38474121500,1781307130579-0
concurrency_n20_20260613_003117_redis_feed17_rep1,redis,sb:events:n20:feed17:rep1,8c02596a-6342-4489-8bbd-b18c0c84026a,3895067,574,4.783333333333333,15624247611,38474466000,38475678800,1781307130581-0
concurrency_n20_20260613_003117_redis_feed17_rep1,redis,sb:events:n20:feed17:rep1,a3349cce-9229-41e9-8ccc-a5efc421a6f2,3895134,574,4.783333333333333,15624247611,38476170300,38507432400,1781307130610-0
concurrency_n20_20260613_003117_redis_feed17_rep1,redis,sb:events:n20:feed17:rep1,44e48928-bcd2-425d-bcd2-88b4b3e10764,3895134,574,4.783333333333333,15624247611,38507726400,38511524400,1781307130616-0
concurrency_n20_20260613_003117_redis_feed17_rep1,redis,sb:events:n20:feed17:rep1,4acfe84d-7381-4822-a218-7728e9b84f0f,3895134,574,4.783333333333333,15624247611,38511972600,38539615100,1781307130637-0
concurrency_n20_20260613_003117_redis_feed17_rep1,redis,sb:events:n20:feed17:rep1,2b5f9db5-ec05-4a07-a5f4-075a0ae73ace,3895086,574,4.783333333333333,15624247611,38539847100,38542934100,1781307130647-0
concurrency_n20_20260613_003117_redis_feed17_rep1,redis,sb:events:n20:feed17:rep1,8b90acda-680a-4983-88c4-e77ee2e520d2,3895052,574,4.783333333333333,15624247611,38543281500,38561899300,1781307130667-0
concurrency_n20_20260613_003117_redis_feed17_rep1,redis,sb:events:n20:feed17:rep1,7199c049-130c-485e-8717-eed79cf6473e,3895052,574,4.783333333333333,15624247611,38562198900,38571753600,1781307130677-0
concurrency_n20_20260613_003117_redis_feed17_rep1,redis,sb:events:n20:feed17:rep1,12f5d714-255c-4b77-b547-77df0d331ded,3895113,574,4.783333333333333,15624247611,38572130800,38575427800,1781307130679-0
concurrency_n20_20260613_003117_redis_feed17_rep1,redis,sb:events:n20:feed17:rep1,19395768-0b78-473c-b1b1-61eda33bc094,3895113,574,4.783333333333333,15624247611,38575645600,38580071800,1781307130683-0
concurrency_n20_20260613_003117_redis_feed17_rep1,redis,sb:events:n20:feed17:rep1,06101ae9-cf94-4487-ab33-6aea0c48465a,3895232,574,574.0,20367719833,38580456000,38592924900,1781307130687-0
concurrency_n20_20260613_003117_redis_feed17_rep1,redis,sb:events:n20:feed17:rep1,34a2170b-26ef-43ea-9b0e-970cc617730a,3895232,574,574.0,20367719833,38594101400,38595236700,1781307130701-0
concurrency_n20_20260613_003117_redis_feed17_rep1,redis,sb:events:n20:feed17:rep1,8f08b2c9-1d95-4d0a-b548-b3375b3db3c4,3895232,574,574.0,20367719833,38595478400,38596204000,1781307130702-0
concurrency_n20_20260613_003117_redis_feed17_rep1,redis,sb:events:n20:feed17:rep1,293c4541-1a89-4827-9bef-031e5d50781f,3895232,574,574.0,20367719833,38596367000,38597051300,1781307130703-0
concurrency_n20_20260613_003117_redis_feed17_rep1,redis,sb:events:n20:feed17:rep1,bd029545-4005-490e-b535-9fdae0dca2d3,3895232,574,574.0,20367719833,38597198800,38605867100,1781307130703-1
concurrency_n20_20260613_003117_redis_feed17_rep1,redis,sb:events:n20:feed17:rep1,74bcdb7e-b4a3-40c3-8702-ef661db0155a,3895121,575,4.791666666666667,15624317055,38606155900,38607296200,1781307130713-0
concurrency_n20_20260613_003117_redis_feed17_rep1,redis,sb:events:n20:feed17:rep1,485c6144-6361-4d77-a04e-9c1ed63426f0,3895107,575,4.791666666666667,15624317055,38607582000,38609442700,1781307130715-0
concurrency_n20_20260613_003117_redis_feed17_rep1,redis,sb:events:n20:feed17:rep1,6efe26ce-d9e7-4d1c-9b78-3fa828b115be,3895074,576,4.8,15624386500,38614751300,38616825700,1781307130722-0
concurrency_n20_20260613_003117_redis_feed17_rep1,redis,sb:events:n20:feed17:rep1,d5ebcc59-0d70-4f75-be32-b9bf306ede6d,3895121,576,4.8,15624386500,38617147100,38618589400,1781307130724-0
concurrency_n20_20260613_003117_redis_feed17_rep1,redis,sb:events:n20:feed17:rep1,ac26105e-fbcb-4f13-9b1d-a042b7bbb33b,3895121,576,4.8,15624386500,38618813000,38620006200,1781307130725-0
concurrency_n20_20260613_003117_redis_feed17_rep1,redis,sb:events:n20:feed17:rep1,2192e17c-695d-4241-ad3a-adb09073f21b,3895121,576,4.8,15624386500,38620198700,38624547700,1781307130727-0
concurrency_n20_20260613_003117_redis_feed17_rep1,redis,sb:events:n20:feed17:rep1,fe9872b2-9d59-431d-a963-6c10708ce1da,3895067,576,4.8,15624386500,38624851100,38660392700,1781307130761-0
concurrency_n20_20260613_003117_redis_feed17_rep1,redis,sb:events:n20:feed17:rep1,5ec70097-2e02-49bb-9982-c006e40c1594,3895086,576,4.8,15624386500,38660688000,38663696100,1781307130767-0
concurrency_n20_20260613_003117_redis_feed17_rep1,redis,sb:events:n20:feed17:rep1,8dda5da9-19e2-4ea6-ab79-a0867e90239c,3895095,577,4.808333333333334,15624455944,38664002600,38666167800,1781307130771-0
concurrency_n20_20260613_003117_redis_feed17_rep1,redis,sb:events:n20:feed17:rep1,330d23cc-c68b-4abb-93b1-62511656376a,3895074,577,4.808333333333334,15624455944,38666473100,38667498000,1781307130773-0
concurrency_n20_20260613_003117_redis_feed17_rep1,redis,sb:events:n20:feed17:rep1,1d9edec0-5b27-45ad-96af-ada428ee719d,3895074,577,4.808333333333334,15624455944,38667729500,38668812600,1781307130774-0
concurrency_n20_20260613_003117_redis_feed17_rep1,redis,sb:events:n20:feed17:rep1,6eb1a20d-8605-47f7-a06c-978069a3e269,3895121,577,4.808333333333334,15624455944,38669027100,38670449700,1781307130776-0
concurrency_n20_20260613_003117_redis_feed17_rep1,redis,sb:events:n20:feed17:rep1,1e0d08d8-5dad-4be4-8e3d-b29725e55eb2,3895121,577,4.808333333333334,15624455944,38670851700,38677633700,1781307130783-0
concurrency_n20_20260613_003117_redis_feed17_rep1,redis,sb:events:n20:feed17:rep1,9027b7b2-378a-4f24-a52f-05c83d32d245,3895107,577,4.808333333333334,15624455944,38678285300,38679749100,1781307130785-0
concurrency_n20_20260613_003117_redis_feed17_rep1,redis,sb:events:n20:feed17:rep1,3501862c-2758-4201-a40b-b95d554e6457,3895107,577,4.808333333333334,15624455944,38680031700,38681355900,1781307130787-0
concurrency_n20_20260613_003117_redis_feed17_rep1,redis,sb:events:n20:feed17:rep1,82b64c2b-7393-440f-bc6b-a47e02f6b722,3895107,577,4.808333333333334,15624455944,38696194800,38700195500,1781307130804-0
concurrency_n20_20260613_003117_redis_feed17_rep1,redis,sb:events:n20:feed17:rep1,c7f7e256-15ad-4c70-988c-b1ea0c3e1771,3895086,577,4.808333333333334,15624455944,38700438300,38702105900,1781307130807-0
concurrency_n20_20260613_003117_redis_feed17_rep1,redis,sb:events:n20:feed17:rep1,9504210d-0a74-4674-87d1-40e9820a7635,3895052,577,4.808333333333334,15624455944,38702338600,38703415100,1781307130809-0
concurrency_n20_20260613_003117_redis_feed17_rep1,redis,sb:events:n20:feed17:rep1,d6e3276d-1d76-459b-bdaa-285f24adb999,3895113,577,4.808333333333334,15624455944,38703646900,38704478300,1781307130810-0
concurrency_n20_20260613_003117_redis_feed17_rep1,redis,sb:events:n20:feed17:rep1,8d663b5e-05b6-4fe3-982b-e6ccdb91ac07,3895113,577,4.808333333333334,15624455944,38704669700,38705453400,1781307130811-0
concurrency_n20_20260613_003117_redis_feed17_rep1,redis,sb:events:n20:feed17:rep1,514df5c9-615b-4951-87a5-600e1487f35c,3895107,578,4.816666666666666,15624525388,38705655400,38706781500,1781307130812-0
concurrency_n20_20260613_003117_redis_feed17_rep1,redis,sb:events:n20:feed17:rep1,c1e37455-ff85-42ac-ba62-7ddcb5049d00,3895067,578,4.816666666666666,15624525388,38706973400,38708088100,1781307130813-0
concurrency_n20_20260613_003117_redis_feed17_rep1,redis,sb:events:n20:feed17:rep1,1acaf70d-3037-4637-8830-b34157ea49f4,3895067,578,4.816666666666666,15624525388,38708274000,38709309000,1781307130815-0
concurrency_n20_20260613_003117_redis_feed17_rep1,redis,sb:events:n20:feed17:rep1,fd006d44-2ee6-445a-aa8a-393b20bcff1c,3895074,579,4.825,15624594833,38709735800,38710692500,1781307130816-0
concurrency_n20_20260613_003117_redis_feed17_rep1,redis,sb:events:n20:feed17:rep1,b61fab98-a6e0-4a32-b7e7-883f80a70d36,3895121,579,4.825,15624594833,38710960400,38729992600,1781307130834-0
concurrency_n20_20260613_003117_redis_feed17_rep1,redis,sb:events:n20:feed17:rep1,f3a33620-83eb-4f9d-93b8-8f12b8874b10,3895067,579,4.825,15624594833,38730256100,38765920800,1781307130867-0
concurrency_n20_20260613_003117_redis_feed17_rep1,redis,sb:events:n20:feed17:rep1,a4dbeb96-2862-4c2b-93f8-b996f946ed69,3895067,579,4.825,15624594833,38766202200,38770918000,1781307130873-0
concurrency_n20_20260613_003117_redis_feed17_rep1,redis,sb:events:n20:feed17:rep1,de736173-7b94-48a1-9b15-3e529c34349b,3895067,579,4.825,15624594833,38771192800,38775142600,1781307130878-0
concurrency_n20_20260613_003117_redis_feed17_rep1,redis,sb:events:n20:feed17:rep1,399fcced-37b1-496e-969f-d2568e5dda43,3895086,579,4.825,15624594833,38775460400,38788050100,1781307130882-0
concurrency_n20_20260613_003117_redis_feed17_rep1,redis,sb:events:n20:feed17:rep1,f00d1a0d-3f91-4487-88ab-397cee279024,3895052,579,4.825,15624594833,38790598600,38791981900,1781307130898-0
concurrency_n20_20260613_003117_redis_feed17_rep1,redis,sb:events:n20:feed17:rep1,44936a01-9dbe-4db5-b92e-14f4b4229339,3895052,579,4.825,15624594833,38792184100,38792847200,1781307130899-0
concurrency_n20_20260613_003117_redis_feed17_rep1,redis,sb:events:n20:feed17:rep1,0fb7f4fe-944a-4419-84e5-274e4c29cb41,3895052,579,4.825,15624594833,38792983000,38793814600,1781307130899-1
concurrency_n20_20260613_003117_redis_feed17_rep1,redis,sb:events:n20:feed17:rep1,26926823-2671-44ab-a8b0-79cebc31dac5,3895095,580,4.833333333333333,15624664277,38793967700,38803372700,1781307130900-0
concurrency_n20_20260613_003117_redis_feed17_rep1,redis,sb:events:n20:feed17:rep1,06f17fd1-cb74-4096-8974-2340bfe25f2d,3895095,580,4.833333333333333,15624664277,38804032800,38805855700,1781307130911-0
concurrency_n20_20260613_003117_redis_feed17_rep1,redis,sb:events:n20:feed17:rep1,03878179-d332-4d06-b754-b72c00c252be,3895074,580,4.833333333333333,15624664277,38806142000,38806861400,1781307130913-0
concurrency_n20_20260613_003117_redis_feed17_rep1,redis,sb:events:n20:feed17:rep1,47c6df2d-d37a-4e2b-b740-93b358bdd219,3895074,580,4.833333333333333,15624664277,38807130900,38815919900,1781307130914-0
concurrency_n20_20260613_003117_redis_feed17_rep1,redis,sb:events:n20:feed17:rep1,2afc41b2-4d4a-4d1e-937c-5240c039f51d,3895121,580,4.833333333333333,15624664277,38816545600,38818386500,1781307130924-0
concurrency_n20_20260613_003117_redis_feed17_rep1,redis,sb:events:n20:feed17:rep1,6d1f2668-9ae8-42cb-b2d7-b6f477fa210e,3895121,580,4.833333333333333,15624664277,38818719800,38819654700,1781307130925-0
concurrency_n20_20260613_003117_redis_feed17_rep1,redis,sb:events:n20:feed17:rep1,c2905112-a6a1-4371-99a0-b3c99454cc7b,3895067,580,4.833333333333333,15624664277,38819924800,38826933100,1781307130932-0
concurrency_n20_20260613_003117_redis_feed17_rep1,redis,sb:events:n20:feed17:rep1,07161a20-941d-47d1-91f5-1e46df08ae8f,3895086,580,4.833333333333333,15624664277,38827305800,38828349200,1781307130934-0
concurrency_n20_20260613_003117_redis_feed17_rep1,redis,sb:events:n20:feed17:rep1,6e774bb4-a1e1-4dfa-98e0-3a901ceb87fd,3895086,580,4.833333333333333,15624664277,38828577300,38829809400,1781307130935-0
concurrency_n20_20260613_003117_redis_feed17_rep1,redis,sb:events:n20:feed17:rep1,26bc86da-748c-461a-82a8-48cfafcb8b23,3895113,580,4.833333333333333,15624664277,38830058300,38832875600,1781307130937-0
concurrency_n20_20260613_003117_redis_feed17_rep1,redis,sb:events:n20:feed17:rep1,3e16077f-8888-4a37-9f41-aaf81610729c,3895113,580,4.833333333333333,15624664277,38836784600,38838178300,1781307130944-0
concurrency_n20_20260613_003117_redis_feed17_rep1,redis,sb:events:n20:feed17:rep1,126d8b10-79d0-4513-b666-aa12d29b5919,3895113,580,4.833333333333333,15624664277,38838411200,38839779100,1781307130945-0
concurrency_n20_20260613_003117_redis_feed17_rep1,redis,sb:events:n20:feed17:rep1,aaf8057c-333d-4648-9307-2648b6b38225,3895121,581,4.841666666666667,15624733722,38840013800,38840830900,1781307130946-0
concurrency_n20_20260613_003117_redis_feed17_rep1,redis,sb:events:n20:feed17:rep1,a13bf632-3dbd-469c-a5cf-bb14853ea364,3895095,582,4.85,15624803166,38840992800,38842692000,1781307130948-0
concurrency_n20_20260613_003117_redis_feed17_rep1,redis,sb:events:n20:feed17:rep1,15708b87-1ca9-489a-9fa0-ece9c6c24d40,3895095,582,4.85,15624803166,38843036600,38844617700,1781307130950-0
concurrency_n20_20260613_003117_redis_feed17_rep1,redis,sb:events:n20:feed17:rep1,e8e057c1-643b-4f62-aac5-d4e64d879faa,3895074,582,4.85,15624803166,38844999700,38846311000,1781307130952-0
concurrency_n20_20260613_003117_redis_feed17_rep1,redis,sb:events:n20:feed17:rep1,407a488f-1875-42e4-8467-91a113a9ca14,3895121,582,4.85,15624803166,38848145900,38850241500,1781307130955-0
concurrency_n20_20260613_003117_redis_feed17_rep1,redis,sb:events:n20:feed17:rep1,8af7f37f-0855-4c04-8ab2-2b8022f0301a,3895121,582,4.85,15624803166,38850535000,38852370500,1781307130957-0
concurrency_n20_20260613_003117_redis_feed17_rep1,redis,sb:events:n20:feed17:rep1,f3d4cb1e-d5ae-4ed8-b435-5bf99155b9d1,3895067,582,4.85,15624803166,38852667100,38870229700,1781307130974-0
concurrency_n20_20260613_003117_redis_feed17_rep1,redis,sb:events:n20:feed17:rep1,a52e8dda-066e-4fab-ac60-e599fb9146b9,3895067,582,4.85,15624803166,38877415900,38892904000,1781307130994-0
concurrency_n20_20260613_003117_redis_feed17_rep1,redis,sb:events:n20:feed17:rep1,6a1ac214-62a2-464d-8e27-b542815426b9,3895052,582,4.85,15624803166,38893486400,38899210300,1781307131003-0
concurrency_n20_20260613_003117_redis_feed17_rep1,redis,sb:events:n20:feed17:rep1,654b5170-715f-4121-b1a4-1b2fa6d41363,3895113,582,4.85,15624803166,38899503900,38911046500,1781307131006-0
concurrency_n20_20260613_003117_redis_feed17_rep1,redis,sb:events:n20:feed17:rep1,8002ac93-fea2-48c7-a08e-89645a85ed71,3895095,583,4.858333333333333,15624872611,38917742900,38951757300,1781307131038-0
concurrency_n20_20260613_003117_redis_feed17_rep1,redis,sb:events:n20:feed17:rep1,d163cfe2-ca06-4dfc-a6f1-b93b3c6968aa,3895095,583,4.858333333333333,15624872611,38952081300,38955009000,1781307131059-0
concurrency_n20_20260613_003117_redis_feed17_rep1,redis,sb:events:n20:feed17:rep1,2bc6ac86-5796-4188-938a-a55395c05826,3895074,583,4.858333333333333,15624872611,38955457800,38975363400,1781307131081-0
concurrency_n20_20260613_003117_redis_feed17_rep1,redis,sb:events:n20:feed17:rep1,df464102-1945-47e6-9b71-2d042cca530d,3895074,583,4.858333333333333,15624872611,38975633700,38986757400,1781307131086-0
concurrency_n20_20260613_003117_redis_feed17_rep1,redis,sb:events:n20:feed17:rep1,bd14667d-5e2c-413d-808f-3c81cce91e4e,3895121,583,4.858333333333333,15624872611,38987046200,38988625400,1781307131094-0
concurrency_n20_20260613_003117_redis_feed17_rep1,redis,sb:events:n20:feed17:rep1,25817096-b252-46b1-afcb-457f6547860c,3895095,584,4.866666666666666,15624942055,38988836000,38998312400,1781307131095-0
concurrency_n20_20260613_003117_redis_feed17_rep1,redis,sb:events:n20:feed17:rep1,5f3b5117-1fa6-43b6-95f2-4100eddf6b91,3895095,584,4.866666666666666,15624942055,38998673000,39000022700,1781307131105-0
concurrency_n20_20260613_003117_redis_feed17_rep1,redis,sb:events:n20:feed17:rep1,6dacc37b-35b7-48c3-bf50-20da75990c64,3895095,584,4.866666666666666,15624942055,39000248400,39002300800,1781307131107-0
concurrency_n20_20260613_003117_redis_feed17_rep1,redis,sb:events:n20:feed17:rep1,2be6cb1e-6475-475d-8e73-3d17196b4796,3895121,584,4.866666666666666,15624942055,39002780800,39004502400,1781307131109-0
concurrency_n20_20260613_003117_redis_feed17_rep1,redis,sb:events:n20:feed17:rep1,e8e97225-a503-4f1c-9084-dad448ad351a,3895121,584,4.866666666666666,15624942055,39004753500,39006946300,1781307131112-0
concurrency_n20_20260613_003117_redis_feed17_rep1,redis,sb:events:n20:feed17:rep1,a99b1edb-17d3-4eac-9643-4a93f7607844,3895086,584,4.866666666666666,15624942055,39007180100,39010949000,1781307131116-0
concurrency_n20_20260613_003117_redis_feed17_rep1,redis,sb:events:n20:feed17:rep1,dee82969-8747-49e7-b33f-2584cb83a6ec,3895052,584,4.866666666666666,15624942055,39011279000,39018297300,1781307131118-0
concurrency_n20_20260613_003117_redis_feed17_rep1,redis,sb:events:n20:feed17:rep1,41c5b82d-9c22-40ee-8306-d16f4e77e6cb,3895052,584,4.866666666666666,15624942055,39018653700,39037933700,1781307131140-0
concurrency_n20_20260613_003117_redis_feed17_rep1,redis,sb:events:n20:feed17:rep1,b2c8c6d5-4526-47af-8161-be9a5bc3ffe8,3895095,585,4.875,15625011500,39038321100,39041623800,1781307131145-0
concurrency_n20_20260613_003117_redis_feed17_rep1,redis,sb:events:n20:feed17:rep1,c039c599-0593-4656-9076-4022b598a10a,3895095,585,4.875,15625011500,39041914700,39054511200,1781307131160-0
concurrency_n20_20260613_003117_redis_feed17_rep1,redis,sb:events:n20:feed17:rep1,e31d3d1a-a15c-40b5-9da2-932a37570abf,3895074,585,4.875,15625011500,39055093300,39056310600,1781307131162-0
concurrency_n20_20260613_003117_redis_feed17_rep1,redis,sb:events:n20:feed17:rep1,934c6929-d98f-469a-b9a5-d811df5d6196,3895067,585,4.875,15625011500,39056605000,39057532700,1781307131163-0
concurrency_n20_20260613_003117_redis_feed17_rep1,redis,sb:events:n20:feed17:rep1,cea9fbf0-e6ce-4511-b252-51e223ac9f03,3895086,585,4.875,15625011500,39057843700,39061972500,1781307131166-0
concurrency_n20_20260613_003117_redis_feed17_rep1,redis,sb:events:n20:feed17:rep1,eaadf129-ba27-43ce-9517-0e27218d35dc,3895121,586,4.883333333333334,15625080944,39062265600,39063566100,1781307131169-0
concurrency_n20_20260613_003117_redis_feed17_rep1,redis,sb:events:n20:feed17:rep1,ccbe3f4d-4aa9-4caa-86e1-0f6dd610eaec,3895067,586,4.883333333333334,15625080944,39063921900,39065035000,1781307131171-0
concurrency_n20_20260613_003117_redis_feed17_rep1,redis,sb:events:n20:feed17:rep1,53084186-3b2c-4728-aa37-ece7042f5bf8,3895067,586,4.883333333333334,15625080944,39065479600,39082840100,1781307131187-0
concurrency_n20_20260613_003117_redis_feed17_rep1,redis,sb:events:n20:feed17:rep1,4a31e5db-6985-4e82-9277-c5b4346ee03e,3895086,586,4.883333333333334,15625080944,39083185400,39109919500,1781307131214-0
concurrency_n20_20260613_003117_redis_feed17_rep1,redis,sb:events:n20:feed17:rep1,d4698e93-767a-4a04-9b43-145c313dc583,3895074,587,4.891666666666667,15625150388,39110179500,39114462900,1781307131217-0
concurrency_n20_20260613_003117_redis_feed17_rep1,redis,sb:events:n20:feed17:rep1,28ee7bbf-019d-48d7-982b-8ef8460fa8cf,3895074,587,4.891666666666667,15625150388,39114719500,39126035900,1781307131221-0
concurrency_n20_20260613_003117_redis_feed17_rep1,redis,sb:events:n20:feed17:rep1,aa0f6ad4-6b9a-490a-aac9-de3727a54e95,3895121,587,4.891666666666667,15625150388,39126429100,39127596300,1781307131233-0
concurrency_n20_20260613_003117_redis_feed17_rep1,redis,sb:events:n20:feed17:rep1,c2b60be5-8a97-4f3a-91f1-56b4a00cb397,3895121,587,4.891666666666667,15625150388,39127827800,39128869800,1781307131235-0
concurrency_n20_20260613_003117_redis_feed17_rep1,redis,sb:events:n20:feed17:rep1,c5bbefc4-2220-4ef9-951b-46c03379a3fd,3895121,587,4.891666666666667,15625150388,39129171700,39144731100,1781307131236-0
concurrency_n20_20260613_003117_redis_feed17_rep1,redis,sb:events:n20:feed17:rep1,a359b301-ff67-407b-8c92-0a2981771d6a,3895067,587,4.891666666666667,15625150388,39144985600,39146671000,1781307131252-0
concurrency_n20_20260613_003117_redis_feed17_rep1,redis,sb:events:n20:feed17:rep1,01b2c475-8bfa-4408-a256-4b578f8cba11,3895052,587,4.891666666666667,15625150388,39146888300,39147686600,1781307131253-0
concurrency_n20_20260613_003117_redis_feed17_rep1,redis,sb:events:n20:feed17:rep1,93cdfde4-d905-419e-970c-66838f08b789,3895095,588,4.9,15625219833,39147892600,39148707300,1781307131254-0
concurrency_n20_20260613_003117_redis_feed17_rep1,redis,sb:events:n20:feed17:rep1,0007e05d-1ecd-4a27-9e6c-0176a558137b,3895095,588,4.9,15625219833,39148906000,39157355100,1781307131262-0
concurrency_n20_20260613_003117_redis_feed17_rep1,redis,sb:events:n20:feed17:rep1,df05a7fa-61cf-4637-ac5a-dd71ecc74a46,3895074,588,4.9,15625219833,39157716400,39158917900,1781307131265-0
concurrency_n20_20260613_003117_redis_feed17_rep1,redis,sb:events:n20:feed17:rep1,01f933ec-0422-411a-ba65-50c62b560327,3895074,588,4.9,15625219833,39159119500,39160823800,1781307131266-0
concurrency_n20_20260613_003117_redis_feed17_rep1,redis,sb:events:n20:feed17:rep1,2d16c691-e38a-4070-8977-ba0a8f0062a6,3895121,588,4.9,15625219833,39161350200,39167946000,1781307131274-0
concurrency_n20_20260613_003117_redis_feed17_rep1,redis,sb:events:n20:feed17:rep1,ad3c7cfe-990e-48e0-a5b6-07324d7dffdf,3895121,588,4.9,15625219833,39168248600,39169189300,1781307131275-0
concurrency_n20_20260613_003117_redis_feed17_rep1,redis,sb:events:n20:feed17:rep1,2d6de105-3c8e-46f8-aba1-2ca82db5db75,3895121,588,4.9,15625219833,39169466500,39170356200,1781307131276-0
concurrency_n20_20260613_003117_redis_feed17_rep1,redis,sb:events:n20:feed17:rep1,9a87f887-e1e8-4e56-a787-b33541d656b2,3895121,588,4.9,15625219833,39170607100,39172526800,1781307131277-0
concurrency_n20_20260613_003117_redis_feed17_rep1,redis,sb:events:n20:feed17:rep1,01f77ba8-732f-460e-9843-000fe8c22e88,3895134,588,4.9,15625219833,39172874500,39175646500,1781307131281-0
concurrency_n20_20260613_003117_redis_feed17_rep1,redis,sb:events:n20:feed17:rep1,ce1f7616-723f-4d2e-976c-217ce8af7dfc,3895052,588,4.9,15625219833,39175862400,39188312700,1781307131288-0
concurrency_n20_20260613_003117_redis_feed17_rep1,redis,sb:events:n20:feed17:rep1,1799529b-9648-4fc6-b554-538c995a3d7b,3895052,588,4.9,15625219833,39188702200,39198267600,1781307131297-0
concurrency_n20_20260613_003117_redis_feed17_rep1,redis,sb:events:n20:feed17:rep1,8273b7db-96ad-41d7-bad6-a79c3a73f8bd,3895113,588,4.9,15625219833,39198576400,39199965500,1781307131306-0
concurrency_n20_20260613_003117_redis_feed17_rep1,redis,sb:events:n20:feed17:rep1,e1645f19-ebe2-44a2-afb4-0f6694777739,3895134,589,4.908333333333333,15625289277,39200172100,39201495700,1781307131307-0
concurrency_n20_20260613_003117_redis_feed17_rep1,redis,sb:events:n20:feed17:rep1,809cb891-65b3-4382-be9b-2c923fb09941,3895134,589,4.908333333333333,15625289277,39201830700,39204480400,1781307131309-0
concurrency_n20_20260613_003117_redis_feed17_rep1,redis,sb:events:n20:feed17:rep1,4fb2ce2e-ae99-47be-8835-d4fe76a81a1e,3895067,589,4.908333333333333,15625289277,39204741400,39211470200,1781307131312-0
concurrency_n20_20260613_003117_redis_feed17_rep1,redis,sb:events:n20:feed17:rep1,3d089aa7-d69e-4513-b9b4-bd51df20dd3f,3895067,589,4.908333333333333,15625289277,39211769200,39216654100,1781307131321-0
concurrency_n20_20260613_003117_redis_feed17_rep1,redis,sb:events:n20:feed17:rep1,c4106ee7-bccf-4d7c-96b1-66bdf3556775,3895067,589,4.908333333333333,15625289277,39216902800,39271018200,1781307131375-0
concurrency_n20_20260613_003117_redis_feed17_rep1,redis,sb:events:n20:feed17:rep1,fd572d23-148f-4dee-82da-ff57f4613bc3,3895113,589,4.908333333333333,15625289277,39271369000,39277199000,1781307131378-0
concurrency_n20_20260613_003117_redis_feed17_rep1,redis,sb:events:n20:feed17:rep1,dfedbad8-ed5f-4886-9f1a-8e785565e557,3895095,590,4.916666666666667,15625358722,39277535000,39298396700,1781307131402-0
concurrency_n20_20260613_003117_redis_feed17_rep1,redis,sb:events:n20:feed17:rep1,7e4dbf65-c4de-4920-b670-7ee27db2791e,3895095,590,4.916666666666667,15625358722,39306453000,39307256900,1781307131413-0
concurrency_n20_20260613_003117_redis_feed17_rep1,redis,sb:events:n20:feed17:rep1,e0e51306-6abb-4869-9b4f-b78bfef48a64,3895095,590,4.916666666666667,15625358722,39307442200,39307995900,1781307131414-0
concurrency_n20_20260613_003117_redis_feed17_rep1,redis,sb:events:n20:feed17:rep1,274a4919-849b-41ff-a8db-95719055d98f,3895095,590,4.916666666666667,15625358722,39308150100,39308807900,1781307131415-0
concurrency_n20_20260613_003117_redis_feed17_rep1,redis,sb:events:n20:feed17:rep1,ffd58c50-e6dc-4754-a17f-4bcedff0bd58,3895095,590,4.916666666666667,15625358722,39308973000,39309944400,1781307131416-0
concurrency_n20_20260613_003117_redis_feed17_rep1,redis,sb:events:n20:feed17:rep1,4d63112a-4703-42dc-9b8b-0d491b710db4,3895121,590,4.916666666666667,15625358722,39310162000,39325820500,1781307131417-0
concurrency_n20_20260613_003117_redis_feed17_rep1,redis,sb:events:n20:feed17:rep1,a492638f-cf4e-4655-b650-5f7805409bdc,3895121,590,4.916666666666667,15625358722,39326157000,39329086700,1781307131433-0
concurrency_n20_20260613_003117_redis_feed17_rep1,redis,sb:events:n20:feed17:rep1,95429182-4915-412e-9c8f-eba416a911f9,3895086,590,4.916666666666667,15625358722,39329434500,39348800400,1781307131437-0
concurrency_n20_20260613_003117_redis_feed17_rep1,redis,sb:events:n20:feed17:rep1,de2d9276-b461-421a-a7d5-95b38a2fe016,3895074,591,4.925,15625428166,39350037200,39355101400,1781307131458-0
concurrency_n20_20260613_003117_redis_feed17_rep1,redis,sb:events:n20:feed17:rep1,20ebfb52-e4b9-4c9e-839d-43d0755b2d0d,3895067,591,4.925,15625428166,39355433300,39357463100,1781307131462-0
concurrency_n20_20260613_003117_redis_feed17_rep1,redis,sb:events:n20:feed17:rep1,55aff21f-5c1d-476e-853b-2b75b44ee60f,3895067,591,4.925,15625428166,39365016500,39366038900,1781307131472-0
concurrency_n20_20260613_003117_redis_feed17_rep1,redis,sb:events:n20:feed17:rep1,7392ddeb-056c-4099-9ec9-6bd3f433a94d,3895086,591,4.925,15625428166,39366250700,39368002300,1781307131473-0
concurrency_n20_20260613_003117_redis_feed17_rep1,redis,sb:events:n20:feed17:rep1,c38fbeec-9df9-4255-9284-cc8a89885445,3895086,591,4.925,15625428166,39368329400,39369325500,1781307131475-0
concurrency_n20_20260613_003117_redis_feed17_rep1,redis,sb:events:n20:feed17:rep1,79abe03f-a1e7-4211-9dd9-13c47f0e3826,3895113,591,4.925,15625428166,39369723800,39370774200,1781307131476-0
concurrency_n20_20260613_003117_redis_feed17_rep1,redis,sb:events:n20:feed17:rep1,23f7d010-216e-448e-bb0b-e44b94ed38fd,3895113,591,4.925,15625428166,39371112200,39372198200,1781307131478-0
concurrency_n20_20260613_003117_redis_feed17_rep1,redis,sb:events:n20:feed17:rep1,3cbf1fef-6c02-4b30-97a6-cfa657fefa69,3895113,591,4.925,15625428166,39372404000,39373208400,1781307131479-0
concurrency_n20_20260613_003117_redis_feed17_rep1,redis,sb:events:n20:feed17:rep1,a3d8f64f-e4bd-412b-8ff5-2b948a790ce4,3895232,591,591.0,20509386500,39373380200,39379405000,1781307131480-0
concurrency_n20_20260613_003117_redis_feed17_rep1,redis,sb:events:n20:feed17:rep1,62cb7654-87d6-49ca-b7e3-394c14e14586,3895095,592,4.933333333333334,15625497611,39379778900,39380919600,1781307131487-0
concurrency_n20_20260613_003117_redis_feed17_rep1,redis,sb:events:n20:feed17:rep1,07489da0-ed25-4dec-9f71-e7d52d170d6f,3895074,592,4.933333333333334,15625497611,39381149800,39381986300,1781307131488-0
concurrency_n20_20260613_003117_redis_feed17_rep1,redis,sb:events:n20:feed17:rep1,8f6ec563-4ae7-4d02-a80c-10edf465fc58,3895074,592,4.933333333333334,15625497611,39382210900,39383563900,1781307131489-0
concurrency_n20_20260613_003117_redis_feed17_rep1,redis,sb:events:n20:feed17:rep1,bcd383cc-3f29-47fa-b423-a4f49b7ded62,3895060,592,4.933333333333334,15625497611,39383817600,39388225500,1781307131490-0
concurrency_n20_20260613_003117_redis_feed17_rep1,redis,sb:events:n20:feed17:rep1,8837658b-2527-43e3-a879-61625227993a,3895121,592,4.933333333333334,15625497611,39388470000,39412932600,1781307131507-0
concurrency_n20_20260613_003117_redis_feed17_rep1,redis,sb:events:n20:feed17:rep1,7102b045-f359-41ef-91a8-d13c6d9b3028,3895067,592,4.933333333333334,15625497611,39413647900,39416533500,1781307131521-0
concurrency_n20_20260613_003117_redis_feed17_rep1,redis,sb:events:n20:feed17:rep1,1ccaafd0-5da8-4c30-9cd8-7090212b6c92,3895095,593,4.941666666666666,15625567055,39416789200,39433186900,1781307131523-0
concurrency_n20_20260613_003117_redis_feed17_rep1,redis,sb:events:n20:feed17:rep1,24d3f73e-8b24-4a15-9099-4a3a7109a3b2,3895095,593,4.941666666666666,15625567055,39433429400,39434456700,1781307131540-0
concurrency_n20_20260613_003117_redis_feed17_rep1,redis,sb:events:n20:feed17:rep1,b1cbbb36-ac6e-4c70-b238-98b51f3bbb7c,3895095,593,4.941666666666666,15625567055,39434798100,39435671100,1781307131541-0
concurrency_n20_20260613_003117_redis_feed17_rep1,redis,sb:events:n20:feed17:rep1,57253780-463d-4baa-9322-b11a5b9ebc86,3895074,593,4.941666666666666,15625567055,39435900700,39436875400,1781307131543-0
concurrency_n20_20260613_003117_redis_feed17_rep1,redis,sb:events:n20:feed17:rep1,97c68392-b18c-4eb6-b41a-02a291f7bdcd,3895060,593,4.941666666666666,15625567055,39437091400,39447408000,1781307131544-0
concurrency_n20_20260613_003117_redis_feed17_rep1,redis,sb:events:n20:feed17:rep1,325b7350-d13b-4667-9ae2-08650699aee7,3895060,593,4.941666666666666,15625567055,39448052600,39449214400,1781307131555-0
concurrency_n20_20260613_003117_redis_feed17_rep1,redis,sb:events:n20:feed17:rep1,1ee45a48-d32b-412a-a1b3-a4e08abe87ea,3895121,593,4.941666666666666,15625567055,39449522600,39450423500,1781307131556-0
concurrency_n20_20260613_003117_redis_feed17_rep1,redis,sb:events:n20:feed17:rep1,c01d1018-8026-4e17-b3b9-4c78935ea6b8,3895121,593,4.941666666666666,15625567055,39450640200,39457241500,1781307131557-0
concurrency_n20_20260613_003117_redis_feed17_rep1,redis,sb:events:n20:feed17:rep1,bbd763f4-fe80-4cea-9bf4-1b47e08d11d6,3895067,593,4.941666666666666,15625567055,39457787900,39463373000,1781307131566-0
concurrency_n20_20260613_003117_redis_feed17_rep1,redis,sb:events:n20:feed17:rep1,aa6d638b-e544-42a0-9835-0ccf2a8b2009,3895067,593,4.941666666666666,15625567055,39463921800,39466389400,1781307131571-0
concurrency_n20_20260613_003117_redis_feed17_rep1,redis,sb:events:n20:feed17:rep1,867833da-be58-4632-bf9d-10b4978f6b09,3895067,593,4.941666666666666,15625567055,39466653200,39467827100,1781307131574-0
concurrency_n20_20260613_003117_redis_feed17_rep1,redis,sb:events:n20:feed17:rep1,194e6212-403a-487a-8fb4-75142a66c602,3895232,593,593.0,20526053166,39468006500,39468962500,1781307131575-0
concurrency_n20_20260613_003117_redis_feed17_rep1,redis,sb:events:n20:feed17:rep1,99863e7a-de8c-48de-a182-d46fa5f7756b,3895232,593,593.0,20526053166,39469168200,39470074100,1781307131576-0
concurrency_n20_20260613_003117_redis_feed17_rep1,redis,sb:events:n20:feed17:rep1,36b32df0-b35b-4e3c-8e5a-9994294f70ae,3895232,593,593.0,20526053166,39470318600,39472370900,1781307131578-0
concurrency_n20_20260613_003117_redis_feed17_rep1,redis,sb:events:n20:feed17:rep1,ea372a4b-3d84-4c79-be6f-9281618d9028,3895232,593,593.0,20526053166,39472661100,39474828600,1781307131580-0
concurrency_n20_20260613_003117_redis_feed17_rep1,redis,sb:events:n20:feed17:rep1,b536be92-6e79-48e2-9f4b-ca54cc0ca2c2,3895232,593,593.0,20526053166,39475061100,39506827600,1781307131612-0
concurrency_n20_20260613_003117_redis_feed17_rep1,redis,sb:events:n20:feed17:rep1,cc1a7a83-727f-46ef-a695-985de0ff8fa1,3895232,593,593.0,20526053166,39507278100,39508336500,1781307131614-0
concurrency_n20_20260613_003117_redis_feed17_rep1,redis,sb:events:n20:feed17:rep1,e961a0da-860a-4e9d-b0ef-cfc429d47711,3895232,593,593.0,20526053166,39508501400,39509896800,1781307131615-0
concurrency_n20_20260613_003117_redis_feed17_rep1,redis,sb:events:n20:feed17:rep1,869aae17-d932-4ee3-b96a-8b08c917626d,3895067,594,4.95,15625636500,39510112200,39511021300,1781307131617-0
concurrency_n20_20260613_003117_redis_feed17_rep1,redis,sb:events:n20:feed17:rep1,7ef4fe71-8a42-4e25-8404-442b43c65cbe,3895086,594,4.95,15625636500,39511236500,39525803400,1781307131618-0
concurrency_n20_20260613_003117_redis_feed17_rep1,redis,sb:events:n20:feed17:rep1,9609ad02-f511-4e04-a077-be41c9922920,3895052,594,4.95,15625636500,39526386100,39527284400,1781307131633-0
concurrency_n20_20260613_003117_redis_feed17_rep1,redis,sb:events:n20:feed17:rep1,fc0dd055-9543-4007-a0bd-faaf427044b9,3895113,594,4.95,15625636500,39527462900,39528352200,1781307131634-0
concurrency_n20_20260613_003117_redis_feed17_rep1,redis,sb:events:n20:feed17:rep1,78d5565d-e7bd-4df3-8894-f8b4be813d9f,3895095,595,4.958333333333333,15625705944,39528616700,39529386000,1781307131635-0
concurrency_n20_20260613_003117_redis_feed17_rep1,redis,sb:events:n20:feed17:rep1,70a15b69-d176-48c0-aaf5-32ecf171eb90,3895095,595,4.958333333333333,15625705944,39537848100,39567290000,1781307131673-0
concurrency_n20_20260613_003117_redis_feed17_rep1,redis,sb:events:n20:feed17:rep1,92df5b4c-9c50-41fc-a2db-03910550d1cd,3895095,595,4.958333333333333,15625705944,39567516900,39588221600,1781307131690-0
concurrency_n20_20260613_003117_redis_feed17_rep1,redis,sb:events:n20:feed17:rep1,c64c07f4-7b41-417b-a342-f8e693d9ff62,3895060,595,4.958333333333333,15625705944,39588468300,39593640100,1781307131695-0
concurrency_n20_20260613_003117_redis_feed17_rep1,redis,sb:events:n20:feed17:rep1,3e671347-5500-4b12-9ded-efff1b8e899a,3895067,595,4.958333333333333,15625705944,39593876500,39596483200,1781307131701-0
concurrency_n20_20260613_003117_redis_feed17_rep1,redis,sb:events:n20:feed17:rep1,7b751184-997d-404d-9060-41ff2e453407,3895067,595,4.958333333333333,15625705944,39596771800,39605277100,1781307131704-0
concurrency_n20_20260613_003117_redis_feed17_rep1,redis,sb:events:n20:feed17:rep1,a850c678-e21a-4e6f-90c9-a51e6a8fd8cb,3895067,595,4.958333333333333,15625705944,39606081500,39607255700,1781307131713-0
concurrency_n20_20260613_003117_redis_feed17_rep1,redis,sb:events:n20:feed17:rep1,82e91245-e35c-4e7a-9b9f-36567f4fb53e,3895067,595,4.958333333333333,15625705944,39607548300,39608435900,1781307131714-0
concurrency_n20_20260613_003117_redis_feed17_rep1,redis,sb:events:n20:feed17:rep1,39456ea0-0b80-4c31-8130-70e6d5bbfe2b,3895052,595,4.958333333333333,15625705944,39608741800,39615167700,1781307131715-0
concurrency_n20_20260613_003117_redis_feed17_rep1,redis,sb:events:n20:feed17:rep1,5e65a51e-1c00-48d0-ab7c-e4f6ea8d6c57,3895052,595,4.958333333333333,15625705944,39615746600,39617296300,1781307131723-0
concurrency_n20_20260613_003117_redis_feed17_rep1,redis,sb:events:n20:feed17:rep1,60e98bd7-d72c-422f-95ef-9ade285cbf36,3895113,595,4.958333333333333,15625705944,39617641600,39618505200,1781307131724-0
concurrency_n20_20260613_003117_redis_feed17_rep1,redis,sb:events:n20:feed17:rep1,68f25357-617f-432d-a774-4e511ea8b43c,3895113,595,4.958333333333333,15625705944,39618719700,39627291900,1781307131726-0
concurrency_n20_20260613_003117_redis_feed17_rep1,redis,sb:events:n20:feed17:rep1,5bd01f8e-6e09-43f1-8eb7-fe2b3762b58a,3895232,595,595.0,20542719833,39627628100,39649738400,1781307131752-0
concurrency_n20_20260613_003117_redis_feed17_rep1,redis,sb:events:n20:feed17:rep1,11271b3a-64f4-4814-bf99-5a17099ef7d2,3895232,595,595.0,20542719833,39650027200,39664317300,1781307131767-0
concurrency_n20_20260613_003117_redis_feed17_rep1,redis,sb:events:n20:feed17:rep1,5e943f6d-ebe6-4967-9db1-6b5031bd66b5,3895232,595,595.0,20542719833,39664553300,39667507100,1781307131771-0
concurrency_n20_20260613_003117_redis_feed17_rep1,redis,sb:events:n20:feed17:rep1,ff374711-91ba-4aca-853e-3ff82ab2780b,3895232,595,595.0,20542719833,39667807800,39670374600,1781307131775-0
concurrency_n20_20260613_003117_redis_feed17_rep1,redis,sb:events:n20:feed17:rep1,e66736e2-0e2b-4dd0-893c-11cb9911c93d,3895074,596,4.966666666666667,15625775388,39670694800,39672124100,1781307131777-0
concurrency_n20_20260613_003117_redis_feed17_rep1,redis,sb:events:n20:feed17:rep1,a4de3a21-86e4-4464-8f73-6f99aac1a914,3895074,596,4.966666666666667,15625775388,39672373400,39673063100,1781307131779-0
concurrency_n20_20260613_003117_redis_feed17_rep1,redis,sb:events:n20:feed17:rep1,a56ebc2b-d6e5-4ddf-b7a2-fd73a17a7b67,3895121,596,4.966666666666667,15625775388,39673248700,39674188400,1781307131780-0
concurrency_n20_20260613_003117_redis_feed17_rep1,redis,sb:events:n20:feed17:rep1,025d0917-460a-43d5-9551-4c7417149147,3895086,596,4.966666666666667,15625775388,39674349200,39686428000,1781307131781-0
concurrency_n20_20260613_003117_redis_feed17_rep1,redis,sb:events:n20:feed17:rep1,dabafd5b-e47f-44e9-9371-4e45b7a854c0,3895086,596,4.966666666666667,15625775388,39687034800,39688889500,1781307131795-0
concurrency_n20_20260613_003117_redis_feed17_rep1,redis,sb:events:n20:feed17:rep1,a099715a-3c28-437f-8708-fe3330203256,3895052,596,4.966666666666667,15625775388,39689164000,39690279500,1781307131796-0
concurrency_n20_20260613_003117_redis_feed17_rep1,redis,sb:events:n20:feed17:rep1,4ad2e00f-8f8e-4c16-aaaf-4d389988550f,3895113,596,4.966666666666667,15625775388,39694710500,39695819800,1781307131802-0
concurrency_n20_20260613_003117_redis_feed17_rep1,redis,sb:events:n20:feed17:rep1,429965c2-860d-4f12-8b2a-bb2604711b1b,3895113,596,4.966666666666667,15625775388,39696056000,39697240800,1781307131803-0
concurrency_n20_20260613_003117_redis_feed17_rep1,redis,sb:events:n20:feed17:rep1,6d992ac7-8092-4c3d-9938-ee63ec251fb9,3895113,596,4.966666666666667,15625775388,39697570800,39698985600,1781307131805-0
concurrency_n20_20260613_003117_redis_feed17_rep1,redis,sb:events:n20:feed17:rep1,b2e81a93-15c3-4a61-926f-5368d55157cd,3895232,596,596.0,20551053166,39702685000,39703821500,1781307131810-0
concurrency_n20_20260613_003117_redis_feed17_rep1,redis,sb:events:n20:feed17:rep1,d8d93327-120a-4a11-adf6-2be67f0cbf9f,3895095,597,4.975,15625844833,39704138700,39705435700,1781307131811-0
concurrency_n20_20260613_003117_redis_feed17_rep1,redis,sb:events:n20:feed17:rep1,afdd469f-31ed-4c14-9509-0a869670a319,3895107,597,4.975,15625844833,39705790700,39706571900,1781307131812-0
concurrency_n20_20260613_003117_redis_feed17_rep1,redis,sb:events:n20:feed17:rep1,15ff84f8-5411-4f4c-b403-410a9a87844b,3895121,597,4.975,15625844833,39706766500,39711815900,1781307131813-0
concurrency_n20_20260613_003117_redis_feed17_rep1,redis,sb:events:n20:feed17:rep1,a2d459f5-b2f5-4230-980f-428882780ad7,3895121,597,4.975,15625844833,39712240700,39733168700,1781307131836-0
concurrency_n20_20260613_003117_redis_feed17_rep1,redis,sb:events:n20:feed17:rep1,3d29d282-4708-4cc5-a441-c2937ee305ba,3895052,597,4.975,15625844833,39733388300,39734863800,1781307131840-0
concurrency_n20_20260613_003117_redis_feed17_rep1,redis,sb:events:n20:feed17:rep1,1eb502e7-3f05-417a-b7f7-b12b64e0f817,3895052,597,4.975,15625844833,39735135500,39739081600,1781307131842-0
concurrency_n20_20260613_003117_redis_feed17_rep1,redis,sb:events:n20:feed17:rep1,0b6b240e-8dcb-4b7c-9568-ff6f91c58520,3895113,597,4.975,15625844833,39739317200,39760673900,1781307131864-0
concurrency_n20_20260613_003117_redis_feed17_rep1,redis,sb:events:n20:feed17:rep1,d4a2ac3c-8b50-4e37-98f5-a199dcf20279,3895232,597,597.0,20559386500,39761037600,39766613300,1781307131869-0
concurrency_n20_20260613_003117_redis_feed17_rep1,redis,sb:events:n20:feed17:rep1,63bf209d-9960-4dd0-a104-2ef2d412c4c6,3895232,597,597.0,20559386500,39766855500,39782050400,1781307131874-0
concurrency_n20_20260613_003117_redis_feed17_rep1,redis,sb:events:n20:feed17:rep1,16689d72-9e0b-49be-a374-2a6e85cc790f,3895074,598,4.983333333333333,15625914277,39782463500,39783748800,1781307131890-0
concurrency_n20_20260613_003117_redis_feed17_rep1,redis,sb:events:n20:feed17:rep1,0194222a-31c9-49eb-b56f-eb5ae999d927,3895107,598,4.983333333333333,15625914277,39783997000,39785143700,1781307131891-0
concurrency_n20_20260613_003117_redis_feed17_rep1,redis,sb:events:n20:feed17:rep1,3448dd12-e7c1-449a-b8b7-89a9efda9a6a,3895107,598,4.983333333333333,15625914277,39785383500,39795939300,1781307131901-0
concurrency_n20_20260613_003117_redis_feed17_rep1,redis,sb:events:n20:feed17:rep1,70706640-fa1a-4f13-948a-d6f359a8b7ce,3895121,598,4.983333333333333,15625914277,39796464600,39797541000,1781307131903-0
concurrency_n20_20260613_003117_redis_feed17_rep1,redis,sb:events:n20:feed17:rep1,d3b7b07f-fc87-4ca9-bed4-8747b5edd352,3895086,598,4.983333333333333,15625914277,39797922100,39798671400,1781307131905-0
concurrency_n20_20260613_003117_redis_feed17_rep1,redis,sb:events:n20:feed17:rep1,992e40c4-184e-406f-8648-916d30f2af24,3895052,598,4.983333333333333,15625914277,39798887900,39809967600,1781307131906-0
concurrency_n20_20260613_003117_redis_feed17_rep1,redis,sb:events:n20:feed17:rep1,e8bd7331-c826-415a-bf93-83626ea5b567,3895113,598,4.983333333333333,15625914277,39811150900,39813295600,1781307131919-0
concurrency_n20_20260613_003117_redis_feed17_rep1,redis,sb:events:n20:feed17:rep1,fd5697d4-df0f-4481-83a4-2ba2c0b3ed81,3895113,598,4.983333333333333,15625914277,39813600100,39815079100,1781307131920-0
concurrency_n20_20260613_003117_redis_feed17_rep1,redis,sb:events:n20:feed17:rep1,a98d1db4-a554-4290-9887-5f1ac16a5651,3895113,598,4.983333333333333,15625914277,39815612400,39817299300,1781307131923-0
concurrency_n20_20260613_003117_redis_feed17_rep1,redis,sb:events:n20:feed17:rep1,d06e2809-ac6a-40d0-9434-6432f2cd72d1,3895232,598,598.0,20567719833,39817558200,39818466000,1781307131924-0
concurrency_n20_20260613_003117_redis_feed17_rep1,redis,sb:events:n20:feed17:rep1,6fa0d1e8-ab63-47b8-87a7-93516a9f4975,3895095,599,4.991666666666666,15625983722,39818622700,39819604700,1781307131925-0
concurrency_n20_20260613_003117_redis_feed17_rep1,redis,sb:events:n20:feed17:rep1,297487ce-1887-48df-adec-dfec5e677300,3895095,599,4.991666666666666,15625983722,39819903500,39825820900,1781307131927-0
concurrency_n20_20260613_003117_redis_feed17_rep1,redis,sb:events:n20:feed17:rep1,5ec47445-daf6-48e4-a036-c1513f14005a,3895095,599,4.991666666666666,15625983722,39826172000,39828265600,1781307131933-0
concurrency_n20_20260613_003117_redis_feed17_rep1,redis,sb:events:n20:feed17:rep1,77e80273-6376-47e3-a9ce-66412fcf1a24,3895074,599,4.991666666666666,15625983722,39828479600,39830147300,1781307131935-0
concurrency_n20_20260613_003117_redis_feed17_rep1,redis,sb:events:n20:feed17:rep1,1505872e-3190-4b41-9eaa-3ca2bc93c056,3895074,599,4.991666666666666,15625983722,39830399800,39832532400,1781307131938-0
concurrency_n20_20260613_003117_redis_feed17_rep1,redis,sb:events:n20:feed17:rep1,bdb8df01-2865-4796-a69f-b15d47e177eb,3895060,599,4.991666666666666,15625983722,39832914100,39834226700,1781307131940-0
concurrency_n20_20260613_003117_redis_feed17_rep1,redis,sb:events:n20:feed17:rep1,bd65e731-6511-4ac1-a903-2e4dccf2b761,3895060,599,4.991666666666666,15625983722,39834421000,39835750100,1781307131941-0
concurrency_n20_20260613_003117_redis_feed17_rep1,redis,sb:events:n20:feed17:rep1,832c2cb9-d99f-4222-8483-a7ba2d897559,3895121,599,4.991666666666666,15625983722,39835976200,39840706600,1781307131945-0
concurrency_n20_20260613_003117_redis_feed17_rep1,redis,sb:events:n20:feed17:rep1,dab46250-a6a1-4d9f-92a8-11d6890e79d2,3895121,599,4.991666666666666,15625983722,39840920400,39845435000,1781307131948-0
concurrency_n20_20260613_003117_redis_feed17_rep1,redis,sb:events:n20:feed17:rep1,520a7584-038a-4311-9040-51792b1b9d82,3895052,599,4.991666666666666,15625983722,39846144300,39848271600,1781307131954-0
concurrency_n20_20260613_003117_redis_feed17_rep1,redis,sb:events:n20:feed17:rep1,dc8e1918-234f-4fea-8aa0-0111b971bf68,3895052,599,4.991666666666666,15625983722,39848525800,39852483300,1781307131955-0
concurrency_n20_20260613_003117_redis_feed17_rep1,redis,sb:events:n20:feed17:rep1,453274d2-fbc7-45a5-85be-8224ecf4e430,3895113,599,4.991666666666666,15625983722,39852698300,39858728700,1781307131959-0
concurrency_n20_20260613_003117_redis_feed17_rep1,redis,sb:events:n20:feed17:rep1,3656789d-4b9c-4b5a-9ec1-167bf77a76d6,3895113,599,4.991666666666666,15625983722,39859993500,39860906300,1781307131967-0
concurrency_n20_20260613_003117_redis_feed17_rep1,redis,sb:events:n20:feed17:rep1,0e7386cb-f8ce-4dfe-b10c-1ea03beca223,3895095,600,5.0,15626053166,39861192600,39861919200,1781307131968-0
concurrency_n20_20260613_003117_redis_feed17_rep1,redis,sb:events:n20:feed17:rep1,6f7d1385-e675-483e-a3eb-cf10ad5faa3a,3895095,600,5.0,15626053166,39862115800,39864246800,1781307131969-0
concurrency_n20_20260613_003117_redis_feed17_rep1,redis,sb:events:n20:feed17:rep1,40d45191-8f2d-4197-a519-bb3093a56c47,3895074,600,5.0,15626053166,39864608900,39865776600,1781307131971-0
concurrency_n20_20260613_003117_redis_feed17_rep1,redis,sb:events:n20:feed17:rep1,29fd27aa-51df-41ac-b3a0-d03fa518ae38,3895060,600,5.0,15626053166,39866003900,39867189200,1781307131973-0
concurrency_n20_20260613_003117_redis_feed17_rep1,redis,sb:events:n20:feed17:rep1,0e0310aa-0552-48ad-9e97-591e122c78b9,3895067,600,5.0,15626053166,39867377800,39869061800,1781307131975-0
concurrency_n20_20260613_003117_redis_feed17_rep1,redis,sb:events:n20:feed17:rep1,29a0bfad-41ae-4241-99f8-2cd38849736a,3895086,600,5.0,15626053166,39873049000,39875831800,1781307131981-0
concurrency_n20_20260613_003117_redis_feed17_rep1,redis,sb:events:n20:feed17:rep1,6594127e-6701-4f06-a373-1e6e8a4518b9,3895086,600,5.0,15626053166,39876063200,39878574000,1781307131983-0
