run_id,backend,stream,event_id,match_id,t_sim_seconds,t_cons_recv_ns,t_output_ns,redis_id
concurrency_n20_20260613_002920_redis_feed11_rep1,redis,sb:events:n20:feed11:rep1,69bb4fa7-f177-49a8-9b19-7c01cd9d9a9c,3895052,0,17087038800,17087077000,1781306996202-0
concurrency_n20_20260613_002920_redis_feed11_rep1,redis,sb:events:n20:feed11:rep1,207c41be-4905-457d-af38-e356b67981de,3895060,0,17136612500,17136652200,1781306996217-0
concurrency_n20_20260613_002920_redis_feed11_rep1,redis,sb:events:n20:feed11:rep1,7eb000ee-2ef0-462a-bd57-e4320f459c68,3895067,0,17158662800,17158695600,1781306996235-0
concurrency_n20_20260613_002920_redis_feed11_rep1,redis,sb:events:n20:feed11:rep1,664c81bb-315d-4de4-86d5-f326eebf0684,3895074,0,17207598000,17207624900,1781306996252-0
concurrency_n20_20260613_002920_redis_feed11_rep1,redis,sb:events:n20:feed11:rep1,6c9ebdf9-117f-4a31-8b52-ebcf3c35d0c6,3895086,0,17211771400,17211794000,1781306996265-0
concurrency_n20_20260613_002920_redis_feed11_rep1,redis,sb:events:n20:feed11:rep1,9103cd62-6a36-40c6-9f80-ab1f6d258133,3895095,0,17213546400,17213578100,1781306996272-0
concurrency_n20_20260613_002920_redis_feed11_rep1,redis,sb:events:n20:feed11:rep1,84fbca7e-c79e-4f67-8026-4c9578366292,3895107,0,17215502800,17215530400,1781306996320-0
concurrency_n20_20260613_002920_redis_feed11_rep1,redis,sb:events:n20:feed11:rep1,ea1e6876-4179-4750-8231-55c3d6ec8001,3895113,0,17219537300,17219590100,1781306996324-0
concurrency_n20_20260613_002920_redis_feed11_rep1,redis,sb:events:n20:feed11:rep1,16d29511-a5c7-4a18-a4b4-d40571e69bd4,3895121,0,17226733500,17226767400,1781306996327-0
concurrency_n20_20260613_002920_redis_feed11_rep1,redis,sb:events:n20:feed11:rep1,7f498384-e379-41b8-bdd2-8bf16412e8cc,3895134,0,17227951000,17228116800,1781306996331-0
concurrency_n20_20260613_002920_redis_feed11_rep1,redis,sb:events:n20:feed11:rep1,9790a466-9c56-42aa-96aa-a9ad1a6f8811,3895052,0,17229680200,17229758900,1781306996334-0
concurrency_n20_20260613_002920_redis_feed11_rep1,redis,sb:events:n20:feed11:rep1,fefef503-f3cc-4d41-9b3f-9ddc57b6a93b,3895060,0,17241318300,17241347000,1781306996338-0
concurrency_n20_20260613_002920_redis_feed11_rep1,redis,sb:events:n20:feed11:rep1,d593adb3-8980-46f6-b384-4a91f4ec01ba,3895067,0,17244935800,17244960000,1781306996342-0
concurrency_n20_20260613_002920_redis_feed11_rep1,redis,sb:events:n20:feed11:rep1,3dd463f6-b445-407d-8120-bf6aeab35526,3895074,0,17251231600,17251263500,1781306996344-0
concurrency_n20_20260613_002920_redis_feed11_rep1,redis,sb:events:n20:feed11:rep1,6755b1ac-4f37-4c35-b1ef-181d68375e7d,3895086,0,17257809300,17257835800,1781306996355-0
concurrency_n20_20260613_002920_redis_feed11_rep1,redis,sb:events:n20:feed11:rep1,73376ffb-3f9f-4570-9b3e-c51d44315ef3,3895095,0,17286723300,17286763100,1781306996359-0
concurrency_n20_20260613_002920_redis_feed11_rep1,redis,sb:events:n20:feed11:rep1,b4bd630b-4e82-4f31-8947-17beb238dc5a,3895107,0,17291985200,17292012700,1781306996363-0
concurrency_n20_20260613_002920_redis_feed11_rep1,redis,sb:events:n20:feed11:rep1,a88295ad-33e8-4427-872c-eba006d8a0ef,3895113,0,17292753700,17292805300,1781306996370-0
concurrency_n20_20260613_002920_redis_feed11_rep1,redis,sb:events:n20:feed11:rep1,27cf4ae2-0319-4fc6-9ace-9f960bb0e4e6,3895121,0,17315108100,17315141200,1781306996390-0
concurrency_n20_20260613_002920_redis_feed11_rep1,redis,sb:events:n20:feed11:rep1,4af6d17a-69ad-4bca-aece-f3be76c10138,3895134,0,17335826600,17335860100,1781306996395-0
concurrency_n20_20260613_002920_redis_feed11_rep1,redis,sb:events:n20:feed11:rep1,c6762724-3ad0-4ed1-b232-7f32ac192ec6,3895052,0,17339494200,17339521900,1781306996403-0
concurrency_n20_20260613_002920_redis_feed11_rep1,redis,sb:events:n20:feed11:rep1,2f46ad65-50a4-4834-9bd9-86a61f034234,3895060,0,17344194300,17344387700,1781306996407-0
concurrency_n20_20260613_002920_redis_feed11_rep1,redis,sb:events:n20:feed11:rep1,a40403c7-74d7-45e6-ba91-5ebd6c313d8e,3895067,0,17379788700,17379824100,1781306996409-0
concurrency_n20_20260613_002920_redis_feed11_rep1,redis,sb:events:n20:feed11:rep1,77f9b3e5-e0e4-4032-8228-089aa0dd578b,3895074,0,17383149700,17383186400,1781306996450-0
concurrency_n20_20260613_002920_redis_feed11_rep1,redis,sb:events:n20:feed11:rep1,8b3af8ba-e26c-40b0-8278-c3e4c7a925f8,3895086,0,17385597500,17385626600,1781306996453-0
concurrency_n20_20260613_002920_redis_feed11_rep1,redis,sb:events:n20:feed11:rep1,52a1e2ea-5b27-4cb1-9204-865583191956,3895095,0,17388459300,17388486400,1781306996478-0
concurrency_n20_20260613_002920_redis_feed11_rep1,redis,sb:events:n20:feed11:rep1,6810c39c-8726-412f-b831-62dfec867465,3895107,0,17395899400,17395931300,1781306996495-0
concurrency_n20_20260613_002920_redis_feed11_rep1,redis,sb:events:n20:feed11:rep1,6d6ab3f4-8136-407c-a92f-3f8a6549abdd,3895113,0,17396996700,17397020000,1781306996498-0
concurrency_n20_20260613_002920_redis_feed11_rep1,redis,sb:events:n20:feed11:rep1,92e52894-484a-48de-8051-469ea23d6aaa,3895121,0,17398324400,17398377200,1781306996502-0
concurrency_n20_20260613_002920_redis_feed11_rep1,redis,sb:events:n20:feed11:rep1,a281da9d-e3f4-43f1-ac2e-f46bbd04fed0,3895134,0,17400499000,17400525000,1781306996504-0
concurrency_n20_20260613_002920_redis_feed11_rep1,redis,sb:events:n20:feed11:rep1,ba22283a-c920-448c-804e-3737cccd9fff,3895052,0,17401596900,17401622900,1781306996506-0
concurrency_n20_20260613_002920_redis_feed11_rep1,redis,sb:events:n20:feed11:rep1,3b3a42a2-e2a1-49f8-9b77-5ec638303a06,3895060,0,17402486400,17402516400,1781306996513-0
concurrency_n20_20260613_002920_redis_feed11_rep1,redis,sb:events:n20:feed11:rep1,fae27a68-42f4-44cf-8fc0-8d4126407ae3,3895067,0,17403338800,17403359700,1781306996514-0
concurrency_n20_20260613_002920_redis_feed11_rep1,redis,sb:events:n20:feed11:rep1,e627413d-5de5-402a-9bb3-90c4cd3b65ec,3895074,0,17404327300,17404355700,1781306996515-0
concurrency_n20_20260613_002920_redis_feed11_rep1,redis,sb:events:n20:feed11:rep1,b795eae8-ba56-4343-8662-92a8da669bc5,3895086,0,17409788900,17409829400,1781306996520-0
concurrency_n20_20260613_002920_redis_feed11_rep1,redis,sb:events:n20:feed11:rep1,a7102458-910f-4583-b653-e3165351e124,3895095,0,17412577000,17412602900,1781306996521-0
concurrency_n20_20260613_002920_redis_feed11_rep1,redis,sb:events:n20:feed11:rep1,a549d56e-c626-419f-9244-ad813ec8e559,3895107,0,17413393800,17413416700,1781306996523-0
concurrency_n20_20260613_002920_redis_feed11_rep1,redis,sb:events:n20:feed11:rep1,51a7253e-31ed-49f5-9494-f5ab0d2ee039,3895113,0,17416209100,17416270800,1781306996529-0
concurrency_n20_20260613_002920_redis_feed11_rep1,redis,sb:events:n20:feed11:rep1,d16c061b-99fe-4266-ad73-d7f9c73482b0,3895121,0,17417555200,17417581400,1781306996530-0
concurrency_n20_20260613_002920_redis_feed11_rep1,redis,sb:events:n20:feed11:rep1,6d5e4ad7-9dd8-428b-97f9-5eee0ee14c17,3895134,0,17420286100,17420342500,1781306996533-0
concurrency_n20_20260613_002920_redis_feed11_rep1,redis,sb:events:n20:feed11:rep1,9a50295b-7f7a-449c-9ef3-87e60467e8e1,3895052,0,17422495200,17422576200,1781306996534-0
concurrency_n20_20260613_002920_redis_feed11_rep1,redis,sb:events:n20:feed11:rep1,69bdfb9b-ba46-41c8-814a-98f0a43c6501,3895060,0,17426007300,17426027200,1781306996536-0
concurrency_n20_20260613_002920_redis_feed11_rep1,redis,sb:events:n20:feed11:rep1,ad010a23-88fe-43af-8b5c-8cd1772842ac,3895067,0,17427010400,17427028200,1781306996538-0
concurrency_n20_20260613_002920_redis_feed11_rep1,redis,sb:events:n20:feed11:rep1,16252ec8-ab09-4119-bcf6-7fd6524f9128,3895074,0,17428893700,17428924000,1781306996539-0
concurrency_n20_20260613_002920_redis_feed11_rep1,redis,sb:events:n20:feed11:rep1,3aee3cdf-be11-4ee6-b4bb-828cb4edbe36,3895086,0,17430139600,17430164800,1781306996540-0
concurrency_n20_20260613_002920_redis_feed11_rep1,redis,sb:events:n20:feed11:rep1,4a13ba2d-59ad-43d3-b567-6aee81422367,3895095,0,17432910500,17432931200,1781306996541-0
concurrency_n20_20260613_002920_redis_feed11_rep1,redis,sb:events:n20:feed11:rep1,cc3b6a56-e194-4ce6-901d-a4f84177e81b,3895107,0,17434016200,17434037900,1781306996548-0
concurrency_n20_20260613_002920_redis_feed11_rep1,redis,sb:events:n20:feed11:rep1,ac5aac4c-5a0e-44c2-97ca-ec38bdb05917,3895113,0,17436723700,17436748200,1781306996549-0
concurrency_n20_20260613_002920_redis_feed11_rep1,redis,sb:events:n20:feed11:rep1,1cdd596e-bf1f-4096-848a-a2a5db4fd313,3895121,0,17441621200,17441648300,1781306996555-0
concurrency_n20_20260613_002920_redis_feed11_rep1,redis,sb:events:n20:feed11:rep1,1bed9ec9-1af9-4570-a620-8aab3469a6dd,3895134,0,17444023400,17444046900,1781306996557-0
concurrency_n20_20260613_002920_redis_feed11_rep1,redis,sb:events:n20:feed11:rep1,e03021cc-80c5-4ac6-909e-903dca845ee3,3895107,0,17453551600,17453577600,1781306996563-0
concurrency_n20_20260613_002920_redis_feed11_rep1,redis,sb:events:n20:feed11:rep1,f3dfb8ef-6678-493f-bbce-99f9678b7f75,3895107,0,17455865400,17455891200,1781306996566-0
concurrency_n20_20260613_002920_redis_feed11_rep1,redis,sb:events:n20:feed11:rep1,17c0df03-219a-4603-befe-8cd2f58d6d47,3895052,1,17459798100,17459891900,1781306996575-0
concurrency_n20_20260613_002920_redis_feed11_rep1,redis,sb:events:n20:feed11:rep1,b306ec30-5755-4017-861a-670617955a41,3895074,1,17471978500,17472005900,1781306996577-0
concurrency_n20_20260613_002920_redis_feed11_rep1,redis,sb:events:n20:feed11:rep1,6c4c62f2-7d95-4094-a714-50c0161ee2e6,3895052,1,17473131900,17473174700,1781306996579-0
concurrency_n20_20260613_002920_redis_feed11_rep1,redis,sb:events:n20:feed11:rep1,2b7eff06-8d56-4f2c-bab1-076d4077ed10,3895074,1,17474170900,17474206000,1781306996585-0
concurrency_n20_20260613_002920_redis_feed11_rep1,redis,sb:events:n20:feed11:rep1,8d4e66c1-7ddb-4e75-b89f-bdb0592be264,3895107,1,17479062200,17479088100,1781306996587-0
concurrency_n20_20260613_002920_redis_feed11_rep1,redis,sb:events:n20:feed11:rep1,ceaa47dd-e3bf-4016-ade0-ed3d54afe971,3895060,2,17480541600,17480566700,1781306996589-0
concurrency_n20_20260613_002920_redis_feed11_rep1,redis,sb:events:n20:feed11:rep1,0e2c9eac-6504-4dae-9939-5f2920e7102d,3895067,2,17499275000,17499307500,1781306996594-0
concurrency_n20_20260613_002920_redis_feed11_rep1,redis,sb:events:n20:feed11:rep1,40f9b6ab-32ab-47e8-8b92-9b97e90d4c4f,3895086,2,17518689900,17518747400,1781306996596-0
concurrency_n20_20260613_002920_redis_feed11_rep1,redis,sb:events:n20:feed11:rep1,f69d0d63-6ad0-41ea-bcec-f1b86b886a83,3895095,2,17520682400,17520707100,1781306996625-0
concurrency_n20_20260613_002920_redis_feed11_rep1,redis,sb:events:n20:feed11:rep1,d54cc444-c9f7-4e31-820a-28e0ad5d8ec4,3895113,2,17521775900,17521881700,1781306996626-0
concurrency_n20_20260613_002920_redis_feed11_rep1,redis,sb:events:n20:feed11:rep1,f8442e6f-3919-46bc-848a-5f545627cf82,3895121,2,17523383100,17523410500,1781306996627-0
concurrency_n20_20260613_002920_redis_feed11_rep1,redis,sb:events:n20:feed11:rep1,50dad646-a7c1-450b-8a63-2e2fd90b3cd1,3895134,2,17532318700,17532340800,1781306996642-0
concurrency_n20_20260613_002920_redis_feed11_rep1,redis,sb:events:n20:feed11:rep1,70432a35-52ff-429b-8a11-c47bba8fab19,3895060,2,17533151200,17533171900,1781306996644-0
concurrency_n20_20260613_002920_redis_feed11_rep1,redis,sb:events:n20:feed11:rep1,c04183cf-75d8-42b0-91fd-4a026dba10b4,3895067,2,17537007200,17537032900,1781306996652-0
concurrency_n20_20260613_002920_redis_feed11_rep1,redis,sb:events:n20:feed11:rep1,55321383-ae1f-407e-8f20-2524fd16d04a,3895086,2,17548019200,17548107800,1781306996655-0
concurrency_n20_20260613_002920_redis_feed11_rep1,redis,sb:events:n20:feed11:rep1,285e8e4a-7c84-4ca1-9688-d8b56d623cc2,3895095,2,17562526600,17562565300,1781306996662-0
concurrency_n20_20260613_002920_redis_feed11_rep1,redis,sb:events:n20:feed11:rep1,eb3fde27-a34b-42be-b262-d329e138fff2,3895113,2,17569531900,17569557700,1781306996665-0
concurrency_n20_20260613_002920_redis_feed11_rep1,redis,sb:events:n20:feed11:rep1,f296523f-5c17-4d25-8371-f7142523a057,3895121,2,17579141100,17579183200,1781306996682-0
concurrency_n20_20260613_002920_redis_feed11_rep1,redis,sb:events:n20:feed11:rep1,b293256b-d885-4135-98ca-8ecf12f9e5a6,3895134,2,17601063700,17601100200,1781306996695-0
concurrency_n20_20260613_002920_redis_feed11_rep1,redis,sb:events:n20:feed11:rep1,d6b118e9-dee4-4f3a-9046-2a086e85ca6b,3895074,2,17610487200,17610513500,1781306996712-0
concurrency_n20_20260613_002920_redis_feed11_rep1,redis,sb:events:n20:feed11:rep1,6acfcb07-7343-4821-aa28-a91f66140043,3895134,2,17614208400,17614233100,1781306996724-0
concurrency_n20_20260613_002920_redis_feed11_rep1,redis,sb:events:n20:feed11:rep1,080124d4-8c99-46a5-aaf3-9a935ccd1248,3895107,2,17615371600,17615394500,1781306996728-0
concurrency_n20_20260613_002920_redis_feed11_rep1,redis,sb:events:n20:feed11:rep1,f9a9b240-dc0d-49e8-b72a-ec081b4c2bf3,3895107,2,17618067900,17618095700,1781306996730-0
concurrency_n20_20260613_002920_redis_feed11_rep1,redis,sb:events:n20:feed11:rep1,e5f7cd6e-b6e9-4538-96f5-380ee1534325,3895107,2,17619956500,17619979100,1781306996734-0
concurrency_n20_20260613_002920_redis_feed11_rep1,redis,sb:events:n20:feed11:rep1,15bf07b2-c5b7-4074-8693-1d9e4a5b7153,3895052,3,17621184300,17621283000,1781306996735-0
concurrency_n20_20260613_002920_redis_feed11_rep1,redis,sb:events:n20:feed11:rep1,748f1afc-2300-4252-bc9b-f161b5e7c6ef,3895060,3,17623822600,17623847800,1781306996739-0
concurrency_n20_20260613_002920_redis_feed11_rep1,redis,sb:events:n20:feed11:rep1,28f3d343-a6db-4854-bae5-f3390857e90c,3895086,3,17646214900,17646242600,1781306996758-0
concurrency_n20_20260613_002920_redis_feed11_rep1,redis,sb:events:n20:feed11:rep1,494d25f1-83d3-4375-aa5c-29dfd26dfebd,3895095,3,17653697200,17653720400,1781306996762-0
concurrency_n20_20260613_002920_redis_feed11_rep1,redis,sb:events:n20:feed11:rep1,c5fa6ce0-df8d-42a2-8bdd-601d167d5ec1,3895121,3,17672397500,17672597100,1781306996765-0
concurrency_n20_20260613_002920_redis_feed11_rep1,redis,sb:events:n20:feed11:rep1,3c689040-9b59-4fad-8456-48b2ec8a2058,3895052,3,17697831600,17697859100,1781306996813-0
concurrency_n20_20260613_002920_redis_feed11_rep1,redis,sb:events:n20:feed11:rep1,c5dd24ba-9256-48e3-b852-121bc71914e3,3895107,3,17721007100,17721050600,1781306996825-0
concurrency_n20_20260613_002920_redis_feed11_rep1,redis,sb:events:n20:feed11:rep1,3114849f-6506-405c-bb4d-71ba30905d5e,3895107,3,17725543600,17725581900,1781306996831-0
concurrency_n20_20260613_002920_redis_feed11_rep1,redis,sb:events:n20:feed11:rep1,042f1fd2-3cd4-439a-97c4-9275f435f098,3895113,4,17751130500,17751158700,1781306996834-0
concurrency_n20_20260613_002920_redis_feed11_rep1,redis,sb:events:n20:feed11:rep1,4f14f36d-c3c1-45d5-9c94-a65f9489d40f,3895074,4,17777420100,17777452300,1781306996836-0
concurrency_n20_20260613_002920_redis_feed11_rep1,redis,sb:events:n20:feed11:rep1,980abd18-b5d2-49cd-b110-7f534fd23dfc,3895095,4,17779573300,17779594600,1781306996864-0
concurrency_n20_20260613_002920_redis_feed11_rep1,redis,sb:events:n20:feed11:rep1,0195cc34-10dc-41e9-ada9-e853f9c16f02,3895134,4,17780479000,17780500300,1781306996867-0
concurrency_n20_20260613_002920_redis_feed11_rep1,redis,sb:events:n20:feed11:rep1,88661240-834a-430d-8629-b37b64dbcddc,3895052,4,17781329100,17781349200,1781306996881-0
concurrency_n20_20260613_002920_redis_feed11_rep1,redis,sb:events:n20:feed11:rep1,2256b8d2-0b23-4080-9849-1553d0135c73,3895074,4,17796871400,17796904400,1781306996896-0
concurrency_n20_20260613_002920_redis_feed11_rep1,redis,sb:events:n20:feed11:rep1,df085776-1a71-4f2d-9b9a-d385914ac874,3895095,4,17798049800,17798070300,1781306996897-0
concurrency_n20_20260613_002920_redis_feed11_rep1,redis,sb:events:n20:feed11:rep1,5342ea84-0732-454a-9551-8bc9fbe70d05,3895134,4,17800156300,17800184800,1781306996909-0
concurrency_n20_20260613_002920_redis_feed11_rep1,redis,sb:events:n20:feed11:rep1,b8c2ef59-5a72-4382-8d37-ef532f1ba623,3895107,4,17801076300,17801100900,1781306996910-0
concurrency_n20_20260613_002920_redis_feed11_rep1,redis,sb:events:n20:feed11:rep1,aabb516d-6ede-4543-9394-967c0499af8a,3895067,5,17803763600,17806178400,1781306996911-0
concurrency_n20_20260613_002920_redis_feed11_rep1,redis,sb:events:n20:feed11:rep1,c93d7723-7a1c-4be8-97e1-0babb1be6f11,3895113,5,17807596800,17807622500,1781306996917-0
concurrency_n20_20260613_002920_redis_feed11_rep1,redis,sb:events:n20:feed11:rep1,3cb0c74e-75be-431c-917f-011efc184fdb,3895113,5,17811157900,17811185300,1781306996919-0
concurrency_n20_20260613_002920_redis_feed11_rep1,redis,sb:events:n20:feed11:rep1,3d52c020-9bad-49c3-8ae7-05c40e223268,3895113,5,17814500200,17814578800,1781306996923-0
concurrency_n20_20260613_002920_redis_feed11_rep1,redis,sb:events:n20:feed11:rep1,c744951c-c660-4c83-8083-049bf85c8cbd,3895060,6,17816708600,17816740100,1781306996924-0
concurrency_n20_20260613_002920_redis_feed11_rep1,redis,sb:events:n20:feed11:rep1,39ec53e3-9bd4-4411-814d-6e1ede254aac,3895086,6,17817710500,17817732500,1781306996925-0
concurrency_n20_20260613_002920_redis_feed11_rep1,redis,sb:events:n20:feed11:rep1,33fdf203-b847-4fa5-9021-5f1875717796,3895060,6,17819158700,17819181800,1781306996928-0
concurrency_n20_20260613_002920_redis_feed11_rep1,redis,sb:events:n20:feed11:rep1,98e575e4-0886-40e5-96a8-9c9f857ebcc1,3895052,6,17824015800,17824042600,1781306996929-0
concurrency_n20_20260613_002920_redis_feed11_rep1,redis,sb:events:n20:feed11:rep1,d4683bb7-cdad-4a7d-9851-743212fba939,3895074,6,17825725200,17825775700,1781306996931-0
concurrency_n20_20260613_002920_redis_feed11_rep1,redis,sb:events:n20:feed11:rep1,f019df08-0da5-48d9-a838-1da35f369c3c,3895052,6,17827257600,17827281400,1781306996936-0
concurrency_n20_20260613_002920_redis_feed11_rep1,redis,sb:events:n20:feed11:rep1,e8a7f299-6faa-4914-bcdf-2e44131ed85c,3895107,6,17828873700,17828896900,1781306996938-0
concurrency_n20_20260613_002920_redis_feed11_rep1,redis,sb:events:n20:feed11:rep1,7ddab21c-8faf-4fbc-a290-a2cdb40b7df7,3895107,6,17836697700,17836726000,1781306996943-0
concurrency_n20_20260613_002920_redis_feed11_rep1,redis,sb:events:n20:feed11:rep1,d6006eb1-3ef6-4955-a47a-7b2b9192b522,3895121,7,17838241700,17838267300,1781306996945-0
concurrency_n20_20260613_002920_redis_feed11_rep1,redis,sb:events:n20:feed11:rep1,d87f4aa7-4a9b-4319-8dd9-c5426dc81e34,3895121,7,17845962000,17845990700,1781306996949-0
concurrency_n20_20260613_002920_redis_feed11_rep1,redis,sb:events:n20:feed11:rep1,a88a8b7b-dab2-4a21-a85b-580af51a83d1,3895095,7,17878758200,17878849600,1781306996950-0
concurrency_n20_20260613_002920_redis_feed11_rep1,redis,sb:events:n20:feed11:rep1,a0313cd5-9822-48bf-8ca6-3c92789a7474,3895121,7,17903640900,17903683000,1781306996952-0
concurrency_n20_20260613_002920_redis_feed11_rep1,redis,sb:events:n20:feed11:rep1,39fe9846-f889-4790-956c-d8df633e77d5,3895074,7,17908886400,17908937300,1781306996953-0
concurrency_n20_20260613_002920_redis_feed11_rep1,redis,sb:events:n20:feed11:rep1,ff2841c0-d955-494b-a7a9-ac8bbb82ad73,3895113,7,17918492400,17918528000,1781306996960-0
concurrency_n20_20260613_002920_redis_feed11_rep1,redis,sb:events:n20:feed11:rep1,5550d825-5f3b-41f6-bba0-d4cf66c1438e,3895074,7,17919371500,17919394700,1781306996961-0
concurrency_n20_20260613_002920_redis_feed11_rep1,redis,sb:events:n20:feed11:rep1,5af66cb7-f6a6-47cb-a57d-696dcdbe6716,3895113,7,17920204200,17920269700,1781306996982-0
concurrency_n20_20260613_002920_redis_feed11_rep1,redis,sb:events:n20:feed11:rep1,e8aa6b61-931b-4bf8-b329-cb66ffbd4313,3895074,7,17921261600,17921284800,1781306997021-0
concurrency_n20_20260613_002920_redis_feed11_rep1,redis,sb:events:n20:feed11:rep1,45ee08ea-fdab-4a8e-8114-f0dec4a5e815,3895113,7,17925214400,17926132500,1781306997025-0
concurrency_n20_20260613_002920_redis_feed11_rep1,redis,sb:events:n20:feed11:rep1,b2d11f7f-8c0d-4533-b2a3-843e981238ad,3895067,8,17927399000,17927420700,1781306997030-0
concurrency_n20_20260613_002920_redis_feed11_rep1,redis,sb:events:n20:feed11:rep1,320e0bbb-8e37-429c-aa29-d58d9ae85075,3895067,8,17929553900,17929577100,1781306997039-0
concurrency_n20_20260613_002920_redis_feed11_rep1,redis,sb:events:n20:feed11:rep1,1739877d-1a9a-45a1-a72d-189cd19ce825,3895060,8,17932660200,17932690900,1781306997040-0
concurrency_n20_20260613_002920_redis_feed11_rep1,redis,sb:events:n20:feed11:rep1,2da5d3ff-deec-4d16-b866-8a7d1fbb93e9,3895060,8,17933703800,17933726700,1781306997046-0
concurrency_n20_20260613_002920_redis_feed11_rep1,redis,sb:events:n20:feed11:rep1,71c80fb5-ad88-4f1a-a7d4-fd63ed429bcd,3895095,8,17936081700,17936108900,1781306997049-0
concurrency_n20_20260613_002920_redis_feed11_rep1,redis,sb:events:n20:feed11:rep1,d8ec2ac3-0202-455a-8a5d-255e1e4cc473,3895121,8,17938205000,17938226900,1781306997050-0
concurrency_n20_20260613_002920_redis_feed11_rep1,redis,sb:events:n20:feed11:rep1,1d75ee1b-f1e8-43ab-a31d-cc0805acd5e2,3895052,8,17939436700,17939463500,1781306997052-0
concurrency_n20_20260613_002920_redis_feed11_rep1,redis,sb:events:n20:feed11:rep1,cc3655de-3632-4a2c-8a22-d670144485db,3895095,8,17941595800,17941678800,1781306997053-0
concurrency_n20_20260613_002920_redis_feed11_rep1,redis,sb:events:n20:feed11:rep1,38932aa9-ad68-4202-bc2b-cca968001831,3895113,8,17943374000,17943399000,1781306997055-0
concurrency_n20_20260613_002920_redis_feed11_rep1,redis,sb:events:n20:feed11:rep1,5ff692af-8337-40bf-bf94-3357c44a9765,3895113,8,17945364300,17945386300,1781306997060-0
concurrency_n20_20260613_002920_redis_feed11_rep1,redis,sb:events:n20:feed11:rep1,dd059ddd-697b-4957-a691-f20eec306ea5,3895121,9,17946436400,17946458300,1781306997061-0
concurrency_n20_20260613_002920_redis_feed11_rep1,redis,sb:events:n20:feed11:rep1,8f1fbe41-034b-43eb-9585-edbb0aadb7ba,3895052,9,17949853800,17949897300,1781306997064-0
concurrency_n20_20260613_002920_redis_feed11_rep1,redis,sb:events:n20:feed11:rep1,99c1964f-2b9c-4442-b485-f7e6ce554c84,3895095,9,17952783800,17952829300,1781306997066-0
concurrency_n20_20260613_002920_redis_feed11_rep1,redis,sb:events:n20:feed11:rep1,629bf2a1-ed9d-4d49-a2d8-cfd7a59e6e3e,3895121,9,17953818200,17953837300,1781306997066-1
concurrency_n20_20260613_002920_redis_feed11_rep1,redis,sb:events:n20:feed11:rep1,4127d02c-6da9-47dc-b26f-40da7d121a92,3895052,9,17955249300,17955277000,1781306997067-0
concurrency_n20_20260613_002920_redis_feed11_rep1,redis,sb:events:n20:feed11:rep1,9d075ad4-9f9f-4e6f-a093-5919a1a920b3,3895074,9,17956799100,17956885000,1781306997072-0
concurrency_n20_20260613_002920_redis_feed11_rep1,redis,sb:events:n20:feed11:rep1,0427f1ec-ddae-4698-ab55-cc0403e01b74,3895095,9,17962225700,17962251200,1781306997074-0
concurrency_n20_20260613_002920_redis_feed11_rep1,redis,sb:events:n20:feed11:rep1,43c3670a-83aa-427e-b4db-68d69ea6f60a,3895074,9,17963409100,17963434600,1781306997078-0
concurrency_n20_20260613_002920_redis_feed11_rep1,redis,sb:events:n20:feed11:rep1,31528025-7c8a-4a3c-abf4-a6b496204f3f,3895074,9,17964348800,17964375000,1781306997081-0
concurrency_n20_20260613_002920_redis_feed11_rep1,redis,sb:events:n20:feed11:rep1,08b17ce3-0fb5-45ee-b37f-1dff007b694a,3895067,10,17966259000,17966280800,1781306997083-0
concurrency_n20_20260613_002920_redis_feed11_rep1,redis,sb:events:n20:feed11:rep1,174d1bd5-23b1-403b-b417-fc59eab9339c,3895134,10,17969734400,17969763500,1781306997088-0
concurrency_n20_20260613_002920_redis_feed11_rep1,redis,sb:events:n20:feed11:rep1,7cba4468-f2eb-4352-94e8-2474e078f085,3895067,10,17972934600,17972960900,1781306997090-0
concurrency_n20_20260613_002920_redis_feed11_rep1,redis,sb:events:n20:feed11:rep1,7604592e-b68b-4f0b-a7ff-eca7a0e2440b,3895134,10,17974533000,17974556500,1781306997092-0
concurrency_n20_20260613_002920_redis_feed11_rep1,redis,sb:events:n20:feed11:rep1,ed38d77f-8234-4921-88d2-52ae89331fc2,3895060,10,17977426200,17977453700,1781306997093-0
concurrency_n20_20260613_002920_redis_feed11_rep1,redis,sb:events:n20:feed11:rep1,3a82e4ae-0527-4391-a6c1-23c5e4ace661,3895067,10,17978409800,17978568000,1781306997095-0
concurrency_n20_20260613_002920_redis_feed11_rep1,redis,sb:events:n20:feed11:rep1,55773380-38a7-49a4-b73a-a688f19444c1,3895134,10,17984127800,17984157100,1781306997096-0
concurrency_n20_20260613_002920_redis_feed11_rep1,redis,sb:events:n20:feed11:rep1,7aa7a387-f694-48d3-9239-56af7324dae2,3895060,10,17987921700,17987951400,1781306997098-0
concurrency_n20_20260613_002920_redis_feed11_rep1,redis,sb:events:n20:feed11:rep1,74e102e0-b7bc-4d69-a21b-fe814eb02b6e,3895134,10,17993025200,17993061300,1781306997099-0
concurrency_n20_20260613_002920_redis_feed11_rep1,redis,sb:events:n20:feed11:rep1,2fdcfc97-4f53-46be-ae4a-a5b67c508cf9,3895121,10,17995240100,17995267800,1781306997103-0
concurrency_n20_20260613_002920_redis_feed11_rep1,redis,sb:events:n20:feed11:rep1,897c5f7a-b611-400d-a4bd-546cbba4e897,3895134,10,17996342900,17996368100,1781306997105-0
concurrency_n20_20260613_002920_redis_feed11_rep1,redis,sb:events:n20:feed11:rep1,fac6763f-5f80-4b02-94e3-799bd452abc8,3895113,10,17997754700,17997780600,1781306997107-0
concurrency_n20_20260613_002920_redis_feed11_rep1,redis,sb:events:n20:feed11:rep1,d5a131da-001e-451d-94a2-16c8fddf1ae0,3895086,11,18004790200,18004816700,1781306997114-0
concurrency_n20_20260613_002920_redis_feed11_rep1,redis,sb:events:n20:feed11:rep1,43134fef-e6aa-4650-9198-9da79f955c83,3895067,11,18006381100,18006406900,1781306997116-0
concurrency_n20_20260613_002920_redis_feed11_rep1,redis,sb:events:n20:feed11:rep1,b767f8cf-4d2d-45c2-befd-2acd1c356621,3895060,11,18007838000,18007865500,1781306997120-0
concurrency_n20_20260613_002920_redis_feed11_rep1,redis,sb:events:n20:feed11:rep1,e62a0339-6478-4758-9dda-9c3a672cda2b,3895067,11,18009149700,18009178900,1781306997122-0
concurrency_n20_20260613_002920_redis_feed11_rep1,redis,sb:events:n20:feed11:rep1,6fcdcd6a-f032-47d6-8ab5-40021f4c097d,3895095,11,18012095500,18012139600,1781306997124-0
concurrency_n20_20260613_002920_redis_feed11_rep1,redis,sb:events:n20:feed11:rep1,b2a1e34b-f362-4be7-abc3-7d5015d54850,3895121,11,18014210600,18014264600,1781306997128-0
concurrency_n20_20260613_002920_redis_feed11_rep1,redis,sb:events:n20:feed11:rep1,635f9e3a-22a3-4328-aa0d-299e2244750f,3895134,11,18016096500,18016129400,1781306997130-0
concurrency_n20_20260613_002920_redis_feed11_rep1,redis,sb:events:n20:feed11:rep1,523c9836-c56d-469f-a9b2-b2cccef6dab7,3895095,11,18017396400,18017423900,1781306997134-0
concurrency_n20_20260613_002920_redis_feed11_rep1,redis,sb:events:n20:feed11:rep1,480e7b02-6900-48ff-a092-84edfe968c1e,3895121,11,18021605400,18021762300,1781306997135-0
concurrency_n20_20260613_002920_redis_feed11_rep1,redis,sb:events:n20:feed11:rep1,177cc6d8-cc4d-4509-9a20-021f81a25de5,3895134,11,18023323400,18023354700,1781306997137-0
concurrency_n20_20260613_002920_redis_feed11_rep1,redis,sb:events:n20:feed11:rep1,7962ad90-9dc3-435e-b10a-9bbfa62c5d21,3895074,11,18024805100,18024830100,1781306997138-0
concurrency_n20_20260613_002920_redis_feed11_rep1,redis,sb:events:n20:feed11:rep1,429856a9-3da6-4b26-b2c7-bffd25ab0c19,3895113,11,18026043800,18026067700,1781306997142-0
concurrency_n20_20260613_002920_redis_feed11_rep1,redis,sb:events:n20:feed11:rep1,7913f543-9fcd-488e-84d6-8a14f0455694,3895074,11,18032690900,18032716800,1781306997143-0
concurrency_n20_20260613_002920_redis_feed11_rep1,redis,sb:events:n20:feed11:rep1,8847c801-2b00-4bf3-9bb8-88f92ab95fa1,3895074,11,18034478400,18034526000,1781306997145-0
concurrency_n20_20260613_002920_redis_feed11_rep1,redis,sb:events:n20:feed11:rep1,5b924c30-ccff-4008-a917-fda9ba37cba4,3895074,11,18038980300,18039033100,1781306997146-0
concurrency_n20_20260613_002920_redis_feed11_rep1,redis,sb:events:n20:feed11:rep1,1e2eb1e6-7441-4fcb-b532-b7e4ff107657,3895086,12,18050665200,18050693400,1781306997147-0
concurrency_n20_20260613_002920_redis_feed11_rep1,redis,sb:events:n20:feed11:rep1,a03fa6b0-0944-4d90-9881-9d2b47418d86,3895086,12,18067882500,18067920200,1781306997153-0
concurrency_n20_20260613_002920_redis_feed11_rep1,redis,sb:events:n20:feed11:rep1,e7281523-4786-460c-a9a4-c25b2828a783,3895086,12,18092410900,18092433700,1781306997172-0
concurrency_n20_20260613_002920_redis_feed11_rep1,redis,sb:events:n20:feed11:rep1,585a8685-12a2-418f-91a6-4d2a02ad8430,3895052,12,18097837900,18097871100,1781306997180-0
concurrency_n20_20260613_002920_redis_feed11_rep1,redis,sb:events:n20:feed11:rep1,316981db-6e7f-44a0-999e-b56d5da36fd6,3895060,12,18099125400,18099153900,1781306997189-0
concurrency_n20_20260613_002920_redis_feed11_rep1,redis,sb:events:n20:feed11:rep1,86c3a258-b8ca-4ec4-955d-05e4a45f4053,3895067,12,18109583400,18109617200,1781306997212-0
concurrency_n20_20260613_002920_redis_feed11_rep1,redis,sb:events:n20:feed11:rep1,e7b35a27-1240-4696-9680-00347a4fd4ab,3895067,12,18112139800,18112177300,1781306997215-0
concurrency_n20_20260613_002920_redis_feed11_rep1,redis,sb:events:n20:feed11:rep1,66cebf02-2ea6-4c35-a551-862b09130220,3895107,12,18116486700,18116515800,1781306997216-0
concurrency_n20_20260613_002920_redis_feed11_rep1,redis,sb:events:n20:feed11:rep1,817e0fb2-07b1-470b-9ad7-0bba4767e247,3895095,12,18117797000,18117821000,1781306997228-0
concurrency_n20_20260613_002920_redis_feed11_rep1,redis,sb:events:n20:feed11:rep1,5bdb34eb-55f0-4afa-b200-3172dc49c743,3895121,12,18118567300,18118587600,1781306997234-0
concurrency_n20_20260613_002920_redis_feed11_rep1,redis,sb:events:n20:feed11:rep1,01867a27-4aa7-42ac-ab96-6d7f49d8dcb8,3895134,12,18121152100,18121176400,1781306997237-0
concurrency_n20_20260613_002920_redis_feed11_rep1,redis,sb:events:n20:feed11:rep1,ba2de37d-ee65-4feb-a5ea-b54fc0236494,3895113,12,18125303100,18125339700,1781306997240-0
concurrency_n20_20260613_002920_redis_feed11_rep1,redis,sb:events:n20:feed11:rep1,c55ee278-e7d5-4f2f-aaf9-1d7e71c7ee6f,3895134,12,18133753300,18133781900,1781306997245-0
concurrency_n20_20260613_002920_redis_feed11_rep1,redis,sb:events:n20:feed11:rep1,51fb02b5-26e7-43ac-8165-4ca01a5c46d6,3895113,12,18135780300,18135805300,1781306997247-0
concurrency_n20_20260613_002920_redis_feed11_rep1,redis,sb:events:n20:feed11:rep1,da7c4c87-47cc-43e4-abc7-ed5153ccd953,3895086,13,18136750700,18136773600,1781306997254-0
concurrency_n20_20260613_002920_redis_feed11_rep1,redis,sb:events:n20:feed11:rep1,2d158032-d266-417c-b308-7988ff8c3ffc,3895086,13,18139889500,18139926600,1781306997255-0
concurrency_n20_20260613_002920_redis_feed11_rep1,redis,sb:events:n20:feed11:rep1,54f1c83c-f7c4-4413-8a2a-69aaac9bec05,3895052,13,18143272500,18143299300,1781306997256-0
concurrency_n20_20260613_002920_redis_feed11_rep1,redis,sb:events:n20:feed11:rep1,4c6fb264-6641-4514-9dfb-96a0f17f3899,3895060,13,18145324600,18145356600,1781306997258-0
concurrency_n20_20260613_002920_redis_feed11_rep1,redis,sb:events:n20:feed11:rep1,50fa5c47-ce69-41d3-bf4a-29b4f86d02fd,3895052,13,18146324200,18146345500,1781306997260-0
concurrency_n20_20260613_002920_redis_feed11_rep1,redis,sb:events:n20:feed11:rep1,fe1233fa-d40a-4e0c-8b0d-55809b7d774b,3895060,13,18148647600,18148692500,1781306997262-0
concurrency_n20_20260613_002920_redis_feed11_rep1,redis,sb:events:n20:feed11:rep1,e295f3e0-e0cc-4adc-91fa-062599b27d25,3895107,13,18153484500,18153510500,1781306997265-0
concurrency_n20_20260613_002920_redis_feed11_rep1,redis,sb:events:n20:feed11:rep1,d79cf0c7-e0cd-4718-a96e-2b06b1cb0bed,3895107,13,18154513000,18154531900,1781306997273-0
concurrency_n20_20260613_002920_redis_feed11_rep1,redis,sb:events:n20:feed11:rep1,d46689a3-08bd-4188-bc0d-6a6bace1f531,3895086,14,18156629300,18156705500,1781306997276-0
concurrency_n20_20260613_002920_redis_feed11_rep1,redis,sb:events:n20:feed11:rep1,93753357-15d4-4424-9899-669adf6f34ea,3895052,14,18160173100,18160199400,1781306997283-0
concurrency_n20_20260613_002920_redis_feed11_rep1,redis,sb:events:n20:feed11:rep1,1615450f-4d55-4fef-91d6-ab9f981c6185,3895095,14,18167334700,18167365900,1781306997285-0
concurrency_n20_20260613_002920_redis_feed11_rep1,redis,sb:events:n20:feed11:rep1,9dcf795d-a1b5-4b33-b421-af35da8f1708,3895095,14,18172233300,18172263000,1781306997287-0
concurrency_n20_20260613_002920_redis_feed11_rep1,redis,sb:events:n20:feed11:rep1,bd76ea17-62ca-436b-b60f-ebbce8df5a58,3895074,14,18175305100,18175335900,1781306997291-0
concurrency_n20_20260613_002920_redis_feed11_rep1,redis,sb:events:n20:feed11:rep1,d0309ed5-a714-4866-9594-2806ec7f3053,3895074,14,18176628600,18176655500,1781306997294-0
concurrency_n20_20260613_002920_redis_feed11_rep1,redis,sb:events:n20:feed11:rep1,59d5f7d4-b2c8-4777-ad5d-f682a5be2482,3895074,14,18177811100,18177833600,1781306997296-0
concurrency_n20_20260613_002920_redis_feed11_rep1,redis,sb:events:n20:feed11:rep1,7b8d5bb4-4ed6-4983-806a-c8ca1feeef81,3895121,15,18179658100,18179680500,1781306997299-0
concurrency_n20_20260613_002920_redis_feed11_rep1,redis,sb:events:n20:feed11:rep1,bf8ecf65-adbc-42d1-99f7-c48a6ef2ec06,3895052,15,18180525300,18180545900,1781306997301-0
concurrency_n20_20260613_002920_redis_feed11_rep1,redis,sb:events:n20:feed11:rep1,8d671e50-4b4d-4fcc-be94-351d53828756,3895107,15,18181275500,18181297100,1781306997302-0
concurrency_n20_20260613_002920_redis_feed11_rep1,redis,sb:events:n20:feed11:rep1,4cf23b83-c0d3-4df1-bdef-c5caded9cc07,3895121,15,18184089700,18184123000,1781306997306-0
concurrency_n20_20260613_002920_redis_feed11_rep1,redis,sb:events:n20:feed11:rep1,67f9bdbc-8feb-49b2-b7fe-705375aac0db,3895052,15,18189882600,18189907700,1781306997307-0
concurrency_n20_20260613_002920_redis_feed11_rep1,redis,sb:events:n20:feed11:rep1,5891ef4b-5571-4b46-961f-60fcb3d5029b,3895095,15,18192434500,18192462400,1781306997309-0
concurrency_n20_20260613_002920_redis_feed11_rep1,redis,sb:events:n20:feed11:rep1,a6fdb7f7-8cbe-4f00-a6bc-68733f24f18c,3895121,15,18197955800,18197982300,1781306997314-0
concurrency_n20_20260613_002920_redis_feed11_rep1,redis,sb:events:n20:feed11:rep1,0ae08622-c5d6-4f51-ac0a-85c965101887,3895095,15,18218786000,18218840400,1781306997318-0
concurrency_n20_20260613_002920_redis_feed11_rep1,redis,sb:events:n20:feed11:rep1,b2aa3ef3-18c5-47bb-8d2b-ae0489efea39,3895134,16,18222140300,18222171100,1781306997345-0
concurrency_n20_20260613_002920_redis_feed11_rep1,redis,sb:events:n20:feed11:rep1,923309c9-3dcf-4141-a48f-e3208bd1f952,3895113,16,18223834500,18223856400,1781306997348-0
concurrency_n20_20260613_002920_redis_feed11_rep1,redis,sb:events:n20:feed11:rep1,e8f5cb79-b270-408d-8a30-991d50c8bccd,3895095,16,18225407000,18225427400,1781306997349-0
concurrency_n20_20260613_002920_redis_feed11_rep1,redis,sb:events:n20:feed11:rep1,740e3759-e2fa-4c08-bb5e-ac9ff7760fce,3895074,16,18227168600,18227214600,1781306997350-0
concurrency_n20_20260613_002920_redis_feed11_rep1,redis,sb:events:n20:feed11:rep1,3f1b90e5-46c3-4832-b386-a774f9ef7762,3895074,16,18229485500,18229512300,1781306997351-0
concurrency_n20_20260613_002920_redis_feed11_rep1,redis,sb:events:n20:feed11:rep1,4453ce7d-4348-41a1-a86f-beae68288f76,3895074,16,18230341000,18230363500,1781306997352-0
concurrency_n20_20260613_002920_redis_feed11_rep1,redis,sb:events:n20:feed11:rep1,8eadb67c-5080-4a27-836f-922f5a6eeeb6,3895074,16,18244062700,18244085500,1781306997354-0
concurrency_n20_20260613_002920_redis_feed11_rep1,redis,sb:events:n20:feed11:rep1,4917b4e0-e17c-4412-bec0-734319e40d03,3895074,16,18244922500,18244947500,1781306997355-0
concurrency_n20_20260613_002920_redis_feed11_rep1,redis,sb:events:n20:feed11:rep1,6bae2646-95ef-4ae3-808b-79fa5756e3a0,3895086,17,18248359700,18248394200,1781306997364-0
concurrency_n20_20260613_002920_redis_feed11_rep1,redis,sb:events:n20:feed11:rep1,86a2db30-3020-4a3a-af2f-3b1d59b73adc,3895052,17,18249795100,18249845800,1781306997365-0
concurrency_n20_20260613_002920_redis_feed11_rep1,redis,sb:events:n20:feed11:rep1,6099cc29-0d11-4fee-9d00-ce786f36eca9,3895113,17,18251681400,18251704000,1781306997373-0
concurrency_n20_20260613_002920_redis_feed11_rep1,redis,sb:events:n20:feed11:rep1,da8b4ee3-3079-4353-ac9d-451a47100b52,3895121,17,18252469300,18252489700,1781306997375-0
concurrency_n20_20260613_002920_redis_feed11_rep1,redis,sb:events:n20:feed11:rep1,238ccd63-a906-4647-a994-0b592cedbb4d,3895113,17,18253553300,18253578000,1781306997376-0
concurrency_n20_20260613_002920_redis_feed11_rep1,redis,sb:events:n20:feed11:rep1,5f5f1bfd-17e6-4a75-a48d-23c004391ca0,3895121,17,18256279200,18256477900,1781306997377-0
concurrency_n20_20260613_002920_redis_feed11_rep1,redis,sb:events:n20:feed11:rep1,f56d4891-5044-48bc-98bd-2714de02c555,3895095,17,18257833800,18257859600,1781306997379-0
concurrency_n20_20260613_002920_redis_feed11_rep1,redis,sb:events:n20:feed11:rep1,74fb2011-216f-43aa-8c61-587989c3083d,3895095,17,18266822400,18266845300,1781306997381-0
concurrency_n20_20260613_002920_redis_feed11_rep1,redis,sb:events:n20:feed11:rep1,c4f630f3-cffd-4397-a545-146b8ed79cba,3895095,17,18267599800,18267621800,1781306997382-0
concurrency_n20_20260613_002920_redis_feed11_rep1,redis,sb:events:n20:feed11:rep1,a2d472e0-2844-401d-94b3-333c820b3d2d,3895086,18,18268556400,18268580200,1781306997383-0
concurrency_n20_20260613_002920_redis_feed11_rep1,redis,sb:events:n20:feed11:rep1,a3d8c0c0-3e97-47d3-8bee-8eba75a19ae8,3895086,18,18269301500,18269319200,1781306997385-0
concurrency_n20_20260613_002920_redis_feed11_rep1,redis,sb:events:n20:feed11:rep1,e1464657-428c-47db-b28c-41c44d976b21,3895086,18,18270300300,18270320500,1781306997386-0
concurrency_n20_20260613_002920_redis_feed11_rep1,redis,sb:events:n20:feed11:rep1,f3cf7038-cbb0-4e2b-be0e-87d31d2aa135,3895086,18,18274002600,18274071000,1781306997388-0
concurrency_n20_20260613_002920_redis_feed11_rep1,redis,sb:events:n20:feed11:rep1,c6cba519-72a4-4c6a-a204-27bb2809348d,3895107,18,18277775500,18277819000,1781306997394-0
concurrency_n20_20260613_002920_redis_feed11_rep1,redis,sb:events:n20:feed11:rep1,415243ce-3849-4896-9be1-75365ad90b78,3895134,18,18278720500,18278740900,1781306997395-0
concurrency_n20_20260613_002920_redis_feed11_rep1,redis,sb:events:n20:feed11:rep1,b4c2c8e7-ca1b-4d18-863e-e58021f75654,3895086,18,18279610700,18279630300,1781306997396-0
concurrency_n20_20260613_002920_redis_feed11_rep1,redis,sb:events:n20:feed11:rep1,0419e708-847b-4ff2-a6f7-50031b3683e4,3895107,18,18281433200,18281452400,1781306997405-0
concurrency_n20_20260613_002920_redis_feed11_rep1,redis,sb:events:n20:feed11:rep1,f9096f10-3921-40be-bcaa-d7439f4bef6c,3895134,18,18283073700,18283096500,1781306997406-0
concurrency_n20_20260613_002920_redis_feed11_rep1,redis,sb:events:n20:feed11:rep1,da618d2e-27e6-47f5-ba91-a32d880fc3f3,3895052,18,18284116900,18284143900,1781306997407-0
concurrency_n20_20260613_002920_redis_feed11_rep1,redis,sb:events:n20:feed11:rep1,c6085c22-483f-4a4b-a3a7-27fbee22ae65,3895052,18,18288993600,18289043000,1781306997414-0
concurrency_n20_20260613_002920_redis_feed11_rep1,redis,sb:events:n20:feed11:rep1,3211acd7-830e-4b57-9d44-ffc087f09783,3895121,18,18291590500,18291618200,1781306997415-0
concurrency_n20_20260613_002920_redis_feed11_rep1,redis,sb:events:n20:feed11:rep1,5ecff428-f7e5-4098-a070-003bae61d520,3895052,18,18294840700,18294865000,1781306997417-0
concurrency_n20_20260613_002920_redis_feed11_rep1,redis,sb:events:n20:feed11:rep1,08a00791-17e3-4e67-acbb-494c7c518e23,3895095,18,18299564400,18299593600,1781306997422-0
concurrency_n20_20260613_002920_redis_feed11_rep1,redis,sb:events:n20:feed11:rep1,4acda0ae-ebda-4589-806c-c3233063335e,3895107,19,18301173800,18301195200,1781306997423-0
concurrency_n20_20260613_002920_redis_feed11_rep1,redis,sb:events:n20:feed11:rep1,61c008f9-cf5c-4ebe-ae27-f5ee5b22c150,3895134,19,18305916200,18305949400,1781306997425-0
concurrency_n20_20260613_002920_redis_feed11_rep1,redis,sb:events:n20:feed11:rep1,95573a25-89e1-4453-899f-9231016295df,3895107,19,18308144700,18308167600,1781306997429-0
concurrency_n20_20260613_002920_redis_feed11_rep1,redis,sb:events:n20:feed11:rep1,7d098e93-c4a3-4d21-94e1-ee7f39346658,3895113,19,18309329200,18309360000,1781306997430-0
concurrency_n20_20260613_002920_redis_feed11_rep1,redis,sb:events:n20:feed11:rep1,f6afab09-dd54-41b0-9eab-2f54641f6cc7,3895134,19,18314562300,18314651500,1781306997435-0
concurrency_n20_20260613_002920_redis_feed11_rep1,redis,sb:events:n20:feed11:rep1,82b43325-f1c1-48f8-8a96-f447e73e0014,3895107,19,18326832700,18326864200,1781306997436-0
concurrency_n20_20260613_002920_redis_feed11_rep1,redis,sb:events:n20:feed11:rep1,babaa5b7-7d2a-455f-9d53-09929055b994,3895121,19,18334405000,18334523900,1781306997438-0
concurrency_n20_20260613_002920_redis_feed11_rep1,redis,sb:events:n20:feed11:rep1,fbeffccf-f6ec-4792-812e-6aa5f8535b6c,3895134,19,18336068700,18336094400,1781306997439-0
concurrency_n20_20260613_002920_redis_feed11_rep1,redis,sb:events:n20:feed11:rep1,31656a86-ac6f-48e7-8588-664d49470dcf,3895121,19,18337673800,18337705400,1781306997441-0
concurrency_n20_20260613_002920_redis_feed11_rep1,redis,sb:events:n20:feed11:rep1,c1fd3b58-ecc8-4b74-baf6-d706324c0a37,3895095,19,18339941600,18339968900,1781306997449-0
concurrency_n20_20260613_002920_redis_feed11_rep1,redis,sb:events:n20:feed11:rep1,34a68da4-a761-418e-a94a-29bb8fd8e96e,3895095,19,18346308100,18346335600,1781306997456-0
concurrency_n20_20260613_002920_redis_feed11_rep1,redis,sb:events:n20:feed11:rep1,5ea481e0-e6e1-4897-b6e0-78445211ad3d,3895060,20,18347360700,18347385700,1781306997457-0
concurrency_n20_20260613_002920_redis_feed11_rep1,redis,sb:events:n20:feed11:rep1,58a678fb-10ef-4114-9bbb-099466db1636,3895086,20,18348290800,18348319400,1781306997459-0
concurrency_n20_20260613_002920_redis_feed11_rep1,redis,sb:events:n20:feed11:rep1,5e0455ba-95d7-4dc9-92d6-c8b777a5c7b6,3895086,20,18349259300,18349287700,1781306997465-0
concurrency_n20_20260613_002920_redis_feed11_rep1,redis,sb:events:n20:feed11:rep1,9adb3957-42ed-4d0a-80fc-38ad27500ee0,3895113,20,18352066600,18352173400,1781306997466-0
concurrency_n20_20260613_002920_redis_feed11_rep1,redis,sb:events:n20:feed11:rep1,a6f33202-5449-458f-8473-9c4274528e11,3895052,20,18354544800,18354570800,1781306997468-0
concurrency_n20_20260613_002920_redis_feed11_rep1,redis,sb:events:n20:feed11:rep1,91c869e1-262b-4223-89b4-903cf7e9b527,3895107,20,18361418900,18361451700,1781306997470-0
concurrency_n20_20260613_002920_redis_feed11_rep1,redis,sb:events:n20:feed11:rep1,8e9c5a9a-0084-457b-93be-2ba84bbe4fcb,3895113,20,18380200300,18380235900,1781306997472-0
concurrency_n20_20260613_002920_redis_feed11_rep1,redis,sb:events:n20:feed11:rep1,91e88312-848a-47f2-8871-b71be8bb172c,3895107,20,18398537700,18398947200,1781306997473-0
concurrency_n20_20260613_002920_redis_feed11_rep1,redis,sb:events:n20:feed11:rep1,20d4b309-2546-439a-96d6-c362fb3ecb2d,3895113,20,18400819900,18400848300,1781306997479-0
concurrency_n20_20260613_002920_redis_feed11_rep1,redis,sb:events:n20:feed11:rep1,04f7f325-bfc0-4731-a32f-7f8232c8296e,3895121,20,18403696600,18403725400,1781306997481-0
concurrency_n20_20260613_002920_redis_feed11_rep1,redis,sb:events:n20:feed11:rep1,5bd4ec7d-4d90-4a2d-bcea-2fe45009e3e5,3895113,20,18409575400,18409610500,1781306997488-0
concurrency_n20_20260613_002920_redis_feed11_rep1,redis,sb:events:n20:feed11:rep1,90ec0daf-d61f-4501-ab28-c24d33c3ac5f,3895060,21,18413326600,18413358300,1781306997523-0
concurrency_n20_20260613_002920_redis_feed11_rep1,redis,sb:events:n20:feed11:rep1,948f6c30-084e-4ef6-a45d-90557e5552d8,3895060,21,18415855300,18415894400,1781306997528-0
concurrency_n20_20260613_002920_redis_feed11_rep1,redis,sb:events:n20:feed11:rep1,a4cf9a70-b481-4b49-9ce1-ca29ff7c506e,3895134,21,18417808600,18417834800,1781306997529-0
concurrency_n20_20260613_002920_redis_feed11_rep1,redis,sb:events:n20:feed11:rep1,ce0cff7d-de0c-4e19-8496-2dd948d69413,3895052,21,18426117700,18426140100,1781306997531-0
concurrency_n20_20260613_002920_redis_feed11_rep1,redis,sb:events:n20:feed11:rep1,d2616640-d066-4175-a00a-35d3db6e7ef0,3895134,21,18427594600,18427617500,1781306997533-0
concurrency_n20_20260613_002920_redis_feed11_rep1,redis,sb:events:n20:feed11:rep1,ebaf6e35-461e-411b-a4c6-bd8c8807ed4b,3895052,21,18428739700,18428761100,1781306997534-0
concurrency_n20_20260613_002920_redis_feed11_rep1,redis,sb:events:n20:feed11:rep1,377feb38-fa03-4b29-bb7f-2cfbb3baf194,3895107,21,18434215100,18434241500,1781306997538-0
concurrency_n20_20260613_002920_redis_feed11_rep1,redis,sb:events:n20:feed11:rep1,a5317761-7d6b-4332-832c-56edfbce761f,3895121,21,18474227800,18474260100,1781306997542-0
concurrency_n20_20260613_002920_redis_feed11_rep1,redis,sb:events:n20:feed11:rep1,d0a1094c-65af-4a38-8aa7-a18ff8210a8e,3895107,21,18477342900,18477373800,1781306997548-0
concurrency_n20_20260613_002920_redis_feed11_rep1,redis,sb:events:n20:feed11:rep1,6824686d-4590-42ed-bcb5-84522be6958f,3895113,21,18482475000,18482505000,1781306997562-0
concurrency_n20_20260613_002920_redis_feed11_rep1,redis,sb:events:n20:feed11:rep1,7b952b7f-319c-4b59-9887-322eb909afae,3895121,21,18483797900,18483825800,1781306997601-0
concurrency_n20_20260613_002920_redis_feed11_rep1,redis,sb:events:n20:feed11:rep1,13cdffc6-1a64-46ed-9d46-9d52584911eb,3895095,21,18490182300,18490209800,1781306997605-0
concurrency_n20_20260613_002920_redis_feed11_rep1,redis,sb:events:n20:feed11:rep1,4c5afbe4-b097-4acf-8087-c15c6b876bb2,3895113,21,18492634500,18492658300,1781306997609-0
concurrency_n20_20260613_002920_redis_feed11_rep1,redis,sb:events:n20:feed11:rep1,d7d57b8f-e679-4a01-9112-8c67d14816da,3895121,21,18493364200,18493383100,1781306997616-0
concurrency_n20_20260613_002920_redis_feed11_rep1,redis,sb:events:n20:feed11:rep1,380b0b2e-41af-476d-bb8d-683c2c4bc624,3895134,22,18494111700,18494129100,1781306997618-0
concurrency_n20_20260613_002920_redis_feed11_rep1,redis,sb:events:n20:feed11:rep1,9a40ee6a-81c2-48c1-b86d-7b611f1cbad9,3895052,22,18494924300,18494938400,1781306997619-0
concurrency_n20_20260613_002920_redis_feed11_rep1,redis,sb:events:n20:feed11:rep1,064b72e5-2907-4fec-ae0a-2108f5e8524f,3895052,22,18496869800,18496890500,1781306997624-0
concurrency_n20_20260613_002920_redis_feed11_rep1,redis,sb:events:n20:feed11:rep1,13033282-511b-44a2-bdfb-112ad4f2cbe2,3895107,22,18498666300,18498690500,1781306997625-0
concurrency_n20_20260613_002920_redis_feed11_rep1,redis,sb:events:n20:feed11:rep1,6d76d333-ddbe-4dd4-b0e0-f04bace0d42c,3895121,22,18500934600,18500958600,1781306997627-0
concurrency_n20_20260613_002920_redis_feed11_rep1,redis,sb:events:n20:feed11:rep1,b718de1e-9955-427d-a714-9612b515b37f,3895060,23,18505619400,18505698900,1781306997628-0
concurrency_n20_20260613_002920_redis_feed11_rep1,redis,sb:events:n20:feed11:rep1,5d1189db-89e2-4f3a-9fe7-9ca309a9180b,3895086,23,18507987000,18508007900,1781306997629-0
concurrency_n20_20260613_002920_redis_feed11_rep1,redis,sb:events:n20:feed11:rep1,bf131dfc-aa54-477b-aa3a-fe427e0f5a4d,3895052,23,18509128900,18509163000,1781306997630-0
concurrency_n20_20260613_002920_redis_feed11_rep1,redis,sb:events:n20:feed11:rep1,f436fba2-fe86-4de4-81a8-6f0ade75bb37,3895095,23,18510032100,18510054100,1781306997635-0
concurrency_n20_20260613_002920_redis_feed11_rep1,redis,sb:events:n20:feed11:rep1,0ff21259-8e4f-4ca9-b2f0-eeca108eaf72,3895107,23,18513820000,18513845400,1781306997637-0
concurrency_n20_20260613_002920_redis_feed11_rep1,redis,sb:events:n20:feed11:rep1,cb77e8ab-344f-468f-81fa-a6da694d993e,3895095,23,18514903500,18514930300,1781306997638-0
concurrency_n20_20260613_002920_redis_feed11_rep1,redis,sb:events:n20:feed11:rep1,0330715d-3ebb-4144-b556-11d9aea021f7,3895107,23,18516581200,18516612300,1781306997640-0
concurrency_n20_20260613_002920_redis_feed11_rep1,redis,sb:events:n20:feed11:rep1,13f2f67e-ce8a-45c1-91d1-965bd994230e,3895107,23,18519408900,18519433000,1781306997643-0
concurrency_n20_20260613_002920_redis_feed11_rep1,redis,sb:events:n20:feed11:rep1,30439125-dd53-46d2-95b0-e188be25443c,3895067,24,18520667600,18520724100,1781306997645-0
concurrency_n20_20260613_002920_redis_feed11_rep1,redis,sb:events:n20:feed11:rep1,11e909cf-1292-4ff6-877b-047271284066,3895060,24,18529239000,18529271300,1781306997646-0
concurrency_n20_20260613_002920_redis_feed11_rep1,redis,sb:events:n20:feed11:rep1,43d00079-b73c-4617-aa1a-2d5d3d54ba34,3895086,24,18535809000,18535837800,1781306997649-0
concurrency_n20_20260613_002920_redis_feed11_rep1,redis,sb:events:n20:feed11:rep1,a332d835-268e-4498-8bfb-67085f324c46,3895086,24,18561558300,18561597200,1781306997650-0
concurrency_n20_20260613_002920_redis_feed11_rep1,redis,sb:events:n20:feed11:rep1,cf31353b-8f9d-4a5e-9fbe-b74bcc381264,3895121,24,18563190800,18563250000,1781306997652-0
concurrency_n20_20260613_002920_redis_feed11_rep1,redis,sb:events:n20:feed11:rep1,e8f164f5-a160-4c46-a82c-abe4e89677d9,3895121,24,18564900500,18564927000,1781306997653-0
concurrency_n20_20260613_002920_redis_feed11_rep1,redis,sb:events:n20:feed11:rep1,dcc91b79-7910-496f-853c-e3a279361c9c,3895107,24,18565860900,18565883200,1781306997656-0
concurrency_n20_20260613_002920_redis_feed11_rep1,redis,sb:events:n20:feed11:rep1,a815f844-803f-46d0-98ef-cb7d3aca3c8b,3895067,25,18566926500,18566947800,1781306997657-0
concurrency_n20_20260613_002920_redis_feed11_rep1,redis,sb:events:n20:feed11:rep1,ead699aa-f13c-4cdf-8423-f658ad925cb5,3895067,25,18568581700,18568604100,1781306997681-0
concurrency_n20_20260613_002920_redis_feed11_rep1,redis,sb:events:n20:feed11:rep1,9f680d72-f947-4b6e-a483-04e6cb981cf5,3895060,25,18569628000,18569650200,1781306997692-0
concurrency_n20_20260613_002920_redis_feed11_rep1,redis,sb:events:n20:feed11:rep1,84c01004-f3ae-4fda-bcdd-31980eb13196,3895060,25,18570830500,18570853100,1781306997694-0
concurrency_n20_20260613_002920_redis_feed11_rep1,redis,sb:events:n20:feed11:rep1,2b8248b7-ca1e-4b25-8019-43dcd354312b,3895134,25,18576816200,18576849900,1781306997695-0
concurrency_n20_20260613_002920_redis_feed11_rep1,redis,sb:events:n20:feed11:rep1,07087bbe-871b-46b9-af20-4c074da4a10d,3895113,25,18604771800,18604797700,1781306997697-0
concurrency_n20_20260613_002920_redis_feed11_rep1,redis,sb:events:n20:feed11:rep1,24fa959e-ad78-4dfb-9cf7-ff352947271c,3895052,25,18621185400,18621296300,1781306997698-0
concurrency_n20_20260613_002920_redis_feed11_rep1,redis,sb:events:n20:feed11:rep1,03f103fa-f1fc-463e-87d9-cd3db62d4291,3895052,25,18629121700,18629192100,1781306997704-0
concurrency_n20_20260613_002920_redis_feed11_rep1,redis,sb:events:n20:feed11:rep1,da6d72e8-314a-4232-892f-7f2b7aa233da,3895052,25,18630790300,18630817600,1781306997705-0
concurrency_n20_20260613_002920_redis_feed11_rep1,redis,sb:events:n20:feed11:rep1,197edbf9-491f-48e7-b569-16790aa29662,3895107,25,18631459100,18631479200,1781306997706-0
concurrency_n20_20260613_002920_redis_feed11_rep1,redis,sb:events:n20:feed11:rep1,8cbf25e7-f76d-430e-b1c7-4b5c77f460f1,3895107,25,18648563800,18648729200,1781306997732-0
concurrency_n20_20260613_002920_redis_feed11_rep1,redis,sb:events:n20:feed11:rep1,e1f2d0bd-aeb0-42b2-867d-f5e407986d61,3895086,26,18657330300,18657363500,1781306997743-0
concurrency_n20_20260613_002920_redis_feed11_rep1,redis,sb:events:n20:feed11:rep1,1cfdd0b2-0f61-4520-8329-c24d895696b1,3895113,26,18664393600,18664420500,1781306997749-0
concurrency_n20_20260613_002920_redis_feed11_rep1,redis,sb:events:n20:feed11:rep1,4a4a7e44-43c5-44e2-bf4c-ca1637daea87,3895107,26,18668839300,18668866400,1781306997750-0
concurrency_n20_20260613_002920_redis_feed11_rep1,redis,sb:events:n20:feed11:rep1,b812268f-ce7d-4b17-9ad2-f38e50908694,3895107,26,18671941800,18671970200,1781306997755-0
concurrency_n20_20260613_002920_redis_feed11_rep1,redis,sb:events:n20:feed11:rep1,984ac2c7-33e7-43ac-8152-f88bdf9bcb40,3895107,26,18674596500,18674622300,1781306997757-0
concurrency_n20_20260613_002920_redis_feed11_rep1,redis,sb:events:n20:feed11:rep1,2c82e5ca-792d-4700-8f46-ad27ebbb3545,3895107,26,18676093300,18676424700,1781306997760-0
concurrency_n20_20260613_002920_redis_feed11_rep1,redis,sb:events:n20:feed11:rep1,d109e813-a171-4eab-bd01-20c8e0a2d54b,3895067,27,18678226800,18678250200,1781306997762-0
concurrency_n20_20260613_002920_redis_feed11_rep1,redis,sb:events:n20:feed11:rep1,4dbc35f7-4520-4c1d-a0c1-81c1760b2c40,3895067,27,18687077600,18687113300,1781306997784-0
concurrency_n20_20260613_002920_redis_feed11_rep1,redis,sb:events:n20:feed11:rep1,10df0432-33a1-4c21-9b36-dc9a9488ba69,3895067,27,18689786900,18689815000,1781306997792-0
concurrency_n20_20260613_002920_redis_feed11_rep1,redis,sb:events:n20:feed11:rep1,1ada5a52-ccdd-47d6-bfae-a3c6cfe6695c,3895086,27,18696695200,18696724500,1781306997795-0
concurrency_n20_20260613_002920_redis_feed11_rep1,redis,sb:events:n20:feed11:rep1,49b31666-46f5-4aa7-a2b1-869d05a27d90,3895086,27,18699188800,18699213900,1781306997796-0
concurrency_n20_20260613_002920_redis_feed11_rep1,redis,sb:events:n20:feed11:rep1,3e22029c-1ffc-479a-8824-66a065a2fdf6,3895134,27,18704772800,18704801100,1781306997802-0
concurrency_n20_20260613_002920_redis_feed11_rep1,redis,sb:events:n20:feed11:rep1,c3ae126d-34d6-421c-813d-3e3179428b05,3895086,27,18706520400,18706544000,1781306997804-0
concurrency_n20_20260613_002920_redis_feed11_rep1,redis,sb:events:n20:feed11:rep1,3ef9a433-6ad8-4533-b8c7-8465064ae209,3895134,27,18708398900,18708423300,1781306997806-0
concurrency_n20_20260613_002920_redis_feed11_rep1,redis,sb:events:n20:feed11:rep1,cfe9b540-ca3b-4aad-b553-0674713203bb,3895113,27,18709365500,18709390200,1781306997817-0
concurrency_n20_20260613_002920_redis_feed11_rep1,redis,sb:events:n20:feed11:rep1,6a8269d2-5ce9-4921-9502-03ae5b27b8b6,3895113,27,18710443300,18710461700,1781306997821-0
concurrency_n20_20260613_002920_redis_feed11_rep1,redis,sb:events:n20:feed11:rep1,87c20b3f-2fe3-4696-b387-5997a79262eb,3895052,27,18711286800,18711308000,1781306997825-0
concurrency_n20_20260613_002920_redis_feed11_rep1,redis,sb:events:n20:feed11:rep1,ce148b24-1185-48a7-bc22-d593e8115f3c,3895052,27,18712469200,18712488800,1781306997828-0
concurrency_n20_20260613_002920_redis_feed11_rep1,redis,sb:events:n20:feed11:rep1,12eedca2-420b-4b01-a81d-12b847d2f8a6,3895107,27,18714569500,18714613800,1781306997832-0
concurrency_n20_20260613_002920_redis_feed11_rep1,redis,sb:events:n20:feed11:rep1,b343f95e-f220-4957-afda-b760c0859784,3895107,27,18718807200,18718831200,1781306997839-0
concurrency_n20_20260613_002920_redis_feed11_rep1,redis,sb:events:n20:feed11:rep1,d4611d70-d895-41fc-95ab-a1c65347c86b,3895095,28,18719813000,18719916800,1781306997840-0
concurrency_n20_20260613_002920_redis_feed11_rep1,redis,sb:events:n20:feed11:rep1,e3e1f7c7-4932-4722-9f8c-b801ec0f3eb9,3895113,28,18721050000,18721113200,1781306997841-0
concurrency_n20_20260613_002920_redis_feed11_rep1,redis,sb:events:n20:feed11:rep1,f2148745-955f-4ae6-99fc-7eea72344f5c,3895052,28,18723309800,18723336200,1781306997842-0
concurrency_n20_20260613_002920_redis_feed11_rep1,redis,sb:events:n20:feed11:rep1,2e41f9b8-5553-4025-bfb2-90dc50a9013a,3895107,28,18724695700,18724720100,1781306997844-0
concurrency_n20_20260613_002920_redis_feed11_rep1,redis,sb:events:n20:feed11:rep1,78f5f9b2-8e23-4ed5-bc21-6cb65b4bfecd,3895107,28,18726466100,18726512200,1781306997846-0
concurrency_n20_20260613_002920_redis_feed11_rep1,redis,sb:events:n20:feed11:rep1,d0c9136b-fb00-4bfe-bd7f-3b3dbdc6992c,3895107,28,18727660300,18727685400,1781306997847-0
concurrency_n20_20260613_002920_redis_feed11_rep1,redis,sb:events:n20:feed11:rep1,9279e24a-1872-4df5-9f01-bb6acffcaaf3,3895107,28,18731582100,18731608400,1781306997850-0
concurrency_n20_20260613_002920_redis_feed11_rep1,redis,sb:events:n20:feed11:rep1,79692146-523d-48d7-bb97-a2bfe9215a4c,3895107,28,18732739000,18732759600,1781306997852-0
concurrency_n20_20260613_002920_redis_feed11_rep1,redis,sb:events:n20:feed11:rep1,447b0a0c-05be-471b-aaf1-2bc3a39574a6,3895067,29,18733743700,18733762400,1781306997853-0
concurrency_n20_20260613_002920_redis_feed11_rep1,redis,sb:events:n20:feed11:rep1,5a772691-1265-464f-aabd-c573e8a0ab8c,3895074,29,18734544000,18734565600,1781306997857-0
concurrency_n20_20260613_002920_redis_feed11_rep1,redis,sb:events:n20:feed11:rep1,6b3357d7-8b5b-4068-944b-8abb2b0458ff,3895086,29,18735513600,18735531200,1781306997858-0
concurrency_n20_20260613_002920_redis_feed11_rep1,redis,sb:events:n20:feed11:rep1,263393dd-6b86-4b3d-b4d4-08e19a071251,3895134,29,18736687300,18736706600,1781306997860-0
concurrency_n20_20260613_002920_redis_feed11_rep1,redis,sb:events:n20:feed11:rep1,8ecf55aa-b2b4-4325-87ae-b9773d146ca4,3895086,29,18742464000,18742488800,1781306997861-0
concurrency_n20_20260613_002920_redis_feed11_rep1,redis,sb:events:n20:feed11:rep1,dcdc9caf-542f-4fed-b166-7702a8293952,3895086,29,18743611600,18743640900,1781306997863-0
concurrency_n20_20260613_002920_redis_feed11_rep1,redis,sb:events:n20:feed11:rep1,ae5bee75-9e2e-4cae-8851-9bc9f0cc7b5a,3895095,29,18744527500,18744549800,1781306997865-0
concurrency_n20_20260613_002920_redis_feed11_rep1,redis,sb:events:n20:feed11:rep1,aa1a96f4-8527-46a3-acd2-83312ccc9a0e,3895095,29,18745582400,18745603600,1781306997866-0
concurrency_n20_20260613_002920_redis_feed11_rep1,redis,sb:events:n20:feed11:rep1,ee3252c0-e79b-495e-ae80-583351179971,3895113,29,18749280900,18749475500,1781306997868-0
concurrency_n20_20260613_002920_redis_feed11_rep1,redis,sb:events:n20:feed11:rep1,19f46068-5944-4812-bfac-1e1aa46413fb,3895113,29,18750550400,18750571200,1781306997869-0
concurrency_n20_20260613_002920_redis_feed11_rep1,redis,sb:events:n20:feed11:rep1,914c3940-48b4-4246-bd08-2b34e8349649,3895052,29,18752571200,18752601900,1781306997875-0
concurrency_n20_20260613_002920_redis_feed11_rep1,redis,sb:events:n20:feed11:rep1,45e61b15-c483-49fa-8a40-525424f6f0fd,3895107,29,18754991900,18755019900,1781306997877-0
concurrency_n20_20260613_002920_redis_feed11_rep1,redis,sb:events:n20:feed11:rep1,15787cdd-9935-4bff-b68c-760a497af7cc,3895107,29,18758194700,18758222600,1781306997880-0
concurrency_n20_20260613_002920_redis_feed11_rep1,redis,sb:events:n20:feed11:rep1,71b87a61-6e42-47b4-b6be-ca855a10d871,3895074,30,18760517800,18760541800,1781306997884-0
concurrency_n20_20260613_002920_redis_feed11_rep1,redis,sb:events:n20:feed11:rep1,627a9ff5-4a44-4ca1-a183-ed241303d231,3895074,30,18761219700,18761235700,1781306997886-0
concurrency_n20_20260613_002920_redis_feed11_rep1,redis,sb:events:n20:feed11:rep1,0eb76ef4-ed2e-4a58-b18f-6a3f6722f9e1,3895074,30,18761816400,18761831600,1781306997887-0
concurrency_n20_20260613_002920_redis_feed11_rep1,redis,sb:events:n20:feed11:rep1,9351a75c-1c91-4205-b38c-4875eb4ab288,3895134,30,18762832700,18762851500,1781306997891-0
concurrency_n20_20260613_002920_redis_feed11_rep1,redis,sb:events:n20:feed11:rep1,b1ebe5e7-8980-4421-b068-c1b1a36c650d,3895134,30,18769297900,18769320400,1781306997892-0
concurrency_n20_20260613_002920_redis_feed11_rep1,redis,sb:events:n20:feed11:rep1,f1851ae9-876d-42a8-8c1c-9d39b58512ef,3895134,30,18770217400,18770238500,1781306997894-0
concurrency_n20_20260613_002920_redis_feed11_rep1,redis,sb:events:n20:feed11:rep1,296e5f1d-e535-4774-b97f-5a38164d4b8f,3895095,30,18770967100,18770983400,1781306997898-0
concurrency_n20_20260613_002920_redis_feed11_rep1,redis,sb:events:n20:feed11:rep1,b3acab4e-f147-4ab7-8b84-8d90f00ed126,3895067,31,18771760800,18771777900,1781306997899-0
concurrency_n20_20260613_002920_redis_feed11_rep1,redis,sb:events:n20:feed11:rep1,e06cfc4c-9c3c-4733-a711-b3d88fad8f32,3895086,31,18784520500,18784569300,1781306997903-0
concurrency_n20_20260613_002920_redis_feed11_rep1,redis,sb:events:n20:feed11:rep1,f7644a7f-0ac8-482f-9ec0-f722e6b7f072,3895086,31,18785915000,18785955700,1781306997905-0
concurrency_n20_20260613_002920_redis_feed11_rep1,redis,sb:events:n20:feed11:rep1,10ccacd2-12e9-4f5f-907e-988c1c25c90e,3895086,31,18811653900,18811681400,1781306997917-0
concurrency_n20_20260613_002920_redis_feed11_rep1,redis,sb:events:n20:feed11:rep1,5139bbac-6a19-4cef-956b-a1a6c0e36dbc,3895095,31,18820056200,18820091900,1781306997936-0
concurrency_n20_20260613_002920_redis_feed11_rep1,redis,sb:events:n20:feed11:rep1,2122e986-fc97-4fb7-82e7-52bbebd90352,3895095,31,18841245700,18841271100,1781306997940-0
concurrency_n20_20260613_002920_redis_feed11_rep1,redis,sb:events:n20:feed11:rep1,7ec1b841-0000-48ef-8b63-277239da3299,3895067,32,18842451900,18842479400,1781306997952-0
concurrency_n20_20260613_002920_redis_feed11_rep1,redis,sb:events:n20:feed11:rep1,8dd23275-eba9-4971-bce5-da81859b6b2e,3895121,32,18847181900,18847206800,1781306997967-0
concurrency_n20_20260613_002920_redis_feed11_rep1,redis,sb:events:n20:feed11:rep1,2c6c5867-a9c6-45c0-b53b-8f50c49f7e92,3895113,32,18865747800,18865872200,1781306997969-0
concurrency_n20_20260613_002920_redis_feed11_rep1,redis,sb:events:n20:feed11:rep1,b858f0f4-ba17-4962-b947-b84799009462,3895113,32,18868540500,18868636700,1781306997978-0
concurrency_n20_20260613_002920_redis_feed11_rep1,redis,sb:events:n20:feed11:rep1,bab99ff3-3588-4401-a890-bdf6608b9a48,3895107,32,18869416800,18869435200,1781306997979-0
concurrency_n20_20260613_002920_redis_feed11_rep1,redis,sb:events:n20:feed11:rep1,c1ae8433-3128-4a28-aae7-22525204f668,3895067,33,18870710600,18870732200,1781306997997-0
concurrency_n20_20260613_002920_redis_feed11_rep1,redis,sb:events:n20:feed11:rep1,3eaad870-8b07-4e98-b321-069674f3f82b,3895074,33,18882208900,18882232800,1781306998004-0
concurrency_n20_20260613_002920_redis_feed11_rep1,redis,sb:events:n20:feed11:rep1,4bdb4956-a093-46d2-98fe-109bb1fb1765,3895121,33,18952476400,18952530200,1781306998006-0
concurrency_n20_20260613_002920_redis_feed11_rep1,redis,sb:events:n20:feed11:rep1,592d4541-7545-4895-bb90-16cd88fd6bf2,3895121,33,18954987900,18955020800,1781306998007-0
concurrency_n20_20260613_002920_redis_feed11_rep1,redis,sb:events:n20:feed11:rep1,a5ee5014-88eb-46e6-994c-e1ba365efbb1,3895121,33,18957686600,18957766800,1781306998014-0
concurrency_n20_20260613_002920_redis_feed11_rep1,redis,sb:events:n20:feed11:rep1,85016910-7a46-41d7-9daa-e67ae1f50e97,3895086,33,18960737000,18960760300,1781306998085-0
concurrency_n20_20260613_002920_redis_feed11_rep1,redis,sb:events:n20:feed11:rep1,4dd4ac95-4164-4d15-8e70-836f84f12a8a,3895121,33,18979463700,18979489700,1781306998088-0
concurrency_n20_20260613_002920_redis_feed11_rep1,redis,sb:events:n20:feed11:rep1,02c211e4-b3bf-4022-be9f-fc5e3d0f59b6,3895086,33,18998777200,18998802900,1781306998092-0
concurrency_n20_20260613_002920_redis_feed11_rep1,redis,sb:events:n20:feed11:rep1,b1f40782-0844-4ca7-8a99-20694926c324,3895121,33,19001733900,19001756100,1781306998094-0
concurrency_n20_20260613_002920_redis_feed11_rep1,redis,sb:events:n20:feed11:rep1,d9e6bd9b-89d4-45ee-85fc-00900e577173,3895121,33,19002470200,19002491000,1781306998113-0
concurrency_n20_20260613_002920_redis_feed11_rep1,redis,sb:events:n20:feed11:rep1,5452081a-96f0-4852-86c5-8e0190c4ce6c,3895107,33,19005451600,19005477600,1781306998133-0
concurrency_n20_20260613_002920_redis_feed11_rep1,redis,sb:events:n20:feed11:rep1,db85ec6b-1a44-4182-96fb-36516fe277aa,3895107,33,19033603200,19033625800,1781306998142-0
concurrency_n20_20260613_002920_redis_feed11_rep1,redis,sb:events:n20:feed11:rep1,92c1b7bb-eaee-47f1-bb28-3688ba247c98,3895060,34,19036220500,19036257900,1781306998155-0
concurrency_n20_20260613_002920_redis_feed11_rep1,redis,sb:events:n20:feed11:rep1,3d40db80-19ae-4784-9115-8a64c8382f1f,3895074,34,19037854200,19042336800,1781306998163-0
concurrency_n20_20260613_002920_redis_feed11_rep1,redis,sb:events:n20:feed11:rep1,f7ccc18b-f57d-473d-aef2-7b018211ff13,3895074,34,19045913400,19045978900,1781306998167-0
concurrency_n20_20260613_002920_redis_feed11_rep1,redis,sb:events:n20:feed11:rep1,343cc444-e0ab-43f0-a93f-66266b9dbea8,3895113,34,19065170200,19065204100,1781306998171-0
concurrency_n20_20260613_002920_redis_feed11_rep1,redis,sb:events:n20:feed11:rep1,1286483f-b0bf-4d49-9a2f-2233368aaa37,3895113,34,19067684800,19067714500,1781306998174-0
concurrency_n20_20260613_002920_redis_feed11_rep1,redis,sb:events:n20:feed11:rep1,35c75d8f-f13e-4940-8843-96202930c58c,3895121,34,19070169300,19070190900,1781306998182-0
concurrency_n20_20260613_002920_redis_feed11_rep1,redis,sb:events:n20:feed11:rep1,d97ce31d-b6bd-454f-b4f3-583b06b5b821,3895113,34,19071181700,19071201000,1781306998183-0
concurrency_n20_20260613_002920_redis_feed11_rep1,redis,sb:events:n20:feed11:rep1,db104f0b-4bee-4708-8598-d5233acbfd34,3895107,34,19071998200,19072020000,1781306998185-0
concurrency_n20_20260613_002920_redis_feed11_rep1,redis,sb:events:n20:feed11:rep1,d8bafa86-623c-428c-b507-6da8d83df984,3895060,35,19079417300,19079442400,1781306998192-0
concurrency_n20_20260613_002920_redis_feed11_rep1,redis,sb:events:n20:feed11:rep1,8a9895c6-a43d-4488-b3c3-826e7813c15e,3895060,35,19080217900,19080238600,1781306998193-0
concurrency_n20_20260613_002920_redis_feed11_rep1,redis,sb:events:n20:feed11:rep1,38e6d097-a9de-49da-b6cf-d57ea1fbdfa9,3895121,35,19082277000,19082445300,1781306998208-0
concurrency_n20_20260613_002920_redis_feed11_rep1,redis,sb:events:n20:feed11:rep1,5e8cf1bd-a044-4542-b2bf-cac8667f4322,3895113,35,19083498900,19083528900,1781306998209-0
concurrency_n20_20260613_002920_redis_feed11_rep1,redis,sb:events:n20:feed11:rep1,90d289d6-4046-4fdb-9ea5-387717cb297d,3895113,35,19084664300,19084682600,1781306998211-0
concurrency_n20_20260613_002920_redis_feed11_rep1,redis,sb:events:n20:feed11:rep1,edd5ce07-d5a1-480e-b4b3-d3cfe453d008,3895113,35,19095902200,19095928700,1781306998220-0
concurrency_n20_20260613_002920_redis_feed11_rep1,redis,sb:events:n20:feed11:rep1,d5f49005-e164-4a56-b36c-8e788d813b4c,3895086,36,19103276000,19103302800,1781306998221-0
concurrency_n20_20260613_002920_redis_feed11_rep1,redis,sb:events:n20:feed11:rep1,42c600fd-1ba8-4635-888b-d1c43e4642ca,3895121,36,19108522400,19108550600,1781306998231-0
concurrency_n20_20260613_002920_redis_feed11_rep1,redis,sb:events:n20:feed11:rep1,32090cac-d662-4ecc-99e0-ac0e4575877f,3895113,36,19125544700,19125569700,1781306998237-0
concurrency_n20_20260613_002920_redis_feed11_rep1,redis,sb:events:n20:feed11:rep1,c375c660-a042-4e1d-9377-a3d8e9137b77,3895113,36,19128773300,19128808000,1781306998241-0
concurrency_n20_20260613_002920_redis_feed11_rep1,redis,sb:events:n20:feed11:rep1,956dc981-5c22-41fc-800c-123fe8ce5e4a,3895113,36,19133388000,19133464100,1781306998246-0
concurrency_n20_20260613_002920_redis_feed11_rep1,redis,sb:events:n20:feed11:rep1,2385fdd1-5767-4de2-9c4b-54ed4e9d1e43,3895067,37,19135649600,19135671800,1781306998260-0
concurrency_n20_20260613_002920_redis_feed11_rep1,redis,sb:events:n20:feed11:rep1,68b68600-4736-4bb8-96f4-4648b096d2ad,3895074,37,19136742000,19136764300,1781306998263-0
concurrency_n20_20260613_002920_redis_feed11_rep1,redis,sb:events:n20:feed11:rep1,06029eea-1721-442f-b067-5ea6dc7b0631,3895074,37,19137902100,19137924700,1781306998270-0
concurrency_n20_20260613_002920_redis_feed11_rep1,redis,sb:events:n20:feed11:rep1,345213be-58bb-4752-82aa-82a0cd026971,3895121,37,19141797000,19141848400,1781306998272-0
concurrency_n20_20260613_002920_redis_feed11_rep1,redis,sb:events:n20:feed11:rep1,26e2822c-be09-429f-b5e1-9478a147e355,3895121,37,19143023200,19143051800,1781306998273-0
concurrency_n20_20260613_002920_redis_feed11_rep1,redis,sb:events:n20:feed11:rep1,6fa24066-9ea3-4e9f-83cb-2c9bf05e6167,3895121,37,19144874500,19144896100,1781306998281-0
concurrency_n20_20260613_002920_redis_feed11_rep1,redis,sb:events:n20:feed11:rep1,325e9b33-e862-4822-88ad-25bff06d2c07,3895121,37,19148564000,19148601500,1781306998283-0
concurrency_n20_20260613_002920_redis_feed11_rep1,redis,sb:events:n20:feed11:rep1,acb76887-5356-44c9-bc8e-16b40dea5fdd,3895113,37,19151699300,19151723500,1781306998284-0
concurrency_n20_20260613_002920_redis_feed11_rep1,redis,sb:events:n20:feed11:rep1,26deaac5-4c1c-429d-bc3b-a714e513cc0c,3895060,38,19152961900,19152987900,1781306998285-0
concurrency_n20_20260613_002920_redis_feed11_rep1,redis,sb:events:n20:feed11:rep1,5647da51-88db-4e25-a864-8610b7aaea93,3895067,38,19154531500,19154554300,1781306998287-0
concurrency_n20_20260613_002920_redis_feed11_rep1,redis,sb:events:n20:feed11:rep1,12a36da3-d1f7-4490-a4f8-f4be3907a880,3895067,38,19162042300,19162068400,1781306998289-0
concurrency_n20_20260613_002920_redis_feed11_rep1,redis,sb:events:n20:feed11:rep1,bb7d9289-4044-46d8-8558-4f23cc40f18b,3895095,38,19162822600,19162844200,1781306998291-0
concurrency_n20_20260613_002920_redis_feed11_rep1,redis,sb:events:n20:feed11:rep1,191352f4-b6b1-4676-bb29-03561c51730b,3895107,38,19163610800,19163631100,1781306998292-0
concurrency_n20_20260613_002920_redis_feed11_rep1,redis,sb:events:n20:feed11:rep1,90e3b280-77a2-42f8-80a1-789498a383d1,3895060,39,19164352200,19164369400,1781306998296-0
concurrency_n20_20260613_002920_redis_feed11_rep1,redis,sb:events:n20:feed11:rep1,cea8c7fe-1b2f-4beb-9b6b-0c11f999b909,3895060,39,19165140200,19165159800,1781306998297-0
concurrency_n20_20260613_002920_redis_feed11_rep1,redis,sb:events:n20:feed11:rep1,59f60e75-1337-46d7-bc7c-676bad3acc07,3895060,39,19165845700,19165866000,1781306998299-0
concurrency_n20_20260613_002920_redis_feed11_rep1,redis,sb:events:n20:feed11:rep1,00da8b93-dab3-460e-b1e5-1ee467331388,3895095,39,19168231100,19168251800,1781306998300-0
concurrency_n20_20260613_002920_redis_feed11_rep1,redis,sb:events:n20:feed11:rep1,91c32868-e70e-4b6a-a7ce-6723528ed7e8,3895095,39,19169387100,19169414600,1781306998301-0
concurrency_n20_20260613_002920_redis_feed11_rep1,redis,sb:events:n20:feed11:rep1,58ddef64-ed5b-4758-911b-9cc6f9bc3ab0,3895121,39,19170302800,19170382700,1781306998302-0
concurrency_n20_20260613_002920_redis_feed11_rep1,redis,sb:events:n20:feed11:rep1,bfd7ab2d-8af5-4ae1-a8a2-c438e0ecf01d,3895121,39,19171307400,19171325400,1781306998304-0
concurrency_n20_20260613_002920_redis_feed11_rep1,redis,sb:events:n20:feed11:rep1,220cb931-5cd7-4c7b-8fc0-6550c89e4b6b,3895113,39,19173386600,19173410000,1781306998306-0
concurrency_n20_20260613_002920_redis_feed11_rep1,redis,sb:events:n20:feed11:rep1,fb37f522-69f3-458c-96f4-574410785219,3895121,39,19182988600,19183020700,1781306998308-0
concurrency_n20_20260613_002920_redis_feed11_rep1,redis,sb:events:n20:feed11:rep1,4b550bc1-31ac-4914-8a11-29a4cecb6380,3895113,39,19186760600,19186793300,1781306998309-0
concurrency_n20_20260613_002920_redis_feed11_rep1,redis,sb:events:n20:feed11:rep1,f85aeff4-b9ad-4127-9dd6-ee22d8df6683,3895107,39,19188906300,19188945500,1781306998310-0
concurrency_n20_20260613_002920_redis_feed11_rep1,redis,sb:events:n20:feed11:rep1,e435a0b9-4c8a-4470-b59a-5ec58d706789,3895060,40,19193758800,19193790000,1781306998318-0
concurrency_n20_20260613_002920_redis_feed11_rep1,redis,sb:events:n20:feed11:rep1,22e32209-bb97-4c30-9b3b-beee02261e71,3895074,40,19195635700,19195666700,1781306998323-0
concurrency_n20_20260613_002920_redis_feed11_rep1,redis,sb:events:n20:feed11:rep1,42c834c5-484a-4ac0-8d9f-0bd7f0b4ae95,3895086,40,19197436600,19197462600,1781306998329-0
concurrency_n20_20260613_002920_redis_feed11_rep1,redis,sb:events:n20:feed11:rep1,dc60fe07-6cc5-473b-8ccf-9bf00e152a49,3895086,40,19202570000,19202594100,1781306998332-0
concurrency_n20_20260613_002920_redis_feed11_rep1,redis,sb:events:n20:feed11:rep1,75b3f799-6706-436e-bad8-445ccd64f4e2,3895095,40,19204151600,19204179100,1781306998334-0
concurrency_n20_20260613_002920_redis_feed11_rep1,redis,sb:events:n20:feed11:rep1,846dfbba-d9ca-4a4e-9f80-b12670b4085e,3895067,41,19212164900,19212191600,1781306998340-0
concurrency_n20_20260613_002920_redis_feed11_rep1,redis,sb:events:n20:feed11:rep1,b20d045a-73cb-4eab-8dfc-bc07269ce986,3895060,41,19231684400,19231714300,1781306998342-0
concurrency_n20_20260613_002920_redis_feed11_rep1,redis,sb:events:n20:feed11:rep1,998ca3a4-a5cc-4a15-9c36-122431d2f843,3895060,41,19233886400,19233914900,1781306998343-0
concurrency_n20_20260613_002920_redis_feed11_rep1,redis,sb:events:n20:feed11:rep1,61c32a5d-7d5c-4b88-a59b-8e5ebed5e25c,3895060,41,19242715800,19242747100,1781306998345-0
concurrency_n20_20260613_002920_redis_feed11_rep1,redis,sb:events:n20:feed11:rep1,d4bf08dc-9205-4261-8876-566102e23931,3895060,41,19244260600,19244291900,1781306998347-0
concurrency_n20_20260613_002920_redis_feed11_rep1,redis,sb:events:n20:feed11:rep1,932cd718-07b8-4f43-843a-040ea138a086,3895095,41,19245341500,19245365300,1781306998360-0
concurrency_n20_20260613_002920_redis_feed11_rep1,redis,sb:events:n20:feed11:rep1,d63c807a-8016-408b-8ede-1c8b62314bd2,3895095,41,19248151700,19248173700,1781306998368-0
concurrency_n20_20260613_002920_redis_feed11_rep1,redis,sb:events:n20:feed11:rep1,b6b79bd5-83a0-45aa-ae80-3d1d5e30a83f,3895095,41,19253996700,19254110500,1781306998371-0
concurrency_n20_20260613_002920_redis_feed11_rep1,redis,sb:events:n20:feed11:rep1,f9d31109-d4a2-4fbf-b479-d10ce5b80123,3895095,41,19256459600,19256506500,1781306998379-0
concurrency_n20_20260613_002920_redis_feed11_rep1,redis,sb:events:n20:feed11:rep1,0bcbb10c-b3c8-406b-be58-ce0986f273ae,3895095,41,19258124600,19258147200,1781306998388-0
concurrency_n20_20260613_002920_redis_feed11_rep1,redis,sb:events:n20:feed11:rep1,92b772f2-c273-4ec4-a7e2-3d09c1452965,3895107,41,19259298700,19259321500,1781306998389-0
concurrency_n20_20260613_002920_redis_feed11_rep1,redis,sb:events:n20:feed11:rep1,e2fec3bf-0acb-49b9-9afa-4d4a4ecce0c1,3895107,41,19262032000,19262235300,1781306998390-0
concurrency_n20_20260613_002920_redis_feed11_rep1,redis,sb:events:n20:feed11:rep1,5ec55ad0-1494-4ad7-9fdd-7226078bb2db,3895067,42,19264448600,19264473100,1781306998400-0
concurrency_n20_20260613_002920_redis_feed11_rep1,redis,sb:events:n20:feed11:rep1,e04b6836-a1e8-4472-b5ef-4f602b2c983e,3895067,42,19265208000,19265226300,1781306998401-0
concurrency_n20_20260613_002920_redis_feed11_rep1,redis,sb:events:n20:feed11:rep1,13e3148f-e1f5-46b5-929a-d4dc6755ebf6,3895067,42,19267172400,19267195900,1781306998403-0
concurrency_n20_20260613_002920_redis_feed11_rep1,redis,sb:events:n20:feed11:rep1,468623e8-7e76-4b78-b553-f607b9fb4b07,3895067,42,19269467400,19269491200,1781306998406-0
concurrency_n20_20260613_002920_redis_feed11_rep1,redis,sb:events:n20:feed11:rep1,65a00927-90a1-4c33-a35c-363da5bcaaeb,3895060,42,19270556000,19270576500,1781306998407-0
concurrency_n20_20260613_002920_redis_feed11_rep1,redis,sb:events:n20:feed11:rep1,747510a6-98ed-4a69-9400-5617988abdfa,3895060,42,19272965800,19272988700,1781306998408-0
concurrency_n20_20260613_002920_redis_feed11_rep1,redis,sb:events:n20:feed11:rep1,f5acbdd4-0316-4e8d-b8d1-48c192aba5ba,3895060,42,19277793600,19277829100,1781306998410-0
concurrency_n20_20260613_002920_redis_feed11_rep1,redis,sb:events:n20:feed11:rep1,244fd2c8-b53e-4e9e-8f15-a3d4fc996e95,3895060,42,19289050700,19289084200,1781306998414-0
concurrency_n20_20260613_002920_redis_feed11_rep1,redis,sb:events:n20:feed11:rep1,4bbe9045-17fc-4dd4-b422-1b2c0b7f7c2d,3895086,42,19294717700,19294741000,1781306998426-0
concurrency_n20_20260613_002920_redis_feed11_rep1,redis,sb:events:n20:feed11:rep1,ee5e44ed-cec3-40a9-b760-3312d3d02746,3895086,42,19295897400,19295923200,1781306998429-0
concurrency_n20_20260613_002920_redis_feed11_rep1,redis,sb:events:n20:feed11:rep1,b7857dd2-503f-47c6-a8b4-71291a3e9b6c,3895121,42,19310767500,19310799300,1781306998431-0
concurrency_n20_20260613_002920_redis_feed11_rep1,redis,sb:events:n20:feed11:rep1,02d38453-def0-4dfb-8f41-809f0d0ee531,3895113,42,19330053000,19330082300,1781306998432-0
concurrency_n20_20260613_002920_redis_feed11_rep1,redis,sb:events:n20:feed11:rep1,88b6503f-b7ef-4671-8e00-5ce2fc49c9f7,3895107,42,19334064400,19334088100,1781306998448-0
concurrency_n20_20260613_002920_redis_feed11_rep1,redis,sb:events:n20:feed11:rep1,0ada3c93-0dea-44b3-838b-308d7032cb53,3895134,43,19335129200,19335151700,1781306998464-0
concurrency_n20_20260613_002920_redis_feed11_rep1,redis,sb:events:n20:feed11:rep1,490ee852-fb5c-4bc5-9ad4-60c7fa3aeb35,3895060,43,19336166900,19336209900,1781306998467-0
concurrency_n20_20260613_002920_redis_feed11_rep1,redis,sb:events:n20:feed11:rep1,e2b37f00-81ce-493d-9f04-3b60b2d08ff3,3895060,43,19341112100,19341135900,1781306998470-0
concurrency_n20_20260613_002920_redis_feed11_rep1,redis,sb:events:n20:feed11:rep1,33f17635-b8f6-4118-a3df-72500fc4136b,3895060,43,19341799500,19341817900,1781306998472-0
concurrency_n20_20260613_002920_redis_feed11_rep1,redis,sb:events:n20:feed11:rep1,e04ea77c-949a-42c1-a58b-9b2cd5ec3f86,3895086,43,19345663300,19345691400,1781306998485-0
concurrency_n20_20260613_002920_redis_feed11_rep1,redis,sb:events:n20:feed11:rep1,ea294bae-9cde-4a49-ba92-8de0e5558724,3895086,43,19351879000,19351914700,1781306998486-0
concurrency_n20_20260613_002920_redis_feed11_rep1,redis,sb:events:n20:feed11:rep1,bf7dd8ff-3505-484f-b34a-1cfbd05f5203,3895086,43,19357242800,19357282300,1781306998487-0
concurrency_n20_20260613_002920_redis_feed11_rep1,redis,sb:events:n20:feed11:rep1,7e09cb25-daea-481e-a291-444a2e190a68,3895113,43,19359018500,19359043700,1781306998488-0
concurrency_n20_20260613_002920_redis_feed11_rep1,redis,sb:events:n20:feed11:rep1,4334c761-3d76-4734-89ce-0d25fd4d1d5c,3895067,44,19362126300,19362156600,1781306998493-0
concurrency_n20_20260613_002920_redis_feed11_rep1,redis,sb:events:n20:feed11:rep1,de2f5dd9-8866-4731-8ba6-b62075693025,3895067,44,19366730700,19366758800,1781306998494-0
concurrency_n20_20260613_002920_redis_feed11_rep1,redis,sb:events:n20:feed11:rep1,e607fbaf-57c6-46a5-9065-cd6ef1483ee7,3895060,44,19373330000,19373365100,1781306998499-0
concurrency_n20_20260613_002920_redis_feed11_rep1,redis,sb:events:n20:feed11:rep1,b081c486-1265-44bc-9b1e-bdbab86027bc,3895060,44,19375166100,19375201100,1781306998501-0
concurrency_n20_20260613_002920_redis_feed11_rep1,redis,sb:events:n20:feed11:rep1,1294206e-9663-4a6b-9df5-c439b597a356,3895086,44,19378743300,19378796500,1781306998505-0
concurrency_n20_20260613_002920_redis_feed11_rep1,redis,sb:events:n20:feed11:rep1,6e6d3a04-3b2d-4594-912c-ef552bb70b66,3895121,44,19382094700,19382123400,1781306998511-0
concurrency_n20_20260613_002920_redis_feed11_rep1,redis,sb:events:n20:feed11:rep1,b7d0f261-5334-4d69-96af-25ae011560ca,3895121,44,19386847800,19386878400,1781306998513-0
concurrency_n20_20260613_002920_redis_feed11_rep1,redis,sb:events:n20:feed11:rep1,6bfc5905-fd3d-4a0f-8dd4-e66a22373576,3895134,45,19388588200,19388652200,1781306998519-0
concurrency_n20_20260613_002920_redis_feed11_rep1,redis,sb:events:n20:feed11:rep1,2083aef2-6d41-4a34-8a5a-4a3775a71852,3895134,45,19390274700,19390299600,1781306998521-0
concurrency_n20_20260613_002920_redis_feed11_rep1,redis,sb:events:n20:feed11:rep1,e7838e3a-3874-4ca3-b660-ea74ef2c384d,3895060,45,19391182000,19391213100,1781306998523-0
concurrency_n20_20260613_002920_redis_feed11_rep1,redis,sb:events:n20:feed11:rep1,58cdc1d1-788b-4e0b-a07b-84d6db9ad04b,3895086,45,19394181000,19394203700,1781306998531-0
concurrency_n20_20260613_002920_redis_feed11_rep1,redis,sb:events:n20:feed11:rep1,959b2e5b-016f-4594-9d72-537819b03bd8,3895086,45,19397547300,19397576900,1781306998533-0
concurrency_n20_20260613_002920_redis_feed11_rep1,redis,sb:events:n20:feed11:rep1,43d448f5-3161-4484-a1e9-7ead8dbb8df2,3895113,45,19400443200,19400468000,1781306998535-0
concurrency_n20_20260613_002920_redis_feed11_rep1,redis,sb:events:n20:feed11:rep1,7baac0c7-203d-4e43-89f7-7d482a26ee0d,3895121,45,19402133600,19402634700,1781306998537-0
concurrency_n20_20260613_002920_redis_feed11_rep1,redis,sb:events:n20:feed11:rep1,31bf416b-2f8b-436b-a233-07d16a05f948,3895113,45,19403788900,19403809800,1781306998539-0
concurrency_n20_20260613_002920_redis_feed11_rep1,redis,sb:events:n20:feed11:rep1,84b5ba76-8141-4875-82aa-039802b7b1e9,3895113,45,19406812800,19406840700,1781306998543-0
concurrency_n20_20260613_002920_redis_feed11_rep1,redis,sb:events:n20:feed11:rep1,87666b3c-fae0-4ec8-a71d-c2d3be7beb84,3895052,46,19408117500,19408138600,1781306998544-0
concurrency_n20_20260613_002920_redis_feed11_rep1,redis,sb:events:n20:feed11:rep1,89e0e216-29e0-4bad-b415-358338ffc09f,3895121,46,19409781300,19409812400,1781306998547-0
concurrency_n20_20260613_002920_redis_feed11_rep1,redis,sb:events:n20:feed11:rep1,533800e7-a633-4c16-989e-88d349c01143,3895113,46,19412640100,19412662300,1781306998550-0
concurrency_n20_20260613_002920_redis_feed11_rep1,redis,sb:events:n20:feed11:rep1,351f7fc6-14b7-46ba-9fb9-04f41961ded3,3895052,47,19426210500,19426236400,1781306998552-0
concurrency_n20_20260613_002920_redis_feed11_rep1,redis,sb:events:n20:feed11:rep1,fdc51a4b-28c8-4fce-84e7-171fe7b1d4b6,3895052,47,19429830200,19429853200,1781306998566-0
concurrency_n20_20260613_002920_redis_feed11_rep1,redis,sb:events:n20:feed11:rep1,f2ada232-d480-4ba1-abd7-75e39f0030a3,3895060,47,19430719300,19430738400,1781306998568-0
concurrency_n20_20260613_002920_redis_feed11_rep1,redis,sb:events:n20:feed11:rep1,79dceb5a-d57a-4e48-9857-49a39de9e10c,3895060,47,19431956400,19431976100,1781306998570-0
concurrency_n20_20260613_002920_redis_feed11_rep1,redis,sb:events:n20:feed11:rep1,0c0f4cd0-cd24-4049-a9c1-842b9ce36562,3895060,47,19436843300,19436868200,1781306998575-0
concurrency_n20_20260613_002920_redis_feed11_rep1,redis,sb:events:n20:feed11:rep1,04713f82-6bc1-4e6b-904b-eb4fd56d5eb3,3895067,48,19437645800,19437669700,1781306998576-0
concurrency_n20_20260613_002920_redis_feed11_rep1,redis,sb:events:n20:feed11:rep1,5f268cd7-74fc-4aea-9caa-8cdf9d717648,3895067,48,19439997400,19440025600,1781306998578-0
concurrency_n20_20260613_002920_redis_feed11_rep1,redis,sb:events:n20:feed11:rep1,76fa657c-52d9-444e-8432-b36a4d76771f,3895067,48,19444669900,19444702000,1781306998579-0
concurrency_n20_20260613_002920_redis_feed11_rep1,redis,sb:events:n20:feed11:rep1,96bd8297-91b0-47fc-a7b2-2c433ec2e694,3895052,48,19449283900,19449316700,1781306998588-0
concurrency_n20_20260613_002920_redis_feed11_rep1,redis,sb:events:n20:feed11:rep1,8d0349fb-568c-440c-9069-42adbf1f9c3a,3895052,48,19452201600,19452228200,1781306998591-0
concurrency_n20_20260613_002920_redis_feed11_rep1,redis,sb:events:n20:feed11:rep1,f5c259e0-c5c7-49b0-9c59-02585ab58986,3895086,48,19460815400,19460837000,1781306998593-0
concurrency_n20_20260613_002920_redis_feed11_rep1,redis,sb:events:n20:feed11:rep1,e008a8be-aa49-49e9-bd13-a93552b5c052,3895113,48,19462041100,19462066200,1781306998597-0
concurrency_n20_20260613_002920_redis_feed11_rep1,redis,sb:events:n20:feed11:rep1,cda89eb4-2a08-49d3-b303-e8d036641f46,3895134,49,19464808500,19464849200,1781306998601-0
concurrency_n20_20260613_002920_redis_feed11_rep1,redis,sb:events:n20:feed11:rep1,dc5c5cf4-f423-403a-b51c-979540ef7622,3895060,49,19472221500,19472247700,1781306998605-0
concurrency_n20_20260613_002920_redis_feed11_rep1,redis,sb:events:n20:feed11:rep1,1a55229e-3379-44ed-a2d0-4c24a2d6169a,3895060,49,19473777800,19473804100,1781306998606-0
concurrency_n20_20260613_002920_redis_feed11_rep1,redis,sb:events:n20:feed11:rep1,fac5aea2-5596-489a-968e-56f16712940d,3895107,49,19475241600,19475265200,1781306998608-0
concurrency_n20_20260613_002920_redis_feed11_rep1,redis,sb:events:n20:feed11:rep1,efcf17d5-c042-4aaf-b0d7-93d7c93295e4,3895067,50,19491573500,19491607000,1781306998612-0
concurrency_n20_20260613_002920_redis_feed11_rep1,redis,sb:events:n20:feed11:rep1,47018dac-e300-4c82-be64-a8bc5b624fe0,3895052,50,19505003200,19505036800,1781306998615-0
concurrency_n20_20260613_002920_redis_feed11_rep1,redis,sb:events:n20:feed11:rep1,e3fd3a05-da3c-47a0-a92c-2719348c579e,3895052,50,19517940800,19517974100,1781306998628-0
concurrency_n20_20260613_002920_redis_feed11_rep1,redis,sb:events:n20:feed11:rep1,2128811a-aed8-4767-93e5-6b8c8d052321,3895086,50,19524562700,19524681100,1781306998631-0
concurrency_n20_20260613_002920_redis_feed11_rep1,redis,sb:events:n20:feed11:rep1,3aac7306-7a20-48a5-899a-01fd2c81174c,3895086,50,19527017400,19527049100,1781306998635-0
concurrency_n20_20260613_002920_redis_feed11_rep1,redis,sb:events:n20:feed11:rep1,2776e660-6018-41ee-a851-c1d3110acce6,3895107,50,19539938200,19539998600,1781306998644-0
concurrency_n20_20260613_002920_redis_feed11_rep1,redis,sb:events:n20:feed11:rep1,fd3aeff8-4268-476c-9189-7980aa44e693,3895107,50,19543618900,19543644000,1781306998668-0
concurrency_n20_20260613_002920_redis_feed11_rep1,redis,sb:events:n20:feed11:rep1,868c8013-7306-466b-93e7-217812448fd5,3895134,51,19544386600,19544459400,1781306998673-0
concurrency_n20_20260613_002920_redis_feed11_rep1,redis,sb:events:n20:feed11:rep1,3001fadd-127b-4ce2-8879-42a84e9d6d18,3895134,51,19547728800,19547750000,1781306998690-0
concurrency_n20_20260613_002920_redis_feed11_rep1,redis,sb:events:n20:feed11:rep1,671975c8-652d-4d37-a960-34ea283e6839,3895067,51,19561814400,19561838500,1781306998691-0
concurrency_n20_20260613_002920_redis_feed11_rep1,redis,sb:events:n20:feed11:rep1,e6696fb9-60bc-4c61-804c-d5089d51dbfc,3895134,51,19568703400,19568725700,1781306998705-0
concurrency_n20_20260613_002920_redis_feed11_rep1,redis,sb:events:n20:feed11:rep1,dd68b07e-7dda-40cd-be54-f8f588fb2d65,3895067,51,19576482800,19576511900,1781306998709-0
concurrency_n20_20260613_002920_redis_feed11_rep1,redis,sb:events:n20:feed11:rep1,a204aa5b-dd2a-4419-b242-75fb830e408a,3895067,51,19588666300,19588703500,1781306998710-0
concurrency_n20_20260613_002920_redis_feed11_rep1,redis,sb:events:n20:feed11:rep1,6a0f8b8e-4e1b-42ee-b523-30b9a57b096e,3895052,51,19593730000,19593756100,1781306998716-0
concurrency_n20_20260613_002920_redis_feed11_rep1,redis,sb:events:n20:feed11:rep1,cbe82ece-02bd-4fb5-9e40-ca8251b72ec7,3895086,51,19595406900,19595426400,1781306998721-0
concurrency_n20_20260613_002920_redis_feed11_rep1,redis,sb:events:n20:feed11:rep1,77377af1-c630-4e85-8bdb-0ca5557b3287,3895107,51,19596448200,19596476500,1781306998732-0
concurrency_n20_20260613_002920_redis_feed11_rep1,redis,sb:events:n20:feed11:rep1,ee90bada-1c6b-428a-aacb-049c3b7d8627,3895107,51,19597109700,19597129000,1781306998734-0
concurrency_n20_20260613_002920_redis_feed11_rep1,redis,sb:events:n20:feed11:rep1,43d10675-f46f-4529-b68d-2cb72e3bc959,3895107,51,19603290700,19603317400,1781306998739-0
concurrency_n20_20260613_002920_redis_feed11_rep1,redis,sb:events:n20:feed11:rep1,098845c7-c0d6-49d4-a7e8-62ad71df1740,3895107,51,19606222100,19606252800,1781306998740-0
concurrency_n20_20260613_002920_redis_feed11_rep1,redis,sb:events:n20:feed11:rep1,7b0bb4e0-11e8-47ec-b963-780b060ecd67,3895107,51,19608394200,19608416200,1781306998748-0
concurrency_n20_20260613_002920_redis_feed11_rep1,redis,sb:events:n20:feed11:rep1,0138382f-c7f1-453f-a804-e83d80388701,3895134,52,19609592400,19609619900,1781306998750-0
concurrency_n20_20260613_002920_redis_feed11_rep1,redis,sb:events:n20:feed11:rep1,b6598ae5-294f-495f-8871-3ed5da30a210,3895067,52,19630243800,19630269100,1781306998752-0
concurrency_n20_20260613_002920_redis_feed11_rep1,redis,sb:events:n20:feed11:rep1,6258c422-389a-4b00-9a65-a893eb7f7fbd,3895067,52,19631437700,19631459000,1781306998771-0
concurrency_n20_20260613_002920_redis_feed11_rep1,redis,sb:events:n20:feed11:rep1,43b4b6c3-f7eb-4660-9535-85090ee4a9c7,3895086,52,19641812400,19641843700,1781306998774-0
concurrency_n20_20260613_002920_redis_feed11_rep1,redis,sb:events:n20:feed11:rep1,0824066b-6377-4f4d-b9d6-b892e16165cf,3895086,52,19651624800,19651657500,1781306998782-0
concurrency_n20_20260613_002920_redis_feed11_rep1,redis,sb:events:n20:feed11:rep1,c45e4c17-d965-492f-bf68-f2cc34aea3c6,3895107,52,19654508300,19654533000,1781306998792-0
concurrency_n20_20260613_002920_redis_feed11_rep1,redis,sb:events:n20:feed11:rep1,3ff1967f-6e9f-4711-9f48-702eea0b78d3,3895107,52,19657032500,19657073400,1781306998796-0
concurrency_n20_20260613_002920_redis_feed11_rep1,redis,sb:events:n20:feed11:rep1,7773b9fa-34dc-44fc-95f0-80ebcf280e8c,3895074,53,19663432600,19663459200,1781306998800-0
concurrency_n20_20260613_002920_redis_feed11_rep1,redis,sb:events:n20:feed11:rep1,439b5ce9-bc81-47ba-8976-7bcd6b7de738,3895052,53,19665327200,19665353800,1781306998803-0
concurrency_n20_20260613_002920_redis_feed11_rep1,redis,sb:events:n20:feed11:rep1,e9064962-a3ad-4469-be2a-58f85fcc0a21,3895067,53,19688469900,19688492800,1781306998805-0
concurrency_n20_20260613_002920_redis_feed11_rep1,redis,sb:events:n20:feed11:rep1,65bd167c-af9e-4117-a832-2bd3eab41c47,3895052,53,19691814600,19691848300,1781306998813-0
concurrency_n20_20260613_002920_redis_feed11_rep1,redis,sb:events:n20:feed11:rep1,f410a2e4-a20a-4740-9789-df374ad99354,3895134,54,19697554600,19697583900,1781306998832-0
concurrency_n20_20260613_002920_redis_feed11_rep1,redis,sb:events:n20:feed11:rep1,ded4b97c-05de-492d-afdf-293ace2b3224,3895134,54,19699770400,19699795100,1781306998835-0
concurrency_n20_20260613_002920_redis_feed11_rep1,redis,sb:events:n20:feed11:rep1,4e0d3771-4b3b-409c-98fd-b89277a436ea,3895067,54,19700941900,19700961400,1781306998841-0
concurrency_n20_20260613_002920_redis_feed11_rep1,redis,sb:events:n20:feed11:rep1,424b5613-2a63-4bf4-8cfe-75e394f8c6df,3895095,54,19705666600,19705691500,1781306998843-0
concurrency_n20_20260613_002920_redis_feed11_rep1,redis,sb:events:n20:feed11:rep1,d626a450-651a-452f-8bd2-40bd73e5570f,3895052,54,19706438100,19706455800,1781306998845-0
concurrency_n20_20260613_002920_redis_feed11_rep1,redis,sb:events:n20:feed11:rep1,a2f0fa0d-a8be-4dae-886f-c4f1e40c1b23,3895060,54,19707178200,19707195800,1781306998847-0
concurrency_n20_20260613_002920_redis_feed11_rep1,redis,sb:events:n20:feed11:rep1,b9207043-5322-448b-9124-e5f49b7edaf7,3895086,54,19709079800,19709110000,1781306998849-0
concurrency_n20_20260613_002920_redis_feed11_rep1,redis,sb:events:n20:feed11:rep1,f39a69f5-2e2b-496a-9f94-591e8b152d22,3895067,55,19710990700,19711021100,1781306998850-0
concurrency_n20_20260613_002920_redis_feed11_rep1,redis,sb:events:n20:feed11:rep1,437f9130-077f-43ac-81f2-d1c218161259,3895052,55,19711942300,19711962200,1781306998851-0
concurrency_n20_20260613_002920_redis_feed11_rep1,redis,sb:events:n20:feed11:rep1,c96ef0ba-2909-41e9-a9b0-43407092a108,3895067,55,19712635400,19712654000,1781306998853-0
concurrency_n20_20260613_002920_redis_feed11_rep1,redis,sb:events:n20:feed11:rep1,def5f329-5561-402c-a454-962f20833a5e,3895052,55,19713582000,19713603700,1781306998855-0
concurrency_n20_20260613_002920_redis_feed11_rep1,redis,sb:events:n20:feed11:rep1,d1da2207-3155-4079-bbef-e54815cde0d4,3895067,55,19716152200,19716177700,1781306998856-0
concurrency_n20_20260613_002920_redis_feed11_rep1,redis,sb:events:n20:feed11:rep1,edf8e33e-3227-4baf-8b1e-c9798a4bffb1,3895060,55,19717682200,19717708700,1781306998857-0
concurrency_n20_20260613_002920_redis_feed11_rep1,redis,sb:events:n20:feed11:rep1,afda6e2d-5673-419e-946e-2a513db81b5e,3895060,55,19724286500,19724313000,1781306998858-0
concurrency_n20_20260613_002920_redis_feed11_rep1,redis,sb:events:n20:feed11:rep1,86442978-c9ac-4f8b-a277-3c2aea80938f,3895086,55,19730259200,19730288100,1781306998860-0
concurrency_n20_20260613_002920_redis_feed11_rep1,redis,sb:events:n20:feed11:rep1,ac9f8882-ceb0-433a-a7ce-42572013a74e,3895086,55,19757981400,19758004900,1781306998863-0
concurrency_n20_20260613_002920_redis_feed11_rep1,redis,sb:events:n20:feed11:rep1,db2260b8-339c-4012-80d4-af54e4fefdb1,3895107,55,19775769700,19775801900,1781306998869-0
concurrency_n20_20260613_002920_redis_feed11_rep1,redis,sb:events:n20:feed11:rep1,6fa9e978-a06d-4ccb-856f-d1582b5abd82,3895107,55,19778136300,19778173200,1781306998874-0
concurrency_n20_20260613_002920_redis_feed11_rep1,redis,sb:events:n20:feed11:rep1,e7e4cb72-ce69-4bab-b7d1-1bfaf6e47af1,3895107,55,19785427200,19785454300,1781306998902-0
concurrency_n20_20260613_002920_redis_feed11_rep1,redis,sb:events:n20:feed11:rep1,4ee5d31d-6e7c-4942-8760-1f2e13c7ba9c,3895074,56,19817715100,19817749300,1781306998918-0
concurrency_n20_20260613_002920_redis_feed11_rep1,redis,sb:events:n20:feed11:rep1,592ec0c8-e456-449d-a137-235f6bfd6017,3895074,56,19820078600,19820106200,1781306998921-0
concurrency_n20_20260613_002920_redis_feed11_rep1,redis,sb:events:n20:feed11:rep1,437249ff-c7a3-4486-836a-2c9089708413,3895074,56,19821380200,19821401100,1781306998931-0
concurrency_n20_20260613_002920_redis_feed11_rep1,redis,sb:events:n20:feed11:rep1,f90ccdda-1623-4c46-83d7-a93b10bbb095,3895134,56,19823071300,19823103200,1781306998935-0
concurrency_n20_20260613_002920_redis_feed11_rep1,redis,sb:events:n20:feed11:rep1,d38e730e-330c-42a9-8889-f2b613aae2a5,3895134,56,19830274700,19830310500,1781306998961-0
concurrency_n20_20260613_002920_redis_feed11_rep1,redis,sb:events:n20:feed11:rep1,c0a6ff18-bef9-4da4-a93d-df405de515ca,3895134,56,19832003200,19832026000,1781306998964-0
concurrency_n20_20260613_002920_redis_feed11_rep1,redis,sb:events:n20:feed11:rep1,842b2425-b726-4944-88b7-6e59c5144f28,3895052,56,19833388600,19833414200,1781306998967-0
concurrency_n20_20260613_002920_redis_feed11_rep1,redis,sb:events:n20:feed11:rep1,6260cbb1-d2f6-4026-baaa-31ce8297fc11,3895060,56,19834466900,19834488000,1781306998974-0
concurrency_n20_20260613_002920_redis_feed11_rep1,redis,sb:events:n20:feed11:rep1,597f312d-75ca-4d9d-bba8-27ea4be07ca1,3895086,56,19835960900,19835990300,1781306998976-0
concurrency_n20_20260613_002920_redis_feed11_rep1,redis,sb:events:n20:feed11:rep1,425f41d2-7da1-4c10-b0f5-cc89c05ea4fe,3895086,56,19843828700,19843858800,1781306998977-0
concurrency_n20_20260613_002920_redis_feed11_rep1,redis,sb:events:n20:feed11:rep1,a38a5179-ed61-4c45-ab30-f6e861acd9a8,3895086,56,19844890300,19844916500,1781306998989-0
concurrency_n20_20260613_002920_redis_feed11_rep1,redis,sb:events:n20:feed11:rep1,e2de8d47-cc41-49eb-a56e-8da9b62c1102,3895086,56,19861950300,19861976500,1781306998990-0
concurrency_n20_20260613_002920_redis_feed11_rep1,redis,sb:events:n20:feed11:rep1,b608a12f-beb4-4db1-9424-437a6d8b6ff1,3895107,56,19863765100,19863796200,1781306998997-0
concurrency_n20_20260613_002920_redis_feed11_rep1,redis,sb:events:n20:feed11:rep1,38a429db-494a-4c85-9245-e989a3f81915,3895107,56,19865176400,19865199900,1781306999005-0
concurrency_n20_20260613_002920_redis_feed11_rep1,redis,sb:events:n20:feed11:rep1,129e9e4c-4a52-491d-89a9-fb8b711d3de0,3895095,57,19872409300,19872526700,1781306999006-0
concurrency_n20_20260613_002920_redis_feed11_rep1,redis,sb:events:n20:feed11:rep1,cf6f40da-1c9d-4066-80cc-915eb4f227de,3895134,57,19874154900,19874178100,1781306999014-0
concurrency_n20_20260613_002920_redis_feed11_rep1,redis,sb:events:n20:feed11:rep1,43c4c705-3da0-414e-b853-cb075fc6bc69,3895134,57,19874998300,19875020200,1781306999017-0
concurrency_n20_20260613_002920_redis_feed11_rep1,redis,sb:events:n20:feed11:rep1,0b9a69ba-96cd-4641-b931-eff7dce3a2f8,3895134,57,19876951400,19876977500,1781306999019-0
concurrency_n20_20260613_002920_redis_feed11_rep1,redis,sb:events:n20:feed11:rep1,d377d77b-8a2f-4385-b85e-ff34ae6fc979,3895067,57,19882331400,19882358300,1781306999025-0
concurrency_n20_20260613_002920_redis_feed11_rep1,redis,sb:events:n20:feed11:rep1,df30aec4-f392-4ae8-8617-ebfbcfafc297,3895052,57,19884356400,19884389700,1781306999026-0
concurrency_n20_20260613_002920_redis_feed11_rep1,redis,sb:events:n20:feed11:rep1,18d94d6f-1440-4daa-80a9-47f19ee5186b,3895067,57,19885897900,19885922500,1781306999027-0
concurrency_n20_20260613_002920_redis_feed11_rep1,redis,sb:events:n20:feed11:rep1,47099e16-f149-4698-ab0f-18dd33415330,3895052,57,19889170300,19889198800,1781306999031-0
concurrency_n20_20260613_002920_redis_feed11_rep1,redis,sb:events:n20:feed11:rep1,909fb80b-31ba-4530-924f-36e24598500e,3895060,57,19890324300,19890346000,1781306999033-0
concurrency_n20_20260613_002920_redis_feed11_rep1,redis,sb:events:n20:feed11:rep1,f5b43151-5fdf-4d15-a30b-4ff7b695c61f,3895060,57,19892259600,19892280400,1781306999035-0
concurrency_n20_20260613_002920_redis_feed11_rep1,redis,sb:events:n20:feed11:rep1,f75fcf2d-b54f-4930-8863-1a48eba0ad9b,3895086,57,19895203000,19895225700,1781306999040-0
concurrency_n20_20260613_002920_redis_feed11_rep1,redis,sb:events:n20:feed11:rep1,0050f3cf-d991-464f-9340-a30c01c082d8,3895086,57,19900164600,19900455400,1781306999043-0
concurrency_n20_20260613_002920_redis_feed11_rep1,redis,sb:events:n20:feed11:rep1,0c14b70a-ac75-4bf6-b4df-53b669c54b6c,3895074,58,19901430900,19901455100,1781306999044-0
concurrency_n20_20260613_002920_redis_feed11_rep1,redis,sb:events:n20:feed11:rep1,9f945bf8-24a8-4f64-9dd4-5a1c5c201981,3895095,58,19903963400,19903987400,1781306999048-0
concurrency_n20_20260613_002920_redis_feed11_rep1,redis,sb:events:n20:feed11:rep1,36a42e6a-c56b-4d28-9ed5-75fef386b165,3895052,58,19907201200,19907227100,1781306999049-0
concurrency_n20_20260613_002920_redis_feed11_rep1,redis,sb:events:n20:feed11:rep1,4ef419c9-5ff0-444e-86a6-50a703b1769f,3895107,58,19911199800,19911231800,1781306999049-1
concurrency_n20_20260613_002920_redis_feed11_rep1,redis,sb:events:n20:feed11:rep1,41969f07-3af9-4753-98e8-69fbd27d21a4,3895095,59,19913313500,19913338400,1781306999051-0
concurrency_n20_20260613_002920_redis_feed11_rep1,redis,sb:events:n20:feed11:rep1,5674247a-ead4-4a96-bd38-ef2319eecf34,3895134,59,19914170600,19914194000,1781306999053-0
concurrency_n20_20260613_002920_redis_feed11_rep1,redis,sb:events:n20:feed11:rep1,8be02bf7-5395-4605-b57b-8f501e04d189,3895067,59,19915914400,19915948800,1781306999054-0
concurrency_n20_20260613_002920_redis_feed11_rep1,redis,sb:events:n20:feed11:rep1,b7b039ca-bac1-4467-af8e-0fd8796bb6c9,3895052,59,19919406000,19919435700,1781306999059-0
concurrency_n20_20260613_002920_redis_feed11_rep1,redis,sb:events:n20:feed11:rep1,5ba85175-4aee-426a-bece-2a16c73e89b7,3895052,59,19921901800,19921927900,1781306999060-0
concurrency_n20_20260613_002920_redis_feed11_rep1,redis,sb:events:n20:feed11:rep1,73b4ab23-4ab4-4983-91d2-d8e21f5270f8,3895060,59,19923038900,19923110900,1781306999062-0
concurrency_n20_20260613_002920_redis_feed11_rep1,redis,sb:events:n20:feed11:rep1,d89d3340-d2ef-47db-9827-7d447bae5b2d,3895086,59,19926517100,19926548500,1781306999065-0
concurrency_n20_20260613_002920_redis_feed11_rep1,redis,sb:events:n20:feed11:rep1,ea520500-8ba0-47a7-ac12-b4c9c0a92146,3895074,60,19932288800,19932314900,1781306999067-0
concurrency_n20_20260613_002920_redis_feed11_rep1,redis,sb:events:n20:feed11:rep1,dd8d63c4-feb8-4523-ab68-826a6480eefd,3895074,60,19937567800,19937590500,1781306999070-0
concurrency_n20_20260613_002920_redis_feed11_rep1,redis,sb:events:n20:feed11:rep1,a8bd1431-210e-4840-8d05-60ce4a7de877,3895095,60,19942501700,19942533300,1781306999072-0
concurrency_n20_20260613_002920_redis_feed11_rep1,redis,sb:events:n20:feed11:rep1,14bd2c1c-b359-4192-a0ae-90ad860f3371,3895067,60,19948876200,19948898200,1781306999085-0
concurrency_n20_20260613_002920_redis_feed11_rep1,redis,sb:events:n20:feed11:rep1,7ccea271-b2cf-40d9-8e25-30ed33e37625,3895067,60,19951072400,19951095900,1781306999087-0
concurrency_n20_20260613_002920_redis_feed11_rep1,redis,sb:events:n20:feed11:rep1,50b41d81-f36f-4161-a4d2-36ba1befc4be,3895060,60,19953837400,19953860500,1781306999088-0
concurrency_n20_20260613_002920_redis_feed11_rep1,redis,sb:events:n20:feed11:rep1,ff19107a-4ba4-4822-ac3e-e71716667059,3895060,60,19957453500,19957488400,1781306999095-0
concurrency_n20_20260613_002920_redis_feed11_rep1,redis,sb:events:n20:feed11:rep1,9ff39e51-5a18-4e88-bd18-76090587a988,3895086,60,19976708500,19976740900,1781306999096-0
concurrency_n20_20260613_002920_redis_feed11_rep1,redis,sb:events:n20:feed11:rep1,0fef3645-2465-4dbf-8266-c2a35ee8293c,3895086,60,19979521000,19979566700,1781306999098-0
concurrency_n20_20260613_002920_redis_feed11_rep1,redis,sb:events:n20:feed11:rep1,015fcb4f-7419-4731-84a0-81b3fd422ff7,3895086,60,19982797500,19982826700,1781306999102-0
concurrency_n20_20260613_002920_redis_feed11_rep1,redis,sb:events:n20:feed11:rep1,166ea076-01d6-49a4-87eb-ff7908834a7f,3895086,60,19983955300,19983982100,1781306999123-0
concurrency_n20_20260613_002920_redis_feed11_rep1,redis,sb:events:n20:feed11:rep1,b0d138df-c84d-4eeb-a19e-0550afb12c63,3895086,60,19986221600,19986325100,1781306999130-0
concurrency_n20_20260613_002920_redis_feed11_rep1,redis,sb:events:n20:feed11:rep1,d1f3d4f7-aeb6-4d26-95e1-37c7df992845,3895107,60,19987270300,19987289400,1781306999131-0
concurrency_n20_20260613_002920_redis_feed11_rep1,redis,sb:events:n20:feed11:rep1,09e0176e-01c2-4e75-8d19-c75cbac22a53,3895107,60,19988102200,19988119400,1781306999133-0
concurrency_n20_20260613_002920_redis_feed11_rep1,redis,sb:events:n20:feed11:rep1,573ca97f-df12-4b24-b903-fd5cfab89f5f,3895095,61,19993507200,19993534800,1781306999137-0
concurrency_n20_20260613_002920_redis_feed11_rep1,redis,sb:events:n20:feed11:rep1,34c91fb7-795d-4df5-8ab3-5f70f1b97f3e,3895095,61,19994792300,19994814700,1781306999140-0
concurrency_n20_20260613_002920_redis_feed11_rep1,redis,sb:events:n20:feed11:rep1,1836c083-ec4c-43a4-8657-38a223bb16dd,3895095,61,19998528300,19998552800,1781306999142-0
concurrency_n20_20260613_002920_redis_feed11_rep1,redis,sb:events:n20:feed11:rep1,f6c45edb-47d0-4be4-b045-3ba176307346,3895067,61,20002412600,20002440500,1781306999151-0
concurrency_n20_20260613_002920_redis_feed11_rep1,redis,sb:events:n20:feed11:rep1,1ea888d8-48ff-4d6c-885b-c9a8d3744c05,3895107,61,20006150300,20006182200,1781306999152-0
concurrency_n20_20260613_002920_redis_feed11_rep1,redis,sb:events:n20:feed11:rep1,87ab9da6-4d4d-49ac-b346-d587633dca6d,3895107,61,20008119500,20008142900,1781306999154-0
concurrency_n20_20260613_002920_redis_feed11_rep1,redis,sb:events:n20:feed11:rep1,e0937145-d1ed-4877-a928-cbb18cbb25ca,3895074,62,20008990000,20009011200,1781306999155-0
concurrency_n20_20260613_002920_redis_feed11_rep1,redis,sb:events:n20:feed11:rep1,129ff6d0-9863-49c1-8dba-874870c239f0,3895134,62,20011011200,20011036700,1781306999157-0
concurrency_n20_20260613_002920_redis_feed11_rep1,redis,sb:events:n20:feed11:rep1,061e0628-68ad-4a80-b7f9-013270c622e6,3895134,62,20011994700,20012014600,1781306999158-0
concurrency_n20_20260613_002920_redis_feed11_rep1,redis,sb:events:n20:feed11:rep1,38bc5dd4-ab47-4018-b7d9-81675e34065d,3895095,62,20016427200,20016465500,1781306999165-0
concurrency_n20_20260613_002920_redis_feed11_rep1,redis,sb:events:n20:feed11:rep1,01c545d4-a6cc-4676-8a4d-8009474261f5,3895095,62,20025311300,20025337900,1781306999171-0
concurrency_n20_20260613_002920_redis_feed11_rep1,redis,sb:events:n20:feed11:rep1,d26fbd2e-8f2e-4866-bdbe-c8760f22c74d,3895067,62,20026513000,20026537700,1781306999173-0
concurrency_n20_20260613_002920_redis_feed11_rep1,redis,sb:events:n20:feed11:rep1,31c46aa3-00f1-4007-b8cc-d80c69e3ed14,3895095,62,20028584900,20028605600,1781306999177-0
concurrency_n20_20260613_002920_redis_feed11_rep1,redis,sb:events:n20:feed11:rep1,1fdb765d-367a-4525-b795-03e1041c7b47,3895067,62,20030440600,20030462000,1781306999179-0
concurrency_n20_20260613_002920_redis_feed11_rep1,redis,sb:events:n20:feed11:rep1,215702bd-988d-4c16-b912-098e706dc436,3895060,62,20036377000,20036404000,1781306999180-0
concurrency_n20_20260613_002920_redis_feed11_rep1,redis,sb:events:n20:feed11:rep1,9148af0d-4762-4534-9be6-d021bfa84229,3895086,62,20038468400,20038492200,1781306999187-0
concurrency_n20_20260613_002920_redis_feed11_rep1,redis,sb:events:n20:feed11:rep1,7b87a711-05be-4ab9-bd63-138ccf3a3aee,3895107,62,20040381700,20040411100,1781306999188-0
concurrency_n20_20260613_002920_redis_feed11_rep1,redis,sb:events:n20:feed11:rep1,e7be6cf1-4254-4d29-8124-ea29bd35b3dd,3895107,62,20041059000,20041077800,1781306999189-0
concurrency_n20_20260613_002920_redis_feed11_rep1,redis,sb:events:n20:feed11:rep1,462b9630-76bb-4eb7-8af1-c70d7cd3c9b6,3895134,63,20045201300,20045225800,1781306999194-0
concurrency_n20_20260613_002920_redis_feed11_rep1,redis,sb:events:n20:feed11:rep1,36c29050-0f8f-4cea-ac50-3893cb3751f1,3895134,63,20048740500,20048761400,1781306999196-0
concurrency_n20_20260613_002920_redis_feed11_rep1,redis,sb:events:n20:feed11:rep1,25afa92b-9c66-4495-9ab0-db38372482b3,3895134,63,20054588300,20054615900,1781306999201-0
concurrency_n20_20260613_002920_redis_feed11_rep1,redis,sb:events:n20:feed11:rep1,b7213b1a-f155-4850-9b2f-536ed9db34f2,3895086,63,20056861900,20056885700,1781306999203-0
concurrency_n20_20260613_002920_redis_feed11_rep1,redis,sb:events:n20:feed11:rep1,a83a4d9a-a403-46b1-8409-6ef6d1831b2c,3895086,63,20059920900,20059948800,1781306999203-1
concurrency_n20_20260613_002920_redis_feed11_rep1,redis,sb:events:n20:feed11:rep1,23a40fdf-f42f-4d42-8d67-eb5f408de82e,3895107,63,20061150900,20061191700,1781306999205-0
concurrency_n20_20260613_002920_redis_feed11_rep1,redis,sb:events:n20:feed11:rep1,1379ddbd-ee4e-4f78-b58a-fe294f7f36a2,3895107,63,20068952800,20069122300,1781306999208-0
concurrency_n20_20260613_002920_redis_feed11_rep1,redis,sb:events:n20:feed11:rep1,32858944-d09e-4ab1-9836-35cc84ca5f23,3895107,63,20070106100,20070141400,1781306999210-0
concurrency_n20_20260613_002920_redis_feed11_rep1,redis,sb:events:n20:feed11:rep1,8a1229f0-48a8-463b-bab1-5f70bbabe623,3895107,63,20071179800,20071201900,1781306999214-0
concurrency_n20_20260613_002920_redis_feed11_rep1,redis,sb:events:n20:feed11:rep1,4842b3ff-23c6-47cf-8c16-3e48a1cd8d1f,3895134,64,20072257600,20072323500,1781306999216-0
concurrency_n20_20260613_002920_redis_feed11_rep1,redis,sb:events:n20:feed11:rep1,acbc865f-9141-40f9-a346-65ef52c6929b,3895095,64,20074725000,20074763700,1781306999217-0
concurrency_n20_20260613_002920_redis_feed11_rep1,redis,sb:events:n20:feed11:rep1,3738ac1c-fd85-42ff-af77-922e92caa0da,3895095,64,20076861600,20076887400,1781306999221-0
concurrency_n20_20260613_002920_redis_feed11_rep1,redis,sb:events:n20:feed11:rep1,8d43c287-36a4-460e-a406-9a814d3e200f,3895134,65,20078229200,20078393100,1781306999222-0
concurrency_n20_20260613_002920_redis_feed11_rep1,redis,sb:events:n20:feed11:rep1,0cd25412-a43a-4f1f-a330-290560bd0864,3895134,65,20079176200,20079196700,1781306999224-0
concurrency_n20_20260613_002920_redis_feed11_rep1,redis,sb:events:n20:feed11:rep1,a29483ce-323c-439b-a556-c452ba8e3740,3895134,65,20080099200,20080114900,1781306999226-0
concurrency_n20_20260613_002920_redis_feed11_rep1,redis,sb:events:n20:feed11:rep1,0e01a3a4-1219-481f-a5e6-55796434f5bb,3895060,65,20081681800,20081699900,1781306999228-0
concurrency_n20_20260613_002920_redis_feed11_rep1,redis,sb:events:n20:feed11:rep1,d9141f23-47e6-4f96-8d68-afdb07320f56,3895060,65,20083374800,20083412300,1781306999229-0
concurrency_n20_20260613_002920_redis_feed11_rep1,redis,sb:events:n20:feed11:rep1,b9c1c240-c544-4839-bcc4-5a923b040753,3895107,65,20087585200,20087615600,1781306999232-0
concurrency_n20_20260613_002920_redis_feed11_rep1,redis,sb:events:n20:feed11:rep1,f53c9e0a-20c5-4066-827d-52fd789ef212,3895107,65,20099160900,20099194600,1781306999235-0
concurrency_n20_20260613_002920_redis_feed11_rep1,redis,sb:events:n20:feed11:rep1,a915d518-180b-4427-bd9f-e289d0c966bf,3895107,65,20111430700,20111460700,1781306999249-0
concurrency_n20_20260613_002920_redis_feed11_rep1,redis,sb:events:n20:feed11:rep1,7a5db723-f143-425c-a710-638c90148339,3895107,65,20117200000,20117243700,1781306999257-0
concurrency_n20_20260613_002920_redis_feed11_rep1,redis,sb:events:n20:feed11:rep1,124b56b6-5aad-473a-a03d-51ba544e2841,3895074,66,20118505000,20118550400,1781306999261-0
concurrency_n20_20260613_002920_redis_feed11_rep1,redis,sb:events:n20:feed11:rep1,efc39209-6b62-4e89-889d-cdd3adb621aa,3895095,66,20121132700,20121153100,1781306999263-0
concurrency_n20_20260613_002920_redis_feed11_rep1,redis,sb:events:n20:feed11:rep1,77baec20-ea17-4e90-9865-9ea44e5b9906,3895060,66,20122685400,20122739100,1781306999265-0
concurrency_n20_20260613_002920_redis_feed11_rep1,redis,sb:events:n20:feed11:rep1,2b0079ed-347b-4639-ae5e-e42346f7f024,3895060,66,20127736200,20127764600,1781306999271-0
concurrency_n20_20260613_002920_redis_feed11_rep1,redis,sb:events:n20:feed11:rep1,22d98172-0940-4b76-9d89-977103cfaf56,3895086,66,20130750700,20130780200,1781306999273-0
concurrency_n20_20260613_002920_redis_feed11_rep1,redis,sb:events:n20:feed11:rep1,879a2ca6-96c3-4b1b-b2c0-4a20cb875ef0,3895107,66,20133547700,20133570200,1781306999280-0
concurrency_n20_20260613_002920_redis_feed11_rep1,redis,sb:events:n20:feed11:rep1,c2d28a7c-daa5-4926-982f-1652183c5083,3895113,67,20134306000,20134326100,1781306999282-0
concurrency_n20_20260613_002920_redis_feed11_rep1,redis,sb:events:n20:feed11:rep1,243d0981-94fe-4740-a31e-5ed204a71634,3895095,67,20135283600,20135306900,1781306999284-0
concurrency_n20_20260613_002920_redis_feed11_rep1,redis,sb:events:n20:feed11:rep1,969e6e2a-a707-4254-a316-0c56fe2e1401,3895134,67,20145303400,20145333300,1781306999294-0
concurrency_n20_20260613_002920_redis_feed11_rep1,redis,sb:events:n20:feed11:rep1,1d25289e-8fad-4dd2-a7ed-f62ac9124432,3895095,67,20147861200,20147886700,1781306999297-0
concurrency_n20_20260613_002920_redis_feed11_rep1,redis,sb:events:n20:feed11:rep1,f3623e43-a3ad-472d-bf07-52854c1156a0,3895134,67,20166474900,20166503300,1781306999302-0
concurrency_n20_20260613_002920_redis_feed11_rep1,redis,sb:events:n20:feed11:rep1,bd92c3a1-9dc9-4b79-bb47-cf45e3d7bb5c,3895134,67,20167989700,20168020100,1781306999316-0
concurrency_n20_20260613_002920_redis_feed11_rep1,redis,sb:events:n20:feed11:rep1,22f1fbed-caed-4cd7-a01a-4c33238f8369,3895060,67,20174297300,20174682000,1781306999317-0
concurrency_n20_20260613_002920_redis_feed11_rep1,redis,sb:events:n20:feed11:rep1,6d9d2fb5-5c2e-4d06-8fb2-5ebcf5814440,3895086,67,20179252900,20179281000,1781306999330-0
concurrency_n20_20260613_002920_redis_feed11_rep1,redis,sb:events:n20:feed11:rep1,ec6e3c89-0592-45ca-92a4-0b1f73639cc9,3895086,67,20180987300,20181011400,1781306999332-0
concurrency_n20_20260613_002920_redis_feed11_rep1,redis,sb:events:n20:feed11:rep1,5af1575f-7cd2-4bfd-a8ec-b8345a0203f6,3895107,67,20188248600,20188275400,1781306999338-0
concurrency_n20_20260613_002920_redis_feed11_rep1,redis,sb:events:n20:feed11:rep1,19991ad9-4667-4a8d-ad80-aa34b26b07cc,3895107,67,20207730000,20207755700,1781306999346-0
concurrency_n20_20260613_002920_redis_feed11_rep1,redis,sb:events:n20:feed11:rep1,867520d6-dfef-41bc-a2cb-92814d1b009e,3895107,67,20212390300,20212477600,1781306999357-0
concurrency_n20_20260613_002920_redis_feed11_rep1,redis,sb:events:n20:feed11:rep1,b4990958-c5e9-4397-98fb-8b00e533bd8d,3895067,68,20219681900,20219729800,1781306999371-0
concurrency_n20_20260613_002920_redis_feed11_rep1,redis,sb:events:n20:feed11:rep1,36f8affa-15ee-4df1-9318-99c8bafa69d9,3895067,68,20221480400,20221500700,1781306999372-0
concurrency_n20_20260613_002920_redis_feed11_rep1,redis,sb:events:n20:feed11:rep1,f86f35a5-e792-4bba-a580-a9faaf7b91b8,3895067,68,20231662200,20231685800,1781306999381-0
concurrency_n20_20260613_002920_redis_feed11_rep1,redis,sb:events:n20:feed11:rep1,0e74dafc-22b0-4338-b83e-c9d1e0aa24f9,3895095,68,20234115500,20234215400,1781306999384-0
concurrency_n20_20260613_002920_redis_feed11_rep1,redis,sb:events:n20:feed11:rep1,ed8b7343-7610-4f35-88df-fd3ee7038bf6,3895095,68,20240732200,20240764900,1781306999386-0
concurrency_n20_20260613_002920_redis_feed11_rep1,redis,sb:events:n20:feed11:rep1,b11c6b88-fb5e-40e2-bf63-fdf423948d08,3895134,68,20251328200,20251419000,1781306999387-0
concurrency_n20_20260613_002920_redis_feed11_rep1,redis,sb:events:n20:feed11:rep1,47a53206-d225-475c-8a03-727c2cea5798,3895107,68,20252770200,20252795300,1781306999388-0
concurrency_n20_20260613_002920_redis_feed11_rep1,redis,sb:events:n20:feed11:rep1,7f414b32-2539-459e-a9d2-cb11a5bf6bb4,3895107,68,20254664800,20254693300,1781306999389-0
concurrency_n20_20260613_002920_redis_feed11_rep1,redis,sb:events:n20:feed11:rep1,0abe475e-507a-4aa0-8898-55101c96acf3,3895074,69,20258933800,20258963200,1781306999403-0
concurrency_n20_20260613_002920_redis_feed11_rep1,redis,sb:events:n20:feed11:rep1,367dfd27-b619-44de-b6c4-7ad7d566c4aa,3895074,69,20260010000,20260031100,1781306999404-0
concurrency_n20_20260613_002920_redis_feed11_rep1,redis,sb:events:n20:feed11:rep1,e8a7f976-a305-43a3-a4fa-8c50b143e343,3895074,69,20261884900,20261909800,1781306999408-0
concurrency_n20_20260613_002920_redis_feed11_rep1,redis,sb:events:n20:feed11:rep1,4b32f517-ca9b-42eb-b0e2-fa3d3fd72a9d,3895113,69,20262658500,20262680800,1781306999410-0
concurrency_n20_20260613_002920_redis_feed11_rep1,redis,sb:events:n20:feed11:rep1,281fd3ce-e8df-441f-8cfd-a07364810af5,3895134,69,20263462400,20263480200,1781306999411-0
concurrency_n20_20260613_002920_redis_feed11_rep1,redis,sb:events:n20:feed11:rep1,703eb940-4760-476a-8e93-15095c5c61ae,3895134,69,20269929900,20270022200,1781306999416-0
concurrency_n20_20260613_002920_redis_feed11_rep1,redis,sb:events:n20:feed11:rep1,2ca85bad-b7b5-47d4-931f-36e0b6ca84c8,3895060,69,20270723600,20270747500,1781306999417-0
concurrency_n20_20260613_002920_redis_feed11_rep1,redis,sb:events:n20:feed11:rep1,67aa4360-2ca6-40ae-ae0c-19bc9664a04f,3895134,69,20271886500,20271930300,1781306999418-0
concurrency_n20_20260613_002920_redis_feed11_rep1,redis,sb:events:n20:feed11:rep1,b98a316d-476c-4b9c-8842-e1bedddaa80c,3895060,69,20279541500,20279596600,1781306999423-0
concurrency_n20_20260613_002920_redis_feed11_rep1,redis,sb:events:n20:feed11:rep1,6391b46f-de24-49c6-bb62-a2ec65d9499b,3895134,69,20280301000,20280319800,1781306999424-0
concurrency_n20_20260613_002920_redis_feed11_rep1,redis,sb:events:n20:feed11:rep1,eacb7d73-9ad3-4ec1-80ea-616c89070d06,3895060,69,20281069400,20281086600,1781306999425-0
concurrency_n20_20260613_002920_redis_feed11_rep1,redis,sb:events:n20:feed11:rep1,ba95ec5e-1bbc-4177-9b95-d5d01d513f38,3895060,69,20282213900,20282234300,1781306999430-0
concurrency_n20_20260613_002920_redis_feed11_rep1,redis,sb:events:n20:feed11:rep1,e1f59890-1435-4ba2-80d9-8b3be217affe,3895086,69,20283543300,20283569500,1781306999431-0
concurrency_n20_20260613_002920_redis_feed11_rep1,redis,sb:events:n20:feed11:rep1,8d519b7c-5ec8-4ac8-84c9-0452499a59e4,3895067,70,20286368700,20286412300,1781306999436-0
concurrency_n20_20260613_002920_redis_feed11_rep1,redis,sb:events:n20:feed11:rep1,2d4baaec-2c5a-4ff2-8313-30f9417e93b8,3895067,70,20287435500,20287457900,1781306999438-0
concurrency_n20_20260613_002920_redis_feed11_rep1,redis,sb:events:n20:feed11:rep1,5479badb-65f4-40d6-877b-c6d336d4f055,3895067,70,20289870100,20289903400,1781306999439-0
concurrency_n20_20260613_002920_redis_feed11_rep1,redis,sb:events:n20:feed11:rep1,4b946b9d-6dfa-4667-9bf3-4a155e7bf557,3895095,70,20291198700,20291226400,1781306999440-0
concurrency_n20_20260613_002920_redis_feed11_rep1,redis,sb:events:n20:feed11:rep1,0e0c6463-85aa-4e53-95a9-9fb881abd73d,3895095,70,20293054800,20293077600,1781306999443-0
concurrency_n20_20260613_002920_redis_feed11_rep1,redis,sb:events:n20:feed11:rep1,080735a9-1e68-4c36-addb-696097f34cad,3895134,70,20294056100,20294234800,1781306999444-0
concurrency_n20_20260613_002920_redis_feed11_rep1,redis,sb:events:n20:feed11:rep1,ac53cb18-8fe5-49f9-beb1-7041a7087452,3895134,70,20295798000,20295822100,1781306999445-0
concurrency_n20_20260613_002920_redis_feed11_rep1,redis,sb:events:n20:feed11:rep1,3a99f56c-7492-450b-8baa-742b6125553f,3895086,70,20305835300,20305866500,1781306999446-0
concurrency_n20_20260613_002920_redis_feed11_rep1,redis,sb:events:n20:feed11:rep1,d5433b8f-f6d6-45c3-af43-2cddf339f8a2,3895086,70,20307639000,20307671500,1781306999448-0
concurrency_n20_20260613_002920_redis_feed11_rep1,redis,sb:events:n20:feed11:rep1,28009e86-e67a-4c78-9ae9-9631dcd03d8d,3895074,71,20311610100,20311644600,1781306999458-0
concurrency_n20_20260613_002920_redis_feed11_rep1,redis,sb:events:n20:feed11:rep1,130387fb-d150-4ba9-a5a3-fbad1ec9875a,3895074,71,20319515000,20319547600,1781306999464-0
concurrency_n20_20260613_002920_redis_feed11_rep1,redis,sb:events:n20:feed11:rep1,64edd3bf-0d45-4889-b29d-3e52cf2bfab6,3895113,71,20322092200,20322124100,1781306999466-0
concurrency_n20_20260613_002920_redis_feed11_rep1,redis,sb:events:n20:feed11:rep1,0f5b1f64-76db-4a0a-9aa2-19720783e25e,3895067,71,20327285400,20327312000,1781306999474-0
concurrency_n20_20260613_002920_redis_feed11_rep1,redis,sb:events:n20:feed11:rep1,a1e9cef7-0191-43da-803d-5de771649a04,3895067,71,20331798400,20331881800,1781306999477-0
concurrency_n20_20260613_002920_redis_feed11_rep1,redis,sb:events:n20:feed11:rep1,7a6f68e7-7f57-4509-ad78-5afa6f5cbcfd,3895095,71,20334607400,20334634000,1781306999481-0
concurrency_n20_20260613_002920_redis_feed11_rep1,redis,sb:events:n20:feed11:rep1,65416e96-ab82-45f6-83ec-f23beb6e7403,3895052,72,20344368400,20344417600,1781306999484-0
concurrency_n20_20260613_002920_redis_feed11_rep1,redis,sb:events:n20:feed11:rep1,619811cc-0ff8-4c5d-b3b3-c9d1fc5fd457,3895095,72,20349654500,20349694200,1781306999486-0
concurrency_n20_20260613_002920_redis_feed11_rep1,redis,sb:events:n20:feed11:rep1,a4d7338b-e05b-4a0a-976f-3bc978858503,3895095,72,20351710200,20351734400,1781306999488-0
concurrency_n20_20260613_002920_redis_feed11_rep1,redis,sb:events:n20:feed11:rep1,e8102462-a276-4a5b-a772-16bf8e3d8314,3895095,72,20357914700,20357987100,1781306999501-0
concurrency_n20_20260613_002920_redis_feed11_rep1,redis,sb:events:n20:feed11:rep1,960ee649-a7e7-4b33-9479-dae36d7e1a3a,3895095,72,20360730800,20360755900,1781306999504-0
concurrency_n20_20260613_002920_redis_feed11_rep1,redis,sb:events:n20:feed11:rep1,a916cdcd-7cb8-4756-987e-8fc479ffcdbf,3895086,72,20364058000,20364084200,1781306999505-0
concurrency_n20_20260613_002920_redis_feed11_rep1,redis,sb:events:n20:feed11:rep1,eb933861-289b-4a65-8450-301c0f249de2,3895074,73,20372688200,20372716000,1781306999510-0
concurrency_n20_20260613_002920_redis_feed11_rep1,redis,sb:events:n20:feed11:rep1,253d7c12-c293-456e-b02f-30065daeb31a,3895052,73,20374924700,20374948500,1781306999513-0
concurrency_n20_20260613_002920_redis_feed11_rep1,redis,sb:events:n20:feed11:rep1,ef8e2d33-6773-4093-9d0c-aa253f6492c6,3895052,73,20375873400,20375897600,1781306999514-0
concurrency_n20_20260613_002920_redis_feed11_rep1,redis,sb:events:n20:feed11:rep1,f244b229-4382-49ff-a159-2eb53ec47566,3895113,73,20380565700,20380592200,1781306999519-0
concurrency_n20_20260613_002920_redis_feed11_rep1,redis,sb:events:n20:feed11:rep1,59167877-23ef-4fbd-9e96-127aef642a42,3895134,73,20381600300,20381628900,1781306999524-0
concurrency_n20_20260613_002920_redis_feed11_rep1,redis,sb:events:n20:feed11:rep1,e070983c-7ef0-4a59-8492-631b39ddb6ee,3895134,73,20384489500,20384560100,1781306999535-0
concurrency_n20_20260613_002920_redis_feed11_rep1,redis,sb:events:n20:feed11:rep1,86fd9161-30db-4f9d-8709-7b22e7cd9f37,3895086,73,20405536000,20405634300,1781306999536-0
concurrency_n20_20260613_002920_redis_feed11_rep1,redis,sb:events:n20:feed11:rep1,3dd8c747-4d06-438f-822f-59be62a38dbd,3895086,73,20412532300,20412555500,1781306999540-0
concurrency_n20_20260613_002920_redis_feed11_rep1,redis,sb:events:n20:feed11:rep1,0ac2f4e4-a59f-4b03-94ae-b65472503b1c,3895113,74,20413361200,20413385600,1781306999562-0
concurrency_n20_20260613_002920_redis_feed11_rep1,redis,sb:events:n20:feed11:rep1,d7de91c1-aaf7-4be5-8968-e876ee80e100,3895086,74,20421329600,20421365200,1781306999567-0
concurrency_n20_20260613_002920_redis_feed11_rep1,redis,sb:events:n20:feed11:rep1,347e4824-813c-43a1-9ab5-557ddfa469ae,3895074,75,20424913200,20424939900,1781306999576-0
concurrency_n20_20260613_002920_redis_feed11_rep1,redis,sb:events:n20:feed11:rep1,3b379bf2-15a7-4ba4-9a0c-b3fb8527a1d4,3895074,75,20425747400,20425767500,1781306999577-0
concurrency_n20_20260613_002920_redis_feed11_rep1,redis,sb:events:n20:feed11:rep1,c95f44b1-c0d3-465b-a5b8-24951f956a21,3895121,75,20427526100,20427545100,1781306999579-0
concurrency_n20_20260613_002920_redis_feed11_rep1,redis,sb:events:n20:feed11:rep1,7c9e8cf2-07c3-471b-8da6-681419a22208,3895052,75,20430145800,20430170000,1781306999580-0
concurrency_n20_20260613_002920_redis_feed11_rep1,redis,sb:events:n20:feed11:rep1,2ba1d3c8-01a5-4707-aded-c1032d5c1a2a,3895113,75,20431751000,20431776200,1781306999581-0
concurrency_n20_20260613_002920_redis_feed11_rep1,redis,sb:events:n20:feed11:rep1,bb60fb7c-cdba-45cd-9403-9fe70eac599e,3895086,75,20443067600,20443091800,1781306999583-0
concurrency_n20_20260613_002920_redis_feed11_rep1,redis,sb:events:n20:feed11:rep1,a0905d11-1ec5-4b7a-a98c-963d4cd31d70,3895086,75,20449125700,20449150500,1781306999585-0
concurrency_n20_20260613_002920_redis_feed11_rep1,redis,sb:events:n20:feed11:rep1,7583768d-7e29-47cd-af3c-cf0b393f6ee5,3895086,75,20451754900,20451780100,1781306999593-0
concurrency_n20_20260613_002920_redis_feed11_rep1,redis,sb:events:n20:feed11:rep1,38bdbceb-2d1b-4b19-b303-df25485ff8cf,3895113,76,20454104100,20454128500,1781306999597-0
concurrency_n20_20260613_002920_redis_feed11_rep1,redis,sb:events:n20:feed11:rep1,e1a2cf65-5a43-4d3d-934d-8c2fe376ad00,3895113,76,20454940900,20454966300,1781306999598-0
concurrency_n20_20260613_002920_redis_feed11_rep1,redis,sb:events:n20:feed11:rep1,5f497f92-d774-4657-adf5-8e4bc8af2247,3895095,76,20456922900,20456952700,1781306999601-0
concurrency_n20_20260613_002920_redis_feed11_rep1,redis,sb:events:n20:feed11:rep1,7aba694b-2ebc-401d-be15-655d0b773b87,3895095,76,20459555300,20459591000,1781306999606-0
concurrency_n20_20260613_002920_redis_feed11_rep1,redis,sb:events:n20:feed11:rep1,8dfa2725-e96f-4a76-bb98-9ee4575d6a03,3895086,76,20460671400,20460702200,1781306999608-0
concurrency_n20_20260613_002920_redis_feed11_rep1,redis,sb:events:n20:feed11:rep1,f9364b88-b733-45cf-a170-19bd0c68cdbc,3895074,77,20463705000,20463730900,1781306999609-0
concurrency_n20_20260613_002920_redis_feed11_rep1,redis,sb:events:n20:feed11:rep1,a84cf4b4-83d9-478a-aa80-3a0eae44c904,3895052,77,20466045400,20466080300,1781306999611-0
concurrency_n20_20260613_002920_redis_feed11_rep1,redis,sb:events:n20:feed11:rep1,1ea7e806-c0fc-48a8-829a-af9ea7b3aa73,3895052,77,20468074500,20468098900,1781306999614-0
concurrency_n20_20260613_002920_redis_feed11_rep1,redis,sb:events:n20:feed11:rep1,b772fbf5-f3a6-47cf-99bf-5c7adba135f8,3895113,77,20469798800,20469833900,1781306999617-0
concurrency_n20_20260613_002920_redis_feed11_rep1,redis,sb:events:n20:feed11:rep1,068a8c35-4ab7-43d1-8463-c4452fd842bd,3895067,77,20480133200,20480164600,1781306999618-0
concurrency_n20_20260613_002920_redis_feed11_rep1,redis,sb:events:n20:feed11:rep1,1c068f50-c84a-4e1d-824e-578b65120800,3895113,77,20482136700,20482173000,1781306999621-0
concurrency_n20_20260613_002920_redis_feed11_rep1,redis,sb:events:n20:feed11:rep1,7d37b5cc-3e2d-4ab5-b4af-a45e73138874,3895113,77,20483254900,20483340900,1781306999623-0
concurrency_n20_20260613_002920_redis_feed11_rep1,redis,sb:events:n20:feed11:rep1,d3eafa83-830e-4546-b34f-72ea722a5e41,3895113,77,20485431200,20485455400,1781306999630-0
concurrency_n20_20260613_002920_redis_feed11_rep1,redis,sb:events:n20:feed11:rep1,ac7217b3-16a1-434f-a555-38147f80fd38,3895113,77,20488270400,20488299600,1781306999636-0
concurrency_n20_20260613_002920_redis_feed11_rep1,redis,sb:events:n20:feed11:rep1,195e209c-bc46-4725-ad21-f82a13d77148,3895074,78,20490373700,20490437000,1781306999643-0
concurrency_n20_20260613_002920_redis_feed11_rep1,redis,sb:events:n20:feed11:rep1,5aab8dfd-d52c-4f67-806a-20e57ec5d557,3895074,78,20491320200,20491340500,1781306999645-0
concurrency_n20_20260613_002920_redis_feed11_rep1,redis,sb:events:n20:feed11:rep1,bbf03926-59ca-4606-9ea2-3cd31eb2fff9,3895067,78,20497773500,20497795300,1781306999646-0
concurrency_n20_20260613_002920_redis_feed11_rep1,redis,sb:events:n20:feed11:rep1,6fc5bbd2-8105-451e-ad72-538d52fdd810,3895067,78,20498765500,20498786700,1781306999651-0
concurrency_n20_20260613_002920_redis_feed11_rep1,redis,sb:events:n20:feed11:rep1,f500021a-9e63-4063-afe0-b13494e43e25,3895113,78,20499809300,20499834600,1781306999653-0
concurrency_n20_20260613_002920_redis_feed11_rep1,redis,sb:events:n20:feed11:rep1,7fd60487-cf13-4688-a589-1979aee7d23a,3895113,78,20501789100,20501812300,1781306999654-0
concurrency_n20_20260613_002920_redis_feed11_rep1,redis,sb:events:n20:feed11:rep1,c82d0617-8b6a-4c3a-87b0-6a2aac137cbd,3895121,79,20502934100,20502960900,1781306999656-0
concurrency_n20_20260613_002920_redis_feed11_rep1,redis,sb:events:n20:feed11:rep1,e6ae1bb5-29df-4ee2-861a-12940ff0fa0c,3895121,79,20505988500,20506016900,1781306999657-0
concurrency_n20_20260613_002920_redis_feed11_rep1,redis,sb:events:n20:feed11:rep1,d027a7a8-d227-41d0-854b-c86a4a71e20b,3895074,79,20506768300,20506790700,1781306999659-0
concurrency_n20_20260613_002920_redis_feed11_rep1,redis,sb:events:n20:feed11:rep1,ed5753a5-c289-4649-b971-065a09c34081,3895074,79,20510199800,20510245100,1781306999661-0
concurrency_n20_20260613_002920_redis_feed11_rep1,redis,sb:events:n20:feed11:rep1,0cff468a-4801-4e93-bdff-e3cf0fb9e825,3895067,79,20513184200,20513205800,1781306999662-0
concurrency_n20_20260613_002920_redis_feed11_rep1,redis,sb:events:n20:feed11:rep1,a0ad5112-916a-41aa-8d46-d7681863838a,3895113,79,20514238000,20514289700,1781306999663-0
concurrency_n20_20260613_002920_redis_feed11_rep1,redis,sb:events:n20:feed11:rep1,9bae5df9-4f8d-4f3e-861a-e44685e969a9,3895086,79,20515133300,20515154300,1781306999665-0
concurrency_n20_20260613_002920_redis_feed11_rep1,redis,sb:events:n20:feed11:rep1,030b5453-777e-489d-9691-bca667cdbb07,3895067,80,20517110800,20517139000,1781306999667-0
concurrency_n20_20260613_002920_redis_feed11_rep1,redis,sb:events:n20:feed11:rep1,b3e931e5-5dc9-4367-8a43-f27bd647d688,3895067,80,20518277100,20518305400,1781306999668-0
concurrency_n20_20260613_002920_redis_feed11_rep1,redis,sb:events:n20:feed11:rep1,86b4af1d-95ac-4092-9d96-efc8703ea4a6,3895113,80,20521259000,20521286700,1781306999670-0
concurrency_n20_20260613_002920_redis_feed11_rep1,redis,sb:events:n20:feed11:rep1,03442bfd-3838-49c7-898a-1f0c6950d9f2,3895086,80,20523785800,20523941800,1781306999671-0
concurrency_n20_20260613_002920_redis_feed11_rep1,redis,sb:events:n20:feed11:rep1,896dc77b-f5fe-4a62-bcb2-a2b3ea7c36a5,3895086,80,20525557300,20525588900,1781306999673-0
concurrency_n20_20260613_002920_redis_feed11_rep1,redis,sb:events:n20:feed11:rep1,42ba23fd-6dda-41c5-b674-5fe50e298b30,3895121,81,20526543900,20526570800,1781306999675-0
concurrency_n20_20260613_002920_redis_feed11_rep1,redis,sb:events:n20:feed11:rep1,e083ff1e-a815-4ceb-be0d-74e46f4b2105,3895121,81,20527625600,20527694200,1781306999676-0
concurrency_n20_20260613_002920_redis_feed11_rep1,redis,sb:events:n20:feed11:rep1,4accf764-c81d-4823-937b-355299ea8c73,3895074,81,20535193000,20535229000,1781306999677-0
concurrency_n20_20260613_002920_redis_feed11_rep1,redis,sb:events:n20:feed11:rep1,e8cfafef-37c7-4e00-be7f-4bee056a1e72,3895052,81,20537710300,20537744900,1781306999681-0
concurrency_n20_20260613_002920_redis_feed11_rep1,redis,sb:events:n20:feed11:rep1,86913597-82b0-4000-9be5-2b7fa42caa76,3895113,81,20539282000,20539302700,1781306999683-0
concurrency_n20_20260613_002920_redis_feed11_rep1,redis,sb:events:n20:feed11:rep1,ba9abae9-f6c5-434d-ae12-bd0b2c182bc6,3895113,81,20554636000,20554669500,1781306999687-0
concurrency_n20_20260613_002920_redis_feed11_rep1,redis,sb:events:n20:feed11:rep1,e243eff1-e63a-41fb-98e9-2bde3272420a,3895113,81,20556959200,20556986000,1781306999692-0
concurrency_n20_20260613_002920_redis_feed11_rep1,redis,sb:events:n20:feed11:rep1,4c5443dc-d6fc-427d-9bac-1ffea8874db9,3895086,81,20558254400,20558281000,1781306999697-0
concurrency_n20_20260613_002920_redis_feed11_rep1,redis,sb:events:n20:feed11:rep1,107a8aee-57d5-4f7a-8971-91621e90374f,3895086,81,20563693200,20563722800,1781306999707-0
concurrency_n20_20260613_002920_redis_feed11_rep1,redis,sb:events:n20:feed11:rep1,507d41e8-a33f-4d01-b9ff-168feada4ee3,3895086,81,20565586800,20565612600,1781306999711-0
concurrency_n20_20260613_002920_redis_feed11_rep1,redis,sb:events:n20:feed11:rep1,62fbcc89-c9e1-40a1-acdd-06d58528a62b,3895121,82,20572965200,20572991100,1781306999719-0
concurrency_n20_20260613_002920_redis_feed11_rep1,redis,sb:events:n20:feed11:rep1,f21cae0b-5501-4169-bf7a-f978ab2259b1,3895121,82,20574642000,20574674800,1781306999722-0
concurrency_n20_20260613_002920_redis_feed11_rep1,redis,sb:events:n20:feed11:rep1,2a4589ee-8a60-4838-bb5f-949f057a46be,3895052,82,20575705100,20575730000,1781306999724-0
concurrency_n20_20260613_002920_redis_feed11_rep1,redis,sb:events:n20:feed11:rep1,fe0f397f-f5e0-4759-9e45-af76f196daa7,3895052,82,20576600700,20576623100,1781306999726-0
concurrency_n20_20260613_002920_redis_feed11_rep1,redis,sb:events:n20:feed11:rep1,7f9bca75-fdac-456a-a077-a1b6679635f9,3895067,82,20579867400,20579899000,1781306999727-0
concurrency_n20_20260613_002920_redis_feed11_rep1,redis,sb:events:n20:feed11:rep1,7e6e7d87-a93a-4d9b-9518-b45914cddc8e,3895086,82,20582001100,20582024600,1781306999729-0
concurrency_n20_20260613_002920_redis_feed11_rep1,redis,sb:events:n20:feed11:rep1,13c22074-4da3-469f-af37-643f4a6d2211,3895074,83,20584085300,20584114800,1781306999733-0
concurrency_n20_20260613_002920_redis_feed11_rep1,redis,sb:events:n20:feed11:rep1,fa58fa6c-9d21-48a3-b8f9-7a66751a2a7a,3895074,83,20587211800,20587245700,1781306999735-0
concurrency_n20_20260613_002920_redis_feed11_rep1,redis,sb:events:n20:feed11:rep1,c5a4b0aa-b03e-4e82-a80a-ea91e7ecf394,3895052,83,20588388000,20588412300,1781306999736-0
concurrency_n20_20260613_002920_redis_feed11_rep1,redis,sb:events:n20:feed11:rep1,29ebd69c-b1d1-4dc7-b54b-31a857a4d433,3895067,83,20590765300,20590816600,1781306999742-0
concurrency_n20_20260613_002920_redis_feed11_rep1,redis,sb:events:n20:feed11:rep1,7f356a1a-a126-4380-8bab-651b39b4bceb,3895095,83,20592304900,20592332800,1781306999743-0
concurrency_n20_20260613_002920_redis_feed11_rep1,redis,sb:events:n20:feed11:rep1,e6de5b8f-521e-495c-bcc2-1496fe2c2457,3895067,83,20594526300,20594554100,1781306999747-0
concurrency_n20_20260613_002920_redis_feed11_rep1,redis,sb:events:n20:feed11:rep1,78eec9d2-2279-474b-8174-5955e289ab49,3895113,83,20597101600,20597125600,1781306999748-0
concurrency_n20_20260613_002920_redis_feed11_rep1,redis,sb:events:n20:feed11:rep1,ff5a7afc-11a6-4f3c-b55c-403c5730e20b,3895113,83,20598111700,20598139300,1781306999749-0
concurrency_n20_20260613_002920_redis_feed11_rep1,redis,sb:events:n20:feed11:rep1,787336fc-bb27-441e-9329-430b61f3c14b,3895086,83,20599232100,20599251700,1781306999751-0
concurrency_n20_20260613_002920_redis_feed11_rep1,redis,sb:events:n20:feed11:rep1,6c237c16-6750-4dc1-9995-bd07debf26c1,3895052,84,20600219200,20600239200,1781306999752-0
concurrency_n20_20260613_002920_redis_feed11_rep1,redis,sb:events:n20:feed11:rep1,587dfd13-6676-4362-a28f-be1edea9a6c6,3895052,84,20601241900,20601261200,1781306999753-0
concurrency_n20_20260613_002920_redis_feed11_rep1,redis,sb:events:n20:feed11:rep1,6b5e6f95-6428-4d18-b21d-9c9a79525b5a,3895095,84,20603155800,20603176600,1781306999757-0
concurrency_n20_20260613_002920_redis_feed11_rep1,redis,sb:events:n20:feed11:rep1,56f7af39-fd83-4562-94a1-ef575eab5c2f,3895067,84,20604079300,20604122000,1781306999758-0
concurrency_n20_20260613_002920_redis_feed11_rep1,redis,sb:events:n20:feed11:rep1,2bac81e7-2ae1-49d5-93fc-c73136033765,3895095,84,20605458200,20605481000,1781306999759-0
concurrency_n20_20260613_002920_redis_feed11_rep1,redis,sb:events:n20:feed11:rep1,111b9035-afa8-4884-8908-b5c13ccb8b02,3895086,84,20628957700,20628985900,1781306999762-0
concurrency_n20_20260613_002920_redis_feed11_rep1,redis,sb:events:n20:feed11:rep1,42a5a0e6-3823-4e64-ba59-9875f5ffb0ad,3895086,84,20633664100,20633690600,1781306999770-0
concurrency_n20_20260613_002920_redis_feed11_rep1,redis,sb:events:n20:feed11:rep1,5b4be5da-e353-47d1-9aa2-e412034a7cc9,3895121,85,20642330400,20642463600,1781306999786-0
concurrency_n20_20260613_002920_redis_feed11_rep1,redis,sb:events:n20:feed11:rep1,7b1bfe4d-343b-4a49-9f36-ac1c9281053e,3895121,85,20651744900,20651773200,1781306999790-0
concurrency_n20_20260613_002920_redis_feed11_rep1,redis,sb:events:n20:feed11:rep1,5f38e18f-86ae-43b3-a606-39c39db57cee,3895052,85,20652816100,20652843900,1781306999796-0
concurrency_n20_20260613_002920_redis_feed11_rep1,redis,sb:events:n20:feed11:rep1,5f0b504c-329e-4a36-9b61-e4fcfa79dbad,3895067,85,20655240700,20655268300,1781306999800-0
concurrency_n20_20260613_002920_redis_feed11_rep1,redis,sb:events:n20:feed11:rep1,d47829c7-5e69-4c6e-bd70-9fcceb367367,3895095,85,20656120500,20658658600,1781306999801-0
concurrency_n20_20260613_002920_redis_feed11_rep1,redis,sb:events:n20:feed11:rep1,8b9f3b73-7860-4cab-accb-f394ff0cf96f,3895067,85,20660174600,20660203100,1781306999802-0
concurrency_n20_20260613_002920_redis_feed11_rep1,redis,sb:events:n20:feed11:rep1,6521de44-af00-4c95-a37f-4936185cbd0c,3895067,85,20661363500,20661408600,1781306999807-0
concurrency_n20_20260613_002920_redis_feed11_rep1,redis,sb:events:n20:feed11:rep1,f3f24509-b665-4851-9411-fa3fd6de93f8,3895113,85,20664900100,20664930100,1781306999809-0
concurrency_n20_20260613_002920_redis_feed11_rep1,redis,sb:events:n20:feed11:rep1,726edc96-91b9-4771-85d8-b5dd43e7bbe3,3895086,85,20665944200,20665970900,1781306999810-0
concurrency_n20_20260613_002920_redis_feed11_rep1,redis,sb:events:n20:feed11:rep1,4d769c60-6b01-42c7-ba36-1565e549eae8,3895052,86,20668280800,20668303500,1781306999813-0
concurrency_n20_20260613_002920_redis_feed11_rep1,redis,sb:events:n20:feed11:rep1,c241d9b6-58dd-4ea2-8b5e-16e7aef4e822,3895052,86,20669285300,20669309500,1781306999814-0
concurrency_n20_20260613_002920_redis_feed11_rep1,redis,sb:events:n20:feed11:rep1,3c0fbaec-8fc8-4e7a-99c4-0210d8e061e5,3895095,86,20670225000,20670246200,1781306999815-0
concurrency_n20_20260613_002920_redis_feed11_rep1,redis,sb:events:n20:feed11:rep1,5d5b8e92-4834-42c7-886b-7c908d58f5ae,3895095,86,20670863300,20670921500,1781306999817-0
concurrency_n20_20260613_002920_redis_feed11_rep1,redis,sb:events:n20:feed11:rep1,9f6e6858-572d-4258-b587-e91b56d684d3,3895067,86,20671603200,20671625700,1781306999818-0
concurrency_n20_20260613_002920_redis_feed11_rep1,redis,sb:events:n20:feed11:rep1,a4f84a5e-7d03-4a36-97ae-d1ad5b9e1121,3895067,86,20678247200,20678427800,1781306999819-0
concurrency_n20_20260613_002920_redis_feed11_rep1,redis,sb:events:n20:feed11:rep1,345cb7e8-5870-4a38-bc70-b4727a52d6fa,3895113,86,20679484400,20679507200,1781306999821-0
concurrency_n20_20260613_002920_redis_feed11_rep1,redis,sb:events:n20:feed11:rep1,6abd10fe-abb5-4ef7-8139-fc8300228420,3895113,86,20682831200,20682870900,1781306999823-0
concurrency_n20_20260613_002920_redis_feed11_rep1,redis,sb:events:n20:feed11:rep1,540d57d3-6135-4d4e-ac1b-cdaf6d884ea2,3895086,86,20684947600,20685033100,1781306999825-0
concurrency_n20_20260613_002920_redis_feed11_rep1,redis,sb:events:n20:feed11:rep1,bbe8d73a-45fd-4e6a-a589-d54755e6a1cc,3895086,86,20691449000,20691474100,1781306999832-0
concurrency_n20_20260613_002920_redis_feed11_rep1,redis,sb:events:n20:feed11:rep1,f1de8ed7-dd06-4972-8198-fc3268ff24cf,3895052,87,20693273800,20693303000,1781306999834-0
concurrency_n20_20260613_002920_redis_feed11_rep1,redis,sb:events:n20:feed11:rep1,a8d82eb3-1443-4b6d-b31d-5118f044f4bc,3895052,87,20694459200,20694482200,1781306999835-0
concurrency_n20_20260613_002920_redis_feed11_rep1,redis,sb:events:n20:feed11:rep1,2747e907-b5f5-49ce-a909-8fda34bd750f,3895086,87,20695569600,20695590300,1781306999837-0
concurrency_n20_20260613_002920_redis_feed11_rep1,redis,sb:events:n20:feed11:rep1,56d69800-edf7-4142-ab4c-9526158c14df,3895086,87,20698625000,20698682400,1781306999840-0
concurrency_n20_20260613_002920_redis_feed11_rep1,redis,sb:events:n20:feed11:rep1,2893e770-31b5-4ebb-841e-a1658c844d55,3895074,88,20700152300,20700345500,1781306999845-0
concurrency_n20_20260613_002920_redis_feed11_rep1,redis,sb:events:n20:feed11:rep1,29f5b82a-3d6b-4a71-9a45-22f52290b730,3895121,88,20701628700,20701649100,1781306999847-0
concurrency_n20_20260613_002920_redis_feed11_rep1,redis,sb:events:n20:feed11:rep1,42d34e4a-89a3-415f-a454-449a5dd7cdee,3895121,88,20706569400,20706595500,1781306999849-0
concurrency_n20_20260613_002920_redis_feed11_rep1,redis,sb:events:n20:feed11:rep1,0376753a-5e29-4cd4-a4d7-008663a3ef13,3895052,88,20708708200,20708733900,1781306999852-0
concurrency_n20_20260613_002920_redis_feed11_rep1,redis,sb:events:n20:feed11:rep1,beca7090-e47b-48f6-97fe-75ca3adcef14,3895095,88,20709814700,20709845400,1781306999853-0
concurrency_n20_20260613_002920_redis_feed11_rep1,redis,sb:events:n20:feed11:rep1,d9b493eb-d245-442c-9601-4b14887e636d,3895067,88,20713794000,20713823300,1781306999854-0
concurrency_n20_20260613_002920_redis_feed11_rep1,redis,sb:events:n20:feed11:rep1,2d52eb52-cff2-401e-a12e-b6299e0198b1,3895067,88,20722009600,20722045200,1781306999856-0
concurrency_n20_20260613_002920_redis_feed11_rep1,redis,sb:events:n20:feed11:rep1,2a4b618e-fbb6-4fd9-b3f6-17220dbb0cd2,3895074,89,20725374800,20725406900,1781306999857-0
concurrency_n20_20260613_002920_redis_feed11_rep1,redis,sb:events:n20:feed11:rep1,646f5a83-a844-4c20-9a34-2cfae264f835,3895074,89,20727667900,20727741700,1781306999858-0
concurrency_n20_20260613_002920_redis_feed11_rep1,redis,sb:events:n20:feed11:rep1,64be0f38-c5d1-4a99-842b-603860a63b66,3895121,89,20729657400,20729684000,1781306999862-0
concurrency_n20_20260613_002920_redis_feed11_rep1,redis,sb:events:n20:feed11:rep1,3c5e67f5-946c-4062-bb82-b40e613923ab,3895121,89,20731495900,20731522000,1781306999865-0
concurrency_n20_20260613_002920_redis_feed11_rep1,redis,sb:events:n20:feed11:rep1,d8fa0a0f-dbd5-4d56-849d-e542d0f4c863,3895052,89,20732328300,20732350400,1781306999866-0
concurrency_n20_20260613_002920_redis_feed11_rep1,redis,sb:events:n20:feed11:rep1,4365972f-a6eb-41f4-8405-84a44f9c3f15,3895052,89,20738616100,20738650900,1781306999869-0
concurrency_n20_20260613_002920_redis_feed11_rep1,redis,sb:events:n20:feed11:rep1,1ebc41a8-9a54-4ed7-b7f0-0ad98ca182d9,3895121,90,20739648600,20739693600,1781306999880-0
concurrency_n20_20260613_002920_redis_feed11_rep1,redis,sb:events:n20:feed11:rep1,e9349458-19c1-433d-a74b-514a898592ca,3895052,90,20740718600,20740738900,1781306999886-0
concurrency_n20_20260613_002920_redis_feed11_rep1,redis,sb:events:n20:feed11:rep1,f5b2bcc8-9b50-4da0-aa1f-3d552544b1f0,3895095,90,20741675900,20741696300,1781306999887-0
concurrency_n20_20260613_002920_redis_feed11_rep1,redis,sb:events:n20:feed11:rep1,942e1fa9-401d-4f6a-aeda-0317698cd045,3895095,90,20742462100,20742480300,1781306999890-0
concurrency_n20_20260613_002920_redis_feed11_rep1,redis,sb:events:n20:feed11:rep1,87f538be-2098-4fe4-8810-f51747834230,3895113,90,20746407800,20746431700,1781306999900-0
concurrency_n20_20260613_002920_redis_feed11_rep1,redis,sb:events:n20:feed11:rep1,66b31129-9550-48eb-aab9-fdc69ac92c81,3895113,90,20748542600,20748568300,1781306999901-0
concurrency_n20_20260613_002920_redis_feed11_rep1,redis,sb:events:n20:feed11:rep1,df2e5510-62cc-4163-98c5-5a8a588c1ad8,3895113,90,20749724000,20749752000,1781306999903-0
concurrency_n20_20260613_002920_redis_feed11_rep1,redis,sb:events:n20:feed11:rep1,b313223c-4773-4a1b-bfa4-80104490c9eb,3895113,90,20752513300,20752537000,1781306999904-0
concurrency_n20_20260613_002920_redis_feed11_rep1,redis,sb:events:n20:feed11:rep1,8e334322-dfb2-4dec-825b-7b610bd9d614,3895074,91,20754700100,20754726500,1781306999905-0
concurrency_n20_20260613_002920_redis_feed11_rep1,redis,sb:events:n20:feed11:rep1,70c06522-06f2-43da-a2bd-4356b359a600,3895067,91,20755980200,20756007800,1781306999907-0
concurrency_n20_20260613_002920_redis_feed11_rep1,redis,sb:events:n20:feed11:rep1,b0a8fbce-c821-491c-a37f-da9d3746ba52,3895067,91,20757205700,20757230000,1781306999911-0
concurrency_n20_20260613_002920_redis_feed11_rep1,redis,sb:events:n20:feed11:rep1,dd6208c4-623c-488d-be28-3134d724633f,3895067,91,20759035600,20759083000,1781306999912-0
concurrency_n20_20260613_002920_redis_feed11_rep1,redis,sb:events:n20:feed11:rep1,5b7445ba-ce8f-482b-8d65-82b1b4f2988a,3895067,91,20760104600,20760129900,1781306999913-0
concurrency_n20_20260613_002920_redis_feed11_rep1,redis,sb:events:n20:feed11:rep1,828b3f57-9b71-4499-ae26-f64755e48e20,3895113,91,20760943500,20760959800,1781306999917-0
concurrency_n20_20260613_002920_redis_feed11_rep1,redis,sb:events:n20:feed11:rep1,d258e6f7-f318-4cb5-88c3-f16a5e8f313c,3895086,91,20762973500,20763009600,1781306999918-0
concurrency_n20_20260613_002920_redis_feed11_rep1,redis,sb:events:n20:feed11:rep1,e68a1a15-69d7-40f2-b136-55b7c64aef10,3895074,92,20770353100,20770384400,1781306999921-0
concurrency_n20_20260613_002920_redis_feed11_rep1,redis,sb:events:n20:feed11:rep1,66973f0d-2300-46ef-a265-d3cf2d66f504,3895095,92,20772810000,20772834800,1781306999927-0
concurrency_n20_20260613_002920_redis_feed11_rep1,redis,sb:events:n20:feed11:rep1,416f6860-d593-4042-949c-a5da924f1a3a,3895113,92,20773788100,20773830300,1781306999931-0
concurrency_n20_20260613_002920_redis_feed11_rep1,redis,sb:events:n20:feed11:rep1,0581db2b-9d21-40c8-a8fe-a36bac9bd0fe,3895113,92,20785112900,20785145500,1781306999943-0
concurrency_n20_20260613_002920_redis_feed11_rep1,redis,sb:events:n20:feed11:rep1,c6712579-4e48-4c9d-aca9-13c7ae5216d1,3895113,92,20789943500,20789970500,1781306999947-0
concurrency_n20_20260613_002920_redis_feed11_rep1,redis,sb:events:n20:feed11:rep1,2fa064d8-f9d2-4c60-87c3-f13c608a9d28,3895113,92,20790812200,20790835200,1781306999948-0
concurrency_n20_20260613_002920_redis_feed11_rep1,redis,sb:events:n20:feed11:rep1,7754eb17-443e-4c9f-8d7e-72d1d27c6976,3895086,92,20801747000,20801788700,1781306999955-0
concurrency_n20_20260613_002920_redis_feed11_rep1,redis,sb:events:n20:feed11:rep1,c1b1b2dc-2091-4daa-84c0-0d2383d34a86,3895086,92,20809919800,20809949800,1781306999962-0
concurrency_n20_20260613_002920_redis_feed11_rep1,redis,sb:events:n20:feed11:rep1,c9193dbc-a436-48e8-8fd1-6edce33ef239,3895121,93,20811776900,20811837700,1781306999967-0
concurrency_n20_20260613_002920_redis_feed11_rep1,redis,sb:events:n20:feed11:rep1,8591e32d-b0d5-4d52-99c1-f6f01c29e65c,3895134,93,20813817500,20813840200,1781306999971-0
concurrency_n20_20260613_002920_redis_feed11_rep1,redis,sb:events:n20:feed11:rep1,05cd20fa-12bd-4596-bee5-f161b155bfcc,3895052,93,20820286600,20820335800,1781306999973-0
concurrency_n20_20260613_002920_redis_feed11_rep1,redis,sb:events:n20:feed11:rep1,c5f54ab2-8a92-40ea-8281-2ef5c18edb30,3895052,93,20821950200,20821976000,1781306999977-0
concurrency_n20_20260613_002920_redis_feed11_rep1,redis,sb:events:n20:feed11:rep1,edee64bb-b610-4ca3-ae10-9c2b105e12c6,3895052,93,20828633900,20828662700,1781306999979-0
concurrency_n20_20260613_002920_redis_feed11_rep1,redis,sb:events:n20:feed11:rep1,728082f9-d38e-463f-b904-e542e36fb188,3895095,93,20829574300,20829612600,1781306999981-0
concurrency_n20_20260613_002920_redis_feed11_rep1,redis,sb:events:n20:feed11:rep1,3ccfac04-5845-4f47-8032-20180f4ffe45,3895095,93,20830344100,20830374400,1781306999983-0
concurrency_n20_20260613_002920_redis_feed11_rep1,redis,sb:events:n20:feed11:rep1,e9499440-364d-4088-acc6-78a5c8f79b80,3895113,93,20832229400,20832253700,1781306999985-0
concurrency_n20_20260613_002920_redis_feed11_rep1,redis,sb:events:n20:feed11:rep1,cab10015-6ac5-42f8-8be8-4ef18eb0c600,3895113,93,20835817700,20835846000,1781306999986-0
concurrency_n20_20260613_002920_redis_feed11_rep1,redis,sb:events:n20:feed11:rep1,66f99ca0-8d55-4369-b532-8afa4fb60cb6,3895113,93,20838771300,20838797300,1781306999992-0
concurrency_n20_20260613_002920_redis_feed11_rep1,redis,sb:events:n20:feed11:rep1,43dbd405-1322-474b-af1c-daa2625cddd6,3895074,94,20840450100,20840478400,1781306999993-0
concurrency_n20_20260613_002920_redis_feed11_rep1,redis,sb:events:n20:feed11:rep1,e00a5ad0-eaf2-4669-b550-11fd0e701be9,3895074,94,20841330300,20841357800,1781306999995-0
concurrency_n20_20260613_002920_redis_feed11_rep1,redis,sb:events:n20:feed11:rep1,1d6d4b5f-fcb8-4542-a2a0-cef25ccdbd81,3895121,94,20848116900,20848148300,1781306999997-0
concurrency_n20_20260613_002920_redis_feed11_rep1,redis,sb:events:n20:feed11:rep1,7b40fbd4-a6c0-40d7-b4f9-23abcffcd4c5,3895121,94,20851973700,20851998300,1781306999998-0
concurrency_n20_20260613_002920_redis_feed11_rep1,redis,sb:events:n20:feed11:rep1,d661cba6-658b-499f-805a-039b315ddbd1,3895134,94,20852894600,20852922200,1781307000001-0
concurrency_n20_20260613_002920_redis_feed11_rep1,redis,sb:events:n20:feed11:rep1,373c00ad-aaab-417b-8bd0-1d896bdb010c,3895134,94,20857716700,20857742500,1781307000002-0
concurrency_n20_20260613_002920_redis_feed11_rep1,redis,sb:events:n20:feed11:rep1,292d775e-e7f6-4184-a905-16b5d63af2ad,3895134,94,20862165300,20862196800,1781307000003-0
concurrency_n20_20260613_002920_redis_feed11_rep1,redis,sb:events:n20:feed11:rep1,2b9c84e1-253a-4b23-ade6-906d178e7dbf,3895052,94,20864826300,20864857900,1781307000004-0
concurrency_n20_20260613_002920_redis_feed11_rep1,redis,sb:events:n20:feed11:rep1,f37a2ea2-ffd2-4be1-ae29-4d6fcdaa75c8,3895052,94,20866276500,20866303100,1781307000009-0
concurrency_n20_20260613_002920_redis_feed11_rep1,redis,sb:events:n20:feed11:rep1,28947f12-5bda-4d7a-8819-ae670f2b2ca1,3895052,94,20879436600,20879468400,1781307000011-0
concurrency_n20_20260613_002920_redis_feed11_rep1,redis,sb:events:n20:feed11:rep1,bd1d1124-a984-42f1-b66b-28b07f32153e,3895052,94,20884518500,20884547000,1781307000015-0
concurrency_n20_20260613_002920_redis_feed11_rep1,redis,sb:events:n20:feed11:rep1,6db048b0-fb35-4772-b8a4-385ff5d3bf54,3895052,94,20887945700,20887975500,1781307000016-0
concurrency_n20_20260613_002920_redis_feed11_rep1,redis,sb:events:n20:feed11:rep1,e4c17700-43bb-43a3-ac49-f13944a9566e,3895052,94,20913284100,20913322000,1781307000017-0
concurrency_n20_20260613_002920_redis_feed11_rep1,redis,sb:events:n20:feed11:rep1,f0ddd78d-dbb8-4d59-a5a9-59a4471fb126,3895067,94,20915745600,20915775300,1781307000023-0
concurrency_n20_20260613_002920_redis_feed11_rep1,redis,sb:events:n20:feed11:rep1,ace43399-85d9-46d5-9d23-fb51847aead6,3895086,94,20919117300,20919152900,1781307000026-0
concurrency_n20_20260613_002920_redis_feed11_rep1,redis,sb:events:n20:feed11:rep1,5043e3af-3c3c-4fde-b62f-9da75c031686,3895074,95,20924781400,20924823200,1781307000034-0
concurrency_n20_20260613_002920_redis_feed11_rep1,redis,sb:events:n20:feed11:rep1,7fae2d6a-026a-49ee-96da-30429e822d18,3895134,95,20929196300,20929591300,1781307000042-0
concurrency_n20_20260613_002920_redis_feed11_rep1,redis,sb:events:n20:feed11:rep1,8a11b84c-28ad-45df-b47d-888026d081da,3895134,95,20932351900,20932384100,1781307000046-0
concurrency_n20_20260613_002920_redis_feed11_rep1,redis,sb:events:n20:feed11:rep1,3742c998-92f6-475b-84cb-66d216cbb7b9,3895134,95,20933394200,20933447100,1781307000067-0
concurrency_n20_20260613_002920_redis_feed11_rep1,redis,sb:events:n20:feed11:rep1,6d272944-e0e1-4bba-95ea-74ddbcd89857,3895067,95,20934633900,20934655000,1781307000074-0
concurrency_n20_20260613_002920_redis_feed11_rep1,redis,sb:events:n20:feed11:rep1,e72b1bcb-24bf-49c9-b727-7e1159f070d7,3895067,95,20936242100,20936273900,1781307000077-0
concurrency_n20_20260613_002920_redis_feed11_rep1,redis,sb:events:n20:feed11:rep1,c3e5d0fb-db35-45e3-ab6f-992a3559fa70,3895113,95,20941118600,20941150600,1781307000080-0
concurrency_n20_20260613_002920_redis_feed11_rep1,redis,sb:events:n20:feed11:rep1,38441982-a067-4462-a822-42717582d3f6,3895113,95,20954428000,20954457400,1781307000084-0
concurrency_n20_20260613_002920_redis_feed11_rep1,redis,sb:events:n20:feed11:rep1,2b992ee9-94f0-4cab-8f7a-855c68a6839d,3895086,95,20955481000,20955504700,1781307000085-0
concurrency_n20_20260613_002920_redis_feed11_rep1,redis,sb:events:n20:feed11:rep1,fdbc2ce9-1260-4093-84c7-967fefe71601,3895074,96,20963456700,20963496200,1781307000087-0
concurrency_n20_20260613_002920_redis_feed11_rep1,redis,sb:events:n20:feed11:rep1,689ce84b-5aa2-4e4d-856a-ae00e2bc2164,3895074,96,20964486900,20964556500,1781307000092-0
concurrency_n20_20260613_002920_redis_feed11_rep1,redis,sb:events:n20:feed11:rep1,81a2e0ba-0069-484b-b48d-3028ad8f8901,3895113,96,20965695700,20965723600,1781307000093-0
concurrency_n20_20260613_002920_redis_feed11_rep1,redis,sb:events:n20:feed11:rep1,5e3179a0-084a-4e80-9da2-5f35e8ec0452,3895086,96,20968024600,20968050600,1781307000122-0
concurrency_n20_20260613_002920_redis_feed11_rep1,redis,sb:events:n20:feed11:rep1,ba5596c8-74af-4d91-971f-67e828d714f1,3895086,96,20972311900,20972339400,1781307000125-0
concurrency_n20_20260613_002920_redis_feed11_rep1,redis,sb:events:n20:feed11:rep1,f1642bb5-9d19-4590-a656-35b6b538b16f,3895095,97,20974242600,20974270200,1781307000127-0
concurrency_n20_20260613_002920_redis_feed11_rep1,redis,sb:events:n20:feed11:rep1,604cba08-934e-4d65-adfc-d2e0e276c634,3895095,97,20975147200,20975170300,1781307000132-0
concurrency_n20_20260613_002920_redis_feed11_rep1,redis,sb:events:n20:feed11:rep1,4e0c0132-c685-4866-babe-f1f6449ebb28,3895067,97,20977464000,20977489200,1781307000133-0
concurrency_n20_20260613_002920_redis_feed11_rep1,redis,sb:events:n20:feed11:rep1,6c6e6e43-3708-4a97-a623-144db45e0acf,3895113,97,20980396700,20980423800,1781307000135-0
concurrency_n20_20260613_002920_redis_feed11_rep1,redis,sb:events:n20:feed11:rep1,1c8f3337-ba8c-4afc-9ce5-ba81c530b442,3895113,97,20982321000,20982344700,1781307000140-0
concurrency_n20_20260613_002920_redis_feed11_rep1,redis,sb:events:n20:feed11:rep1,246150e9-1505-46a9-bdb8-34f5bffecb20,3895113,97,20983472000,20983502000,1781307000141-0
concurrency_n20_20260613_002920_redis_feed11_rep1,redis,sb:events:n20:feed11:rep1,c0f7d5c0-0cc1-4b31-b688-e44c5aeb403a,3895067,98,20988417700,20988449200,1781307000142-0
concurrency_n20_20260613_002920_redis_feed11_rep1,redis,sb:events:n20:feed11:rep1,904d4597-9a8b-4c50-b89c-5e1276d64954,3895067,98,20990356400,20990377600,1781307000146-0
concurrency_n20_20260613_002920_redis_feed11_rep1,redis,sb:events:n20:feed11:rep1,f5f5e776-6f22-45f7-b749-df1979955015,3895113,98,20991820300,20991881600,1781307000147-0
concurrency_n20_20260613_002920_redis_feed11_rep1,redis,sb:events:n20:feed11:rep1,a1aa8792-71c5-4cec-8342-1f1de877fc46,3895074,99,20993359600,20993429500,1781307000148-0
concurrency_n20_20260613_002920_redis_feed11_rep1,redis,sb:events:n20:feed11:rep1,6a114c66-3879-45e7-a3f1-7127dc522348,3895134,99,20995175100,20995195900,1781307000151-0
concurrency_n20_20260613_002920_redis_feed11_rep1,redis,sb:events:n20:feed11:rep1,0e820704-1d4e-443f-a7a5-d4851762f39a,3895134,99,20996567900,20996648000,1781307000153-0
concurrency_n20_20260613_002920_redis_feed11_rep1,redis,sb:events:n20:feed11:rep1,17827804-f674-473a-902e-f330c076c8c1,3895134,99,20998404100,20998430400,1781307000155-0
concurrency_n20_20260613_002920_redis_feed11_rep1,redis,sb:events:n20:feed11:rep1,e21625cc-e833-4fae-8f65-fa74a92271c7,3895113,99,20999258100,20999281700,1781307000157-0
concurrency_n20_20260613_002920_redis_feed11_rep1,redis,sb:events:n20:feed11:rep1,723686b3-e9f2-4317-bbcb-e453383a72c7,3895113,99,21001126100,21001148000,1781307000158-0
concurrency_n20_20260613_002920_redis_feed11_rep1,redis,sb:events:n20:feed11:rep1,0210955c-5e97-4eaa-962a-9b505438af33,3895067,100,21001912000,21001956200,1781307000159-0
concurrency_n20_20260613_002920_redis_feed11_rep1,redis,sb:events:n20:feed11:rep1,d662683e-78f4-4327-a130-eca57da08e65,3895113,100,21008910900,21008944000,1781307000163-0
concurrency_n20_20260613_002920_redis_feed11_rep1,redis,sb:events:n20:feed11:rep1,e7a32d60-17f2-4653-b406-d3c00919ba68,3895086,100,21011361700,21011389300,1781307000165-0
concurrency_n20_20260613_002920_redis_feed11_rep1,redis,sb:events:n20:feed11:rep1,82c166fa-ade3-48e4-9cfd-0a7b77351e5d,3895074,101,21012573700,21012596600,1781307000167-0
concurrency_n20_20260613_002920_redis_feed11_rep1,redis,sb:events:n20:feed11:rep1,0ba11e25-68d9-45a5-8a08-7fb1024e737b,3895074,101,21013697100,21013718800,1781307000169-0
concurrency_n20_20260613_002920_redis_feed11_rep1,redis,sb:events:n20:feed11:rep1,90292410-abee-4709-9724-ebceff929eb5,3895074,101,21018054700,21018077700,1781307000170-0
concurrency_n20_20260613_002920_redis_feed11_rep1,redis,sb:events:n20:feed11:rep1,de7eb155-5947-48f4-a85b-989cf955acad,3895067,101,21019806500,21019835300,1781307000171-0
concurrency_n20_20260613_002920_redis_feed11_rep1,redis,sb:events:n20:feed11:rep1,1e5fa95c-f7bb-4ee5-b98f-7e2a7d2d8740,3895067,101,21021775400,21021801000,1781307000172-0
concurrency_n20_20260613_002920_redis_feed11_rep1,redis,sb:events:n20:feed11:rep1,8853c9b4-5f34-4c74-bb8e-5e91ea6e82fd,3895067,101,21024428700,21024458700,1781307000173-0
concurrency_n20_20260613_002920_redis_feed11_rep1,redis,sb:events:n20:feed11:rep1,13308a5e-185e-437c-93b3-04925e1f7a7f,3895113,101,21032633700,21032657500,1781307000176-0
concurrency_n20_20260613_002920_redis_feed11_rep1,redis,sb:events:n20:feed11:rep1,e1b23096-a8e4-46c7-bf3c-5a8d02ec2fca,3895113,101,21044185000,21044279100,1781307000177-0
concurrency_n20_20260613_002920_redis_feed11_rep1,redis,sb:events:n20:feed11:rep1,55ae1db6-a1c7-4396-b6fa-6639141da51f,3895113,101,21046713700,21046743100,1781307000180-0
concurrency_n20_20260613_002920_redis_feed11_rep1,redis,sb:events:n20:feed11:rep1,ec34c8e8-e439-417d-be80-dee7a13d9afe,3895134,102,21053243700,21053276700,1781307000187-0
concurrency_n20_20260613_002920_redis_feed11_rep1,redis,sb:events:n20:feed11:rep1,55dbbd79-e70f-447c-ab7a-e41b1498ac79,3895134,102,21054362800,21054412100,1781307000188-0
concurrency_n20_20260613_002920_redis_feed11_rep1,redis,sb:events:n20:feed11:rep1,cfe7d394-f3bb-49eb-84d0-499aabcfe0e2,3895134,102,21055414500,21055435600,1781307000190-0
concurrency_n20_20260613_002920_redis_feed11_rep1,redis,sb:events:n20:feed11:rep1,f1c92395-1a06-456d-9d88-ab3208cfe8f6,3895113,102,21057846200,21057871700,1781307000192-0
concurrency_n20_20260613_002920_redis_feed11_rep1,redis,sb:events:n20:feed11:rep1,9e3a9e99-b3bd-4944-b63c-656899f9748c,3895113,102,21060738700,21060850000,1781307000203-0
concurrency_n20_20260613_002920_redis_feed11_rep1,redis,sb:events:n20:feed11:rep1,5b0a5ebd-4ef7-42d2-86e9-765c1bf6aacd,3895113,102,21062224500,21062250400,1781307000205-0
concurrency_n20_20260613_002920_redis_feed11_rep1,redis,sb:events:n20:feed11:rep1,2819dbe2-3954-4dc1-b68f-d793b69fb516,3895086,102,21063142300,21063166500,1781307000207-0
concurrency_n20_20260613_002920_redis_feed11_rep1,redis,sb:events:n20:feed11:rep1,7c0046e9-5242-4e8f-b221-663acbf246b9,3895086,102,21064541900,21064569600,1781307000208-0
concurrency_n20_20260613_002920_redis_feed11_rep1,redis,sb:events:n20:feed11:rep1,b784b8bd-c600-44fd-8613-ef300f482c1b,3895067,103,21065447700,21065468100,1781307000214-0
concurrency_n20_20260613_002920_redis_feed11_rep1,redis,sb:events:n20:feed11:rep1,1709bde2-a33d-4bff-ab11-c14976e26251,3895113,103,21071371200,21071418300,1781307000216-0
concurrency_n20_20260613_002920_redis_feed11_rep1,redis,sb:events:n20:feed11:rep1,ab82d08d-066f-4d9a-af27-bdf9139ddf57,3895113,103,21073393900,21073416100,1781307000217-0
concurrency_n20_20260613_002920_redis_feed11_rep1,redis,sb:events:n20:feed11:rep1,d410a0bd-dba4-4ce7-abf5-6e2d33f31d8d,3895086,103,21075761100,21075792500,1781307000219-0
concurrency_n20_20260613_002920_redis_feed11_rep1,redis,sb:events:n20:feed11:rep1,0f7c0920-c2ab-4b17-823a-d1b6604457e9,3895134,104,21077892400,21077923900,1781307000222-0
concurrency_n20_20260613_002920_redis_feed11_rep1,redis,sb:events:n20:feed11:rep1,11460547-0c20-4ed4-9e6b-f686939aeada,3895134,104,21078881900,21078905900,1781307000224-0
concurrency_n20_20260613_002920_redis_feed11_rep1,redis,sb:events:n20:feed11:rep1,7b844904-4518-49e9-8d58-2d70f4261222,3895067,104,21080015500,21080043000,1781307000226-0
concurrency_n20_20260613_002920_redis_feed11_rep1,redis,sb:events:n20:feed11:rep1,379b1c5d-9bb5-4352-b0dd-7d4224d24cf1,3895067,104,21082194600,21082216900,1781307000234-0
concurrency_n20_20260613_002920_redis_feed11_rep1,redis,sb:events:n20:feed11:rep1,c65987b8-a2c4-47cb-a3a4-b90d6e934106,3895067,104,21083085000,21083107800,1781307000236-0
concurrency_n20_20260613_002920_redis_feed11_rep1,redis,sb:events:n20:feed11:rep1,c33b8bd3-6d11-49d7-a7c4-ef3e239c1f54,3895113,104,21084197500,21084228000,1781307000239-0
concurrency_n20_20260613_002920_redis_feed11_rep1,redis,sb:events:n20:feed11:rep1,8581b9b0-2405-4d83-99b5-371a0d861078,3895086,104,21086265800,21086300700,1781307000240-0
concurrency_n20_20260613_002920_redis_feed11_rep1,redis,sb:events:n20:feed11:rep1,37948d06-f6fd-4260-8720-417930402e39,3895113,104,21088777000,21088801700,1781307000241-0
concurrency_n20_20260613_002920_redis_feed11_rep1,redis,sb:events:n20:feed11:rep1,5a0472aa-e08b-4d06-ab73-efbd5b50381b,3895086,104,21091657800,21091690200,1781307000245-0
concurrency_n20_20260613_002920_redis_feed11_rep1,redis,sb:events:n20:feed11:rep1,72e045c1-5699-46b1-b609-47e88ca8b9c6,3895052,105,21093199000,21093223800,1781307000247-0
concurrency_n20_20260613_002920_redis_feed11_rep1,redis,sb:events:n20:feed11:rep1,5d93f9ec-dd62-4143-b88c-53cf9db42807,3895134,105,21101225300,21101248300,1781307000248-0
concurrency_n20_20260613_002920_redis_feed11_rep1,redis,sb:events:n20:feed11:rep1,bba7fe11-e6e4-4489-9154-a1b0e1527094,3895107,105,21102583500,21102963100,1781307000250-0
concurrency_n20_20260613_002920_redis_feed11_rep1,redis,sb:events:n20:feed11:rep1,bc5ac9dc-cfb7-40ad-9fbb-76f4bc5fe84c,3895067,105,21104081000,21104108900,1781307000252-0
concurrency_n20_20260613_002920_redis_feed11_rep1,redis,sb:events:n20:feed11:rep1,e65f6899-862d-413f-8f65-7e29da7b66d1,3895067,105,21104923200,21104945900,1781307000255-0
concurrency_n20_20260613_002920_redis_feed11_rep1,redis,sb:events:n20:feed11:rep1,b7e73470-d092-435d-b493-4c5a02853b61,3895067,105,21110808200,21110866800,1781307000260-0
concurrency_n20_20260613_002920_redis_feed11_rep1,redis,sb:events:n20:feed11:rep1,ef25cd4c-3a03-4433-bcce-04171dcc3521,3895086,105,21112458900,21112482800,1781307000262-0
concurrency_n20_20260613_002920_redis_feed11_rep1,redis,sb:events:n20:feed11:rep1,343a3699-95eb-48de-a123-f751839fa5d5,3895134,106,21124844600,21124876100,1781307000263-0
concurrency_n20_20260613_002920_redis_feed11_rep1,redis,sb:events:n20:feed11:rep1,5007351f-cf6d-4f38-abfb-07149e361068,3895067,106,21136062300,21136093700,1781307000266-0
concurrency_n20_20260613_002920_redis_feed11_rep1,redis,sb:events:n20:feed11:rep1,7c71c9e4-3c68-4d91-a719-0c1f3b736f50,3895067,106,21145778500,21145811000,1781307000267-0
concurrency_n20_20260613_002920_redis_feed11_rep1,redis,sb:events:n20:feed11:rep1,f2c5825d-365a-4682-a9dc-dd203fbf5457,3895113,106,21150207200,21150231400,1781307000269-0
concurrency_n20_20260613_002920_redis_feed11_rep1,redis,sb:events:n20:feed11:rep1,29e0c466-391a-40f8-b4ce-2fe8f2d3cbd9,3895113,106,21151373800,21151396600,1781307000278-0
concurrency_n20_20260613_002920_redis_feed11_rep1,redis,sb:events:n20:feed11:rep1,0e8d6519-0edf-47c9-8305-2c826a71513f,3895086,106,21152729600,21152751700,1781307000287-0
concurrency_n20_20260613_002920_redis_feed11_rep1,redis,sb:events:n20:feed11:rep1,9be6d5b2-1def-4cbc-ae53-a779159d0915,3895113,106,21155782100,21155831000,1781307000299-0
concurrency_n20_20260613_002920_redis_feed11_rep1,redis,sb:events:n20:feed11:rep1,e9cab33f-5f40-49a3-b7fc-a69771b80008,3895086,106,21157476100,21157508200,1781307000304-0
concurrency_n20_20260613_002920_redis_feed11_rep1,redis,sb:events:n20:feed11:rep1,cbdba06b-9e29-414c-bc4f-9580fbb9f441,3895052,107,21159682000,21159708000,1781307000307-0
concurrency_n20_20260613_002920_redis_feed11_rep1,redis,sb:events:n20:feed11:rep1,2526c2b2-3b7c-436a-b75d-14c0e76b7337,3895052,107,21162020600,21162041400,1781307000309-0
concurrency_n20_20260613_002920_redis_feed11_rep1,redis,sb:events:n20:feed11:rep1,27646fac-073e-4ef6-b37d-d3e1d12fadff,3895134,107,21162992300,21163015300,1781307000310-0
concurrency_n20_20260613_002920_redis_feed11_rep1,redis,sb:events:n20:feed11:rep1,9e3511f7-13cb-4b3c-9f7e-5a70e1446bcb,3895134,107,21164272000,21164293000,1781307000312-0
concurrency_n20_20260613_002920_redis_feed11_rep1,redis,sb:events:n20:feed11:rep1,702f074d-fb36-45a2-be9a-6abdcd182ce0,3895134,107,21165242500,21165302200,1781307000316-0
concurrency_n20_20260613_002920_redis_feed11_rep1,redis,sb:events:n20:feed11:rep1,9ad57bd7-c9d8-4dbc-b7df-c826e2a93276,3895107,107,21166296300,21166316500,1781307000318-0
concurrency_n20_20260613_002920_redis_feed11_rep1,redis,sb:events:n20:feed11:rep1,c97e8cf5-546c-47b5-ae9a-2727d472a505,3895107,107,21167189000,21167210100,1781307000320-0
concurrency_n20_20260613_002920_redis_feed11_rep1,redis,sb:events:n20:feed11:rep1,20619fe5-acd9-4561-b937-977ea2e815a4,3895107,107,21173311000,21173336700,1781307000322-0
concurrency_n20_20260613_002920_redis_feed11_rep1,redis,sb:events:n20:feed11:rep1,9de49e44-f9ca-4936-8169-093f6a29bbb3,3895121,108,21175040100,21175071100,1781307000324-0
concurrency_n20_20260613_002920_redis_feed11_rep1,redis,sb:events:n20:feed11:rep1,f6a1cf5d-91aa-4da6-92eb-ea7261dc67e3,3895107,108,21180420600,21180450400,1781307000325-0
concurrency_n20_20260613_002920_redis_feed11_rep1,redis,sb:events:n20:feed11:rep1,1f358520-88de-4fba-acdc-1b07a205435e,3895107,108,21221717700,21221743500,1781307000329-0
concurrency_n20_20260613_002920_redis_feed11_rep1,redis,sb:events:n20:feed11:rep1,41d0ce65-e3fe-4ec0-a9f2-c2a7eebff4e0,3895107,108,21222854100,21222876300,1781307000331-0
concurrency_n20_20260613_002920_redis_feed11_rep1,redis,sb:events:n20:feed11:rep1,21dee0fb-5d81-48c1-8288-7f701d838295,3895067,108,21223992800,21224020600,1781307000338-0
concurrency_n20_20260613_002920_redis_feed11_rep1,redis,sb:events:n20:feed11:rep1,9c0d8c9d-b5b7-46ba-9304-d716adc447c2,3895086,108,21225290300,21225315800,1781307000339-0
concurrency_n20_20260613_002920_redis_feed11_rep1,redis,sb:events:n20:feed11:rep1,0c2762f4-d89c-498f-8f26-7427fe581ffb,3895121,109,21226252900,21226276300,1781307000349-0
concurrency_n20_20260613_002920_redis_feed11_rep1,redis,sb:events:n20:feed11:rep1,b5ebc124-dbfd-4356-a6eb-2609f9143ccd,3895121,109,21230376600,21230490900,1781307000353-0
concurrency_n20_20260613_002920_redis_feed11_rep1,redis,sb:events:n20:feed11:rep1,a08bd5e4-b884-40a9-99e7-2e6ec11c9468,3895052,109,21231716400,21231746200,1781307000360-0
concurrency_n20_20260613_002920_redis_feed11_rep1,redis,sb:events:n20:feed11:rep1,6a9dcea1-2952-4c3a-98e4-4c6c65274736,3895052,109,21233898300,21233945000,1781307000376-0
concurrency_n20_20260613_002920_redis_feed11_rep1,redis,sb:events:n20:feed11:rep1,b4b06f9a-98a5-44e6-ba3e-b31d9951b125,3895052,109,21239070700,21239217100,1781307000383-0
concurrency_n20_20260613_002920_redis_feed11_rep1,redis,sb:events:n20:feed11:rep1,992bbe98-e47e-4708-89d4-a6ab8c0af31d,3895134,109,21240028100,21240052400,1781307000387-0
concurrency_n20_20260613_002920_redis_feed11_rep1,redis,sb:events:n20:feed11:rep1,142b9c29-49d5-4f3a-b30a-e573ddbf7700,3895107,109,21241625900,21241715700,1781307000394-0
concurrency_n20_20260613_002920_redis_feed11_rep1,redis,sb:events:n20:feed11:rep1,e0feafd9-95d2-4415-a36f-cb898baf5a29,3895107,109,21242764800,21242787200,1781307000395-0
concurrency_n20_20260613_002920_redis_feed11_rep1,redis,sb:events:n20:feed11:rep1,911c8215-0099-46a6-ad30-00c107b2179a,3895107,109,21249447300,21249489100,1781307000401-0
concurrency_n20_20260613_002920_redis_feed11_rep1,redis,sb:events:n20:feed11:rep1,c5f98d0c-da42-4c2c-82fe-8b575b76bda1,3895107,109,21250697100,21250726100,1781307000402-0
concurrency_n20_20260613_002920_redis_feed11_rep1,redis,sb:events:n20:feed11:rep1,24d6b1ef-00d0-4d6c-aa3b-c7820ef973c0,3895113,109,21251450500,21251473500,1781307000403-0
concurrency_n20_20260613_002920_redis_feed11_rep1,redis,sb:events:n20:feed11:rep1,c7efcc3e-070e-40d8-a151-a97c646a22dc,3895086,109,21255558300,21256015100,1781307000409-0
concurrency_n20_20260613_002920_redis_feed11_rep1,redis,sb:events:n20:feed11:rep1,ce9691b1-8c85-4575-8f83-6d6b0dd6ae29,3895086,109,21257070100,21257112800,1781307000410-0
concurrency_n20_20260613_002920_redis_feed11_rep1,redis,sb:events:n20:feed11:rep1,97be3159-7459-47e2-a9a3-236c8c402e2e,3895052,110,21258248300,21258271000,1781307000412-0
concurrency_n20_20260613_002920_redis_feed11_rep1,redis,sb:events:n20:feed11:rep1,c3323881-9112-4b7d-b3cf-06062fcb5902,3895052,110,21260158900,21260236000,1781307000415-0
concurrency_n20_20260613_002920_redis_feed11_rep1,redis,sb:events:n20:feed11:rep1,8107f6b4-2ca4-4426-b2f1-fddbf56b3d12,3895107,110,21262043700,21262069200,1781307000416-0
concurrency_n20_20260613_002920_redis_feed11_rep1,redis,sb:events:n20:feed11:rep1,5cdf8f93-3144-4a4d-b2b7-50ef011136b8,3895107,110,21262740100,21262760600,1781307000418-0
concurrency_n20_20260613_002920_redis_feed11_rep1,redis,sb:events:n20:feed11:rep1,61d9445d-6620-45a8-9d8c-b32705645f62,3895107,110,21264867100,21264900800,1781307000421-0
concurrency_n20_20260613_002920_redis_feed11_rep1,redis,sb:events:n20:feed11:rep1,a9799eea-c672-4ecd-9ba0-90a736c24a87,3895067,110,21265887700,21265910500,1781307000422-0
concurrency_n20_20260613_002920_redis_feed11_rep1,redis,sb:events:n20:feed11:rep1,e7340a13-792c-4042-b5d0-9ead45dbf21f,3895067,110,21267470400,21267494300,1781307000424-0
concurrency_n20_20260613_002920_redis_feed11_rep1,redis,sb:events:n20:feed11:rep1,91483f9e-a629-476a-9701-36dbd203741d,3895067,110,21269933300,21269961800,1781307000427-0
concurrency_n20_20260613_002920_redis_feed11_rep1,redis,sb:events:n20:feed11:rep1,6762475a-b66e-4b20-b7af-fbde39fdc7c9,3895113,110,21284562700,21284609900,1781307000429-0
concurrency_n20_20260613_002920_redis_feed11_rep1,redis,sb:events:n20:feed11:rep1,b8b38f3e-a656-4846-a0ed-da17aa29d986,3895113,110,21289566200,21289594600,1781307000431-0
concurrency_n20_20260613_002920_redis_feed11_rep1,redis,sb:events:n20:feed11:rep1,7c853898-8a8a-46f3-ba54-ccd88563a52e,3895113,110,21292006400,21292036300,1781307000438-0
concurrency_n20_20260613_002920_redis_feed11_rep1,redis,sb:events:n20:feed11:rep1,26c094bc-d1c8-42f2-b616-325b8e085f8f,3895113,110,21293736400,21293757700,1781307000445-0
concurrency_n20_20260613_002920_redis_feed11_rep1,redis,sb:events:n20:feed11:rep1,70ac486f-ae17-4fb7-9926-eff1d5fcb4d3,3895113,110,21303328200,21303358100,1781307000453-0
concurrency_n20_20260613_002920_redis_feed11_rep1,redis,sb:events:n20:feed11:rep1,67f159f8-0e87-477b-aad7-f2484553936e,3895113,110,21305626000,21305661500,1781307000454-0
concurrency_n20_20260613_002920_redis_feed11_rep1,redis,sb:events:n20:feed11:rep1,64bc8b69-4baf-4c85-9ea8-a8cb97bc5fb4,3895121,111,21307896100,21307916700,1781307000455-0
concurrency_n20_20260613_002920_redis_feed11_rep1,redis,sb:events:n20:feed11:rep1,3fd9667f-d5ab-42b7-9320-b4a4407a7260,3895113,111,21308675000,21308695100,1781307000457-0
concurrency_n20_20260613_002920_redis_feed11_rep1,redis,sb:events:n20:feed11:rep1,6aa04e2b-f226-4e4c-84a1-6438d188c9a6,3895052,112,21311834700,21311905300,1781307000458-0
concurrency_n20_20260613_002920_redis_feed11_rep1,redis,sb:events:n20:feed11:rep1,2e64c80b-b9a7-440c-8066-930bfa2c46bb,3895107,112,21312990900,21313018200,1781307000463-0
concurrency_n20_20260613_002920_redis_feed11_rep1,redis,sb:events:n20:feed11:rep1,19bba5a5-8072-4b4c-801f-234c78944a77,3895107,112,21313823200,21313842300,1781307000465-0
concurrency_n20_20260613_002920_redis_feed11_rep1,redis,sb:events:n20:feed11:rep1,7a548134-dd4e-470b-bfab-5d177d356f45,3895067,112,21332428500,21332454900,1781307000467-0
concurrency_n20_20260613_002920_redis_feed11_rep1,redis,sb:events:n20:feed11:rep1,45002568-a496-4ab7-87a7-380e89d6640d,3895067,112,21338967000,21338998700,1781307000468-0
concurrency_n20_20260613_002920_redis_feed11_rep1,redis,sb:events:n20:feed11:rep1,ddadd240-6377-490e-a404-b37b67a30fd4,3895067,112,21339988800,21340016100,1781307000471-0
concurrency_n20_20260613_002920_redis_feed11_rep1,redis,sb:events:n20:feed11:rep1,9314664c-5c01-4a5a-b79c-e7881d06fd32,3895086,112,21340675900,21340699000,1781307000484-0
concurrency_n20_20260613_002920_redis_feed11_rep1,redis,sb:events:n20:feed11:rep1,dc4271d8-7107-479f-a6b7-343a5e10fc80,3895113,112,21341637300,21341659400,1781307000487-0
concurrency_n20_20260613_002920_redis_feed11_rep1,redis,sb:events:n20:feed11:rep1,750b8b16-cb65-4b93-9bf2-b66af9280590,3895121,113,21344380100,21344409400,1781307000494-0
concurrency_n20_20260613_002920_redis_feed11_rep1,redis,sb:events:n20:feed11:rep1,d61632a6-1e43-412c-9930-695e7a0e3878,3895121,113,21348460700,21348491000,1781307000495-0
concurrency_n20_20260613_002920_redis_feed11_rep1,redis,sb:events:n20:feed11:rep1,9a0e6542-ddb5-4cc5-ac8e-762f234226e1,3895121,113,21349224200,21349258000,1781307000496-0
concurrency_n20_20260613_002920_redis_feed11_rep1,redis,sb:events:n20:feed11:rep1,c7d7a1e8-0f1a-4674-8818-e29ff292795b,3895052,113,21349934000,21349953300,1781307000502-0
concurrency_n20_20260613_002920_redis_feed11_rep1,redis,sb:events:n20:feed11:rep1,97d8e43c-7f14-4447-ae06-290765162250,3895052,113,21352163400,21352183800,1781307000503-0
concurrency_n20_20260613_002920_redis_feed11_rep1,redis,sb:events:n20:feed11:rep1,c8ff62dc-59ef-4080-baee-5f6217dbc1bb,3895052,113,21353063800,21353085100,1781307000505-0
concurrency_n20_20260613_002920_redis_feed11_rep1,redis,sb:events:n20:feed11:rep1,b248d17d-7408-44b7-80ac-950b87e98a57,3895052,113,21357152700,21357180000,1781307000512-0
concurrency_n20_20260613_002920_redis_feed11_rep1,redis,sb:events:n20:feed11:rep1,d504c8cc-bf08-403b-9f0f-1d3dfc3b260c,3895067,113,21359010300,21359036500,1781307000513-0
concurrency_n20_20260613_002920_redis_feed11_rep1,redis,sb:events:n20:feed11:rep1,b50cfe07-9c82-4ab6-8959-f4124f7e95da,3895067,113,21360881500,21360906300,1781307000514-0
concurrency_n20_20260613_002920_redis_feed11_rep1,redis,sb:events:n20:feed11:rep1,dbc49305-1448-401e-a486-14dac27ad308,3895086,113,21372884400,21372912800,1781307000518-0
concurrency_n20_20260613_002920_redis_feed11_rep1,redis,sb:events:n20:feed11:rep1,c58e2f66-49be-477c-bbb6-b18188180609,3895086,113,21375382200,21375408700,1781307000520-0
concurrency_n20_20260613_002920_redis_feed11_rep1,redis,sb:events:n20:feed11:rep1,3d1371cd-b194-40a5-92e0-a41779d68bd5,3895113,113,21378199100,21378302300,1781307000524-0
concurrency_n20_20260613_002920_redis_feed11_rep1,redis,sb:events:n20:feed11:rep1,26953926-00a3-4f5f-bb1d-6a7249bae936,3895113,113,21416969700,21417163400,1781307000528-0
concurrency_n20_20260613_002920_redis_feed11_rep1,redis,sb:events:n20:feed11:rep1,2116b6a3-7d95-4e53-98ab-20afb5dd9951,3895113,113,21419444600,21419466900,1781307000529-0
concurrency_n20_20260613_002920_redis_feed11_rep1,redis,sb:events:n20:feed11:rep1,91f0bfc9-6dac-47b0-bafb-9f62e10a710f,3895113,113,21420984900,21421010900,1781307000535-0
concurrency_n20_20260613_002920_redis_feed11_rep1,redis,sb:events:n20:feed11:rep1,0186c979-505b-41c3-9b8e-6bb584c2d354,3895134,114,21431911900,21435665000,1781307000565-0
concurrency_n20_20260613_002920_redis_feed11_rep1,redis,sb:events:n20:feed11:rep1,171eff5b-4437-41ee-927f-e533939b451c,3895134,114,21454509900,21454538800,1781307000575-0
concurrency_n20_20260613_002920_redis_feed11_rep1,redis,sb:events:n20:feed11:rep1,ed61d850-a665-4e5e-a9b4-fa4860cd73a9,3895052,114,21457295000,21457323300,1781307000577-0
concurrency_n20_20260613_002920_redis_feed11_rep1,redis,sb:events:n20:feed11:rep1,c9f142b4-0f18-423c-9272-741f44713316,3895052,114,21458376700,21458398000,1781307000579-0
concurrency_n20_20260613_002920_redis_feed11_rep1,redis,sb:events:n20:feed11:rep1,be1bdcf2-142d-411b-ba28-d6c2499bbd28,3895052,114,21462435600,21462462700,1781307000588-0
concurrency_n20_20260613_002920_redis_feed11_rep1,redis,sb:events:n20:feed11:rep1,b45e1a89-6f3c-4d8f-ad6c-9deb82845628,3895052,114,21463841200,21463866800,1781307000591-0
concurrency_n20_20260613_002920_redis_feed11_rep1,redis,sb:events:n20:feed11:rep1,db789b2b-870f-4716-b452-e54958307050,3895052,114,21464613700,21464635200,1781307000613-0
concurrency_n20_20260613_002920_redis_feed11_rep1,redis,sb:events:n20:feed11:rep1,a9acce11-8ebc-41d3-9fe6-2333092d65b6,3895107,114,21471291100,21471339700,1781307000615-0
concurrency_n20_20260613_002920_redis_feed11_rep1,redis,sb:events:n20:feed11:rep1,7377ad6e-fa0b-4596-81b9-ac590287046b,3895107,114,21478039700,21478068600,1781307000617-0
concurrency_n20_20260613_002920_redis_feed11_rep1,redis,sb:events:n20:feed11:rep1,0f2e3e9c-1659-4b1e-8767-68615acb8390,3895067,114,21479034500,21479074000,1781307000618-0
concurrency_n20_20260613_002920_redis_feed11_rep1,redis,sb:events:n20:feed11:rep1,d3ed5183-b51f-426c-9c0d-0b3772c2d450,3895113,114,21480218600,21480278900,1781307000620-0
concurrency_n20_20260613_002920_redis_feed11_rep1,redis,sb:events:n20:feed11:rep1,0ede5dbd-8812-4aea-8181-e9fa6fd135cf,3895113,114,21482302400,21482347500,1781307000621-0
concurrency_n20_20260613_002920_redis_feed11_rep1,redis,sb:events:n20:feed11:rep1,cdde5370-fb15-4a58-adf4-45eed020acf8,3895113,114,21486637900,21486669200,1781307000628-0
concurrency_n20_20260613_002920_redis_feed11_rep1,redis,sb:events:n20:feed11:rep1,17cb5297-54dd-428b-9795-e463bf435ca1,3895121,115,21487702300,21487727000,1781307000632-0
concurrency_n20_20260613_002920_redis_feed11_rep1,redis,sb:events:n20:feed11:rep1,50a6623d-60b8-45b1-8685-0701fb4f6c9f,3895121,115,21489725300,21489752200,1781307000634-0
concurrency_n20_20260613_002920_redis_feed11_rep1,redis,sb:events:n20:feed11:rep1,7a1ba5fc-c4e3-4918-a896-085d43ee76b6,3895121,115,21490919400,21490943900,1781307000635-0
concurrency_n20_20260613_002920_redis_feed11_rep1,redis,sb:events:n20:feed11:rep1,3d4305d7-c8f8-4354-b310-21e2b727b442,3895134,115,21494242100,21494279100,1781307000636-0
concurrency_n20_20260613_002920_redis_feed11_rep1,redis,sb:events:n20:feed11:rep1,9448c0b2-c494-4c40-a7e6-8959d9c073ef,3895134,115,21495458500,21495496800,1781307000641-0
concurrency_n20_20260613_002920_redis_feed11_rep1,redis,sb:events:n20:feed11:rep1,0e3ede14-3ebc-41c2-a975-1d49d5de4bb2,3895052,115,21496435100,21496456600,1781307000643-0
concurrency_n20_20260613_002920_redis_feed11_rep1,redis,sb:events:n20:feed11:rep1,0e7d8edf-fcfa-4072-b346-cbca8880cbc6,3895052,115,21497659200,21497712200,1781307000644-0
concurrency_n20_20260613_002920_redis_feed11_rep1,redis,sb:events:n20:feed11:rep1,f10a1738-f05c-41c3-bb31-199f77d1efe5,3895052,115,21502239800,21502309000,1781307000649-0
concurrency_n20_20260613_002920_redis_feed11_rep1,redis,sb:events:n20:feed11:rep1,b5e59fb5-c369-47e1-92be-0a5e0073312b,3895107,115,21510993400,21511029300,1781307000651-0
concurrency_n20_20260613_002920_redis_feed11_rep1,redis,sb:events:n20:feed11:rep1,9074ea1f-84fd-41b2-a58d-64c5e86f206f,3895107,115,21523522300,21523653400,1781307000652-0
concurrency_n20_20260613_002920_redis_feed11_rep1,redis,sb:events:n20:feed11:rep1,0b564d85-b990-494e-92dc-f5c12a9ad7e7,3895067,115,21530809300,21530839600,1781307000668-0
concurrency_n20_20260613_002920_redis_feed11_rep1,redis,sb:events:n20:feed11:rep1,dfa44927-1786-4242-a3c9-6bb78f92a41d,3895121,116,21542207000,21542257700,1781307000681-0
concurrency_n20_20260613_002920_redis_feed11_rep1,redis,sb:events:n20:feed11:rep1,28167a01-c198-4e27-808e-d05ab7dd92fe,3895121,116,21552009800,21552034400,1781307000693-0
concurrency_n20_20260613_002920_redis_feed11_rep1,redis,sb:events:n20:feed11:rep1,12de5a66-0731-4744-9042-e9da4bd3738e,3895121,116,21555120400,21555154900,1781307000706-0
concurrency_n20_20260613_002920_redis_feed11_rep1,redis,sb:events:n20:feed11:rep1,ba8994b3-43e5-4898-9f47-3d747cc8a03e,3895052,116,21556750900,21556795200,1781307000710-0
concurrency_n20_20260613_002920_redis_feed11_rep1,redis,sb:events:n20:feed11:rep1,53f544f0-0701-4acc-8950-50e2edc7b679,3895052,116,21559330400,21559360200,1781307000714-0
concurrency_n20_20260613_002920_redis_feed11_rep1,redis,sb:events:n20:feed11:rep1,22f8ff4f-420d-4b03-b190-3fe080a231eb,3895107,116,21567002100,21567043900,1781307000715-0
concurrency_n20_20260613_002920_redis_feed11_rep1,redis,sb:events:n20:feed11:rep1,3297912b-e9f2-42e0-a8f7-19bca286fa92,3895067,116,21581449900,21581532600,1781307000720-0
concurrency_n20_20260613_002920_redis_feed11_rep1,redis,sb:events:n20:feed11:rep1,6b35b1b1-3299-4f91-9b89-b78502892306,3895067,116,21583250500,21583297000,1781307000722-0
concurrency_n20_20260613_002920_redis_feed11_rep1,redis,sb:events:n20:feed11:rep1,98e9e7f9-90c2-49d9-8f4a-9b3f5f40c4e7,3895113,116,21590357500,21590392700,1781307000724-0
concurrency_n20_20260613_002920_redis_feed11_rep1,redis,sb:events:n20:feed11:rep1,17bc10e3-7560-4f0f-a656-c11a10466f53,3895107,117,21592294900,21592357200,1781307000737-0
concurrency_n20_20260613_002920_redis_feed11_rep1,redis,sb:events:n20:feed11:rep1,d509cfef-14fd-48df-9635-76fd2b71384f,3895107,117,21593294800,21593318800,1781307000746-0
concurrency_n20_20260613_002920_redis_feed11_rep1,redis,sb:events:n20:feed11:rep1,6c18a770-7237-4414-8130-1ac21c24d62c,3895107,117,21594917200,21594942600,1781307000747-0
concurrency_n20_20260613_002920_redis_feed11_rep1,redis,sb:events:n20:feed11:rep1,07e7d61f-9a36-47c6-9600-14f7c660e7be,3895067,117,21600047300,21600074900,1781307000748-0
concurrency_n20_20260613_002920_redis_feed11_rep1,redis,sb:events:n20:feed11:rep1,ae378274-737d-4255-a738-ee950d3e72e0,3895113,117,21613669400,21613691800,1781307000754-0
concurrency_n20_20260613_002920_redis_feed11_rep1,redis,sb:events:n20:feed11:rep1,e3ba7692-e4e0-4c95-8c4e-2cae2279d589,3895113,117,21615156300,21615192200,1781307000757-0
concurrency_n20_20260613_002920_redis_feed11_rep1,redis,sb:events:n20:feed11:rep1,1ef6537d-42b1-4a9a-845b-a152415c04ff,3895121,118,21616448600,21616470500,1781307000758-0
concurrency_n20_20260613_002920_redis_feed11_rep1,redis,sb:events:n20:feed11:rep1,942c2d63-be6b-4ef5-9631-886f35366d16,3895121,118,21629453500,21629483700,1781307000769-0
concurrency_n20_20260613_002920_redis_feed11_rep1,redis,sb:events:n20:feed11:rep1,cac04a9b-0c8b-4906-a427-775d3abf3395,3895121,118,21634800000,21634939400,1781307000772-0
concurrency_n20_20260613_002920_redis_feed11_rep1,redis,sb:events:n20:feed11:rep1,9eee3473-7f29-4358-899e-97c57243b3fc,3895086,118,21639117000,21639144200,1781307000787-0
concurrency_n20_20260613_002920_redis_feed11_rep1,redis,sb:events:n20:feed11:rep1,2fa0470b-b096-4e0f-8f7e-5c3bdc27abbd,3895052,119,21647120400,21647143200,1781307000806-0
concurrency_n20_20260613_002920_redis_feed11_rep1,redis,sb:events:n20:feed11:rep1,8e75e7d9-d322-4c00-a2af-f2c35092b10a,3895107,119,21649601300,21649622900,1781307000808-0
concurrency_n20_20260613_002920_redis_feed11_rep1,redis,sb:events:n20:feed11:rep1,fc9c2958-2dc2-428b-957b-587677606e28,3895086,119,21653652000,21653676300,1781307000812-0
concurrency_n20_20260613_002920_redis_feed11_rep1,redis,sb:events:n20:feed11:rep1,7ae4a7ff-a6c4-4c74-942a-ad61360cea97,3895086,119,21658880900,21658909500,1781307000816-0
concurrency_n20_20260613_002920_redis_feed11_rep1,redis,sb:events:n20:feed11:rep1,9b98774e-3075-42de-b94e-96ed73663d39,3895086,119,21661837700,21661874700,1781307000818-0
concurrency_n20_20260613_002920_redis_feed11_rep1,redis,sb:events:n20:feed11:rep1,d786abf4-38cb-40e5-b6b5-e8eb9625a8ba,3895121,120,21689431100,21689481700,1781307000843-0
concurrency_n20_20260613_002920_redis_feed11_rep1,redis,sb:events:n20:feed11:rep1,eb426907-87c9-419e-8ee6-0ed8b6b740e4,3895052,120,21693270900,21693297200,1781307000846-0
concurrency_n20_20260613_002920_redis_feed11_rep1,redis,sb:events:n20:feed11:rep1,ae318e73-9edd-4aa7-8a31-7ab53c980a7f,3895113,120,21700006600,21700032400,1781307000850-0
concurrency_n20_20260613_002920_redis_feed11_rep1,redis,sb:events:n20:feed11:rep1,a46567a2-874a-4083-b7d8-7fb9c77581c9,3895113,121,21701706600,21701762700,1781307000853-0
concurrency_n20_20260613_002920_redis_feed11_rep1,redis,sb:events:n20:feed11:rep1,bdcb87b4-886d-4a51-846a-e3daf9134550,3895113,121,21702871800,21702891300,1781307000855-0
concurrency_n20_20260613_002920_redis_feed11_rep1,redis,sb:events:n20:feed11:rep1,c6fa8cba-1701-4ea3-ac1a-392f3600fa7f,3895113,121,21726473700,21726505800,1781307000871-0
concurrency_n20_20260613_002920_redis_feed11_rep1,redis,sb:events:n20:feed11:rep1,555bc5c4-24ff-470a-bcb3-f1f8c805a727,3895121,122,21733769100,21733788900,1781307000877-0
concurrency_n20_20260613_002920_redis_feed11_rep1,redis,sb:events:n20:feed11:rep1,408f4bbf-413e-4694-89db-f672c83307a8,3895121,122,21734448300,21734469900,1781307000888-0
concurrency_n20_20260613_002920_redis_feed11_rep1,redis,sb:events:n20:feed11:rep1,5eedec80-f645-4cfb-aa12-58c2d9e4aa76,3895134,122,21736748100,21736779200,1781307000893-0
concurrency_n20_20260613_002920_redis_feed11_rep1,redis,sb:events:n20:feed11:rep1,5e463067-3b5f-41a2-94c8-8f2b45bde467,3895113,122,21738159500,21738191800,1781307000894-0
concurrency_n20_20260613_002920_redis_feed11_rep1,redis,sb:events:n20:feed11:rep1,91ebf0de-d5c2-4d9a-afc6-8a0886f2b8d9,3895113,122,21740964700,21740991500,1781307000896-0
concurrency_n20_20260613_002920_redis_feed11_rep1,redis,sb:events:n20:feed11:rep1,5d9832a6-a171-4ef4-b701-f6b4d05feee6,3895086,123,21743948400,21743972100,1781307000902-0
concurrency_n20_20260613_002920_redis_feed11_rep1,redis,sb:events:n20:feed11:rep1,0ebcc909-cb95-4c8d-9d1e-9a5a1602fab8,3895074,124,21749238300,21749263200,1781307000905-0
concurrency_n20_20260613_002920_redis_feed11_rep1,redis,sb:events:n20:feed11:rep1,0e86a8f0-fac3-4b94-ae98-503bef435107,3895086,124,21750186800,21750208200,1781307000906-0
concurrency_n20_20260613_002920_redis_feed11_rep1,redis,sb:events:n20:feed11:rep1,3df3c610-7558-40f2-8409-3980c81df760,3895086,124,21750934300,21750956700,1781307000908-0
concurrency_n20_20260613_002920_redis_feed11_rep1,redis,sb:events:n20:feed11:rep1,b146373c-bfd4-4689-9a30-2425bedbaea1,3895121,125,21753144400,21753239800,1781307000909-0
concurrency_n20_20260613_002920_redis_feed11_rep1,redis,sb:events:n20:feed11:rep1,bc78e1b9-5446-43ae-a64a-472f49fcc426,3895134,125,21755025500,21755066300,1781307000910-0
concurrency_n20_20260613_002920_redis_feed11_rep1,redis,sb:events:n20:feed11:rep1,7668f311-474c-4a09-ba73-976cb6e622e9,3895134,125,21758423800,21758452000,1781307000915-0
concurrency_n20_20260613_002920_redis_feed11_rep1,redis,sb:events:n20:feed11:rep1,d486aa6d-6028-4a09-817b-504a539439c0,3895134,125,21763737400,21763980300,1781307000917-0
concurrency_n20_20260613_002920_redis_feed11_rep1,redis,sb:events:n20:feed11:rep1,0c3a05f7-8245-4880-8929-7fcf36f2ea64,3895086,126,21766664800,21766691200,1781307000921-0
concurrency_n20_20260613_002920_redis_feed11_rep1,redis,sb:events:n20:feed11:rep1,62daa303-276e-4025-88fd-f274ca6391a5,3895095,127,21768058100,21768107300,1781307000924-0
concurrency_n20_20260613_002920_redis_feed11_rep1,redis,sb:events:n20:feed11:rep1,afeefed6-d0ce-472b-bb6d-1575badb8431,3895121,127,21771327300,21771450900,1781307000925-0
concurrency_n20_20260613_002920_redis_feed11_rep1,redis,sb:events:n20:feed11:rep1,64d6040f-180b-47a2-87ef-500952d04dc9,3895121,127,21773133900,21773153000,1781307000930-0
concurrency_n20_20260613_002920_redis_feed11_rep1,redis,sb:events:n20:feed11:rep1,5ba62c14-0531-4810-8b10-81c900dabc24,3895052,127,21773973300,21773992600,1781307000932-0
concurrency_n20_20260613_002920_redis_feed11_rep1,redis,sb:events:n20:feed11:rep1,e1be1dd2-b23a-4194-bab1-2f8cf03e4b91,3895086,127,21779754400,21779792500,1781307000933-0
concurrency_n20_20260613_002920_redis_feed11_rep1,redis,sb:events:n20:feed11:rep1,00dfb475-72a7-4673-ba72-cb20316a774f,3895086,127,21780569300,21780593500,1781307000934-0
concurrency_n20_20260613_002920_redis_feed11_rep1,redis,sb:events:n20:feed11:rep1,e217828c-5b24-44e5-98c4-da628ea86b68,3895086,127,21782066100,21782086500,1781307000936-0
concurrency_n20_20260613_002920_redis_feed11_rep1,redis,sb:events:n20:feed11:rep1,39cbe823-8aa4-40ec-8e9c-fafa182c583c,3895086,127,21783821300,21783856000,1781307000938-0
concurrency_n20_20260613_002920_redis_feed11_rep1,redis,sb:events:n20:feed11:rep1,b5a26a30-b128-4077-a30b-60fe783e8f6e,3895121,128,21789681700,21789705300,1781307000941-0
concurrency_n20_20260613_002920_redis_feed11_rep1,redis,sb:events:n20:feed11:rep1,48d9689f-34d4-42dc-b2bb-ddaefd5f083a,3895121,129,21790768100,21790795200,1781307000944-0
concurrency_n20_20260613_002920_redis_feed11_rep1,redis,sb:events:n20:feed11:rep1,34f794a7-c154-4ea0-9022-72271af0e55b,3895121,129,21792048400,21792128500,1781307000945-0
concurrency_n20_20260613_002920_redis_feed11_rep1,redis,sb:events:n20:feed11:rep1,cb8a277a-542b-4c45-9c92-4eeb0146cc5a,3895121,129,21792888100,21792912200,1781307000946-0
concurrency_n20_20260613_002920_redis_feed11_rep1,redis,sb:events:n20:feed11:rep1,5b520ef2-a8d3-4a67-8426-b36c70e7f981,3895086,129,21795487900,21795591400,1781307000948-0
concurrency_n20_20260613_002920_redis_feed11_rep1,redis,sb:events:n20:feed11:rep1,9c855d8d-f090-4c54-961f-74a84bc48724,3895121,130,21801450800,21801474300,1781307000951-0
concurrency_n20_20260613_002920_redis_feed11_rep1,redis,sb:events:n20:feed11:rep1,e3332c0d-b466-4873-9fbc-85232deb3925,3895121,130,21802950700,21802973100,1781307000953-0
concurrency_n20_20260613_002920_redis_feed11_rep1,redis,sb:events:n20:feed11:rep1,c1a39259-85ef-4ad6-a099-74dca9a15d3d,3895052,130,21804860800,21804892600,1781307000954-0
concurrency_n20_20260613_002920_redis_feed11_rep1,redis,sb:events:n20:feed11:rep1,a97cdc41-3859-49e2-a4e9-71cdf9d4722a,3895095,131,21807148000,21807198300,1781307000955-0
concurrency_n20_20260613_002920_redis_feed11_rep1,redis,sb:events:n20:feed11:rep1,e7fddee0-3be2-4805-b58f-a6ffc185442d,3895095,131,21808225000,21808251700,1781307000957-0
concurrency_n20_20260613_002920_redis_feed11_rep1,redis,sb:events:n20:feed11:rep1,48ae3e9b-f068-4b72-8c89-64d3fd6673db,3895095,131,21810723900,21810747900,1781307000960-0
concurrency_n20_20260613_002920_redis_feed11_rep1,redis,sb:events:n20:feed11:rep1,c205f5fd-bef3-4eeb-80a5-3e15ad9d2d75,3895095,132,21812877200,21812902200,1781307000962-0
concurrency_n20_20260613_002920_redis_feed11_rep1,redis,sb:events:n20:feed11:rep1,b28bd901-d527-4796-8f1a-3f35c620200a,3895095,132,21816059800,21816085600,1781307000964-0
concurrency_n20_20260613_002920_redis_feed11_rep1,redis,sb:events:n20:feed11:rep1,9ccbcba8-de45-4714-9f61-5898f2125d47,3895095,132,21817890800,21817915800,1781307000965-0
concurrency_n20_20260613_002920_redis_feed11_rep1,redis,sb:events:n20:feed11:rep1,939b2704-1335-4e90-8ddb-1f203784962d,3895095,132,21818718700,21818737200,1781307000967-0
concurrency_n20_20260613_002920_redis_feed11_rep1,redis,sb:events:n20:feed11:rep1,9a0df9ec-ca29-416b-9455-6d0699245517,3895086,132,21822422600,21822542800,1781307000970-0
concurrency_n20_20260613_002920_redis_feed11_rep1,redis,sb:events:n20:feed11:rep1,62a7bbe1-0f07-4fc3-984c-d3bd87ace61c,3895095,133,21825106200,21825134400,1781307000972-0
concurrency_n20_20260613_002920_redis_feed11_rep1,redis,sb:events:n20:feed11:rep1,40cc1606-a137-4b66-9bcb-a6ce6855c8bd,3895095,133,21826274800,21826312700,1781307000974-0
concurrency_n20_20260613_002920_redis_feed11_rep1,redis,sb:events:n20:feed11:rep1,17ae4e97-cbd8-431e-b4f2-0f5e66ead733,3895060,134,21827846900,21828062800,1781307000980-0
concurrency_n20_20260613_002920_redis_feed11_rep1,redis,sb:events:n20:feed11:rep1,ee2a9e51-6167-4107-b5d7-222a8364c5b2,3895060,134,21843331300,21843360400,1781307000982-0
concurrency_n20_20260613_002920_redis_feed11_rep1,redis,sb:events:n20:feed11:rep1,1d2350ad-32f9-42d6-bf6d-3c446a78528c,3895060,134,21849304200,21849336400,1781307000984-0
concurrency_n20_20260613_002920_redis_feed11_rep1,redis,sb:events:n20:feed11:rep1,43285854-773c-442d-b4c6-83e7303a059a,3895095,134,21851575500,21851655800,1781307000986-0
concurrency_n20_20260613_002920_redis_feed11_rep1,redis,sb:events:n20:feed11:rep1,2d5d9d93-1f1e-4b29-a84b-53e672619caf,3895095,134,21852756400,21852780300,1781307000995-0
concurrency_n20_20260613_002920_redis_feed11_rep1,redis,sb:events:n20:feed11:rep1,fccd97a6-e828-4e8a-b6d2-74137a5c76da,3895095,134,21858622900,21858650100,1781307001009-0
concurrency_n20_20260613_002920_redis_feed11_rep1,redis,sb:events:n20:feed11:rep1,df1f5572-1cdb-4db5-a7fe-c8a1f4b2dbc4,3895060,136,21859892300,21859915300,1781307001011-0
concurrency_n20_20260613_002920_redis_feed11_rep1,redis,sb:events:n20:feed11:rep1,8034c2f5-3b8b-448f-84b6-3d56d1317298,3895095,136,21860667000,21860688300,1781307001012-0
concurrency_n20_20260613_002920_redis_feed11_rep1,redis,sb:events:n20:feed11:rep1,4720aca0-dc33-4b91-bf79-28e5d02a9823,3895052,136,21862431200,21862455400,1781307001017-0
concurrency_n20_20260613_002920_redis_feed11_rep1,redis,sb:events:n20:feed11:rep1,2ee5f551-c20e-44d1-ae04-f3a72bb838fd,3895060,137,21867699700,21867777700,1781307001020-0
concurrency_n20_20260613_002920_redis_feed11_rep1,redis,sb:events:n20:feed11:rep1,629f26cc-12a2-4b57-9cc8-712cc9bd6865,3895060,137,21868990100,21869011000,1781307001021-0
concurrency_n20_20260613_002920_redis_feed11_rep1,redis,sb:events:n20:feed11:rep1,45a9de9f-a580-42b7-9ffe-7875d9e2cd85,3895095,137,21872524600,21872554500,1781307001027-0
concurrency_n20_20260613_002920_redis_feed11_rep1,redis,sb:events:n20:feed11:rep1,b84450d8-0b22-4986-8df3-0e2857770d62,3895095,137,21875383500,21875416700,1781307001028-0
concurrency_n20_20260613_002920_redis_feed11_rep1,redis,sb:events:n20:feed11:rep1,5c6ffce4-0b2a-4651-b593-33aa03a60daa,3895095,137,21877594200,21877646100,1781307001030-0
concurrency_n20_20260613_002920_redis_feed11_rep1,redis,sb:events:n20:feed11:rep1,8343a3d7-f2a3-4b5f-8a66-ee83553e0b14,3895052,137,21881605200,21881629800,1781307001031-0
concurrency_n20_20260613_002920_redis_feed11_rep1,redis,sb:events:n20:feed11:rep1,d684e5e4-ee5a-4a7a-8013-d787ae77e932,3895052,137,21884878800,21884931500,1781307001033-0
concurrency_n20_20260613_002920_redis_feed11_rep1,redis,sb:events:n20:feed11:rep1,8861d98d-8203-4cf2-a8cd-292630b66f01,3895052,137,21886287200,21886311100,1781307001034-0
concurrency_n20_20260613_002920_redis_feed11_rep1,redis,sb:events:n20:feed11:rep1,a62239ed-a51a-421b-8166-92c7a2439ab1,3895060,138,21888312100,21888342800,1781307001035-0
concurrency_n20_20260613_002920_redis_feed11_rep1,redis,sb:events:n20:feed11:rep1,5e363256-e968-42b8-b91a-ff98b9978997,3895052,138,21889439400,21889457500,1781307001036-0
concurrency_n20_20260613_002920_redis_feed11_rep1,redis,sb:events:n20:feed11:rep1,ceca0c62-9a68-4003-a66f-6408d2996153,3895052,138,21892915600,21892949700,1781307001038-0
concurrency_n20_20260613_002920_redis_feed11_rep1,redis,sb:events:n20:feed11:rep1,a94f1482-b5d0-45ea-9c8a-a578eb26ade6,3895060,139,21896807500,21896847100,1781307001040-0
concurrency_n20_20260613_002920_redis_feed11_rep1,redis,sb:events:n20:feed11:rep1,860f5c36-ef9b-4b21-bc71-35e0157762a2,3895060,139,21898653300,21898679900,1781307001042-0
concurrency_n20_20260613_002920_redis_feed11_rep1,redis,sb:events:n20:feed11:rep1,a0b9412b-af5d-4ae7-a768-2fb5ca78088c,3895095,139,21900712600,21900737700,1781307001044-0
concurrency_n20_20260613_002920_redis_feed11_rep1,redis,sb:events:n20:feed11:rep1,b8237fa5-ce5b-46d9-b92b-7c5d2fc0882a,3895107,139,21901965800,21901989100,1781307001047-0
concurrency_n20_20260613_002920_redis_feed11_rep1,redis,sb:events:n20:feed11:rep1,2e82cdf4-082a-4d1e-9590-c48cd417ba08,3895052,139,21907023100,21907052500,1781307001051-0
concurrency_n20_20260613_002920_redis_feed11_rep1,redis,sb:events:n20:feed11:rep1,6bc4c8b2-62da-473a-b751-2a43ebdc54fb,3895052,139,21908832200,21908859200,1781307001053-0
concurrency_n20_20260613_002920_redis_feed11_rep1,redis,sb:events:n20:feed11:rep1,4522c929-1571-459e-b17b-c2ab5a6247a2,3895052,139,21909719900,21909823700,1781307001055-0
concurrency_n20_20260613_002920_redis_feed11_rep1,redis,sb:events:n20:feed11:rep1,3be64c0b-6dad-4022-a71b-2ee59ed562fb,3895095,140,21912442800,21912492300,1781307001059-0
concurrency_n20_20260613_002920_redis_feed11_rep1,redis,sb:events:n20:feed11:rep1,7d0b87cf-fe4a-4f0d-bf10-8f1cb6bb60aa,3895095,140,21914085500,21914521800,1781307001061-0
concurrency_n20_20260613_002920_redis_feed11_rep1,redis,sb:events:n20:feed11:rep1,7d80a5a5-c9aa-4f70-be18-22fc1fa21038,3895095,140,21925364700,21925411200,1781307001062-0
concurrency_n20_20260613_002920_redis_feed11_rep1,redis,sb:events:n20:feed11:rep1,d0c874f5-c964-4141-8b5a-b4603dc98153,3895060,141,21931035400,21931070300,1781307001065-0
concurrency_n20_20260613_002920_redis_feed11_rep1,redis,sb:events:n20:feed11:rep1,fc1d2703-50cf-44fc-9a11-e2005c1a4742,3895060,141,21935254200,21935288700,1781307001067-0
concurrency_n20_20260613_002920_redis_feed11_rep1,redis,sb:events:n20:feed11:rep1,e42abc58-f3f6-471d-9d22-1ae2102faef1,3895095,141,21955853300,21955875700,1781307001072-0
concurrency_n20_20260613_002920_redis_feed11_rep1,redis,sb:events:n20:feed11:rep1,06d8c140-613c-415f-897a-9ff64cf3c9e4,3895052,141,21958071700,21958098500,1781307001074-0
concurrency_n20_20260613_002920_redis_feed11_rep1,redis,sb:events:n20:feed11:rep1,c97920dc-91b1-4ba4-90d4-d2ee1eb8ec4f,3895060,142,21959371000,21959397000,1781307001081-0
concurrency_n20_20260613_002920_redis_feed11_rep1,redis,sb:events:n20:feed11:rep1,8716c4f7-df1a-4c73-86c6-7af9557668c9,3895060,142,21960472600,21960494300,1781307001086-0
concurrency_n20_20260613_002920_redis_feed11_rep1,redis,sb:events:n20:feed11:rep1,dcbde8b8-ac84-457d-8048-5ac02e6f03cd,3895095,142,21961525800,21961546200,1781307001089-0
concurrency_n20_20260613_002920_redis_feed11_rep1,redis,sb:events:n20:feed11:rep1,d1eee694-bd64-4580-aae4-cf9edba91fe0,3895095,142,21965976900,21966009200,1781307001094-0
concurrency_n20_20260613_002920_redis_feed11_rep1,redis,sb:events:n20:feed11:rep1,38e364aa-af8a-4dbf-b99e-a24330dd2459,3895095,142,21969456100,21969483200,1781307001106-0
concurrency_n20_20260613_002920_redis_feed11_rep1,redis,sb:events:n20:feed11:rep1,41c876fb-891b-43ac-a188-4c32b52e1fb2,3895107,142,21976643000,21976672200,1781307001114-0
concurrency_n20_20260613_002920_redis_feed11_rep1,redis,sb:events:n20:feed11:rep1,c31ba033-bcf9-4d3c-83f2-c72b6d7d9dee,3895107,143,21990875000,21990902800,1781307001119-0
concurrency_n20_20260613_002920_redis_feed11_rep1,redis,sb:events:n20:feed11:rep1,a10f0ac6-c79a-4bb1-b6a3-6a425336db0b,3895052,143,21992236900,21992261600,1781307001120-0
concurrency_n20_20260613_002920_redis_feed11_rep1,redis,sb:events:n20:feed11:rep1,e513158e-b9e9-40d0-a11f-a77b226a2fdf,3895052,143,21993179600,21993198300,1781307001122-0
concurrency_n20_20260613_002920_redis_feed11_rep1,redis,sb:events:n20:feed11:rep1,14769c8b-1ce7-4a1a-9280-f86fcb3970c4,3895134,144,21993800600,21993820900,1781307001127-0
concurrency_n20_20260613_002920_redis_feed11_rep1,redis,sb:events:n20:feed11:rep1,27da8a02-d707-4ce8-a293-db4242406f9d,3895095,144,21994759400,21994778100,1781307001137-0
concurrency_n20_20260613_002920_redis_feed11_rep1,redis,sb:events:n20:feed11:rep1,2bbbcd7d-6c83-4bcb-b2da-5d70b7b62595,3895095,144,21995736500,21995754800,1781307001146-0
concurrency_n20_20260613_002920_redis_feed11_rep1,redis,sb:events:n20:feed11:rep1,4e4aad3f-1662-4b68-818c-8a861d35dad3,3895060,145,22007495200,22007522000,1781307001149-0
concurrency_n20_20260613_002920_redis_feed11_rep1,redis,sb:events:n20:feed11:rep1,2af2b993-757d-4545-8b47-d555bd5647ba,3895060,145,22013779900,22013965900,1781307001151-0
concurrency_n20_20260613_002920_redis_feed11_rep1,redis,sb:events:n20:feed11:rep1,274e4c69-0479-4360-8935-b4b883d351bd,3895134,145,22015534500,22015559000,1781307001153-0
concurrency_n20_20260613_002920_redis_feed11_rep1,redis,sb:events:n20:feed11:rep1,b72e24dd-2850-4c5f-8d96-f16624b518cd,3895134,145,22016614100,22016633200,1781307001154-0
concurrency_n20_20260613_002920_redis_feed11_rep1,redis,sb:events:n20:feed11:rep1,d5778bdf-d6e5-4a9e-98d0-307cefd0aa3a,3895134,145,22017495300,22017514100,1781307001155-0
concurrency_n20_20260613_002920_redis_feed11_rep1,redis,sb:events:n20:feed11:rep1,6ee3cb36-02c5-4388-9dd0-e89b8e673c69,3895107,145,22018886100,22019002000,1781307001157-0
concurrency_n20_20260613_002920_redis_feed11_rep1,redis,sb:events:n20:feed11:rep1,d492ff71-49f1-47b9-93d5-3a2ba41aa1a6,3895107,145,22021243300,22021294400,1781307001165-0
concurrency_n20_20260613_002920_redis_feed11_rep1,redis,sb:events:n20:feed11:rep1,61823ed4-1479-4890-b776-23c242285441,3895052,145,22022204900,22022225200,1781307001174-0
concurrency_n20_20260613_002920_redis_feed11_rep1,redis,sb:events:n20:feed11:rep1,905aae4b-8bb8-4cbe-b367-1dbdb13016f8,3895095,146,22023552600,22023576600,1781307001178-0
concurrency_n20_20260613_002920_redis_feed11_rep1,redis,sb:events:n20:feed11:rep1,2ad342b1-7289-486b-a50a-dd635e0fe308,3895095,146,22028986200,22029012700,1781307001180-0
concurrency_n20_20260613_002920_redis_feed11_rep1,redis,sb:events:n20:feed11:rep1,df1c3c1b-e9a2-4e50-a24b-0789cd2a61bd,3895052,146,22030013400,22030033600,1781307001182-0
concurrency_n20_20260613_002920_redis_feed11_rep1,redis,sb:events:n20:feed11:rep1,16f50eaa-bf9a-435a-869e-b4b94d90aef3,3895052,146,22030769200,22030794800,1781307001183-0
concurrency_n20_20260613_002920_redis_feed11_rep1,redis,sb:events:n20:feed11:rep1,5bc87cbd-db36-4bd5-a4d7-c07ed5435238,3895052,146,22032280100,22032323800,1781307001185-0
concurrency_n20_20260613_002920_redis_feed11_rep1,redis,sb:events:n20:feed11:rep1,94b8fb4f-15a6-4678-b49e-dbb1635dac91,3895074,147,22035161500,22035206100,1781307001190-0
concurrency_n20_20260613_002920_redis_feed11_rep1,redis,sb:events:n20:feed11:rep1,3a8e7135-5cd1-47d4-a1a8-caa6066bc446,3895060,147,22037336900,22037365800,1781307001192-0
concurrency_n20_20260613_002920_redis_feed11_rep1,redis,sb:events:n20:feed11:rep1,a690da0f-daea-46a9-8c95-fb0028dc9d52,3895060,147,22038738500,22038767400,1781307001194-0
concurrency_n20_20260613_002920_redis_feed11_rep1,redis,sb:events:n20:feed11:rep1,3bac1e29-591a-46c6-b1a0-98c8ce30328e,3895134,147,22046077900,22046108900,1781307001195-0
concurrency_n20_20260613_002920_redis_feed11_rep1,redis,sb:events:n20:feed11:rep1,dae48e3b-1290-4abc-a270-e05bcb5f6d54,3895134,147,22048796200,22048838600,1781307001197-0
concurrency_n20_20260613_002920_redis_feed11_rep1,redis,sb:events:n20:feed11:rep1,e7879c9d-92f2-4c18-b907-e14444eaa7ef,3895107,147,22049816900,22049836400,1781307001199-0
concurrency_n20_20260613_002920_redis_feed11_rep1,redis,sb:events:n20:feed11:rep1,1bedfa64-1d37-4506-aa21-4945f199f31e,3895052,147,22050581600,22050604500,1781307001201-0
concurrency_n20_20260613_002920_redis_feed11_rep1,redis,sb:events:n20:feed11:rep1,929a1602-3f39-4a54-810e-a0a90e250ff3,3895052,147,22051471900,22051489800,1781307001202-0
concurrency_n20_20260613_002920_redis_feed11_rep1,redis,sb:events:n20:feed11:rep1,5cbd0c3c-0bbf-4858-9d74-0206232f9fca,3895052,147,22052621200,22052640100,1781307001203-0
concurrency_n20_20260613_002920_redis_feed11_rep1,redis,sb:events:n20:feed11:rep1,fe614350-e134-46ba-8efb-925f5ac87ae7,3895060,148,22055211300,22055239900,1781307001205-0
concurrency_n20_20260613_002920_redis_feed11_rep1,redis,sb:events:n20:feed11:rep1,a4c1b81e-781e-4d08-83a5-c54a57580b62,3895134,148,22056808800,22056834000,1781307001207-0
concurrency_n20_20260613_002920_redis_feed11_rep1,redis,sb:events:n20:feed11:rep1,efb14b0b-f196-4536-8723-97a984f41655,3895095,148,22066862600,22066902700,1781307001209-0
concurrency_n20_20260613_002920_redis_feed11_rep1,redis,sb:events:n20:feed11:rep1,e9b560c1-2ff1-4cfc-b6b6-f593904510c4,3895134,149,22069384400,22069410600,1781307001211-0
concurrency_n20_20260613_002920_redis_feed11_rep1,redis,sb:events:n20:feed11:rep1,4fa6170b-3931-48f1-8db7-6af349365210,3895095,149,22072682600,22072711700,1781307001212-0
concurrency_n20_20260613_002920_redis_feed11_rep1,redis,sb:events:n20:feed11:rep1,32bb9c4d-af8f-4d4b-8694-0c58f8fae3b8,3895095,149,22074568300,22074596700,1781307001213-0
concurrency_n20_20260613_002920_redis_feed11_rep1,redis,sb:events:n20:feed11:rep1,5758447e-1001-49e1-a0ab-154017c719b5,3895095,149,22081793400,22081820900,1781307001217-0
concurrency_n20_20260613_002920_redis_feed11_rep1,redis,sb:events:n20:feed11:rep1,3c21c5d0-aa2b-4f7e-8add-85164d82adfa,3895095,149,22102005200,22102041100,1781307001219-0
concurrency_n20_20260613_002920_redis_feed11_rep1,redis,sb:events:n20:feed11:rep1,41fd2317-da9a-4fa3-8cbb-1848d1bdeb69,3895107,149,22104274200,22104305100,1781307001226-0
concurrency_n20_20260613_002920_redis_feed11_rep1,redis,sb:events:n20:feed11:rep1,1d4d5d50-bf23-4946-a4d9-a43b9b640a29,3895107,149,22132915500,22133004400,1781307001232-0
concurrency_n20_20260613_002920_redis_feed11_rep1,redis,sb:events:n20:feed11:rep1,3e95469a-5da3-41cb-9f40-0ff79f6eee66,3895121,150,22135340500,22135399000,1781307001234-0
concurrency_n20_20260613_002920_redis_feed11_rep1,redis,sb:events:n20:feed11:rep1,4d521520-8fe2-4624-a9ba-edbd457751d2,3895052,150,22137069300,22137102500,1781307001239-0
concurrency_n20_20260613_002920_redis_feed11_rep1,redis,sb:events:n20:feed11:rep1,d5d8d151-674a-421d-8a54-7f334aa9777f,3895052,150,22145215800,22145271300,1781307001241-0
concurrency_n20_20260613_002920_redis_feed11_rep1,redis,sb:events:n20:feed11:rep1,8135d562-0da3-440b-a0e2-268dae7d9672,3895060,151,22162305300,22162331600,1781307001258-0
concurrency_n20_20260613_002920_redis_feed11_rep1,redis,sb:events:n20:feed11:rep1,7ce1c8d6-183a-46fb-8712-67062f116c4f,3895060,151,22164049500,22164087400,1781307001273-0
concurrency_n20_20260613_002920_redis_feed11_rep1,redis,sb:events:n20:feed11:rep1,e5697ff1-eca1-4a24-aae7-62ba05de1074,3895052,151,22169277900,22169307000,1781307001292-0
concurrency_n20_20260613_002920_redis_feed11_rep1,redis,sb:events:n20:feed11:rep1,9bd995e3-84c3-4035-856f-bdba64f40d06,3895052,151,22174856700,22174888500,1781307001294-0
concurrency_n20_20260613_002920_redis_feed11_rep1,redis,sb:events:n20:feed11:rep1,3efe044e-977e-40db-9d4a-0e3476de3f67,3895095,152,22177657700,22177693200,1781307001321-0
concurrency_n20_20260613_002920_redis_feed11_rep1,redis,sb:events:n20:feed11:rep1,560019c8-3875-4a6f-94d2-2d748c2ef69c,3895095,152,22178543000,22178564700,1781307001323-0
concurrency_n20_20260613_002920_redis_feed11_rep1,redis,sb:events:n20:feed11:rep1,ee231cf7-4ea9-423c-aa4a-d19a0e921779,3895095,152,22179266500,22179289900,1781307001325-0
concurrency_n20_20260613_002920_redis_feed11_rep1,redis,sb:events:n20:feed11:rep1,7821e82d-571e-4aa1-a8e3-56c4eefc7b05,3895121,153,22180385400,22180409400,1781307001333-0
concurrency_n20_20260613_002920_redis_feed11_rep1,redis,sb:events:n20:feed11:rep1,3a186596-9309-482a-bbad-7b51899fc415,3895121,153,22181945600,22181969300,1781307001334-0
concurrency_n20_20260613_002920_redis_feed11_rep1,redis,sb:events:n20:feed11:rep1,53c69f88-d128-4cb5-a2d9-a75cbdf9777e,3895121,153,22182745900,22182765400,1781307001335-0
concurrency_n20_20260613_002920_redis_feed11_rep1,redis,sb:events:n20:feed11:rep1,2b913c12-2cfc-440e-8fcf-7ff6726c5114,3895134,153,22185542600,22185567900,1781307001341-0
concurrency_n20_20260613_002920_redis_feed11_rep1,redis,sb:events:n20:feed11:rep1,1cd2a870-6e10-4903-a9f4-f9d3c7d27880,3895134,153,22186539300,22186561300,1781307001342-0
concurrency_n20_20260613_002920_redis_feed11_rep1,redis,sb:events:n20:feed11:rep1,2710caf5-de6e-4803-a75f-13924c689eff,3895052,153,22190568200,22190727800,1781307001344-0
concurrency_n20_20260613_002920_redis_feed11_rep1,redis,sb:events:n20:feed11:rep1,67ca4c48-ec9b-4c45-9485-ae00f0ffa467,3895052,153,22194137400,22194164300,1781307001353-0
concurrency_n20_20260613_002920_redis_feed11_rep1,redis,sb:events:n20:feed11:rep1,02fdd3d0-6246-4121-a658-c8c64d83c9e7,3895060,154,22196154600,22196230600,1781307001354-0
concurrency_n20_20260613_002920_redis_feed11_rep1,redis,sb:events:n20:feed11:rep1,1e0d6109-9dfd-400c-a886-d2276b2b2b20,3895060,154,22199953500,22199987000,1781307001355-0
concurrency_n20_20260613_002920_redis_feed11_rep1,redis,sb:events:n20:feed11:rep1,37a43b9f-5690-41fd-b4f7-53215ab15ee1,3895060,155,22202362300,22202386900,1781307001359-0
concurrency_n20_20260613_002920_redis_feed11_rep1,redis,sb:events:n20:feed11:rep1,49bd1cab-27d5-4339-b91a-7dfbd42952eb,3895121,155,22203642800,22203684300,1781307001361-0
concurrency_n20_20260613_002920_redis_feed11_rep1,redis,sb:events:n20:feed11:rep1,a27b2434-031d-4a71-af65-f628ef68fc5b,3895121,155,22207411700,22207438800,1781307001362-0
concurrency_n20_20260613_002920_redis_feed11_rep1,redis,sb:events:n20:feed11:rep1,10ac3bc0-892c-4260-9e07-97c22aef1ce2,3895134,155,22222559000,22222591000,1781307001379-0
concurrency_n20_20260613_002920_redis_feed11_rep1,redis,sb:events:n20:feed11:rep1,a736895f-1c77-494e-8f8e-502d082d0ca0,3895052,155,22225792200,22225822500,1781307001381-0
concurrency_n20_20260613_002920_redis_feed11_rep1,redis,sb:events:n20:feed11:rep1,38175d9c-de79-4c30-bc4c-b0d7f7fe5980,3895052,155,22233891800,22233937600,1781307001389-0
concurrency_n20_20260613_002920_redis_feed11_rep1,redis,sb:events:n20:feed11:rep1,74620976-1608-4f8c-a5de-b1e3dd833aef,3895052,155,22235718800,22235742900,1781307001390-0
concurrency_n20_20260613_002920_redis_feed11_rep1,redis,sb:events:n20:feed11:rep1,d6c0e2f9-eb69-40e7-bd64-4657105044bb,3895134,156,22237989300,22238017500,1781307001392-0
concurrency_n20_20260613_002920_redis_feed11_rep1,redis,sb:events:n20:feed11:rep1,66be2bd8-927e-4312-a10f-c69ce778c754,3895052,157,22241981100,22242002900,1781307001400-0
concurrency_n20_20260613_002920_redis_feed11_rep1,redis,sb:events:n20:feed11:rep1,6b911dbc-6b25-422a-b5d3-7dd506d777c1,3895052,157,22244446700,22244469200,1781307001402-0
concurrency_n20_20260613_002920_redis_feed11_rep1,redis,sb:events:n20:feed11:rep1,4cfebc37-3c47-4d89-97e7-503777ab08f4,3895113,157,22248936100,22248965300,1781307001403-0
concurrency_n20_20260613_002920_redis_feed11_rep1,redis,sb:events:n20:feed11:rep1,f467bace-c955-4ce1-830c-9cccfe579e16,3895121,158,22250186700,22250212700,1781307001405-0
concurrency_n20_20260613_002920_redis_feed11_rep1,redis,sb:events:n20:feed11:rep1,fdd7141d-e8fc-4721-8aba-a514a2ffc07f,3895134,158,22260075300,22260102600,1781307001406-0
concurrency_n20_20260613_002920_redis_feed11_rep1,redis,sb:events:n20:feed11:rep1,3527c8c9-9a06-4440-b7e7-cbed73e892a4,3895134,158,22262362200,22262388500,1781307001407-0
concurrency_n20_20260613_002920_redis_feed11_rep1,redis,sb:events:n20:feed11:rep1,1c5201e6-dc5a-41b5-b164-c138f7f347e5,3895086,158,22276761800,22277080700,1781307001415-0
concurrency_n20_20260613_002920_redis_feed11_rep1,redis,sb:events:n20:feed11:rep1,ba0d2b7d-b635-49be-afbc-96b5266bef5e,3895113,158,22280446300,22280553500,1781307001418-0
concurrency_n20_20260613_002920_redis_feed11_rep1,redis,sb:events:n20:feed11:rep1,0b6f9a01-cab0-4450-8c8e-e8a2b415b444,3895074,159,22289397600,22289424500,1781307001434-0
concurrency_n20_20260613_002920_redis_feed11_rep1,redis,sb:events:n20:feed11:rep1,db765aeb-a06a-48e4-91e5-97ab87af96cd,3895107,159,22290664200,22290685800,1781307001439-0
concurrency_n20_20260613_002920_redis_feed11_rep1,redis,sb:events:n20:feed11:rep1,0dfe650b-727a-488e-9548-afe4b58cab9c,3895113,159,22292210900,22292236100,1781307001441-0
concurrency_n20_20260613_002920_redis_feed11_rep1,redis,sb:events:n20:feed11:rep1,f2616473-0593-4f98-91a4-29b4ab860370,3895121,160,22294211700,22294235600,1781307001443-0
concurrency_n20_20260613_002920_redis_feed11_rep1,redis,sb:events:n20:feed11:rep1,c91b6d01-70e3-4a5e-8d2c-607f8c2ba0cc,3895107,160,22301616900,22301750400,1781307001453-0
concurrency_n20_20260613_002920_redis_feed11_rep1,redis,sb:events:n20:feed11:rep1,bbc5955b-810c-4da2-96cf-f48f68ec638a,3895107,160,22303039000,22303062700,1781307001454-0
concurrency_n20_20260613_002920_redis_feed11_rep1,redis,sb:events:n20:feed11:rep1,61692e98-2e82-43eb-85ac-8ae97f0e2012,3895107,160,22304332200,22304361100,1781307001456-0
concurrency_n20_20260613_002920_redis_feed11_rep1,redis,sb:events:n20:feed11:rep1,da8d983d-e5dc-4256-abf8-1ab19d4b1934,3895113,160,22306351000,22306375800,1781307001457-0
concurrency_n20_20260613_002920_redis_feed11_rep1,redis,sb:events:n20:feed11:rep1,b3db99f3-b85a-4495-86c0-c5955460608a,3895113,160,22308090100,22308117300,1781307001459-0
concurrency_n20_20260613_002920_redis_feed11_rep1,redis,sb:events:n20:feed11:rep1,f4d34ba3-4b7f-4866-bc69-6cd2cb54c3c9,3895113,160,22309482900,22309504300,1781307001460-0
concurrency_n20_20260613_002920_redis_feed11_rep1,redis,sb:events:n20:feed11:rep1,48823480-e90f-4df5-af40-4ad04ded1f5b,3895134,161,22311578800,22311658300,1781307001462-0
concurrency_n20_20260613_002920_redis_feed11_rep1,redis,sb:events:n20:feed11:rep1,582ed7de-ab5b-451f-8522-5fb5ae535956,3895134,161,22314301300,22314328300,1781307001464-0
concurrency_n20_20260613_002920_redis_feed11_rep1,redis,sb:events:n20:feed11:rep1,b189c791-b3b6-41a5-8c6f-69ddcdbef563,3895134,161,22316448800,22316472200,1781307001468-0
concurrency_n20_20260613_002920_redis_feed11_rep1,redis,sb:events:n20:feed11:rep1,694bc879-88d7-47a0-bed8-dee5569c8172,3895107,161,22317768500,22317815200,1781307001470-0
concurrency_n20_20260613_002920_redis_feed11_rep1,redis,sb:events:n20:feed11:rep1,7c3be079-ffa9-46b6-8d91-9b1151bc888c,3895086,161,22318811200,22318835000,1781307001473-0
concurrency_n20_20260613_002920_redis_feed11_rep1,redis,sb:events:n20:feed11:rep1,317134da-6744-46b3-aec6-6c1193cf1d0a,3895086,161,22328719100,22328746700,1781307001475-0
concurrency_n20_20260613_002920_redis_feed11_rep1,redis,sb:events:n20:feed11:rep1,cf14778c-80d8-4496-8f4b-98a9b0ef2fcb,3895113,161,22352029000,22352058200,1781307001476-0
concurrency_n20_20260613_002920_redis_feed11_rep1,redis,sb:events:n20:feed11:rep1,bc8b5564-9e71-4619-ad90-083edca2dee7,3895074,162,22369632800,22369659500,1781307001477-0
concurrency_n20_20260613_002920_redis_feed11_rep1,redis,sb:events:n20:feed11:rep1,83c0b97d-595b-4c62-a67d-02d252a05533,3895074,162,22371983100,22372018500,1781307001492-0
concurrency_n20_20260613_002920_redis_feed11_rep1,redis,sb:events:n20:feed11:rep1,05f4b123-540f-4b43-a68b-46fc44a2574b,3895074,162,22373538300,22373565800,1781307001499-0
concurrency_n20_20260613_002920_redis_feed11_rep1,redis,sb:events:n20:feed11:rep1,0ff7f5a9-14e7-4615-99f1-ebb1304a772c,3895121,162,22374319100,22374337200,1781307001508-0
concurrency_n20_20260613_002920_redis_feed11_rep1,redis,sb:events:n20:feed11:rep1,bbf7f332-2f44-4234-9155-7d6009fb7738,3895121,162,22377412100,22377469200,1781307001511-0
concurrency_n20_20260613_002920_redis_feed11_rep1,redis,sb:events:n20:feed11:rep1,69df8442-94e9-453a-94ad-426dcaa0579a,3895107,162,22378418400,22378445300,1781307001521-0
concurrency_n20_20260613_002920_redis_feed11_rep1,redis,sb:events:n20:feed11:rep1,71f8aaf9-8141-4474-96dc-0dc56cb5ca0d,3895107,162,22379551700,22379691300,1781307001530-0
concurrency_n20_20260613_002920_redis_feed11_rep1,redis,sb:events:n20:feed11:rep1,d0a516db-7270-4612-abb8-e9c1204e1c58,3895086,162,22382036500,22382074600,1781307001536-0
concurrency_n20_20260613_002920_redis_feed11_rep1,redis,sb:events:n20:feed11:rep1,73a1d35e-ff5d-4fbb-abcb-fe88d0718746,3895086,162,22382921600,22382957600,1781307001539-0
concurrency_n20_20260613_002920_redis_feed11_rep1,redis,sb:events:n20:feed11:rep1,e004fe58-8616-4805-8555-9c7ba582ef4c,3895086,162,22388090800,22388122200,1781307001546-0
concurrency_n20_20260613_002920_redis_feed11_rep1,redis,sb:events:n20:feed11:rep1,43e9d656-4d2e-4c62-8372-7327f3ce42c3,3895113,162,22389920600,22389960000,1781307001548-0
concurrency_n20_20260613_002920_redis_feed11_rep1,redis,sb:events:n20:feed11:rep1,340debd2-c4c3-43c9-a358-6e0667039dd6,3895113,162,22393146700,22393179700,1781307001550-0
concurrency_n20_20260613_002920_redis_feed11_rep1,redis,sb:events:n20:feed11:rep1,96e6c0ad-4a64-4176-9fb4-274862f82d73,3895113,162,22406898300,22406953600,1781307001563-0
concurrency_n20_20260613_002920_redis_feed11_rep1,redis,sb:events:n20:feed11:rep1,14b983d6-7c2e-4c60-8a95-1b0a49355c0e,3895113,163,22412836900,22412861600,1781307001569-0
concurrency_n20_20260613_002920_redis_feed11_rep1,redis,sb:events:n20:feed11:rep1,818c8ff2-8fc7-49ca-bf1a-66ee14e04123,3895074,164,22431860900,22431893300,1781307001572-0
concurrency_n20_20260613_002920_redis_feed11_rep1,redis,sb:events:n20:feed11:rep1,19959a0b-6c86-46c0-9154-90dcb3274904,3895074,164,22440646800,22440676000,1781307001580-0
concurrency_n20_20260613_002920_redis_feed11_rep1,redis,sb:events:n20:feed11:rep1,9ce7b785-4ecd-44b5-90e3-b733d34dfe2e,3895074,164,22442678900,22442703100,1781307001588-0
concurrency_n20_20260613_002920_redis_feed11_rep1,redis,sb:events:n20:feed11:rep1,eca48472-18cb-4b31-ae55-ac17179aef8e,3895121,164,22448744000,22448771000,1781307001591-0
concurrency_n20_20260613_002920_redis_feed11_rep1,redis,sb:events:n20:feed11:rep1,867ca390-a97c-4aaf-a312-1b84a626e10c,3895074,165,22449952800,22449977500,1781307001598-0
concurrency_n20_20260613_002920_redis_feed11_rep1,redis,sb:events:n20:feed11:rep1,f8ae8a1d-85ae-4a8f-b6bc-23d2d5a1ac71,3895121,165,22452031200,22452056400,1781307001601-0
concurrency_n20_20260613_002920_redis_feed11_rep1,redis,sb:events:n20:feed11:rep1,2c9d55e8-d805-4f99-a6d7-8c539b0266dc,3895121,165,22453280300,22453301600,1781307001603-0
concurrency_n20_20260613_002920_redis_feed11_rep1,redis,sb:events:n20:feed11:rep1,43e45598-d200-443f-abc6-cfe05b9bd39e,3895134,165,22457088400,22457117400,1781307001608-0
concurrency_n20_20260613_002920_redis_feed11_rep1,redis,sb:events:n20:feed11:rep1,2be38728-ebc2-4ed8-9349-08fb1a446d3d,3895134,165,22458379000,22458401500,1781307001610-0
concurrency_n20_20260613_002920_redis_feed11_rep1,redis,sb:events:n20:feed11:rep1,94dc0cb8-281c-41c2-99ab-0caf104a8c89,3895107,165,22464739100,22464764500,1781307001616-0
concurrency_n20_20260613_002920_redis_feed11_rep1,redis,sb:events:n20:feed11:rep1,96c59163-8000-437f-b044-79ebef56ab77,3895107,165,22465689800,22465712700,1781307001619-0
concurrency_n20_20260613_002920_redis_feed11_rep1,redis,sb:events:n20:feed11:rep1,a88add67-30ad-48ae-9d3d-47841f1412ee,3895107,165,22469308600,22469426000,1781307001621-0
concurrency_n20_20260613_002920_redis_feed11_rep1,redis,sb:events:n20:feed11:rep1,a6cb7fd6-e4a9-445a-b160-6335527f38a2,3895113,165,22480842300,22480868600,1781307001624-0
concurrency_n20_20260613_002920_redis_feed11_rep1,redis,sb:events:n20:feed11:rep1,87c1a5ee-e14f-48b7-8810-be5f77d239b6,3895113,165,22484491300,22484512700,1781307001638-0
concurrency_n20_20260613_002920_redis_feed11_rep1,redis,sb:events:n20:feed11:rep1,8df36443-cd0c-4c4b-945b-238b9dcfccf6,3895134,166,22504230300,22504389900,1781307001640-0
concurrency_n20_20260613_002920_redis_feed11_rep1,redis,sb:events:n20:feed11:rep1,7d119d9d-15cd-4187-bf0c-04237164d654,3895134,166,22507344100,22507366100,1781307001661-0
concurrency_n20_20260613_002920_redis_feed11_rep1,redis,sb:events:n20:feed11:rep1,550e6f49-307b-4008-b27e-bcfde346348b,3895134,166,22508319300,22508344900,1781307001663-0
concurrency_n20_20260613_002920_redis_feed11_rep1,redis,sb:events:n20:feed11:rep1,79d30816-809f-49d3-987f-4faa3bf7a1c4,3895134,166,22508982200,22509014000,1781307001665-0
concurrency_n20_20260613_002920_redis_feed11_rep1,redis,sb:events:n20:feed11:rep1,b3b14886-30e0-4aef-ac42-acede6528102,3895107,166,22516119700,22516143600,1781307001672-0
concurrency_n20_20260613_002920_redis_feed11_rep1,redis,sb:events:n20:feed11:rep1,7a4cbbd9-03aa-4159-bd71-77952f625375,3895113,166,22516831800,22516883000,1781307001673-0
concurrency_n20_20260613_002920_redis_feed11_rep1,redis,sb:events:n20:feed11:rep1,408c8260-11ce-4a03-917b-59fc81ed2a2e,3895107,167,22518482200,22518512300,1781307001674-0
concurrency_n20_20260613_002920_redis_feed11_rep1,redis,sb:events:n20:feed11:rep1,4162aaae-2c4d-40e1-a3b6-3b1de0193db0,3895107,167,22528428400,22528460800,1781307001683-0
concurrency_n20_20260613_002920_redis_feed11_rep1,redis,sb:events:n20:feed11:rep1,6293a92c-cdfd-4b76-87bc-646d14c8e379,3895107,167,22552987900,22553020100,1781307001684-0
concurrency_n20_20260613_002920_redis_feed11_rep1,redis,sb:events:n20:feed11:rep1,bc45eb44-defd-46ed-bc67-78f41b3effdf,3895074,168,22570815000,22570841100,1781307001685-0
concurrency_n20_20260613_002920_redis_feed11_rep1,redis,sb:events:n20:feed11:rep1,4bcff9c0-91ca-44c7-a3e7-77b6f3f2257d,3895121,168,22572258700,22572286100,1781307001686-0
concurrency_n20_20260613_002920_redis_feed11_rep1,redis,sb:events:n20:feed11:rep1,9b0cfa5a-46f9-4e02-8b87-ff17adc27e73,3895134,168,22573552000,22573577000,1781307001687-0
concurrency_n20_20260613_002920_redis_feed11_rep1,redis,sb:events:n20:feed11:rep1,58645ad5-803a-40d3-b885-386ac9453114,3895134,168,22582011900,22582043600,1781307001689-0
concurrency_n20_20260613_002920_redis_feed11_rep1,redis,sb:events:n20:feed11:rep1,0eed2083-cc6b-491c-b83d-754409ab9cad,3895107,168,22583233500,22583255700,1781307001709-0
concurrency_n20_20260613_002920_redis_feed11_rep1,redis,sb:events:n20:feed11:rep1,8f6737e1-8bab-492b-b76d-4cba4a059b36,3895074,169,22584317100,22584344700,1781307001710-0
concurrency_n20_20260613_002920_redis_feed11_rep1,redis,sb:events:n20:feed11:rep1,39f89742-821a-4ce6-8cbe-f39808686ede,3895074,169,22587053800,22587078700,1781307001713-0
concurrency_n20_20260613_002920_redis_feed11_rep1,redis,sb:events:n20:feed11:rep1,e15c7501-c465-49c6-afe7-55599ee22e67,3895074,169,22592029400,22592057300,1781307001724-0
concurrency_n20_20260613_002920_redis_feed11_rep1,redis,sb:events:n20:feed11:rep1,3529544a-55ae-4fbc-b0a6-e133216fba2d,3895074,169,22593109100,22593167300,1781307001731-0
concurrency_n20_20260613_002920_redis_feed11_rep1,redis,sb:events:n20:feed11:rep1,bdf70f16-88b6-449e-8210-b470cb150f2f,3895074,169,22593955600,22593979000,1781307001732-0
concurrency_n20_20260613_002920_redis_feed11_rep1,redis,sb:events:n20:feed11:rep1,4e375d5b-ebb2-4d0e-b207-d8f5f48b519d,3895060,169,22594983500,22595004400,1781307001742-0
concurrency_n20_20260613_002920_redis_feed11_rep1,redis,sb:events:n20:feed11:rep1,77c33e38-ffee-4268-aba7-f894651f7335,3895121,169,22598107400,22598137000,1781307001743-0
concurrency_n20_20260613_002920_redis_feed11_rep1,redis,sb:events:n20:feed11:rep1,9ec2419d-346d-44ad-b824-b6b96bba9524,3895121,169,22603413400,22603748400,1781307001745-0
concurrency_n20_20260613_002920_redis_feed11_rep1,redis,sb:events:n20:feed11:rep1,07e5b410-f76a-4d08-906e-11df937853e0,3895134,169,22620409400,22620435000,1781307001746-0
concurrency_n20_20260613_002920_redis_feed11_rep1,redis,sb:events:n20:feed11:rep1,9679bf7d-a2ec-438c-a7f9-d0d9952ad2c1,3895134,169,22622064700,22622088800,1781307001747-0
concurrency_n20_20260613_002920_redis_feed11_rep1,redis,sb:events:n20:feed11:rep1,d6f4facf-d6c5-479a-a242-3e7c6a56f2da,3895134,169,22642042600,22642071300,1781307001748-0
concurrency_n20_20260613_002920_redis_feed11_rep1,redis,sb:events:n20:feed11:rep1,0ca9b4bf-ca19-4efa-a2e3-9cad848cc503,3895107,169,22649236200,22649267000,1781307001750-0
concurrency_n20_20260613_002920_redis_feed11_rep1,redis,sb:events:n20:feed11:rep1,fcd91361-de77-4f55-b945-e79985c18e84,3895107,169,22653147600,22653175700,1781307001751-0
concurrency_n20_20260613_002920_redis_feed11_rep1,redis,sb:events:n20:feed11:rep1,d852d950-2489-4733-ab0f-ea2f4335565b,3895107,169,22655619700,22655643600,1781307001757-0
concurrency_n20_20260613_002920_redis_feed11_rep1,redis,sb:events:n20:feed11:rep1,8d7e145d-6436-4a2b-8fb5-c468d557b8db,3895113,169,22673264500,22673290900,1781307001759-0
concurrency_n20_20260613_002920_redis_feed11_rep1,redis,sb:events:n20:feed11:rep1,31e939ed-6c76-49e0-8503-be98b76e04a2,3895113,169,22679346900,22679383200,1781307001761-0
concurrency_n20_20260613_002920_redis_feed11_rep1,redis,sb:events:n20:feed11:rep1,f2485d48-3ace-4e0f-a6ed-3b06b865284b,3895113,169,22687620600,22687666400,1781307001762-0
concurrency_n20_20260613_002920_redis_feed11_rep1,redis,sb:events:n20:feed11:rep1,c8bf21cb-6239-4167-9a8c-78b25ba0bc6f,3895113,169,22689585900,22689614900,1781307001764-0
concurrency_n20_20260613_002920_redis_feed11_rep1,redis,sb:events:n20:feed11:rep1,9b2764a7-a84d-4943-bba5-b417858f81a7,3895074,170,22697012500,22697042200,1781307001771-0
concurrency_n20_20260613_002920_redis_feed11_rep1,redis,sb:events:n20:feed11:rep1,b7679522-0480-4738-bd78-2caaca3efcd4,3895060,170,22698875800,22698908000,1781307001776-0
concurrency_n20_20260613_002920_redis_feed11_rep1,redis,sb:events:n20:feed11:rep1,ada9ca66-9914-40ec-9721-e7008c004f43,3895074,170,22699843800,22699877300,1781307001780-0
concurrency_n20_20260613_002920_redis_feed11_rep1,redis,sb:events:n20:feed11:rep1,3da63f38-33cc-453a-a47d-f5fddd0db82f,3895060,170,22701190900,22701212800,1781307001794-0
concurrency_n20_20260613_002920_redis_feed11_rep1,redis,sb:events:n20:feed11:rep1,fadd2877-2d12-4f52-a99d-15c1947850eb,3895060,170,22704814000,22704842000,1781307001805-0
concurrency_n20_20260613_002920_redis_feed11_rep1,redis,sb:events:n20:feed11:rep1,e162f8fa-b3ce-4052-a096-680bf2c9ed8d,3895060,170,22709761900,22709789700,1781307001831-0
concurrency_n20_20260613_002920_redis_feed11_rep1,redis,sb:events:n20:feed11:rep1,53b7d815-60a3-44ab-b5b2-d8a2c44480a8,3895134,170,22724610300,22724635200,1781307001838-0
concurrency_n20_20260613_002920_redis_feed11_rep1,redis,sb:events:n20:feed11:rep1,329c89d3-8945-4b3b-b560-92250fd85b13,3895134,170,22729181800,22729207100,1781307001844-0
concurrency_n20_20260613_002920_redis_feed11_rep1,redis,sb:events:n20:feed11:rep1,fc565cea-8dcd-480a-882e-34f338524047,3895107,170,22735225100,22735258200,1781307001846-0
concurrency_n20_20260613_002920_redis_feed11_rep1,redis,sb:events:n20:feed11:rep1,0f604741-1adb-4f2d-bb36-69d25b830a30,3895074,171,22737209100,22737239200,1781307001848-0
concurrency_n20_20260613_002920_redis_feed11_rep1,redis,sb:events:n20:feed11:rep1,83a981d0-c68a-4645-befd-6421a44de32e,3895060,171,22742084100,22742107800,1781307001853-0
concurrency_n20_20260613_002920_redis_feed11_rep1,redis,sb:events:n20:feed11:rep1,ecd14fd7-6180-4ae4-963d-2c9e6b2a0d75,3895113,171,22755527400,22755559800,1781307001855-0
concurrency_n20_20260613_002920_redis_feed11_rep1,redis,sb:events:n20:feed11:rep1,3ded6d86-f943-406a-8fa2-cfeff8b82bdc,3895113,171,22760558900,22760736800,1781307001861-0
concurrency_n20_20260613_002920_redis_feed11_rep1,redis,sb:events:n20:feed11:rep1,0df566b3-c230-4f74-a1bd-86295b48f77a,3895074,172,22784526800,22784558000,1781307001862-0
concurrency_n20_20260613_002920_redis_feed11_rep1,redis,sb:events:n20:feed11:rep1,3a3474fc-bc26-4b2c-9646-fa317842c2cb,3895074,172,22787207400,22787234300,1781307001864-0
concurrency_n20_20260613_002920_redis_feed11_rep1,redis,sb:events:n20:feed11:rep1,7023ff3e-dd3c-47a0-b743-ea5bedfdc502,3895074,172,22788795000,22788825800,1781307001867-0
concurrency_n20_20260613_002920_redis_feed11_rep1,redis,sb:events:n20:feed11:rep1,d913e425-9576-4a3d-9cfa-9644dc4fe9cd,3895060,172,22789917000,22789938900,1781307001883-0
concurrency_n20_20260613_002920_redis_feed11_rep1,redis,sb:events:n20:feed11:rep1,fb712513-b992-4a5c-8a59-43f670f391d7,3895074,172,22790758200,22790777200,1781307001887-0
concurrency_n20_20260613_002920_redis_feed11_rep1,redis,sb:events:n20:feed11:rep1,07f21132-1269-4363-b9c5-82850ad32d7a,3895060,172,22797014200,22797069000,1781307001893-0
concurrency_n20_20260613_002920_redis_feed11_rep1,redis,sb:events:n20:feed11:rep1,e0806731-5ca1-42b9-9333-560ee6c98f92,3895074,173,22798068400,22798110600,1781307001895-0
concurrency_n20_20260613_002920_redis_feed11_rep1,redis,sb:events:n20:feed11:rep1,d62d62b7-c9b1-40eb-a2bc-3f2316e75eab,3895060,173,22798971100,22798993600,1781307001898-0
concurrency_n20_20260613_002920_redis_feed11_rep1,redis,sb:events:n20:feed11:rep1,c65aa53d-0626-471c-a5b6-84d20106beb3,3895074,173,22801209000,22801233800,1781307001900-0
concurrency_n20_20260613_002920_redis_feed11_rep1,redis,sb:events:n20:feed11:rep1,7fddb002-d5be-4ebe-bf94-fe7788dbdfc0,3895074,173,22802003000,22802046000,1781307001902-0
concurrency_n20_20260613_002920_redis_feed11_rep1,redis,sb:events:n20:feed11:rep1,a3efd64b-b9cf-4006-bcaa-9e1f8901b94f,3895121,173,22802869500,22802894200,1781307001914-0
concurrency_n20_20260613_002920_redis_feed11_rep1,redis,sb:events:n20:feed11:rep1,89a8bd74-951e-4c23-a496-04913466501f,3895074,174,22803619800,22803640700,1781307001919-0
concurrency_n20_20260613_002920_redis_feed11_rep1,redis,sb:events:n20:feed11:rep1,783d3a7a-3b92-4938-bdb9-017b63dce520,3895107,174,22804669100,22804695300,1781307001929-0
concurrency_n20_20260613_002920_redis_feed11_rep1,redis,sb:events:n20:feed11:rep1,aad1f066-8c65-4501-9be3-dcab671ca4aa,3895107,174,22805724500,22805742700,1781307001945-0
concurrency_n20_20260613_002920_redis_feed11_rep1,redis,sb:events:n20:feed11:rep1,6ca7316a-a6e3-4712-a46d-6b62b5fcbe20,3895107,174,22806650900,22806688800,1781307001948-0
concurrency_n20_20260613_002920_redis_feed11_rep1,redis,sb:events:n20:feed11:rep1,5b545131-098f-4250-8597-eaadd9de2def,3895113,174,22808334900,22808358200,1781307001950-0
concurrency_n20_20260613_002920_redis_feed11_rep1,redis,sb:events:n20:feed11:rep1,6938e47e-7ab0-40be-a612-0fe4c4455675,3895060,175,22809262500,22809283200,1781307001956-0
concurrency_n20_20260613_002920_redis_feed11_rep1,redis,sb:events:n20:feed11:rep1,ea1dc8a1-49ca-4f7e-abb5-531b27311736,3895060,175,22810028500,22810045800,1781307001958-0
concurrency_n20_20260613_002920_redis_feed11_rep1,redis,sb:events:n20:feed11:rep1,8f0fb135-64ca-4757-bca3-ba1087b603b4,3895121,175,22812828700,22812854000,1781307001962-0
concurrency_n20_20260613_002920_redis_feed11_rep1,redis,sb:events:n20:feed11:rep1,e5a09532-5dfc-49cd-af7b-898a2bcd2e54,3895121,175,22818614100,22818644500,1781307001964-0
concurrency_n20_20260613_002920_redis_feed11_rep1,redis,sb:events:n20:feed11:rep1,1d5f5ff9-6eb3-47d2-ab94-85adf59fd095,3895134,175,22819760900,22819783400,1781307001965-0
concurrency_n20_20260613_002920_redis_feed11_rep1,redis,sb:events:n20:feed11:rep1,762f5b17-d49b-4cb0-9c76-be2cccc17fca,3895113,175,22820629300,22820652200,1781307001967-0
concurrency_n20_20260613_002920_redis_feed11_rep1,redis,sb:events:n20:feed11:rep1,9c77d678-e3ff-4aec-8c04-be1d37d4e3bc,3895113,175,22822550900,22822570800,1781307001972-0
concurrency_n20_20260613_002920_redis_feed11_rep1,redis,sb:events:n20:feed11:rep1,28304a25-17b2-4ae7-9a8e-35e91168ca28,3895060,176,22823176900,22823198900,1781307001974-0
concurrency_n20_20260613_002920_redis_feed11_rep1,redis,sb:events:n20:feed11:rep1,5a0d418d-7511-405c-ba51-15fb7e282758,3895074,176,22827259800,22828497200,1781307001975-0
concurrency_n20_20260613_002920_redis_feed11_rep1,redis,sb:events:n20:feed11:rep1,c9c0e8eb-83e5-44b4-8c93-9a711bf73577,3895074,176,22833150800,22833178200,1781307001982-0
concurrency_n20_20260613_002920_redis_feed11_rep1,redis,sb:events:n20:feed11:rep1,d6bac1a1-39d6-4af3-a612-6c6dbf5fe3d8,3895134,176,22834373000,22834398900,1781307001983-0
concurrency_n20_20260613_002920_redis_feed11_rep1,redis,sb:events:n20:feed11:rep1,77a2e27b-c1ec-408b-8c68-cae94dcdc31e,3895134,176,22838091700,22838160700,1781307001985-0
concurrency_n20_20260613_002920_redis_feed11_rep1,redis,sb:events:n20:feed11:rep1,e9caa6e5-d4bf-41c0-b800-f8b3c52b5aa0,3895113,176,22838993800,22839017800,1781307001989-0
concurrency_n20_20260613_002920_redis_feed11_rep1,redis,sb:events:n20:feed11:rep1,0adba78d-339a-4a8b-8bdc-ceecd0f2f935,3895060,177,22839777600,22839794600,1781307001991-0
concurrency_n20_20260613_002920_redis_feed11_rep1,redis,sb:events:n20:feed11:rep1,223a8b4d-8afa-43f7-bd56-31a2dc851ae6,3895060,177,22841827700,22841850900,1781307001995-0
concurrency_n20_20260613_002920_redis_feed11_rep1,redis,sb:events:n20:feed11:rep1,78e092bd-bb76-4223-adde-2335fd790049,3895074,177,22843213100,22843234500,1781307001997-0
concurrency_n20_20260613_002920_redis_feed11_rep1,redis,sb:events:n20:feed11:rep1,3500b210-b623-4528-be23-af7d1a72b381,3895121,177,22844067600,22844089200,1781307001999-0
concurrency_n20_20260613_002920_redis_feed11_rep1,redis,sb:events:n20:feed11:rep1,13db24a6-54a1-4128-b849-34abbfa6a033,3895134,177,22846643500,22846743700,1781307002002-0
concurrency_n20_20260613_002920_redis_feed11_rep1,redis,sb:events:n20:feed11:rep1,d4d24445-4bb1-4715-80a1-3c1353151ad2,3895052,177,22848334800,22848361600,1781307002004-0
concurrency_n20_20260613_002920_redis_feed11_rep1,redis,sb:events:n20:feed11:rep1,71814c80-6b24-462b-b190-bc0ad39356b2,3895074,178,22857811300,22857838900,1781307002005-0
concurrency_n20_20260613_002920_redis_feed11_rep1,redis,sb:events:n20:feed11:rep1,8aec7177-cb70-4a41-92a3-b0e6d8a8bfaa,3895121,178,22858999800,22859020300,1781307002009-0
concurrency_n20_20260613_002920_redis_feed11_rep1,redis,sb:events:n20:feed11:rep1,76909fce-321d-4a02-a4d2-e0450722c3e4,3895121,178,22861193900,22861221800,1781307002011-0
concurrency_n20_20260613_002920_redis_feed11_rep1,redis,sb:events:n20:feed11:rep1,0922375c-4057-4ee6-b465-7120e7f9c5f9,3895134,178,22862893700,22862922300,1781307002012-0
concurrency_n20_20260613_002920_redis_feed11_rep1,redis,sb:events:n20:feed11:rep1,d47dce2c-dd02-4dcf-91b2-8479cbf5b89f,3895134,178,22867268300,22867365900,1781307002017-0
concurrency_n20_20260613_002920_redis_feed11_rep1,redis,sb:events:n20:feed11:rep1,5d8be6a9-6302-4807-8a3e-a7bd66fc5a8f,3895134,178,22868152300,22868170300,1781307002018-0
concurrency_n20_20260613_002920_redis_feed11_rep1,redis,sb:events:n20:feed11:rep1,2900d6b5-9ef2-4be9-8129-124eb12ff304,3895052,178,22869479000,22869518700,1781307002020-0
concurrency_n20_20260613_002920_redis_feed11_rep1,redis,sb:events:n20:feed11:rep1,597b2297-7c29-49fa-916d-9e9f63b33be6,3895052,178,22870736400,22870760300,1781307002021-0
concurrency_n20_20260613_002920_redis_feed11_rep1,redis,sb:events:n20:feed11:rep1,2fc5de0a-efa3-4bd7-83a5-5b446e54cac9,3895060,179,22873456800,22873504400,1781307002022-0
concurrency_n20_20260613_002920_redis_feed11_rep1,redis,sb:events:n20:feed11:rep1,7535129a-5e29-4a40-a33b-c0deff6f0719,3895074,179,22874822600,22874877700,1781307002023-0
concurrency_n20_20260613_002920_redis_feed11_rep1,redis,sb:events:n20:feed11:rep1,9d894c83-4d3f-457c-8167-97b6db92e3f0,3895074,179,22877841300,22877869400,1781307002026-0
concurrency_n20_20260613_002920_redis_feed11_rep1,redis,sb:events:n20:feed11:rep1,4bdb169e-8996-4b95-8eb9-258978eec186,3895074,179,22880936700,22880962700,1781307002027-0
concurrency_n20_20260613_002920_redis_feed11_rep1,redis,sb:events:n20:feed11:rep1,869585ce-4495-40af-9f58-b803ab392f52,3895121,179,22882968100,22883052100,1781307002028-0
concurrency_n20_20260613_002920_redis_feed11_rep1,redis,sb:events:n20:feed11:rep1,485d878b-e9f1-4567-9971-3ea0580cf0d0,3895121,179,22884464400,22884489200,1781307002029-0
concurrency_n20_20260613_002920_redis_feed11_rep1,redis,sb:events:n20:feed11:rep1,06899416-75b6-4aa5-993c-e28e20bfb3c4,3895121,179,22885586500,22885605700,1781307002031-0
concurrency_n20_20260613_002920_redis_feed11_rep1,redis,sb:events:n20:feed11:rep1,5b15f1f4-1a93-422b-a54a-cc1023063d24,3895134,179,22886300400,22886354800,1781307002033-0
concurrency_n20_20260613_002920_redis_feed11_rep1,redis,sb:events:n20:feed11:rep1,56932336-971a-40ac-acc7-cf59075f7016,3895134,179,22887177200,22887198900,1781307002034-0
concurrency_n20_20260613_002920_redis_feed11_rep1,redis,sb:events:n20:feed11:rep1,c0b209ae-f457-4674-9ae3-0af7ad9f2d3f,3895134,179,22891829300,22891857300,1781307002037-0
concurrency_n20_20260613_002920_redis_feed11_rep1,redis,sb:events:n20:feed11:rep1,ea1bffd4-e71c-4f22-8834-874fab8dfc4f,3895052,179,22892647600,22892669400,1781307002039-0
concurrency_n20_20260613_002920_redis_feed11_rep1,redis,sb:events:n20:feed11:rep1,8206a12d-ac0e-44ba-b692-6a94f12012dc,3895113,179,22893404200,22893486200,1781307002041-0
concurrency_n20_20260613_002920_redis_feed11_rep1,redis,sb:events:n20:feed11:rep1,3f7135a5-8b43-4509-a678-389cea76fa3b,3895121,180,22894216600,22894232800,1781307002042-0
concurrency_n20_20260613_002920_redis_feed11_rep1,redis,sb:events:n20:feed11:rep1,8ec3c9f8-de5c-411b-8cd6-8e24c336229e,3895121,180,22903301100,22903334000,1781307002044-0
concurrency_n20_20260613_002920_redis_feed11_rep1,redis,sb:events:n20:feed11:rep1,120cb6f0-3272-4776-bf35-fcf9b9aaad6c,3895134,180,22907890100,22907916900,1781307002045-0
concurrency_n20_20260613_002920_redis_feed11_rep1,redis,sb:events:n20:feed11:rep1,042baed2-4954-4e1c-9809-b45f3dac9ed8,3895134,180,22909353500,22909378400,1781307002046-0
concurrency_n20_20260613_002920_redis_feed11_rep1,redis,sb:events:n20:feed11:rep1,f998a84a-8533-4e54-850c-88e4a0db962e,3895074,181,22910179500,22910229900,1781307002047-0
concurrency_n20_20260613_002920_redis_feed11_rep1,redis,sb:events:n20:feed11:rep1,5362c702-2c5d-4802-b780-2148711f7f60,3895121,181,22918489700,22918521900,1781307002056-0
concurrency_n20_20260613_002920_redis_feed11_rep1,redis,sb:events:n20:feed11:rep1,77cc1f9f-374d-44d5-b5af-2c3b1ecfd536,3895121,181,22938804400,22938838300,1781307002058-0
concurrency_n20_20260613_002920_redis_feed11_rep1,redis,sb:events:n20:feed11:rep1,a3246662-a95a-484e-87d7-9e80a6503af2,3895134,181,22941109700,22941136500,1781307002059-0
concurrency_n20_20260613_002920_redis_feed11_rep1,redis,sb:events:n20:feed11:rep1,3d09929e-e60f-480a-b4f0-43b30e530c8e,3895134,181,22943264200,22943288800,1781307002061-0
concurrency_n20_20260613_002920_redis_feed11_rep1,redis,sb:events:n20:feed11:rep1,913157ab-1e10-4a00-8776-05d02d9dccea,3895052,181,22950481900,22950517000,1781307002062-0
concurrency_n20_20260613_002920_redis_feed11_rep1,redis,sb:events:n20:feed11:rep1,bbf1e609-60cb-4dcb-bd23-9ac34721002d,3895052,181,22951510800,22951545300,1781307002065-0
concurrency_n20_20260613_002920_redis_feed11_rep1,redis,sb:events:n20:feed11:rep1,47f64eb4-9074-48b1-812c-830f5861ce97,3895107,181,22952465500,22952488700,1781307002071-0
concurrency_n20_20260613_002920_redis_feed11_rep1,redis,sb:events:n20:feed11:rep1,8699603c-1d5e-452d-ba63-8b580b7f7484,3895134,182,22954236500,22954259000,1781307002072-0
concurrency_n20_20260613_002920_redis_feed11_rep1,redis,sb:events:n20:feed11:rep1,033da15f-211c-4323-be47-3c971cb0e9fa,3895134,182,22961060900,22961087300,1781307002073-0
concurrency_n20_20260613_002920_redis_feed11_rep1,redis,sb:events:n20:feed11:rep1,a03fb700-b6fc-41b3-8cc3-cc8d0ab25b50,3895052,182,22967835900,22967900900,1781307002096-0
concurrency_n20_20260613_002920_redis_feed11_rep1,redis,sb:events:n20:feed11:rep1,de6d4bb5-8abc-4d0d-a036-80274fc3c4f9,3895060,183,22969224600,22969247200,1781307002100-0
concurrency_n20_20260613_002920_redis_feed11_rep1,redis,sb:events:n20:feed11:rep1,f66b0a4a-2fea-4f85-86a3-956cc2693f46,3895060,183,22970176000,22970201100,1781307002102-0
concurrency_n20_20260613_002920_redis_feed11_rep1,redis,sb:events:n20:feed11:rep1,e69e807d-e72f-4442-b1ea-1e86de28df50,3895074,183,22971940600,22971967100,1781307002111-0
concurrency_n20_20260613_002920_redis_feed11_rep1,redis,sb:events:n20:feed11:rep1,cb6fbffa-59d1-43d8-af07-26ed640e156b,3895074,183,22982156300,22982181300,1781307002112-0
concurrency_n20_20260613_002920_redis_feed11_rep1,redis,sb:events:n20:feed11:rep1,faf714f7-96d7-4bb0-946c-870eda612625,3895074,183,22984939000,22984974700,1781307002113-0
concurrency_n20_20260613_002920_redis_feed11_rep1,redis,sb:events:n20:feed11:rep1,ce15aad7-cb49-40f2-bbae-d11549fc88e6,3895074,183,22986201400,22986228100,1781307002120-0
concurrency_n20_20260613_002920_redis_feed11_rep1,redis,sb:events:n20:feed11:rep1,5d1af995-e716-4c97-9756-592811556791,3895134,183,22989230500,22989267200,1781307002122-0
concurrency_n20_20260613_002920_redis_feed11_rep1,redis,sb:events:n20:feed11:rep1,37dd2a6a-d230-47b3-9d90-f9e9e7b9a034,3895107,183,22990492400,22990514200,1781307002123-0
concurrency_n20_20260613_002920_redis_feed11_rep1,redis,sb:events:n20:feed11:rep1,0e89f84c-3893-44a1-8e90-35ad8cd4e274,3895052,183,22991385000,22991403400,1781307002141-0
concurrency_n20_20260613_002920_redis_feed11_rep1,redis,sb:events:n20:feed11:rep1,f9520e9a-fd27-4d3f-87aa-f0181c84be32,3895107,183,22992047000,22992067000,1781307002143-0
concurrency_n20_20260613_002920_redis_feed11_rep1,redis,sb:events:n20:feed11:rep1,1dcf02eb-a16c-4fdd-807b-6578767dcde6,3895052,183,22993739100,22993763700,1781307002147-0
concurrency_n20_20260613_002920_redis_feed11_rep1,redis,sb:events:n20:feed11:rep1,4bbfa33a-6196-4d90-b3d7-378353d1a5bf,3895052,183,22996874800,22996905200,1781307002148-0
concurrency_n20_20260613_002920_redis_feed11_rep1,redis,sb:events:n20:feed11:rep1,fea932e4-e337-47ad-ad83-3818b34221af,3895134,184,22998988000,22999015800,1781307002149-0
concurrency_n20_20260613_002920_redis_feed11_rep1,redis,sb:events:n20:feed11:rep1,d5d5314a-1da7-4e7d-a6a5-059c291da52f,3895134,184,23030551000,23030648500,1781307002156-0
concurrency_n20_20260613_002920_redis_feed11_rep1,redis,sb:events:n20:feed11:rep1,fb0609bc-47f9-4985-896f-a398902b902f,3895134,184,23033019600,23033044800,1781307002184-0
concurrency_n20_20260613_002920_redis_feed11_rep1,redis,sb:events:n20:feed11:rep1,0d6fb29c-0f27-4915-adc6-b147b114a211,3895052,184,23034128900,23034159800,1781307002187-0
concurrency_n20_20260613_002920_redis_feed11_rep1,redis,sb:events:n20:feed11:rep1,47df7d7c-b0ee-4556-84b0-cf8d559b3d46,3895052,184,23046888100,23046920200,1781307002190-0
concurrency_n20_20260613_002920_redis_feed11_rep1,redis,sb:events:n20:feed11:rep1,34a96107-d3d3-4f1e-b3b0-ab8489dfe611,3895060,185,23050448000,23050489700,1781307002192-0
concurrency_n20_20260613_002920_redis_feed11_rep1,redis,sb:events:n20:feed11:rep1,c082b06e-6ae3-427f-9f8f-ba08b12a6a7c,3895074,185,23054948100,23054971600,1781307002213-0
concurrency_n20_20260613_002920_redis_feed11_rep1,redis,sb:events:n20:feed11:rep1,62af821c-cd3b-4909-be9f-4807d93603ed,3895074,185,23061008400,23061036700,1781307002215-0
concurrency_n20_20260613_002920_redis_feed11_rep1,redis,sb:events:n20:feed11:rep1,c55df33e-9010-4ba0-84f3-e3f8f8d158ae,3895074,185,23073256900,23073313900,1781307002231-0
concurrency_n20_20260613_002920_redis_feed11_rep1,redis,sb:events:n20:feed11:rep1,a71a1b4a-7e45-40ea-81ce-964334bd6e3c,3895107,185,23078894900,23078922500,1781307002236-0
concurrency_n20_20260613_002920_redis_feed11_rep1,redis,sb:events:n20:feed11:rep1,e39de799-4748-4e0d-a6e0-25f7d7f57162,3895134,185,23082328500,23082387900,1781307002237-0
concurrency_n20_20260613_002920_redis_feed11_rep1,redis,sb:events:n20:feed11:rep1,524bc892-d68d-4cf9-b02a-0787fd126e38,3895134,185,23084790800,23084817000,1781307002238-0
concurrency_n20_20260613_002920_redis_feed11_rep1,redis,sb:events:n20:feed11:rep1,62aa8f50-6358-4415-9cb0-f8b81c7178a9,3895052,185,23089501800,23089605900,1781307002241-0
concurrency_n20_20260613_002920_redis_feed11_rep1,redis,sb:events:n20:feed11:rep1,1899ac70-f6a1-4518-aca7-c464e4ef3b58,3895052,185,23092105500,23092140800,1781307002242-0
concurrency_n20_20260613_002920_redis_feed11_rep1,redis,sb:events:n20:feed11:rep1,1d789953-bbff-429f-8065-cc2ce1765444,3895052,185,23093605700,23093629800,1781307002245-0
concurrency_n20_20260613_002920_redis_feed11_rep1,redis,sb:events:n20:feed11:rep1,0ac53c63-d58c-46ac-a821-b050a0a98d60,3895060,186,23096420400,23096521500,1781307002247-0
concurrency_n20_20260613_002920_redis_feed11_rep1,redis,sb:events:n20:feed11:rep1,9d8f9c0b-27a7-450d-8a63-942f4e7465ce,3895086,186,23103297100,23103323900,1781307002249-0
concurrency_n20_20260613_002920_redis_feed11_rep1,redis,sb:events:n20:feed11:rep1,60d44227-9fec-437c-b4e6-19fb293401bb,3895107,186,23113159900,23113188900,1781307002251-0
concurrency_n20_20260613_002920_redis_feed11_rep1,redis,sb:events:n20:feed11:rep1,b12611f3-8156-482e-8f7b-043bc58a90e6,3895107,186,23124366900,23124396800,1781307002254-0
concurrency_n20_20260613_002920_redis_feed11_rep1,redis,sb:events:n20:feed11:rep1,ecc8b373-48a6-4b0a-94be-0731542bde3c,3895107,186,23130532800,23130559800,1781307002256-0
concurrency_n20_20260613_002920_redis_feed11_rep1,redis,sb:events:n20:feed11:rep1,7aadb2ca-9337-41dd-b89f-4968b2a26ee4,3895107,186,23132446900,23132470800,1781307002258-0
concurrency_n20_20260613_002920_redis_feed11_rep1,redis,sb:events:n20:feed11:rep1,1ad589a2-1a0e-45b1-81c8-40e910942f57,3895060,187,23134055100,23134080600,1781307002260-0
concurrency_n20_20260613_002920_redis_feed11_rep1,redis,sb:events:n20:feed11:rep1,494b9925-7d7f-4a7e-b8f0-4c25a10c56e8,3895086,187,23137134800,23137162100,1781307002262-0
concurrency_n20_20260613_002920_redis_feed11_rep1,redis,sb:events:n20:feed11:rep1,3fc328fb-1e2b-4f54-a60c-104f38eed19d,3895086,187,23139729100,23140037200,1781307002271-0
concurrency_n20_20260613_002920_redis_feed11_rep1,redis,sb:events:n20:feed11:rep1,49209fa5-8cee-46b0-a499-274fd879e505,3895134,187,23148406300,23148485300,1781307002280-0
concurrency_n20_20260613_002920_redis_feed11_rep1,redis,sb:events:n20:feed11:rep1,b2166754-b7ae-486a-b12d-6308ea1e33d7,3895134,187,23151360800,23151389000,1781307002285-0
concurrency_n20_20260613_002920_redis_feed11_rep1,redis,sb:events:n20:feed11:rep1,376b42bf-1a33-4044-856a-f88a7340a55c,3895107,187,23154328100,23154361100,1781307002292-0
concurrency_n20_20260613_002920_redis_feed11_rep1,redis,sb:events:n20:feed11:rep1,48dfe5a6-7eb8-4602-bc7a-5ca891d73fe7,3895107,187,23157013000,23157041800,1781307002294-0
concurrency_n20_20260613_002920_redis_feed11_rep1,redis,sb:events:n20:feed11:rep1,7ee1d890-8ec6-421f-84d2-54a965ff02ed,3895060,188,23160144200,23160169000,1781307002297-0
concurrency_n20_20260613_002920_redis_feed11_rep1,redis,sb:events:n20:feed11:rep1,63153436-ac3b-42f1-bf7e-e1bd83372d4a,3895074,188,23160825000,23160849600,1781307002308-0
concurrency_n20_20260613_002920_redis_feed11_rep1,redis,sb:events:n20:feed11:rep1,71f1e5f4-8f73-4835-9190-c44322320aed,3895074,188,23166508700,23166722500,1781307002311-0
concurrency_n20_20260613_002920_redis_feed11_rep1,redis,sb:events:n20:feed11:rep1,0706ab72-4122-4fa9-a83a-04e7ab2e07f8,3895074,188,23167857800,23167884100,1781307002315-0
concurrency_n20_20260613_002920_redis_feed11_rep1,redis,sb:events:n20:feed11:rep1,a33ab931-78e6-48d1-8378-557e62fb8aa0,3895074,188,23169409400,23169478300,1781307002321-0
concurrency_n20_20260613_002920_redis_feed11_rep1,redis,sb:events:n20:feed11:rep1,b63fe24d-4d3f-4c6f-84a5-908663b7bbda,3895074,188,23170173400,23170192100,1781307002322-0
concurrency_n20_20260613_002920_redis_feed11_rep1,redis,sb:events:n20:feed11:rep1,bbf7befd-2733-4137-a06d-0d16f548f131,3895074,188,23170913400,23171058600,1781307002324-0
concurrency_n20_20260613_002920_redis_feed11_rep1,redis,sb:events:n20:feed11:rep1,52efe327-ee18-4162-81f2-0547bd07ae8d,3895074,188,23176932400,23176958100,1781307002330-0
concurrency_n20_20260613_002920_redis_feed11_rep1,redis,sb:events:n20:feed11:rep1,0a955c70-1a49-400d-a820-9802dd203db3,3895134,188,23177792800,23177813200,1781307002332-0
concurrency_n20_20260613_002920_redis_feed11_rep1,redis,sb:events:n20:feed11:rep1,fa29dcff-ef57-4c61-83ad-3a7aa8bde055,3895134,188,23180005100,23180030000,1781307002337-0
concurrency_n20_20260613_002920_redis_feed11_rep1,redis,sb:events:n20:feed11:rep1,580e89d7-b7d7-4fc1-a667-4ecf187c2534,3895052,188,23182818500,23182844300,1781307002338-0
concurrency_n20_20260613_002920_redis_feed11_rep1,redis,sb:events:n20:feed11:rep1,9153370f-3422-43d8-add3-8551c690e687,3895107,188,23201302200,23201327400,1781307002340-0
concurrency_n20_20260613_002920_redis_feed11_rep1,redis,sb:events:n20:feed11:rep1,02653ad5-13a2-4bbe-a624-f1b6eebde0b5,3895052,188,23202594500,23202623400,1781307002355-0
concurrency_n20_20260613_002920_redis_feed11_rep1,redis,sb:events:n20:feed11:rep1,ddce2c99-b9aa-4b00-a4e2-733e446ea69f,3895052,188,23213786100,23213814900,1781307002366-0
concurrency_n20_20260613_002920_redis_feed11_rep1,redis,sb:events:n20:feed11:rep1,420d9b6c-74f3-4e4d-87f9-ed8e63ed247a,3895060,189,23216828500,23216849700,1781307002371-0
concurrency_n20_20260613_002920_redis_feed11_rep1,redis,sb:events:n20:feed11:rep1,0cfd5fbc-4767-4a50-91d8-8def2fd4ebc6,3895060,189,23220863000,23220956500,1781307002373-0
concurrency_n20_20260613_002920_redis_feed11_rep1,redis,sb:events:n20:feed11:rep1,8e6de0e3-d843-41cd-a76f-99c0f554aa5c,3895074,189,23226157500,23226181100,1781307002380-0
concurrency_n20_20260613_002920_redis_feed11_rep1,redis,sb:events:n20:feed11:rep1,0d226589-4fa8-4c69-b65a-3994c87f73f5,3895134,189,23227236600,23227277100,1781307002382-0
concurrency_n20_20260613_002920_redis_feed11_rep1,redis,sb:events:n20:feed11:rep1,6fca92a8-e991-4654-9814-abeb7b776cfe,3895107,189,23228969500,23228988100,1781307002387-0
concurrency_n20_20260613_002920_redis_feed11_rep1,redis,sb:events:n20:feed11:rep1,9e28ecd7-6d78-4a4f-870a-a816a8637dcf,3895107,189,23234577300,23234607800,1781307002388-0
concurrency_n20_20260613_002920_redis_feed11_rep1,redis,sb:events:n20:feed11:rep1,e64c2984-9c76-4d33-b46a-1834767226eb,3895060,190,23243415800,23243738400,1781307002390-0
concurrency_n20_20260613_002920_redis_feed11_rep1,redis,sb:events:n20:feed11:rep1,ddf1d26b-7930-4093-ae79-70840b6fbd1f,3895060,190,23262865200,23262892900,1781307002392-0
concurrency_n20_20260613_002920_redis_feed11_rep1,redis,sb:events:n20:feed11:rep1,4a46f522-67d3-4549-b152-4c311ebaa333,3895074,190,23268403800,23268427000,1781307002396-0
concurrency_n20_20260613_002920_redis_feed11_rep1,redis,sb:events:n20:feed11:rep1,23a3e1e8-7679-4bf7-920e-8ad00c6c47c4,3895074,190,23269719900,23269745700,1781307002418-0
concurrency_n20_20260613_002920_redis_feed11_rep1,redis,sb:events:n20:feed11:rep1,dc2f4494-778f-4de7-91cb-4cb3dbb5af6a,3895121,190,23283687700,23283719100,1781307002442-0
concurrency_n20_20260613_002920_redis_feed11_rep1,redis,sb:events:n20:feed11:rep1,269cc203-cdca-428b-85c1-c223a4039acb,3895134,190,23291229400,23291266100,1781307002445-0
concurrency_n20_20260613_002920_redis_feed11_rep1,redis,sb:events:n20:feed11:rep1,9cfde221-cd4a-47a3-8127-5746d79a42fd,3895134,190,23295094500,23295156200,1781307002452-0
concurrency_n20_20260613_002920_redis_feed11_rep1,redis,sb:events:n20:feed11:rep1,2d4f5aa2-50a7-441f-9e21-8af732fbff55,3895052,190,23305300000,23305326700,1781307002462-0
concurrency_n20_20260613_002920_redis_feed11_rep1,redis,sb:events:n20:feed11:rep1,d23d9dca-6443-465b-990a-5f727f37fb4d,3895052,190,23318472300,23318501300,1781307002472-0
concurrency_n20_20260613_002920_redis_feed11_rep1,redis,sb:events:n20:feed11:rep1,da740118-c2d3-48d1-ba3d-e86632ea06db,3895052,190,23325355400,23325385200,1781307002475-0
concurrency_n20_20260613_002920_redis_feed11_rep1,redis,sb:events:n20:feed11:rep1,34d82d40-22e7-4f4d-b3d0-5f9a88860924,3895052,190,23336636500,23336663600,1781307002483-0
concurrency_n20_20260613_002920_redis_feed11_rep1,redis,sb:events:n20:feed11:rep1,7654dee9-f339-44ce-af78-1cc206483618,3895113,190,23343256500,23343282300,1781307002485-0
concurrency_n20_20260613_002920_redis_feed11_rep1,redis,sb:events:n20:feed11:rep1,8c83658d-4aba-4eba-bb77-5c21d3558273,3895067,191,23349613900,23349642400,1781307002487-0
concurrency_n20_20260613_002920_redis_feed11_rep1,redis,sb:events:n20:feed11:rep1,d601a651-0860-4ee7-8858-cbed02a392c0,3895074,191,23351782400,23351808900,1781307002489-0
concurrency_n20_20260613_002920_redis_feed11_rep1,redis,sb:events:n20:feed11:rep1,d4ef0347-1d83-466c-ab0b-de30eacd70a4,3895121,191,23354448700,23354493800,1781307002491-0
concurrency_n20_20260613_002920_redis_feed11_rep1,redis,sb:events:n20:feed11:rep1,79e47339-3da8-4edc-83eb-c84c56515fe4,3895121,191,23355688800,23355714400,1781307002493-0
concurrency_n20_20260613_002920_redis_feed11_rep1,redis,sb:events:n20:feed11:rep1,99e0c535-eb27-4263-bf0d-fd14f94b5f6b,3895086,191,23358331100,23358359700,1781307002494-0
concurrency_n20_20260613_002920_redis_feed11_rep1,redis,sb:events:n20:feed11:rep1,bb4b1cf5-00eb-402d-9e5a-9fe9c614eecf,3895086,191,23363981900,23364015100,1781307002508-0
concurrency_n20_20260613_002920_redis_feed11_rep1,redis,sb:events:n20:feed11:rep1,1524c3ef-8a3e-4b17-9034-f3a92d574a83,3895086,191,23370348700,23370372400,1781307002509-0
concurrency_n20_20260613_002920_redis_feed11_rep1,redis,sb:events:n20:feed11:rep1,67b25810-34b8-4834-9553-fc990e5f8abb,3895086,191,23372577400,23372603600,1781307002513-0
concurrency_n20_20260613_002920_redis_feed11_rep1,redis,sb:events:n20:feed11:rep1,888d9d49-1498-40d0-9595-94bbe1717dc6,3895134,191,23380076300,23380128100,1781307002520-0
concurrency_n20_20260613_002920_redis_feed11_rep1,redis,sb:events:n20:feed11:rep1,f2d854d8-0c80-4f3a-b513-da2f9d2193c0,3895107,191,23388253100,23388279100,1781307002523-0
concurrency_n20_20260613_002920_redis_feed11_rep1,redis,sb:events:n20:feed11:rep1,c084ba35-530f-4dc0-a855-f9084b33bf98,3895107,191,23394339100,23394369900,1781307002526-0
concurrency_n20_20260613_002920_redis_feed11_rep1,redis,sb:events:n20:feed11:rep1,780261b4-a187-46bb-8369-6c70391fa578,3895052,191,23396402600,23396425400,1781307002531-0
concurrency_n20_20260613_002920_redis_feed11_rep1,redis,sb:events:n20:feed11:rep1,5583139b-aaef-4d91-bbb9-08100da01eed,3895052,191,23399340700,23399377400,1781307002533-0
concurrency_n20_20260613_002920_redis_feed11_rep1,redis,sb:events:n20:feed11:rep1,bcd7e29b-31b0-4852-b4d1-9d5e301c7a9f,3895060,192,23408049800,23408084600,1781307002539-0
concurrency_n20_20260613_002920_redis_feed11_rep1,redis,sb:events:n20:feed11:rep1,5e1aee62-2ce5-4739-b678-50fee9c7927b,3895060,192,23417048300,23417075700,1781307002541-0
concurrency_n20_20260613_002920_redis_feed11_rep1,redis,sb:events:n20:feed11:rep1,ce970621-1477-4475-9701-29338c5ee876,3895060,192,23419762000,23419787800,1781307002548-0
concurrency_n20_20260613_002920_redis_feed11_rep1,redis,sb:events:n20:feed11:rep1,09d37e36-6ff0-4354-b5d0-9da7dcab8071,3895060,192,23423241500,23423266200,1781307002550-0
concurrency_n20_20260613_002920_redis_feed11_rep1,redis,sb:events:n20:feed11:rep1,9ffa48a6-bcaf-4c18-b6c8-4fecebaed612,3895074,192,23429342700,23429372200,1781307002557-0
concurrency_n20_20260613_002920_redis_feed11_rep1,redis,sb:events:n20:feed11:rep1,49c7793b-13b9-4275-8f95-aab1dccab578,3895074,192,23430277200,23430302500,1781307002560-0
concurrency_n20_20260613_002920_redis_feed11_rep1,redis,sb:events:n20:feed11:rep1,5471af11-32d7-4b56-addf-d2628d1f76dd,3895074,192,23431146200,23431172100,1781307002569-0
concurrency_n20_20260613_002920_redis_feed11_rep1,redis,sb:events:n20:feed11:rep1,a3b7a28a-d7bb-40e3-b559-86cf9ea21258,3895074,192,23432337800,23432361200,1781307002580-0
concurrency_n20_20260613_002920_redis_feed11_rep1,redis,sb:events:n20:feed11:rep1,51fb4729-5504-488f-b8ac-7d9ad058eed1,3895074,193,23433200100,23433225000,1781307002584-0
concurrency_n20_20260613_002920_redis_feed11_rep1,redis,sb:events:n20:feed11:rep1,6989a48a-3d41-4a91-836c-f43c0cf375cd,3895086,193,23442305100,23442331100,1781307002591-0
concurrency_n20_20260613_002920_redis_feed11_rep1,redis,sb:events:n20:feed11:rep1,d48fe2aa-5806-4d30-be6f-8f4bf216e21d,3895086,193,23443929700,23443953500,1781307002593-0
concurrency_n20_20260613_002920_redis_feed11_rep1,redis,sb:events:n20:feed11:rep1,85de58e9-2b57-44f2-bd15-43c8614785e7,3895052,193,23446114800,23446142500,1781307002599-0
concurrency_n20_20260613_002920_redis_feed11_rep1,redis,sb:events:n20:feed11:rep1,aadb06a8-0a17-4549-9719-2ceb370973e3,3895052,193,23451851200,23452006200,1781307002605-0
concurrency_n20_20260613_002920_redis_feed11_rep1,redis,sb:events:n20:feed11:rep1,bf995fff-e50f-4112-bb7c-3e0f0c6f7d1a,3895060,194,23454478900,23454504200,1781307002607-0
concurrency_n20_20260613_002920_redis_feed11_rep1,redis,sb:events:n20:feed11:rep1,fccb18a5-ca11-44d4-88f5-489bb1d9f0d9,3895060,194,23466208100,23466234600,1781307002608-0
concurrency_n20_20260613_002920_redis_feed11_rep1,redis,sb:events:n20:feed11:rep1,d4d9296e-0ddd-499c-b857-b6d7d6b86b59,3895060,194,23473184100,23473221400,1781307002613-0
concurrency_n20_20260613_002920_redis_feed11_rep1,redis,sb:events:n20:feed11:rep1,34375f53-3e60-42ff-911f-c1ac08b123a0,3895060,194,23483351900,23483379300,1781307002614-0
concurrency_n20_20260613_002920_redis_feed11_rep1,redis,sb:events:n20:feed11:rep1,4cdf55ed-0511-4c71-a946-2d976f831af4,3895074,194,23514352600,23514378400,1781307002622-0
concurrency_n20_20260613_002920_redis_feed11_rep1,redis,sb:events:n20:feed11:rep1,f3ca3ab8-c52c-433b-89ca-df862dacd4a9,3895074,194,23518196000,23518222400,1781307002629-0
concurrency_n20_20260613_002920_redis_feed11_rep1,redis,sb:events:n20:feed11:rep1,c8996301-8ac1-4228-9119-e8f2770ba2a7,3895086,194,23519497300,23519538500,1781307002630-0
concurrency_n20_20260613_002920_redis_feed11_rep1,redis,sb:events:n20:feed11:rep1,6c046b96-5365-47af-8c54-5b65043428ba,3895134,194,23520311300,23520329900,1781307002631-0
concurrency_n20_20260613_002920_redis_feed11_rep1,redis,sb:events:n20:feed11:rep1,e1bb5abd-6fb8-450f-a34c-87cda38464f4,3895134,194,23523443200,23523472800,1781307002636-0
concurrency_n20_20260613_002920_redis_feed11_rep1,redis,sb:events:n20:feed11:rep1,4eb4d402-5669-4cdb-81db-1271d5448f1b,3895121,195,23524711500,23524793100,1781307002673-0
concurrency_n20_20260613_002920_redis_feed11_rep1,redis,sb:events:n20:feed11:rep1,68363c21-b66c-4d7e-929f-08e887bd47f7,3895086,195,23525801700,23525820500,1781307002676-0
concurrency_n20_20260613_002920_redis_feed11_rep1,redis,sb:events:n20:feed11:rep1,256471d2-953b-47a0-a298-8249ef937d29,3895107,195,23528020500,23528117100,1781307002678-0
concurrency_n20_20260613_002920_redis_feed11_rep1,redis,sb:events:n20:feed11:rep1,52c222f2-f353-4607-a328-9be49e3d9965,3895134,195,23532367100,23532472500,1781307002679-0
concurrency_n20_20260613_002920_redis_feed11_rep1,redis,sb:events:n20:feed11:rep1,e50641a4-5a4d-4f8f-a211-f51cc720fc0f,3895060,196,23533479000,23533504800,1781307002680-0
concurrency_n20_20260613_002920_redis_feed11_rep1,redis,sb:events:n20:feed11:rep1,38928839-e8dd-4582-92f7-2522f531fe61,3895121,196,23534350500,23534391000,1781307002682-0
concurrency_n20_20260613_002920_redis_feed11_rep1,redis,sb:events:n20:feed11:rep1,a00e2921-98ee-4756-a5b2-79066976df67,3895121,196,23535277100,23535301900,1781307002685-0
concurrency_n20_20260613_002920_redis_feed11_rep1,redis,sb:events:n20:feed11:rep1,d42811d8-2083-42e6-87e5-64cedfcec80d,3895074,196,23540031800,23540059300,1781307002687-0
concurrency_n20_20260613_002920_redis_feed11_rep1,redis,sb:events:n20:feed11:rep1,49492208-3361-4ecd-af09-afade83b8dec,3895086,196,23540968000,23540994000,1781307002688-0
concurrency_n20_20260613_002920_redis_feed11_rep1,redis,sb:events:n20:feed11:rep1,971ee027-fe01-459a-9207-08bd6c8f8d67,3895086,196,23542022000,23542113100,1781307002692-0
concurrency_n20_20260613_002920_redis_feed11_rep1,redis,sb:events:n20:feed11:rep1,446af2b6-1103-4b51-8dd1-03eda19f2798,3895086,196,23543364100,23543384100,1781307002693-0
concurrency_n20_20260613_002920_redis_feed11_rep1,redis,sb:events:n20:feed11:rep1,a5b88451-ad44-4809-a52a-f2cce2822d77,3895052,196,23549145600,23549205400,1781307002698-0
concurrency_n20_20260613_002920_redis_feed11_rep1,redis,sb:events:n20:feed11:rep1,172e96be-11a1-4478-95ec-4f9abf5f4c61,3895060,197,23550089000,23550109800,1781307002699-0
concurrency_n20_20260613_002920_redis_feed11_rep1,redis,sb:events:n20:feed11:rep1,b01466de-7c33-4b21-a1db-536a15898d01,3895121,197,23550997000,23551016100,1781307002701-0
concurrency_n20_20260613_002920_redis_feed11_rep1,redis,sb:events:n20:feed11:rep1,af0da08d-c153-492c-91c2-988ff74e077b,3895121,197,23553387900,23553413600,1781307002710-0
concurrency_n20_20260613_002920_redis_feed11_rep1,redis,sb:events:n20:feed11:rep1,f3700bf4-0863-4684-a153-3c50060f39d0,3895121,197,23571422600,23571453400,1781307002729-0
concurrency_n20_20260613_002920_redis_feed11_rep1,redis,sb:events:n20:feed11:rep1,4826bc28-41b5-447a-a457-f0c3657a219f,3895074,197,23574456200,23574478700,1781307002733-0
concurrency_n20_20260613_002920_redis_feed11_rep1,redis,sb:events:n20:feed11:rep1,1b097b83-1c3a-46c9-9a82-dfc9f5fbed5b,3895074,197,23579347900,23579372100,1781307002738-0
concurrency_n20_20260613_002920_redis_feed11_rep1,redis,sb:events:n20:feed11:rep1,72dc6540-3467-4dc2-94a8-99f15d0c178b,3895086,197,23586073000,23586109500,1781307002740-0
concurrency_n20_20260613_002920_redis_feed11_rep1,redis,sb:events:n20:feed11:rep1,a2683d74-48e8-46ab-b383-89bf9410c32f,3895086,197,23586970000,23586993600,1781307002741-0
concurrency_n20_20260613_002920_redis_feed11_rep1,redis,sb:events:n20:feed11:rep1,96e66b7e-9560-4618-b22d-38dcf3ccd1e0,3895086,197,23588786300,23588807900,1781307002746-0
concurrency_n20_20260613_002920_redis_feed11_rep1,redis,sb:events:n20:feed11:rep1,0bd96b1d-bdc8-40ef-917c-b2dfbb9d19c9,3895086,197,23595103900,23595128800,1781307002747-0
concurrency_n20_20260613_002920_redis_feed11_rep1,redis,sb:events:n20:feed11:rep1,17bd02c0-9fbf-456d-8dad-1cc75beac511,3895134,197,23596008700,23596030800,1781307002749-0
concurrency_n20_20260613_002920_redis_feed11_rep1,redis,sb:events:n20:feed11:rep1,1a6ddb98-6cc1-4354-a590-7b65654b9892,3895134,197,23598852100,23598878600,1781307002756-0
concurrency_n20_20260613_002920_redis_feed11_rep1,redis,sb:events:n20:feed11:rep1,8d22c242-bb5f-40d5-ab0c-bcee0e7859cf,3895134,197,23619413200,23619473400,1781307002774-0
concurrency_n20_20260613_002920_redis_feed11_rep1,redis,sb:events:n20:feed11:rep1,792dbee9-5755-449b-9dd8-fdfab7f99ccd,3895052,197,23620829800,23620868400,1781307002777-0
concurrency_n20_20260613_002920_redis_feed11_rep1,redis,sb:events:n20:feed11:rep1,16625b7e-c911-4dbb-bd7b-b772e039684e,3895052,197,23627367000,23627389000,1781307002778-0
concurrency_n20_20260613_002920_redis_feed11_rep1,redis,sb:events:n20:feed11:rep1,96a7e922-31fd-4041-ab6b-5d8d9eda6545,3895121,198,23630870500,23631154200,1781307002780-0
concurrency_n20_20260613_002920_redis_feed11_rep1,redis,sb:events:n20:feed11:rep1,9abb84e4-f563-49c8-bbe5-00ede9f39eea,3895074,198,23632159700,23632177100,1781307002782-0
concurrency_n20_20260613_002920_redis_feed11_rep1,redis,sb:events:n20:feed11:rep1,c7126d77-ac10-4829-ab34-042f805ccd56,3895107,198,23650663500,23650696300,1781307002785-0
concurrency_n20_20260613_002920_redis_feed11_rep1,redis,sb:events:n20:feed11:rep1,2e180f15-448d-4991-b8ce-ed0fdce47a1d,3895107,198,23653544000,23653571500,1781307002787-0
concurrency_n20_20260613_002920_redis_feed11_rep1,redis,sb:events:n20:feed11:rep1,bbd5b60b-0ff4-4622-b031-65089b77991b,3895134,198,23657633500,23657659700,1781307002791-0
concurrency_n20_20260613_002920_redis_feed11_rep1,redis,sb:events:n20:feed11:rep1,d6028f98-7860-4ce1-9f61-c875e72ca303,3895134,198,23658779900,23658800900,1781307002808-0
concurrency_n20_20260613_002920_redis_feed11_rep1,redis,sb:events:n20:feed11:rep1,5cd65a29-d258-4f09-bd90-7c6c953a3d99,3895060,199,23660783000,23660808000,1781307002814-0
concurrency_n20_20260613_002920_redis_feed11_rep1,redis,sb:events:n20:feed11:rep1,3fdf134f-f466-42ce-8bf3-2f525310bce2,3895060,199,23661529000,23661547000,1781307002815-0
concurrency_n20_20260613_002920_redis_feed11_rep1,redis,sb:events:n20:feed11:rep1,0a83c4de-06fa-4a56-a2b3-82575cffd17b,3895121,199,23662299500,23662321400,1781307002816-0
concurrency_n20_20260613_002920_redis_feed11_rep1,redis,sb:events:n20:feed11:rep1,76a5e150-9453-45e0-bd0b-02d9529f074b,3895121,199,23667981600,23668107800,1781307002817-0
concurrency_n20_20260613_002920_redis_feed11_rep1,redis,sb:events:n20:feed11:rep1,7a16efb7-ba64-439a-b8d1-4b33341fe52b,3895121,199,23670645500,23670679200,1781307002822-0
concurrency_n20_20260613_002920_redis_feed11_rep1,redis,sb:events:n20:feed11:rep1,f588ffb8-c6ab-401c-afde-4b0c1a4ad974,3895074,199,23671472300,23671493400,1781307002824-0
concurrency_n20_20260613_002920_redis_feed11_rep1,redis,sb:events:n20:feed11:rep1,f5b1ab45-5ef6-4a25-b908-531c40ecfb17,3895074,199,23672927000,23673030200,1781307002825-0
concurrency_n20_20260613_002920_redis_feed11_rep1,redis,sb:events:n20:feed11:rep1,77971109-d4df-44fc-8c58-778b5f7e405e,3895074,199,23677918700,23677948000,1781307002832-0
concurrency_n20_20260613_002920_redis_feed11_rep1,redis,sb:events:n20:feed11:rep1,e53e034d-e4e3-4396-af9c-3789aed49e4c,3895086,199,23726487700,23726520100,1781307002833-0
concurrency_n20_20260613_002920_redis_feed11_rep1,redis,sb:events:n20:feed11:rep1,a648a836-f23e-407e-908c-2d74c08c5d8b,3895086,199,23810091800,23810191200,1781307002835-0
concurrency_n20_20260613_002920_redis_feed11_rep1,redis,sb:events:n20:feed11:rep1,e6548093-2ec3-4b32-ad9e-c13164f9eb7e,3895086,199,23813745800,23813773200,1781307002836-0
concurrency_n20_20260613_002920_redis_feed11_rep1,redis,sb:events:n20:feed11:rep1,c9fbb482-a1bd-4a60-99d8-4dc04495c41a,3895086,199,23815344400,23815367000,1781307002847-0
concurrency_n20_20260613_002920_redis_feed11_rep1,redis,sb:events:n20:feed11:rep1,44adc433-a604-4dfa-ac83-95eaa45264d3,3895086,199,23816579600,23816595100,1781307002895-0
concurrency_n20_20260613_002920_redis_feed11_rep1,redis,sb:events:n20:feed11:rep1,ccfcc2a4-b123-4e6f-bb1e-4204f93b1b24,3895060,200,23823558400,23823585400,1781307002969-0
concurrency_n20_20260613_002920_redis_feed11_rep1,redis,sb:events:n20:feed11:rep1,23f4c933-a179-42cf-980f-74eff232c2f1,3895060,200,23826036300,23826061600,1781307002972-0
concurrency_n20_20260613_002920_redis_feed11_rep1,redis,sb:events:n20:feed11:rep1,daf13775-c709-498f-a1b5-f6b9e146db6b,3895060,200,23827001600,23827024700,1781307002974-0
concurrency_n20_20260613_002920_redis_feed11_rep1,redis,sb:events:n20:feed11:rep1,7da92d0e-971c-43dd-a7f3-2511b29bd57f,3895121,200,23827833700,23827856900,1781307002981-0
concurrency_n20_20260613_002920_redis_feed11_rep1,redis,sb:events:n20:feed11:rep1,3adbde33-f5f6-4f4b-8ab0-7aa75bb49341,3895107,200,23834216200,23834246400,1781307002982-0
concurrency_n20_20260613_002920_redis_feed11_rep1,redis,sb:events:n20:feed11:rep1,bad0945f-7f75-4d9a-9ecc-997bda22be9c,3895086,200,23835159600,23835187300,1781307002983-0
concurrency_n20_20260613_002920_redis_feed11_rep1,redis,sb:events:n20:feed11:rep1,f2328187-8156-42f2-97a7-2ee0ffb6a3b9,3895107,200,23839133000,23839158900,1781307002990-0
concurrency_n20_20260613_002920_redis_feed11_rep1,redis,sb:events:n20:feed11:rep1,06e900b7-542e-477d-8696-c42d71038ca4,3895107,200,23842243900,23842271700,1781307002991-0
concurrency_n20_20260613_002920_redis_feed11_rep1,redis,sb:events:n20:feed11:rep1,2fd34664-260c-48de-9436-1a04d57e369d,3895134,200,23855730900,23855756300,1781307002999-0
concurrency_n20_20260613_002920_redis_feed11_rep1,redis,sb:events:n20:feed11:rep1,a063c968-204d-444d-ba8e-b8defaed5422,3895052,200,23856970200,23856991600,1781307003000-0
concurrency_n20_20260613_002920_redis_feed11_rep1,redis,sb:events:n20:feed11:rep1,1e6bcd21-4a17-4a02-8027-ef9f77b3cd2d,3895121,201,23858795700,23858826500,1781307003012-0
concurrency_n20_20260613_002920_redis_feed11_rep1,redis,sb:events:n20:feed11:rep1,62ea6343-6d67-40a5-bc8a-5a677b785307,3895074,201,23870703300,23870726500,1781307003028-0
concurrency_n20_20260613_002920_redis_feed11_rep1,redis,sb:events:n20:feed11:rep1,ee5e48bc-8faf-4832-b825-5991970ce338,3895074,201,23907255600,23907278700,1781307003059-0
concurrency_n20_20260613_002920_redis_feed11_rep1,redis,sb:events:n20:feed11:rep1,a91e8210-91ec-44f0-98f4-9e05c3a0fe3d,3895074,201,23909475000,23909498500,1781307003061-0
concurrency_n20_20260613_002920_redis_feed11_rep1,redis,sb:events:n20:feed11:rep1,0239eda8-4ff5-4d7a-bcda-1cf186225f81,3895074,201,23911142400,23911173500,1781307003066-0
concurrency_n20_20260613_002920_redis_feed11_rep1,redis,sb:events:n20:feed11:rep1,0995d99a-e32a-425d-8268-3a85ae939a7a,3895086,201,23928352300,23928376300,1781307003076-0
concurrency_n20_20260613_002920_redis_feed11_rep1,redis,sb:events:n20:feed11:rep1,f4da8ee3-57ce-431e-adab-2750f84a0ac2,3895086,201,23930365800,23930432900,1781307003077-0
concurrency_n20_20260613_002920_redis_feed11_rep1,redis,sb:events:n20:feed11:rep1,e9e37024-1acc-4745-9fec-1a15723ba7a9,3895107,201,23931572200,23931596700,1781307003079-0
concurrency_n20_20260613_002920_redis_feed11_rep1,redis,sb:events:n20:feed11:rep1,239ffa71-f8ac-430e-8b57-e1a2b538fdca,3895086,201,23932376100,23932405600,1781307003087-0
concurrency_n20_20260613_002920_redis_feed11_rep1,redis,sb:events:n20:feed11:rep1,6737edef-f7b9-4344-a16c-41753531e22c,3895086,201,23956434800,23956461900,1781307003089-0
concurrency_n20_20260613_002920_redis_feed11_rep1,redis,sb:events:n20:feed11:rep1,ba29c511-5821-4bd5-9891-5b1eeabd18d0,3895052,201,23961060500,23961083900,1781307003090-0
concurrency_n20_20260613_002920_redis_feed11_rep1,redis,sb:events:n20:feed11:rep1,f06ec916-de24-4b51-9778-0f0264c35cca,3895052,201,23961951500,23961969900,1781307003113-0
concurrency_n20_20260613_002920_redis_feed11_rep1,redis,sb:events:n20:feed11:rep1,fa6fea07-6678-424c-ad05-f279a528bd28,3895060,202,23962892200,23962911300,1781307003117-0
concurrency_n20_20260613_002920_redis_feed11_rep1,redis,sb:events:n20:feed11:rep1,ed6a802e-8bd2-43f0-bd58-f3bb52d354f7,3895060,202,23979215200,23979236300,1781307003119-0
concurrency_n20_20260613_002920_redis_feed11_rep1,redis,sb:events:n20:feed11:rep1,30056cad-6fc9-480e-9270-daebd609d4a8,3895060,202,23980112400,23980136500,1781307003128-0
concurrency_n20_20260613_002920_redis_feed11_rep1,redis,sb:events:n20:feed11:rep1,9ffe785f-f42b-456b-aef5-a1bc558439dc,3895121,202,23980816000,23980832900,1781307003130-0
concurrency_n20_20260613_002920_redis_feed11_rep1,redis,sb:events:n20:feed11:rep1,922394ef-ca71-4347-b37a-b990f0c16a4d,3895121,202,23981639100,23981680600,1781307003131-0
concurrency_n20_20260613_002920_redis_feed11_rep1,redis,sb:events:n20:feed11:rep1,130afcba-4b16-4de4-a0d4-ec8ebb6487c6,3895107,202,23990842100,23990886900,1781307003142-0
concurrency_n20_20260613_002920_redis_feed11_rep1,redis,sb:events:n20:feed11:rep1,5b85a3a5-887a-40b3-85b4-bea0b41e5148,3895134,202,23993176200,23993203000,1781307003144-0
concurrency_n20_20260613_002920_redis_feed11_rep1,redis,sb:events:n20:feed11:rep1,20998e8c-81f3-41ca-b066-dfe4b384009c,3895107,202,23993882600,23993918500,1781307003145-0
concurrency_n20_20260613_002920_redis_feed11_rep1,redis,sb:events:n20:feed11:rep1,8b72d96d-ed9a-4019-a678-f7fa7ec57707,3895134,202,24001416500,24001443300,1781307003147-0
concurrency_n20_20260613_002920_redis_feed11_rep1,redis,sb:events:n20:feed11:rep1,5a280f38-320a-4d59-ba8a-cb4ed45fc8ec,3895067,203,24002140200,24002163300,1781307003148-0
concurrency_n20_20260613_002920_redis_feed11_rep1,redis,sb:events:n20:feed11:rep1,8414b06d-1085-489c-9e8a-bb5990ee652e,3895060,203,24002881600,24002909200,1781307003149-0
concurrency_n20_20260613_002920_redis_feed11_rep1,redis,sb:events:n20:feed11:rep1,cc2d56f3-55b0-498b-89c6-488bb332eb26,3895107,203,24004907800,24004928800,1781307003155-0
concurrency_n20_20260613_002920_redis_feed11_rep1,redis,sb:events:n20:feed11:rep1,c0d373dd-6241-4116-b046-4a379fa4065b,3895134,203,24034794500,24034820200,1781307003156-0
concurrency_n20_20260613_002920_redis_feed11_rep1,redis,sb:events:n20:feed11:rep1,8e2f0d5f-76bc-4074-9c9c-6db01ed09340,3895067,204,24042653300,24042680900,1781307003158-0
concurrency_n20_20260613_002920_redis_feed11_rep1,redis,sb:events:n20:feed11:rep1,d97f0ae0-eb7e-4fcd-9920-59ce25e17182,3895067,204,24044917900,24044942300,1781307003159-0
concurrency_n20_20260613_002920_redis_feed11_rep1,redis,sb:events:n20:feed11:rep1,704a7634-3317-4d13-946a-2c30d8b4e2db,3895067,204,24046207500,24046229300,1781307003160-0
concurrency_n20_20260613_002920_redis_feed11_rep1,redis,sb:events:n20:feed11:rep1,38a4ff68-015b-423e-a8f5-6ff82897e961,3895060,204,24048223700,24048243900,1781307003161-0
concurrency_n20_20260613_002920_redis_feed11_rep1,redis,sb:events:n20:feed11:rep1,104a2a5f-f42f-45e3-a0be-0b607ce6ef8d,3895060,204,24071920000,24071945700,1781307003177-0
concurrency_n20_20260613_002920_redis_feed11_rep1,redis,sb:events:n20:feed11:rep1,0a87405c-ee48-434a-9258-ff48a830c91b,3895060,204,24073672100,24073695200,1781307003200-0
concurrency_n20_20260613_002920_redis_feed11_rep1,redis,sb:events:n20:feed11:rep1,795c31a8-defb-40c2-b50c-8c64e3ace87a,3895121,204,24074732500,24074795300,1781307003214-0
concurrency_n20_20260613_002920_redis_feed11_rep1,redis,sb:events:n20:feed11:rep1,7b2b97e5-514f-4ee7-852f-e97c2bf0ab46,3895121,204,24076021100,24076039500,1781307003215-0
concurrency_n20_20260613_002920_redis_feed11_rep1,redis,sb:events:n20:feed11:rep1,fddd59c2-b0a0-4602-8c9f-b01f08a4df91,3895121,204,24092768500,24092792200,1781307003217-0
concurrency_n20_20260613_002920_redis_feed11_rep1,redis,sb:events:n20:feed11:rep1,faa7b2e9-52ce-4f10-9f35-89d48cfcdbff,3895107,204,24114652700,24114678100,1781307003218-0
concurrency_n20_20260613_002920_redis_feed11_rep1,redis,sb:events:n20:feed11:rep1,18b078eb-e5e4-4ac5-9a56-e5ae180c4cde,3895107,204,24209388100,24209417800,1781307003236-0
concurrency_n20_20260613_002920_redis_feed11_rep1,redis,sb:events:n20:feed11:rep1,e4a00a28-311e-44fc-b9e7-a030e7f36a37,3895074,205,24213939000,24213960300,1781307003237-0
concurrency_n20_20260613_002920_redis_feed11_rep1,redis,sb:events:n20:feed11:rep1,f586872d-11e2-4192-8560-ca5b871d9a0d,3895086,205,24215139100,24215162900,1781307003239-0
concurrency_n20_20260613_002920_redis_feed11_rep1,redis,sb:events:n20:feed11:rep1,6c17d90b-75bc-4b72-8b30-16eb020400c5,3895086,205,24216295500,24216320200,1781307003301-0
concurrency_n20_20260613_002920_redis_feed11_rep1,redis,sb:events:n20:feed11:rep1,cf6f5f44-46a4-43e7-89f0-3e0871418c79,3895134,205,24221234400,24221293900,1781307003339-0
concurrency_n20_20260613_002920_redis_feed11_rep1,redis,sb:events:n20:feed11:rep1,854c2dd7-f927-4e0c-97db-cf2836aef39b,3895086,205,24222565100,24222587000,1781307003366-0
concurrency_n20_20260613_002920_redis_feed11_rep1,redis,sb:events:n20:feed11:rep1,b2990b07-2c4a-499c-ad6b-d3f86fcbf923,3895134,205,24223395600,24223416700,1781307003369-0
concurrency_n20_20260613_002920_redis_feed11_rep1,redis,sb:events:n20:feed11:rep1,469750b6-7b77-448a-a6eb-0c08c4120fb2,3895107,205,24226210700,24226239900,1781307003372-0
concurrency_n20_20260613_002920_redis_feed11_rep1,redis,sb:events:n20:feed11:rep1,fca572a5-4cbf-4682-b722-f491b76bbe7a,3895067,206,24227187000,24227210900,1781307003374-0
concurrency_n20_20260613_002920_redis_feed11_rep1,redis,sb:events:n20:feed11:rep1,730f71ea-4842-43ed-93d4-c4e8bd167f84,3895107,206,24228389300,24228409800,1781307003380-0
concurrency_n20_20260613_002920_redis_feed11_rep1,redis,sb:events:n20:feed11:rep1,fdfdbc2b-100b-4a25-8e40-f841713eaa5c,3895107,206,24229334200,24229353300,1781307003382-0
concurrency_n20_20260613_002920_redis_feed11_rep1,redis,sb:events:n20:feed11:rep1,d032e8c5-0027-4255-9ebc-8a92fe3b1428,3895107,206,24230074800,24230093100,1781307003384-0
concurrency_n20_20260613_002920_redis_feed11_rep1,redis,sb:events:n20:feed11:rep1,006c33a6-6491-4858-96d7-48ef5b8c5f9a,3895107,206,24231843700,24231870100,1781307003386-0
concurrency_n20_20260613_002920_redis_feed11_rep1,redis,sb:events:n20:feed11:rep1,5a93556c-aeea-4cf1-a648-348fcba497cc,3895074,207,24238795600,24238831700,1781307003387-0
concurrency_n20_20260613_002920_redis_feed11_rep1,redis,sb:events:n20:feed11:rep1,3507a2bb-88cf-4224-a566-3ccd25feb313,3895074,207,24241115200,24241137800,1781307003393-0
concurrency_n20_20260613_002920_redis_feed11_rep1,redis,sb:events:n20:feed11:rep1,f8bcfd72-54ce-48f9-b066-488fb1cff269,3895113,207,24242665400,24242690300,1781307003395-0
concurrency_n20_20260613_002920_redis_feed11_rep1,redis,sb:events:n20:feed11:rep1,0bb9b15a-2163-4b58-a1aa-b32213d88edf,3895113,207,24244753300,24244779500,1781307003396-0
concurrency_n20_20260613_002920_redis_feed11_rep1,redis,sb:events:n20:feed11:rep1,6a46486a-caf4-4944-9898-6c401f82df2a,3895107,207,24250012000,24250038300,1781307003401-0
concurrency_n20_20260613_002920_redis_feed11_rep1,redis,sb:events:n20:feed11:rep1,a869407d-c350-49ee-a923-7fc80a69164b,3895107,207,24251477600,24251504300,1781307003403-0
concurrency_n20_20260613_002920_redis_feed11_rep1,redis,sb:events:n20:feed11:rep1,f5cb25b6-6bac-4cf2-a23e-bf00aa9fe0a2,3895060,208,24252796000,24252823600,1781307003405-0
concurrency_n20_20260613_002920_redis_feed11_rep1,redis,sb:events:n20:feed11:rep1,555457d4-fdf7-4d31-ba9f-163ef1fa44cf,3895060,208,24257035200,24257063700,1781307003409-0
concurrency_n20_20260613_002920_redis_feed11_rep1,redis,sb:events:n20:feed11:rep1,606cbe57-a568-4e08-aa74-b89bd94f0b0d,3895074,208,24259133100,24259172100,1781307003410-0
concurrency_n20_20260613_002920_redis_feed11_rep1,redis,sb:events:n20:feed11:rep1,19fc26e3-e2cd-4b33-8685-6855e3cba0d0,3895113,208,24260359300,24260380400,1781307003412-0
concurrency_n20_20260613_002920_redis_feed11_rep1,redis,sb:events:n20:feed11:rep1,26c4a926-4865-4d01-8e8b-bac1887ad37c,3895113,208,24269226900,24269257500,1781307003415-0
concurrency_n20_20260613_002920_redis_feed11_rep1,redis,sb:events:n20:feed11:rep1,04599be4-bb7c-4eaf-a3ff-bf64dd1387e3,3895113,208,24271989500,24272018300,1781307003416-0
concurrency_n20_20260613_002920_redis_feed11_rep1,redis,sb:events:n20:feed11:rep1,9719df55-b7b8-4c59-8bff-7836593b60db,3895052,208,24273375900,24273395800,1781307003418-0
concurrency_n20_20260613_002920_redis_feed11_rep1,redis,sb:events:n20:feed11:rep1,b7290de5-2a10-4d8a-a1a8-0e2b15375389,3895086,208,24277826000,24277861200,1781307003421-0
concurrency_n20_20260613_002920_redis_feed11_rep1,redis,sb:events:n20:feed11:rep1,4258a04b-4181-4823-b873-53c15c996900,3895086,208,24280958700,24280986900,1781307003423-0
concurrency_n20_20260613_002920_redis_feed11_rep1,redis,sb:events:n20:feed11:rep1,4d1d6542-05df-4c99-9ee1-4fc448d04be3,3895086,208,24282542100,24282575400,1781307003424-0
concurrency_n20_20260613_002920_redis_feed11_rep1,redis,sb:events:n20:feed11:rep1,d64c9e2b-97e5-44a9-8b6c-f04d5a513555,3895074,209,24283696500,24283725100,1781307003429-0
concurrency_n20_20260613_002920_redis_feed11_rep1,redis,sb:events:n20:feed11:rep1,93fa55a4-e47d-46f3-ad8a-56d96f4f49e9,3895074,209,24285194500,24285221900,1781307003430-0
concurrency_n20_20260613_002920_redis_feed11_rep1,redis,sb:events:n20:feed11:rep1,4be842db-8609-483d-b4f7-44b716327f31,3895074,209,24288690100,24288716600,1781307003432-0
concurrency_n20_20260613_002920_redis_feed11_rep1,redis,sb:events:n20:feed11:rep1,13720ec3-e32a-441f-b0df-ff023e7b6d7a,3895113,209,24291085500,24291147600,1781307003436-0
concurrency_n20_20260613_002920_redis_feed11_rep1,redis,sb:events:n20:feed11:rep1,19a92bc2-a7fb-4ca4-989f-c23629388f2f,3895113,209,24292194200,24292214200,1781307003439-0
concurrency_n20_20260613_002920_redis_feed11_rep1,redis,sb:events:n20:feed11:rep1,b935b96c-0415-4c16-89fd-78aa77b5a5c3,3895113,209,24293153000,24293178500,1781307003442-0
concurrency_n20_20260613_002920_redis_feed11_rep1,redis,sb:events:n20:feed11:rep1,cdda1d46-0250-4c23-8f29-ce4dab162b4f,3895134,209,24297014400,24297095300,1781307003444-0
concurrency_n20_20260613_002920_redis_feed11_rep1,redis,sb:events:n20:feed11:rep1,570d413f-e9ef-4233-be62-293f256249c7,3895052,209,24300224900,24300425900,1781307003446-0
concurrency_n20_20260613_002920_redis_feed11_rep1,redis,sb:events:n20:feed11:rep1,5b787a90-5908-442c-948c-798530d53b46,3895052,209,24305101300,24305136100,1781307003448-0
concurrency_n20_20260613_002920_redis_feed11_rep1,redis,sb:events:n20:feed11:rep1,4bb1ab04-da7c-4321-9d6a-95c972ef344b,3895086,209,24320459100,24320482600,1781307003450-0
concurrency_n20_20260613_002920_redis_feed11_rep1,redis,sb:events:n20:feed11:rep1,97ef2d61-cf0c-471f-8a42-5bfe3262fef9,3895086,209,24321313700,24321333400,1781307003451-0
concurrency_n20_20260613_002920_redis_feed11_rep1,redis,sb:events:n20:feed11:rep1,9267cb15-62bc-4b7f-a3c3-c6b40cc52a6a,3895113,210,24322050200,24322070300,1781307003454-0
concurrency_n20_20260613_002920_redis_feed11_rep1,redis,sb:events:n20:feed11:rep1,239820ad-e7f1-40cb-a928-1cfe1679be04,3895134,210,24322913600,24322935900,1781307003455-0
concurrency_n20_20260613_002920_redis_feed11_rep1,redis,sb:events:n20:feed11:rep1,a2b0fac8-412f-4cb6-9667-0773efa73656,3895113,210,24323939700,24323988200,1781307003456-0
concurrency_n20_20260613_002920_redis_feed11_rep1,redis,sb:events:n20:feed11:rep1,f61695ae-1555-43e1-8510-28e0b90b24e6,3895134,210,24325096700,24325113900,1781307003458-0
concurrency_n20_20260613_002920_redis_feed11_rep1,redis,sb:events:n20:feed11:rep1,68e1846d-61ff-468c-a399-ffb99c8d7222,3895134,210,24334394800,24334419200,1781307003462-0
concurrency_n20_20260613_002920_redis_feed11_rep1,redis,sb:events:n20:feed11:rep1,7639e7d7-5107-41b0-8fe1-04a1f8217001,3895086,210,24335076100,24335095400,1781307003465-0
concurrency_n20_20260613_002920_redis_feed11_rep1,redis,sb:events:n20:feed11:rep1,b4096be6-9255-486d-85ef-fb1f82c24839,3895086,210,24336823900,24336846700,1781307003474-0
concurrency_n20_20260613_002920_redis_feed11_rep1,redis,sb:events:n20:feed11:rep1,5f9b6b59-8a14-499f-884b-87313d1ddc01,3895086,210,24341626700,24341696600,1781307003477-0
concurrency_n20_20260613_002920_redis_feed11_rep1,redis,sb:events:n20:feed11:rep1,9b52a8fd-9c5c-4293-8259-7ec03f352235,3895107,210,24342803300,24342826000,1781307003479-0
concurrency_n20_20260613_002920_redis_feed11_rep1,redis,sb:events:n20:feed11:rep1,79126be9-b946-4db5-9e70-c0ea00b5d931,3895086,210,24343713100,24343767800,1781307003481-0
concurrency_n20_20260613_002920_redis_feed11_rep1,redis,sb:events:n20:feed11:rep1,71a926aa-c491-4365-8962-c40080f63fc7,3895060,211,24345480100,24345509300,1781307003482-0
concurrency_n20_20260613_002920_redis_feed11_rep1,redis,sb:events:n20:feed11:rep1,62826bb6-cd29-4a46-8c39-b821f1ffa487,3895113,211,24346630200,24346657600,1781307003483-0
concurrency_n20_20260613_002920_redis_feed11_rep1,redis,sb:events:n20:feed11:rep1,afd87378-26f0-4ddc-b981-bf98a48e8363,3895113,211,24350779100,24350813500,1781307003493-0
concurrency_n20_20260613_002920_redis_feed11_rep1,redis,sb:events:n20:feed11:rep1,2866550d-a28c-47d4-96c3-4bfb70dc24b3,3895134,211,24352086300,24352153200,1781307003494-0
concurrency_n20_20260613_002920_redis_feed11_rep1,redis,sb:events:n20:feed11:rep1,6a500abf-1afa-42d0-8321-40d31eb3fc9b,3895113,211,24353367100,24353393900,1781307003495-0
concurrency_n20_20260613_002920_redis_feed11_rep1,redis,sb:events:n20:feed11:rep1,4a13e529-c528-425f-bc58-c94138612ed7,3895134,211,24360365000,24360405800,1781307003502-0
concurrency_n20_20260613_002920_redis_feed11_rep1,redis,sb:events:n20:feed11:rep1,d18ac035-ae5f-403f-9a29-8c95cb4c9a98,3895107,211,24361472400,24361499400,1781307003505-0
concurrency_n20_20260613_002920_redis_feed11_rep1,redis,sb:events:n20:feed11:rep1,b33bd1db-ae78-4fe9-868f-2497d774e37b,3895107,211,24362269700,24362291900,1781307003511-0
concurrency_n20_20260613_002920_redis_feed11_rep1,redis,sb:events:n20:feed11:rep1,42646d1f-6ac6-47cf-91e9-5902162f9945,3895067,212,24363120200,24363136900,1781307003512-0
concurrency_n20_20260613_002920_redis_feed11_rep1,redis,sb:events:n20:feed11:rep1,f018ba31-3864-4bbd-b90b-5aba86ec11fb,3895067,212,24363967800,24363991000,1781307003513-0
concurrency_n20_20260613_002920_redis_feed11_rep1,redis,sb:events:n20:feed11:rep1,6814a9dc-5fb8-4566-b386-654ab7b93302,3895113,212,24367689500,24367750500,1781307003514-0
concurrency_n20_20260613_002920_redis_feed11_rep1,redis,sb:events:n20:feed11:rep1,3382d742-d5a5-471e-9108-83ef9eec6586,3895134,212,24372277200,24372306300,1781307003516-0
concurrency_n20_20260613_002920_redis_feed11_rep1,redis,sb:events:n20:feed11:rep1,fbfe8ca5-7c5c-45b7-98af-4a38bc6a58c0,3895134,212,24376860200,24376884600,1781307003518-0
concurrency_n20_20260613_002920_redis_feed11_rep1,redis,sb:events:n20:feed11:rep1,7bfcca6d-5cb1-42ff-966a-0c3ecfb1a8b1,3895086,212,24377905100,24377927800,1781307003522-0
concurrency_n20_20260613_002920_redis_feed11_rep1,redis,sb:events:n20:feed11:rep1,bf4cb337-a622-4e43-9a61-3920c8482d90,3895086,212,24380585600,24380611500,1781307003524-0
concurrency_n20_20260613_002920_redis_feed11_rep1,redis,sb:events:n20:feed11:rep1,32e37a91-895f-44df-9efa-f0f03cdb0c4f,3895107,212,24393914200,24393978400,1781307003526-0
concurrency_n20_20260613_002920_redis_feed11_rep1,redis,sb:events:n20:feed11:rep1,84ec7ad7-a2e5-4993-9fc8-c0d48a121d5f,3895086,212,24395514800,24395535400,1781307003528-0
concurrency_n20_20260613_002920_redis_feed11_rep1,redis,sb:events:n20:feed11:rep1,da0d2ca8-0650-47d0-8bf6-ff69268155fa,3895107,212,24396802200,24396826400,1781307003534-0
concurrency_n20_20260613_002920_redis_feed11_rep1,redis,sb:events:n20:feed11:rep1,201204b4-ddca-4e95-879d-5ea29aeab663,3895086,212,24397983100,24398006800,1781307003539-0
concurrency_n20_20260613_002920_redis_feed11_rep1,redis,sb:events:n20:feed11:rep1,b29c3caf-f291-487b-beb4-72c6aca45001,3895113,213,24403070200,24403096500,1781307003541-0
concurrency_n20_20260613_002920_redis_feed11_rep1,redis,sb:events:n20:feed11:rep1,ddf078ee-315b-435b-ac43-e33e19103b6a,3895113,213,24430391800,24430445900,1781307003554-0
concurrency_n20_20260613_002920_redis_feed11_rep1,redis,sb:events:n20:feed11:rep1,84d35a0c-988c-4977-8841-814426dca458,3895086,213,24431819900,24431838400,1781307003556-0
concurrency_n20_20260613_002920_redis_feed11_rep1,redis,sb:events:n20:feed11:rep1,9bcffd13-f0d8-4e1d-ba3b-73bcb59832fe,3895067,214,24438526000,24438556600,1781307003573-0
concurrency_n20_20260613_002920_redis_feed11_rep1,redis,sb:events:n20:feed11:rep1,a3f06e72-c4ae-4963-a365-b410eb92d1d0,3895067,214,24439532700,24439558000,1781307003576-0
concurrency_n20_20260613_002920_redis_feed11_rep1,redis,sb:events:n20:feed11:rep1,b15b063c-fba0-4b35-93e3-12c1ab5450b3,3895052,214,24441389500,24441406800,1781307003589-0
concurrency_n20_20260613_002920_redis_feed11_rep1,redis,sb:events:n20:feed11:rep1,1425eb5d-7c5a-4987-aab0-f7ff7f3acedc,3895113,214,24442064600,24442090600,1781307003593-0
concurrency_n20_20260613_002920_redis_feed11_rep1,redis,sb:events:n20:feed11:rep1,0f14de1c-8327-414a-834f-c3c395569755,3895107,214,24446525300,24446706200,1781307003595-0
concurrency_n20_20260613_002920_redis_feed11_rep1,redis,sb:events:n20:feed11:rep1,6027d630-8427-4341-9c7a-6b0b930e7fa6,3895107,214,24450529100,24450555300,1781307003602-0
concurrency_n20_20260613_002920_redis_feed11_rep1,redis,sb:events:n20:feed11:rep1,67c684b6-21b0-4bca-a0f4-3bd1a85e22a6,3895107,214,24451938900,24451968500,1781307003603-0
concurrency_n20_20260613_002920_redis_feed11_rep1,redis,sb:events:n20:feed11:rep1,c4297aed-1578-4f7d-b3d7-84dda385543a,3895107,214,24453080600,24453104900,1781307003604-0
concurrency_n20_20260613_002920_redis_feed11_rep1,redis,sb:events:n20:feed11:rep1,d28de1d9-1e74-4c52-9ddc-06e3482170e7,3895067,215,24454436700,24454460500,1781307003609-0
concurrency_n20_20260613_002920_redis_feed11_rep1,redis,sb:events:n20:feed11:rep1,ff873195-aa1c-4298-8568-dce7bf70b436,3895134,215,24456546600,24456572700,1781307003610-0
concurrency_n20_20260613_002920_redis_feed11_rep1,redis,sb:events:n20:feed11:rep1,d4f8880a-988d-4749-a014-2e6b53254c19,3895134,215,24457398600,24457417600,1781307003611-0
concurrency_n20_20260613_002920_redis_feed11_rep1,redis,sb:events:n20:feed11:rep1,1a822961-d503-4596-8ec9-1bc05cad3460,3895113,215,24459864400,24459887800,1781307003616-0
concurrency_n20_20260613_002920_redis_feed11_rep1,redis,sb:events:n20:feed11:rep1,cd89e398-e369-46dc-a7d4-4117da82031c,3895086,215,24462703300,24462721900,1781307003618-0
concurrency_n20_20260613_002920_redis_feed11_rep1,redis,sb:events:n20:feed11:rep1,8db50a50-2ec9-42fc-b4cc-d13dc6589780,3895086,215,24465703200,24465730400,1781307003622-0
concurrency_n20_20260613_002920_redis_feed11_rep1,redis,sb:events:n20:feed11:rep1,84e78054-b076-42f7-bc12-ff47c8e945fa,3895086,215,24468480600,24468505600,1781307003623-0
concurrency_n20_20260613_002920_redis_feed11_rep1,redis,sb:events:n20:feed11:rep1,effc07b6-46d7-43a9-8648-38c71c70a9a8,3895086,215,24507120300,24507142600,1781307003625-0
concurrency_n20_20260613_002920_redis_feed11_rep1,redis,sb:events:n20:feed11:rep1,52a2e3c3-a9c4-4501-a1b4-4d8cb93d42a4,3895067,216,24510027300,24510052500,1781307003628-0
concurrency_n20_20260613_002920_redis_feed11_rep1,redis,sb:events:n20:feed11:rep1,9ad7ef2d-3ff8-4405-ae02-356ff60ae4b8,3895067,216,24511969200,24512009500,1781307003662-0
concurrency_n20_20260613_002920_redis_feed11_rep1,redis,sb:events:n20:feed11:rep1,4866a692-7e59-4811-a95d-c7173eeb85fe,3895052,216,24520922800,24520948200,1781307003666-0
concurrency_n20_20260613_002920_redis_feed11_rep1,redis,sb:events:n20:feed11:rep1,9b6cc51b-41c3-44f2-b430-c1cdea81a90b,3895052,216,24522091000,24522129800,1781307003669-0
concurrency_n20_20260613_002920_redis_feed11_rep1,redis,sb:events:n20:feed11:rep1,9d7289ce-6be1-4143-a8b3-500601193388,3895052,216,24523056300,24523075400,1781307003671-0
concurrency_n20_20260613_002920_redis_feed11_rep1,redis,sb:events:n20:feed11:rep1,737abe3b-aa88-491c-a52d-b8c487a82f4d,3895107,216,24525540000,24525583200,1781307003679-0
concurrency_n20_20260613_002920_redis_feed11_rep1,redis,sb:events:n20:feed11:rep1,3b23f496-60ff-4fba-ba75-148e46a67145,3895107,216,24530382100,24532195000,1781307003680-0
concurrency_n20_20260613_002920_redis_feed11_rep1,redis,sb:events:n20:feed11:rep1,2b193e7e-db6f-47bc-aa3d-669b3558e349,3895086,216,24534679600,24534704400,1781307003688-0
concurrency_n20_20260613_002920_redis_feed11_rep1,redis,sb:events:n20:feed11:rep1,6c368dc2-0542-452b-b5e5-92eac02be8eb,3895107,216,24535645500,24535701300,1781307003690-0
concurrency_n20_20260613_002920_redis_feed11_rep1,redis,sb:events:n20:feed11:rep1,82247b75-13da-4c3e-8b3b-8065f32b78b8,3895086,216,24536515400,24536543600,1781307003692-0
concurrency_n20_20260613_002920_redis_feed11_rep1,redis,sb:events:n20:feed11:rep1,9ed80495-b704-41b7-8b60-d8810f21b41a,3895086,216,24538916400,24538937000,1781307003698-0
concurrency_n20_20260613_002920_redis_feed11_rep1,redis,sb:events:n20:feed11:rep1,a0cfcf0d-f03d-46ec-8dcc-194639d0c715,3895052,217,24541239000,24541292600,1781307003699-0
concurrency_n20_20260613_002920_redis_feed11_rep1,redis,sb:events:n20:feed11:rep1,4b21d046-f779-4e7c-99c5-f2eee961332c,3895052,217,24544231900,24544289000,1781307003701-0
concurrency_n20_20260613_002920_redis_feed11_rep1,redis,sb:events:n20:feed11:rep1,f9c9fee3-cf79-49ac-9ad2-61b7b2b70ba6,3895113,217,24546467000,24546491400,1781307003704-0
concurrency_n20_20260613_002920_redis_feed11_rep1,redis,sb:events:n20:feed11:rep1,759d33c3-6e07-4e8d-ac38-cd66fee1a93d,3895113,217,24548060400,24548084100,1781307003706-0
concurrency_n20_20260613_002920_redis_feed11_rep1,redis,sb:events:n20:feed11:rep1,7c486de8-3484-44cd-9325-e0bdadc0adde,3895086,217,24560479600,24560502900,1781307003707-0
concurrency_n20_20260613_002920_redis_feed11_rep1,redis,sb:events:n20:feed11:rep1,697de738-1ddd-4a69-a641-ed6e57aa15ca,3895086,217,24563168800,24563222300,1781307003708-0
concurrency_n20_20260613_002920_redis_feed11_rep1,redis,sb:events:n20:feed11:rep1,b16a70eb-a994-4ce1-b690-c2b190dc53b3,3895067,218,24566465300,24566485300,1781307003717-0
concurrency_n20_20260613_002920_redis_feed11_rep1,redis,sb:events:n20:feed11:rep1,f9bff61d-0d29-4680-ac6c-4a1f22f13c91,3895052,218,24574690600,24574720400,1781307003720-0
concurrency_n20_20260613_002920_redis_feed11_rep1,redis,sb:events:n20:feed11:rep1,9d5a3faa-7ecb-4013-ba26-df5791af290b,3895052,218,24583581900,24583608000,1781307003727-0
concurrency_n20_20260613_002920_redis_feed11_rep1,redis,sb:events:n20:feed11:rep1,0bbc4516-a191-4b32-8e92-939ac38cf11b,3895134,218,24584868300,24584894100,1781307003728-0
concurrency_n20_20260613_002920_redis_feed11_rep1,redis,sb:events:n20:feed11:rep1,2f6d0952-ddfa-48dd-9012-82b7ed01fb05,3895134,218,24586030300,24586069100,1781307003729-0
concurrency_n20_20260613_002920_redis_feed11_rep1,redis,sb:events:n20:feed11:rep1,00901f4d-0730-42c8-8f1d-033622de7271,3895134,218,24590598300,24590629800,1781307003737-0
concurrency_n20_20260613_002920_redis_feed11_rep1,redis,sb:events:n20:feed11:rep1,0cb25576-201c-4a78-a596-00de3fef253a,3895134,218,24591324700,24591365200,1781307003738-0
concurrency_n20_20260613_002920_redis_feed11_rep1,redis,sb:events:n20:feed11:rep1,c506cd0d-1f5b-444a-94b3-eb29d05bef57,3895067,219,24593618600,24593640900,1781307003743-0
concurrency_n20_20260613_002920_redis_feed11_rep1,redis,sb:events:n20:feed11:rep1,fd56f5f1-17ec-498b-9a96-d4b52d2940cc,3895067,219,24597454400,24597489700,1781307003745-0
concurrency_n20_20260613_002920_redis_feed11_rep1,redis,sb:events:n20:feed11:rep1,a8c0d779-a323-4652-980a-c22ae4f20204,3895074,219,24598769600,24598817500,1781307003746-0
concurrency_n20_20260613_002920_redis_feed11_rep1,redis,sb:events:n20:feed11:rep1,6eba3fdc-1e7b-4669-a60e-a2bf7c9c96fe,3895052,219,24599597000,24599618400,1781307003747-0
concurrency_n20_20260613_002920_redis_feed11_rep1,redis,sb:events:n20:feed11:rep1,3e42c418-9417-42a7-ad68-351e0e79f13e,3895052,219,24600320100,24600339300,1781307003751-0
concurrency_n20_20260613_002920_redis_feed11_rep1,redis,sb:events:n20:feed11:rep1,b576f3fc-25f9-41b4-acbe-d50795eb237b,3895134,219,24604241200,24604262400,1781307003753-0
concurrency_n20_20260613_002920_redis_feed11_rep1,redis,sb:events:n20:feed11:rep1,91238aa1-991a-43f5-b2e8-791de16a6e6d,3895134,219,24605154500,24605174300,1781307003754-0
concurrency_n20_20260613_002920_redis_feed11_rep1,redis,sb:events:n20:feed11:rep1,95ca5c4c-b90a-48aa-938f-b9cf437c66d4,3895134,219,24607155500,24607177900,1781307003762-0
concurrency_n20_20260613_002920_redis_feed11_rep1,redis,sb:events:n20:feed11:rep1,1f7b9fa4-26f2-46d7-87a3-5fb28d91f8df,3895086,219,24608355700,24608381500,1781307003764-0
concurrency_n20_20260613_002920_redis_feed11_rep1,redis,sb:events:n20:feed11:rep1,15a5bdbb-29ea-4562-be43-cc71f22d37a2,3895067,220,24615146500,24619612500,1781307003765-0
concurrency_n20_20260613_002920_redis_feed11_rep1,redis,sb:events:n20:feed11:rep1,b6aac65b-a04a-44bf-b4cf-1f16b6de6536,3895074,220,24621821200,24621878400,1781307003777-0
concurrency_n20_20260613_002920_redis_feed11_rep1,redis,sb:events:n20:feed11:rep1,bccd8c47-0541-4ee3-b82f-9e67fec67685,3895074,220,24622845200,24622885900,1781307003779-0
concurrency_n20_20260613_002920_redis_feed11_rep1,redis,sb:events:n20:feed11:rep1,8cb6c1bb-9279-48f1-b6ad-94a0df91cd4b,3895074,220,24630349400,24630378000,1781307003781-0
concurrency_n20_20260613_002920_redis_feed11_rep1,redis,sb:events:n20:feed11:rep1,1e7a833e-5cc5-45e1-8e8a-777177080f36,3895134,220,24632029900,24632056700,1781307003784-0
concurrency_n20_20260613_002920_redis_feed11_rep1,redis,sb:events:n20:feed11:rep1,f32c59c0-240e-42e9-8069-8810d8e67cfd,3895086,220,24633333200,24633361900,1781307003786-0
concurrency_n20_20260613_002920_redis_feed11_rep1,redis,sb:events:n20:feed11:rep1,d5f683d9-9d90-4c1e-b87b-b33b5413b8e7,3895086,220,24654015600,24654048000,1781307003787-0
concurrency_n20_20260613_002920_redis_feed11_rep1,redis,sb:events:n20:feed11:rep1,e8c6da09-655a-4bf7-b2eb-0fc030baaa8d,3895067,221,24662513900,24662543000,1781307003788-0
concurrency_n20_20260613_002920_redis_feed11_rep1,redis,sb:events:n20:feed11:rep1,4aedbc0a-02ad-4a1e-a658-3ffdbdf44e9a,3895067,221,24669564600,24669591800,1781307003789-0
concurrency_n20_20260613_002920_redis_feed11_rep1,redis,sb:events:n20:feed11:rep1,d02f67c1-7b6c-473c-b7a3-b95039112785,3895067,221,24670558400,24670666900,1781307003790-0
concurrency_n20_20260613_002920_redis_feed11_rep1,redis,sb:events:n20:feed11:rep1,ec09950a-6639-4067-a881-504bad1855c3,3895074,221,24673182300,24673210400,1781307003791-0
concurrency_n20_20260613_002920_redis_feed11_rep1,redis,sb:events:n20:feed11:rep1,a9de5d14-4077-4efa-bdef-93a5dfe13ee5,3895074,221,24674624500,24674649200,1781307003806-0
concurrency_n20_20260613_002920_redis_feed11_rep1,redis,sb:events:n20:feed11:rep1,bd15630a-3c02-4c22-9769-4be927977952,3895074,221,24683787100,24683817400,1781307003819-0
concurrency_n20_20260613_002920_redis_feed11_rep1,redis,sb:events:n20:feed11:rep1,49febf50-2306-4c19-a94e-c8c9bdac5e80,3895052,221,24684752800,24684778500,1781307003830-0
concurrency_n20_20260613_002920_redis_feed11_rep1,redis,sb:events:n20:feed11:rep1,efb1609c-eb3b-4cc6-b617-6491e121da08,3895113,221,24686054700,24686076900,1781307003832-0
concurrency_n20_20260613_002920_redis_feed11_rep1,redis,sb:events:n20:feed11:rep1,d3b4d9da-a36c-486b-8bf2-be36d0654638,3895052,221,24690462300,24690494500,1781307003834-0
concurrency_n20_20260613_002920_redis_feed11_rep1,redis,sb:events:n20:feed11:rep1,68eaf4af-0687-45a2-a2ed-83fb312ec606,3895134,221,24691797600,24691823200,1781307003842-0
concurrency_n20_20260613_002920_redis_feed11_rep1,redis,sb:events:n20:feed11:rep1,46d8d187-f75a-4cac-adb4-c815388da2ab,3895134,221,24694995200,24695022200,1781307003843-0
concurrency_n20_20260613_002920_redis_feed11_rep1,redis,sb:events:n20:feed11:rep1,44e5fbc3-8f44-4f10-9a3f-808ec330cdb3,3895074,222,24695840100,24695862800,1781307003849-0
concurrency_n20_20260613_002920_redis_feed11_rep1,redis,sb:events:n20:feed11:rep1,ec9ce405-e079-4a8e-9b40-92f04fe5a165,3895113,222,24696804000,24696856900,1781307003850-0
concurrency_n20_20260613_002920_redis_feed11_rep1,redis,sb:events:n20:feed11:rep1,b8d67360-7f6b-4662-a00d-fed1eb6f1ba6,3895052,222,24698010500,24698032500,1781307003852-0
concurrency_n20_20260613_002920_redis_feed11_rep1,redis,sb:events:n20:feed11:rep1,72b9cec9-3dd7-4af1-bf25-0a2eebf04a58,3895113,222,24708338000,24708367800,1781307003858-0
concurrency_n20_20260613_002920_redis_feed11_rep1,redis,sb:events:n20:feed11:rep1,7261a548-7067-4e82-8a86-962feb5db893,3895113,222,24711621300,24711701800,1781307003862-0
concurrency_n20_20260613_002920_redis_feed11_rep1,redis,sb:events:n20:feed11:rep1,b9c709df-968d-4bf9-b500-02ffcbb3b0e7,3895134,222,24715912300,24715937700,1781307003865-0
concurrency_n20_20260613_002920_redis_feed11_rep1,redis,sb:events:n20:feed11:rep1,42195328-dbd6-4c26-910e-de4b15538b0f,3895086,222,24743967400,24743995000,1781307003869-0
concurrency_n20_20260613_002920_redis_feed11_rep1,redis,sb:events:n20:feed11:rep1,07f2b7b2-4c41-4472-9cf5-d4da0b98eeda,3895067,223,24746344500,24746372800,1781307003872-0
concurrency_n20_20260613_002920_redis_feed11_rep1,redis,sb:events:n20:feed11:rep1,0a0878a4-ad4c-4683-9ea5-f01aa86197b5,3895067,223,24747480300,24747503700,1781307003874-0
concurrency_n20_20260613_002920_redis_feed11_rep1,redis,sb:events:n20:feed11:rep1,117347bf-5b19-4163-9c30-86cbb965d427,3895074,223,24748576200,24748597100,1781307003899-0
concurrency_n20_20260613_002920_redis_feed11_rep1,redis,sb:events:n20:feed11:rep1,8e99e685-dd80-45dd-8981-f51bb118dc83,3895074,223,24755923500,24755951900,1781307003901-0
concurrency_n20_20260613_002920_redis_feed11_rep1,redis,sb:events:n20:feed11:rep1,612591bc-c324-4919-a995-e3739095e49c,3895113,223,24757098900,24757122200,1781307003905-0
concurrency_n20_20260613_002920_redis_feed11_rep1,redis,sb:events:n20:feed11:rep1,2797ae7a-31ad-4d05-82f7-314d6b0d7f0b,3895113,223,24758488900,24758515000,1781307003906-0
concurrency_n20_20260613_002920_redis_feed11_rep1,redis,sb:events:n20:feed11:rep1,921500ef-de3c-4656-8792-6c085c592225,3895134,223,24759717500,24759744700,1781307003913-0
concurrency_n20_20260613_002920_redis_feed11_rep1,redis,sb:events:n20:feed11:rep1,ac6bb7f3-aed3-4799-9573-acfb89f3b71e,3895134,223,24761377300,24761397300,1781307003915-0
concurrency_n20_20260613_002920_redis_feed11_rep1,redis,sb:events:n20:feed11:rep1,c36f907d-331e-45b1-b44d-66fc6e330da0,3895134,223,24762200100,24762235900,1781307003916-0
concurrency_n20_20260613_002920_redis_feed11_rep1,redis,sb:events:n20:feed11:rep1,f8c6d770-8b1d-4ed6-9a99-24226d8cbdf3,3895134,223,24764386200,24764415100,1781307003923-0
concurrency_n20_20260613_002920_redis_feed11_rep1,redis,sb:events:n20:feed11:rep1,30a84c8b-f2f6-42dd-8110-cc61373e72f3,3895067,224,24768031700,24768060500,1781307003925-0
concurrency_n20_20260613_002920_redis_feed11_rep1,redis,sb:events:n20:feed11:rep1,4beb105f-9c3d-42ce-b3e9-a5ec0bf4ae78,3895074,224,24801086400,24801113200,1781307003929-0
concurrency_n20_20260613_002920_redis_feed11_rep1,redis,sb:events:n20:feed11:rep1,36f7128d-31b5-4f4f-b928-79e4bb8363ab,3895052,224,24812892700,24813023700,1781307003958-0
concurrency_n20_20260613_002920_redis_feed11_rep1,redis,sb:events:n20:feed11:rep1,59f0b2e1-491d-4e57-b6a3-12c2fbbbe40c,3895086,224,24813950300,24813972300,1781307003962-0
concurrency_n20_20260613_002920_redis_feed11_rep1,redis,sb:events:n20:feed11:rep1,3cdada44-254e-4a8e-afeb-1b005eb7fa46,3895086,224,24816250100,24816273500,1781307003972-0
concurrency_n20_20260613_002920_redis_feed11_rep1,redis,sb:events:n20:feed11:rep1,a3d1e34d-213d-496b-b366-c0ffd8acda77,3895086,224,24817115300,24817134200,1781307003973-0
concurrency_n20_20260613_002920_redis_feed11_rep1,redis,sb:events:n20:feed11:rep1,312035b9-b0d9-4e96-878f-1b32c7e13c81,3895067,225,24824537200,24824561800,1781307003975-0
concurrency_n20_20260613_002920_redis_feed11_rep1,redis,sb:events:n20:feed11:rep1,a32369fd-1200-449f-80ad-b2af4e7110a2,3895067,225,24826530600,24826557000,1781307003983-0
concurrency_n20_20260613_002920_redis_feed11_rep1,redis,sb:events:n20:feed11:rep1,0dc809b6-6308-4d9c-a41f-545c23bf0589,3895067,225,24827275600,24827293900,1781307003984-0
concurrency_n20_20260613_002920_redis_feed11_rep1,redis,sb:events:n20:feed11:rep1,38ad36eb-ec4c-4f83-b317-19f4d1ace560,3895074,225,24875810900,24875832500,1781307004018-0
concurrency_n20_20260613_002920_redis_feed11_rep1,redis,sb:events:n20:feed11:rep1,17c71536-01d7-4a85-a272-2c0a487d2e0a,3895074,225,24912900700,24912922400,1781307004023-0
concurrency_n20_20260613_002920_redis_feed11_rep1,redis,sb:events:n20:feed11:rep1,54f5fa44-6b26-4324-908d-f6d7d7266f9c,3895074,225,24914745300,24914770600,1781307004026-0
concurrency_n20_20260613_002920_redis_feed11_rep1,redis,sb:events:n20:feed11:rep1,ccb3fd0e-fe0a-423e-9e61-033b0f21b4bf,3895074,225,24916615800,24916636100,1781307004067-0
concurrency_n20_20260613_002920_redis_feed11_rep1,redis,sb:events:n20:feed11:rep1,a039a837-87cf-4f48-b863-3cea80abbb81,3895074,225,24926931200,24926954700,1781307004073-0
concurrency_n20_20260613_002920_redis_feed11_rep1,redis,sb:events:n20:feed11:rep1,468444c9-5267-4753-a238-4a226dc4ee80,3895074,225,24927791900,24927812200,1781307004075-0
concurrency_n20_20260613_002920_redis_feed11_rep1,redis,sb:events:n20:feed11:rep1,72f703c6-b9b4-4edd-88b5-3d0684f2468f,3895052,225,24928683000,24928704800,1781307004077-0
concurrency_n20_20260613_002920_redis_feed11_rep1,redis,sb:events:n20:feed11:rep1,b296ceac-b0af-48e2-98c4-ceff5443fa35,3895052,225,24930344700,24930364500,1781307004087-0
concurrency_n20_20260613_002920_redis_feed11_rep1,redis,sb:events:n20:feed11:rep1,3f6ce352-2e57-43ff-9619-276a1464f100,3895086,225,24931223200,24931249000,1781307004088-0
concurrency_n20_20260613_002920_redis_feed11_rep1,redis,sb:events:n20:feed11:rep1,55a73469-4b77-43b5-b9ba-67435754b68e,3895067,226,24934639100,24935039400,1781307004089-0
concurrency_n20_20260613_002920_redis_feed11_rep1,redis,sb:events:n20:feed11:rep1,7b1f0d68-1df6-4ff3-be96-47942dd2eef6,3895067,226,24937652100,24937674300,1781307004093-0
concurrency_n20_20260613_002920_redis_feed11_rep1,redis,sb:events:n20:feed11:rep1,a000cd00-afea-44aa-8120-d29280171b7d,3895067,226,24938619900,24938643800,1781307004095-0
concurrency_n20_20260613_002920_redis_feed11_rep1,redis,sb:events:n20:feed11:rep1,95a18591-415c-424d-a2ff-26070eab2674,3895074,226,24939690300,24939711100,1781307004096-0
concurrency_n20_20260613_002920_redis_feed11_rep1,redis,sb:events:n20:feed11:rep1,c969da32-3389-4ceb-86df-e66b125bb8dd,3895074,226,24950399300,24950420600,1781307004108-0
concurrency_n20_20260613_002920_redis_feed11_rep1,redis,sb:events:n20:feed11:rep1,a6bde494-d72e-4a63-bc38-9da5141d574f,3895113,226,24953879100,24953905000,1781307004112-0
concurrency_n20_20260613_002920_redis_feed11_rep1,redis,sb:events:n20:feed11:rep1,f859cc08-8afc-4e42-9cc2-a8870064f3ac,3895134,226,24958785300,24958816500,1781307004116-0
concurrency_n20_20260613_002920_redis_feed11_rep1,redis,sb:events:n20:feed11:rep1,e4a8be8c-78d4-45a8-b457-619f46e37583,3895086,226,24961601600,24961624000,1781307004119-0
concurrency_n20_20260613_002920_redis_feed11_rep1,redis,sb:events:n20:feed11:rep1,6bad8316-afef-4ab2-82b5-b1df55799e71,3895086,226,24963626900,24963729900,1781307004120-0
concurrency_n20_20260613_002920_redis_feed11_rep1,redis,sb:events:n20:feed11:rep1,7c659f16-3145-4393-96ad-541b504c8f13,3895052,227,24966536700,24966562200,1781307004123-0
concurrency_n20_20260613_002920_redis_feed11_rep1,redis,sb:events:n20:feed11:rep1,d53b30ec-a2c0-4e13-8619-f7aace475d28,3895052,227,24967875900,24967902600,1781307004124-0
concurrency_n20_20260613_002920_redis_feed11_rep1,redis,sb:events:n20:feed11:rep1,0a1c6ca1-fe45-44d6-8a4b-a990da408347,3895134,227,24973558100,24973585200,1781307004127-0
concurrency_n20_20260613_002920_redis_feed11_rep1,redis,sb:events:n20:feed11:rep1,c47782be-c926-4381-96d4-f5e9efe0abe9,3895134,227,24995764300,24995843500,1781307004130-0
concurrency_n20_20260613_002920_redis_feed11_rep1,redis,sb:events:n20:feed11:rep1,47586e80-e9f8-4582-b670-cac8e08d9eb0,3895086,227,24997979100,24998003500,1781307004132-0
concurrency_n20_20260613_002920_redis_feed11_rep1,redis,sb:events:n20:feed11:rep1,5c07f5c8-ab9c-4d57-9317-397ed4aba8a3,3895067,228,24999249200,24999271900,1781307004150-0
concurrency_n20_20260613_002920_redis_feed11_rep1,redis,sb:events:n20:feed11:rep1,50a3f312-2d69-4e1e-9e47-79f5677c263f,3895074,228,25000031400,25000052700,1781307004156-0
concurrency_n20_20260613_002920_redis_feed11_rep1,redis,sb:events:n20:feed11:rep1,2c36e8ae-322c-4007-b05d-b57f0fe9d6dc,3895074,228,25010028500,25010056200,1781307004157-0
concurrency_n20_20260613_002920_redis_feed11_rep1,redis,sb:events:n20:feed11:rep1,4628a48d-7c56-4d8d-a8e1-b4406f3e571a,3895074,228,25010863700,25010883400,1781307004158-0
concurrency_n20_20260613_002920_redis_feed11_rep1,redis,sb:events:n20:feed11:rep1,4545d9b9-3575-48d2-93bd-c69ed8743c82,3895113,228,25012297600,25012323000,1781307004166-0
concurrency_n20_20260613_002920_redis_feed11_rep1,redis,sb:events:n20:feed11:rep1,b1930f44-1c66-426c-8ca9-c5c9dc54fb27,3895052,228,25013641200,25013662000,1781307004167-0
concurrency_n20_20260613_002920_redis_feed11_rep1,redis,sb:events:n20:feed11:rep1,3bf3bf44-8dce-4cd8-8254-46da84e31c6a,3895113,228,25063392100,25063415900,1781307004169-0
concurrency_n20_20260613_002920_redis_feed11_rep1,redis,sb:events:n20:feed11:rep1,d6f9d7cd-642d-476b-afae-e6d251554cde,3895052,228,25071495500,25071522600,1781307004217-0
concurrency_n20_20260613_002920_redis_feed11_rep1,redis,sb:events:n20:feed11:rep1,7434581a-1e71-483e-aa97-d221e7fc61aa,3895134,228,25072645100,25072666000,1781307004222-0
concurrency_n20_20260613_002920_redis_feed11_rep1,redis,sb:events:n20:feed11:rep1,c6f3c9ce-07a4-441b-aa25-f40b9be04368,3895086,228,25079981900,25080013400,1781307004229-0
concurrency_n20_20260613_002920_redis_feed11_rep1,redis,sb:events:n20:feed11:rep1,d410fab2-bcf6-4390-a2ab-2ff03e36ec62,3895086,228,25081771200,25081792500,1781307004234-0
concurrency_n20_20260613_002920_redis_feed11_rep1,redis,sb:events:n20:feed11:rep1,15c182c8-6cae-4496-b509-7e7c3f68d3d2,3895113,229,25082565500,25082615400,1781307004235-0
concurrency_n20_20260613_002920_redis_feed11_rep1,redis,sb:events:n20:feed11:rep1,334527b5-620b-4220-940a-a70f543af21a,3895134,229,25083358400,25083380700,1781307004237-0
concurrency_n20_20260613_002920_redis_feed11_rep1,redis,sb:events:n20:feed11:rep1,1a2997c4-e48f-49ab-8746-f0ca2974c71d,3895086,229,25085944600,25085980500,1781307004245-0
concurrency_n20_20260613_002920_redis_feed11_rep1,redis,sb:events:n20:feed11:rep1,de8997e6-4537-49ca-8864-3e221f25d628,3895086,229,25088482000,25088506600,1781307004247-0
concurrency_n20_20260613_002920_redis_feed11_rep1,redis,sb:events:n20:feed11:rep1,448ff41d-a99b-4ac1-a39f-321a4e12ec50,3895086,229,25090615800,25090635800,1781307004248-0
concurrency_n20_20260613_002920_redis_feed11_rep1,redis,sb:events:n20:feed11:rep1,7d559bcd-04a3-4ecc-a6ec-e71530a6e7b4,3895074,230,25097210300,25097233400,1781307004249-0
concurrency_n20_20260613_002920_redis_feed11_rep1,redis,sb:events:n20:feed11:rep1,52a10b29-fc0a-489b-b798-04e90177816d,3895074,230,25097919100,25097939100,1781307004253-0
concurrency_n20_20260613_002920_redis_feed11_rep1,redis,sb:events:n20:feed11:rep1,85158414-113a-4b03-8a2e-9b694b28122f,3895113,230,25099026800,25099054200,1781307004254-0
concurrency_n20_20260613_002920_redis_feed11_rep1,redis,sb:events:n20:feed11:rep1,8facebaf-e405-4cc1-b901-d9d9622f02ab,3895067,231,25101337400,25101357000,1781307004257-0
concurrency_n20_20260613_002920_redis_feed11_rep1,redis,sb:events:n20:feed11:rep1,9536010e-293f-4799-9db5-e6a312a58d4a,3895067,231,25103781900,25103811600,1781307004259-0
concurrency_n20_20260613_002920_redis_feed11_rep1,redis,sb:events:n20:feed11:rep1,449ddc25-2698-4ba2-a9e6-a2ff4369f1c6,3895067,231,25105641100,25105663800,1781307004260-0
concurrency_n20_20260613_002920_redis_feed11_rep1,redis,sb:events:n20:feed11:rep1,01de2f19-a51f-4e53-add3-1887e7f141fb,3895052,231,25106602400,25106624700,1781307004262-0
concurrency_n20_20260613_002920_redis_feed11_rep1,redis,sb:events:n20:feed11:rep1,e21a8f4f-eaf7-4772-99da-dfc8385e7a48,3895052,231,25109999500,25110021100,1781307004266-0
concurrency_n20_20260613_002920_redis_feed11_rep1,redis,sb:events:n20:feed11:rep1,19409876-d733-4d93-b980-d0743f01ce5e,3895113,231,25111550300,25111578300,1781307004268-0
concurrency_n20_20260613_002920_redis_feed11_rep1,redis,sb:events:n20:feed11:rep1,e3156b87-6ea3-43f7-b7d2-1f7dfd3bff4e,3895134,231,25113647800,25113667600,1781307004270-0
concurrency_n20_20260613_002920_redis_feed11_rep1,redis,sb:events:n20:feed11:rep1,f371672d-0161-4d0a-bd85-c0524dff7741,3895134,231,25115135900,25115155800,1781307004272-0
concurrency_n20_20260613_002920_redis_feed11_rep1,redis,sb:events:n20:feed11:rep1,e3f07b41-a570-490e-9b2c-d972a7cb0edc,3895060,232,25120769300,25120866900,1781307004274-0
concurrency_n20_20260613_002920_redis_feed11_rep1,redis,sb:events:n20:feed11:rep1,22dfd210-acd0-430e-b4d4-dbc31415e8a1,3895121,232,25174563500,25174589900,1781307004275-0
concurrency_n20_20260613_002920_redis_feed11_rep1,redis,sb:events:n20:feed11:rep1,d3ca252e-b038-4198-b136-0c36063ef79d,3895113,232,25176372600,25176397000,1781307004276-0
concurrency_n20_20260613_002920_redis_feed11_rep1,redis,sb:events:n20:feed11:rep1,039192ed-5aed-4e69-8e7e-9928c5c49b7b,3895113,232,25178715300,25178742000,1781307004298-0
concurrency_n20_20260613_002920_redis_feed11_rep1,redis,sb:events:n20:feed11:rep1,6735caf3-fc12-44cd-842d-99249e4e803e,3895113,232,25181489600,25181515500,1781307004313-0
concurrency_n20_20260613_002920_redis_feed11_rep1,redis,sb:events:n20:feed11:rep1,444ec23c-e794-4af6-afd2-da112736b5ef,3895113,232,25193645700,25193739800,1781307004334-0
concurrency_n20_20260613_002920_redis_feed11_rep1,redis,sb:events:n20:feed11:rep1,21f9d66b-f01b-4398-9db0-0028ffa78501,3895113,232,25222922400,25223034400,1781307004337-0
concurrency_n20_20260613_002920_redis_feed11_rep1,redis,sb:events:n20:feed11:rep1,1207e338-9cd8-4c32-b018-d794ab1f6f07,3895134,232,25226809600,25226837500,1781307004340-0
concurrency_n20_20260613_002920_redis_feed11_rep1,redis,sb:events:n20:feed11:rep1,832d593f-b5f8-4691-98fa-d9d9f13685b7,3895086,232,25233441100,25233485300,1781307004342-0
concurrency_n20_20260613_002920_redis_feed11_rep1,redis,sb:events:n20:feed11:rep1,f52a1065-c29f-4773-a29e-eb4ae86197b2,3895086,232,25259361800,25259391700,1781307004350-0
concurrency_n20_20260613_002920_redis_feed11_rep1,redis,sb:events:n20:feed11:rep1,9d88e8a6-b03e-4292-83bd-f1cc62bae459,3895086,232,25278871900,25278904400,1781307004352-0
concurrency_n20_20260613_002920_redis_feed11_rep1,redis,sb:events:n20:feed11:rep1,3cea3b14-cd1c-4048-9e22-891601eb58d2,3895086,232,25281118300,25281144700,1781307004382-0
concurrency_n20_20260613_002920_redis_feed11_rep1,redis,sb:events:n20:feed11:rep1,d91e6bd0-fcb3-48b1-b391-00510455eafa,3895086,232,25288418000,25288903300,1781307004388-0
concurrency_n20_20260613_002920_redis_feed11_rep1,redis,sb:events:n20:feed11:rep1,a6a1302d-c9d3-4955-a001-ef2a1c9dab1d,3895060,233,25289982800,25290004500,1781307004390-0
concurrency_n20_20260613_002920_redis_feed11_rep1,redis,sb:events:n20:feed11:rep1,2d56b1ef-11bf-4ad7-a8cc-1667f5893f52,3895067,233,25290871900,25290892500,1781307004405-0
concurrency_n20_20260613_002920_redis_feed11_rep1,redis,sb:events:n20:feed11:rep1,8312772c-29b2-4250-b781-0d4b9206d9af,3895074,233,25291918200,25291945500,1781307004411-0
concurrency_n20_20260613_002920_redis_feed11_rep1,redis,sb:events:n20:feed11:rep1,2d868feb-58d1-48e7-9275-5deab319b157,3895113,233,25292810900,25293009300,1781307004412-0
concurrency_n20_20260613_002920_redis_feed11_rep1,redis,sb:events:n20:feed11:rep1,3a24294f-7eca-4180-9fd3-7eede5a85ff4,3895086,233,25297911000,25297940000,1781307004414-0
concurrency_n20_20260613_002920_redis_feed11_rep1,redis,sb:events:n20:feed11:rep1,a52af03a-9e28-4498-b74d-b084edc0f008,3895086,233,25318229500,25318259100,1781307004437-0
concurrency_n20_20260613_002920_redis_feed11_rep1,redis,sb:events:n20:feed11:rep1,d78fb2cd-3e3c-49e7-af6f-f22ceef30056,3895060,234,25320098000,25320123600,1781307004439-0
concurrency_n20_20260613_002920_redis_feed11_rep1,redis,sb:events:n20:feed11:rep1,65d4f63b-a154-42e7-b493-e2e11b0ad6eb,3895121,234,25322268600,25322292800,1781307004441-0
concurrency_n20_20260613_002920_redis_feed11_rep1,redis,sb:events:n20:feed11:rep1,d07958f0-8419-4028-89fe-fa3e4ef76e64,3895121,234,25323459100,25323475400,1781307004447-0
concurrency_n20_20260613_002920_redis_feed11_rep1,redis,sb:events:n20:feed11:rep1,88df104f-f29f-4e20-9e74-ce85b77d671f,3895067,234,25324190700,25324211200,1781307004448-0
concurrency_n20_20260613_002920_redis_feed11_rep1,redis,sb:events:n20:feed11:rep1,e2091aec-e441-4ce1-86de-5822390020ee,3895067,234,25325247800,25325279800,1781307004449-0
concurrency_n20_20260613_002920_redis_feed11_rep1,redis,sb:events:n20:feed11:rep1,82831382-fedc-4ae2-b6e3-e03321721a68,3895074,234,25327729700,25327773300,1781307004450-0
concurrency_n20_20260613_002920_redis_feed11_rep1,redis,sb:events:n20:feed11:rep1,ff0b4839-b879-4812-8cd1-fa166e2bb04f,3895074,234,25328711900,25328736500,1781307004472-0
concurrency_n20_20260613_002920_redis_feed11_rep1,redis,sb:events:n20:feed11:rep1,3284298c-aafe-4fca-937f-4f3b6f9d76a0,3895134,234,25329688000,25329710000,1781307004475-0
concurrency_n20_20260613_002920_redis_feed11_rep1,redis,sb:events:n20:feed11:rep1,8988a19a-9299-40b9-9f8f-c462076fcbfb,3895134,234,25331624500,25331706000,1781307004477-0
concurrency_n20_20260613_002920_redis_feed11_rep1,redis,sb:events:n20:feed11:rep1,475d3858-2562-4a46-be2f-882479e92794,3895067,235,25332738800,25332764600,1781307004480-0
concurrency_n20_20260613_002920_redis_feed11_rep1,redis,sb:events:n20:feed11:rep1,2c296ed4-132d-4668-96fd-a53e49c117b0,3895067,235,25338181000,25338216100,1781307004488-0
concurrency_n20_20260613_002920_redis_feed11_rep1,redis,sb:events:n20:feed11:rep1,5f5da0d0-9329-4e2d-b288-e6bb963fd023,3895074,235,25339221000,25339260500,1781307004489-0
concurrency_n20_20260613_002920_redis_feed11_rep1,redis,sb:events:n20:feed11:rep1,0a08da64-24b7-464e-b04a-343c36bc92a6,3895074,235,25340929700,25340949200,1781307004490-0
concurrency_n20_20260613_002920_redis_feed11_rep1,redis,sb:events:n20:feed11:rep1,4c13ef4b-f1bc-41ec-bce8-379094aee5ab,3895052,235,25341657300,25341707700,1781307004492-0
concurrency_n20_20260613_002920_redis_feed11_rep1,redis,sb:events:n20:feed11:rep1,3b5e8cda-cc8c-4228-ae68-88e99b381f2b,3895113,235,25342866300,25342886100,1781307004493-0
concurrency_n20_20260613_002920_redis_feed11_rep1,redis,sb:events:n20:feed11:rep1,67f6d552-413a-4a2b-b156-b8675b9ac9c5,3895113,235,25346163500,25346196700,1781307004499-0
concurrency_n20_20260613_002920_redis_feed11_rep1,redis,sb:events:n20:feed11:rep1,f899e1a3-389e-47ee-975a-22a5ede777bf,3895134,235,25348292900,25348319200,1781307004500-0
concurrency_n20_20260613_002920_redis_feed11_rep1,redis,sb:events:n20:feed11:rep1,24beaf43-67ff-400b-8afa-5cd95a07ab62,3895086,235,25349006500,25349059100,1781307004503-0
concurrency_n20_20260613_002920_redis_feed11_rep1,redis,sb:events:n20:feed11:rep1,621a92b1-0b7d-40fd-8921-c184ff9cfdbe,3895086,235,25352746100,25353684100,1781307004508-0
concurrency_n20_20260613_002920_redis_feed11_rep1,redis,sb:events:n20:feed11:rep1,7384369c-7014-41f4-8880-4f2012608234,3895086,235,25354901600,25354922900,1781307004509-0
concurrency_n20_20260613_002920_redis_feed11_rep1,redis,sb:events:n20:feed11:rep1,31d15b27-69da-4a6b-93d5-8dd5afac6acd,3895067,236,25357226500,25357252100,1781307004510-0
concurrency_n20_20260613_002920_redis_feed11_rep1,redis,sb:events:n20:feed11:rep1,67ea3f31-5f11-4a03-b848-5ff3d2674b45,3895067,236,25358502100,25358530200,1781307004511-0
concurrency_n20_20260613_002920_redis_feed11_rep1,redis,sb:events:n20:feed11:rep1,2524eba6-a951-4f46-9569-e49e95155f38,3895067,236,25361265500,25361291500,1781307004513-0
concurrency_n20_20260613_002920_redis_feed11_rep1,redis,sb:events:n20:feed11:rep1,7a5f3edb-7387-472d-9ab8-d44a4ed350ed,3895052,236,25362149800,25362226600,1781307004514-0
concurrency_n20_20260613_002920_redis_feed11_rep1,redis,sb:events:n20:feed11:rep1,9ee72651-72db-4196-af2f-388ee1f6a92c,3895052,236,25363007000,25363047200,1781307004515-0
concurrency_n20_20260613_002920_redis_feed11_rep1,redis,sb:events:n20:feed11:rep1,bc13fb18-c79a-4285-8048-4ce55d990c06,3895052,236,25365101500,25365129400,1781307004517-0
concurrency_n20_20260613_002920_redis_feed11_rep1,redis,sb:events:n20:feed11:rep1,67cf2441-69b4-4a39-9109-8d399ddba948,3895060,237,25366824200,25366850700,1781307004518-0
concurrency_n20_20260613_002920_redis_feed11_rep1,redis,sb:events:n20:feed11:rep1,f8cfef83-daf1-4d47-814a-75bb359f034b,3895060,237,25369961300,25369982500,1781307004520-0
concurrency_n20_20260613_002920_redis_feed11_rep1,redis,sb:events:n20:feed11:rep1,17bce4ec-5124-44a7-9cdc-c4a9006f479a,3895060,237,25372347900,25372423100,1781307004524-0
concurrency_n20_20260613_002920_redis_feed11_rep1,redis,sb:events:n20:feed11:rep1,41f58863-413b-4533-9b9f-5d6895c280f0,3895121,237,25373274700,25373314600,1781307004526-0
concurrency_n20_20260613_002920_redis_feed11_rep1,redis,sb:events:n20:feed11:rep1,95cf34ad-3378-4698-bd20-49e8851018ae,3895121,237,25374671600,25374693400,1781307004529-0
concurrency_n20_20260613_002920_redis_feed11_rep1,redis,sb:events:n20:feed11:rep1,cab35b0a-ffe6-4065-ad6b-d8b19062647f,3895067,237,25376506100,25376530600,1781307004530-0
concurrency_n20_20260613_002920_redis_feed11_rep1,redis,sb:events:n20:feed11:rep1,48d10da6-9958-476a-ae24-618d673f3fef,3895052,237,25388686300,25388713000,1781307004532-0
concurrency_n20_20260613_002920_redis_feed11_rep1,redis,sb:events:n20:feed11:rep1,42bf8a84-34b3-4952-9704-94b1c2001dfc,3895134,237,25406921400,25407064200,1781307004534-0
concurrency_n20_20260613_002920_redis_feed11_rep1,redis,sb:events:n20:feed11:rep1,2cfe1a0c-2b31-4742-b48e-3b93d308c6b6,3895134,237,25412468600,25412502600,1781307004536-0
concurrency_n20_20260613_002920_redis_feed11_rep1,redis,sb:events:n20:feed11:rep1,6e9cc2f7-1105-48ac-806c-eebcfaa34ad7,3895086,237,25415718600,25415746800,1781307004545-0
concurrency_n20_20260613_002920_redis_feed11_rep1,redis,sb:events:n20:feed11:rep1,cf0330f0-ffa2-47de-b0b8-2c063baff2db,3895086,237,25417650300,25417681700,1781307004565-0
concurrency_n20_20260613_002920_redis_feed11_rep1,redis,sb:events:n20:feed11:rep1,d164628f-e788-4811-8838-50ad9ab6f1b4,3895121,238,25418689800,25418715600,1781307004572-0
concurrency_n20_20260613_002920_redis_feed11_rep1,redis,sb:events:n20:feed11:rep1,edb91d96-2ccb-46b2-aec1-7a1cba6fcf9c,3895074,238,25426191900,25426220400,1781307004573-0
concurrency_n20_20260613_002920_redis_feed11_rep1,redis,sb:events:n20:feed11:rep1,eb564566-1ae2-40a0-9c73-edf96768135f,3895074,238,25467475000,25467500900,1781307004575-0
concurrency_n20_20260613_002920_redis_feed11_rep1,redis,sb:events:n20:feed11:rep1,8b9045a9-99bf-4e9e-83a6-79404c3c903d,3895052,238,25469595700,25469627400,1781307004583-0
concurrency_n20_20260613_002920_redis_feed11_rep1,redis,sb:events:n20:feed11:rep1,41fd0101-4197-4b4d-adcc-4bb242e5f3f7,3895052,238,25502706800,25502736700,1781307004588-0
concurrency_n20_20260613_002920_redis_feed11_rep1,redis,sb:events:n20:feed11:rep1,179f6461-4e11-4750-982b-97b87916e1fe,3895134,238,25507263300,25507290100,1781307004606-0
concurrency_n20_20260613_002920_redis_feed11_rep1,redis,sb:events:n20:feed11:rep1,af4b9e6b-8ec7-4bb9-aeba-23122365bb5c,3895121,239,25509697400,25509728300,1781307004625-0
concurrency_n20_20260613_002920_redis_feed11_rep1,redis,sb:events:n20:feed11:rep1,b565e8cd-c20f-403e-bb34-d4ac7a08c535,3895121,239,25512912600,25512933200,1781307004650-0
concurrency_n20_20260613_002920_redis_feed11_rep1,redis,sb:events:n20:feed11:rep1,bb80cd19-9173-41bc-9e42-1475f9a8bedc,3895074,239,25519475900,25519505400,1781307004663-0
concurrency_n20_20260613_002920_redis_feed11_rep1,redis,sb:events:n20:feed11:rep1,00b7afd1-7acc-4377-8b4a-e0d0216aff3b,3895074,239,25520770800,25520794600,1781307004668-0
concurrency_n20_20260613_002920_redis_feed11_rep1,redis,sb:events:n20:feed11:rep1,7a8e8174-38ce-41cb-9812-de0614ade9c8,3895074,239,25521622600,25521651000,1781307004670-0
concurrency_n20_20260613_002920_redis_feed11_rep1,redis,sb:events:n20:feed11:rep1,327d219f-afa6-44c2-8514-3b3dce674bd4,3895052,239,25523449500,25523475200,1781307004672-0
concurrency_n20_20260613_002920_redis_feed11_rep1,redis,sb:events:n20:feed11:rep1,9db6a916-bdf3-459f-86dd-c6899468b928,3895052,239,25528585200,25528617400,1781307004673-0
concurrency_n20_20260613_002920_redis_feed11_rep1,redis,sb:events:n20:feed11:rep1,d3237e41-96d0-4919-9186-976c6e93afaf,3895134,239,25529968200,25529991600,1781307004674-0
concurrency_n20_20260613_002920_redis_feed11_rep1,redis,sb:events:n20:feed11:rep1,15dc8356-9964-4eec-9066-051ee6c2fd74,3895134,239,25530966600,25530992400,1781307004681-0
concurrency_n20_20260613_002920_redis_feed11_rep1,redis,sb:events:n20:feed11:rep1,7e027057-82fb-4524-92cb-3b7f7905c581,3895067,240,25531781700,25531802500,1781307004682-0
concurrency_n20_20260613_002920_redis_feed11_rep1,redis,sb:events:n20:feed11:rep1,dd2559b7-b30c-4fec-87d0-7ffdbeb0c320,3895067,240,25537569000,25537600900,1781307004683-0
concurrency_n20_20260613_002920_redis_feed11_rep1,redis,sb:events:n20:feed11:rep1,904cbdd0-7559-40c5-93bb-cf32cc4f50a8,3895067,240,25539789100,25539817900,1781307004684-0
concurrency_n20_20260613_002920_redis_feed11_rep1,redis,sb:events:n20:feed11:rep1,519d9bd4-18d7-4c8e-859b-8d84a572f9b8,3895074,240,25541803000,25541826900,1781307004693-0
concurrency_n20_20260613_002920_redis_feed11_rep1,redis,sb:events:n20:feed11:rep1,de9e7764-87cf-4944-8fe5-2c6487898f77,3895074,240,25542561000,25542578400,1781307004695-0
concurrency_n20_20260613_002920_redis_feed11_rep1,redis,sb:events:n20:feed11:rep1,967cced6-9509-4a4f-bc44-d9358a9efdaa,3895113,240,25547014200,25547045100,1781307004696-0
concurrency_n20_20260613_002920_redis_feed11_rep1,redis,sb:events:n20:feed11:rep1,bc772473-a54b-4286-ac90-3e7a2cde57cf,3895052,240,25549545900,25549576200,1781307004698-0
concurrency_n20_20260613_002920_redis_feed11_rep1,redis,sb:events:n20:feed11:rep1,abf61b42-aee9-42ec-a079-7587daf41665,3895052,240,25550678700,25550699400,1781307004699-0
concurrency_n20_20260613_002920_redis_feed11_rep1,redis,sb:events:n20:feed11:rep1,3c451d86-3acc-459b-b147-66e17620685d,3895052,240,25553177700,25553214800,1781307004704-0
concurrency_n20_20260613_002920_redis_feed11_rep1,redis,sb:events:n20:feed11:rep1,20c87719-4039-4136-a464-0b76bf8fcb95,3895060,241,25554619500,25554655500,1781307004706-0
concurrency_n20_20260613_002920_redis_feed11_rep1,redis,sb:events:n20:feed11:rep1,1588a4d6-aad6-47b3-be17-ecf187891e80,3895067,241,25573327400,25573353900,1781307004708-0
concurrency_n20_20260613_002920_redis_feed11_rep1,redis,sb:events:n20:feed11:rep1,73248c73-24d7-467d-a8a3-c4460a8a8eda,3895052,241,25576731600,25576758200,1781307004713-0
concurrency_n20_20260613_002920_redis_feed11_rep1,redis,sb:events:n20:feed11:rep1,cff9e25c-04ef-48fa-aa6c-7d6793b46550,3895052,241,25577700600,25577730500,1781307004714-0
concurrency_n20_20260613_002920_redis_feed11_rep1,redis,sb:events:n20:feed11:rep1,9cb7e597-9ad0-4bce-86f1-4882ed215819,3895052,241,25582474300,25582501400,1781307004730-0
concurrency_n20_20260613_002920_redis_feed11_rep1,redis,sb:events:n20:feed11:rep1,f49586a6-6723-4a58-9b32-d8eadb110125,3895134,241,25583365500,25583386200,1781307004732-0
concurrency_n20_20260613_002920_redis_feed11_rep1,redis,sb:events:n20:feed11:rep1,8d6ddf7f-2405-4ce7-96a1-0ad97911a074,3895134,241,25584259800,25584280200,1781307004734-0
concurrency_n20_20260613_002920_redis_feed11_rep1,redis,sb:events:n20:feed11:rep1,bda48638-9908-4088-9089-c5604ab7cb37,3895086,241,25586696800,25586723500,1781307004741-0
concurrency_n20_20260613_002920_redis_feed11_rep1,redis,sb:events:n20:feed11:rep1,8c4605d8-c1d8-4819-966b-e2b5f69c5582,3895086,241,25591787000,25591838900,1781307004742-0
concurrency_n20_20260613_002920_redis_feed11_rep1,redis,sb:events:n20:feed11:rep1,17edc918-58c1-4c25-82e2-e56f00a0ceb9,3895060,242,25593904000,25593931600,1781307004743-0
concurrency_n20_20260613_002920_redis_feed11_rep1,redis,sb:events:n20:feed11:rep1,153f64f0-e7c3-4df9-b30e-c334c45657c2,3895060,242,25596686000,25596712600,1781307004749-0
concurrency_n20_20260613_002920_redis_feed11_rep1,redis,sb:events:n20:feed11:rep1,81c7d7f9-a5b4-4ba5-a6f5-cdc5d30a9663,3895060,242,25598773100,25598801800,1781307004752-0
concurrency_n20_20260613_002920_redis_feed11_rep1,redis,sb:events:n20:feed11:rep1,344782cb-77cb-44cb-95d5-763cc7e3e17f,3895121,242,25601021800,25601053600,1781307004753-0
concurrency_n20_20260613_002920_redis_feed11_rep1,redis,sb:events:n20:feed11:rep1,a9cfa2cc-3bde-4ac7-b413-b60eb1dadeed,3895067,242,25605463700,25605490900,1781307004759-0
concurrency_n20_20260613_002920_redis_feed11_rep1,redis,sb:events:n20:feed11:rep1,c88ef7b9-77a1-4f23-9087-fb0a98a7a192,3895067,242,25608261100,25608288100,1781307004761-0
concurrency_n20_20260613_002920_redis_feed11_rep1,redis,sb:events:n20:feed11:rep1,1a5a736f-8dcf-456a-be57-ffd91e45ca65,3895067,242,25630848500,25630879800,1781307004766-0
concurrency_n20_20260613_002920_redis_feed11_rep1,redis,sb:events:n20:feed11:rep1,1d2a8a86-c8be-4982-8909-a04c91a67073,3895107,242,25632422500,25632470400,1781307004768-0
concurrency_n20_20260613_002920_redis_feed11_rep1,redis,sb:events:n20:feed11:rep1,f70dcf83-40a3-4ccb-94c5-ecd399bc219a,3895134,242,25633589800,25633627200,1781307004770-0
concurrency_n20_20260613_002920_redis_feed11_rep1,redis,sb:events:n20:feed11:rep1,3e18f922-f609-4734-9dbe-5bc30cf10dc9,3895086,242,25634593900,25634613600,1781307004787-0
concurrency_n20_20260613_002920_redis_feed11_rep1,redis,sb:events:n20:feed11:rep1,2b6915a9-9be9-4b49-82ba-639d873ed4a5,3895060,243,25641142000,25641205000,1781307004789-0
concurrency_n20_20260613_002920_redis_feed11_rep1,redis,sb:events:n20:feed11:rep1,e655c81e-fa20-4e8a-aec9-cb837f4112ee,3895060,243,25685490100,25685523400,1781307004791-0
concurrency_n20_20260613_002920_redis_feed11_rep1,redis,sb:events:n20:feed11:rep1,e29bcc78-4812-4a23-a0bb-dbb1b386365e,3895113,243,25689089000,25689115300,1781307004794-0
concurrency_n20_20260613_002920_redis_feed11_rep1,redis,sb:events:n20:feed11:rep1,124635a1-6dab-4464-bb7e-2dd98e391ca7,3895113,243,25690302600,25690330800,1781307004795-0
concurrency_n20_20260613_002920_redis_feed11_rep1,redis,sb:events:n20:feed11:rep1,72aba530-d8d4-4559-9b31-ae9bab1b2129,3895134,243,25691639900,25691665500,1781307004796-0
concurrency_n20_20260613_002920_redis_feed11_rep1,redis,sb:events:n20:feed11:rep1,f1a07a4e-1b9a-4fb3-a68b-c02926c6f8b1,3895134,243,25700902000,25700928800,1781307004798-0
concurrency_n20_20260613_002920_redis_feed11_rep1,redis,sb:events:n20:feed11:rep1,35527065-8da6-493a-acd7-35d45c9e13fc,3895060,244,25702434400,25702461800,1781307004801-0
concurrency_n20_20260613_002920_redis_feed11_rep1,redis,sb:events:n20:feed11:rep1,dd1f273f-5818-4b79-b7ba-9e9f271b00da,3895121,244,25703741300,25703762300,1781307004843-0
concurrency_n20_20260613_002920_redis_feed11_rep1,redis,sb:events:n20:feed11:rep1,4903409b-3b7f-43d0-a8e0-c0edc044665a,3895121,244,25706879500,25706923000,1781307004846-0
concurrency_n20_20260613_002920_redis_feed11_rep1,redis,sb:events:n20:feed11:rep1,13c58c42-4403-4d24-b673-2e462aa98376,3895121,244,25710374900,25710458400,1781307004848-0
concurrency_n20_20260613_002920_redis_feed11_rep1,redis,sb:events:n20:feed11:rep1,a614cf8e-f99e-4113-8152-374692780a44,3895067,244,25721626500,25721654000,1781307004856-0
concurrency_n20_20260613_002920_redis_feed11_rep1,redis,sb:events:n20:feed11:rep1,e2c68e2e-b75c-4ba8-9573-883787d8875e,3895067,244,25724947900,25724980200,1781307004857-0
concurrency_n20_20260613_002920_redis_feed11_rep1,redis,sb:events:n20:feed11:rep1,e35e1956-56cb-4707-95df-7d0d7938d843,3895086,244,25736294000,25736327700,1781307004867-0
concurrency_n20_20260613_002920_redis_feed11_rep1,redis,sb:events:n20:feed11:rep1,0e8f1413-d59b-47ec-9251-f70210f20b0f,3895086,244,25738140400,25738163000,1781307004868-0
concurrency_n20_20260613_002920_redis_feed11_rep1,redis,sb:events:n20:feed11:rep1,70469754-e9ff-466e-a0ea-80b6ae48399f,3895107,245,25739170300,25739194900,1781307004878-0
concurrency_n20_20260613_002920_redis_feed11_rep1,redis,sb:events:n20:feed11:rep1,14d36a2e-439a-4363-985a-89eb10507ce9,3895107,245,25741238200,25741259600,1781307004888-0
concurrency_n20_20260613_002920_redis_feed11_rep1,redis,sb:events:n20:feed11:rep1,21dede0b-3592-49ea-a9d5-89ac71b1b282,3895052,245,25746506600,25746540800,1781307004890-0
concurrency_n20_20260613_002920_redis_feed11_rep1,redis,sb:events:n20:feed11:rep1,c92c7207-490c-4f75-8e99-0485e280b626,3895060,246,25747757500,25747780700,1781307004890-1
concurrency_n20_20260613_002920_redis_feed11_rep1,redis,sb:events:n20:feed11:rep1,a8e17e26-0a74-4dd6-aa76-d55569f0bc7d,3895060,246,25749507100,25749531900,1781307004901-0
concurrency_n20_20260613_002920_redis_feed11_rep1,redis,sb:events:n20:feed11:rep1,54d993e8-a8dc-4ea8-88f6-92958c4758f1,3895107,246,25750313500,25750336200,1781307004902-0
concurrency_n20_20260613_002920_redis_feed11_rep1,redis,sb:events:n20:feed11:rep1,e619ae8d-92f0-439c-89c4-b28d5a47566c,3895113,246,25751218600,25751243200,1781307004904-0
concurrency_n20_20260613_002920_redis_feed11_rep1,redis,sb:events:n20:feed11:rep1,b3916688-a71f-40ac-83ba-ebcf88241fea,3895113,246,25752096600,25752121500,1781307004905-0
concurrency_n20_20260613_002920_redis_feed11_rep1,redis,sb:events:n20:feed11:rep1,bde8f069-d411-493f-97d5-6f5496f030c7,3895113,246,25753026600,25753054900,1781307004906-0
concurrency_n20_20260613_002920_redis_feed11_rep1,redis,sb:events:n20:feed11:rep1,fe474a8e-046c-4d8c-b439-081a477b5f67,3895134,246,25754109900,25754130800,1781307004907-0
concurrency_n20_20260613_002920_redis_feed11_rep1,redis,sb:events:n20:feed11:rep1,c331d9f1-e5b4-4215-8c29-0c12ae07d0fe,3895134,246,25758153400,25758186800,1781307004913-0
concurrency_n20_20260613_002920_redis_feed11_rep1,redis,sb:events:n20:feed11:rep1,93994777-12ec-49b8-b9e7-aa4358d89c6f,3895086,246,25760069000,25760121000,1781307004915-0
concurrency_n20_20260613_002920_redis_feed11_rep1,redis,sb:events:n20:feed11:rep1,ff23d5d2-2668-45b7-90f0-b94a1ae8d46b,3895060,247,25762469300,25762493700,1781307004918-0
concurrency_n20_20260613_002920_redis_feed11_rep1,redis,sb:events:n20:feed11:rep1,ed33169e-a844-4e1c-adcf-e150cd303c45,3895060,247,25763459300,25763480300,1781307004920-0
concurrency_n20_20260613_002920_redis_feed11_rep1,redis,sb:events:n20:feed11:rep1,aefbfac4-fc26-4ef9-957a-87aab634d721,3895121,247,25767144800,25767184200,1781307004921-0
concurrency_n20_20260613_002920_redis_feed11_rep1,redis,sb:events:n20:feed11:rep1,3066699a-6bc1-44fb-a597-079f37ef1255,3895067,247,25769395400,25769417500,1781307004928-0
concurrency_n20_20260613_002920_redis_feed11_rep1,redis,sb:events:n20:feed11:rep1,1c63b354-a85d-49fb-a959-436969c70bd8,3895107,247,25772414400,25772441800,1781307004930-0
concurrency_n20_20260613_002920_redis_feed11_rep1,redis,sb:events:n20:feed11:rep1,2015c382-6367-4172-9888-040cb1050de5,3895107,247,25774625700,25774650100,1781307004933-0
concurrency_n20_20260613_002920_redis_feed11_rep1,redis,sb:events:n20:feed11:rep1,2d5cd8ad-b706-4ca9-b2cc-850f30956e73,3895113,247,25776687800,25776709200,1781307004934-0
concurrency_n20_20260613_002920_redis_feed11_rep1,redis,sb:events:n20:feed11:rep1,620742d4-224d-4705-8454-4a204380c4ae,3895113,247,25777762700,25777847700,1781307004936-0
concurrency_n20_20260613_002920_redis_feed11_rep1,redis,sb:events:n20:feed11:rep1,e5f06414-6c61-4d30-abea-76dc87ee2f51,3895052,247,25780901100,25780925900,1781307004937-0
concurrency_n20_20260613_002920_redis_feed11_rep1,redis,sb:events:n20:feed11:rep1,ba181cd8-fb21-4e0b-9680-bb52deb092e5,3895134,247,25782023200,25782045400,1781307004939-0
concurrency_n20_20260613_002920_redis_feed11_rep1,redis,sb:events:n20:feed11:rep1,4a66fe8f-a3e7-4faa-8668-75a5fdb0b27a,3895086,247,25784313600,25784380800,1781307004940-0
concurrency_n20_20260613_002920_redis_feed11_rep1,redis,sb:events:n20:feed11:rep1,ab4d2c4b-192a-4008-bd6c-274713d6958c,3895086,247,25787241900,25787271000,1781307004942-0
concurrency_n20_20260613_002920_redis_feed11_rep1,redis,sb:events:n20:feed11:rep1,d60b8245-40b0-43a8-876b-08f69505d1d6,3895060,248,25789023800,25789113200,1781307004944-0
concurrency_n20_20260613_002920_redis_feed11_rep1,redis,sb:events:n20:feed11:rep1,c7c21979-4bd2-4a01-bbb2-1b937cf113e9,3895107,248,25790388100,25790416000,1781307004946-0
concurrency_n20_20260613_002920_redis_feed11_rep1,redis,sb:events:n20:feed11:rep1,5bc6657b-a17c-486e-ad59-22672d97b128,3895052,248,25791047300,25791064600,1781307004948-0
concurrency_n20_20260613_002920_redis_feed11_rep1,redis,sb:events:n20:feed11:rep1,37ef3617-eef5-4932-b39e-7ba609cda9e9,3895052,248,25826589200,25826616100,1781307004950-0
concurrency_n20_20260613_002920_redis_feed11_rep1,redis,sb:events:n20:feed11:rep1,ae42d577-0431-4f31-9ead-6e4b21eb996c,3895052,248,25829388600,25829448100,1781307004969-0
concurrency_n20_20260613_002920_redis_feed11_rep1,redis,sb:events:n20:feed11:rep1,e22f03e1-c240-4cfb-8126-d1822a1e738b,3895086,248,25830648200,25830667900,1781307004975-0
concurrency_n20_20260613_002920_redis_feed11_rep1,redis,sb:events:n20:feed11:rep1,7498434e-a29a-40c6-8bbc-b35c913149b1,3895060,249,25841665400,25841687200,1781307004984-0
concurrency_n20_20260613_002920_redis_feed11_rep1,redis,sb:events:n20:feed11:rep1,3c3c6ebe-8a92-413d-b985-2ba1fae9a34b,3895121,249,25876477600,25876506100,1781307004988-0
concurrency_n20_20260613_002920_redis_feed11_rep1,redis,sb:events:n20:feed11:rep1,8260c198-30a9-462e-9979-46e59fdcff2b,3895060,249,25880777800,25880805900,1781307004995-0
concurrency_n20_20260613_002920_redis_feed11_rep1,redis,sb:events:n20:feed11:rep1,8ec7e7a3-3e78-4452-ab7c-60de3489eb2a,3895121,249,25883479600,25883506600,1781307005036-0
concurrency_n20_20260613_002920_redis_feed11_rep1,redis,sb:events:n20:feed11:rep1,e0e232f1-f077-4900-adaf-02d79dba1aa2,3895121,249,25884662700,25884690800,1781307005040-0
concurrency_n20_20260613_002920_redis_feed11_rep1,redis,sb:events:n20:feed11:rep1,5a749fee-582f-4572-9cc8-4d8a5fb45e1e,3895067,249,25890397100,25890419300,1781307005043-0
concurrency_n20_20260613_002920_redis_feed11_rep1,redis,sb:events:n20:feed11:rep1,5cde3f68-d1d9-416a-bdae-47ffc68cb272,3895067,249,25894333700,25894360300,1781307005053-0
concurrency_n20_20260613_002920_redis_feed11_rep1,redis,sb:events:n20:feed11:rep1,af8ff7f6-55f8-4283-a775-d12939169496,3895107,249,25896929700,25896954000,1781307005055-0
concurrency_n20_20260613_002920_redis_feed11_rep1,redis,sb:events:n20:feed11:rep1,6bb5ebdd-ec00-4dc5-ae7d-4faf39b4ca84,3895107,249,25963750100,25963771800,1781307005087-0
concurrency_n20_20260613_002920_redis_feed11_rep1,redis,sb:events:n20:feed11:rep1,e064f784-ea92-4ce3-9871-79998510315f,3895113,249,25969232100,25969255500,1781307005125-0
concurrency_n20_20260613_002920_redis_feed11_rep1,redis,sb:events:n20:feed11:rep1,a950b945-5931-47bb-8893-416fe97adb6f,3895113,249,25970781400,25970800600,1781307005127-0
concurrency_n20_20260613_002920_redis_feed11_rep1,redis,sb:events:n20:feed11:rep1,3338b6f2-30a2-4ddc-bc42-6f104e07417c,3895052,249,25973102000,25973122700,1781307005129-0
concurrency_n20_20260613_002920_redis_feed11_rep1,redis,sb:events:n20:feed11:rep1,dff59e8e-9bba-4344-b4d7-c048dc7bc0d2,3895134,249,25983665100,25983687000,1781307005135-0
concurrency_n20_20260613_002920_redis_feed11_rep1,redis,sb:events:n20:feed11:rep1,2fc35d8e-0ed5-4615-80df-5cbeb2e876d6,3895134,249,26026399600,26026425500,1781307005138-0
concurrency_n20_20260613_002920_redis_feed11_rep1,redis,sb:events:n20:feed11:rep1,2e1f6e6f-d929-430c-89f1-793076acf34e,3895121,250,26027582500,26027611600,1781307005144-0
concurrency_n20_20260613_002920_redis_feed11_rep1,redis,sb:events:n20:feed11:rep1,f9105148-0173-48a8-a0e7-8f2868f34607,3895121,250,26029325800,26029350000,1781307005163-0
concurrency_n20_20260613_002920_redis_feed11_rep1,redis,sb:events:n20:feed11:rep1,9687c7e2-1feb-4770-9bed-1359c7f10699,3895067,250,26030287900,26030316300,1781307005165-0
concurrency_n20_20260613_002920_redis_feed11_rep1,redis,sb:events:n20:feed11:rep1,763d3753-8c73-4787-908b-2f1fab2f7cb5,3895067,250,26033781600,26033816300,1781307005166-0
concurrency_n20_20260613_002920_redis_feed11_rep1,redis,sb:events:n20:feed11:rep1,5a633cce-0730-45b3-be3b-46490a79f46c,3895067,250,26034986300,26035015000,1781307005174-0
concurrency_n20_20260613_002920_redis_feed11_rep1,redis,sb:events:n20:feed11:rep1,5572f10b-277c-4944-b80f-843659418dbb,3895086,250,26035903700,26035925500,1781307005175-0
concurrency_n20_20260613_002920_redis_feed11_rep1,redis,sb:events:n20:feed11:rep1,bcc0a902-4f8e-4fae-b636-60e4fa615546,3895086,250,26037215900,26037239500,1781307005176-0
concurrency_n20_20260613_002920_redis_feed11_rep1,redis,sb:events:n20:feed11:rep1,d7b7a8a5-73a9-484f-a409-e1b805c01c87,3895067,251,26038959100,26038988700,1781307005184-0
concurrency_n20_20260613_002920_redis_feed11_rep1,redis,sb:events:n20:feed11:rep1,23a3f1a2-dac5-464c-adad-a58b446b585e,3895067,251,26039951200,26039975400,1781307005185-0
concurrency_n20_20260613_002920_redis_feed11_rep1,redis,sb:events:n20:feed11:rep1,4252a4ee-a0ef-4198-8de4-5a2f9522ce8e,3895113,251,26043367600,26043392600,1781307005186-0
concurrency_n20_20260613_002920_redis_feed11_rep1,redis,sb:events:n20:feed11:rep1,ab95580a-c5fd-4355-9cd4-ae53b8c8d220,3895113,251,26047470200,26047493300,1781307005190-0
concurrency_n20_20260613_002920_redis_feed11_rep1,redis,sb:events:n20:feed11:rep1,6b91badb-145b-403b-9cd4-6b2f130ca1a8,3895134,251,26070929100,26070955600,1781307005191-0
concurrency_n20_20260613_002920_redis_feed11_rep1,redis,sb:events:n20:feed11:rep1,372988d2-7155-4aa1-8ed8-d55c968cd8d0,3895134,251,26074051400,26074078600,1781307005192-0
concurrency_n20_20260613_002920_redis_feed11_rep1,redis,sb:events:n20:feed11:rep1,15701045-40e6-4a1e-9941-11812194ff4d,3895086,251,26086414200,26086450700,1781307005196-0
concurrency_n20_20260613_002920_redis_feed11_rep1,redis,sb:events:n20:feed11:rep1,6ba5f009-b494-430a-b179-7ddd78697f3e,3895086,251,26088547700,26088573400,1781307005198-0
concurrency_n20_20260613_002920_redis_feed11_rep1,redis,sb:events:n20:feed11:rep1,b6ea3ad2-1e31-48c5-b19a-98e10ea0ed90,3895121,252,26089368000,26089388400,1781307005202-0
concurrency_n20_20260613_002920_redis_feed11_rep1,redis,sb:events:n20:feed11:rep1,5d3a3138-c963-46ac-837e-56722f5994c3,3895067,252,26104439300,26104467400,1781307005206-0
concurrency_n20_20260613_002920_redis_feed11_rep1,redis,sb:events:n20:feed11:rep1,f5b915a8-bd5f-4dda-9c57-a42ce35d6eff,3895067,252,26123241500,26123264900,1781307005229-0
concurrency_n20_20260613_002920_redis_feed11_rep1,redis,sb:events:n20:feed11:rep1,4f9680a1-cfc9-4d05-a51f-9173fa11ee92,3895113,252,26139398700,26139430200,1781307005233-0
concurrency_n20_20260613_002920_redis_feed11_rep1,redis,sb:events:n20:feed11:rep1,abf165aa-2ce1-4c25-bf70-490c5b2abd92,3895052,252,26146803600,26146827500,1781307005250-0
concurrency_n20_20260613_002920_redis_feed11_rep1,redis,sb:events:n20:feed11:rep1,41c508b5-f7de-4d1c-9906-43812e26e08a,3895052,252,26148291100,26148312000,1781307005258-0
concurrency_n20_20260613_002920_redis_feed11_rep1,redis,sb:events:n20:feed11:rep1,68b1846d-ccc6-4d31-9345-9d67b3c84731,3895134,252,26148893500,26148909200,1781307005264-0
concurrency_n20_20260613_002920_redis_feed11_rep1,redis,sb:events:n20:feed11:rep1,47b7a3a6-df98-4b63-ab6c-0e67b237fd2e,3895086,252,26150482600,26150506800,1781307005295-0
concurrency_n20_20260613_002920_redis_feed11_rep1,redis,sb:events:n20:feed11:rep1,f30a4e52-e1bb-44d6-bbd6-b5427066570a,3895086,252,26151211100,26151234200,1781307005299-0
concurrency_n20_20260613_002920_redis_feed11_rep1,redis,sb:events:n20:feed11:rep1,23fcb1c6-448a-41c6-9ded-603f0e8de891,3895121,253,26158096000,26158141500,1781307005301-0
concurrency_n20_20260613_002920_redis_feed11_rep1,redis,sb:events:n20:feed11:rep1,827b2d28-2f37-4572-ab9c-069ea5dc9fff,3895121,253,26159351600,26159379100,1781307005303-0
concurrency_n20_20260613_002920_redis_feed11_rep1,redis,sb:events:n20:feed11:rep1,72bc8fb9-e854-4b72-9eb4-dbbdd76334be,3895067,253,26161380400,26161416400,1781307005312-0
concurrency_n20_20260613_002920_redis_feed11_rep1,redis,sb:events:n20:feed11:rep1,3b054ec0-afd6-4c32-b327-590cc4dd5ffe,3895107,253,26171199500,26171223000,1781307005331-0
concurrency_n20_20260613_002920_redis_feed11_rep1,redis,sb:events:n20:feed11:rep1,3aa3e80d-bde0-42ac-ae3a-3a3cd099742e,3895113,253,26173570800,26173592700,1781307005333-0
concurrency_n20_20260613_002920_redis_feed11_rep1,redis,sb:events:n20:feed11:rep1,c3eaf442-02ed-45bb-afff-81e4f9edadde,3895113,253,26175797000,26175822900,1781307005335-0
concurrency_n20_20260613_002920_redis_feed11_rep1,redis,sb:events:n20:feed11:rep1,e838618f-44ac-4e66-9194-d60c3f6e7abd,3895134,253,26181057000,26181087700,1781307005336-0
concurrency_n20_20260613_002920_redis_feed11_rep1,redis,sb:events:n20:feed11:rep1,56fce890-c539-4246-a231-394586bd980e,3895134,253,26183549900,26183575700,1781307005340-0
concurrency_n20_20260613_002920_redis_feed11_rep1,redis,sb:events:n20:feed11:rep1,7fba15f7-3edd-42da-a02b-e01058bec0e0,3895121,254,26184329000,26184350100,1781307005342-0
concurrency_n20_20260613_002920_redis_feed11_rep1,redis,sb:events:n20:feed11:rep1,f2326a2b-22e5-4161-8cc2-d1b54c4ff1e0,3895067,254,26206552200,26206575000,1781307005344-0
concurrency_n20_20260613_002920_redis_feed11_rep1,redis,sb:events:n20:feed11:rep1,62c0e076-6974-44ef-87e6-6abc089b20e5,3895067,254,26208747500,26208772000,1781307005363-0
concurrency_n20_20260613_002920_redis_feed11_rep1,redis,sb:events:n20:feed11:rep1,07605dac-9101-4084-85b6-0ff3aa13e713,3895107,254,26243100700,26243124000,1781307005365-0
concurrency_n20_20260613_002920_redis_feed11_rep1,redis,sb:events:n20:feed11:rep1,1f7b4eb1-045d-49b3-84a9-705211597510,3895113,254,26255594600,26255642700,1781307005369-0
concurrency_n20_20260613_002920_redis_feed11_rep1,redis,sb:events:n20:feed11:rep1,95495ca4-d30a-4194-9aad-46c67cc236cf,3895113,254,26259792500,26259850900,1781307005383-0
concurrency_n20_20260613_002920_redis_feed11_rep1,redis,sb:events:n20:feed11:rep1,0305b979-98f5-4dce-ae43-b9e06c071c2d,3895086,254,26268000300,26268021000,1781307005415-0
concurrency_n20_20260613_002920_redis_feed11_rep1,redis,sb:events:n20:feed11:rep1,7aaf1c25-30a6-42b9-b9bd-63b2d39326d9,3895086,254,26272609400,26272640300,1781307005421-0
concurrency_n20_20260613_002920_redis_feed11_rep1,redis,sb:events:n20:feed11:rep1,74cdadbe-4ae0-41f1-bd31-9066e33654db,3895086,254,26285742200,26285776900,1781307005424-0
concurrency_n20_20260613_002920_redis_feed11_rep1,redis,sb:events:n20:feed11:rep1,a6ff0aaa-7566-4d4f-a06c-46ace6c47dd0,3895121,255,26343161100,26343253200,1781307005433-0
concurrency_n20_20260613_002920_redis_feed11_rep1,redis,sb:events:n20:feed11:rep1,53c837f3-864c-4d65-9556-8026ebaf94f3,3895121,255,26364925500,26364954000,1781307005450-0
concurrency_n20_20260613_002920_redis_feed11_rep1,redis,sb:events:n20:feed11:rep1,790592ad-c30c-4fa2-874e-b463207cfb0d,3895121,255,26375845800,26375871000,1781307005483-0
concurrency_n20_20260613_002920_redis_feed11_rep1,redis,sb:events:n20:feed11:rep1,475bf600-abec-46e1-aa92-2d063bd4077c,3895067,255,26384113700,26384138300,1781307005500-0
concurrency_n20_20260613_002920_redis_feed11_rep1,redis,sb:events:n20:feed11:rep1,b10113ce-a8de-48f5-8517-af3279ec8628,3895067,255,26390093500,26390119300,1781307005529-0
concurrency_n20_20260613_002920_redis_feed11_rep1,redis,sb:events:n20:feed11:rep1,863a3ccc-d506-437d-8d85-656626a95677,3895067,255,26395299500,26395324900,1781307005542-0
concurrency_n20_20260613_002920_redis_feed11_rep1,redis,sb:events:n20:feed11:rep1,3f6e1998-3960-47d3-a9a3-d937889a724b,3895107,255,26396342500,26396360800,1781307005544-0
concurrency_n20_20260613_002920_redis_feed11_rep1,redis,sb:events:n20:feed11:rep1,1a436570-6eda-405a-a093-7841eb59112e,3895107,255,26397730100,26397749400,1781307005549-0
concurrency_n20_20260613_002920_redis_feed11_rep1,redis,sb:events:n20:feed11:rep1,ed6fcf57-b0a1-42ba-b892-7aaa0a8c1763,3895113,255,26431933700,26431963700,1781307005551-0
concurrency_n20_20260613_002920_redis_feed11_rep1,redis,sb:events:n20:feed11:rep1,cf794ce2-9fb3-4b38-8268-3b4f01194d09,3895086,255,26436542800,26436574300,1781307005552-0
concurrency_n20_20260613_002920_redis_feed11_rep1,redis,sb:events:n20:feed11:rep1,6d5c715e-caca-428e-984d-b85c4705e734,3895086,255,26437351300,26437370300,1781307005555-0
concurrency_n20_20260613_002920_redis_feed11_rep1,redis,sb:events:n20:feed11:rep1,52a86328-9c1c-4ae5-8a45-43a5e89ac59c,3895067,256,26438222500,26438248000,1781307005558-0
concurrency_n20_20260613_002920_redis_feed11_rep1,redis,sb:events:n20:feed11:rep1,4ba28518-4c9e-44cb-ac7f-39b0806cbba9,3895067,256,26439687200,26439710900,1781307005574-0
concurrency_n20_20260613_002920_redis_feed11_rep1,redis,sb:events:n20:feed11:rep1,a5f68153-d972-4a57-a0e5-0cb301466d19,3895067,256,26446663100,26446692700,1781307005592-0
concurrency_n20_20260613_002920_redis_feed11_rep1,redis,sb:events:n20:feed11:rep1,0db67404-1c02-4346-ae52-a14c248ee179,3895113,256,26447796900,26447819700,1781307005597-0
concurrency_n20_20260613_002920_redis_feed11_rep1,redis,sb:events:n20:feed11:rep1,e22ba07a-d04f-4fc4-9f5c-0f02a69be95b,3895134,256,26448737600,26448761100,1781307005598-0
concurrency_n20_20260613_002920_redis_feed11_rep1,redis,sb:events:n20:feed11:rep1,6ec97d1a-06e8-4b68-979d-3020292d1441,3895086,256,26449595800,26449617800,1781307005599-0
concurrency_n20_20260613_002920_redis_feed11_rep1,redis,sb:events:n20:feed11:rep1,23706c78-86ab-456e-a979-df8e697e6909,3895086,256,26457029500,26457059800,1781307005611-0
concurrency_n20_20260613_002920_redis_feed11_rep1,redis,sb:events:n20:feed11:rep1,59a991c1-59bf-4fad-8f31-088615a3ba09,3895121,257,26459164500,26459197000,1781307005612-0
concurrency_n20_20260613_002920_redis_feed11_rep1,redis,sb:events:n20:feed11:rep1,cb14ea90-5d2b-47c7-9bc3-b5c8d67229b9,3895121,257,26461291200,26461311700,1781307005618-0
concurrency_n20_20260613_002920_redis_feed11_rep1,redis,sb:events:n20:feed11:rep1,62e1ac85-475b-41c2-9b77-e59c9e842495,3895107,257,26466305200,26466335900,1781307005620-0
concurrency_n20_20260613_002920_redis_feed11_rep1,redis,sb:events:n20:feed11:rep1,3e16c4a5-f67a-49d4-b9a6-3c4ce4920dff,3895134,257,26467271400,26467295500,1781307005621-0
concurrency_n20_20260613_002920_redis_feed11_rep1,redis,sb:events:n20:feed11:rep1,e4df921b-4a22-4c53-911c-f17696fbd589,3895134,257,26472667800,26472690100,1781307005622-0
concurrency_n20_20260613_002920_redis_feed11_rep1,redis,sb:events:n20:feed11:rep1,54204948-7ae4-4ee2-afe1-e0ddd2bd4aec,3895086,257,26473925200,26473951100,1781307005624-0
concurrency_n20_20260613_002920_redis_feed11_rep1,redis,sb:events:n20:feed11:rep1,73a9ced2-4181-48ba-846e-bdb30829fcce,3895086,257,26476525800,26476799800,1781307005625-0
concurrency_n20_20260613_002920_redis_feed11_rep1,redis,sb:events:n20:feed11:rep1,38e2a384-9e04-4022-80d7-b973f795b0a9,3895067,258,26478508600,26478548200,1781307005629-0
concurrency_n20_20260613_002920_redis_feed11_rep1,redis,sb:events:n20:feed11:rep1,bf15dbac-44e7-4bff-a8f0-603372cda1a0,3895067,258,26480658500,26480678800,1781307005633-0
concurrency_n20_20260613_002920_redis_feed11_rep1,redis,sb:events:n20:feed11:rep1,f5117633-0494-4caf-8991-e6e6e82a6d58,3895074,258,26481919200,26481937400,1781307005636-0
concurrency_n20_20260613_002920_redis_feed11_rep1,redis,sb:events:n20:feed11:rep1,1f90c84b-8198-4fe6-926e-b127432fe1ce,3895107,258,26485806800,26485833000,1781307005637-0
concurrency_n20_20260613_002920_redis_feed11_rep1,redis,sb:events:n20:feed11:rep1,cc6dccb1-5860-46f3-8735-8e8f428d01b9,3895107,258,26508241800,26508273400,1781307005638-0
concurrency_n20_20260613_002920_redis_feed11_rep1,redis,sb:events:n20:feed11:rep1,e03baa4b-601d-4da7-8fea-80b62a62484d,3895086,258,26512435600,26512459200,1781307005639-0
concurrency_n20_20260613_002920_redis_feed11_rep1,redis,sb:events:n20:feed11:rep1,68854cd3-aa73-4048-ade3-4704949a8de0,3895086,258,26514028300,26514051300,1781307005641-0
concurrency_n20_20260613_002920_redis_feed11_rep1,redis,sb:events:n20:feed11:rep1,b48dd5a9-9fda-4540-9579-1eb7241c1732,3895086,258,26527988100,26528016200,1781307005645-0
concurrency_n20_20260613_002920_redis_feed11_rep1,redis,sb:events:n20:feed11:rep1,2e46e287-e9c1-4099-a47b-5bd15f749fdd,3895121,259,26531706000,26531777600,1781307005664-0
concurrency_n20_20260613_002920_redis_feed11_rep1,redis,sb:events:n20:feed11:rep1,e2076784-c7cd-4a7b-911d-32148bdcb668,3895067,259,26534369900,26534397100,1781307005667-0
concurrency_n20_20260613_002920_redis_feed11_rep1,redis,sb:events:n20:feed11:rep1,e9f720af-7816-4335-a7c7-128a55d24113,3895107,259,26535405900,26535452000,1781307005672-0
concurrency_n20_20260613_002920_redis_feed11_rep1,redis,sb:events:n20:feed11:rep1,663fed60-ccc7-45ed-b398-8c2b0921fb53,3895113,259,26537665300,26538110200,1781307005673-0
concurrency_n20_20260613_002920_redis_feed11_rep1,redis,sb:events:n20:feed11:rep1,9b56a464-22da-4631-8ac9-d069ad9e27a8,3895113,259,26542780700,26542801900,1781307005678-0
concurrency_n20_20260613_002920_redis_feed11_rep1,redis,sb:events:n20:feed11:rep1,10838d52-0301-4524-876a-0b60517930a0,3895113,259,26544334800,26544357500,1781307005683-0
concurrency_n20_20260613_002920_redis_feed11_rep1,redis,sb:events:n20:feed11:rep1,47215bf6-9a9b-44ef-83e0-300fed2e90e6,3895086,259,26548853400,26548894600,1781307005685-0
concurrency_n20_20260613_002920_redis_feed11_rep1,redis,sb:events:n20:feed11:rep1,6a23b116-5052-424c-8edb-ec17fc93049c,3895086,259,26550024500,26550050400,1781307005691-0
concurrency_n20_20260613_002920_redis_feed11_rep1,redis,sb:events:n20:feed11:rep1,9aa277b0-c06e-4c8f-871f-fc858ede75a1,3895095,260,26552880800,26552925600,1781307005693-0
concurrency_n20_20260613_002920_redis_feed11_rep1,redis,sb:events:n20:feed11:rep1,6bcac124-e4dc-45f1-b0bd-21ed8e841c40,3895121,260,26553974100,26554001000,1781307005699-0
concurrency_n20_20260613_002920_redis_feed11_rep1,redis,sb:events:n20:feed11:rep1,ee0a8cc6-0d4e-4359-8cdc-c4657c2527ba,3895121,260,26555344300,26555386700,1781307005701-0
concurrency_n20_20260613_002920_redis_feed11_rep1,redis,sb:events:n20:feed11:rep1,ea4cd5da-c431-45e1-9579-f6afcf1d18e1,3895074,260,26574230300,26574259300,1781307005704-0
concurrency_n20_20260613_002920_redis_feed11_rep1,redis,sb:events:n20:feed11:rep1,0125e4f0-5e8a-476d-8cfe-ea841d753ef4,3895067,260,26580749900,26580775500,1781307005706-0
concurrency_n20_20260613_002920_redis_feed11_rep1,redis,sb:events:n20:feed11:rep1,ed84fc85-9f8b-412f-81c2-680173fb86ae,3895074,260,26597904400,26597927400,1781307005709-0
concurrency_n20_20260613_002920_redis_feed11_rep1,redis,sb:events:n20:feed11:rep1,4942bd70-328f-4b42-b1a0-ca86e5ed0132,3895067,260,26601135800,26601169300,1781307005715-0
concurrency_n20_20260613_002920_redis_feed11_rep1,redis,sb:events:n20:feed11:rep1,5dad505a-6623-4536-b2ac-6022b8da73d4,3895107,260,26605528100,26605579900,1781307005736-0
concurrency_n20_20260613_002920_redis_feed11_rep1,redis,sb:events:n20:feed11:rep1,485ae714-24e3-4f42-b361-07329c135923,3895107,260,26611030500,26611086700,1781307005737-0
concurrency_n20_20260613_002920_redis_feed11_rep1,redis,sb:events:n20:feed11:rep1,71cc3eec-93e6-4ef6-a5c2-af39d963246d,3895113,260,26613864900,26613893400,1781307005740-0
concurrency_n20_20260613_002920_redis_feed11_rep1,redis,sb:events:n20:feed11:rep1,0ca04aaf-412c-44d0-a7a2-8b121880b269,3895113,260,26615103600,26615133600,1781307005741-0
concurrency_n20_20260613_002920_redis_feed11_rep1,redis,sb:events:n20:feed11:rep1,996cd44e-aacc-4356-94f2-018d44db541e,3895095,261,26616348800,26616374200,1781307005742-0
concurrency_n20_20260613_002920_redis_feed11_rep1,redis,sb:events:n20:feed11:rep1,16bc8159-f671-475a-bcba-c53e4796be16,3895074,261,26617361100,26617382100,1781307005759-0
concurrency_n20_20260613_002920_redis_feed11_rep1,redis,sb:events:n20:feed11:rep1,0fe5d0e6-56a8-4c1e-b502-944527c8b3b2,3895067,261,26623324900,26623350700,1781307005769-0
concurrency_n20_20260613_002920_redis_feed11_rep1,redis,sb:events:n20:feed11:rep1,24493149-eac2-44f2-b2f5-271189452a64,3895134,261,26624652400,26624676100,1781307005771-0
concurrency_n20_20260613_002920_redis_feed11_rep1,redis,sb:events:n20:feed11:rep1,cfa33c23-5e87-40cc-8d8c-c0758d159bc3,3895121,262,26626198600,26626223800,1781307005773-0
concurrency_n20_20260613_002920_redis_feed11_rep1,redis,sb:events:n20:feed11:rep1,10d650b0-aeb3-480f-a773-2363ee75ceac,3895074,262,26627720100,26627748900,1781307005779-0
concurrency_n20_20260613_002920_redis_feed11_rep1,redis,sb:events:n20:feed11:rep1,f095118b-5d42-442e-a60a-331f0f9173be,3895074,262,26632008500,26632033700,1781307005784-0
concurrency_n20_20260613_002920_redis_feed11_rep1,redis,sb:events:n20:feed11:rep1,514d34a6-6e55-491c-a213-7c9fa1c0b7fb,3895107,262,26662881100,26662993200,1781307005786-0
concurrency_n20_20260613_002920_redis_feed11_rep1,redis,sb:events:n20:feed11:rep1,4e2224cd-3e95-48e5-9712-7710ef3f1c0a,3895134,262,26666864500,26666891800,1781307005789-0
concurrency_n20_20260613_002920_redis_feed11_rep1,redis,sb:events:n20:feed11:rep1,f1cd4674-ad76-45d4-9628-c4e224ac2f35,3895134,262,26673758700,26673789100,1781307005790-0
concurrency_n20_20260613_002920_redis_feed11_rep1,redis,sb:events:n20:feed11:rep1,66caab40-09c3-446d-a427-cf45c915444d,3895086,262,26678162700,26678191300,1781307005799-0
concurrency_n20_20260613_002920_redis_feed11_rep1,redis,sb:events:n20:feed11:rep1,8618303d-99e2-4e41-bfce-73679717791a,3895121,263,26689436000,26689475700,1781307005822-0
concurrency_n20_20260613_002920_redis_feed11_rep1,redis,sb:events:n20:feed11:rep1,bc4a7ba2-d4e7-4286-8374-d79a5779f841,3895121,263,26691455600,26691476400,1781307005827-0
concurrency_n20_20260613_002920_redis_feed11_rep1,redis,sb:events:n20:feed11:rep1,8298e9c7-a913-4efc-a9ba-9ee43d90dcc5,3895067,263,26692989500,26693012400,1781307005834-0
concurrency_n20_20260613_002920_redis_feed11_rep1,redis,sb:events:n20:feed11:rep1,13e41f11-b758-4c70-b60d-97d3887b664b,3895067,263,26694937400,26695000300,1781307005838-0
concurrency_n20_20260613_002920_redis_feed11_rep1,redis,sb:events:n20:feed11:rep1,18d31a96-ce5f-4b9f-83fc-6d5e684cf434,3895067,263,26696148600,26696175100,1781307005841-0
concurrency_n20_20260613_002920_redis_feed11_rep1,redis,sb:events:n20:feed11:rep1,6282f2ed-5306-4692-97a8-018abed55a97,3895086,263,26697496100,26697516200,1781307005849-0
concurrency_n20_20260613_002920_redis_feed11_rep1,redis,sb:events:n20:feed11:rep1,0d575998-33de-49ca-b066-2b07f6d5b877,3895086,263,26698614900,26698647200,1781307005850-0
concurrency_n20_20260613_002920_redis_feed11_rep1,redis,sb:events:n20:feed11:rep1,2c155794-7231-487e-8463-a99b8c0bf033,3895086,263,26701690400,26701711900,1781307005851-0
concurrency_n20_20260613_002920_redis_feed11_rep1,redis,sb:events:n20:feed11:rep1,92038172-7102-4357-88a0-d66531d0be4e,3895086,263,26704411700,26704436700,1781307005857-0
concurrency_n20_20260613_002920_redis_feed11_rep1,redis,sb:events:n20:feed11:rep1,8fe456b1-05c6-45d3-8b82-1ac9bf0fe7be,3895067,264,26717462700,26717489100,1781307005859-0
concurrency_n20_20260613_002920_redis_feed11_rep1,redis,sb:events:n20:feed11:rep1,3d789615-1091-409c-85fd-685e7676feda,3895067,264,26719536500,26719589800,1781307005861-0
concurrency_n20_20260613_002920_redis_feed11_rep1,redis,sb:events:n20:feed11:rep1,13ee56a2-d705-49a4-ab4a-d4d369100413,3895107,264,26721530100,26721550400,1781307005863-0
concurrency_n20_20260613_002920_redis_feed11_rep1,redis,sb:events:n20:feed11:rep1,9c10cb13-35c4-4526-ac97-d99683b9e699,3895107,264,26722317300,26722334800,1781307005865-0
concurrency_n20_20260613_002920_redis_feed11_rep1,redis,sb:events:n20:feed11:rep1,efb93bf2-d768-4a93-af9f-ca59ff1274c9,3895134,264,26728052200,26728076500,1781307005884-0
concurrency_n20_20260613_002920_redis_feed11_rep1,redis,sb:events:n20:feed11:rep1,b6c7894b-dd9c-454c-8216-795a1b1cf868,3895134,265,26731263200,26731288000,1781307005885-0
concurrency_n20_20260613_002920_redis_feed11_rep1,redis,sb:events:n20:feed11:rep1,34c88955-3322-45ec-8d48-1dc784b8d9cb,3895086,265,26733667300,26733697800,1781307005886-0
concurrency_n20_20260613_002920_redis_feed11_rep1,redis,sb:events:n20:feed11:rep1,88b7d2c5-ea70-4802-8e21-22e5bec35408,3895086,265,26754724700,26754751600,1781307005892-0
concurrency_n20_20260613_002920_redis_feed11_rep1,redis,sb:events:n20:feed11:rep1,9e776352-0652-4d54-bb99-2af9245e34bd,3895121,266,26756253400,26756286900,1781307005895-0
concurrency_n20_20260613_002920_redis_feed11_rep1,redis,sb:events:n20:feed11:rep1,b554adb2-7947-471d-978b-65ab486e3695,3895107,266,26757315300,26757333400,1781307005896-0
concurrency_n20_20260613_002920_redis_feed11_rep1,redis,sb:events:n20:feed11:rep1,095beac9-7bb6-4509-8f3b-046dbe3256e6,3895086,266,26761146500,26761206700,1781307005914-0
concurrency_n20_20260613_002920_redis_feed11_rep1,redis,sb:events:n20:feed11:rep1,2180041b-af64-4877-a4d2-385bd5e76108,3895086,266,26770315300,26770625900,1781307005918-0
concurrency_n20_20260613_002920_redis_feed11_rep1,redis,sb:events:n20:feed11:rep1,ed4f581a-98cf-437d-b2d9-6ab817f3a8e1,3895086,266,26771822900,26771851000,1781307005919-0
concurrency_n20_20260613_002920_redis_feed11_rep1,redis,sb:events:n20:feed11:rep1,9e68e4a2-3f54-4586-9c97-d02b4d59c25f,3895086,266,26773244200,26773275300,1781307005921-0
concurrency_n20_20260613_002920_redis_feed11_rep1,redis,sb:events:n20:feed11:rep1,b9cd084b-db1f-4e4d-bb2b-8df05782ef9e,3895060,267,26775689300,26775714500,1781307005923-0
concurrency_n20_20260613_002920_redis_feed11_rep1,redis,sb:events:n20:feed11:rep1,4dca818c-95a9-4119-bcf7-c9ceb9b6e893,3895121,267,26776927400,26776951800,1781307005924-0
concurrency_n20_20260613_002920_redis_feed11_rep1,redis,sb:events:n20:feed11:rep1,46623275-b589-4b8c-a3ac-860979f10126,3895121,267,26778096500,26778117100,1781307005930-0
concurrency_n20_20260613_002920_redis_feed11_rep1,redis,sb:events:n20:feed11:rep1,51a56ca6-53b2-4905-a64e-1f75f54f9c22,3895074,267,26779286300,26779314700,1781307005931-0
concurrency_n20_20260613_002920_redis_feed11_rep1,redis,sb:events:n20:feed11:rep1,e54d1ea2-fdce-4a39-a60e-a10cbdd38c69,3895067,267,26780339400,26780364800,1781307005933-0
concurrency_n20_20260613_002920_redis_feed11_rep1,redis,sb:events:n20:feed11:rep1,1e1a8680-84d3-44a8-a763-d0c2f61ccaef,3895107,267,26782534000,26782555000,1781307005939-0
concurrency_n20_20260613_002920_redis_feed11_rep1,redis,sb:events:n20:feed11:rep1,343781b7-0e28-4c1a-9519-e9a223c4a2ab,3895086,267,26786852500,26786884100,1781307005941-0
concurrency_n20_20260613_002920_redis_feed11_rep1,redis,sb:events:n20:feed11:rep1,bd4fd27a-af25-48c9-b982-579d4156695a,3895086,267,26788791300,26788813200,1781307005946-0
concurrency_n20_20260613_002920_redis_feed11_rep1,redis,sb:events:n20:feed11:rep1,0b59b3bf-4601-4c24-8885-60395189f536,3895086,267,26789841300,26789859000,1781307005947-0
concurrency_n20_20260613_002920_redis_feed11_rep1,redis,sb:events:n20:feed11:rep1,0fba1ad7-479b-4b6d-bc7b-6c018c155cf0,3895074,268,26796407500,26796446700,1781307005949-0
concurrency_n20_20260613_002920_redis_feed11_rep1,redis,sb:events:n20:feed11:rep1,ee0a6df8-5cef-40c1-9e50-478ba581f659,3895074,268,26803793800,26803820700,1781307005958-0
concurrency_n20_20260613_002920_redis_feed11_rep1,redis,sb:events:n20:feed11:rep1,fd1049b3-6c01-4bcf-9e28-659dc18d76be,3895067,268,26807072500,26807100900,1781307005960-0
concurrency_n20_20260613_002920_redis_feed11_rep1,redis,sb:events:n20:feed11:rep1,c885f171-2860-4119-9ee5-46c6577051c7,3895067,268,26811169900,26811230800,1781307005965-0
concurrency_n20_20260613_002920_redis_feed11_rep1,redis,sb:events:n20:feed11:rep1,dd5cc896-95a8-4dde-b096-19f8a35fedae,3895067,268,26813170600,26813203500,1781307005968-0
concurrency_n20_20260613_002920_redis_feed11_rep1,redis,sb:events:n20:feed11:rep1,d2605132-7102-44cd-989b-463ca323eadd,3895067,268,26814268400,26814287600,1781307005970-0
concurrency_n20_20260613_002920_redis_feed11_rep1,redis,sb:events:n20:feed11:rep1,c8b2a6c1-0af0-40cb-954c-fc5b21ed2a10,3895107,268,26815740800,26815762700,1781307005972-0
concurrency_n20_20260613_002920_redis_feed11_rep1,redis,sb:events:n20:feed11:rep1,391c6d6b-904b-4a03-8e42-64066fa8bd04,3895107,268,26818156400,26818182200,1781307005975-0
concurrency_n20_20260613_002920_redis_feed11_rep1,redis,sb:events:n20:feed11:rep1,e74c249e-23f6-4b45-b6d3-1314c1b07372,3895134,268,26823895400,26823921600,1781307005978-0
concurrency_n20_20260613_002920_redis_feed11_rep1,redis,sb:events:n20:feed11:rep1,c83ebc9a-b029-493e-8581-ec84cacecafd,3895134,268,26860515000,26860541700,1781307005979-0
concurrency_n20_20260613_002920_redis_feed11_rep1,redis,sb:events:n20:feed11:rep1,aca80b04-2892-4c4f-888e-df76c7567817,3895086,268,26863046600,26863071700,1781307005981-0
concurrency_n20_20260613_002920_redis_feed11_rep1,redis,sb:events:n20:feed11:rep1,0cde918a-e527-4076-8a12-e5a60f799698,3895086,268,26864201200,26864230400,1781307005985-0
concurrency_n20_20260613_002920_redis_feed11_rep1,redis,sb:events:n20:feed11:rep1,338ab47a-b28f-4c2b-bd70-7e12984b30fc,3895060,269,26870682600,26870731000,1781307006000-0
concurrency_n20_20260613_002920_redis_feed11_rep1,redis,sb:events:n20:feed11:rep1,01628134-a403-45a5-9d2d-22b3bfe0979c,3895060,269,26883181600,26883204300,1781307006022-0
concurrency_n20_20260613_002920_redis_feed11_rep1,redis,sb:events:n20:feed11:rep1,1f368669-6dbe-435c-a840-a7460f2a4eb8,3895121,269,26885966700,26885992500,1781307006024-0
concurrency_n20_20260613_002920_redis_feed11_rep1,redis,sb:events:n20:feed11:rep1,723e6795-1547-43a5-8c9e-2aed6477cf78,3895121,269,26902164000,26902243300,1781307006027-0
concurrency_n20_20260613_002920_redis_feed11_rep1,redis,sb:events:n20:feed11:rep1,afa22405-2040-43ab-b197-f2419187cd98,3895074,269,26903643400,26903669600,1781307006028-0
concurrency_n20_20260613_002920_redis_feed11_rep1,redis,sb:events:n20:feed11:rep1,177f2b40-74c1-40e8-bec1-804b49c2c305,3895107,269,26905047000,26905157900,1781307006037-0
concurrency_n20_20260613_002920_redis_feed11_rep1,redis,sb:events:n20:feed11:rep1,6eaa0b6f-a268-4df3-8485-181924de80a4,3895060,270,26907355000,26907380500,1781307006058-0
concurrency_n20_20260613_002920_redis_feed11_rep1,redis,sb:events:n20:feed11:rep1,42078d0a-8356-4d5f-8c14-9258e6893705,3895060,270,26910739500,26910783000,1781307006059-0
concurrency_n20_20260613_002920_redis_feed11_rep1,redis,sb:events:n20:feed11:rep1,e8deba9d-f61c-4666-89ca-9aac01e5ed15,3895060,270,26912197800,26912259100,1781307006061-0
concurrency_n20_20260613_002920_redis_feed11_rep1,redis,sb:events:n20:feed11:rep1,01bb8b26-990c-48f7-85c8-d20de30bddea,3895074,270,26914234800,26914257800,1781307006062-0
concurrency_n20_20260613_002920_redis_feed11_rep1,redis,sb:events:n20:feed11:rep1,3583f06d-21fc-45fc-b46a-01fe1867d33b,3895074,270,26918089700,26918119500,1781307006066-0
concurrency_n20_20260613_002920_redis_feed11_rep1,redis,sb:events:n20:feed11:rep1,dfba11df-0765-423a-bb4f-a4a1b86cc36e,3895074,270,26921397100,26921452800,1781307006067-0
concurrency_n20_20260613_002920_redis_feed11_rep1,redis,sb:events:n20:feed11:rep1,d514dd51-cbc8-4d01-a300-dc01767fd9d5,3895067,270,26924744600,26924764200,1781307006069-0
concurrency_n20_20260613_002920_redis_feed11_rep1,redis,sb:events:n20:feed11:rep1,7f6e4468-5f83-4886-80bb-75c5a0d8ff6d,3895067,270,26925996700,26926017200,1781307006074-0
concurrency_n20_20260613_002920_redis_feed11_rep1,redis,sb:events:n20:feed11:rep1,977ef353-dfbd-4e2c-a5a2-37786c84f1f3,3895107,270,26927163400,26927203400,1781307006076-0
concurrency_n20_20260613_002920_redis_feed11_rep1,redis,sb:events:n20:feed11:rep1,1e9330b6-39e2-4a05-bf78-c117c52f08e8,3895107,270,26946958200,26946985400,1781307006078-0
concurrency_n20_20260613_002920_redis_feed11_rep1,redis,sb:events:n20:feed11:rep1,8aed6f04-02ac-4e12-be25-8acf290f30a7,3895107,270,26952120300,26952164200,1781307006080-0
concurrency_n20_20260613_002920_redis_feed11_rep1,redis,sb:events:n20:feed11:rep1,bc0b8dcf-0f27-4a89-ba32-bc747d9bc952,3895134,270,26953438600,26953463600,1781307006084-0
concurrency_n20_20260613_002920_redis_feed11_rep1,redis,sb:events:n20:feed11:rep1,e9ba22ee-8e47-4642-9ed4-f11566f547de,3895086,270,26955442100,26955479100,1781307006088-0
concurrency_n20_20260613_002920_redis_feed11_rep1,redis,sb:events:n20:feed11:rep1,5581ad54-dcfa-4b43-8955-ab459b7cc83d,3895060,271,26960313400,26960461500,1781307006101-0
concurrency_n20_20260613_002920_redis_feed11_rep1,redis,sb:events:n20:feed11:rep1,44a9ff5c-461a-4345-8903-b8369f454bab,3895121,271,26961431100,26961448200,1781307006108-0
concurrency_n20_20260613_002920_redis_feed11_rep1,redis,sb:events:n20:feed11:rep1,1fdfc1cf-dc92-4683-9358-6644a102d190,3895067,271,26961981900,26961996400,1781307006111-0
concurrency_n20_20260613_002920_redis_feed11_rep1,redis,sb:events:n20:feed11:rep1,1036de56-68da-4a7d-ae7a-0c2693862ce9,3895067,271,26963010300,26963086300,1781307006113-0
concurrency_n20_20260613_002920_redis_feed11_rep1,redis,sb:events:n20:feed11:rep1,07406593-3095-4290-a316-b490ea348684,3895067,271,26963998800,26964017200,1781307006114-0
concurrency_n20_20260613_002920_redis_feed11_rep1,redis,sb:events:n20:feed11:rep1,00119947-82ad-443c-af11-6dd33262c767,3895052,271,26968390000,26968410700,1781307006120-0
concurrency_n20_20260613_002920_redis_feed11_rep1,redis,sb:events:n20:feed11:rep1,0267a16d-9851-474d-b248-83f9736881eb,3895107,271,26969278600,26969296900,1781307006121-0
concurrency_n20_20260613_002920_redis_feed11_rep1,redis,sb:events:n20:feed11:rep1,6e729421-0bbd-49c9-b3d7-487e8f0d20dd,3895107,271,26970029000,26970046400,1781307006122-0
concurrency_n20_20260613_002920_redis_feed11_rep1,redis,sb:events:n20:feed11:rep1,a4412978-7f9a-4fc3-b054-1cd626d5abfd,3895107,271,26971021800,26971043400,1781307006124-0
concurrency_n20_20260613_002920_redis_feed11_rep1,redis,sb:events:n20:feed11:rep1,86c9ab13-4b82-4056-ae14-1fc5594b80fd,3895107,271,26972200100,26972224300,1781307006125-0
concurrency_n20_20260613_002920_redis_feed11_rep1,redis,sb:events:n20:feed11:rep1,bc947e40-b3f2-4f11-9aea-31ada13bfb38,3895107,271,26975430900,26975464100,1781307006127-0
concurrency_n20_20260613_002920_redis_feed11_rep1,redis,sb:events:n20:feed11:rep1,74542926-021d-4bd8-8a65-0130ef27dc9e,3895074,272,26977047600,26977073600,1781307006128-0
concurrency_n20_20260613_002920_redis_feed11_rep1,redis,sb:events:n20:feed11:rep1,0419fc46-4002-44ec-ae27-ee60e5e41bdc,3895074,272,26981310800,26981334900,1781307006129-0
concurrency_n20_20260613_002920_redis_feed11_rep1,redis,sb:events:n20:feed11:rep1,13575c0f-d745-415b-980c-2927d9b04576,3895107,272,26983277500,26983307700,1781307006130-0
concurrency_n20_20260613_002920_redis_feed11_rep1,redis,sb:events:n20:feed11:rep1,5d1aff3f-0748-4407-b489-77cd8f595cc5,3895060,273,26988057700,26988088400,1781307006131-0
concurrency_n20_20260613_002920_redis_feed11_rep1,redis,sb:events:n20:feed11:rep1,fb2e4456-06c9-402f-8b09-37b2a0a85011,3895060,273,26988981100,26989022300,1781307006138-0
concurrency_n20_20260613_002920_redis_feed11_rep1,redis,sb:events:n20:feed11:rep1,14f03a0a-69ac-45c2-9584-3133cfcdf441,3895121,273,26990035200,26990057400,1781307006140-0
concurrency_n20_20260613_002920_redis_feed11_rep1,redis,sb:events:n20:feed11:rep1,2e5d777b-b87c-4193-9c66-2dc4f9799c0a,3895121,273,26991443500,26991485700,1781307006142-0
concurrency_n20_20260613_002920_redis_feed11_rep1,redis,sb:events:n20:feed11:rep1,e6500334-9172-4211-86d2-4367cd05906d,3895074,273,26997943500,26997970200,1781307006145-0
concurrency_n20_20260613_002920_redis_feed11_rep1,redis,sb:events:n20:feed11:rep1,47f7c1fd-4df8-4d04-8596-5ca260499f6c,3895107,273,27000580900,27000604900,1781307006147-0
concurrency_n20_20260613_002920_redis_feed11_rep1,redis,sb:events:n20:feed11:rep1,0b89a38a-1b1e-41f8-a0b7-590546850b3c,3895107,273,27002576400,27002600700,1781307006148-0
concurrency_n20_20260613_002920_redis_feed11_rep1,redis,sb:events:n20:feed11:rep1,705881f6-76d6-46d2-a301-243af6757449,3895107,273,27005964400,27005996000,1781307006151-0
concurrency_n20_20260613_002920_redis_feed11_rep1,redis,sb:events:n20:feed11:rep1,50f26d4f-3cb8-4532-9185-4a10012037a5,3895107,273,27009523800,27009565600,1781307006152-0
concurrency_n20_20260613_002920_redis_feed11_rep1,redis,sb:events:n20:feed11:rep1,c8deccf2-d454-445c-ad38-9cc2eb62faf5,3895060,274,27015741200,27015768800,1781307006154-0
concurrency_n20_20260613_002920_redis_feed11_rep1,redis,sb:events:n20:feed11:rep1,ae390965-1a6c-455f-b3ca-922cf7b54142,3895121,274,27017813200,27017837100,1781307006156-0
concurrency_n20_20260613_002920_redis_feed11_rep1,redis,sb:events:n20:feed11:rep1,6919c78c-5325-4109-82e5-f5c2db07e3e9,3895074,274,27019704900,27019730500,1781307006163-0
concurrency_n20_20260613_002920_redis_feed11_rep1,redis,sb:events:n20:feed11:rep1,9f9621bb-4395-4d3a-a51e-1e5352417f9c,3895074,274,27020552500,27020574300,1781307006166-0
concurrency_n20_20260613_002920_redis_feed11_rep1,redis,sb:events:n20:feed11:rep1,91bb7ef0-a5ae-46fe-b05b-ba8dd1589f69,3895074,274,27021522700,27021590200,1781307006169-0
concurrency_n20_20260613_002920_redis_feed11_rep1,redis,sb:events:n20:feed11:rep1,8f2b509c-1b20-4fee-b757-e93b371d3008,3895052,274,27025520300,27025549200,1781307006173-0
concurrency_n20_20260613_002920_redis_feed11_rep1,redis,sb:events:n20:feed11:rep1,ad9f5632-f016-4768-bb7f-f954877f062a,3895052,274,27028538400,27028573200,1781307006176-0
concurrency_n20_20260613_002920_redis_feed11_rep1,redis,sb:events:n20:feed11:rep1,18e2c4a7-33ef-460e-9455-d33add609933,3895107,274,27038783900,27038816100,1781307006179-0
concurrency_n20_20260613_002920_redis_feed11_rep1,redis,sb:events:n20:feed11:rep1,bebba0a9-6275-4627-896b-8ed0fb80dae6,3895107,274,27047387700,27047412000,1781307006182-0
concurrency_n20_20260613_002920_redis_feed11_rep1,redis,sb:events:n20:feed11:rep1,3a395ce8-2863-48f0-9c25-dc5b497d7340,3895060,275,27048735900,27048762200,1781307006185-0
concurrency_n20_20260613_002920_redis_feed11_rep1,redis,sb:events:n20:feed11:rep1,e3ee7bfb-48b2-4421-aa5e-3d42632496ae,3895060,275,27049828200,27049867100,1781307006186-0
concurrency_n20_20260613_002920_redis_feed11_rep1,redis,sb:events:n20:feed11:rep1,9cbd77fd-6ab8-4c45-b0cb-21beb14be19c,3895067,275,27051342700,27051368700,1781307006188-0
concurrency_n20_20260613_002920_redis_feed11_rep1,redis,sb:events:n20:feed11:rep1,69d57cf5-7da9-48d1-9f9d-a8929a77f91b,3895052,275,27052195600,27052216400,1781307006190-0
concurrency_n20_20260613_002920_redis_feed11_rep1,redis,sb:events:n20:feed11:rep1,06904d29-3849-430d-8a89-6dfe0363c0aa,3895052,275,27055293100,27055320600,1781307006200-0
concurrency_n20_20260613_002920_redis_feed11_rep1,redis,sb:events:n20:feed11:rep1,9c2de277-bdcb-4d07-87fd-aaa32b58aa09,3895113,275,27056664900,27056689800,1781307006202-0
concurrency_n20_20260613_002920_redis_feed11_rep1,redis,sb:events:n20:feed11:rep1,3e029e4b-2571-4ea8-805a-a3e6062ffc31,3895060,276,27058778900,27058800400,1781307006206-0
concurrency_n20_20260613_002920_redis_feed11_rep1,redis,sb:events:n20:feed11:rep1,25ed9580-8a5c-468c-9a49-d265d1628d7c,3895060,276,27059946700,27059970900,1781307006210-0
concurrency_n20_20260613_002920_redis_feed11_rep1,redis,sb:events:n20:feed11:rep1,24e7d246-d03c-4463-9647-764ef1571c7b,3895060,276,27061842600,27061877100,1781307006212-0
concurrency_n20_20260613_002920_redis_feed11_rep1,redis,sb:events:n20:feed11:rep1,5d3ea8bf-19e4-4faa-b170-4213f4e8a325,3895121,276,27063689700,27064418800,1781307006213-0
concurrency_n20_20260613_002920_redis_feed11_rep1,redis,sb:events:n20:feed11:rep1,ab0f44f8-edc0-4be0-9286-f7a48ce1d621,3895074,276,27067934100,27067958600,1781307006218-0
concurrency_n20_20260613_002920_redis_feed11_rep1,redis,sb:events:n20:feed11:rep1,d5550ce2-817b-45ec-b62d-eaf2c9168046,3895074,276,27068944700,27068965000,1781307006220-0
concurrency_n20_20260613_002920_redis_feed11_rep1,redis,sb:events:n20:feed11:rep1,ad174cea-e878-4b47-bac6-e43587231760,3895067,276,27072749100,27072835200,1781307006221-0
concurrency_n20_20260613_002920_redis_feed11_rep1,redis,sb:events:n20:feed11:rep1,40babdd6-38b1-4e24-8e68-91d2b1cb2640,3895074,276,27074553500,27074579400,1781307006228-0
concurrency_n20_20260613_002920_redis_feed11_rep1,redis,sb:events:n20:feed11:rep1,f20e0998-f0f2-4f59-a826-427a42aff538,3895067,276,27103389300,27103417200,1781307006230-0
concurrency_n20_20260613_002920_redis_feed11_rep1,redis,sb:events:n20:feed11:rep1,3a855901-93d7-4b45-94b2-4c0f6c0e82ed,3895067,276,27104756000,27104777100,1781307006231-0
concurrency_n20_20260613_002920_redis_feed11_rep1,redis,sb:events:n20:feed11:rep1,b14b6ebe-eca3-4487-8f1d-10c596a36043,3895067,276,27113188000,27113215300,1781307006234-0
concurrency_n20_20260613_002920_redis_feed11_rep1,redis,sb:events:n20:feed11:rep1,cfcb5f7a-11c5-4c7d-aca0-34a607c28528,3895067,276,27116760000,27116788900,1781307006236-0
concurrency_n20_20260613_002920_redis_feed11_rep1,redis,sb:events:n20:feed11:rep1,e84ef588-3bfd-48b9-af0f-1de178e3704f,3895067,276,27123419600,27123503000,1781307006237-0
concurrency_n20_20260613_002920_redis_feed11_rep1,redis,sb:events:n20:feed11:rep1,4cacd608-9f81-4f99-a2ee-6215f1c722dc,3895052,276,27124950900,27124974800,1781307006241-0
concurrency_n20_20260613_002920_redis_feed11_rep1,redis,sb:events:n20:feed11:rep1,7cc8a6ee-1fe0-4a05-96ee-79c9193f1042,3895134,276,27125913100,27125930400,1781307006266-0
concurrency_n20_20260613_002920_redis_feed11_rep1,redis,sb:events:n20:feed11:rep1,868323ed-f7b6-4532-b538-6da877f8c6ea,3895134,276,27128173700,27128199700,1781307006271-0
concurrency_n20_20260613_002920_redis_feed11_rep1,redis,sb:events:n20:feed11:rep1,018bfbd5-8993-41c6-9f87-96900fdb3b6b,3895052,277,27149634100,27149689800,1781307006277-0
concurrency_n20_20260613_002920_redis_feed11_rep1,redis,sb:events:n20:feed11:rep1,e12d511e-1106-4f3b-bf88-d506519c4884,3895052,277,27150769300,27150789600,1781307006280-0
concurrency_n20_20260613_002920_redis_feed11_rep1,redis,sb:events:n20:feed11:rep1,c1ce0b69-c83b-4203-a004-0cc06eaaea18,3895052,277,27151434400,27151455300,1781307006281-0
concurrency_n20_20260613_002920_redis_feed11_rep1,redis,sb:events:n20:feed11:rep1,94b39728-4689-424b-998b-45215151d294,3895113,277,27152337800,27152362600,1781307006288-0
concurrency_n20_20260613_002920_redis_feed11_rep1,redis,sb:events:n20:feed11:rep1,2e59a3f6-708e-4f6d-9857-0db997357252,3895107,277,27153650000,27153671700,1781307006290-0
concurrency_n20_20260613_002920_redis_feed11_rep1,redis,sb:events:n20:feed11:rep1,6f9a912e-8839-48b1-8ff9-2642edecd22e,3895134,277,27155493000,27155513800,1781307006302-0
concurrency_n20_20260613_002920_redis_feed11_rep1,redis,sb:events:n20:feed11:rep1,8fc24d79-0a41-4f88-99d7-204758d39b89,3895134,277,27157327300,27157377200,1781307006305-0
concurrency_n20_20260613_002920_redis_feed11_rep1,redis,sb:events:n20:feed11:rep1,baf0b43d-7488-4aba-aac8-3be34e44c57e,3895060,278,27172853500,27172887900,1781307006307-0
concurrency_n20_20260613_002920_redis_feed11_rep1,redis,sb:events:n20:feed11:rep1,0d8489b9-7f91-4328-b9aa-66d7c5e770c4,3895060,278,27181931700,27181958600,1781307006310-0
concurrency_n20_20260613_002920_redis_feed11_rep1,redis,sb:events:n20:feed11:rep1,f5ac72a0-313e-4115-9141-cb1c511e5982,3895060,278,27190567800,27190592800,1781307006315-0
concurrency_n20_20260613_002920_redis_feed11_rep1,redis,sb:events:n20:feed11:rep1,a9d798fa-3d9d-4b30-9e68-36e6d3883cd3,3895052,278,27193149200,27193177000,1781307006317-0
concurrency_n20_20260613_002920_redis_feed11_rep1,redis,sb:events:n20:feed11:rep1,a59fc0f2-8e48-4685-a06b-7b4dddeef5ee,3895052,278,27195264500,27195302100,1781307006318-0
concurrency_n20_20260613_002920_redis_feed11_rep1,redis,sb:events:n20:feed11:rep1,2ae64d10-519e-4f7d-8016-1e7020ea6102,3895113,278,27201488200,27201511800,1781307006332-0
concurrency_n20_20260613_002920_redis_feed11_rep1,redis,sb:events:n20:feed11:rep1,6c225640-f176-4e3d-ac14-90e4c5e92771,3895107,278,27203581300,27203610400,1781307006337-0
concurrency_n20_20260613_002920_redis_feed11_rep1,redis,sb:events:n20:feed11:rep1,4b050067-d4a7-4ccf-8e57-bca82a28a6d4,3895107,278,27204823800,27204844800,1781307006352-0
concurrency_n20_20260613_002920_redis_feed11_rep1,redis,sb:events:n20:feed11:rep1,49cf4fe8-b797-43be-ac83-247a4ec230d6,3895067,279,27206664000,27206690200,1781307006355-0
concurrency_n20_20260613_002920_redis_feed11_rep1,redis,sb:events:n20:feed11:rep1,910ee5d4-a9ee-4e89-9716-f1fa16a2a1a8,3895067,279,27209895300,27209920700,1781307006358-0
concurrency_n20_20260613_002920_redis_feed11_rep1,redis,sb:events:n20:feed11:rep1,2cab364f-9f1a-48d5-84a0-39eb53d6a523,3895107,279,27215134000,27215301700,1781307006365-0
concurrency_n20_20260613_002920_redis_feed11_rep1,redis,sb:events:n20:feed11:rep1,8d0c4828-6ecc-4c3a-ad37-c9ef7b46bae6,3895060,280,27217418700,27217502900,1781307006366-0
concurrency_n20_20260613_002920_redis_feed11_rep1,redis,sb:events:n20:feed11:rep1,e2545d71-6cb3-4d04-b512-29634e629949,3895060,280,27219033800,27219068500,1781307006369-0
concurrency_n20_20260613_002920_redis_feed11_rep1,redis,sb:events:n20:feed11:rep1,5658732c-8910-4bc4-b28f-cf8177cced8f,3895074,280,27231519400,27231558100,1781307006375-0
concurrency_n20_20260613_002920_redis_feed11_rep1,redis,sb:events:n20:feed11:rep1,1a2f1bb2-b17c-4251-964c-c55a609354dc,3895067,280,27235387300,27235409900,1781307006378-0
concurrency_n20_20260613_002920_redis_feed11_rep1,redis,sb:events:n20:feed11:rep1,9238108d-5286-460e-a544-1977259b4b14,3895067,280,27236219700,27236240700,1781307006379-0
concurrency_n20_20260613_002920_redis_feed11_rep1,redis,sb:events:n20:feed11:rep1,4274c45b-a4a8-4d35-b735-92673ff7bb85,3895107,280,27237283000,27237308000,1781307006380-0
concurrency_n20_20260613_002920_redis_feed11_rep1,redis,sb:events:n20:feed11:rep1,ffad8e12-d947-4590-a5cd-09ad0a25fda0,3895107,280,27257507400,27257566700,1781307006390-0
concurrency_n20_20260613_002920_redis_feed11_rep1,redis,sb:events:n20:feed11:rep1,9e65c182-64c2-458a-b4a6-046ac7633e88,3895107,280,27280492400,27280550500,1781307006395-0
concurrency_n20_20260613_002920_redis_feed11_rep1,redis,sb:events:n20:feed11:rep1,d9b862fb-af09-4321-a4ba-3fbac00741ea,3895107,280,27282576100,27282597300,1781307006398-0
concurrency_n20_20260613_002920_redis_feed11_rep1,redis,sb:events:n20:feed11:rep1,2efcc702-f0a6-4e9d-a945-d4a1a1df34e7,3895121,281,27283331700,27283357600,1781307006414-0
concurrency_n20_20260613_002920_redis_feed11_rep1,redis,sb:events:n20:feed11:rep1,7473579b-eaa2-4648-a82c-d30461462a01,3895067,281,27284378200,27284401000,1781307006441-0
concurrency_n20_20260613_002920_redis_feed11_rep1,redis,sb:events:n20:feed11:rep1,8bd03049-5688-479a-b578-c689c3828aad,3895067,281,27286370900,27286394000,1781307006449-0
concurrency_n20_20260613_002920_redis_feed11_rep1,redis,sb:events:n20:feed11:rep1,52171c5c-7129-4cfe-bf36-3f3933d86f9f,3895067,281,27288060200,27288079600,1781307006450-0
concurrency_n20_20260613_002920_redis_feed11_rep1,redis,sb:events:n20:feed11:rep1,7bfa15b0-20b4-444d-b3a4-8e0d1d2d60ce,3895067,281,27290100500,27291042600,1781307006451-0
concurrency_n20_20260613_002920_redis_feed11_rep1,redis,sb:events:n20:feed11:rep1,513566a5-0596-433d-b838-5a0ecbbb6391,3895052,281,27293550800,27293576000,1781307006453-0
concurrency_n20_20260613_002920_redis_feed11_rep1,redis,sb:events:n20:feed11:rep1,5752b5a5-7543-4f2b-b691-05f80bfdfdb4,3895113,281,27294580600,27294602000,1781307006454-0
concurrency_n20_20260613_002920_redis_feed11_rep1,redis,sb:events:n20:feed11:rep1,deff4a58-2b46-4ee3-afb5-7beaa4e271cf,3895113,281,27297601700,27297628900,1781307006460-0
concurrency_n20_20260613_002920_redis_feed11_rep1,redis,sb:events:n20:feed11:rep1,f8ee9336-adc4-46ed-9a34-53bc427ca7dc,3895121,282,27303273500,27303294800,1781307006462-0
concurrency_n20_20260613_002920_redis_feed11_rep1,redis,sb:events:n20:feed11:rep1,c8d6e150-201e-40de-bbf2-56fb717bab49,3895121,282,27311665500,27311690100,1781307006463-0
concurrency_n20_20260613_002920_redis_feed11_rep1,redis,sb:events:n20:feed11:rep1,97b9f2ad-35c3-49e8-8e35-900be9cf79b3,3895074,282,27328880000,27328910500,1781307006472-0
concurrency_n20_20260613_002920_redis_feed11_rep1,redis,sb:events:n20:feed11:rep1,a44cbcbf-12ed-49a6-9d32-2c82422cb944,3895074,282,27335163700,27335185600,1781307006479-0
concurrency_n20_20260613_002920_redis_feed11_rep1,redis,sb:events:n20:feed11:rep1,9aaa2778-697e-4c11-82eb-8c57f2d4ec16,3895052,282,27336806800,27336831200,1781307006481-0
concurrency_n20_20260613_002920_redis_feed11_rep1,redis,sb:events:n20:feed11:rep1,1a72cf08-746a-4d2b-907f-05cc7a7e8f01,3895052,282,27350241600,27350297000,1781307006489-0
concurrency_n20_20260613_002920_redis_feed11_rep1,redis,sb:events:n20:feed11:rep1,315fc20d-7643-46e6-8d84-3cfb7816d4d4,3895107,282,27351430600,27351452200,1781307006492-0
concurrency_n20_20260613_002920_redis_feed11_rep1,redis,sb:events:n20:feed11:rep1,8c947879-4c6e-4acd-ac86-b132ac1078c3,3895107,282,27353421400,27353786500,1781307006500-0
concurrency_n20_20260613_002920_redis_feed11_rep1,redis,sb:events:n20:feed11:rep1,bd91d331-3fad-4773-b280-31b8e2669675,3895107,282,27361631100,27361657600,1781307006508-0
concurrency_n20_20260613_002920_redis_feed11_rep1,redis,sb:events:n20:feed11:rep1,2cd0c91a-68f3-4c69-b978-da4ecf01bde4,3895121,283,27364215000,27364240500,1781307006512-0
concurrency_n20_20260613_002920_redis_feed11_rep1,redis,sb:events:n20:feed11:rep1,3a3e5e21-de4e-4bd2-affa-64baa9598327,3895067,283,27368446000,27368467500,1781307006515-0
concurrency_n20_20260613_002920_redis_feed11_rep1,redis,sb:events:n20:feed11:rep1,3997464c-8bb8-48c4-ba87-2c3428361a16,3895052,283,27371765700,27371795900,1781307006524-0
concurrency_n20_20260613_002920_redis_feed11_rep1,redis,sb:events:n20:feed11:rep1,b7143e0f-b3b7-4e41-88e9-0813c82c834f,3895107,283,27374869700,27374979300,1781307006528-0
concurrency_n20_20260613_002920_redis_feed11_rep1,redis,sb:events:n20:feed11:rep1,52174727-508f-4236-b78d-96aacfb5d310,3895107,283,27375813700,27375834300,1781307006530-0
concurrency_n20_20260613_002920_redis_feed11_rep1,redis,sb:events:n20:feed11:rep1,e94e2b5f-2092-418d-adb7-2a6f17b89379,3895060,284,27377987800,27378007500,1781307006533-0
concurrency_n20_20260613_002920_redis_feed11_rep1,redis,sb:events:n20:feed11:rep1,d713fc77-ffb3-4552-97d8-219bc743bbbd,3895121,284,27380913000,27380936500,1781307006534-0
concurrency_n20_20260613_002920_redis_feed11_rep1,redis,sb:events:n20:feed11:rep1,368713b6-97c5-443c-9fd1-4afb44a00723,3895121,284,27385531500,27385555400,1781307006535-0
concurrency_n20_20260613_002920_redis_feed11_rep1,redis,sb:events:n20:feed11:rep1,cad4a11b-995b-4d03-a3f1-02007a646905,3895121,284,27387748800,27387776200,1781307006543-0
concurrency_n20_20260613_002920_redis_feed11_rep1,redis,sb:events:n20:feed11:rep1,508812af-8f6e-40e5-b3ed-7b2d494bc38d,3895067,284,27388602100,27388619800,1781307006546-0
concurrency_n20_20260613_002920_redis_feed11_rep1,redis,sb:events:n20:feed11:rep1,e1c51bfa-af34-42e9-9204-05fbadc7713b,3895067,284,27389479700,27389496100,1781307006547-0
concurrency_n20_20260613_002920_redis_feed11_rep1,redis,sb:events:n20:feed11:rep1,3cf8259d-cc18-447f-a465-d72dc70c4da2,3895113,284,27406370200,27406399600,1781307006554-0
concurrency_n20_20260613_002920_redis_feed11_rep1,redis,sb:events:n20:feed11:rep1,53051d4a-9f6c-484d-8b94-e11b91a1776b,3895052,284,27408225400,27408257200,1781307006566-0
concurrency_n20_20260613_002920_redis_feed11_rep1,redis,sb:events:n20:feed11:rep1,d0e24332-4557-4964-a5c1-deeac13c4cbe,3895052,284,27416407900,27416431700,1781307006579-0
concurrency_n20_20260613_002920_redis_feed11_rep1,redis,sb:events:n20:feed11:rep1,568df90e-0d23-44bf-8c96-729a611c51c4,3895107,284,27430718900,27430745200,1781307006582-0
concurrency_n20_20260613_002920_redis_feed11_rep1,redis,sb:events:n20:feed11:rep1,e0b1d442-0d16-4a88-9444-333968dc8cea,3895107,284,27433087000,27433112700,1781307006585-0
concurrency_n20_20260613_002920_redis_feed11_rep1,redis,sb:events:n20:feed11:rep1,b6be47be-1e4f-45ae-8cd1-cdd58669ebe7,3895121,285,27435263600,27435282100,1781307006594-0
concurrency_n20_20260613_002920_redis_feed11_rep1,redis,sb:events:n20:feed11:rep1,016e5e03-8ae5-443c-8aa6-10076b5ed010,3895121,285,27436068100,27436093100,1781307006596-0
concurrency_n20_20260613_002920_redis_feed11_rep1,redis,sb:events:n20:feed11:rep1,d93ea45f-d401-4624-9c71-e74e636938ed,3895052,285,27443786800,27443812900,1781307006598-0
concurrency_n20_20260613_002920_redis_feed11_rep1,redis,sb:events:n20:feed11:rep1,3f9279c0-50e8-46e7-985d-3085893e0dd2,3895060,286,27478765600,27478795200,1781307006607-0
concurrency_n20_20260613_002920_redis_feed11_rep1,redis,sb:events:n20:feed11:rep1,dceab60f-ca34-4ec5-a4cf-4425124f24fe,3895060,286,27491880200,27491908500,1781307006631-0
concurrency_n20_20260613_002920_redis_feed11_rep1,redis,sb:events:n20:feed11:rep1,b9ea5a4c-9efb-498e-b63f-87006c8d0afe,3895060,286,27497123100,27497153300,1781307006634-0
concurrency_n20_20260613_002920_redis_feed11_rep1,redis,sb:events:n20:feed11:rep1,9d0d68a1-257a-4c76-91c7-393de106a90d,3895074,286,27498254800,27498276800,1781307006637-0
concurrency_n20_20260613_002920_redis_feed11_rep1,redis,sb:events:n20:feed11:rep1,ccece201-2ec8-4dc7-9ef2-19e1b53d4854,3895074,286,27504745400,27504776800,1781307006648-0
concurrency_n20_20260613_002920_redis_feed11_rep1,redis,sb:events:n20:feed11:rep1,7c912e6e-a49b-415b-9144-a410923bdea1,3895067,286,27506224800,27506248600,1781307006656-0
concurrency_n20_20260613_002920_redis_feed11_rep1,redis,sb:events:n20:feed11:rep1,0472c1db-c54a-4459-b1aa-3092003b314d,3895060,287,27507294400,27507317100,1781307006663-0
concurrency_n20_20260613_002920_redis_feed11_rep1,redis,sb:events:n20:feed11:rep1,c491e4ae-72ac-4df5-a9f7-e605733e9c90,3895060,287,27508050600,27508067200,1781307006664-0
concurrency_n20_20260613_002920_redis_feed11_rep1,redis,sb:events:n20:feed11:rep1,2210e28b-c847-4bd8-8a4e-28153c51246f,3895121,287,27515994600,27516022700,1781307006665-0
concurrency_n20_20260613_002920_redis_feed11_rep1,redis,sb:events:n20:feed11:rep1,4f24880f-c5f9-44fc-8b94-2fd3585ae7aa,3895074,287,27517260300,27517289000,1781307006666-0
concurrency_n20_20260613_002920_redis_feed11_rep1,redis,sb:events:n20:feed11:rep1,532f4b4e-4d00-441e-a152-7cef4ac7661f,3895074,287,27518389700,27518411300,1781307006674-0
concurrency_n20_20260613_002920_redis_feed11_rep1,redis,sb:events:n20:feed11:rep1,3dee3e7a-bb98-48d5-b17d-f2453d85da21,3895052,287,27522417600,27522446800,1781307006675-0
concurrency_n20_20260613_002920_redis_feed11_rep1,redis,sb:events:n20:feed11:rep1,436f8b9d-e733-48dd-95af-6c666d943323,3895052,287,27526504700,27526531600,1781307006678-0
concurrency_n20_20260613_002920_redis_feed11_rep1,redis,sb:events:n20:feed11:rep1,37e539f8-e57d-400e-a028-1b737a77d139,3895052,287,27528958400,27528982800,1781307006681-0
concurrency_n20_20260613_002920_redis_feed11_rep1,redis,sb:events:n20:feed11:rep1,2af57b69-0d8c-4f5a-abda-b91069e7ba3c,3895121,288,27530020100,27530075100,1781307006685-0
concurrency_n20_20260613_002920_redis_feed11_rep1,redis,sb:events:n20:feed11:rep1,2883749a-85e0-4460-9c58-23a96957cd78,3895121,288,27530965000,27530983100,1781307006687-0
concurrency_n20_20260613_002920_redis_feed11_rep1,redis,sb:events:n20:feed11:rep1,074468e7-3de4-4ccd-97aa-08a191a38d7c,3895074,288,27536027300,27536056500,1781307006689-0
concurrency_n20_20260613_002920_redis_feed11_rep1,redis,sb:events:n20:feed11:rep1,5e05380b-6d8d-4bc9-b533-d416873c7628,3895067,288,27537205700,27537224400,1781307006690-0
concurrency_n20_20260613_002920_redis_feed11_rep1,redis,sb:events:n20:feed11:rep1,30ad9869-ce4f-4108-ad24-a561d3ad2bac,3895067,288,27538021400,27538039300,1781307006691-0
concurrency_n20_20260613_002920_redis_feed11_rep1,redis,sb:events:n20:feed11:rep1,5bb93865-ae8c-4c29-a356-0cac3669e69f,3895067,288,27539922100,27539952600,1781307006695-0
concurrency_n20_20260613_002920_redis_feed11_rep1,redis,sb:events:n20:feed11:rep1,78641a7b-ee1e-4f5b-9bc6-9920fa278f65,3895113,288,27540918800,27540955400,1781307006696-0
concurrency_n20_20260613_002920_redis_feed11_rep1,redis,sb:events:n20:feed11:rep1,fcce792b-4e1d-49f6-a796-010f392c1c5e,3895113,288,27542930300,27543013700,1781307006701-0
concurrency_n20_20260613_002920_redis_feed11_rep1,redis,sb:events:n20:feed11:rep1,97030666-e6be-4b0d-9985-c0ac4f819aa6,3895113,288,27544911300,27544930800,1781307006702-0
concurrency_n20_20260613_002920_redis_feed11_rep1,redis,sb:events:n20:feed11:rep1,222733d1-fdb8-480b-9174-93e35fa3d92f,3895052,288,27550710600,27550923800,1781307006703-0
concurrency_n20_20260613_002920_redis_feed11_rep1,redis,sb:events:n20:feed11:rep1,c350d38a-9b8c-416a-8181-4da8385d50eb,3895052,288,27553933300,27553972000,1781307006705-0
concurrency_n20_20260613_002920_redis_feed11_rep1,redis,sb:events:n20:feed11:rep1,855459c3-9793-49f9-b7cc-33b4ef505e76,3895074,289,27555878600,27555904500,1781307006706-0
concurrency_n20_20260613_002920_redis_feed11_rep1,redis,sb:events:n20:feed11:rep1,c619a0ab-94f8-4132-bc6f-b69bbe7c6258,3895074,289,27559838100,27559870800,1781307006709-0
concurrency_n20_20260613_002920_redis_feed11_rep1,redis,sb:events:n20:feed11:rep1,0deb3949-e376-4bb3-bf42-292241af1fc3,3895067,289,27561107300,27561132200,1781307006711-0
concurrency_n20_20260613_002920_redis_feed11_rep1,redis,sb:events:n20:feed11:rep1,e13bb720-cac7-4b4e-9043-8ff568dc9ea4,3895067,289,27563388900,27563449700,1781307006713-0
concurrency_n20_20260613_002920_redis_feed11_rep1,redis,sb:events:n20:feed11:rep1,b1819484-a737-4005-a078-fbc16d00a218,3895067,289,27564153300,27564174800,1781307006715-0
concurrency_n20_20260613_002920_redis_feed11_rep1,redis,sb:events:n20:feed11:rep1,14b99c89-208b-4afc-9b06-de307f4fa529,3895067,289,27565331100,27565403600,1781307006721-0
concurrency_n20_20260613_002920_redis_feed11_rep1,redis,sb:events:n20:feed11:rep1,82d694c7-ace4-40f4-9782-79438b8bf697,3895113,289,27566546600,27566568000,1781307006723-0
concurrency_n20_20260613_002920_redis_feed11_rep1,redis,sb:events:n20:feed11:rep1,031a37dd-5216-44d4-8dd8-42b700368108,3895060,290,27568258300,27568284400,1781307006726-0
concurrency_n20_20260613_002920_redis_feed11_rep1,redis,sb:events:n20:feed11:rep1,62294c7e-65a0-454c-883c-b34b8504902b,3895060,290,27570984600,27571007600,1781307006727-0
concurrency_n20_20260613_002920_redis_feed11_rep1,redis,sb:events:n20:feed11:rep1,8d94172c-d061-4ef2-a3c2-7177b47b99bc,3895060,290,27571742900,27571765600,1781307006729-0
concurrency_n20_20260613_002920_redis_feed11_rep1,redis,sb:events:n20:feed11:rep1,668cd208-f691-4bba-9f3c-0a14df0c9b0c,3895060,290,27573492400,27573513900,1781307006737-0
concurrency_n20_20260613_002920_redis_feed11_rep1,redis,sb:events:n20:feed11:rep1,36fc975f-e79c-470b-8e57-cd853ad49237,3895060,290,27579093700,27579124700,1781307006738-0
concurrency_n20_20260613_002920_redis_feed11_rep1,redis,sb:events:n20:feed11:rep1,1ac55428-9906-43e8-8174-3bda7a9fe6b1,3895060,290,27580884100,27580908300,1781307006739-0
concurrency_n20_20260613_002920_redis_feed11_rep1,redis,sb:events:n20:feed11:rep1,e6bbb505-91c2-4c10-9b72-8924f0839f52,3895060,290,27581656300,27581680300,1781307006742-0
concurrency_n20_20260613_002920_redis_feed11_rep1,redis,sb:events:n20:feed11:rep1,7a5563b0-2c03-4bc5-8402-b111508a5ee8,3895067,290,27584324500,27584376300,1781307006744-0
concurrency_n20_20260613_002920_redis_feed11_rep1,redis,sb:events:n20:feed11:rep1,ead8a0b1-660f-4b45-874d-ead74ba1bb2b,3895052,290,27587147600,27587173900,1781307006748-0
concurrency_n20_20260613_002920_redis_feed11_rep1,redis,sb:events:n20:feed11:rep1,ff64ee0b-91ec-4b8b-9633-9aeb1991bf79,3895060,291,27588349800,27588375900,1781307006749-0
concurrency_n20_20260613_002920_redis_feed11_rep1,redis,sb:events:n20:feed11:rep1,39540963-f69a-404f-ae7d-01584d355d07,3895060,291,27589250800,27589271800,1781307006750-0
concurrency_n20_20260613_002920_redis_feed11_rep1,redis,sb:events:n20:feed11:rep1,c5070639-4fab-4769-80a0-bae3f5d81ba1,3895060,291,27591894900,27591921700,1781307006752-0
concurrency_n20_20260613_002920_redis_feed11_rep1,redis,sb:events:n20:feed11:rep1,2b946c2d-338e-465e-bdd9-a05718d6d00f,3895067,291,27594407200,27594523800,1781307006753-0
concurrency_n20_20260613_002920_redis_feed11_rep1,redis,sb:events:n20:feed11:rep1,f9637bde-65d5-4f7f-8fd0-8db01ac15608,3895067,291,27595541300,27595596600,1781307006755-0
concurrency_n20_20260613_002920_redis_feed11_rep1,redis,sb:events:n20:feed11:rep1,a799e186-36fe-4c38-b13a-9a5ee115a7bd,3895113,291,27597315500,27597336800,1781307006757-0
concurrency_n20_20260613_002920_redis_feed11_rep1,redis,sb:events:n20:feed11:rep1,8f4296e3-f01f-4788-aadd-fb2a55cac976,3895113,291,27597932900,27597952900,1781307006759-0
concurrency_n20_20260613_002920_redis_feed11_rep1,redis,sb:events:n20:feed11:rep1,373ac539-8011-4af6-bd85-41faa59db919,3895060,292,27599132500,27599156300,1781307006760-0
concurrency_n20_20260613_002920_redis_feed11_rep1,redis,sb:events:n20:feed11:rep1,20baa747-3493-4b7a-8a4a-eb66bb12360f,3895060,292,27600411100,27600434200,1781307006761-0
concurrency_n20_20260613_002920_redis_feed11_rep1,redis,sb:events:n20:feed11:rep1,923c3edc-3b42-4e65-a104-9938fea3f27b,3895121,292,27602508600,27602534200,1781307006764-0
concurrency_n20_20260613_002920_redis_feed11_rep1,redis,sb:events:n20:feed11:rep1,e863797e-ee51-4760-bd0c-d7fc8e239489,3895074,292,27605134800,27605153200,1781307006766-0
concurrency_n20_20260613_002920_redis_feed11_rep1,redis,sb:events:n20:feed11:rep1,f45e9e2d-7246-4c70-a5ee-da73a09d6003,3895067,292,27607230300,27607271800,1781307006768-0
concurrency_n20_20260613_002920_redis_feed11_rep1,redis,sb:events:n20:feed11:rep1,1ce34b94-abf5-4f2e-9b44-3e00cc340a28,3895052,292,27609652300,27609672600,1781307006770-0
concurrency_n20_20260613_002920_redis_feed11_rep1,redis,sb:events:n20:feed11:rep1,13188bbf-d36c-48e5-9b3e-47562b47ee30,3895052,292,27611333800,27611359500,1781307006771-0
concurrency_n20_20260613_002920_redis_feed11_rep1,redis,sb:events:n20:feed11:rep1,3a8d3305-f836-456d-9769-c9bd5457e10c,3895060,293,27614709500,27614862900,1781307006772-0
concurrency_n20_20260613_002920_redis_feed11_rep1,redis,sb:events:n20:feed11:rep1,0986d2ef-edb7-4b75-8010-836d6fceef2b,3895121,293,27619505800,27619540400,1781307006774-0
concurrency_n20_20260613_002920_redis_feed11_rep1,redis,sb:events:n20:feed11:rep1,f4bc9db2-bc67-451c-85c4-1482da8a97b3,3895067,293,27620802200,27620842700,1781307006776-0
concurrency_n20_20260613_002920_redis_feed11_rep1,redis,sb:events:n20:feed11:rep1,67ed9ebe-0206-4bb7-b0c5-e741aba9899a,3895067,293,27623260600,27623285300,1781307006777-0
concurrency_n20_20260613_002920_redis_feed11_rep1,redis,sb:events:n20:feed11:rep1,1aae39c4-96e4-48e0-9c29-231834224a3f,3895095,294,27624231600,27624249700,1781307006779-0
concurrency_n20_20260613_002920_redis_feed11_rep1,redis,sb:events:n20:feed11:rep1,cb19df7e-ca27-4be0-b413-19669292f459,3895121,294,27625497200,27625586100,1781307006780-0
concurrency_n20_20260613_002920_redis_feed11_rep1,redis,sb:events:n20:feed11:rep1,0d57616a-2f85-478d-8de1-ea0b8b67b105,3895121,294,27627957600,27627978300,1781307006781-0
concurrency_n20_20260613_002920_redis_feed11_rep1,redis,sb:events:n20:feed11:rep1,4971ad38-8e39-4aa9-9821-6ee3099297b8,3895121,294,27628951100,27628972600,1781307006783-0
concurrency_n20_20260613_002920_redis_feed11_rep1,redis,sb:events:n20:feed11:rep1,07f2ae82-090e-472c-b2e1-a2d650cab5b3,3895074,294,27630212700,27630234100,1781307006787-0
concurrency_n20_20260613_002920_redis_feed11_rep1,redis,sb:events:n20:feed11:rep1,c7b89f32-85b9-4313-988d-29c1bd5e9457,3895074,294,27631748100,27631772900,1781307006788-0
concurrency_n20_20260613_002920_redis_feed11_rep1,redis,sb:events:n20:feed11:rep1,2cb73fd8-9c3f-471d-80d9-ead557fb7487,3895121,295,27633110200,27633131600,1781307006790-0
concurrency_n20_20260613_002920_redis_feed11_rep1,redis,sb:events:n20:feed11:rep1,05dea85d-8834-45d4-b28d-20542902d49c,3895074,295,27635635900,27635659200,1781307006794-0
concurrency_n20_20260613_002920_redis_feed11_rep1,redis,sb:events:n20:feed11:rep1,6c252943-c328-4a1c-93f1-b362b2f70c00,3895052,295,27637306500,27637336800,1781307006795-0
concurrency_n20_20260613_002920_redis_feed11_rep1,redis,sb:events:n20:feed11:rep1,ae5ecdf4-846f-4b41-a02d-6132a5440563,3895095,296,27639090500,27639123400,1781307006796-0
concurrency_n20_20260613_002920_redis_feed11_rep1,redis,sb:events:n20:feed11:rep1,6a6800b7-ef80-4060-9fbc-c74e853d039c,3895095,296,27652512700,27652560400,1781307006797-0
concurrency_n20_20260613_002920_redis_feed11_rep1,redis,sb:events:n20:feed11:rep1,5e632e41-4df9-4c0c-b570-a5134bd09a32,3895060,296,27655885700,27655907800,1781307006802-0
concurrency_n20_20260613_002920_redis_feed11_rep1,redis,sb:events:n20:feed11:rep1,bde8cd33-f116-41c3-a89e-cc8af20f3fa8,3895074,296,27660864400,27660890300,1781307006815-0
concurrency_n20_20260613_002920_redis_feed11_rep1,redis,sb:events:n20:feed11:rep1,95c2714f-7d33-4004-b5c7-bafe998115e9,3895074,296,27662819900,27662839300,1781307006823-0
concurrency_n20_20260613_002920_redis_feed11_rep1,redis,sb:events:n20:feed11:rep1,2b5fcfd5-b13d-4730-8cee-7fd1d0eae227,3895052,296,27672285500,27672314100,1781307006824-0
concurrency_n20_20260613_002920_redis_feed11_rep1,redis,sb:events:n20:feed11:rep1,0f494371-1412-4a1d-9500-8b0ec603ef04,3895052,296,27675318900,27675343400,1781307006825-0
concurrency_n20_20260613_002920_redis_feed11_rep1,redis,sb:events:n20:feed11:rep1,4eface8a-4a6d-4583-a477-33e09413d486,3895060,297,27695020600,27695047200,1781307006827-0
concurrency_n20_20260613_002920_redis_feed11_rep1,redis,sb:events:n20:feed11:rep1,74aedab1-2ee4-4b47-b5a7-b52071217d25,3895060,297,27699834700,27699859100,1781307006838-0
concurrency_n20_20260613_002920_redis_feed11_rep1,redis,sb:events:n20:feed11:rep1,fb951a65-69c4-43f5-803e-77154362d4cd,3895060,297,27704025600,27704056100,1781307006842-0
concurrency_n20_20260613_002920_redis_feed11_rep1,redis,sb:events:n20:feed11:rep1,82ae78e4-2353-4812-8531-bac4e5d45a62,3895067,297,27706846400,27706887200,1781307006858-0
concurrency_n20_20260613_002920_redis_feed11_rep1,redis,sb:events:n20:feed11:rep1,5d079eea-163c-44b1-b879-610f17e4913b,3895113,297,27710950400,27710978200,1781307006868-0
concurrency_n20_20260613_002920_redis_feed11_rep1,redis,sb:events:n20:feed11:rep1,77d3e3a4-500d-472f-bb4c-9d2c4bdf1415,3895052,297,27711918600,27711949400,1781307006870-0
concurrency_n20_20260613_002920_redis_feed11_rep1,redis,sb:events:n20:feed11:rep1,8d451769-761b-4aa2-bd80-0b5222f042bb,3895095,298,27713973900,27714004900,1781307006872-0
concurrency_n20_20260613_002920_redis_feed11_rep1,redis,sb:events:n20:feed11:rep1,00eab1c4-f988-4434-a555-faa7f132b766,3895095,298,27716666700,27716690100,1781307006877-0
concurrency_n20_20260613_002920_redis_feed11_rep1,redis,sb:events:n20:feed11:rep1,b9bcf81d-8f22-46e7-927b-f3204e669c97,3895095,298,27736487800,27736517700,1781307006878-0
concurrency_n20_20260613_002920_redis_feed11_rep1,redis,sb:events:n20:feed11:rep1,718aa7b3-74c2-476e-899a-8dae176314e2,3895060,298,27737644200,27737667900,1781307006897-0
concurrency_n20_20260613_002920_redis_feed11_rep1,redis,sb:events:n20:feed11:rep1,99e1e1f0-ebd2-4a65-95db-1b4a1aa15064,3895074,298,27738799700,27738822300,1781307006900-0
concurrency_n20_20260613_002920_redis_feed11_rep1,redis,sb:events:n20:feed11:rep1,8c65fc02-c93d-4f7d-9284-ddc9356593cf,3895067,298,27748753100,27748779400,1781307006902-0
concurrency_n20_20260613_002920_redis_feed11_rep1,redis,sb:events:n20:feed11:rep1,6add2fd9-3279-4cb8-ab0a-6abb395360b3,3895067,298,27749900400,27749923400,1781307006903-0
concurrency_n20_20260613_002920_redis_feed11_rep1,redis,sb:events:n20:feed11:rep1,656fdc64-4df3-45a5-b9f9-521c9b9051a4,3895113,298,27752365300,27752403700,1781307006908-0
concurrency_n20_20260613_002920_redis_feed11_rep1,redis,sb:events:n20:feed11:rep1,dd5373c8-4da2-45f8-9ebb-81e2ef709ea7,3895067,298,27753492700,27753518500,1781307006909-0
concurrency_n20_20260613_002920_redis_feed11_rep1,redis,sb:events:n20:feed11:rep1,64489658-e252-4571-ab52-d1d2b22755dc,3895113,298,27764012900,27764076800,1781307006911-0
concurrency_n20_20260613_002920_redis_feed11_rep1,redis,sb:events:n20:feed11:rep1,da6e321b-2781-4b97-b334-1e563ecebe3f,3895052,298,27765571200,27765596500,1781307006915-0
concurrency_n20_20260613_002920_redis_feed11_rep1,redis,sb:events:n20:feed11:rep1,97862e41-8162-462d-966c-20907bac6716,3895052,298,27768182100,27768205700,1781307006917-0
concurrency_n20_20260613_002920_redis_feed11_rep1,redis,sb:events:n20:feed11:rep1,537b9f6d-9f19-45bd-b1d3-f95cd1ed9cab,3895095,299,27769115000,27769139600,1781307006926-0
concurrency_n20_20260613_002920_redis_feed11_rep1,redis,sb:events:n20:feed11:rep1,06be9e5c-74f2-4cc2-bd53-0e5e2264e1f3,3895121,299,27770534100,27770555300,1781307006928-0
concurrency_n20_20260613_002920_redis_feed11_rep1,redis,sb:events:n20:feed11:rep1,7094fbf3-95f1-41b6-8ccb-585622239dd0,3895074,299,27776276600,27776303000,1781307006931-0
concurrency_n20_20260613_002920_redis_feed11_rep1,redis,sb:events:n20:feed11:rep1,f430ac1c-53ee-4623-8a53-59e387e15d09,3895074,299,27779682200,27779725000,1781307006932-0
concurrency_n20_20260613_002920_redis_feed11_rep1,redis,sb:events:n20:feed11:rep1,249c087a-57fd-4380-8163-b270ca216e68,3895074,299,27780705100,27780729800,1781307006938-0
concurrency_n20_20260613_002920_redis_feed11_rep1,redis,sb:events:n20:feed11:rep1,efafb7cf-dca9-4911-b0be-52eb4fa6a7ff,3895067,299,27781680400,27781702100,1781307006939-0
concurrency_n20_20260613_002920_redis_feed11_rep1,redis,sb:events:n20:feed11:rep1,5819712d-1202-4261-b09a-3c5a035d31c4,3895113,299,27783789800,27783815500,1781307006940-0
concurrency_n20_20260613_002920_redis_feed11_rep1,redis,sb:events:n20:feed11:rep1,aa74e2d6-5821-4d22-815b-f180bd50d595,3895067,299,27787388100,27787411000,1781307006947-0
concurrency_n20_20260613_002920_redis_feed11_rep1,redis,sb:events:n20:feed11:rep1,e8c6b47d-c8ce-4f5a-bce3-a4920939ebe7,3895113,299,27788178400,27788195900,1781307006948-0
concurrency_n20_20260613_002920_redis_feed11_rep1,redis,sb:events:n20:feed11:rep1,dc30c04b-62a8-4004-8fe6-24d22811d7b7,3895113,299,27789065100,27789082400,1781307006950-0
concurrency_n20_20260613_002920_redis_feed11_rep1,redis,sb:events:n20:feed11:rep1,2134c16a-89a6-4c8f-bcc3-95339ff6ee8c,3895052,299,27792922400,27792941700,1781307006954-0
concurrency_n20_20260613_002920_redis_feed11_rep1,redis,sb:events:n20:feed11:rep1,7cd7ca7c-1a6f-4462-a3d7-807dee884e86,3895052,299,27795683500,27795703900,1781307006956-0
concurrency_n20_20260613_002920_redis_feed11_rep1,redis,sb:events:n20:feed11:rep1,a51e1b30-3f66-4cb6-aa08-611959cf6adc,3895060,300,27796514200,27796532100,1781307006957-0
concurrency_n20_20260613_002920_redis_feed11_rep1,redis,sb:events:n20:feed11:rep1,ceafaebf-d3ac-4908-a79a-f59d2e88ad4c,3895060,300,27797348900,27797470000,1781307006959-0
concurrency_n20_20260613_002920_redis_feed11_rep1,redis,sb:events:n20:feed11:rep1,87409ec8-1ff0-4642-b767-d9a46f5ce73e,3895121,300,27802698500,27802740800,1781307006960-0
concurrency_n20_20260613_002920_redis_feed11_rep1,redis,sb:events:n20:feed11:rep1,fac41051-b41b-4225-96c2-c7bf36a1207f,3895067,300,27804343800,27804367300,1781307006962-0
concurrency_n20_20260613_002920_redis_feed11_rep1,redis,sb:events:n20:feed11:rep1,afc49b5c-9965-4b69-8368-80f1cc87a50f,3895067,300,27806635200,27806661000,1781307006965-0
concurrency_n20_20260613_002920_redis_feed11_rep1,redis,sb:events:n20:feed11:rep1,b96f1f4a-8655-463f-ba71-5f18276acc6a,3895113,300,27807626700,27807649300,1781307006967-0
concurrency_n20_20260613_002920_redis_feed11_rep1,redis,sb:events:n20:feed11:rep1,8108d6ee-d747-46a2-877f-ce8d6bd7f451,3895113,300,27811471900,27811494500,1781307006970-0
concurrency_n20_20260613_002920_redis_feed11_rep1,redis,sb:events:n20:feed11:rep1,9558bdd0-94c9-4cb5-8a73-ffa3172737ec,3895113,300,27812982200,27813013300,1781307006973-0
concurrency_n20_20260613_002920_redis_feed11_rep1,redis,sb:events:n20:feed11:rep1,eb4e9b3c-8691-4e5b-a98b-bbf020338c86,3895113,301,27814375300,27814400200,1781307006974-0
concurrency_n20_20260613_002920_redis_feed11_rep1,redis,sb:events:n20:feed11:rep1,7de44808-f2d7-4e70-867e-3e80d4d3ac44,3895052,301,27815983900,27816023400,1781307006977-0
concurrency_n20_20260613_002920_redis_feed11_rep1,redis,sb:events:n20:feed11:rep1,3aa52e8d-cde4-41cf-a8df-9cec290542e0,3895086,301,27825681600,27825713100,1781307006979-0
concurrency_n20_20260613_002920_redis_feed11_rep1,redis,sb:events:n20:feed11:rep1,7dd1d933-8e69-45a8-92b1-d4769bca669d,3895095,302,27832870000,27832892900,1781307006980-0
concurrency_n20_20260613_002920_redis_feed11_rep1,redis,sb:events:n20:feed11:rep1,b8e73548-07dd-497a-9304-4808ae894b6e,3895095,302,27836675800,27836703400,1781307006988-0
concurrency_n20_20260613_002920_redis_feed11_rep1,redis,sb:events:n20:feed11:rep1,c7283f15-0bb0-4647-ae69-794ab9cc5519,3895060,302,27853300300,27853338500,1781307006995-0
concurrency_n20_20260613_002920_redis_feed11_rep1,redis,sb:events:n20:feed11:rep1,6d7577e3-98ad-4f4e-a818-a5fc53eb32f2,3895074,302,27870141200,27870166500,1781307007001-0
concurrency_n20_20260613_002920_redis_feed11_rep1,redis,sb:events:n20:feed11:rep1,0037af2f-1a36-4f81-a0cf-58e64700f6de,3895067,302,27871328500,27871352300,1781307007018-0
concurrency_n20_20260613_002920_redis_feed11_rep1,redis,sb:events:n20:feed11:rep1,df961d90-fc03-4f0b-8772-a1b9ef05ab58,3895113,302,27875513300,27875536800,1781307007028-0
concurrency_n20_20260613_002920_redis_feed11_rep1,redis,sb:events:n20:feed11:rep1,dfb18a12-cd4c-467a-98ac-b9d0c4ba74f7,3895113,302,27889704300,27889739400,1781307007032-0
concurrency_n20_20260613_002920_redis_feed11_rep1,redis,sb:events:n20:feed11:rep1,060e3a55-03f6-479f-b489-4c652141074f,3895113,302,27892092600,27892116700,1781307007038-0
concurrency_n20_20260613_002920_redis_feed11_rep1,redis,sb:events:n20:feed11:rep1,83eea9c1-06df-47e7-8331-e4ea00bcd5b7,3895052,302,27893658900,27893684900,1781307007051-0
concurrency_n20_20260613_002920_redis_feed11_rep1,redis,sb:events:n20:feed11:rep1,cabe7a89-5bbb-4aff-b7e9-04be4291461c,3895052,302,27899270700,27899295700,1781307007055-0
concurrency_n20_20260613_002920_redis_feed11_rep1,redis,sb:events:n20:feed11:rep1,db033c3c-c5f2-4c87-b560-27eb9759a6a2,3895052,302,27911231300,27911272400,1781307007056-0
concurrency_n20_20260613_002920_redis_feed11_rep1,redis,sb:events:n20:feed11:rep1,f9d09c0a-2818-4faf-ba9d-4b0bec1414bc,3895052,302,27915136600,27915168300,1781307007058-0
concurrency_n20_20260613_002920_redis_feed11_rep1,redis,sb:events:n20:feed11:rep1,575fd3db-8c8d-4fa2-8f8d-89fd4c0c857c,3895060,303,27917213600,27917239400,1781307007064-0
concurrency_n20_20260613_002920_redis_feed11_rep1,redis,sb:events:n20:feed11:rep1,8019e093-194a-45f9-b023-b71b55ca31af,3895060,303,27921293800,27921324800,1781307007070-0
concurrency_n20_20260613_002920_redis_feed11_rep1,redis,sb:events:n20:feed11:rep1,db1df0d6-2710-4cd6-9680-3be33c6da982,3895067,303,27922607000,27922630600,1781307007078-0
concurrency_n20_20260613_002920_redis_feed11_rep1,redis,sb:events:n20:feed11:rep1,b16ae0ab-32ca-4054-a821-7ee170618cca,3895067,303,27927152700,27927177100,1781307007084-0
concurrency_n20_20260613_002920_redis_feed11_rep1,redis,sb:events:n20:feed11:rep1,a0c8ca9b-ff31-4ce7-ba5f-69ec864bbcfb,3895067,303,27928266700,27928288900,1781307007086-0
concurrency_n20_20260613_002920_redis_feed11_rep1,redis,sb:events:n20:feed11:rep1,102d700f-edb6-4450-9564-f9357198e84f,3895086,303,27934288400,27934317800,1781307007087-0
concurrency_n20_20260613_002920_redis_feed11_rep1,redis,sb:events:n20:feed11:rep1,b2040ece-5bfc-40ba-9dc3-280d14f09e05,3895086,303,27935192300,27935216700,1781307007090-0
concurrency_n20_20260613_002920_redis_feed11_rep1,redis,sb:events:n20:feed11:rep1,718fce06-ce88-4acb-bb98-58dc617a96c8,3895086,303,27937956500,27937979000,1781307007096-0
concurrency_n20_20260613_002920_redis_feed11_rep1,redis,sb:events:n20:feed11:rep1,915b16b5-48ce-4314-8502-7f45b4386917,3895060,304,27954056400,27954137500,1781307007097-0
concurrency_n20_20260613_002920_redis_feed11_rep1,redis,sb:events:n20:feed11:rep1,b2d9f8ab-85c0-41b1-8326-ff74fc3e165b,3895074,304,27961111000,27961148500,1781307007101-0
concurrency_n20_20260613_002920_redis_feed11_rep1,redis,sb:events:n20:feed11:rep1,3c7d1ab8-3ffc-461e-ad62-0aa4126f896b,3895074,304,27969647500,27969678600,1781307007110-0
concurrency_n20_20260613_002920_redis_feed11_rep1,redis,sb:events:n20:feed11:rep1,386e6305-4872-4f18-b622-d4339d7905c4,3895134,304,27970351400,27970396100,1781307007120-0
concurrency_n20_20260613_002920_redis_feed11_rep1,redis,sb:events:n20:feed11:rep1,36ec1e91-9ed7-4dbb-9543-9454e8745816,3895134,304,27971205200,27971223900,1781307007129-0
concurrency_n20_20260613_002920_redis_feed11_rep1,redis,sb:events:n20:feed11:rep1,4420a63c-a82e-4492-9a2e-153f57eb246b,3895067,304,27978646700,27978669900,1781307007136-0
concurrency_n20_20260613_002920_redis_feed11_rep1,redis,sb:events:n20:feed11:rep1,cd0849a2-1147-4614-a938-c73111f1e2eb,3895067,304,27980008200,27980045600,1781307007137-0
concurrency_n20_20260613_002920_redis_feed11_rep1,redis,sb:events:n20:feed11:rep1,0c35dc03-4034-4ca2-943b-4d2eb061e176,3895113,304,27981973900,27981992000,1781307007145-0
concurrency_n20_20260613_002920_redis_feed11_rep1,redis,sb:events:n20:feed11:rep1,e4264198-f510-4662-9058-7ab621a69ec3,3895113,304,27988411100,27988471700,1781307007147-0
concurrency_n20_20260613_002920_redis_feed11_rep1,redis,sb:events:n20:feed11:rep1,9b5cf4b2-0c74-43f0-b877-34990738da3e,3895052,304,27989856600,27989878000,1781307007149-0
concurrency_n20_20260613_002920_redis_feed11_rep1,redis,sb:events:n20:feed11:rep1,78d1e41b-f432-43f2-ae5d-7b0ddab9036f,3895086,304,27990928300,27990951400,1781307007153-0
concurrency_n20_20260613_002920_redis_feed11_rep1,redis,sb:events:n20:feed11:rep1,bb89db40-cc3f-4041-bb40-f2dd98ec5ef4,3895086,304,27992730800,27992749200,1781307007154-0
concurrency_n20_20260613_002920_redis_feed11_rep1,redis,sb:events:n20:feed11:rep1,0155141d-8b85-42dd-a480-4565866fc2e7,3895086,304,27993730500,27993752300,1781307007156-0
concurrency_n20_20260613_002920_redis_feed11_rep1,redis,sb:events:n20:feed11:rep1,b494532b-97ac-40df-a52c-53124e07e5d8,3895086,304,27998392800,27998422000,1781307007159-0
concurrency_n20_20260613_002920_redis_feed11_rep1,redis,sb:events:n20:feed11:rep1,7395219c-f7a8-4a4d-a6c7-06691e49f44d,3895074,305,28001188300,28001281900,1781307007161-0
concurrency_n20_20260613_002920_redis_feed11_rep1,redis,sb:events:n20:feed11:rep1,19d7984e-5557-4c9e-8e8d-82a79562a873,3895074,305,28006872900,28006920800,1781307007165-0
concurrency_n20_20260613_002920_redis_feed11_rep1,redis,sb:events:n20:feed11:rep1,51e28d97-f246-4253-9def-429310671f5f,3895134,305,28008694400,28008717100,1781307007169-0
concurrency_n20_20260613_002920_redis_feed11_rep1,redis,sb:events:n20:feed11:rep1,1c188c3d-1e4c-4e07-9789-5f0b097ad893,3895134,305,28013057000,28013086100,1781307007170-0
concurrency_n20_20260613_002920_redis_feed11_rep1,redis,sb:events:n20:feed11:rep1,d5f0e59a-1f5d-4984-af27-e8b16ead1847,3895134,305,28014254900,28014277300,1781307007173-0
concurrency_n20_20260613_002920_redis_feed11_rep1,redis,sb:events:n20:feed11:rep1,8ad96758-6bc9-4271-8b8a-683024fe4fde,3895113,305,28016026700,28016060400,1781307007177-0
concurrency_n20_20260613_002920_redis_feed11_rep1,redis,sb:events:n20:feed11:rep1,a2f6a8b6-bfd0-4f00-b481-c4a141869ef7,3895086,305,28024454200,28024481400,1781307007178-0
concurrency_n20_20260613_002920_redis_feed11_rep1,redis,sb:events:n20:feed11:rep1,14753394-c9b4-43da-b362-aa324a935c2c,3895060,306,28025934500,28025959800,1781307007180-0
concurrency_n20_20260613_002920_redis_feed11_rep1,redis,sb:events:n20:feed11:rep1,0cea65f8-6851-4a87-b894-ed4b6cc9f3a7,3895060,306,28031924100,28031947200,1781307007188-0
concurrency_n20_20260613_002920_redis_feed11_rep1,redis,sb:events:n20:feed11:rep1,6cbaa479-a9b0-4023-9cd4-8e833f4c37f8,3895134,306,28035174900,28035200700,1781307007190-0
concurrency_n20_20260613_002920_redis_feed11_rep1,redis,sb:events:n20:feed11:rep1,fed1fed7-f300-4f72-8bf9-84b8c04b534c,3895134,306,28036146700,28036166400,1781307007192-0
concurrency_n20_20260613_002920_redis_feed11_rep1,redis,sb:events:n20:feed11:rep1,23fc05dc-8610-4cea-b081-8c677ec5eb8e,3895067,306,28037990300,28038015900,1781307007195-0
concurrency_n20_20260613_002920_redis_feed11_rep1,redis,sb:events:n20:feed11:rep1,7d705d8e-510f-4254-99aa-b8ae3983f183,3895113,306,28041313100,28041423100,1781307007199-0
concurrency_n20_20260613_002920_redis_feed11_rep1,redis,sb:events:n20:feed11:rep1,f1467b99-9da9-46d2-ac75-690a3e4e6022,3895113,306,28044780600,28044805400,1781307007200-0
concurrency_n20_20260613_002920_redis_feed11_rep1,redis,sb:events:n20:feed11:rep1,5f9c2b45-e34b-4485-9f9c-c04f7a6a8141,3895113,306,28046761200,28046782700,1781307007202-0
concurrency_n20_20260613_002920_redis_feed11_rep1,redis,sb:events:n20:feed11:rep1,a79fae77-027f-4626-bd9a-43a8da911cc9,3895113,306,28049952900,28049979400,1781307007208-0
concurrency_n20_20260613_002920_redis_feed11_rep1,redis,sb:events:n20:feed11:rep1,b9d922e7-926b-4ab4-883f-14bef294f95a,3895095,307,28067254300,28067284200,1781307007210-0
concurrency_n20_20260613_002920_redis_feed11_rep1,redis,sb:events:n20:feed11:rep1,9782329a-4987-4ed6-b83e-789650c72f3f,3895060,307,28068634600,28068668900,1781307007214-0
concurrency_n20_20260613_002920_redis_feed11_rep1,redis,sb:events:n20:feed11:rep1,140e2782-5931-4f7f-b4b3-d8992cc0894d,3895113,307,28079277400,28079310400,1781307007216-0
concurrency_n20_20260613_002920_redis_feed11_rep1,redis,sb:events:n20:feed11:rep1,84201b0f-e559-4c49-8c72-b2ca95dd03b4,3895113,307,28081373700,28081398100,1781307007217-0
concurrency_n20_20260613_002920_redis_feed11_rep1,redis,sb:events:n20:feed11:rep1,4367de93-46a3-4051-9a03-c6091645b426,3895113,307,28083484400,28083512500,1781307007230-0
concurrency_n20_20260613_002920_redis_feed11_rep1,redis,sb:events:n20:feed11:rep1,a12bf24f-3f94-4b6b-a4c9-0ab1022463d6,3895113,307,28091350500,28091383200,1781307007233-0
concurrency_n20_20260613_002920_redis_feed11_rep1,redis,sb:events:n20:feed11:rep1,7a623911-e8bb-4240-91a7-ea53efb3bf67,3895113,307,28092465200,28092491700,1781307007243-0
concurrency_n20_20260613_002920_redis_feed11_rep1,redis,sb:events:n20:feed11:rep1,d818ea1b-fc04-4c3f-999d-3c923a1b9eb4,3895067,308,28097729700,28097943800,1781307007247-0
concurrency_n20_20260613_002920_redis_feed11_rep1,redis,sb:events:n20:feed11:rep1,66556ab9-c3cd-4075-8cff-e99be86fc596,3895067,308,28101286600,28101312500,1781307007249-0
concurrency_n20_20260613_002920_redis_feed11_rep1,redis,sb:events:n20:feed11:rep1,dabb4a55-9daf-4581-984f-65c72af87c2f,3895113,308,28104161700,28104185300,1781307007254-0
concurrency_n20_20260613_002920_redis_feed11_rep1,redis,sb:events:n20:feed11:rep1,3e4b67ce-6155-4cce-aa94-52d3c3d9b226,3895113,308,28106607600,28106639900,1781307007256-0
concurrency_n20_20260613_002920_redis_feed11_rep1,redis,sb:events:n20:feed11:rep1,b6d05a20-dc65-405d-93d6-c19f605a50fd,3895113,308,28107409400,28107430200,1781307007259-0
concurrency_n20_20260613_002920_redis_feed11_rep1,redis,sb:events:n20:feed11:rep1,f2fc96e0-e656-4e93-b2a6-371b149cc18b,3895113,308,28108167200,28108222800,1781307007266-0
concurrency_n20_20260613_002920_redis_feed11_rep1,redis,sb:events:n20:feed11:rep1,5547e81f-56b4-4b07-bddd-4e88812cbfb7,3895113,308,28108825300,28108842500,1781307007268-0
concurrency_n20_20260613_002920_redis_feed11_rep1,redis,sb:events:n20:feed11:rep1,6c732d25-06af-445d-979a-8de486f470de,3895113,308,28110450600,28110468000,1781307007273-0
concurrency_n20_20260613_002920_redis_feed11_rep1,redis,sb:events:n20:feed11:rep1,680f1e2b-51f4-4060-885f-44b943dcf8df,3895086,308,28111336000,28111356700,1781307007275-0
concurrency_n20_20260613_002920_redis_feed11_rep1,redis,sb:events:n20:feed11:rep1,532f5421-1002-4ba7-818c-1737d037ad0f,3895074,309,28117367100,28117392200,1781307007276-0
concurrency_n20_20260613_002920_redis_feed11_rep1,redis,sb:events:n20:feed11:rep1,09b34f3f-1ad0-456f-9d0e-130693641fbd,3895134,309,28118576700,28118600700,1781307007281-0
concurrency_n20_20260613_002920_redis_feed11_rep1,redis,sb:events:n20:feed11:rep1,45d8d54a-c51c-447f-8c28-03e9807e66f9,3895134,309,28120838900,28120863900,1781307007283-0
concurrency_n20_20260613_002920_redis_feed11_rep1,redis,sb:events:n20:feed11:rep1,609bcb20-0647-439e-bf53-2c740528fc88,3895074,310,28124269400,28124298100,1781307007284-0
concurrency_n20_20260613_002920_redis_feed11_rep1,redis,sb:events:n20:feed11:rep1,a1d192bf-a397-4555-b139-8bf87b76ff89,3895074,310,28133862600,28133885100,1781307007297-0
concurrency_n20_20260613_002920_redis_feed11_rep1,redis,sb:events:n20:feed11:rep1,747f518f-8d91-4775-847e-ea3d859a2d6c,3895067,310,28137059600,28137083400,1781307007300-0
concurrency_n20_20260613_002920_redis_feed11_rep1,redis,sb:events:n20:feed11:rep1,e0293eec-a320-42e6-bf9c-776ea3503c80,3895113,310,28143788900,28143817000,1781307007302-0
concurrency_n20_20260613_002920_redis_feed11_rep1,redis,sb:events:n20:feed11:rep1,db738598-8c4f-44a6-8d07-5dba07dd8beb,3895113,310,28146179400,28146220100,1781307007303-0
concurrency_n20_20260613_002920_redis_feed11_rep1,redis,sb:events:n20:feed11:rep1,e977c99a-d4e4-4812-8753-825831ea0a3c,3895086,310,28147197300,28147220600,1781307007304-0
concurrency_n20_20260613_002920_redis_feed11_rep1,redis,sb:events:n20:feed11:rep1,513a4b6e-de63-4ac2-af0d-169a0db57dee,3895086,310,28147979900,28148000700,1781307007306-0
concurrency_n20_20260613_002920_redis_feed11_rep1,redis,sb:events:n20:feed11:rep1,39f82a98-f156-451b-8a78-d38df708fe7d,3895086,310,28154439000,28154494600,1781307007314-0
concurrency_n20_20260613_002920_redis_feed11_rep1,redis,sb:events:n20:feed11:rep1,9564460e-4591-4403-ba64-eef8909d478b,3895074,311,28157159600,28157181400,1781307007316-0
concurrency_n20_20260613_002920_redis_feed11_rep1,redis,sb:events:n20:feed11:rep1,e4592b39-096a-471d-ac41-d41533b199e0,3895074,311,28158198600,28158220300,1781307007317-0
concurrency_n20_20260613_002920_redis_feed11_rep1,redis,sb:events:n20:feed11:rep1,6d8b0a03-77b2-4c9e-b013-220e2b370560,3895134,311,28161662300,28161737000,1781307007319-0
concurrency_n20_20260613_002920_redis_feed11_rep1,redis,sb:events:n20:feed11:rep1,45e0b58b-2260-4018-820d-cff887cddebc,3895134,311,28176875400,28176903300,1781307007320-0
concurrency_n20_20260613_002920_redis_feed11_rep1,redis,sb:events:n20:feed11:rep1,adb989ce-7a4a-47dc-8dcd-7283780030ac,3895134,311,28178194900,28178217100,1781307007321-0
concurrency_n20_20260613_002920_redis_feed11_rep1,redis,sb:events:n20:feed11:rep1,073aa6a8-86a6-4d30-8eec-ce1c6dc16a83,3895086,311,28181540500,28181563500,1781307007341-0
concurrency_n20_20260613_002920_redis_feed11_rep1,redis,sb:events:n20:feed11:rep1,a150ed53-71c7-4630-87d7-d4259178dc89,3895086,311,28188845400,28188873600,1781307007343-0
concurrency_n20_20260613_002920_redis_feed11_rep1,redis,sb:events:n20:feed11:rep1,3acafed4-ed80-481d-adb1-6d8bcabdb08d,3895052,312,28189905600,28189928500,1781307007345-0
concurrency_n20_20260613_002920_redis_feed11_rep1,redis,sb:events:n20:feed11:rep1,11f8cda4-8e26-4350-99f8-210e244442e2,3895060,313,28192431000,28192453100,1781307007350-0
concurrency_n20_20260613_002920_redis_feed11_rep1,redis,sb:events:n20:feed11:rep1,73e93481-ff4c-4edb-8ef5-9ee2a3b5f35b,3895074,313,28193391400,28193412500,1781307007351-0
concurrency_n20_20260613_002920_redis_feed11_rep1,redis,sb:events:n20:feed11:rep1,d0b08268-9caf-485b-b0bb-7b02cfaf47ac,3895134,313,28197890700,28197923900,1781307007353-0
concurrency_n20_20260613_002920_redis_feed11_rep1,redis,sb:events:n20:feed11:rep1,6378a2d7-fa17-456f-92cc-7de2179432cb,3895134,313,28200322600,28200345300,1781307007361-0
concurrency_n20_20260613_002920_redis_feed11_rep1,redis,sb:events:n20:feed11:rep1,84123f89-e20a-454c-ab6e-d5a6e63880af,3895086,313,28201182500,28201207500,1781307007362-0
concurrency_n20_20260613_002920_redis_feed11_rep1,redis,sb:events:n20:feed11:rep1,3b2b6418-b75c-44fa-8975-8fb60e3c7b7c,3895086,313,28202497700,28202525800,1781307007364-0
concurrency_n20_20260613_002920_redis_feed11_rep1,redis,sb:events:n20:feed11:rep1,b676a690-300d-462b-b0a0-44689f3e7271,3895060,314,28207041900,28207075300,1781307007369-0
concurrency_n20_20260613_002920_redis_feed11_rep1,redis,sb:events:n20:feed11:rep1,0b6cf8b2-8c0f-479b-9e85-5662f9cf2f79,3895060,314,28230969000,28231005600,1781307007370-0
concurrency_n20_20260613_002920_redis_feed11_rep1,redis,sb:events:n20:feed11:rep1,3c2cbdfb-eca8-4567-bea4-efa56a11ff0c,3895060,314,28251524800,28251552100,1781307007372-0
concurrency_n20_20260613_002920_redis_feed11_rep1,redis,sb:events:n20:feed11:rep1,605b7d6d-f015-4950-9733-14ba5fd4e42a,3895060,314,28254246600,28254297300,1781307007396-0
concurrency_n20_20260613_002920_redis_feed11_rep1,redis,sb:events:n20:feed11:rep1,2f0fbbcc-2fda-4daa-806a-056a5187ebba,3895060,314,28258987000,28259014900,1781307007409-0
concurrency_n20_20260613_002920_redis_feed11_rep1,redis,sb:events:n20:feed11:rep1,9b1e8c53-a1de-4f2c-99e6-0b9aaaa1c745,3895134,314,28276930900,28276961200,1781307007412-0
concurrency_n20_20260613_002920_redis_feed11_rep1,redis,sb:events:n20:feed11:rep1,c23e3eb6-c6dd-4b4f-8eaf-5473b505ad9a,3895052,314,28278690500,28278715000,1781307007420-0
concurrency_n20_20260613_002920_redis_feed11_rep1,redis,sb:events:n20:feed11:rep1,394bdb55-88c5-43c6-a113-15457f7dcf1b,3895052,314,28282985000,28283016400,1781307007424-0
concurrency_n20_20260613_002920_redis_feed11_rep1,redis,sb:events:n20:feed11:rep1,4f1d2266-06ab-4b6d-a731-2f03cfa891e3,3895113,314,28284379900,28284402000,1781307007435-0
concurrency_n20_20260613_002920_redis_feed11_rep1,redis,sb:events:n20:feed11:rep1,99fab9e3-ddf0-4f49-89cc-ed1438559485,3895086,314,28291337700,28291361000,1781307007440-0
concurrency_n20_20260613_002920_redis_feed11_rep1,redis,sb:events:n20:feed11:rep1,c43891c6-f7d0-4b53-854f-7b0c0bf409d9,3895086,314,28293634800,28293668100,1781307007441-0
concurrency_n20_20260613_002920_redis_feed11_rep1,redis,sb:events:n20:feed11:rep1,b02d8af1-0dd1-423d-94ea-c81f1d60adfc,3895060,315,28295182800,28295203700,1781307007443-0
concurrency_n20_20260613_002920_redis_feed11_rep1,redis,sb:events:n20:feed11:rep1,d2d96254-cdb5-40f6-a713-824acbab17a3,3895107,315,28297442700,28297469900,1781307007448-0
concurrency_n20_20260613_002920_redis_feed11_rep1,redis,sb:events:n20:feed11:rep1,02302c67-a71e-4acf-bab1-d73bccb3ff36,3895134,315,28307120800,28307151000,1781307007450-0
concurrency_n20_20260613_002920_redis_feed11_rep1,redis,sb:events:n20:feed11:rep1,dacab50e-dea6-47d0-a67f-506895f82189,3895134,315,28315190900,28315231300,1781307007455-0
concurrency_n20_20260613_002920_redis_feed11_rep1,redis,sb:events:n20:feed11:rep1,392dd4b7-a180-48b3-9dbc-acabf60191e3,3895052,315,28319761300,28319788100,1781307007463-0
concurrency_n20_20260613_002920_redis_feed11_rep1,redis,sb:events:n20:feed11:rep1,04c9affe-5c2c-4541-880e-6449dac86ae3,3895086,315,28322374100,28322400400,1781307007470-0
concurrency_n20_20260613_002920_redis_feed11_rep1,redis,sb:events:n20:feed11:rep1,562ce0ba-cc5e-4622-b2e0-e5a4fa545b29,3895060,316,28324287600,28324317000,1781307007478-0
concurrency_n20_20260613_002920_redis_feed11_rep1,redis,sb:events:n20:feed11:rep1,6da99785-0da0-4aca-93d6-27fa7a4cbad6,3895060,316,28325732500,28325758400,1781307007483-0
concurrency_n20_20260613_002920_redis_feed11_rep1,redis,sb:events:n20:feed11:rep1,2da25799-fa27-4e14-ab83-65f4610738a7,3895107,316,28328378500,28328404400,1781307007486-0
concurrency_n20_20260613_002920_redis_feed11_rep1,redis,sb:events:n20:feed11:rep1,2add13d1-e99d-4136-ab7e-853a487aa346,3895052,316,28329431000,28332055800,1781307007487-0
concurrency_n20_20260613_002920_redis_feed11_rep1,redis,sb:events:n20:feed11:rep1,677c2260-b99e-46fe-983b-d8be3d3623ff,3895052,316,28334924300,28334952800,1781307007489-0
concurrency_n20_20260613_002920_redis_feed11_rep1,redis,sb:events:n20:feed11:rep1,4a574c7f-cffa-4555-9ba1-e18af3476fbf,3895052,316,28335803100,28335825100,1781307007490-0
concurrency_n20_20260613_002920_redis_feed11_rep1,redis,sb:events:n20:feed11:rep1,246935a5-58c1-4438-a255-74262e4c8629,3895113,316,28336574600,28336594000,1781307007492-0
concurrency_n20_20260613_002920_redis_feed11_rep1,redis,sb:events:n20:feed11:rep1,76707c05-6d43-4d3e-b06d-3645f7e25876,3895113,316,28337340900,28337360500,1781307007493-0
concurrency_n20_20260613_002920_redis_feed11_rep1,redis,sb:events:n20:feed11:rep1,7f412a00-eccd-4d4f-98d3-3ced82f667f2,3895074,317,28344171900,28344200000,1781307007495-0
concurrency_n20_20260613_002920_redis_feed11_rep1,redis,sb:events:n20:feed11:rep1,ec646053-bd4f-4edf-bdda-23c1b37a2104,3895074,317,28345395900,28345415800,1781307007497-0
concurrency_n20_20260613_002920_redis_feed11_rep1,redis,sb:events:n20:feed11:rep1,400a0629-38de-4e49-b260-f9dd814599a5,3895107,317,28346376200,28346429200,1781307007498-0
concurrency_n20_20260613_002920_redis_feed11_rep1,redis,sb:events:n20:feed11:rep1,d8fb521c-b883-43f7-aaee-9be4a2e5e541,3895107,317,28347655700,28347683400,1781307007507-0
concurrency_n20_20260613_002920_redis_feed11_rep1,redis,sb:events:n20:feed11:rep1,ad8763fe-6c7b-44d5-87a8-ab6b960e2a1e,3895134,317,28348446000,28348468300,1781307007508-0
concurrency_n20_20260613_002920_redis_feed11_rep1,redis,sb:events:n20:feed11:rep1,da096edb-269d-4bbf-85f0-16f9d6d675bb,3895052,317,28355351400,28355379900,1781307007515-0
concurrency_n20_20260613_002920_redis_feed11_rep1,redis,sb:events:n20:feed11:rep1,78c9fc5e-2d64-4fae-a14d-b9253211ecf5,3895052,317,28356249000,28356269500,1781307007516-0
concurrency_n20_20260613_002920_redis_feed11_rep1,redis,sb:events:n20:feed11:rep1,9c15a0fc-0c14-4605-ba21-f98e9588afeb,3895113,317,28357138200,28357208600,1781307007517-0
concurrency_n20_20260613_002920_redis_feed11_rep1,redis,sb:events:n20:feed11:rep1,8441f5f4-1d8c-4b91-b4c9-fd67eddbee0a,3895060,318,28358221500,28358243300,1781307007520-0
concurrency_n20_20260613_002920_redis_feed11_rep1,redis,sb:events:n20:feed11:rep1,8d1f4b7d-8eff-47e6-ae0c-91b8d06bc7d9,3895052,318,28359344000,28359366800,1781307007520-1
concurrency_n20_20260613_002920_redis_feed11_rep1,redis,sb:events:n20:feed11:rep1,ec53d3eb-784c-4b06-8b15-2a4e6d8c8897,3895113,318,28364203100,28364228800,1781307007522-0
concurrency_n20_20260613_002920_redis_feed11_rep1,redis,sb:events:n20:feed11:rep1,09a9066d-3190-4258-b6a3-10a62c95e149,3895113,318,28365779400,28365804900,1781307007529-0
concurrency_n20_20260613_002920_redis_feed11_rep1,redis,sb:events:n20:feed11:rep1,26196cc9-cd14-47de-9b97-80d6985b326f,3895107,319,28398190200,28398215800,1781307007531-0
concurrency_n20_20260613_002920_redis_feed11_rep1,redis,sb:events:n20:feed11:rep1,5a0b00b5-8620-4121-8530-0b794c2eab40,3895107,319,28401619700,28401650400,1781307007532-0
concurrency_n20_20260613_002920_redis_feed11_rep1,redis,sb:events:n20:feed11:rep1,5c073b2f-c213-4ab7-a313-1a59712c78e5,3895134,319,28406114900,28406139800,1781307007564-0
concurrency_n20_20260613_002920_redis_feed11_rep1,redis,sb:events:n20:feed11:rep1,20ae7112-b2c8-41d2-aeb1-63d9a704d650,3895134,319,28409973800,28410056700,1781307007567-0
concurrency_n20_20260613_002920_redis_feed11_rep1,redis,sb:events:n20:feed11:rep1,37927a43-1600-4ff9-ab32-90ef87a3a16a,3895134,319,28416200000,28416226900,1781307007570-0
concurrency_n20_20260613_002920_redis_feed11_rep1,redis,sb:events:n20:feed11:rep1,f2d2fda6-0d5f-4519-8c00-771a4f8ccaa3,3895052,319,28419840500,28419897100,1781307007575-0
concurrency_n20_20260613_002920_redis_feed11_rep1,redis,sb:events:n20:feed11:rep1,1cce44ec-247a-4b01-86ae-aee511d9af28,3895052,319,28420896500,28420917900,1781307007577-0
concurrency_n20_20260613_002920_redis_feed11_rep1,redis,sb:events:n20:feed11:rep1,682ff6dc-45e1-4759-b841-e8e940b73945,3895095,320,28425155300,28425183500,1781307007582-0
concurrency_n20_20260613_002920_redis_feed11_rep1,redis,sb:events:n20:feed11:rep1,80ea0fc3-2a53-4f63-89a6-b5fe54a9d7d9,3895095,320,28427695600,28427718500,1781307007590-0
concurrency_n20_20260613_002920_redis_feed11_rep1,redis,sb:events:n20:feed11:rep1,3ddd1bf5-ebc0-46d8-80e9-7754349fb9cc,3895060,320,28428965600,28428991500,1781307007591-0
concurrency_n20_20260613_002920_redis_feed11_rep1,redis,sb:events:n20:feed11:rep1,8707266c-f4f4-4701-9a98-93a44cb229da,3895060,320,28430165000,28430187400,1781307007593-0
concurrency_n20_20260613_002920_redis_feed11_rep1,redis,sb:events:n20:feed11:rep1,67391880-c4bd-4c49-ac0d-30f2b4cfed43,3895134,320,28458404500,28458457000,1781307007607-0
concurrency_n20_20260613_002920_redis_feed11_rep1,redis,sb:events:n20:feed11:rep1,8cc8899e-12c7-4f32-ad3c-6234f1a183e1,3895134,320,28460273800,28460298500,1781307007618-0
concurrency_n20_20260613_002920_redis_feed11_rep1,redis,sb:events:n20:feed11:rep1,73950e1c-c4c5-46d2-9b4b-9751c3c09646,3895052,320,28461089100,28461116000,1781307007620-0
concurrency_n20_20260613_002920_redis_feed11_rep1,redis,sb:events:n20:feed11:rep1,0baa40ea-5472-4239-84ce-75cc13e04c9e,3895113,320,28467354300,28467387300,1781307007628-0
concurrency_n20_20260613_002920_redis_feed11_rep1,redis,sb:events:n20:feed11:rep1,47b30c8a-2415-4aa3-9a2d-1d847b550731,3895095,321,28468279300,28468300900,1781307007629-0
concurrency_n20_20260613_002920_redis_feed11_rep1,redis,sb:events:n20:feed11:rep1,01452dda-4cab-4703-8f03-7851cc2a493b,3895095,321,28469406300,28469460100,1781307007630-0
concurrency_n20_20260613_002920_redis_feed11_rep1,redis,sb:events:n20:feed11:rep1,3af0554c-8ef9-4cd9-b5fe-0eb9b6b5cb62,3895095,321,28478791300,28478817500,1781307007643-0
concurrency_n20_20260613_002920_redis_feed11_rep1,redis,sb:events:n20:feed11:rep1,b60de9a9-c724-4975-b127-99ce60ac1e15,3895095,321,28493691600,28493714500,1781307007657-0
concurrency_n20_20260613_002920_redis_feed11_rep1,redis,sb:events:n20:feed11:rep1,779176ae-e436-407c-879f-8e400f7377f8,3895095,321,28497342500,28497369400,1781307007663-0
concurrency_n20_20260613_002920_redis_feed11_rep1,redis,sb:events:n20:feed11:rep1,00c09277-2dbb-47b7-ac4b-741062eb3faa,3895095,321,28505664500,28505688500,1781307007665-0
concurrency_n20_20260613_002920_redis_feed11_rep1,redis,sb:events:n20:feed11:rep1,18ba8f20-241a-4d34-83de-d246ce265ba4,3895121,321,28511003700,28511056000,1781307007669-0
concurrency_n20_20260613_002920_redis_feed11_rep1,redis,sb:events:n20:feed11:rep1,45f8a62c-9039-4034-a964-fd1c1545680a,3895134,321,28534493900,28534592200,1781307007674-0
concurrency_n20_20260613_002920_redis_feed11_rep1,redis,sb:events:n20:feed11:rep1,6ac63702-9c8d-4c96-82dd-f1f4e145f062,3895134,321,28535509200,28535527000,1781307007676-0
concurrency_n20_20260613_002920_redis_feed11_rep1,redis,sb:events:n20:feed11:rep1,80b5572a-d2bf-4bac-ae05-1724682e6848,3895052,321,28551076800,28551098100,1781307007696-0
concurrency_n20_20260613_002920_redis_feed11_rep1,redis,sb:events:n20:feed11:rep1,08849140-7424-46b1-be08-ebd78e548e26,3895052,321,28552425100,28552494000,1781307007698-0
concurrency_n20_20260613_002920_redis_feed11_rep1,redis,sb:events:n20:feed11:rep1,9e876c0f-8eb7-408b-b8aa-d1f7e172b0dc,3895113,321,28553250800,28553298600,1781307007700-0
concurrency_n20_20260613_002920_redis_feed11_rep1,redis,sb:events:n20:feed11:rep1,bac2ac88-467a-46f3-93bc-896a8a9763cc,3895086,321,28554095000,28554121000,1781307007701-0
concurrency_n20_20260613_002920_redis_feed11_rep1,redis,sb:events:n20:feed11:rep1,f3340d0d-34c8-4c60-818d-6b0ab6f0e724,3895086,321,28556065200,28556086500,1781307007715-0
concurrency_n20_20260613_002920_redis_feed11_rep1,redis,sb:events:n20:feed11:rep1,a9353826-78d0-4db7-9504-37af067ba42b,3895060,322,28556877700,28556996800,1781307007718-0
concurrency_n20_20260613_002920_redis_feed11_rep1,redis,sb:events:n20:feed11:rep1,f3617b96-6548-46c6-9b24-c7d328b1641f,3895107,322,28561366600,28561407000,1781307007723-0
concurrency_n20_20260613_002920_redis_feed11_rep1,redis,sb:events:n20:feed11:rep1,f852634c-8f86-4877-be07-bc24a07e736d,3895107,322,28563799300,28563822700,1781307007725-0
concurrency_n20_20260613_002920_redis_feed11_rep1,redis,sb:events:n20:feed11:rep1,fd58d405-6eba-41ab-81bf-d22785c2a293,3895134,322,28565557600,28565581700,1781307007726-0
concurrency_n20_20260613_002920_redis_feed11_rep1,redis,sb:events:n20:feed11:rep1,67b350e2-a656-4ee2-ba54-6a99f81f12a6,3895052,322,28566723500,28566748600,1781307007729-0
concurrency_n20_20260613_002920_redis_feed11_rep1,redis,sb:events:n20:feed11:rep1,891e42ae-ba34-4c6c-9819-902fd0ff3123,3895113,322,28568896500,28568916300,1781307007731-0
concurrency_n20_20260613_002920_redis_feed11_rep1,redis,sb:events:n20:feed11:rep1,dbb81daf-4dd3-4b09-9c7b-66b3cfd002b4,3895113,322,28569779000,28569802600,1781307007733-0
concurrency_n20_20260613_002920_redis_feed11_rep1,redis,sb:events:n20:feed11:rep1,e4a1a2fe-fe12-435a-98a4-98dda2739446,3895086,322,28571662800,28571685100,1781307007737-0
concurrency_n20_20260613_002920_redis_feed11_rep1,redis,sb:events:n20:feed11:rep1,ea283cd4-127c-4613-a843-474b9ff4cd8c,3895086,322,28573800000,28573856000,1781307007738-0
concurrency_n20_20260613_002920_redis_feed11_rep1,redis,sb:events:n20:feed11:rep1,9f38e589-9bcd-402e-a9c7-81c713301c69,3895086,322,28574594300,28574677900,1781307007739-0
concurrency_n20_20260613_002920_redis_feed11_rep1,redis,sb:events:n20:feed11:rep1,ceb01ebe-f047-4903-ad87-46179255db15,3895095,323,28576541900,28576559200,1781307007742-0
concurrency_n20_20260613_002920_redis_feed11_rep1,redis,sb:events:n20:feed11:rep1,25c1ced9-2614-4c5f-b468-49623335f10a,3895095,323,28595806300,28596003300,1781307007744-0
concurrency_n20_20260613_002920_redis_feed11_rep1,redis,sb:events:n20:feed11:rep1,765e4d5f-098d-416d-ac74-e94b3fc96434,3895121,323,28598157800,28598185000,1781307007750-0
concurrency_n20_20260613_002920_redis_feed11_rep1,redis,sb:events:n20:feed11:rep1,765951d5-3b9b-48ae-a2ec-0569ce42652a,3895121,323,28600090800,28600158500,1781307007760-0
concurrency_n20_20260613_002920_redis_feed11_rep1,redis,sb:events:n20:feed11:rep1,2072c49c-533a-4650-898e-b8c2c38b8a53,3895060,323,28601121000,28601147700,1781307007762-0
concurrency_n20_20260613_002920_redis_feed11_rep1,redis,sb:events:n20:feed11:rep1,29f92fe5-0aa4-407d-8f0a-0cf2ddeaaa5f,3895060,323,28607156700,28607202500,1781307007765-0
concurrency_n20_20260613_002920_redis_feed11_rep1,redis,sb:events:n20:feed11:rep1,91705dce-cd6d-46fc-816b-6f16f0a55899,3895134,323,28608556200,28608581500,1781307007767-0
concurrency_n20_20260613_002920_redis_feed11_rep1,redis,sb:events:n20:feed11:rep1,7eb6fae1-8ed8-4b6b-a245-a1ad3eb55542,3895134,323,28616938500,28616981800,1781307007768-0
concurrency_n20_20260613_002920_redis_feed11_rep1,redis,sb:events:n20:feed11:rep1,5ed423f7-bc6a-417d-908c-9c5cc9053848,3895134,323,28622409700,28622437600,1781307007769-0
concurrency_n20_20260613_002920_redis_feed11_rep1,redis,sb:events:n20:feed11:rep1,6f9de4f1-0bd4-4d27-955b-3efeeb7c5d8b,3895113,323,28623486300,28623510100,1781307007771-0
concurrency_n20_20260613_002920_redis_feed11_rep1,redis,sb:events:n20:feed11:rep1,91ca55c2-0ab1-4c67-8c0d-0a768c136cbe,3895113,323,28624259100,28624278500,1781307007772-0
concurrency_n20_20260613_002920_redis_feed11_rep1,redis,sb:events:n20:feed11:rep1,06a68206-c99d-4853-b4c2-1e8b69ed8bac,3895086,323,28625267100,28625292400,1781307007773-0
concurrency_n20_20260613_002920_redis_feed11_rep1,redis,sb:events:n20:feed11:rep1,e322c13b-ff81-42ee-90e8-2e445f78f36a,3895086,323,28627367600,28627394800,1781307007783-0
concurrency_n20_20260613_002920_redis_feed11_rep1,redis,sb:events:n20:feed11:rep1,0152e3af-14bc-45b9-acc2-1c1b81ba1e6d,3895134,324,28628718300,28628743000,1781307007785-0
concurrency_n20_20260613_002920_redis_feed11_rep1,redis,sb:events:n20:feed11:rep1,65078bd9-948c-400f-90f7-2aaf914406d4,3895134,324,28630579000,28630601400,1781307007795-0
concurrency_n20_20260613_002920_redis_feed11_rep1,redis,sb:events:n20:feed11:rep1,5babff75-4553-4b3a-b9f4-43b8ecab192e,3895086,324,28631897000,28631920900,1781307007796-0
concurrency_n20_20260613_002920_redis_feed11_rep1,redis,sb:events:n20:feed11:rep1,dcd63a56-5072-413e-911a-7264f0e371ab,3895086,324,28636669100,28636693000,1781307007797-0
concurrency_n20_20260613_002920_redis_feed11_rep1,redis,sb:events:n20:feed11:rep1,912c44f7-9bea-4745-a4c2-4751ca8b8ba2,3895060,325,28639417800,28639446000,1781307007802-0
concurrency_n20_20260613_002920_redis_feed11_rep1,redis,sb:events:n20:feed11:rep1,c2b8d7b8-ae71-4a7b-832a-5e071f84706c,3895060,325,28641599000,28641626400,1781307007804-0
concurrency_n20_20260613_002920_redis_feed11_rep1,redis,sb:events:n20:feed11:rep1,f302d779-957c-4d6f-999d-e1b1a994308a,3895052,325,28681323600,28681356800,1781307007807-0
concurrency_n20_20260613_002920_redis_feed11_rep1,redis,sb:events:n20:feed11:rep1,0b07deed-d20e-4434-abd6-4aaf53e71e62,3895052,325,28682977800,28683011100,1781307007822-0
concurrency_n20_20260613_002920_redis_feed11_rep1,redis,sb:events:n20:feed11:rep1,1a07249d-2406-4788-9baa-b1c8eec64ea5,3895086,325,28686068000,28686099700,1781307007846-0
concurrency_n20_20260613_002920_redis_feed11_rep1,redis,sb:events:n20:feed11:rep1,50a58806-53f3-4be3-b1a3-ebc3df31bcfb,3895060,326,28699349400,28699373100,1781307007856-0
concurrency_n20_20260613_002920_redis_feed11_rep1,redis,sb:events:n20:feed11:rep1,ccc70e17-4484-4ad8-b7fc-715d4177c31a,3895060,326,28700162900,28700185600,1781307007857-0
concurrency_n20_20260613_002920_redis_feed11_rep1,redis,sb:events:n20:feed11:rep1,f99f7f6b-5a8c-412a-9704-e4f174e12f20,3895074,326,28701276700,28701303300,1781307007858-0
concurrency_n20_20260613_002920_redis_feed11_rep1,redis,sb:events:n20:feed11:rep1,e080162c-b679-46f5-adf2-a019d92130eb,3895113,326,28702175200,28702196200,1781307007859-0
concurrency_n20_20260613_002920_redis_feed11_rep1,redis,sb:events:n20:feed11:rep1,b7a07101-16a4-4d4c-8693-420785555b30,3895113,326,28704865700,28704896900,1781307007861-0
concurrency_n20_20260613_002920_redis_feed11_rep1,redis,sb:events:n20:feed11:rep1,cbcbaf77-15d0-45a3-afec-9bade109c5c3,3895113,326,28705655900,28705676600,1781307007863-0
concurrency_n20_20260613_002920_redis_feed11_rep1,redis,sb:events:n20:feed11:rep1,d310c41e-ccc2-40fb-a06d-6d036f388bff,3895086,326,28725062100,28725093600,1781307007868-0
concurrency_n20_20260613_002920_redis_feed11_rep1,redis,sb:events:n20:feed11:rep1,a0a25c26-29df-44dc-a699-90580910dfdd,3895060,327,28728967400,28728999400,1781307007869-0
concurrency_n20_20260613_002920_redis_feed11_rep1,redis,sb:events:n20:feed11:rep1,0cf23ce9-0153-4db2-8503-d3073f6461d9,3895060,327,28731003800,28731033300,1781307007871-0
concurrency_n20_20260613_002920_redis_feed11_rep1,redis,sb:events:n20:feed11:rep1,8cd76890-acdb-4587-9747-a8325f50af1b,3895134,327,28733925600,28733985800,1781307007882-0
concurrency_n20_20260613_002920_redis_feed11_rep1,redis,sb:events:n20:feed11:rep1,e2422ee1-2d12-406e-abd1-fcb8e6e5e40f,3895113,327,28741240300,28741266100,1781307007889-0
concurrency_n20_20260613_002920_redis_feed11_rep1,redis,sb:events:n20:feed11:rep1,28026d1d-108d-4132-b7dd-aa5fb2833312,3895086,327,28761277100,28761594800,1781307007892-0
concurrency_n20_20260613_002920_redis_feed11_rep1,redis,sb:events:n20:feed11:rep1,3b634913-4263-4e45-a7f6-b25bac5d2637,3895086,327,28762809500,28762831600,1781307007898-0
concurrency_n20_20260613_002920_redis_feed11_rep1,redis,sb:events:n20:feed11:rep1,4a7fa8b7-ee4a-4a51-ad8a-5df4c2fe9446,3895095,328,28764208300,28764241200,1781307007911-0
concurrency_n20_20260613_002920_redis_feed11_rep1,redis,sb:events:n20:feed11:rep1,601694f2-d49d-47a3-bc0d-3166572c7d50,3895060,328,28765401300,28765426900,1781307007920-0
concurrency_n20_20260613_002920_redis_feed11_rep1,redis,sb:events:n20:feed11:rep1,821f610d-dc82-4cb3-81fa-80daf42f8298,3895074,328,28770597700,28770625700,1781307007923-0
concurrency_n20_20260613_002920_redis_feed11_rep1,redis,sb:events:n20:feed11:rep1,0425f679-712d-4e88-a143-95f0fced4376,3895074,328,28771574600,28771598500,1781307007925-0
concurrency_n20_20260613_002920_redis_feed11_rep1,redis,sb:events:n20:feed11:rep1,5c5243e2-2576-47e7-9e3d-f064c3369e22,3895134,328,28773607200,28773635800,1781307007937-0
concurrency_n20_20260613_002920_redis_feed11_rep1,redis,sb:events:n20:feed11:rep1,66ed78e9-7b7a-4dc9-8a7b-9abf8b6a2b79,3895134,328,28774792200,28774817800,1781307007939-0
concurrency_n20_20260613_002920_redis_feed11_rep1,redis,sb:events:n20:feed11:rep1,9ae80932-88a0-46c4-906a-d92d4999f5a3,3895086,328,28781159300,28781193000,1781307007943-0
concurrency_n20_20260613_002920_redis_feed11_rep1,redis,sb:events:n20:feed11:rep1,d4a886d3-364d-4310-a009-0c7228d9c4e2,3895095,329,28781991800,28782038600,1781307007945-0
concurrency_n20_20260613_002920_redis_feed11_rep1,redis,sb:events:n20:feed11:rep1,f070b6ef-9781-4ba2-9993-4e4393f056cb,3895095,329,28783304800,28783330000,1781307007946-0
concurrency_n20_20260613_002920_redis_feed11_rep1,redis,sb:events:n20:feed11:rep1,f621dd02-9352-4e89-a960-5040f4b3499d,3895121,329,28790620300,28790647200,1781307007950-0
concurrency_n20_20260613_002920_redis_feed11_rep1,redis,sb:events:n20:feed11:rep1,b4a4be30-2276-404e-bd4b-2664b630e9f7,3895121,329,28793586900,28793637900,1781307007951-0
concurrency_n20_20260613_002920_redis_feed11_rep1,redis,sb:events:n20:feed11:rep1,07263e8b-6e88-44b3-a4b2-f39c074c174a,3895060,329,28796850000,28796885200,1781307007953-0
concurrency_n20_20260613_002920_redis_feed11_rep1,redis,sb:events:n20:feed11:rep1,b50c709b-72a6-4242-98d3-30cd56ce5a82,3895107,329,28799633500,28799661300,1781307007958-0
concurrency_n20_20260613_002920_redis_feed11_rep1,redis,sb:events:n20:feed11:rep1,d193c018-d62c-413b-8a1c-c34eb7e4c8e9,3895134,329,28800590600,28800614400,1781307007959-0
concurrency_n20_20260613_002920_redis_feed11_rep1,redis,sb:events:n20:feed11:rep1,a7b72d56-d15c-4956-8b4e-13e2463fdbd2,3895052,329,28801515900,28801539400,1781307007962-0
concurrency_n20_20260613_002920_redis_feed11_rep1,redis,sb:events:n20:feed11:rep1,afee8057-c990-444c-adfb-30a539eb4c30,3895052,329,28802702300,28802725700,1781307007965-0
concurrency_n20_20260613_002920_redis_feed11_rep1,redis,sb:events:n20:feed11:rep1,59e595db-ecaf-4e72-83ae-71fd174bd008,3895113,329,28805649400,28805674200,1781307007967-0
concurrency_n20_20260613_002920_redis_feed11_rep1,redis,sb:events:n20:feed11:rep1,5c37fc26-bd70-4b9e-8353-dc41a95546ad,3895113,329,28807886600,28807914800,1781307007968-0
concurrency_n20_20260613_002920_redis_feed11_rep1,redis,sb:events:n20:feed11:rep1,61e1ef78-4b24-4e45-8155-e7f227e11514,3895086,329,28810193700,28810222200,1781307007969-0
concurrency_n20_20260613_002920_redis_feed11_rep1,redis,sb:events:n20:feed11:rep1,ca5d0df7-3501-4eb8-93f3-6f6f65182264,3895095,330,28811305100,28811327500,1781307007971-0
concurrency_n20_20260613_002920_redis_feed11_rep1,redis,sb:events:n20:feed11:rep1,667ae860-5de6-41c9-9ad0-27f17f4ae687,3895060,330,28816850300,28816876600,1781307007972-0
concurrency_n20_20260613_002920_redis_feed11_rep1,redis,sb:events:n20:feed11:rep1,5af9fdcc-1698-4009-a5a8-bf0efb8264d4,3895060,330,28817919100,28818012600,1781307007978-0
concurrency_n20_20260613_002920_redis_feed11_rep1,redis,sb:events:n20:feed11:rep1,6984e885-68ab-4f5d-a155-9488edde777a,3895074,330,28819822500,28819855500,1781307007979-0
concurrency_n20_20260613_002920_redis_feed11_rep1,redis,sb:events:n20:feed11:rep1,c62ae5ee-3d01-4415-86c3-5a055496d7b9,3895107,330,28822109900,28822130800,1781307007981-0
concurrency_n20_20260613_002920_redis_feed11_rep1,redis,sb:events:n20:feed11:rep1,6f5652cb-8334-4c17-9208-4fc7f87849ec,3895107,330,28824359600,28824385600,1781307007987-0
concurrency_n20_20260613_002920_redis_feed11_rep1,redis,sb:events:n20:feed11:rep1,d9f367f1-ebb8-488d-8d01-a1081052d076,3895107,330,28825481500,28825503000,1781307007988-0
concurrency_n20_20260613_002920_redis_feed11_rep1,redis,sb:events:n20:feed11:rep1,7c1f4235-c549-44da-93be-fb25beb18c72,3895052,330,28828078700,28828100900,1781307007990-0
concurrency_n20_20260613_002920_redis_feed11_rep1,redis,sb:events:n20:feed11:rep1,57a158a9-efa6-45c3-ac61-da3f76ba1181,3895052,330,28828852400,28828897000,1781307007994-0
concurrency_n20_20260613_002920_redis_feed11_rep1,redis,sb:events:n20:feed11:rep1,489c69ea-ba68-4944-b257-738bd170d1f1,3895095,331,28831832200,28831853200,1781307007995-0
concurrency_n20_20260613_002920_redis_feed11_rep1,redis,sb:events:n20:feed11:rep1,31cf22e9-d1b2-403d-be52-872610538f25,3895095,331,28832761800,28832879600,1781307007998-0
concurrency_n20_20260613_002920_redis_feed11_rep1,redis,sb:events:n20:feed11:rep1,0ec63f19-112a-4d49-b908-0169f04b00a7,3895060,331,28835179400,28835217900,1781307008000-0
concurrency_n20_20260613_002920_redis_feed11_rep1,redis,sb:events:n20:feed11:rep1,0aa01b9d-69a4-4139-a794-a882e44f4d9e,3895060,331,28837330200,28837354300,1781307008001-0
concurrency_n20_20260613_002920_redis_feed11_rep1,redis,sb:events:n20:feed11:rep1,ff76047d-47de-466f-a319-136377697fc2,3895074,331,28840013500,28840040300,1781307008002-0
concurrency_n20_20260613_002920_redis_feed11_rep1,redis,sb:events:n20:feed11:rep1,e3e28b81-6e92-419a-a1d5-6d95b8725ed9,3895074,331,28841402800,28841431600,1781307008006-0
concurrency_n20_20260613_002920_redis_feed11_rep1,redis,sb:events:n20:feed11:rep1,4c624af4-e3f3-46b8-84b2-942334a6dd05,3895134,331,28844504300,28844528900,1781307008008-0
concurrency_n20_20260613_002920_redis_feed11_rep1,redis,sb:events:n20:feed11:rep1,1e189be8-913a-4d4b-a841-db75494445c5,3895134,331,28845920500,28845952800,1781307008009-0
concurrency_n20_20260613_002920_redis_feed11_rep1,redis,sb:events:n20:feed11:rep1,e6e48fb5-7ef0-4e24-bf8f-b70df89fed4a,3895134,331,28850652500,28850684800,1781307008012-0
concurrency_n20_20260613_002920_redis_feed11_rep1,redis,sb:events:n20:feed11:rep1,71bb5b43-2991-4382-a5d2-dc3741253572,3895052,331,28853586900,28853618000,1781307008014-0
concurrency_n20_20260613_002920_redis_feed11_rep1,redis,sb:events:n20:feed11:rep1,4fb0bdad-2281-4f6e-8094-850771b95eab,3895052,331,28866642500,28866671000,1781307008017-0
concurrency_n20_20260613_002920_redis_feed11_rep1,redis,sb:events:n20:feed11:rep1,43fe8ca2-b942-4723-aa5a-66d12ca2871d,3895052,331,28868935800,28869008200,1781307008018-0
concurrency_n20_20260613_002920_redis_feed11_rep1,redis,sb:events:n20:feed11:rep1,e0dcc6ae-40c7-4519-8496-15ad70e631fa,3895113,331,28878908600,28878934100,1781307008032-0
concurrency_n20_20260613_002920_redis_feed11_rep1,redis,sb:events:n20:feed11:rep1,37fd9761-702e-4e7b-a8bf-6a9fe8a696af,3895060,332,28880190100,28880217800,1781307008044-0
concurrency_n20_20260613_002920_redis_feed11_rep1,redis,sb:events:n20:feed11:rep1,82c5d746-9b8d-4a2f-a22d-8aac196567cd,3895074,332,28881609800,28881632200,1781307008046-0
concurrency_n20_20260613_002920_redis_feed11_rep1,redis,sb:events:n20:feed11:rep1,5acd0668-4e69-4711-b377-407098bef577,3895107,332,28883344200,28883367400,1781307008047-0
concurrency_n20_20260613_002920_redis_feed11_rep1,redis,sb:events:n20:feed11:rep1,dab18735-77ec-4370-a106-678dcce75e6c,3895107,332,28889851500,28889878500,1781307008053-0
concurrency_n20_20260613_002920_redis_feed11_rep1,redis,sb:events:n20:feed11:rep1,ee206445-03dc-4b10-8c2a-46a586e07e46,3895107,332,28891751800,28891776300,1781307008054-0
concurrency_n20_20260613_002920_redis_feed11_rep1,redis,sb:events:n20:feed11:rep1,fd79c8a6-b9f0-4ec2-b288-64720b510357,3895134,332,28898648100,28898674600,1781307008056-0
concurrency_n20_20260613_002920_redis_feed11_rep1,redis,sb:events:n20:feed11:rep1,075c0693-e1c7-4b91-b807-d4a145a3463b,3895052,332,28899879500,28899902700,1781307008058-0
concurrency_n20_20260613_002920_redis_feed11_rep1,redis,sb:events:n20:feed11:rep1,377f51e4-5ee6-4008-8d75-0027bc896355,3895052,332,28900583300,28900602600,1781307008060-0
concurrency_n20_20260613_002920_redis_feed11_rep1,redis,sb:events:n20:feed11:rep1,7c276b01-b3bf-49ba-9aa3-24024921d4a9,3895052,332,28901498800,28901537600,1781307008062-0
concurrency_n20_20260613_002920_redis_feed11_rep1,redis,sb:events:n20:feed11:rep1,745379e2-c5d2-492b-b046-1215c00f3c18,3895113,332,28908038200,28908064700,1781307008067-0
concurrency_n20_20260613_002920_redis_feed11_rep1,redis,sb:events:n20:feed11:rep1,9df9adb4-6248-4539-a77d-d0ccf6abe83b,3895113,332,28909018500,28909036700,1781307008068-0
concurrency_n20_20260613_002920_redis_feed11_rep1,redis,sb:events:n20:feed11:rep1,4d49db2e-7e41-4a56-b823-e245aaddb15b,3895121,333,28909664300,28909680900,1781307008070-0
concurrency_n20_20260613_002920_redis_feed11_rep1,redis,sb:events:n20:feed11:rep1,c86879d4-bc31-46f9-b87c-da90da645f76,3895121,333,28910724100,28910742200,1781307008071-0
concurrency_n20_20260613_002920_redis_feed11_rep1,redis,sb:events:n20:feed11:rep1,c3177814-c5bd-4f51-9844-039e5fd9b60f,3895121,333,28911611900,28911628100,1781307008073-0
concurrency_n20_20260613_002920_redis_feed11_rep1,redis,sb:events:n20:feed11:rep1,581dbb56-f56f-429d-adaf-78ee9d9c3bc4,3895060,333,28915332400,28915358000,1781307008074-0
concurrency_n20_20260613_002920_redis_feed11_rep1,redis,sb:events:n20:feed11:rep1,d800e8ef-1eba-44b7-883a-58d77b84a396,3895060,333,28930330700,28930360300,1781307008079-0
concurrency_n20_20260613_002920_redis_feed11_rep1,redis,sb:events:n20:feed11:rep1,0a4170e7-c400-405d-b455-0e644e4ff4bc,3895074,333,28931937400,28931960600,1781307008079-1
concurrency_n20_20260613_002920_redis_feed11_rep1,redis,sb:events:n20:feed11:rep1,a7db7005-63b9-490d-94ee-105a6e72f9ce,3895074,333,28933960700,28933986500,1781307008080-0
concurrency_n20_20260613_002920_redis_feed11_rep1,redis,sb:events:n20:feed11:rep1,c920dee6-6560-41ba-a782-11afc39f3482,3895134,333,28940136200,28940170900,1781307008092-0
concurrency_n20_20260613_002920_redis_feed11_rep1,redis,sb:events:n20:feed11:rep1,e006ec65-b041-457c-a6cf-8c492b801d3e,3895134,333,28942412100,28942528900,1781307008098-0
concurrency_n20_20260613_002920_redis_feed11_rep1,redis,sb:events:n20:feed11:rep1,17daec9d-d530-4267-a9b4-fba1cefc65a9,3895052,333,28943556800,28943576700,1781307008099-0
concurrency_n20_20260613_002920_redis_feed11_rep1,redis,sb:events:n20:feed11:rep1,ed638ea5-4e2a-42ad-88ae-15ed73b28160,3895113,333,28945371100,28945394700,1781307008108-0
concurrency_n20_20260613_002920_redis_feed11_rep1,redis,sb:events:n20:feed11:rep1,466dc1b3-80e3-4882-8d4d-a66923daf782,3895121,334,28949704800,28949734500,1781307008109-0
concurrency_n20_20260613_002920_redis_feed11_rep1,redis,sb:events:n20:feed11:rep1,9cdbd1dd-a6ea-4aa5-8cd1-c173a036ba23,3895121,334,28964521400,28964547500,1781307008110-0
concurrency_n20_20260613_002920_redis_feed11_rep1,redis,sb:events:n20:feed11:rep1,85468b6a-bdde-4e33-874b-ae47828b2a64,3895121,334,28973331200,28973361500,1781307008112-0
concurrency_n20_20260613_002920_redis_feed11_rep1,redis,sb:events:n20:feed11:rep1,90bc3775-4e9e-4812-a36d-13b7cf960a82,3895121,334,28976079500,28976105500,1781307008115-0
concurrency_n20_20260613_002920_redis_feed11_rep1,redis,sb:events:n20:feed11:rep1,2923ccb9-60d5-4454-aad2-2b1d4edb85c2,3895107,334,28978651400,28978678500,1781307008116-0
concurrency_n20_20260613_002920_redis_feed11_rep1,redis,sb:events:n20:feed11:rep1,d59c287e-b7d8-4520-8793-0ea20f6f259b,3895107,334,28980813400,28980865700,1781307008130-0
concurrency_n20_20260613_002920_redis_feed11_rep1,redis,sb:events:n20:feed11:rep1,8a512c73-be63-4656-8d75-6f65e931b2fc,3895134,334,28999131400,28999158200,1781307008132-0
concurrency_n20_20260613_002920_redis_feed11_rep1,redis,sb:events:n20:feed11:rep1,8498606a-51cc-44f2-a5c6-d170755770c6,3895134,334,29016366100,29016402000,1781307008133-0
concurrency_n20_20260613_002920_redis_feed11_rep1,redis,sb:events:n20:feed11:rep1,4fc8ca15-dded-40c3-a2a1-be06f304fa8e,3895052,334,29024979000,29025005100,1781307008141-0
concurrency_n20_20260613_002920_redis_feed11_rep1,redis,sb:events:n20:feed11:rep1,0846214e-8df7-4642-9a0d-9efa7eaf5e2e,3895052,334,29027215200,29027260400,1781307008144-0
concurrency_n20_20260613_002920_redis_feed11_rep1,redis,sb:events:n20:feed11:rep1,321e3566-4e3a-4ff8-9393-08127da95781,3895113,334,29028229700,29028251900,1781307008145-0
concurrency_n20_20260613_002920_redis_feed11_rep1,redis,sb:events:n20:feed11:rep1,94f18e64-33fb-472f-b277-4aed5d75a394,3895113,334,29033544500,29033571900,1781307008164-0
concurrency_n20_20260613_002920_redis_feed11_rep1,redis,sb:events:n20:feed11:rep1,7308dbd9-6bee-4b1e-b03f-08c605b7c4f0,3895060,335,29042264200,29042287100,1781307008166-0
concurrency_n20_20260613_002920_redis_feed11_rep1,redis,sb:events:n20:feed11:rep1,51fbd998-f74e-4e70-a505-2f2b3d9b4289,3895134,335,29043534800,29043559400,1781307008191-0
concurrency_n20_20260613_002920_redis_feed11_rep1,redis,sb:events:n20:feed11:rep1,ce38c60d-3787-45b4-bd5c-18ab40e3d0a0,3895134,335,29044687400,29044811300,1781307008193-0
concurrency_n20_20260613_002920_redis_feed11_rep1,redis,sb:events:n20:feed11:rep1,fbe9d939-11a5-41be-ad50-bf92166b4e54,3895134,335,29046136300,29046214600,1781307008198-0
concurrency_n20_20260613_002920_redis_feed11_rep1,redis,sb:events:n20:feed11:rep1,3f220106-01eb-4fbe-af98-6e3bd3ac2a57,3895134,335,29049857100,29049886400,1781307008202-0
concurrency_n20_20260613_002920_redis_feed11_rep1,redis,sb:events:n20:feed11:rep1,5c354025-43e2-4d92-806e-430504d2a1ef,3895052,335,29065589700,29065619900,1781307008204-0
concurrency_n20_20260613_002920_redis_feed11_rep1,redis,sb:events:n20:feed11:rep1,7c0f05fc-c99b-4f43-8a1d-7fb702133afa,3895052,335,29069212000,29069236600,1781307008210-0
concurrency_n20_20260613_002920_redis_feed11_rep1,redis,sb:events:n20:feed11:rep1,5ea117e0-0da3-4476-931d-cf244d3118e4,3895060,336,29069967400,29069989500,1781307008212-0
concurrency_n20_20260613_002920_redis_feed11_rep1,redis,sb:events:n20:feed11:rep1,0bb34860-e22e-4204-8231-a1ce2998150a,3895060,336,29077291800,29077317700,1781307008213-0
concurrency_n20_20260613_002920_redis_feed11_rep1,redis,sb:events:n20:feed11:rep1,b9825d8c-508d-4914-9edf-3410d2687999,3895060,336,29078137900,29078157100,1781307008219-0
concurrency_n20_20260613_002920_redis_feed11_rep1,redis,sb:events:n20:feed11:rep1,c376f944-1974-42df-82de-80576e15c588,3895074,336,29078836900,29078856200,1781307008235-0
concurrency_n20_20260613_002920_redis_feed11_rep1,redis,sb:events:n20:feed11:rep1,7b49350d-f92c-4f31-a372-4aebb65efd24,3895052,336,29081877400,29081897700,1781307008240-0
concurrency_n20_20260613_002920_redis_feed11_rep1,redis,sb:events:n20:feed11:rep1,5ef97f45-7770-4df5-b895-879ef3b8c0a0,3895074,337,29086914700,29086946300,1781307008242-0
concurrency_n20_20260613_002920_redis_feed11_rep1,redis,sb:events:n20:feed11:rep1,2d8919d0-60af-463a-919a-735acb87e8de,3895074,337,29087925900,29087975800,1781307008243-0
concurrency_n20_20260613_002920_redis_feed11_rep1,redis,sb:events:n20:feed11:rep1,b5416488-0fe8-44ae-802a-b02e10a775f2,3895134,337,29090376700,29090404300,1781307008244-0
concurrency_n20_20260613_002920_redis_feed11_rep1,redis,sb:events:n20:feed11:rep1,c51702ca-4adc-44f7-a73b-6edb155dd166,3895134,337,29092930300,29092956000,1781307008246-0
concurrency_n20_20260613_002920_redis_feed11_rep1,redis,sb:events:n20:feed11:rep1,c50e063e-2a33-4053-b4fa-471f5556b732,3895095,338,29095529700,29095559800,1781307008247-0
concurrency_n20_20260613_002920_redis_feed11_rep1,redis,sb:events:n20:feed11:rep1,ffbf27c1-29f6-4e48-8e60-7e04b54f3717,3895121,338,29106312500,29106340900,1781307008252-0
concurrency_n20_20260613_002920_redis_feed11_rep1,redis,sb:events:n20:feed11:rep1,d16a589f-9997-491b-8a0d-5570cfd04bda,3895121,338,29107431200,29107455300,1781307008253-0
concurrency_n20_20260613_002920_redis_feed11_rep1,redis,sb:events:n20:feed11:rep1,63cfb3b8-2108-4c07-bcb3-e0dec152970c,3895060,338,29108305000,29108327000,1781307008255-0
concurrency_n20_20260613_002920_redis_feed11_rep1,redis,sb:events:n20:feed11:rep1,1809496b-088b-41a9-8997-d5b6725994a3,3895060,338,29108982900,29109002300,1781307008258-0
concurrency_n20_20260613_002920_redis_feed11_rep1,redis,sb:events:n20:feed11:rep1,4e3081cc-b767-414d-986a-de53c54bfb73,3895060,338,29112177900,29112231000,1781307008261-0
concurrency_n20_20260613_002920_redis_feed11_rep1,redis,sb:events:n20:feed11:rep1,43402693-36c4-4328-aa05-2e99f6de4774,3895074,338,29113980100,29114014200,1781307008264-0
concurrency_n20_20260613_002920_redis_feed11_rep1,redis,sb:events:n20:feed11:rep1,4c56934b-e378-47b7-ab3e-bbb0020b6770,3895113,338,29115086900,29115132900,1781307008266-0
concurrency_n20_20260613_002920_redis_feed11_rep1,redis,sb:events:n20:feed11:rep1,f9088193-a98b-4bba-9fbe-d552f7ac71df,3895060,339,29116699600,29116721100,1781307008267-0
concurrency_n20_20260613_002920_redis_feed11_rep1,redis,sb:events:n20:feed11:rep1,292b1cc0-d970-4adc-b041-bc6cb14ad9d9,3895060,339,29118857700,29118889400,1781307008268-0
concurrency_n20_20260613_002920_redis_feed11_rep1,redis,sb:events:n20:feed11:rep1,ac38a7a1-9763-4010-87b5-9d3065544d32,3895074,339,29123575200,29123603300,1781307008272-0
concurrency_n20_20260613_002920_redis_feed11_rep1,redis,sb:events:n20:feed11:rep1,56802d2d-99f2-4c75-b4d7-004588588d2c,3895074,339,29124705400,29124732900,1781307008273-0
concurrency_n20_20260613_002920_redis_feed11_rep1,redis,sb:events:n20:feed11:rep1,7ec5a9a4-706f-4c5c-995c-c9f12db2e446,3895107,339,29129341200,29129363300,1781307008275-0
concurrency_n20_20260613_002920_redis_feed11_rep1,redis,sb:events:n20:feed11:rep1,1d1c5374-b3eb-468f-9da5-5af9220eb450,3895052,339,29130400000,29130422000,1781307008278-0
concurrency_n20_20260613_002920_redis_feed11_rep1,redis,sb:events:n20:feed11:rep1,f7a5cf2b-d965-4472-9fb4-c60e51e5c022,3895052,339,29169301400,29169329500,1781307008285-0
concurrency_n20_20260613_002920_redis_feed11_rep1,redis,sb:events:n20:feed11:rep1,1ab0a8a0-fa36-4a32-ad9b-47e8d232fa3c,3895113,339,29170777500,29170804600,1781307008288-0
concurrency_n20_20260613_002920_redis_feed11_rep1,redis,sb:events:n20:feed11:rep1,3fc5fe2e-3bdf-439e-bd36-22673f035333,3895113,339,29173394500,29173425000,1781307008291-0
concurrency_n20_20260613_002920_redis_feed11_rep1,redis,sb:events:n20:feed11:rep1,619be4c6-1b66-4343-b511-77c8d4accad1,3895095,340,29175130600,29175155200,1781307008292-0
concurrency_n20_20260613_002920_redis_feed11_rep1,redis,sb:events:n20:feed11:rep1,30abf208-99e2-48ce-9275-6bd0e2464f17,3895095,340,29176029000,29176054000,1781307008293-0
concurrency_n20_20260613_002920_redis_feed11_rep1,redis,sb:events:n20:feed11:rep1,8d917c08-c9fe-4f63-bc22-561559374d74,3895095,340,29181026800,29181048900,1781307008297-0
concurrency_n20_20260613_002920_redis_feed11_rep1,redis,sb:events:n20:feed11:rep1,e45e8cef-7269-4a34-b5c0-85391def0cd5,3895121,340,29182143300,29182167400,1781307008321-0
concurrency_n20_20260613_002920_redis_feed11_rep1,redis,sb:events:n20:feed11:rep1,c18f2ed6-7147-4c77-8604-51467a34b94e,3895121,340,29183290700,29183328400,1781307008339-0
concurrency_n20_20260613_002920_redis_feed11_rep1,redis,sb:events:n20:feed11:rep1,6315f917-0392-4047-a531-351815a7f3c2,3895074,340,29185221200,29185246100,1781307008341-0
concurrency_n20_20260613_002920_redis_feed11_rep1,redis,sb:events:n20:feed11:rep1,04f0fd04-6938-4a74-b34f-246446b34e6f,3895107,340,29188949500,29188983200,1781307008347-0
concurrency_n20_20260613_002920_redis_feed11_rep1,redis,sb:events:n20:feed11:rep1,28b21554-0e4a-40a7-a625-27670feae735,3895107,340,29190018500,29190045200,1781307008348-0
concurrency_n20_20260613_002920_redis_feed11_rep1,redis,sb:events:n20:feed11:rep1,70bf7098-81a2-4770-834b-7961137bd220,3895095,341,29192072700,29192093400,1781307008349-0
concurrency_n20_20260613_002920_redis_feed11_rep1,redis,sb:events:n20:feed11:rep1,8eeb993f-688f-43d5-8593-152df535fab3,3895074,341,29192978400,29192999800,1781307008351-0
concurrency_n20_20260613_002920_redis_feed11_rep1,redis,sb:events:n20:feed11:rep1,af2d5851-36fb-46d0-8bb2-7054f40f9cae,3895107,341,29201345000,29201372200,1781307008353-0
concurrency_n20_20260613_002920_redis_feed11_rep1,redis,sb:events:n20:feed11:rep1,27eb449d-56f2-43bd-83c9-0bdf71bb3151,3895113,341,29202309200,29202333700,1781307008354-0
concurrency_n20_20260613_002920_redis_feed11_rep1,redis,sb:events:n20:feed11:rep1,84b15c49-2aaf-47a5-acf7-61997dab159e,3895113,341,29203211700,29203232800,1781307008357-0
concurrency_n20_20260613_002920_redis_feed11_rep1,redis,sb:events:n20:feed11:rep1,2820f118-4436-4b40-8647-e125058b983d,3895095,342,29204051200,29204076800,1781307008358-0
concurrency_n20_20260613_002920_redis_feed11_rep1,redis,sb:events:n20:feed11:rep1,ba034f24-f03d-40c0-8216-c23f872b2794,3895095,342,29204786000,29204806200,1781307008359-0
concurrency_n20_20260613_002920_redis_feed11_rep1,redis,sb:events:n20:feed11:rep1,7a467351-dc7a-4f62-afbc-7c01f1d6015c,3895095,342,29211466300,29211498500,1781307008360-0
concurrency_n20_20260613_002920_redis_feed11_rep1,redis,sb:events:n20:feed11:rep1,39c3916b-87ec-45b0-9dc4-2395e1a58e0c,3895060,342,29212600400,29212838800,1781307008364-0
concurrency_n20_20260613_002920_redis_feed11_rep1,redis,sb:events:n20:feed11:rep1,46040471-65f0-41da-b2bc-09c0c5be156e,3895107,342,29213787000,29213809800,1781307008366-0
concurrency_n20_20260613_002920_redis_feed11_rep1,redis,sb:events:n20:feed11:rep1,6eb9d313-b681-47e4-a14a-b20b839d7e40,3895107,342,29214781300,29214803600,1781307008370-0
concurrency_n20_20260613_002920_redis_feed11_rep1,redis,sb:events:n20:feed11:rep1,f2977f9a-ba34-4c67-86d8-6067ff494259,3895107,342,29215754200,29215778100,1781307008371-0
concurrency_n20_20260613_002920_redis_feed11_rep1,redis,sb:events:n20:feed11:rep1,bd856bdb-a742-4a57-ae94-4867e278a20d,3895134,342,29220166800,29220205300,1781307008372-0
concurrency_n20_20260613_002920_redis_feed11_rep1,redis,sb:events:n20:feed11:rep1,3d8b6373-3124-4614-8bd3-554f8545481c,3895113,342,29222740400,29222758100,1781307008379-0
concurrency_n20_20260613_002920_redis_feed11_rep1,redis,sb:events:n20:feed11:rep1,84384dad-f296-49c6-8022-beb4569da24c,3895060,343,29223546400,29223571500,1781307008380-0
concurrency_n20_20260613_002920_redis_feed11_rep1,redis,sb:events:n20:feed11:rep1,b35836c5-227c-4306-bb7f-6560ee476d9a,3895060,343,29229010300,29229042200,1781307008382-0
concurrency_n20_20260613_002920_redis_feed11_rep1,redis,sb:events:n20:feed11:rep1,ab008c7a-2b07-4eae-b099-954b9796e945,3895060,343,29231685400,29231712100,1781307008387-0
concurrency_n20_20260613_002920_redis_feed11_rep1,redis,sb:events:n20:feed11:rep1,2dee0337-4ec1-457b-b815-9d8a196054fa,3895074,343,29232433800,29232452000,1781307008389-0
concurrency_n20_20260613_002920_redis_feed11_rep1,redis,sb:events:n20:feed11:rep1,f41c6945-e298-4e35-a108-4bbed3e5b100,3895074,343,29235216000,29235239600,1781307008391-0
concurrency_n20_20260613_002920_redis_feed11_rep1,redis,sb:events:n20:feed11:rep1,419d604d-a424-4cae-a803-c460f1dc815f,3895074,343,29237612400,29237640400,1781307008392-0
concurrency_n20_20260613_002920_redis_feed11_rep1,redis,sb:events:n20:feed11:rep1,1d8551de-c1ee-4ca5-8d68-0f15eb98958f,3895107,343,29238989900,29239056900,1781307008397-0
concurrency_n20_20260613_002920_redis_feed11_rep1,redis,sb:events:n20:feed11:rep1,9babf8c5-67b9-439f-bd51-48d61e760b16,3895113,343,29244908300,29244947200,1781307008399-0
concurrency_n20_20260613_002920_redis_feed11_rep1,redis,sb:events:n20:feed11:rep1,9c55823d-4323-4766-861b-d238a3a85b03,3895113,343,29249131500,29249156000,1781307008406-0
concurrency_n20_20260613_002920_redis_feed11_rep1,redis,sb:events:n20:feed11:rep1,fd06eb44-3503-4922-b4b5-f3312ae79ae5,3895095,344,29250463800,29250489200,1781307008411-0
concurrency_n20_20260613_002920_redis_feed11_rep1,redis,sb:events:n20:feed11:rep1,72e371a5-8cb6-44a6-9b7e-d13440a95694,3895095,344,29251772700,29251800300,1781307008413-0
concurrency_n20_20260613_002920_redis_feed11_rep1,redis,sb:events:n20:feed11:rep1,79ca4247-889f-4683-a44c-3fa06bb50464,3895060,344,29256332300,29256358300,1781307008424-0
concurrency_n20_20260613_002920_redis_feed11_rep1,redis,sb:events:n20:feed11:rep1,36a8d13e-1f93-4d2b-8b45-c6838ef8ee76,3895060,344,29278692800,29278720800,1781307008428-0
concurrency_n20_20260613_002920_redis_feed11_rep1,redis,sb:events:n20:feed11:rep1,3c9f7726-9b68-4a96-a0fd-abca0df71e7c,3895107,344,29294171600,29294201100,1781307008433-0
concurrency_n20_20260613_002920_redis_feed11_rep1,redis,sb:events:n20:feed11:rep1,7f94ef98-b609-49bf-b69a-6c6c6fb25ce9,3895107,344,29296349300,29296376300,1781307008455-0
concurrency_n20_20260613_002920_redis_feed11_rep1,redis,sb:events:n20:feed11:rep1,1bc58959-c3b6-4947-98a4-bd2beed0d9a3,3895113,344,29297377800,29297399100,1781307008457-0
concurrency_n20_20260613_002920_redis_feed11_rep1,redis,sb:events:n20:feed11:rep1,2d9bc062-7203-4d6b-b97b-9dd70dd43533,3895113,344,29315084700,29315118300,1781307008465-0
concurrency_n20_20260613_002920_redis_feed11_rep1,redis,sb:events:n20:feed11:rep1,432ae0a0-c58e-4922-9d9c-e18b893e4943,3895095,345,29318123600,29318154400,1781307008466-0
concurrency_n20_20260613_002920_redis_feed11_rep1,redis,sb:events:n20:feed11:rep1,1591db9c-ff05-4166-bdd8-5aa39ba3b255,3895095,345,29320815100,29320843400,1781307008471-0
concurrency_n20_20260613_002920_redis_feed11_rep1,redis,sb:events:n20:feed11:rep1,a50f2ca1-6386-4b5f-96a4-88c212f1e059,3895107,345,29323598200,29323619500,1781307008483-0
concurrency_n20_20260613_002920_redis_feed11_rep1,redis,sb:events:n20:feed11:rep1,1145ec18-0385-4a9a-afa7-6af3fe19cc8d,3895134,345,29327838500,29327868200,1781307008485-0
concurrency_n20_20260613_002920_redis_feed11_rep1,redis,sb:events:n20:feed11:rep1,95ae91bc-578d-4b57-a36f-887eb4c66378,3895134,345,29330930600,29330959000,1781307008488-0
concurrency_n20_20260613_002920_redis_feed11_rep1,redis,sb:events:n20:feed11:rep1,ee9ea508-8f1e-4e9c-80d5-fa066cb16b25,3895113,345,29333129600,29333161100,1781307008490-0
concurrency_n20_20260613_002920_redis_feed11_rep1,redis,sb:events:n20:feed11:rep1,544cfa4b-c713-4a3c-a50b-70632e79ba7f,3895113,345,29350601900,29350623500,1781307008492-0
concurrency_n20_20260613_002920_redis_feed11_rep1,redis,sb:events:n20:feed11:rep1,75285962-3d92-4618-8457-28b7b780d192,3895107,346,29351639800,29351663300,1781307008498-0
concurrency_n20_20260613_002920_redis_feed11_rep1,redis,sb:events:n20:feed11:rep1,ac48dcc4-9c6a-4816-a531-4561b8da0ebb,3895107,346,29352399000,29352421900,1781307008510-0
concurrency_n20_20260613_002920_redis_feed11_rep1,redis,sb:events:n20:feed11:rep1,37acd007-1461-4018-98d9-9768ed35bffa,3895134,346,29353509800,29353536300,1781307008515-0
concurrency_n20_20260613_002920_redis_feed11_rep1,redis,sb:events:n20:feed11:rep1,0dd41e1b-acba-4aba-81bf-b1fcb066ec70,3895134,346,29355476700,29355499000,1781307008520-0
concurrency_n20_20260613_002920_redis_feed11_rep1,redis,sb:events:n20:feed11:rep1,ba3ff544-13c4-4a77-b3cf-fdc0569d4948,3895067,347,29358638200,29359085000,1781307008521-0
concurrency_n20_20260613_002920_redis_feed11_rep1,redis,sb:events:n20:feed11:rep1,9ebf1956-333d-441d-8340-a3d9b2efd2f2,3895107,347,29360610300,29360633900,1781307008522-0
concurrency_n20_20260613_002920_redis_feed11_rep1,redis,sb:events:n20:feed11:rep1,3f516b22-ee40-4efe-a6a4-6b76dec2ed43,3895052,347,29362244900,29362269500,1781307008527-0
concurrency_n20_20260613_002920_redis_feed11_rep1,redis,sb:events:n20:feed11:rep1,d0d2c9bb-b2d1-4329-8cce-d7c58282e975,3895086,347,29363509000,29363542300,1781307008529-0
concurrency_n20_20260613_002920_redis_feed11_rep1,redis,sb:events:n20:feed11:rep1,f1371f3b-05f3-4445-902c-d8f3bb1542fb,3895113,347,29365817500,29365889400,1781307008530-0
concurrency_n20_20260613_002920_redis_feed11_rep1,redis,sb:events:n20:feed11:rep1,d6ab8ba6-67c1-430b-8b9f-90523edc8bb8,3895095,348,29368016600,29368035200,1781307008531-0
concurrency_n20_20260613_002920_redis_feed11_rep1,redis,sb:events:n20:feed11:rep1,b45c1713-cdd8-4c1b-91dc-3a64d437ddfa,3895107,348,29368916800,29368939300,1781307008532-0
concurrency_n20_20260613_002920_redis_feed11_rep1,redis,sb:events:n20:feed11:rep1,8c3f9bee-a8a1-4e73-adce-38c5d8374870,3895107,348,29370258800,29370319200,1781307008534-0
concurrency_n20_20260613_002920_redis_feed11_rep1,redis,sb:events:n20:feed11:rep1,44ab001f-4d1d-4de1-b63c-e57d9d5f65d0,3895113,348,29373050600,29373077900,1781307008535-0
concurrency_n20_20260613_002920_redis_feed11_rep1,redis,sb:events:n20:feed11:rep1,77bb8929-ccb4-4d5f-bbe2-2f0cddd68551,3895113,348,29378046400,29378070300,1781307008536-0
concurrency_n20_20260613_002920_redis_feed11_rep1,redis,sb:events:n20:feed11:rep1,423b17a2-1559-4a45-93ec-63e0b06247d2,3895121,349,29379185800,29379207600,1781307008537-0
concurrency_n20_20260613_002920_redis_feed11_rep1,redis,sb:events:n20:feed11:rep1,6b13594f-1e9a-4e86-b054-5bf465657daf,3895074,349,29379890400,29379910400,1781307008544-0
concurrency_n20_20260613_002920_redis_feed11_rep1,redis,sb:events:n20:feed11:rep1,a375e4ce-c2a1-40cb-a345-67396467f5c0,3895107,349,29401587900,29401616900,1781307008547-0
concurrency_n20_20260613_002920_redis_feed11_rep1,redis,sb:events:n20:feed11:rep1,aa7bac1a-585b-4860-8a08-dccac94ceef6,3895052,349,29403019400,29403042000,1781307008548-0
concurrency_n20_20260613_002920_redis_feed11_rep1,redis,sb:events:n20:feed11:rep1,f5754023-5f50-4bb2-a974-a76618d41e73,3895086,349,29403993500,29404015800,1781307008562-0
concurrency_n20_20260613_002920_redis_feed11_rep1,redis,sb:events:n20:feed11:rep1,f7301563-b4ea-408d-a5ed-7512612d2757,3895086,349,29407113400,29407153700,1781307008565-0
concurrency_n20_20260613_002920_redis_feed11_rep1,redis,sb:events:n20:feed11:rep1,ce266724-c08b-403c-b604-2b4fa1ab5ad4,3895113,349,29412340000,29412367200,1781307008567-0
concurrency_n20_20260613_002920_redis_feed11_rep1,redis,sb:events:n20:feed11:rep1,2ea9d0ec-a028-47f0-a7d4-c19bac12e727,3895095,350,29413574400,29413599100,1781307008573-0
concurrency_n20_20260613_002920_redis_feed11_rep1,redis,sb:events:n20:feed11:rep1,531febc4-d1a2-4398-ac27-7c534bca2622,3895095,350,29414421200,29414444800,1781307008574-0
concurrency_n20_20260613_002920_redis_feed11_rep1,redis,sb:events:n20:feed11:rep1,44f62541-fa13-421a-883e-363593814133,3895121,350,29416327900,29416359400,1781307008580-0
concurrency_n20_20260613_002920_redis_feed11_rep1,redis,sb:events:n20:feed11:rep1,c5f5c5d8-0a54-458d-b298-0d47bbb405a1,3895121,350,29420359100,29420399500,1781307008582-0
concurrency_n20_20260613_002920_redis_feed11_rep1,redis,sb:events:n20:feed11:rep1,5a0e4337-083a-4631-8324-2a2ae7fb9736,3895067,350,29431423500,29431520800,1781307008583-0
concurrency_n20_20260613_002920_redis_feed11_rep1,redis,sb:events:n20:feed11:rep1,5095e9f2-b041-49a3-9ebb-54b9544ec710,3895067,350,29456326400,29456364500,1781307008584-0
concurrency_n20_20260613_002920_redis_feed11_rep1,redis,sb:events:n20:feed11:rep1,dbfe72ee-8e62-4ebe-b6c7-9217a53d5803,3895067,350,29463907900,29463935400,1781307008589-0
concurrency_n20_20260613_002920_redis_feed11_rep1,redis,sb:events:n20:feed11:rep1,900a039a-e94b-4b2f-8b24-47ca5923b12c,3895107,350,29464893600,29464991800,1781307008599-0
concurrency_n20_20260613_002920_redis_feed11_rep1,redis,sb:events:n20:feed11:rep1,013d2f57-a3d8-41b5-98c1-00a242e11384,3895107,350,29465819100,29465843000,1781307008610-0
concurrency_n20_20260613_002920_redis_feed11_rep1,redis,sb:events:n20:feed11:rep1,255d6e3d-7309-485e-ad7b-8fa794aa5b9e,3895052,350,29466995700,29467021900,1781307008622-0
concurrency_n20_20260613_002920_redis_feed11_rep1,redis,sb:events:n20:feed11:rep1,db882fff-09aa-47b4-9837-5eb7852c46cc,3895113,350,29468066400,29468090900,1781307008625-0
concurrency_n20_20260613_002920_redis_feed11_rep1,redis,sb:events:n20:feed11:rep1,8520ef69-be71-4c8e-8beb-cc29f4554038,3895113,350,29475220100,29475244800,1781307008627-0
concurrency_n20_20260613_002920_redis_feed11_rep1,redis,sb:events:n20:feed11:rep1,e636d562-f572-4462-a730-c3e48e5fc8dc,3895121,351,29475871400,29475920700,1781307008628-0
concurrency_n20_20260613_002920_redis_feed11_rep1,redis,sb:events:n20:feed11:rep1,929983a0-f737-483c-8ccc-c22dd0b4c758,3895121,351,29476677300,29476695800,1781307008629-0
concurrency_n20_20260613_002920_redis_feed11_rep1,redis,sb:events:n20:feed11:rep1,5d042596-1978-41d1-b07e-d438d6e68678,3895074,351,29478434500,29478460800,1781307008630-0
concurrency_n20_20260613_002920_redis_feed11_rep1,redis,sb:events:n20:feed11:rep1,a14133d0-1a67-4da3-bda8-b019d9a65546,3895074,351,29483198100,29483226400,1781307008631-0
concurrency_n20_20260613_002920_redis_feed11_rep1,redis,sb:events:n20:feed11:rep1,97373857-8573-46fe-8502-0ec9ec5dbafb,3895074,351,29484720700,29484744300,1781307008632-0
concurrency_n20_20260613_002920_redis_feed11_rep1,redis,sb:events:n20:feed11:rep1,92eec2ef-ec3f-42b8-8f5a-18fc3408c000,3895134,351,29485816100,29485841900,1781307008634-0
concurrency_n20_20260613_002920_redis_feed11_rep1,redis,sb:events:n20:feed11:rep1,0674a04b-50d5-4a36-b451-937df82b0b82,3895052,351,29486538500,29486587200,1781307008635-0
concurrency_n20_20260613_002920_redis_feed11_rep1,redis,sb:events:n20:feed11:rep1,9ee96fd8-7e6a-4530-99f7-e8fe35b831d6,3895052,351,29487501200,29487544900,1781307008637-0
concurrency_n20_20260613_002920_redis_feed11_rep1,redis,sb:events:n20:feed11:rep1,e6ea7a99-989a-4a27-bf9e-0eac58318c01,3895086,351,29488588100,29488610600,1781307008639-0
concurrency_n20_20260613_002920_redis_feed11_rep1,redis,sb:events:n20:feed11:rep1,f7e9fa20-5fb2-4d16-868d-a2506930f758,3895086,351,29494139400,29494169000,1781307008645-0
concurrency_n20_20260613_002920_redis_feed11_rep1,redis,sb:events:n20:feed11:rep1,808af9fa-4b11-4c37-96c7-ac81aabe7b00,3895086,351,29495117600,29495193500,1781307008647-0
concurrency_n20_20260613_002920_redis_feed11_rep1,redis,sb:events:n20:feed11:rep1,c4478270-22e1-4a2e-b21e-5e0def1a5ade,3895095,352,29495936600,29495981500,1781307008652-0
concurrency_n20_20260613_002920_redis_feed11_rep1,redis,sb:events:n20:feed11:rep1,0da76901-89e3-4054-96a5-ef5d4fdcd847,3895121,352,29497195700,29497304300,1781307008654-0
concurrency_n20_20260613_002920_redis_feed11_rep1,redis,sb:events:n20:feed11:rep1,4f41e8c4-02b8-40e7-9d40-2ce3a724fa72,3895121,352,29508838100,29508873800,1781307008655-0
concurrency_n20_20260613_002920_redis_feed11_rep1,redis,sb:events:n20:feed11:rep1,636679fa-6ff4-4b70-b8da-80c52344fd3e,3895067,352,29515782600,29515813200,1781307008656-0
concurrency_n20_20260613_002920_redis_feed11_rep1,redis,sb:events:n20:feed11:rep1,6cf92e59-803f-45c6-93a9-1af3645b6d04,3895067,352,29518257500,29518280100,1781307008664-0
concurrency_n20_20260613_002920_redis_feed11_rep1,redis,sb:events:n20:feed11:rep1,c8095c62-7453-463a-8f11-f45a07e2d6a1,3895067,352,29519217900,29519236200,1781307008665-0
concurrency_n20_20260613_002920_redis_feed11_rep1,redis,sb:events:n20:feed11:rep1,022b80dd-c3d4-496a-b9a1-13ec8f95ef16,3895074,352,29524847900,29524872900,1781307008674-0
concurrency_n20_20260613_002920_redis_feed11_rep1,redis,sb:events:n20:feed11:rep1,690ccf73-3c6e-4ca8-af6d-43e2cd71d9a4,3895121,353,29525553500,29525576600,1781307008684-0
concurrency_n20_20260613_002920_redis_feed11_rep1,redis,sb:events:n20:feed11:rep1,1ba2479a-3e74-4346-b068-44f45c8da8b3,3895074,353,29527159800,29527192000,1781307008686-0
concurrency_n20_20260613_002920_redis_feed11_rep1,redis,sb:events:n20:feed11:rep1,4b593dcb-bc9a-4b6b-b866-de06556e75ad,3895074,353,29546159600,29546194600,1781307008692-0
concurrency_n20_20260613_002920_redis_feed11_rep1,redis,sb:events:n20:feed11:rep1,5f4d249d-781d-4e55-93cd-45a93e706aa6,3895074,353,29547884600,29547922000,1781307008694-0
concurrency_n20_20260613_002920_redis_feed11_rep1,redis,sb:events:n20:feed11:rep1,c567a09c-23a2-41c2-9952-05e8de3b17f1,3895134,353,29548822800,29548876500,1781307008694-1
concurrency_n20_20260613_002920_redis_feed11_rep1,redis,sb:events:n20:feed11:rep1,0844a9d6-fbb5-4a26-8687-53ad754f56e7,3895134,353,29550293900,29550327300,1781307008699-0
concurrency_n20_20260613_002920_redis_feed11_rep1,redis,sb:events:n20:feed11:rep1,a3df59c8-cf02-4d37-bf5b-d2589fd3e6bf,3895086,353,29551382000,29551402900,1781307008701-0
concurrency_n20_20260613_002920_redis_feed11_rep1,redis,sb:events:n20:feed11:rep1,3d81beef-a8a3-49e4-b1bc-b3ac126fcc44,3895095,354,29554637700,29554665000,1781307008703-0
concurrency_n20_20260613_002920_redis_feed11_rep1,redis,sb:events:n20:feed11:rep1,1635501e-6069-489e-bc97-60be68d5acbf,3895095,354,29556704400,29556729200,1781307008707-0
concurrency_n20_20260613_002920_redis_feed11_rep1,redis,sb:events:n20:feed11:rep1,a2cf3355-33aa-42c4-b369-9e5258da011e,3895095,354,29558089800,29558113500,1781307008709-0
concurrency_n20_20260613_002920_redis_feed11_rep1,redis,sb:events:n20:feed11:rep1,0613d0f6-5512-4f13-8c54-69900aeffd4c,3895121,354,29559027200,29559048800,1781307008711-0
concurrency_n20_20260613_002920_redis_feed11_rep1,redis,sb:events:n20:feed11:rep1,4fcfcc60-392e-48ff-bfda-3738123b9b14,3895067,354,29568635600,29568660600,1781307008713-0
concurrency_n20_20260613_002920_redis_feed11_rep1,redis,sb:events:n20:feed11:rep1,3c9d821e-cd1d-40d8-b6cc-ebfdba7e3552,3895067,354,29584922100,29584975500,1781307008715-0
concurrency_n20_20260613_002920_redis_feed11_rep1,redis,sb:events:n20:feed11:rep1,9e467124-ed14-41b1-ae7c-83af31974e51,3895074,354,29586101000,29586126400,1781307008717-0
concurrency_n20_20260613_002920_redis_feed11_rep1,redis,sb:events:n20:feed11:rep1,dbd193b4-9436-4a57-930e-b83bcb5dda0b,3895074,354,29587100900,29587125100,1781307008722-0
concurrency_n20_20260613_002920_redis_feed11_rep1,redis,sb:events:n20:feed11:rep1,e505e81c-2a00-4469-b96d-4138c8795413,3895074,354,29595920300,29595951600,1781307008724-0
concurrency_n20_20260613_002920_redis_feed11_rep1,redis,sb:events:n20:feed11:rep1,05e5ad24-d023-49d2-aa5a-330e3c90ce62,3895134,354,29597540200,29597568100,1781307008726-0
concurrency_n20_20260613_002920_redis_feed11_rep1,redis,sb:events:n20:feed11:rep1,35bb4379-6293-40c4-8b6e-bded481be933,3895095,355,29598798600,29598818700,1781307008727-0
concurrency_n20_20260613_002920_redis_feed11_rep1,redis,sb:events:n20:feed11:rep1,0f08928d-929c-417d-9c32-4b22b7ff172f,3895095,355,29599904200,29599954700,1781307008736-0
concurrency_n20_20260613_002920_redis_feed11_rep1,redis,sb:events:n20:feed11:rep1,8b96b887-80a9-4a57-99dd-415b5e19a6a0,3895095,355,29601433900,29601466300,1781307008742-0
concurrency_n20_20260613_002920_redis_feed11_rep1,redis,sb:events:n20:feed11:rep1,11f82d11-f3aa-4650-9992-9dc2e6838811,3895067,355,29603152600,29603177000,1781307008752-0
concurrency_n20_20260613_002920_redis_feed11_rep1,redis,sb:events:n20:feed11:rep1,a14fbff7-c39f-4bca-9a3e-9f2af4f6d1c9,3895067,355,29605599600,29605627700,1781307008754-0
concurrency_n20_20260613_002920_redis_feed11_rep1,redis,sb:events:n20:feed11:rep1,da3669aa-68ba-4aa3-a220-6f073829d078,3895067,355,29606742100,29606774500,1781307008759-0
concurrency_n20_20260613_002920_redis_feed11_rep1,redis,sb:events:n20:feed11:rep1,8e9b56bf-c9eb-4d50-a829-b70de02f7adb,3895134,355,29611393700,29611494400,1781307008760-0
concurrency_n20_20260613_002920_redis_feed11_rep1,redis,sb:events:n20:feed11:rep1,c9545898-f161-4c9d-9a0b-8793de625bcc,3895134,355,29613639900,29613717600,1781307008761-0
concurrency_n20_20260613_002920_redis_feed11_rep1,redis,sb:events:n20:feed11:rep1,0f0946e2-9309-4794-87fe-89df747a3e6d,3895086,355,29614630900,29614657500,1781307008762-0
concurrency_n20_20260613_002920_redis_feed11_rep1,redis,sb:events:n20:feed11:rep1,cd3f2d0a-aeb3-4b34-a0f2-3eb12e54bd55,3895086,355,29615577900,29615597600,1781307008766-0
concurrency_n20_20260613_002920_redis_feed11_rep1,redis,sb:events:n20:feed11:rep1,67d749a9-d258-4ad4-ac55-609ba90cf84c,3895113,355,29616508000,29616555400,1781307008767-0
concurrency_n20_20260613_002920_redis_feed11_rep1,redis,sb:events:n20:feed11:rep1,abfe23c2-ade5-4f19-9243-c42bc6acc499,3895095,356,29617330900,29618166500,1781307008769-0
concurrency_n20_20260613_002920_redis_feed11_rep1,redis,sb:events:n20:feed11:rep1,6ac4f18d-3142-4279-ad27-1b5c1f29213c,3895095,356,29619906700,29619935500,1781307008773-0
concurrency_n20_20260613_002920_redis_feed11_rep1,redis,sb:events:n20:feed11:rep1,958d8eff-6600-41d0-b547-651815753987,3895095,356,29621974200,29621995600,1781307008775-0
concurrency_n20_20260613_002920_redis_feed11_rep1,redis,sb:events:n20:feed11:rep1,5ed9a389-42e1-4784-be3d-4cbebb664292,3895095,356,29622850900,29622872900,1781307008779-0
concurrency_n20_20260613_002920_redis_feed11_rep1,redis,sb:events:n20:feed11:rep1,ecdc4eb5-081e-4867-970a-cfe7e3dec346,3895121,356,29624716200,29624740500,1781307008780-0
concurrency_n20_20260613_002920_redis_feed11_rep1,redis,sb:events:n20:feed11:rep1,38505484-d1c7-4960-896e-5776910748bc,3895121,356,29625772500,29625829700,1781307008782-0
concurrency_n20_20260613_002920_redis_feed11_rep1,redis,sb:events:n20:feed11:rep1,cc9e27ee-245f-4af1-a5bb-614ae8d6c057,3895121,356,29626954000,29626980300,1781307008784-0
concurrency_n20_20260613_002920_redis_feed11_rep1,redis,sb:events:n20:feed11:rep1,ead79ea4-823f-4a03-8f36-d2982bb018e2,3895067,356,29628315800,29628340900,1781307008785-0
concurrency_n20_20260613_002920_redis_feed11_rep1,redis,sb:events:n20:feed11:rep1,00f2c51f-ecac-4106-968a-1cce717d6a91,3895074,356,29629283900,29629308400,1781307008786-0
concurrency_n20_20260613_002920_redis_feed11_rep1,redis,sb:events:n20:feed11:rep1,ba2388ef-4130-4f6e-81f1-ea3241225526,3895074,356,29630298000,29630316700,1781307008791-0
concurrency_n20_20260613_002920_redis_feed11_rep1,redis,sb:events:n20:feed11:rep1,152698ea-6ce8-4b88-9161-24663669ee93,3895134,356,29638200300,29638221500,1781307008792-0
concurrency_n20_20260613_002920_redis_feed11_rep1,redis,sb:events:n20:feed11:rep1,a2877987-23c1-4047-b18d-b2e9a7a16eaa,3895134,356,29660450600,29660491600,1781307008793-0
concurrency_n20_20260613_002920_redis_feed11_rep1,redis,sb:events:n20:feed11:rep1,f860c0f1-35fa-4b68-bae2-0b3826695770,3895095,357,29663500300,29663525400,1781307008794-0
concurrency_n20_20260613_002920_redis_feed11_rep1,redis,sb:events:n20:feed11:rep1,dfda4064-2960-4520-ba52-9ed4894ac590,3895121,357,29678462600,29678492600,1781307008796-0
concurrency_n20_20260613_002920_redis_feed11_rep1,redis,sb:events:n20:feed11:rep1,214c184b-01af-4b15-a374-02e2b44b5e63,3895074,357,29702818700,29702896700,1781307008797-0
concurrency_n20_20260613_002920_redis_feed11_rep1,redis,sb:events:n20:feed11:rep1,6cbd006a-52e4-4a4c-93c1-c5704aeb8549,3895052,357,29706977100,29707004300,1781307008798-0
concurrency_n20_20260613_002920_redis_feed11_rep1,redis,sb:events:n20:feed11:rep1,c0007622-67a8-466c-9108-c712e65fe291,3895113,357,29718971100,29718999200,1781307008800-0
concurrency_n20_20260613_002920_redis_feed11_rep1,redis,sb:events:n20:feed11:rep1,0281400d-53a7-4dc7-a6b8-99471e9c4ecb,3895113,357,29721748200,29721782400,1781307008801-0
concurrency_n20_20260613_002920_redis_feed11_rep1,redis,sb:events:n20:feed11:rep1,ce9db25a-5fec-4547-8526-61c3141c4d0d,3895067,358,29723621600,29723658500,1781307008803-0
concurrency_n20_20260613_002920_redis_feed11_rep1,redis,sb:events:n20:feed11:rep1,3aab850c-1a11-4641-bf19-c6c5f966abb3,3895067,358,29730627600,29730653000,1781307008807-0
concurrency_n20_20260613_002920_redis_feed11_rep1,redis,sb:events:n20:feed11:rep1,edf1a557-c2a7-42cc-ae0f-78d824ad78ca,3895052,358,29735142300,29735174300,1781307008826-0
concurrency_n20_20260613_002920_redis_feed11_rep1,redis,sb:events:n20:feed11:rep1,60b08e8c-3c15-4d30-8ebb-c5f83e449d83,3895052,358,29736971800,29737004900,1781307008830-0
concurrency_n20_20260613_002920_redis_feed11_rep1,redis,sb:events:n20:feed11:rep1,de72c156-22fc-4732-889a-d7c7e5f73bdc,3895052,358,29741055800,29741091600,1781307008844-0
concurrency_n20_20260613_002920_redis_feed11_rep1,redis,sb:events:n20:feed11:rep1,28cf5ab9-fc42-47ce-ae7c-43a10aba3bcc,3895134,358,29754484100,29754511200,1781307008871-0
concurrency_n20_20260613_002920_redis_feed11_rep1,redis,sb:events:n20:feed11:rep1,0e144e45-eed9-4c1f-b16e-f7fd087181a9,3895086,358,29763357500,29763389500,1781307008887-0
concurrency_n20_20260613_002920_redis_feed11_rep1,redis,sb:events:n20:feed11:rep1,245d3f1d-83b4-4ba5-899a-a743f64dc044,3895113,358,29765069300,29765095800,1781307008892-0
concurrency_n20_20260613_002920_redis_feed11_rep1,redis,sb:events:n20:feed11:rep1,f8786ba2-27cb-40e0-bd36-0bff4387846e,3895134,359,29766071100,29766095500,1781307008893-0
concurrency_n20_20260613_002920_redis_feed11_rep1,redis,sb:events:n20:feed11:rep1,f9c3a117-027a-43e5-9189-2884e85151bf,3895134,359,29771644900,29771675600,1781307008896-0
concurrency_n20_20260613_002920_redis_feed11_rep1,redis,sb:events:n20:feed11:rep1,f9627c67-19a0-4814-94b7-cca3d3e36e1e,3895086,359,29775086200,29775113000,1781307008899-0
concurrency_n20_20260613_002920_redis_feed11_rep1,redis,sb:events:n20:feed11:rep1,0fa3e9fc-8f59-4d93-ad54-9dafec6fe2cb,3895086,359,29792235100,29792262500,1781307008904-0
concurrency_n20_20260613_002920_redis_feed11_rep1,redis,sb:events:n20:feed11:rep1,e20fe4de-bcb4-4354-a27d-c27fe5b54a9c,3895086,359,29799433900,29799466100,1781307008919-0
concurrency_n20_20260613_002920_redis_feed11_rep1,redis,sb:events:n20:feed11:rep1,02992e62-fe65-4047-a654-9d393d3e5e92,3895086,359,29802449600,29802479900,1781307008931-0
concurrency_n20_20260613_002920_redis_feed11_rep1,redis,sb:events:n20:feed11:rep1,60bce52d-2353-40d5-986f-2f7e0c049878,3895113,359,29803377200,29803402300,1781307008933-0
concurrency_n20_20260613_002920_redis_feed11_rep1,redis,sb:events:n20:feed11:rep1,2fe9d024-0f17-41f3-83f8-fbca099420c4,3895113,359,29804303100,29804323400,1781307008935-0
concurrency_n20_20260613_002920_redis_feed11_rep1,redis,sb:events:n20:feed11:rep1,8babaa5e-85a6-4d8b-964c-b66c4119fcd6,3895113,359,29805132500,29805152000,1781307008937-0
concurrency_n20_20260613_002920_redis_feed11_rep1,redis,sb:events:n20:feed11:rep1,355b7db0-1547-4fc3-82b8-5c15b55cf280,3895095,360,29809653700,29809677500,1781307008942-0
concurrency_n20_20260613_002920_redis_feed11_rep1,redis,sb:events:n20:feed11:rep1,cff91afe-1d5c-4f6f-8895-e785eced2820,3895095,360,29810941000,29810973200,1781307008957-0
concurrency_n20_20260613_002920_redis_feed11_rep1,redis,sb:events:n20:feed11:rep1,ee92e12e-f23a-4761-a845-0961fa9055f1,3895121,360,29815331500,29815355700,1781307008968-0
concurrency_n20_20260613_002920_redis_feed11_rep1,redis,sb:events:n20:feed11:rep1,f313c992-04cf-4ac8-9bab-46a71fb7d6f0,3895121,360,29816868200,29816928800,1781307008969-0
concurrency_n20_20260613_002920_redis_feed11_rep1,redis,sb:events:n20:feed11:rep1,6e770056-0d66-4c82-9be5-1b5ca3bc8fea,3895052,360,29825368100,29825401800,1781307008971-0
concurrency_n20_20260613_002920_redis_feed11_rep1,redis,sb:events:n20:feed11:rep1,ee281be8-1568-4ee1-9896-2779797d84ae,3895052,360,29838413100,29838437500,1781307008972-0
concurrency_n20_20260613_002920_redis_feed11_rep1,redis,sb:events:n20:feed11:rep1,282d6fe5-de30-4959-b323-4b5e8779ac01,3895134,360,29840368100,29840427600,1781307008977-0
concurrency_n20_20260613_002920_redis_feed11_rep1,redis,sb:events:n20:feed11:rep1,2dfda464-8059-45fd-b9f3-c98ea63a12e8,3895067,361,29842038500,29842065500,1781307008979-0
concurrency_n20_20260613_002920_redis_feed11_rep1,redis,sb:events:n20:feed11:rep1,f1c2c38d-0bf7-48c9-812b-59135e52e6c2,3895074,361,29843077200,29843250000,1781307008982-0
concurrency_n20_20260613_002920_redis_feed11_rep1,redis,sb:events:n20:feed11:rep1,e00464cd-75d7-4ead-b904-c7236b444d70,3895134,361,29855703400,29855731700,1781307008984-0
concurrency_n20_20260613_002920_redis_feed11_rep1,redis,sb:events:n20:feed11:rep1,5007fa57-f4c9-4e85-a5f9-f8b74f1ec2e8,3895134,361,29857661700,29857691200,1781307008986-0
concurrency_n20_20260613_002920_redis_feed11_rep1,redis,sb:events:n20:feed11:rep1,3476ed98-2de1-4af9-ae70-98e661dce747,3895086,361,29859187300,29859213300,1781307008993-0
concurrency_n20_20260613_002920_redis_feed11_rep1,redis,sb:events:n20:feed11:rep1,36860fee-d690-4a82-92c1-2ce4512541be,3895086,361,29860468800,29860500500,1781307009005-0
concurrency_n20_20260613_002920_redis_feed11_rep1,redis,sb:events:n20:feed11:rep1,a463ae1e-6b26-4133-9944-dced564e7662,3895086,361,29864913000,29864938400,1781307009008-0
concurrency_n20_20260613_002920_redis_feed11_rep1,redis,sb:events:n20:feed11:rep1,3b117be0-886b-41b1-acc0-2a795d50b148,3895113,361,29886315600,29886344100,1781307009009-0
concurrency_n20_20260613_002920_redis_feed11_rep1,redis,sb:events:n20:feed11:rep1,c20ec538-b95e-4fde-bd21-1e0819073174,3895113,361,29888337200,29888367400,1781307009015-0
concurrency_n20_20260613_002920_redis_feed11_rep1,redis,sb:events:n20:feed11:rep1,08dca067-1875-49e1-8696-b36931d5a065,3895113,361,29909046600,29909076300,1781307009016-0
concurrency_n20_20260613_002920_redis_feed11_rep1,redis,sb:events:n20:feed11:rep1,defd9a85-07d2-45a1-bed5-12073c366a13,3895095,362,29914878100,29914903700,1781307009017-0
concurrency_n20_20260613_002920_redis_feed11_rep1,redis,sb:events:n20:feed11:rep1,9046d726-2398-4328-8011-506c88d8080f,3895095,362,29915692900,29915711400,1781307009023-0
concurrency_n20_20260613_002920_redis_feed11_rep1,redis,sb:events:n20:feed11:rep1,fb619b46-3deb-488a-bd9d-be13628389f9,3895074,362,29916559300,29916578700,1781307009024-0
concurrency_n20_20260613_002920_redis_feed11_rep1,redis,sb:events:n20:feed11:rep1,7abf4506-6455-4e0b-8802-01f2dfa27e88,3895074,362,29918155400,29918177000,1781307009026-0
concurrency_n20_20260613_002920_redis_feed11_rep1,redis,sb:events:n20:feed11:rep1,c67a22ed-5cd6-42ad-999c-652ccca43f74,3895074,362,29918862200,29918888700,1781307009031-0
concurrency_n20_20260613_002920_redis_feed11_rep1,redis,sb:events:n20:feed11:rep1,aa8f36fc-cb33-4568-b372-7c1c883c17a0,3895052,362,29925874100,29925900500,1781307009033-0
concurrency_n20_20260613_002920_redis_feed11_rep1,redis,sb:events:n20:feed11:rep1,8458aa78-520c-4345-b04f-b85b35a96d00,3895121,363,29926929000,29926954900,1781307009035-0
concurrency_n20_20260613_002920_redis_feed11_rep1,redis,sb:events:n20:feed11:rep1,f6135718-1c31-45cb-893b-113626a17b67,3895121,363,29927956400,29927975900,1781307009038-0
concurrency_n20_20260613_002920_redis_feed11_rep1,redis,sb:events:n20:feed11:rep1,0fffe00c-e44e-4e93-8a65-20e01cf8f43c,3895121,363,29929035300,29929054800,1781307009041-0
concurrency_n20_20260613_002920_redis_feed11_rep1,redis,sb:events:n20:feed11:rep1,2e0ee3af-b22d-44f1-9021-f28ef06bac68,3895052,363,29930023500,29930042200,1781307009050-0
concurrency_n20_20260613_002920_redis_feed11_rep1,redis,sb:events:n20:feed11:rep1,ad40b95f-3d3b-4c06-94f6-a8ccc28c9854,3895052,363,29930973900,29930995400,1781307009064-0
concurrency_n20_20260613_002920_redis_feed11_rep1,redis,sb:events:n20:feed11:rep1,1974342f-bb31-4283-bc10-0840f8cebf69,3895052,363,29935876100,29935898300,1781307009077-0
concurrency_n20_20260613_002920_redis_feed11_rep1,redis,sb:events:n20:feed11:rep1,c113e55e-e19b-4e04-a5ab-a22df4b23459,3895052,363,29940198600,29940228800,1781307009079-0
concurrency_n20_20260613_002920_redis_feed11_rep1,redis,sb:events:n20:feed11:rep1,fcafc7bc-afa4-4766-8fc6-ce4a1355cff6,3895134,363,29941593200,29941615800,1781307009085-0
concurrency_n20_20260613_002920_redis_feed11_rep1,redis,sb:events:n20:feed11:rep1,57a5e193-63f6-469f-9df6-5e044744d3ae,3895095,364,29942443000,29942463000,1781307009086-0
concurrency_n20_20260613_002920_redis_feed11_rep1,redis,sb:events:n20:feed11:rep1,475c8a17-3068-489b-bfc4-5590d9df9115,3895067,364,29943196400,29943216800,1781307009087-0
concurrency_n20_20260613_002920_redis_feed11_rep1,redis,sb:events:n20:feed11:rep1,7c01b171-f84a-496c-8a7e-a693249c1a76,3895067,364,29946125600,29946164200,1781307009094-0
concurrency_n20_20260613_002920_redis_feed11_rep1,redis,sb:events:n20:feed11:rep1,d53c3462-aa56-4d95-ab95-6ee2d4f78636,3895067,364,29947724600,29947752100,1781307009095-0
concurrency_n20_20260613_002920_redis_feed11_rep1,redis,sb:events:n20:feed11:rep1,aa6ed303-203b-4646-bbbd-87b7c7567e99,3895095,365,29949019500,29949045300,1781307009096-0
concurrency_n20_20260613_002920_redis_feed11_rep1,redis,sb:events:n20:feed11:rep1,c218797c-605e-41c4-815a-49f6c92710a0,3895121,365,29953364100,29953472000,1781307009103-0
concurrency_n20_20260613_002920_redis_feed11_rep1,redis,sb:events:n20:feed11:rep1,f385f689-9a82-413a-8faa-3518eafa39fc,3895067,365,29958209800,29958240400,1781307009105-0
concurrency_n20_20260613_002920_redis_feed11_rep1,redis,sb:events:n20:feed11:rep1,8245ac64-0941-4583-8527-e3465503a2d2,3895067,365,29961234200,29961263600,1781307009106-0
concurrency_n20_20260613_002920_redis_feed11_rep1,redis,sb:events:n20:feed11:rep1,d92d6a0f-6b31-445d-bb13-06669032372a,3895067,365,29962629600,29962659900,1781307009109-0
concurrency_n20_20260613_002920_redis_feed11_rep1,redis,sb:events:n20:feed11:rep1,ab665f76-99ca-4836-8208-121ace3a0685,3895052,365,29979174400,29979198900,1781307009112-0
concurrency_n20_20260613_002920_redis_feed11_rep1,redis,sb:events:n20:feed11:rep1,f05ae67b-ba63-4783-95b3-688a540c5078,3895134,365,29997429600,29997456400,1781307009113-0
concurrency_n20_20260613_002920_redis_feed11_rep1,redis,sb:events:n20:feed11:rep1,83ee5950-879e-4b5b-a3ab-55af02fe066b,3895052,365,30002762700,30002786800,1781307009121-0
concurrency_n20_20260613_002920_redis_feed11_rep1,redis,sb:events:n20:feed11:rep1,abbce176-8471-4308-be88-7b7f67194b90,3895134,365,30003694300,30003716000,1781307009124-0
concurrency_n20_20260613_002920_redis_feed11_rep1,redis,sb:events:n20:feed11:rep1,e229d5e9-5dd7-4fde-9e62-25288d6862d7,3895052,365,30006352000,30006375800,1781307009126-0
concurrency_n20_20260613_002920_redis_feed11_rep1,redis,sb:events:n20:feed11:rep1,803d2e4e-c874-402b-9778-cb7c43eb4c55,3895086,365,30011512900,30011549400,1781307009128-0
concurrency_n20_20260613_002920_redis_feed11_rep1,redis,sb:events:n20:feed11:rep1,9bb8e38d-808c-4dfa-abb7-f24dfebd0f5d,3895095,366,30013293400,30013317700,1781307009130-0
concurrency_n20_20260613_002920_redis_feed11_rep1,redis,sb:events:n20:feed11:rep1,8107f240-4dbe-4fe7-ad48-93fca7e8dccd,3895095,366,30015918500,30015941700,1781307009145-0
concurrency_n20_20260613_002920_redis_feed11_rep1,redis,sb:events:n20:feed11:rep1,aa3112e8-fe93-4048-bae7-656e1ac9a0f7,3895095,366,30030050700,30030082900,1781307009166-0
concurrency_n20_20260613_002920_redis_feed11_rep1,redis,sb:events:n20:feed11:rep1,a08da14c-b402-45bf-a056-0626fa147733,3895121,366,30052057700,30052087500,1781307009170-0
concurrency_n20_20260613_002920_redis_feed11_rep1,redis,sb:events:n20:feed11:rep1,0a81a309-97a3-42d6-91df-5970e7617f64,3895121,366,30066769000,30066795000,1781307009171-0
concurrency_n20_20260613_002920_redis_feed11_rep1,redis,sb:events:n20:feed11:rep1,34f93cf9-a769-4297-a5ff-65410e72d129,3895067,366,30081634600,30081663000,1781307009174-0
concurrency_n20_20260613_002920_redis_feed11_rep1,redis,sb:events:n20:feed11:rep1,f572920c-db84-4f48-babc-194aaa3cac82,3895074,366,30082889200,30082931700,1781307009176-0
concurrency_n20_20260613_002920_redis_feed11_rep1,redis,sb:events:n20:feed11:rep1,04a1bfd3-78af-4e6c-b124-35ef8ce074e9,3895086,366,30086369900,30086394800,1781307009181-0
concurrency_n20_20260613_002920_redis_feed11_rep1,redis,sb:events:n20:feed11:rep1,0303ae29-dbf7-4fd3-b642-97ac481b14b2,3895086,366,30087489900,30087641800,1781307009198-0
concurrency_n20_20260613_002920_redis_feed11_rep1,redis,sb:events:n20:feed11:rep1,25665bb7-e078-4cf2-a78c-6798a1b432b3,3895113,366,30089930400,30089955100,1781307009202-0
concurrency_n20_20260613_002920_redis_feed11_rep1,redis,sb:events:n20:feed11:rep1,77f5dcc3-af4b-4fd8-8f8d-0777b8770ea8,3895095,367,30090979700,30091005300,1781307009222-0
concurrency_n20_20260613_002920_redis_feed11_rep1,redis,sb:events:n20:feed11:rep1,4dc1fbff-0da5-424f-968b-6758cfc38998,3895095,367,30093396700,30093522000,1781307009226-0
concurrency_n20_20260613_002920_redis_feed11_rep1,redis,sb:events:n20:feed11:rep1,36ba40fc-787a-418b-ad61-d505ce2c71e5,3895095,367,30097467000,30097585700,1781307009230-0
concurrency_n20_20260613_002920_redis_feed11_rep1,redis,sb:events:n20:feed11:rep1,5a39d9bb-54a4-4e59-a832-18f44f9458c4,3895134,367,30098902100,30098925700,1781307009234-0
concurrency_n20_20260613_002920_redis_feed11_rep1,redis,sb:events:n20:feed11:rep1,14fdaead-f14c-4958-bcb0-8ea822d3f0a8,3895052,367,30116274500,30116335600,1781307009236-0
concurrency_n20_20260613_002920_redis_feed11_rep1,redis,sb:events:n20:feed11:rep1,f2477d52-6b97-4a85-8c6a-3b4e1f186aa9,3895052,367,30117902700,30117928000,1781307009237-0
concurrency_n20_20260613_002920_redis_feed11_rep1,redis,sb:events:n20:feed11:rep1,df0eb700-15c2-427d-a67c-710a8be37b0a,3895052,367,30119141300,30119206000,1781307009245-0
concurrency_n20_20260613_002920_redis_feed11_rep1,redis,sb:events:n20:feed11:rep1,443e9fed-714c-4727-aa02-cedc2fed2a87,3895052,367,30120193700,30120216700,1781307009246-0
concurrency_n20_20260613_002920_redis_feed11_rep1,redis,sb:events:n20:feed11:rep1,9c6bef32-1d99-4f9f-9233-980c0effc9d1,3895113,367,30121251600,30121275600,1781307009249-0
concurrency_n20_20260613_002920_redis_feed11_rep1,redis,sb:events:n20:feed11:rep1,e6aaae8f-cc64-4a1e-9ed4-c11813507a32,3895113,367,30126105400,30126133500,1781307009255-0
concurrency_n20_20260613_002920_redis_feed11_rep1,redis,sb:events:n20:feed11:rep1,55a8c04b-ceb9-44e3-a929-fddea73ca539,3895121,368,30127353600,30127376100,1781307009256-0
concurrency_n20_20260613_002920_redis_feed11_rep1,redis,sb:events:n20:feed11:rep1,c995df46-c590-45dc-9b8a-77269c43e026,3895067,368,30128542100,30128591900,1781307009259-0
concurrency_n20_20260613_002920_redis_feed11_rep1,redis,sb:events:n20:feed11:rep1,d9a06969-8cbe-4619-ac56-d579d96188fa,3895067,368,30129437100,30129462600,1781307009261-0
concurrency_n20_20260613_002920_redis_feed11_rep1,redis,sb:events:n20:feed11:rep1,fc89167c-5a5b-4d70-85dd-0616e064977b,3895074,368,30130234900,30130252500,1781307009262-0
concurrency_n20_20260613_002920_redis_feed11_rep1,redis,sb:events:n20:feed11:rep1,85005578-a06a-4bbf-a829-51937d023399,3895067,368,30131809900,30131869600,1781307009263-0
concurrency_n20_20260613_002920_redis_feed11_rep1,redis,sb:events:n20:feed11:rep1,ff1e7593-114f-40ac-864b-7d9c44a10b48,3895074,368,30134711300,30134743100,1781307009268-0
concurrency_n20_20260613_002920_redis_feed11_rep1,redis,sb:events:n20:feed11:rep1,d8d6b943-1c91-4dbf-8478-a742da56061e,3895067,368,30148087500,30148117500,1781307009269-0
concurrency_n20_20260613_002920_redis_feed11_rep1,redis,sb:events:n20:feed11:rep1,fe3af60c-cbca-424f-9c90-a1d39d1548e2,3895074,368,30163743400,30163768500,1781307009270-0
concurrency_n20_20260613_002920_redis_feed11_rep1,redis,sb:events:n20:feed11:rep1,a8b15306-09d6-4a4b-8cd3-251a4f8ce9ab,3895074,368,30171150900,30171266700,1781307009274-0
concurrency_n20_20260613_002920_redis_feed11_rep1,redis,sb:events:n20:feed11:rep1,1259faac-d03e-43b5-97b1-14c47407d22b,3895134,368,30180544600,30180570700,1781307009276-0
concurrency_n20_20260613_002920_redis_feed11_rep1,redis,sb:events:n20:feed11:rep1,8948643b-6692-4135-922f-5d8da3218a49,3895134,368,30181774900,30181812800,1781307009277-0
concurrency_n20_20260613_002920_redis_feed11_rep1,redis,sb:events:n20:feed11:rep1,9b1b6a91-9074-4e6b-afbe-bb2972ea26e6,3895052,368,30183214900,30183237300,1781307009278-0
concurrency_n20_20260613_002920_redis_feed11_rep1,redis,sb:events:n20:feed11:rep1,5eb7c87e-b040-4122-89a4-8e5c755f3000,3895052,368,30186636500,30186670300,1781307009280-0
concurrency_n20_20260613_002920_redis_feed11_rep1,redis,sb:events:n20:feed11:rep1,0eaa22f8-78fb-4e26-b068-64a2f91ad649,3895113,368,30197052300,30197081900,1781307009281-0
concurrency_n20_20260613_002920_redis_feed11_rep1,redis,sb:events:n20:feed11:rep1,d01804e0-7a01-4f45-b5af-c379d27bd346,3895095,369,30221110400,30221135600,1781307009282-0
concurrency_n20_20260613_002920_redis_feed11_rep1,redis,sb:events:n20:feed11:rep1,b709a327-28ff-4614-9d18-f2442ad7f53c,3895095,369,30226672900,30226699200,1781307009285-0
concurrency_n20_20260613_002920_redis_feed11_rep1,redis,sb:events:n20:feed11:rep1,62112ae9-9ee5-4686-bf54-53ebb4743c91,3895121,369,30243832300,30243861200,1781307009286-0
concurrency_n20_20260613_002920_redis_feed11_rep1,redis,sb:events:n20:feed11:rep1,1f27409b-0a6d-4107-8ab5-82c6a18e52e3,3895121,369,30262316900,30262349000,1781307009288-0
concurrency_n20_20260613_002920_redis_feed11_rep1,redis,sb:events:n20:feed11:rep1,e02e9d6a-4918-4c04-8e0a-195785fda561,3895052,369,30263487600,30263511400,1781307009293-0
concurrency_n20_20260613_002920_redis_feed11_rep1,redis,sb:events:n20:feed11:rep1,bce128c2-63ca-463b-811c-cdfd5182984b,3895052,369,30268117400,30268147600,1781307009294-0
concurrency_n20_20260613_002920_redis_feed11_rep1,redis,sb:events:n20:feed11:rep1,fe72babe-e86a-4794-bbe4-f35c4d1e6349,3895095,370,30270631400,30270662100,1781307009296-0
concurrency_n20_20260613_002920_redis_feed11_rep1,redis,sb:events:n20:feed11:rep1,3bd1382b-ec25-44b9-bba4-68f65f38e751,3895095,370,30272319900,30272345000,1781307009298-0
concurrency_n20_20260613_002920_redis_feed11_rep1,redis,sb:events:n20:feed11:rep1,204e574d-34db-40d4-94fa-5cda08b23cbc,3895067,370,30278951200,30279013200,1781307009299-0
concurrency_n20_20260613_002920_redis_feed11_rep1,redis,sb:events:n20:feed11:rep1,7d3ac006-672b-4312-95f9-cbc07e976f43,3895067,370,30281197000,30281229200,1781307009301-0
concurrency_n20_20260613_002920_redis_feed11_rep1,redis,sb:events:n20:feed11:rep1,3c418e17-ce78-4e39-be5a-9d5f2124d399,3895134,370,30284262000,30284324900,1781307009302-0
concurrency_n20_20260613_002920_redis_feed11_rep1,redis,sb:events:n20:feed11:rep1,8306ea5b-2ee8-4812-b799-41913d44b2d0,3895052,370,30287062700,30287092600,1781307009304-0
concurrency_n20_20260613_002920_redis_feed11_rep1,redis,sb:events:n20:feed11:rep1,b4c8f2ae-5d72-4df5-ab35-fb6455914eed,3895113,370,30295026900,30295054300,1781307009313-0
concurrency_n20_20260613_002920_redis_feed11_rep1,redis,sb:events:n20:feed11:rep1,152aff8a-d807-4461-97c3-32865a36d63f,3895113,370,30299009600,30299039100,1781307009333-0
concurrency_n20_20260613_002920_redis_feed11_rep1,redis,sb:events:n20:feed11:rep1,39feeba9-f657-4284-9a2e-72815b563c01,3895113,370,30308258100,30308288700,1781307009341-0
concurrency_n20_20260613_002920_redis_feed11_rep1,redis,sb:events:n20:feed11:rep1,f1170d94-0863-46a8-8e12-8b316a98432b,3895095,371,30309661800,30309685700,1781307009351-0
concurrency_n20_20260613_002920_redis_feed11_rep1,redis,sb:events:n20:feed11:rep1,7576cc35-66f1-4ce3-a65f-979215f77c67,3895121,371,30310918300,30310945300,1781307009352-0
concurrency_n20_20260613_002920_redis_feed11_rep1,redis,sb:events:n20:feed11:rep1,84e9cd8e-063f-4f6c-ae7a-0f906056989b,3895107,371,30311813700,30311837700,1781307009355-0
concurrency_n20_20260613_002920_redis_feed11_rep1,redis,sb:events:n20:feed11:rep1,d76eb5df-841c-4e79-9020-b73bf863e897,3895052,371,30317526000,30317671000,1781307009366-0
concurrency_n20_20260613_002920_redis_feed11_rep1,redis,sb:events:n20:feed11:rep1,3efdf119-7c67-4366-a2cf-4e54a24f96f8,3895052,371,30318616700,30318637200,1781307009386-0
concurrency_n20_20260613_002920_redis_feed11_rep1,redis,sb:events:n20:feed11:rep1,0483472e-cd7e-4e5a-8f1a-dc09b74ce21f,3895113,371,30319562800,30319584200,1781307009393-0
concurrency_n20_20260613_002920_redis_feed11_rep1,redis,sb:events:n20:feed11:rep1,3be85e6c-5fe5-4dfc-926a-90e392d0a086,3895121,372,30327027600,30327058100,1781307009413-0
concurrency_n20_20260613_002920_redis_feed11_rep1,redis,sb:events:n20:feed11:rep1,7d3b7788-c771-449e-ad3a-12360e46a4c4,3895121,372,30339540200,30339570200,1781307009428-0
concurrency_n20_20260613_002920_redis_feed11_rep1,redis,sb:events:n20:feed11:rep1,c8e696c5-b876-4ccd-917f-129521836d12,3895134,372,30341655100,30341688700,1781307009430-0
concurrency_n20_20260613_002920_redis_feed11_rep1,redis,sb:events:n20:feed11:rep1,a432244a-6ede-4833-90cc-620689485588,3895107,373,30342842200,30342869600,1781307009432-0
concurrency_n20_20260613_002920_redis_feed11_rep1,redis,sb:events:n20:feed11:rep1,27e18532-359f-4d29-9b28-7df1a5a5619d,3895107,373,30344330600,30344355700,1781307009439-0
concurrency_n20_20260613_002920_redis_feed11_rep1,redis,sb:events:n20:feed11:rep1,9787df06-a760-4a42-8107-9ec47dac2ad1,3895067,373,30357950000,30357984700,1781307009441-0
concurrency_n20_20260613_002920_redis_feed11_rep1,redis,sb:events:n20:feed11:rep1,ae766697-ad65-49b6-bae1-5920f12dc43f,3895086,373,30358864000,30358884700,1781307009443-0
concurrency_n20_20260613_002920_redis_feed11_rep1,redis,sb:events:n20:feed11:rep1,575ff48f-f5c0-4ec6-b255-f2975970d0ea,3895113,373,30359460100,30359480000,1781307009444-0
concurrency_n20_20260613_002920_redis_feed11_rep1,redis,sb:events:n20:feed11:rep1,e9de532e-6005-45b0-8aef-bb9bb28912b0,3895113,373,30360473000,30360499300,1781307009445-0
concurrency_n20_20260613_002920_redis_feed11_rep1,redis,sb:events:n20:feed11:rep1,0c5aa890-9827-4b09-9ebb-27c2ca83205c,3895107,374,30361796000,30361828500,1781307009452-0
concurrency_n20_20260613_002920_redis_feed11_rep1,redis,sb:events:n20:feed11:rep1,33681808-32b7-47da-88fa-7434628fa1a2,3895086,374,30362598400,30362619900,1781307009455-0
concurrency_n20_20260613_002920_redis_feed11_rep1,redis,sb:events:n20:feed11:rep1,b78a3204-6ab6-4642-9eb6-2bc2e4bf9a73,3895052,374,30370006000,30370036600,1781307009463-0
concurrency_n20_20260613_002920_redis_feed11_rep1,redis,sb:events:n20:feed11:rep1,5c23e675-6816-462e-acb2-711fe091e3da,3895086,374,30371016400,30371038200,1781307009468-0
concurrency_n20_20260613_002920_redis_feed11_rep1,redis,sb:events:n20:feed11:rep1,6c1d23ce-be9b-4866-bccb-854ee532fb3d,3895067,375,30372146700,30372168300,1781307009471-0
concurrency_n20_20260613_002920_redis_feed11_rep1,redis,sb:events:n20:feed11:rep1,061c3913-067e-4698-b63c-f66a3c8c64ee,3895107,375,30373008600,30373028200,1781307009477-0
concurrency_n20_20260613_002920_redis_feed11_rep1,redis,sb:events:n20:feed11:rep1,568eb077-cf97-494c-af52-59ba9164402d,3895067,375,30374399800,30374422500,1781307009480-0
concurrency_n20_20260613_002920_redis_feed11_rep1,redis,sb:events:n20:feed11:rep1,ba0a37e4-b38f-4e81-8a4f-98e71b0bc5e7,3895107,375,30375513300,30375539100,1781307009482-0
concurrency_n20_20260613_002920_redis_feed11_rep1,redis,sb:events:n20:feed11:rep1,6ca3928a-82e7-4b03-9076-67c1e61bb075,3895067,375,30376332600,30376358000,1781307009489-0
concurrency_n20_20260613_002920_redis_feed11_rep1,redis,sb:events:n20:feed11:rep1,d55c297a-ef77-40d2-bdef-fe4c2d5ff8f5,3895052,375,30377210200,30377230700,1781307009490-0
concurrency_n20_20260613_002920_redis_feed11_rep1,redis,sb:events:n20:feed11:rep1,d094bab6-9af3-4019-b796-acb694feee23,3895086,375,30379807700,30379856000,1781307009495-0
concurrency_n20_20260613_002920_redis_feed11_rep1,redis,sb:events:n20:feed11:rep1,ee06c457-f476-4846-8968-0649e3b5dd0f,3895052,375,30391309300,30391334300,1781307009500-0
concurrency_n20_20260613_002920_redis_feed11_rep1,redis,sb:events:n20:feed11:rep1,9437504d-c0a0-474b-9e44-feea20992a62,3895121,376,30394936000,30394970800,1781307009512-0
concurrency_n20_20260613_002920_redis_feed11_rep1,redis,sb:events:n20:feed11:rep1,c18ac918-c617-4f00-b87c-403624147fb8,3895107,376,30406283200,30406312800,1781307009514-0
concurrency_n20_20260613_002920_redis_feed11_rep1,redis,sb:events:n20:feed11:rep1,65b895ef-96be-4ad6-b00e-076d20c564ce,3895067,376,30407485400,30407516600,1781307009523-0
concurrency_n20_20260613_002920_redis_feed11_rep1,redis,sb:events:n20:feed11:rep1,d7078048-5cc3-461c-bcd6-06760fa990ab,3895107,376,30408912300,30408933000,1781307009525-0
concurrency_n20_20260613_002920_redis_feed11_rep1,redis,sb:events:n20:feed11:rep1,442ecd9b-b058-493d-a185-adba5be4b1ed,3895086,376,30416746200,30416773500,1781307009527-0
concurrency_n20_20260613_002920_redis_feed11_rep1,redis,sb:events:n20:feed11:rep1,32d454a5-ba2d-49f5-a42b-7b2806ca8e6b,3895052,376,30421981300,30422008600,1781307009528-0
concurrency_n20_20260613_002920_redis_feed11_rep1,redis,sb:events:n20:feed11:rep1,e1f28eb5-3ef3-4c6c-a752-eb0a280e3a24,3895086,376,30423265700,30423292200,1781307009529-0
concurrency_n20_20260613_002920_redis_feed11_rep1,redis,sb:events:n20:feed11:rep1,6681da7c-cc5c-41c1-b23d-fc62cceccbc2,3895052,376,30424299200,30424324100,1781307009530-0
concurrency_n20_20260613_002920_redis_feed11_rep1,redis,sb:events:n20:feed11:rep1,fa1927b2-339a-4ef8-8b6a-2f5de1f71daf,3895113,376,30425203100,30425223200,1781307009538-0
concurrency_n20_20260613_002920_redis_feed11_rep1,redis,sb:events:n20:feed11:rep1,aabe6e96-8a94-4505-bd78-fe17b48ce9c6,3895121,377,30426102900,30426172400,1781307009540-0
concurrency_n20_20260613_002920_redis_feed11_rep1,redis,sb:events:n20:feed11:rep1,230329e4-9e13-415a-820f-a078f323f452,3895121,377,30427101100,30427121400,1781307009541-0
concurrency_n20_20260613_002920_redis_feed11_rep1,redis,sb:events:n20:feed11:rep1,d6e685f5-a088-489f-b6e9-9f471c09dde8,3895067,377,30430773700,30431411600,1781307009542-0
concurrency_n20_20260613_002920_redis_feed11_rep1,redis,sb:events:n20:feed11:rep1,aaa94f43-a792-4f91-9db5-921f55154d90,3895107,377,30432884100,30432905900,1781307009543-0
concurrency_n20_20260613_002920_redis_feed11_rep1,redis,sb:events:n20:feed11:rep1,7c6d7faf-6ac6-4e49-bdff-6026e02b027a,3895067,377,30433979100,30434003500,1781307009544-0
concurrency_n20_20260613_002920_redis_feed11_rep1,redis,sb:events:n20:feed11:rep1,8f89cecc-9842-4def-ac58-32cc319a3131,3895107,377,30435253300,30435272900,1781307009548-0
concurrency_n20_20260613_002920_redis_feed11_rep1,redis,sb:events:n20:feed11:rep1,991c0af9-25d4-468d-a1a0-6f1b20f0b85e,3895086,377,30436943000,30436964700,1781307009550-0
concurrency_n20_20260613_002920_redis_feed11_rep1,redis,sb:events:n20:feed11:rep1,3f7f838c-e47e-4d2e-93bc-549dc3dbc775,3895052,377,30439017400,30439043900,1781307009558-0
concurrency_n20_20260613_002920_redis_feed11_rep1,redis,sb:events:n20:feed11:rep1,f3f77fb1-7eaf-432e-ba4b-b3bdff74804e,3895052,377,30442394700,30442418300,1781307009574-0
concurrency_n20_20260613_002920_redis_feed11_rep1,redis,sb:events:n20:feed11:rep1,590098bb-37c4-4067-86ac-6d460256bd31,3895113,377,30444049300,30444079300,1781307009578-0
concurrency_n20_20260613_002920_redis_feed11_rep1,redis,sb:events:n20:feed11:rep1,7d91748a-a8c0-4477-99bc-440edfb98b20,3895113,377,30445495800,30445516800,1781307009582-0
concurrency_n20_20260613_002920_redis_feed11_rep1,redis,sb:events:n20:feed11:rep1,9a05f952-fad6-448f-962b-13792edab926,3895113,377,30447386800,30447414500,1781307009589-0
concurrency_n20_20260613_002920_redis_feed11_rep1,redis,sb:events:n20:feed11:rep1,7448eaa1-612b-4cb4-b416-a38ea6981484,3895086,378,30451198400,30451266900,1781307009591-0
concurrency_n20_20260613_002920_redis_feed11_rep1,redis,sb:events:n20:feed11:rep1,d0a1177b-9349-4efc-b4e7-78f18457f2fe,3895086,378,30454375000,30454512000,1781307009596-0
concurrency_n20_20260613_002920_redis_feed11_rep1,redis,sb:events:n20:feed11:rep1,2519917b-2ff0-4fc2-b58e-8a3860da7a18,3895052,378,30455951700,30455974900,1781307009597-0
concurrency_n20_20260613_002920_redis_feed11_rep1,redis,sb:events:n20:feed11:rep1,a2175056-51b9-40fc-b6b0-3161b7c9498c,3895086,378,30458482600,30458505500,1781307009598-0
concurrency_n20_20260613_002920_redis_feed11_rep1,redis,sb:events:n20:feed11:rep1,4c982c50-0315-4cdb-b6ab-133d786710bc,3895052,378,30462383000,30462410600,1781307009607-0
concurrency_n20_20260613_002920_redis_feed11_rep1,redis,sb:events:n20:feed11:rep1,d5d337e5-d809-4c24-8963-59a487ccf605,3895052,378,30464967600,30465012300,1781307009608-0
concurrency_n20_20260613_002920_redis_feed11_rep1,redis,sb:events:n20:feed11:rep1,02330919-0123-4c31-bb82-dbf24e80b2fe,3895113,378,30466290200,30466313400,1781307009611-0
concurrency_n20_20260613_002920_redis_feed11_rep1,redis,sb:events:n20:feed11:rep1,e56bd21d-9796-483c-91b0-82d30dfd5d8d,3895113,378,30472898900,30472951000,1781307009614-0
concurrency_n20_20260613_002920_redis_feed11_rep1,redis,sb:events:n20:feed11:rep1,5899ac0e-8bcb-45bd-93e3-86b044273dce,3895121,379,30475304200,30475338000,1781307009615-0
concurrency_n20_20260613_002920_redis_feed11_rep1,redis,sb:events:n20:feed11:rep1,7596e4ad-6504-4da3-9c61-e8c7fa6c7b0a,3895067,379,30476612800,30476649700,1781307009617-0
concurrency_n20_20260613_002920_redis_feed11_rep1,redis,sb:events:n20:feed11:rep1,9686a8ab-7240-4d0f-8250-2753060324c8,3895107,379,30477461000,30477597400,1781307009618-0
concurrency_n20_20260613_002920_redis_feed11_rep1,redis,sb:events:n20:feed11:rep1,b7791d0f-3499-4f4c-a33d-6836c0f911e0,3895086,379,30479075000,30479144400,1781307009622-0
concurrency_n20_20260613_002920_redis_feed11_rep1,redis,sb:events:n20:feed11:rep1,24f1c999-2f56-4965-9d3d-35e233032adc,3895121,380,30480529900,30480577700,1781307009626-0
concurrency_n20_20260613_002920_redis_feed11_rep1,redis,sb:events:n20:feed11:rep1,e3330d89-e532-4687-8931-3a3944d47df8,3895121,380,30481369100,30481389300,1781307009630-0
concurrency_n20_20260613_002920_redis_feed11_rep1,redis,sb:events:n20:feed11:rep1,6b464c46-1236-4cf5-81d2-a4b23806f5c5,3895067,380,30482764900,30482801000,1781307009637-0
concurrency_n20_20260613_002920_redis_feed11_rep1,redis,sb:events:n20:feed11:rep1,85df73b8-c6dd-46c7-a9bc-3865609e285c,3895107,380,30497953700,30497985400,1781307009644-0
concurrency_n20_20260613_002920_redis_feed11_rep1,redis,sb:events:n20:feed11:rep1,b1365bce-58eb-4d21-8011-9d628879127e,3895067,380,30498793100,30498828600,1781307009645-0
concurrency_n20_20260613_002920_redis_feed11_rep1,redis,sb:events:n20:feed11:rep1,779856e2-33da-4aff-91b8-9be497159f00,3895107,380,30514925600,30514954900,1781307009648-0
concurrency_n20_20260613_002920_redis_feed11_rep1,redis,sb:events:n20:feed11:rep1,d6468d36-c2f2-45b8-b0a6-357efadab24a,3895086,380,30523598400,30523625000,1781307009650-0
concurrency_n20_20260613_002920_redis_feed11_rep1,redis,sb:events:n20:feed11:rep1,b8e00e85-579c-4970-9759-fea3ab966db3,3895052,380,30524836300,30524867100,1781307009651-0
concurrency_n20_20260613_002920_redis_feed11_rep1,redis,sb:events:n20:feed11:rep1,359a2c08-360b-4501-ad2f-1a2012bd0999,3895086,380,30527023500,30527116500,1781307009653-0
concurrency_n20_20260613_002920_redis_feed11_rep1,redis,sb:events:n20:feed11:rep1,9a1a7780-275f-4921-9392-19bfe015d7c8,3895086,380,30528539700,30528571400,1781307009656-0
concurrency_n20_20260613_002920_redis_feed11_rep1,redis,sb:events:n20:feed11:rep1,109eceab-23c5-4031-a8b4-ee687b8db372,3895086,380,30529886600,30529916300,1781307009661-0
concurrency_n20_20260613_002920_redis_feed11_rep1,redis,sb:events:n20:feed11:rep1,8252e5c2-5564-4b4d-9b1c-789c1f432266,3895086,380,30534121700,30534153100,1781307009666-0
concurrency_n20_20260613_002920_redis_feed11_rep1,redis,sb:events:n20:feed11:rep1,b637f60b-261b-4f76-9c73-11dd9ecb679c,3895086,380,30536851200,30536878200,1781307009668-0
concurrency_n20_20260613_002920_redis_feed11_rep1,redis,sb:events:n20:feed11:rep1,86385026-af11-48d5-9b14-e73738435175,3895086,380,30538840300,30538872600,1781307009688-0
concurrency_n20_20260613_002920_redis_feed11_rep1,redis,sb:events:n20:feed11:rep1,fe767c75-6544-41ed-b908-41181829a6de,3895113,380,30554486900,30554514900,1781307009694-0
concurrency_n20_20260613_002920_redis_feed11_rep1,redis,sb:events:n20:feed11:rep1,789b47e3-c531-4a6d-946d-2f1f9d2b884c,3895121,381,30559123000,30559154800,1781307009695-0
concurrency_n20_20260613_002920_redis_feed11_rep1,redis,sb:events:n20:feed11:rep1,bc32fc0f-eb52-421a-ab2e-ac7b606c85ea,3895067,381,30566150300,30566175600,1781307009697-0
concurrency_n20_20260613_002920_redis_feed11_rep1,redis,sb:events:n20:feed11:rep1,8f4ba858-ef2e-4d50-a7a7-dd1970021b0e,3895107,381,30572429600,30572454300,1781307009701-0
concurrency_n20_20260613_002920_redis_feed11_rep1,redis,sb:events:n20:feed11:rep1,b0c2b5d7-470f-45bd-9bd9-20049682c523,3895052,381,30574514000,30574545700,1781307009703-0
concurrency_n20_20260613_002920_redis_feed11_rep1,redis,sb:events:n20:feed11:rep1,3eb22506-89d4-4230-96f4-0cc90241b0ef,3895052,381,30586791600,30587097400,1781307009729-0
concurrency_n20_20260613_002920_redis_feed11_rep1,redis,sb:events:n20:feed11:rep1,9d569410-c32d-4ef8-abb5-bf329a7549ee,3895052,381,30588260700,30588290400,1781307009731-0
concurrency_n20_20260613_002920_redis_feed11_rep1,redis,sb:events:n20:feed11:rep1,1d0e6433-63c4-4036-8f9e-1d35cd3112c9,3895086,381,30589037200,30589079200,1781307009734-0
concurrency_n20_20260613_002920_redis_feed11_rep1,redis,sb:events:n20:feed11:rep1,6bfcc356-4a43-47bb-afa3-4f4a6d8e8335,3895113,381,30604397000,30604421200,1781307009744-0
concurrency_n20_20260613_002920_redis_feed11_rep1,redis,sb:events:n20:feed11:rep1,dec15ef0-188b-4ef5-b99c-f007a3e7108f,3895113,381,30606080800,30606109500,1781307009750-0
concurrency_n20_20260613_002920_redis_feed11_rep1,redis,sb:events:n20:feed11:rep1,80de728d-2acf-446e-8dbd-3dceca0d4358,3895113,381,30607960900,30608035600,1781307009753-0
concurrency_n20_20260613_002920_redis_feed11_rep1,redis,sb:events:n20:feed11:rep1,abc116d6-2574-4059-8184-bb2816b5da18,3895121,382,30611633300,30611658300,1781307009757-0
concurrency_n20_20260613_002920_redis_feed11_rep1,redis,sb:events:n20:feed11:rep1,b4509a2d-3999-4e18-a2d0-b16116243586,3895107,382,30616341100,30616375400,1781307009759-0
concurrency_n20_20260613_002920_redis_feed11_rep1,redis,sb:events:n20:feed11:rep1,9479f33e-c3f7-4fbb-9fda-bf07a4973ec6,3895107,382,30621637500,30621712800,1781307009765-0
concurrency_n20_20260613_002920_redis_feed11_rep1,redis,sb:events:n20:feed11:rep1,4aaa9c64-42b1-478f-8552-3f14a1caef3d,3895052,382,30646864800,30646893400,1781307009768-0
concurrency_n20_20260613_002920_redis_feed11_rep1,redis,sb:events:n20:feed11:rep1,57c14534-6b1c-47a6-8cef-093f2f0b1959,3895086,382,30648570800,30648600300,1781307009770-0
concurrency_n20_20260613_002920_redis_feed11_rep1,redis,sb:events:n20:feed11:rep1,6bd96cc5-01fb-495e-b8c0-65d4569b226d,3895121,383,30650509600,30650533400,1781307009774-0
concurrency_n20_20260613_002920_redis_feed11_rep1,redis,sb:events:n20:feed11:rep1,30e632ae-c052-489d-bae6-df407b8ad4dc,3895121,383,30651861900,30651886400,1781307009776-0
concurrency_n20_20260613_002920_redis_feed11_rep1,redis,sb:events:n20:feed11:rep1,62806dfc-9062-42c8-9fe6-0f5bd08f7636,3895107,383,30652771000,30652792500,1781307009780-0
concurrency_n20_20260613_002920_redis_feed11_rep1,redis,sb:events:n20:feed11:rep1,8822e06a-c5f5-4306-aef8-2fef2318b77e,3895052,383,30663208400,30663239300,1781307009783-0
concurrency_n20_20260613_002920_redis_feed11_rep1,redis,sb:events:n20:feed11:rep1,bc3e5394-92ad-4eb2-bcf9-454d8336659c,3895052,383,30664143800,30664169600,1781307009787-0
concurrency_n20_20260613_002920_redis_feed11_rep1,redis,sb:events:n20:feed11:rep1,6e2e22f4-22db-4b95-970b-bf4b2e6b82d0,3895086,383,30664861400,30664880600,1781307009791-0
concurrency_n20_20260613_002920_redis_feed11_rep1,redis,sb:events:n20:feed11:rep1,d7822cd2-fdac-450d-b3f2-283caa6bdf26,3895086,383,30665665100,30665722100,1781307009817-0
concurrency_n20_20260613_002920_redis_feed11_rep1,redis,sb:events:n20:feed11:rep1,d9fe49c7-cb84-47b9-9d26-fccdf7bba1a0,3895086,383,30673635000,30673686700,1781307009820-0
concurrency_n20_20260613_002920_redis_feed11_rep1,redis,sb:events:n20:feed11:rep1,14a7b19f-e345-455f-befd-96115a6915de,3895113,383,30675035000,30675065300,1781307009822-0
concurrency_n20_20260613_002920_redis_feed11_rep1,redis,sb:events:n20:feed11:rep1,0c9b10fe-6d4a-4c2b-b4ca-5b0fe6d7068c,3895086,383,30676034700,30676057100,1781307009823-0
concurrency_n20_20260613_002920_redis_feed11_rep1,redis,sb:events:n20:feed11:rep1,44617c92-4042-4afd-9202-dd98ef11fec0,3895113,383,30677403400,30677427800,1781307009824-0
concurrency_n20_20260613_002920_redis_feed11_rep1,redis,sb:events:n20:feed11:rep1,592a7739-85c0-4889-861b-99c4c837ff10,3895086,383,30678173800,30678196100,1781307009826-0
concurrency_n20_20260613_002920_redis_feed11_rep1,redis,sb:events:n20:feed11:rep1,98cd3e1a-bdbc-4452-801b-2be9fc5ab06b,3895086,383,30684371200,30684392900,1781307009827-0
concurrency_n20_20260613_002920_redis_feed11_rep1,redis,sb:events:n20:feed11:rep1,b394cbaf-5f9a-4d18-9411-8d7cb7448c79,3895121,384,30685545600,30685608500,1781307009834-0
concurrency_n20_20260613_002920_redis_feed11_rep1,redis,sb:events:n20:feed11:rep1,66dba0a8-2afe-4c4c-92ad-e1a6cd71fd03,3895067,384,30686569700,30686604200,1781307009835-0
concurrency_n20_20260613_002920_redis_feed11_rep1,redis,sb:events:n20:feed11:rep1,a5226e29-3065-48df-b321-a36cac911c21,3895067,384,30687664500,30687684200,1781307009836-0
concurrency_n20_20260613_002920_redis_feed11_rep1,redis,sb:events:n20:feed11:rep1,12e42bd5-320d-40e8-ad89-d42c0a1dae0a,3895107,384,30689073400,30689093600,1781307009849-0
concurrency_n20_20260613_002920_redis_feed11_rep1,redis,sb:events:n20:feed11:rep1,6ccc1db9-5a31-4dea-910a-977754782773,3895107,384,30689997000,30690018900,1781307009850-0
concurrency_n20_20260613_002920_redis_feed11_rep1,redis,sb:events:n20:feed11:rep1,2c83987b-bf65-401d-9e27-d9f54ba652ad,3895107,384,30691021600,30691062900,1781307009851-0
concurrency_n20_20260613_002920_redis_feed11_rep1,redis,sb:events:n20:feed11:rep1,9e91c070-24d3-4fe7-949f-83e113f520ec,3895052,384,30692693500,30692709500,1781307009856-0
concurrency_n20_20260613_002920_redis_feed11_rep1,redis,sb:events:n20:feed11:rep1,e4fc3ae0-4ab9-410d-94a0-32504edb24fd,3895052,384,30694212800,30694237600,1781307009858-0
concurrency_n20_20260613_002920_redis_feed11_rep1,redis,sb:events:n20:feed11:rep1,49d4f100-098b-4654-82c5-780c8126e40b,3895121,385,30695979900,30696004300,1781307009860-0
concurrency_n20_20260613_002920_redis_feed11_rep1,redis,sb:events:n20:feed11:rep1,9f35d52f-bd21-46a3-b4b5-6c4043b57c87,3895121,385,30697384100,30697407800,1781307009861-0
concurrency_n20_20260613_002920_redis_feed11_rep1,redis,sb:events:n20:feed11:rep1,829aae74-41b8-4d04-9794-6e6620d40ca9,3895107,385,30713968200,30713998400,1781307009862-0
concurrency_n20_20260613_002920_redis_feed11_rep1,redis,sb:events:n20:feed11:rep1,122ecdd6-a166-41d6-bce2-294162b4cd54,3895107,385,30715878900,30715908500,1781307009863-0
concurrency_n20_20260613_002920_redis_feed11_rep1,redis,sb:events:n20:feed11:rep1,f050fb4b-4418-43cc-9c3d-94127b27624c,3895107,385,30719630000,30719669500,1781307009864-0
concurrency_n20_20260613_002920_redis_feed11_rep1,redis,sb:events:n20:feed11:rep1,3570f419-5029-45ff-925c-ce5ec23dbb24,3895052,385,30728384200,30728416000,1781307009865-0
concurrency_n20_20260613_002920_redis_feed11_rep1,redis,sb:events:n20:feed11:rep1,fc6ad4f7-4a80-4f85-864c-700a0efceee8,3895113,385,30757728700,30757835600,1781307009867-0
concurrency_n20_20260613_002920_redis_feed11_rep1,redis,sb:events:n20:feed11:rep1,eab2cf06-4a07-4aa6-8b95-8a93cc0e3ac5,3895086,385,30762379500,30762412600,1781307009868-0
concurrency_n20_20260613_002920_redis_feed11_rep1,redis,sb:events:n20:feed11:rep1,6c8c9f26-d33b-4bc0-b63c-8e3ea2ff8587,3895107,386,30763863600,30763887200,1781307009879-0
concurrency_n20_20260613_002920_redis_feed11_rep1,redis,sb:events:n20:feed11:rep1,597c5d97-fb51-4886-a0ff-c5230090abbf,3895134,386,30764719700,30764778400,1781307009887-0
concurrency_n20_20260613_002920_redis_feed11_rep1,redis,sb:events:n20:feed11:rep1,96400684-614d-4589-a40f-957378435605,3895134,386,30765716600,30765735900,1781307009890-0
concurrency_n20_20260613_002920_redis_feed11_rep1,redis,sb:events:n20:feed11:rep1,d64a401e-b7ba-490e-8d7b-550d85b01524,3895052,386,30772672700,30772700200,1781307009896-0
concurrency_n20_20260613_002920_redis_feed11_rep1,redis,sb:events:n20:feed11:rep1,00d33c4c-624c-45e1-959b-21ede95483f2,3895113,386,30773944800,30773969100,1781307009898-0
concurrency_n20_20260613_002920_redis_feed11_rep1,redis,sb:events:n20:feed11:rep1,7d6fb5b2-01ba-4a33-a27e-4023ad29c37c,3895113,386,30774916300,30774940500,1781307009899-0
concurrency_n20_20260613_002920_redis_feed11_rep1,redis,sb:events:n20:feed11:rep1,fe32e0d4-2a33-42f4-ba80-5b8cab554efa,3895113,386,30776907300,30776930800,1781307009916-0
concurrency_n20_20260613_002920_redis_feed11_rep1,redis,sb:events:n20:feed11:rep1,d570893c-47a4-43a1-95f4-7b16543b9f2a,3895067,387,30778561100,30778584900,1781307009927-0
concurrency_n20_20260613_002920_redis_feed11_rep1,redis,sb:events:n20:feed11:rep1,8249e17a-6fc6-4af8-8d8a-10ea80b0e22e,3895134,387,30780741400,30780765300,1781307009930-0
concurrency_n20_20260613_002920_redis_feed11_rep1,redis,sb:events:n20:feed11:rep1,2154b166-8b00-45a6-b1bf-d8f805198128,3895052,387,30789721100,30789744900,1781307009934-0
concurrency_n20_20260613_002920_redis_feed11_rep1,redis,sb:events:n20:feed11:rep1,cac05379-37e8-4c29-9857-deb1cd6a7e4e,3895052,387,30791819100,30791892200,1781307009943-0
concurrency_n20_20260613_002920_redis_feed11_rep1,redis,sb:events:n20:feed11:rep1,bf419a09-0892-4eb4-9295-4c861317ce1a,3895086,387,30793949600,30793982000,1781307009944-0
concurrency_n20_20260613_002920_redis_feed11_rep1,redis,sb:events:n20:feed11:rep1,43834af9-8068-404c-b7f9-bc4c08738a45,3895113,387,30795153300,30795179000,1781307009945-0
concurrency_n20_20260613_002920_redis_feed11_rep1,redis,sb:events:n20:feed11:rep1,ced92bf1-3900-4565-bb11-5886a9deb43a,3895113,387,30796803800,30796837500,1781307009951-0
concurrency_n20_20260613_002920_redis_feed11_rep1,redis,sb:events:n20:feed11:rep1,3743afc5-6da5-469d-8d4f-1b7132f4d1cb,3895113,387,30797967500,30797987800,1781307009958-0
concurrency_n20_20260613_002920_redis_feed11_rep1,redis,sb:events:n20:feed11:rep1,855076b4-513b-4756-8d91-7e7fae34e22b,3895060,388,30798737000,30798756100,1781307009964-0
concurrency_n20_20260613_002920_redis_feed11_rep1,redis,sb:events:n20:feed11:rep1,89c63012-2c91-4efa-85c1-ad21eccdfc66,3895067,388,30799734900,30799755700,1781307009965-0
concurrency_n20_20260613_002920_redis_feed11_rep1,redis,sb:events:n20:feed11:rep1,576591a0-e6c0-44b4-ba76-924a1fa37440,3895067,388,30805744000,30805767700,1781307009969-0
concurrency_n20_20260613_002920_redis_feed11_rep1,redis,sb:events:n20:feed11:rep1,8b0f70fb-18e8-4a18-a575-608dcd3153f9,3895052,388,30809922800,30809958600,1781307009970-0
concurrency_n20_20260613_002920_redis_feed11_rep1,redis,sb:events:n20:feed11:rep1,1cdbf528-796c-47d9-bc87-2dc866f1541c,3895052,388,30811903700,30811927800,1781307009971-0
concurrency_n20_20260613_002920_redis_feed11_rep1,redis,sb:events:n20:feed11:rep1,ae9184b1-0af1-4e9a-bf4c-7b5ddbcd5041,3895086,388,30812858100,30812877700,1781307009976-0
concurrency_n20_20260613_002920_redis_feed11_rep1,redis,sb:events:n20:feed11:rep1,e6b67cf4-dc02-4efb-bf8c-9821f3aa96c7,3895086,388,30816337900,30816360200,1781307009980-0
concurrency_n20_20260613_002920_redis_feed11_rep1,redis,sb:events:n20:feed11:rep1,a5f2e6a7-5bca-4a3b-8e50-ef5cd209b1d5,3895113,388,30818308500,30818404900,1781307009982-0
concurrency_n20_20260613_002920_redis_feed11_rep1,redis,sb:events:n20:feed11:rep1,d8f71229-bb53-458c-8bd0-8a2a548e0a16,3895113,388,30819735700,30819763000,1781307009985-0
concurrency_n20_20260613_002920_redis_feed11_rep1,redis,sb:events:n20:feed11:rep1,ed46d6ad-ab02-4265-a8f1-55d8cae1b7a8,3895113,388,30820776000,30820798500,1781307009987-0
concurrency_n20_20260613_002920_redis_feed11_rep1,redis,sb:events:n20:feed11:rep1,29aa34c6-d899-4a5c-bf12-0ba3077d10c4,3895107,389,30831245200,30831274100,1781307009989-0
concurrency_n20_20260613_002920_redis_feed11_rep1,redis,sb:events:n20:feed11:rep1,1be0feb6-7510-4191-b006-3e6b704e421a,3895134,389,30832236500,30832258700,1781307009992-0
concurrency_n20_20260613_002920_redis_feed11_rep1,redis,sb:events:n20:feed11:rep1,5809628b-316e-401f-9cd3-c324cafcc6a0,3895134,389,30834857000,30834893600,1781307009994-0
concurrency_n20_20260613_002920_redis_feed11_rep1,redis,sb:events:n20:feed11:rep1,f2775365-28f1-4f87-8552-f0fceb99d718,3895134,389,30836239500,30836269700,1781307009996-0
concurrency_n20_20260613_002920_redis_feed11_rep1,redis,sb:events:n20:feed11:rep1,466eccdb-c941-4f75-aff1-2944b1a59e3d,3895052,389,30846715800,30846741000,1781307010004-0
concurrency_n20_20260613_002920_redis_feed11_rep1,redis,sb:events:n20:feed11:rep1,3fa131e1-45d8-46a9-83a5-534566af8763,3895052,389,30850010600,30850038700,1781307010006-0
concurrency_n20_20260613_002920_redis_feed11_rep1,redis,sb:events:n20:feed11:rep1,face3922-6f90-4a44-8993-bdc2ce7d7a0c,3895113,389,30852978000,30853001900,1781307010008-0
concurrency_n20_20260613_002920_redis_feed11_rep1,redis,sb:events:n20:feed11:rep1,c7a75758-4957-42c9-9cd6-910ce7952557,3895113,389,30855601500,30855672300,1781307010009-0
concurrency_n20_20260613_002920_redis_feed11_rep1,redis,sb:events:n20:feed11:rep1,98485b3f-72d1-4494-aded-d8c1d7b57be5,3895113,389,30864000200,30864023000,1781307010012-0
concurrency_n20_20260613_002920_redis_feed11_rep1,redis,sb:events:n20:feed11:rep1,a8df0d7e-5406-4f17-8070-ea921609460f,3895113,389,30868390700,30868418400,1781307010016-0
concurrency_n20_20260613_002920_redis_feed11_rep1,redis,sb:events:n20:feed11:rep1,ca25cfa9-39ed-419f-978e-737eb8321fba,3895060,390,30884472200,30884493900,1781307010031-0
concurrency_n20_20260613_002920_redis_feed11_rep1,redis,sb:events:n20:feed11:rep1,5ebedaa7-4228-4dd1-bb2f-7b44914a3028,3895060,390,30886601200,30886746200,1781307010032-0
concurrency_n20_20260613_002920_redis_feed11_rep1,redis,sb:events:n20:feed11:rep1,adc6b847-abc1-4e9e-a5a6-ad44f825f339,3895060,390,30893306300,30893335000,1781307010038-0
concurrency_n20_20260613_002920_redis_feed11_rep1,redis,sb:events:n20:feed11:rep1,4a6a2c08-a9b8-43d7-b214-bbb473b55464,3895121,390,30894905600,30894930700,1781307010051-0
concurrency_n20_20260613_002920_redis_feed11_rep1,redis,sb:events:n20:feed11:rep1,06dfe816-f41b-4691-85ac-5a1497f4e5d7,3895107,390,30897199700,30897224300,1781307010055-0
concurrency_n20_20260613_002920_redis_feed11_rep1,redis,sb:events:n20:feed11:rep1,c605a570-c317-4bcd-a935-3aac355ff451,3895107,390,30898265100,30898304300,1781307010060-0
concurrency_n20_20260613_002920_redis_feed11_rep1,redis,sb:events:n20:feed11:rep1,5a9615d0-3ce1-4bd1-a1cb-9225e36960cf,3895107,390,30899607000,30899634800,1781307010062-0
concurrency_n20_20260613_002920_redis_feed11_rep1,redis,sb:events:n20:feed11:rep1,cd0b7eba-d989-4051-a319-8c15974e16e5,3895107,390,30900352700,30900377100,1781307010063-0
concurrency_n20_20260613_002920_redis_feed11_rep1,redis,sb:events:n20:feed11:rep1,c2c67e7a-c0ba-487c-ad53-721769bd1366,3895107,390,30902569800,30902617700,1781307010072-0
concurrency_n20_20260613_002920_redis_feed11_rep1,redis,sb:events:n20:feed11:rep1,0c16687b-8a31-4a7b-b921-629b596d9c0b,3895134,390,30903411900,30903453700,1781307010074-0
concurrency_n20_20260613_002920_redis_feed11_rep1,redis,sb:events:n20:feed11:rep1,9cea225a-2bd2-4f90-a253-c82de6a2a277,3895086,390,30905619000,30905644000,1781307010075-0
concurrency_n20_20260613_002920_redis_feed11_rep1,redis,sb:events:n20:feed11:rep1,f22266fd-345a-4d52-8390-69c13ff3df92,3895121,391,30928455600,30928489700,1781307010078-0
concurrency_n20_20260613_002920_redis_feed11_rep1,redis,sb:events:n20:feed11:rep1,74af8288-7af8-4890-9b8f-7dfdadd3096b,3895121,391,30929918800,30929951100,1781307010079-0
concurrency_n20_20260613_002920_redis_feed11_rep1,redis,sb:events:n20:feed11:rep1,ecfb9c44-43b4-4c53-b333-77fce2c87424,3895121,391,30935536300,30935563300,1781307010097-0
concurrency_n20_20260613_002920_redis_feed11_rep1,redis,sb:events:n20:feed11:rep1,99b13928-880a-4f5f-91e8-55fed8c94697,3895067,391,30938092300,30938126400,1781307010103-0
concurrency_n20_20260613_002920_redis_feed11_rep1,redis,sb:events:n20:feed11:rep1,cf1f3507-3298-4acb-b2fc-3dd68b5aad26,3895052,391,30943632600,30943660800,1781307010105-0
concurrency_n20_20260613_002920_redis_feed11_rep1,redis,sb:events:n20:feed11:rep1,156dd670-c9e9-4baa-b62f-210633d22ef8,3895113,391,30947047700,30947071100,1781307010110-0
concurrency_n20_20260613_002920_redis_feed11_rep1,redis,sb:events:n20:feed11:rep1,04544407-6d65-426c-beda-75a2272bae05,3895113,391,30950746700,30950794000,1781307010115-0
concurrency_n20_20260613_002920_redis_feed11_rep1,redis,sb:events:n20:feed11:rep1,99802a02-f8eb-45b7-8163-542209fe37ba,3895060,392,30953106900,30953163300,1781307010117-0
concurrency_n20_20260613_002920_redis_feed11_rep1,redis,sb:events:n20:feed11:rep1,8f745c57-d8d5-4a9f-a886-3419c3b7ba12,3895067,392,30957021500,30957048800,1781307010119-0
concurrency_n20_20260613_002920_redis_feed11_rep1,redis,sb:events:n20:feed11:rep1,c785f8c2-9b40-4f83-ad99-64a28ce336a5,3895067,392,30958338000,30958360800,1781307010125-0
concurrency_n20_20260613_002920_redis_feed11_rep1,redis,sb:events:n20:feed11:rep1,70a044a3-43de-4a36-9cad-c6b756635e1a,3895067,392,30959483600,30959505000,1781307010128-0
concurrency_n20_20260613_002920_redis_feed11_rep1,redis,sb:events:n20:feed11:rep1,e57b0598-a6c7-47f9-ac4e-e877e1b5aae9,3895086,392,30966298700,30966323400,1781307010132-0
concurrency_n20_20260613_002920_redis_feed11_rep1,redis,sb:events:n20:feed11:rep1,81180a03-2a2d-43d1-a344-632731073498,3895113,392,30983433700,30983469000,1781307010134-0
concurrency_n20_20260613_002920_redis_feed11_rep1,redis,sb:events:n20:feed11:rep1,965eebf2-d755-4266-aea4-f63d4e8fb4c0,3895074,393,30985977200,30985999300,1781307010135-0
concurrency_n20_20260613_002920_redis_feed11_rep1,redis,sb:events:n20:feed11:rep1,71771fbd-fbb7-4241-9a8f-22412a8c4f1e,3895067,393,31009120000,31009141800,1781307010139-0
concurrency_n20_20260613_002920_redis_feed11_rep1,redis,sb:events:n20:feed11:rep1,7b38db38-233e-4b05-a520-94630ca5b7ef,3895067,393,31010468200,31010509000,1781307010157-0
concurrency_n20_20260613_002920_redis_feed11_rep1,redis,sb:events:n20:feed11:rep1,3b25b250-2e85-47f0-8e03-1415a70d9b79,3895067,393,31011290400,31011313900,1781307010172-0
concurrency_n20_20260613_002920_redis_feed11_rep1,redis,sb:events:n20:feed11:rep1,f16b7f89-76f5-40d3-91a0-24a1ef7fcb5f,3895067,393,31013499600,31013525000,1781307010182-0
concurrency_n20_20260613_002920_redis_feed11_rep1,redis,sb:events:n20:feed11:rep1,ea6911ea-57bc-4377-83ee-cd2ff0785554,3895134,393,31020805900,31020837500,1781307010184-0
concurrency_n20_20260613_002920_redis_feed11_rep1,redis,sb:events:n20:feed11:rep1,0e78543b-a433-434f-8af2-7633bb374aae,3895134,393,31024285000,31024306900,1781307010189-0
concurrency_n20_20260613_002920_redis_feed11_rep1,redis,sb:events:n20:feed11:rep1,995d9ac5-8f9b-4cb1-8e08-a6d523581b89,3895134,393,31030613300,31030646600,1781307010191-0
concurrency_n20_20260613_002920_redis_feed11_rep1,redis,sb:events:n20:feed11:rep1,08c3259d-c0ce-4c66-9aee-62de255259ae,3895052,393,31043290900,31043336800,1781307010192-0
concurrency_n20_20260613_002920_redis_feed11_rep1,redis,sb:events:n20:feed11:rep1,e83fa094-3a61-44d6-91a1-934566d0a705,3895052,393,31044365000,31044396300,1781307010196-0
concurrency_n20_20260613_002920_redis_feed11_rep1,redis,sb:events:n20:feed11:rep1,4b481aa6-01b0-43d8-b6d2-9c3747c607cc,3895086,393,31049416100,31049484600,1781307010198-0
concurrency_n20_20260613_002920_redis_feed11_rep1,redis,sb:events:n20:feed11:rep1,af16f8d4-8c23-4448-9f47-b220ed27e58c,3895086,393,31050465900,31050500100,1781307010214-0
concurrency_n20_20260613_002920_redis_feed11_rep1,redis,sb:events:n20:feed11:rep1,606feb67-4c77-4c55-966c-b4e03d37bf36,3895113,393,31053796100,31053821900,1781307010222-0
concurrency_n20_20260613_002920_redis_feed11_rep1,redis,sb:events:n20:feed11:rep1,7530778b-6d23-40d8-a3d7-d8a9cb508770,3895113,393,31055473200,31055498600,1781307010223-0
concurrency_n20_20260613_002920_redis_feed11_rep1,redis,sb:events:n20:feed11:rep1,8988d33c-96c5-4c37-b694-9f38d6adda38,3895113,393,31056626800,31056650400,1781307010224-0
concurrency_n20_20260613_002920_redis_feed11_rep1,redis,sb:events:n20:feed11:rep1,59fd0264-a24b-45f6-90be-cc8881654cd7,3895060,394,31068430700,31068453300,1781307010230-0
concurrency_n20_20260613_002920_redis_feed11_rep1,redis,sb:events:n20:feed11:rep1,8a0e2c23-dd3d-479f-9422-93a351b99f04,3895074,394,31069776200,31069799300,1781307010231-0
concurrency_n20_20260613_002920_redis_feed11_rep1,redis,sb:events:n20:feed11:rep1,d7dcb70e-7560-429f-9a14-0fe22b9a0177,3895074,394,31093809200,31093882300,1781307010239-0
concurrency_n20_20260613_002920_redis_feed11_rep1,redis,sb:events:n20:feed11:rep1,9984bc9b-2636-43a5-addf-166a3119b365,3895074,394,31104696700,31104725000,1781307010241-0
concurrency_n20_20260613_002920_redis_feed11_rep1,redis,sb:events:n20:feed11:rep1,4fb0398f-7ba0-4be8-9b71-3b477e2658eb,3895074,394,31120355400,31120378700,1781307010260-0
concurrency_n20_20260613_002920_redis_feed11_rep1,redis,sb:events:n20:feed11:rep1,5cb2e6b1-53e9-4034-bcfb-d36b13f62b4b,3895067,394,31121963700,31121991500,1781307010264-0
concurrency_n20_20260613_002920_redis_feed11_rep1,redis,sb:events:n20:feed11:rep1,538b3ce6-4345-4a59-bfbe-5c2a8375a917,3895067,394,31136688900,31136715700,1781307010274-0
concurrency_n20_20260613_002920_redis_feed11_rep1,redis,sb:events:n20:feed11:rep1,a14fe2cd-eb83-46ca-970d-37eeb6ba141f,3895067,394,31137894400,31137920000,1781307010289-0
concurrency_n20_20260613_002920_redis_feed11_rep1,redis,sb:events:n20:feed11:rep1,135cce3a-70e2-48e3-adf8-43f2c4adee78,3895134,394,31139163200,31139193200,1781307010293-0
concurrency_n20_20260613_002920_redis_feed11_rep1,redis,sb:events:n20:feed11:rep1,f8b5d10a-0456-4332-9da3-dcbe962f74bf,3895134,394,31141064600,31141090800,1781307010305-0
concurrency_n20_20260613_002920_redis_feed11_rep1,redis,sb:events:n20:feed11:rep1,cbd19fb2-1303-4a76-a81e-b80bf03fe011,3895086,394,31142626200,31142680700,1781307010308-0
concurrency_n20_20260613_002920_redis_feed11_rep1,redis,sb:events:n20:feed11:rep1,f6881f8d-2c17-49b2-b0d4-33427d87ef5c,3895113,394,31146709100,31146826700,1781307010310-0
concurrency_n20_20260613_002920_redis_feed11_rep1,redis,sb:events:n20:feed11:rep1,6cee4a6c-88fa-4349-b524-334a8368ecd5,3895113,394,31158094600,31158134400,1781307010313-0
concurrency_n20_20260613_002920_redis_feed11_rep1,redis,sb:events:n20:feed11:rep1,1dd3fe13-43ab-4c39-98f1-d9403db2353e,3895074,395,31160360400,31160388900,1781307010315-0
concurrency_n20_20260613_002920_redis_feed11_rep1,redis,sb:events:n20:feed11:rep1,b1c14719-ff1d-4c2c-aed3-bbbf83b838f8,3895067,395,31171912600,31171949200,1781307010320-0
concurrency_n20_20260613_002920_redis_feed11_rep1,redis,sb:events:n20:feed11:rep1,dfcb9333-6143-4f80-ba39-621cbedb0597,3895067,395,31174485200,31174525800,1781307010331-0
concurrency_n20_20260613_002920_redis_feed11_rep1,redis,sb:events:n20:feed11:rep1,dc010f7d-c0d1-42ba-a88e-315dcbc075a7,3895086,395,31186129800,31186154200,1781307010342-0
concurrency_n20_20260613_002920_redis_feed11_rep1,redis,sb:events:n20:feed11:rep1,ec3f69f7-c69b-44db-b573-3cde53fbd730,3895095,396,31191047900,31191072200,1781307010356-0
concurrency_n20_20260613_002920_redis_feed11_rep1,redis,sb:events:n20:feed11:rep1,2c6a54f1-b280-4672-9ad7-cccacf2b8bb8,3895060,396,31191815200,31191834100,1781307010358-0
concurrency_n20_20260613_002920_redis_feed11_rep1,redis,sb:events:n20:feed11:rep1,c50d721c-be65-4eda-bc7f-067bb1947653,3895060,396,31193552000,31193576100,1781307010359-0
concurrency_n20_20260613_002920_redis_feed11_rep1,redis,sb:events:n20:feed11:rep1,f57745b2-2c27-4f2f-8cb3-f369b5d2484f,3895052,396,31194506400,31194525100,1781307010360-0
concurrency_n20_20260613_002920_redis_feed11_rep1,redis,sb:events:n20:feed11:rep1,2c1397d2-8aa5-40f5-98c6-e6148ccbe8aa,3895086,396,31198028500,31198167900,1781307010362-0
concurrency_n20_20260613_002920_redis_feed11_rep1,redis,sb:events:n20:feed11:rep1,b5ace099-c920-4ae8-944a-7f6b88515489,3895086,396,31200657000,31200683500,1781307010363-0
concurrency_n20_20260613_002920_redis_feed11_rep1,redis,sb:events:n20:feed11:rep1,8be1f93d-cca7-4c97-8299-972dfe8ea383,3895086,396,31201555500,31201580100,1781307010364-0
concurrency_n20_20260613_002920_redis_feed11_rep1,redis,sb:events:n20:feed11:rep1,0ee60138-b4a1-4c81-8673-5f829c14e56c,3895086,396,31203478800,31203502500,1781307010370-0
concurrency_n20_20260613_002920_redis_feed11_rep1,redis,sb:events:n20:feed11:rep1,343d7db0-931b-4748-851f-27006a202cbb,3895113,396,31207366300,31207408200,1781307010371-0
concurrency_n20_20260613_002920_redis_feed11_rep1,redis,sb:events:n20:feed11:rep1,515cfb63-2081-491b-a7c3-7dcd73641d39,3895113,396,31209424000,31209450000,1781307010372-0
concurrency_n20_20260613_002920_redis_feed11_rep1,redis,sb:events:n20:feed11:rep1,119ca6ba-49bc-4d4f-a57c-7497f0f8b54b,3895113,396,31211272600,31211306900,1781307010378-0
concurrency_n20_20260613_002920_redis_feed11_rep1,redis,sb:events:n20:feed11:rep1,f4c96189-c3e2-4491-9e97-bb2016985024,3895052,397,31212159800,31212178200,1781307010379-0
concurrency_n20_20260613_002920_redis_feed11_rep1,redis,sb:events:n20:feed11:rep1,32d9fc40-b95c-4d4a-9574-8340ff444e67,3895052,397,31213536800,31213559300,1781307010384-0
concurrency_n20_20260613_002920_redis_feed11_rep1,redis,sb:events:n20:feed11:rep1,20a73b74-427d-481b-a977-93197096c055,3895086,397,31216131000,31216152600,1781307010385-0
concurrency_n20_20260613_002920_redis_feed11_rep1,redis,sb:events:n20:feed11:rep1,abfa9add-3515-4c1f-b8e2-cfd721c11038,3895086,397,31217326300,31217348300,1781307010386-0
concurrency_n20_20260613_002920_redis_feed11_rep1,redis,sb:events:n20:feed11:rep1,ddf54fc4-f7d9-4b4a-a86f-7383cd65ba86,3895113,397,31218679100,31218704700,1781307010388-0
concurrency_n20_20260613_002920_redis_feed11_rep1,redis,sb:events:n20:feed11:rep1,948b1c2e-4813-475c-98ca-bf65b0cfba10,3895095,398,31220752500,31220774600,1781307010389-0
concurrency_n20_20260613_002920_redis_feed11_rep1,redis,sb:events:n20:feed11:rep1,df8c1d00-5a23-43ea-8c97-c2d64c2bb5dd,3895095,398,31221697200,31221717600,1781307010390-0
concurrency_n20_20260613_002920_redis_feed11_rep1,redis,sb:events:n20:feed11:rep1,9281c676-2991-4438-a848-0ccfd62c9713,3895095,398,31222637200,31222657300,1781307010392-0
concurrency_n20_20260613_002920_redis_feed11_rep1,redis,sb:events:n20:feed11:rep1,7f860392-a215-442d-a67e-4d294f09a4e2,3895060,398,31223350200,31223366500,1781307010393-0
concurrency_n20_20260613_002920_redis_feed11_rep1,redis,sb:events:n20:feed11:rep1,9ced370b-38a8-4454-a1c2-6311bfe928f1,3895060,398,31226532900,31226558400,1781307010394-0
concurrency_n20_20260613_002920_redis_feed11_rep1,redis,sb:events:n20:feed11:rep1,f1c25842-30f0-4443-99d9-b8a529e0aacb,3895134,398,31228416100,31228449000,1781307010395-0
concurrency_n20_20260613_002920_redis_feed11_rep1,redis,sb:events:n20:feed11:rep1,f2b67d17-7a41-4ad5-a4e8-4a273d22ae16,3895052,398,31232809300,31232866500,1781307010397-0
concurrency_n20_20260613_002920_redis_feed11_rep1,redis,sb:events:n20:feed11:rep1,abdf9f97-cb84-4f39-8a1f-ddf7d8ee4284,3895086,398,31235131600,31235171100,1781307010398-0
concurrency_n20_20260613_002920_redis_feed11_rep1,redis,sb:events:n20:feed11:rep1,1283c691-c5df-4c07-8d13-7504482421f5,3895086,398,31242052900,31242079400,1781307010399-0
concurrency_n20_20260613_002920_redis_feed11_rep1,redis,sb:events:n20:feed11:rep1,bbb3c276-5665-44e2-b52f-e71aefcf8e3a,3895113,398,31243249000,31243271200,1781307010400-0
concurrency_n20_20260613_002920_redis_feed11_rep1,redis,sb:events:n20:feed11:rep1,93a04759-8e10-4a79-98df-d2fef09c6629,3895113,398,31244457400,31244480600,1781307010401-0
concurrency_n20_20260613_002920_redis_feed11_rep1,redis,sb:events:n20:feed11:rep1,3f2f9851-45a7-4ebe-ad2a-78269daa75df,3895113,398,31245386300,31245411300,1781307010403-0
concurrency_n20_20260613_002920_redis_feed11_rep1,redis,sb:events:n20:feed11:rep1,501f6ca5-6a86-4ce4-9cfc-f6e0187c9d55,3895113,398,31247200600,31247227300,1781307010411-0
concurrency_n20_20260613_002920_redis_feed11_rep1,redis,sb:events:n20:feed11:rep1,07053e4c-e128-4431-96aa-0681e7f1d3c2,3895095,399,31248190700,31248209400,1781307010412-0
concurrency_n20_20260613_002920_redis_feed11_rep1,redis,sb:events:n20:feed11:rep1,3c5d079f-7af2-4cb8-9202-a047b2ba45e1,3895095,399,31249343600,31249364800,1781307010418-0
concurrency_n20_20260613_002920_redis_feed11_rep1,redis,sb:events:n20:feed11:rep1,e4ddc354-2d7a-45f1-8e30-f2030a95a5d4,3895095,399,31250165600,31250188000,1781307010419-0
concurrency_n20_20260613_002920_redis_feed11_rep1,redis,sb:events:n20:feed11:rep1,ab3be832-0318-4cac-90ba-84998d6bae03,3895060,399,31251928500,31251953000,1781307010421-0
concurrency_n20_20260613_002920_redis_feed11_rep1,redis,sb:events:n20:feed11:rep1,39796723-ae18-471d-82e7-83152b15fe67,3895134,399,31252725200,31252744400,1781307010422-0
concurrency_n20_20260613_002920_redis_feed11_rep1,redis,sb:events:n20:feed11:rep1,69524811-4918-4785-923d-78184f785804,3895052,399,31257035900,31257058300,1781307010430-0
concurrency_n20_20260613_002920_redis_feed11_rep1,redis,sb:events:n20:feed11:rep1,083f6173-25b6-441c-8b33-3415bb3fbd58,3895052,399,31259238200,31259258700,1781307010431-0
concurrency_n20_20260613_002920_redis_feed11_rep1,redis,sb:events:n20:feed11:rep1,3b938f84-998e-4a6d-b5d2-be210f99c5bd,3895086,399,31285909400,31285938400,1781307010438-0
concurrency_n20_20260613_002920_redis_feed11_rep1,redis,sb:events:n20:feed11:rep1,6f7be7ee-0d66-4d3e-bca1-fc751e66a6b9,3895086,399,31296471300,31296531600,1781307010449-0
concurrency_n20_20260613_002920_redis_feed11_rep1,redis,sb:events:n20:feed11:rep1,5380a23f-506b-4881-85f6-72a110685a23,3895113,399,31299985500,31300011200,1781307010469-0
concurrency_n20_20260613_002920_redis_feed11_rep1,redis,sb:events:n20:feed11:rep1,0c6aae5f-d6e7-4e3f-958d-ff741ef7213f,3895113,399,31333638300,31333665900,1781307010476-0
concurrency_n20_20260613_002920_redis_feed11_rep1,redis,sb:events:n20:feed11:rep1,7982b5d9-4599-4b38-9351-c02f47d75634,3895113,399,31337000300,31337035200,1781307010480-0
concurrency_n20_20260613_002920_redis_feed11_rep1,redis,sb:events:n20:feed11:rep1,88112df4-66e0-4a8a-8d7b-ea5419b04530,3895113,399,31338539900,31338687400,1781307010482-0
concurrency_n20_20260613_002920_redis_feed11_rep1,redis,sb:events:n20:feed11:rep1,e182ad3e-5a33-4704-b958-75a7bac9b3a1,3895060,400,31339918300,31339943500,1781307010499-0
concurrency_n20_20260613_002920_redis_feed11_rep1,redis,sb:events:n20:feed11:rep1,ef3078a5-3393-48b0-8afb-796cff80c5a0,3895060,400,31347009000,31347038200,1781307010509-0
concurrency_n20_20260613_002920_redis_feed11_rep1,redis,sb:events:n20:feed11:rep1,474ab2df-3a03-4e71-b8ec-bbdf568286d7,3895060,400,31352445200,31352475700,1781307010510-0
concurrency_n20_20260613_002920_redis_feed11_rep1,redis,sb:events:n20:feed11:rep1,eba2e6e8-636d-45f0-a8ce-0f0bd1d57411,3895052,400,31354669900,31354697400,1781307010513-0
concurrency_n20_20260613_002920_redis_feed11_rep1,redis,sb:events:n20:feed11:rep1,41f9512b-ca4f-49d7-8b8d-4a8999004a4d,3895052,400,31358626700,31358659000,1781307010515-0
concurrency_n20_20260613_002920_redis_feed11_rep1,redis,sb:events:n20:feed11:rep1,9eb51b15-3167-43e5-90ca-ca7b9be4372a,3895052,400,31368993900,31369058000,1781307010517-0
concurrency_n20_20260613_002920_redis_feed11_rep1,redis,sb:events:n20:feed11:rep1,f044af23-bafc-40e0-a29a-ccb8a12270a2,3895113,400,31372091800,31372113900,1781307010521-0
concurrency_n20_20260613_002920_redis_feed11_rep1,redis,sb:events:n20:feed11:rep1,52f12bc7-1f6f-4e45-bafd-d9a5aac3c720,3895113,400,31376081900,31376109600,1781307010525-0
concurrency_n20_20260613_002920_redis_feed11_rep1,redis,sb:events:n20:feed11:rep1,2687b66f-9cee-4ec4-9576-3ff4bdcceb52,3895086,401,31377228400,31377261800,1781307010530-0
concurrency_n20_20260613_002920_redis_feed11_rep1,redis,sb:events:n20:feed11:rep1,11f7ce84-24b4-475a-b143-83db518ce7d3,3895095,402,31379696500,31379716400,1781307010547-0
concurrency_n20_20260613_002920_redis_feed11_rep1,redis,sb:events:n20:feed11:rep1,6997db3a-ca3c-43da-bca2-16b9a922f6d8,3895095,402,31380573600,31380597900,1781307010548-0
concurrency_n20_20260613_002920_redis_feed11_rep1,redis,sb:events:n20:feed11:rep1,d2cfd8cf-c66c-4e29-9c67-b49258151b2a,3895095,402,31381412800,31381434700,1781307010549-0
concurrency_n20_20260613_002920_redis_feed11_rep1,redis,sb:events:n20:feed11:rep1,059fd091-ff2b-4556-a70b-0e68acc6b0cf,3895052,402,31388219600,31388244300,1781307010550-0
concurrency_n20_20260613_002920_redis_feed11_rep1,redis,sb:events:n20:feed11:rep1,22881a06-05be-4bf0-8518-2681eb9797a3,3895052,402,31389821600,31389847000,1781307010552-0
concurrency_n20_20260613_002920_redis_feed11_rep1,redis,sb:events:n20:feed11:rep1,6088b9ad-bddd-45ba-8d07-3e78feb5654a,3895052,403,31391758200,31391777400,1781307010553-0
concurrency_n20_20260613_002920_redis_feed11_rep1,redis,sb:events:n20:feed11:rep1,ec99ce1c-a4c8-4148-aa55-3bfe856b5836,3895086,403,31392631500,31392651200,1781307010554-0
concurrency_n20_20260613_002920_redis_feed11_rep1,redis,sb:events:n20:feed11:rep1,fdf94033-542d-4292-95c2-cb787c750b62,3895086,403,31393424000,31393441200,1781307010557-0
concurrency_n20_20260613_002920_redis_feed11_rep1,redis,sb:events:n20:feed11:rep1,4a816579-df56-4ce5-b878-8d40f203cb52,3895113,403,31397975100,31398114000,1781307010559-0
concurrency_n20_20260613_002920_redis_feed11_rep1,redis,sb:events:n20:feed11:rep1,192e9df3-dac7-415f-8997-939d4d5b0f65,3895052,404,31399164600,31399189700,1781307010564-0
concurrency_n20_20260613_002920_redis_feed11_rep1,redis,sb:events:n20:feed11:rep1,1bc603e2-bad1-46d7-8749-cc2556e31806,3895052,404,31400280000,31400305600,1781307010565-0
concurrency_n20_20260613_002920_redis_feed11_rep1,redis,sb:events:n20:feed11:rep1,923738ee-fc49-4531-abda-89a58219a128,3895086,404,31403786000,31403810200,1781307010565-1
concurrency_n20_20260613_002920_redis_feed11_rep1,redis,sb:events:n20:feed11:rep1,2ecae5af-88bb-4062-af1e-2d24dc92d5f0,3895052,405,31405211400,31405232500,1781307010566-0
concurrency_n20_20260613_002920_redis_feed11_rep1,redis,sb:events:n20:feed11:rep1,1df1b344-254f-4242-bbff-259be52f2f9f,3895052,405,31406125900,31406145800,1781307010573-0
concurrency_n20_20260613_002920_redis_feed11_rep1,redis,sb:events:n20:feed11:rep1,1402a0f6-df9a-4a15-a85b-50a0ee7f1aa1,3895086,405,31407422300,31407447200,1781307010575-0
concurrency_n20_20260613_002920_redis_feed11_rep1,redis,sb:events:n20:feed11:rep1,f7cfe3a3-fa88-45b1-9e4a-ad8c92ba7d88,3895086,405,31409688600,31409712100,1781307010578-0
concurrency_n20_20260613_002920_redis_feed11_rep1,redis,sb:events:n20:feed11:rep1,34634858-227c-475b-b5c0-af15cc75c55a,3895113,405,31410878100,31410915700,1781307010580-0
concurrency_n20_20260613_002920_redis_feed11_rep1,redis,sb:events:n20:feed11:rep1,3b2bd1ac-8290-44b8-b954-ec2bab80ca29,3895113,405,31413198800,31413218700,1781307010583-0
concurrency_n20_20260613_002920_redis_feed11_rep1,redis,sb:events:n20:feed11:rep1,da545246-60fd-4a0d-9d5d-5d3ca007b671,3895052,406,31413925900,31413952300,1781307010585-0
concurrency_n20_20260613_002920_redis_feed11_rep1,redis,sb:events:n20:feed11:rep1,5ad79794-5352-47c6-ada3-96c1ef072a85,3895052,406,31415762800,31415788200,1781307010589-0
concurrency_n20_20260613_002920_redis_feed11_rep1,redis,sb:events:n20:feed11:rep1,ea396394-e219-4728-a86d-bb5b1ee852d5,3895052,406,31420197400,31420225900,1781307010590-0
concurrency_n20_20260613_002920_redis_feed11_rep1,redis,sb:events:n20:feed11:rep1,be47d88f-1996-48a0-8925-9f8edaa3ca68,3895086,406,31421994100,31422016300,1781307010594-0
concurrency_n20_20260613_002920_redis_feed11_rep1,redis,sb:events:n20:feed11:rep1,9466e7b4-8e45-4458-a5de-965a57e52aa8,3895113,406,31424187900,31424228300,1781307010596-0
concurrency_n20_20260613_002920_redis_feed11_rep1,redis,sb:events:n20:feed11:rep1,277885fb-01ce-483f-8d09-45be01ab9779,3895052,407,31425939600,31426086700,1781307010597-0
concurrency_n20_20260613_002920_redis_feed11_rep1,redis,sb:events:n20:feed11:rep1,def9f373-446b-4c52-93fe-6dfd8eb38e67,3895052,407,31428965000,31428997000,1781307010600-0
concurrency_n20_20260613_002920_redis_feed11_rep1,redis,sb:events:n20:feed11:rep1,8caecad9-5b7d-4c78-8088-c858e00b900d,3895052,407,31429931300,31430008800,1781307010600-1
concurrency_n20_20260613_002920_redis_feed11_rep1,redis,sb:events:n20:feed11:rep1,937de409-0477-4d40-8549-5681da2d0fd4,3895086,407,31432795200,31432820000,1781307010602-0
concurrency_n20_20260613_002920_redis_feed11_rep1,redis,sb:events:n20:feed11:rep1,0629b250-600d-423c-858d-2830bccad9ff,3895052,407,31435171300,31435200000,1781307010604-0
concurrency_n20_20260613_002920_redis_feed11_rep1,redis,sb:events:n20:feed11:rep1,fe6a69dc-8631-4c8a-8b09-61f474215e37,3895086,407,31436556100,31436580900,1781307010605-0
concurrency_n20_20260613_002920_redis_feed11_rep1,redis,sb:events:n20:feed11:rep1,32919933-6bb8-4faa-b18e-ad93184393bf,3895060,408,31439306800,31439357400,1781307010607-0
concurrency_n20_20260613_002920_redis_feed11_rep1,redis,sb:events:n20:feed11:rep1,507db774-d073-4767-ab0a-dbac0356c04c,3895086,408,31441402500,31441429900,1781307010608-0
concurrency_n20_20260613_002920_redis_feed11_rep1,redis,sb:events:n20:feed11:rep1,4d8f7de9-ba91-4892-a377-88cebd92d43b,3895086,408,31443078300,31443103800,1781307010610-0
concurrency_n20_20260613_002920_redis_feed11_rep1,redis,sb:events:n20:feed11:rep1,45d54390-55ed-4ec7-9ed0-3ef10a22a272,3895086,408,31458168700,31458194600,1781307010611-0
concurrency_n20_20260613_002920_redis_feed11_rep1,redis,sb:events:n20:feed11:rep1,c4dc179a-2949-41ca-8758-676ccc586d70,3895113,408,31460193000,31460216800,1781307010613-0
concurrency_n20_20260613_002920_redis_feed11_rep1,redis,sb:events:n20:feed11:rep1,0dc483af-2a22-4957-bcfa-4206c244b3db,3895113,408,31464163800,31464193500,1781307010614-0
concurrency_n20_20260613_002920_redis_feed11_rep1,redis,sb:events:n20:feed11:rep1,7a1cae44-d611-4898-8e6a-0e6ab7ad3571,3895052,409,31465559200,31465585000,1781307010624-0
concurrency_n20_20260613_002920_redis_feed11_rep1,redis,sb:events:n20:feed11:rep1,91059f5d-e167-45b7-a8ea-df5f6428998b,3895086,409,31466419600,31466443300,1781307010632-0
concurrency_n20_20260613_002920_redis_feed11_rep1,redis,sb:events:n20:feed11:rep1,2577a998-31d8-46a6-b78f-0bb1f75e62a6,3895086,409,31468348300,31468373600,1781307010637-0
concurrency_n20_20260613_002920_redis_feed11_rep1,redis,sb:events:n20:feed11:rep1,296aac38-e333-4822-a17e-1cf241ca8a48,3895086,409,31472803200,31472834500,1781307010639-0
concurrency_n20_20260613_002920_redis_feed11_rep1,redis,sb:events:n20:feed11:rep1,f80cc3e5-f190-499e-a88d-4db8d2eeb8b8,3895113,409,31474442700,31474473700,1781307010640-0
concurrency_n20_20260613_002920_redis_feed11_rep1,redis,sb:events:n20:feed11:rep1,9e692d8d-e162-4e14-bd3b-822eb58cf8d7,3895060,410,31476499900,31476527900,1781307010643-0
concurrency_n20_20260613_002920_redis_feed11_rep1,redis,sb:events:n20:feed11:rep1,f85e321f-816d-4b6c-8b0a-c051a766519e,3895060,410,31478150500,31478180900,1781307010644-0
concurrency_n20_20260613_002920_redis_feed11_rep1,redis,sb:events:n20:feed11:rep1,35af85ca-d396-423b-a75f-c7315989a22d,3895052,410,31481519000,31481651000,1781307010646-0
concurrency_n20_20260613_002920_redis_feed11_rep1,redis,sb:events:n20:feed11:rep1,32302554-dcc1-4615-b9b5-4186c5c1b65a,3895052,410,31482931700,31482957100,1781307010648-0
concurrency_n20_20260613_002920_redis_feed11_rep1,redis,sb:events:n20:feed11:rep1,86a2b8f2-6c9e-46e1-9a0b-cd9c358f43c9,3895052,410,31484145700,31484171400,1781307010650-0
concurrency_n20_20260613_002920_redis_feed11_rep1,redis,sb:events:n20:feed11:rep1,d8557160-f77d-4a4f-8d2a-dba2bae4f47b,3895086,410,31487871300,31487895800,1781307010652-0
concurrency_n20_20260613_002920_redis_feed11_rep1,redis,sb:events:n20:feed11:rep1,f63cf3f3-4dcb-4f72-9c59-848dcb4c981a,3895060,411,31490838200,31490867800,1781307010654-0
concurrency_n20_20260613_002920_redis_feed11_rep1,redis,sb:events:n20:feed11:rep1,b2b16ddc-9dbc-492c-9700-8dd09543424d,3895134,411,31495509200,31495571900,1781307010657-0
concurrency_n20_20260613_002920_redis_feed11_rep1,redis,sb:events:n20:feed11:rep1,d808606f-b088-4c1c-be2c-97e3e1c127d4,3895113,411,31496792300,31496813600,1781307010658-0
concurrency_n20_20260613_002920_redis_feed11_rep1,redis,sb:events:n20:feed11:rep1,5570ecf6-6ef2-4490-a64e-a26ae4565a05,3895113,411,31498057200,31498081800,1781307010660-0
concurrency_n20_20260613_002920_redis_feed11_rep1,redis,sb:events:n20:feed11:rep1,cbfece8b-528d-48bb-a985-fd5e64780757,3895060,412,31515300500,31515326000,1781307010663-0
concurrency_n20_20260613_002920_redis_feed11_rep1,redis,sb:events:n20:feed11:rep1,b0ca91fc-29bf-4b75-ab11-9b00df600132,3895107,412,31516349500,31516371400,1781307010667-0
concurrency_n20_20260613_002920_redis_feed11_rep1,redis,sb:events:n20:feed11:rep1,f0fe5375-7028-4044-af07-74a9d95bc1e7,3895134,412,31518112700,31518140700,1781307010670-0
concurrency_n20_20260613_002920_redis_feed11_rep1,redis,sb:events:n20:feed11:rep1,f1137b6b-87e8-4a2e-89f9-13eb6ec76570,3895134,412,31538223600,31538253900,1781307010672-0
concurrency_n20_20260613_002920_redis_feed11_rep1,redis,sb:events:n20:feed11:rep1,049eb390-d5d2-43ac-babd-9bc5b3977429,3895134,412,31540854600,31540893600,1781307010681-0
concurrency_n20_20260613_002920_redis_feed11_rep1,redis,sb:events:n20:feed11:rep1,9d177173-1ff5-49c7-85c1-9005c1cb85aa,3895052,412,31545344000,31545372800,1781307010685-0
concurrency_n20_20260613_002920_redis_feed11_rep1,redis,sb:events:n20:feed11:rep1,536d3016-2a58-45a2-abe7-7510d2fe82c6,3895052,412,31547004200,31547028000,1781307010687-0
concurrency_n20_20260613_002920_redis_feed11_rep1,redis,sb:events:n20:feed11:rep1,61eb9978-041a-4c5d-b84a-e83858aba17a,3895086,412,31547963300,31547986400,1781307010691-0
concurrency_n20_20260613_002920_redis_feed11_rep1,redis,sb:events:n20:feed11:rep1,9c2bfa0e-c0d4-4914-8233-9b3fc007a35f,3895086,412,31548897800,31548924500,1781307010709-0
concurrency_n20_20260613_002920_redis_feed11_rep1,redis,sb:events:n20:feed11:rep1,623277a1-75db-403a-92c9-c0afe097a0f3,3895060,413,31553929200,31553953200,1781307010719-0
concurrency_n20_20260613_002920_redis_feed11_rep1,redis,sb:events:n20:feed11:rep1,3a8dfce1-23cb-4ebc-9475-506109bebf1c,3895060,413,31555016800,31555038300,1781307010720-0
concurrency_n20_20260613_002920_redis_feed11_rep1,redis,sb:events:n20:feed11:rep1,e7efbe5c-3cff-4ea4-8ced-a3f2c2aa0ba3,3895060,413,31557260400,31557281400,1781307010721-0
concurrency_n20_20260613_002920_redis_feed11_rep1,redis,sb:events:n20:feed11:rep1,c1326634-36dc-4bb6-9ed6-814ed105a095,3895134,413,31558078200,31558173600,1781307010722-0
concurrency_n20_20260613_002920_redis_feed11_rep1,redis,sb:events:n20:feed11:rep1,bd65f10d-e0f0-4aa8-b643-123d11239e92,3895134,413,31561167500,31561199100,1781307010728-0
concurrency_n20_20260613_002920_redis_feed11_rep1,redis,sb:events:n20:feed11:rep1,2e924e2e-9f8a-4c8b-8a00-68c186e8eaa9,3895134,413,31562167000,31562191800,1781307010729-0
concurrency_n20_20260613_002920_redis_feed11_rep1,redis,sb:events:n20:feed11:rep1,44290f3c-3ec2-4fa9-b500-4e7a5186c44e,3895113,413,31562920900,31562938600,1781307010730-0
concurrency_n20_20260613_002920_redis_feed11_rep1,redis,sb:events:n20:feed11:rep1,68e72920-b8ea-4477-80de-6b48608ab973,3895113,413,31585805300,31585831900,1781307010743-0
concurrency_n20_20260613_002920_redis_feed11_rep1,redis,sb:events:n20:feed11:rep1,ff3547ec-2170-4976-8933-a4cb58199080,3895095,414,31590611800,31590635600,1781307010758-0
concurrency_n20_20260613_002920_redis_feed11_rep1,redis,sb:events:n20:feed11:rep1,47e31b83-14fc-4b14-b1fe-b65017d691b0,3895060,414,31593638500,31593667200,1781307010759-0
concurrency_n20_20260613_002920_redis_feed11_rep1,redis,sb:events:n20:feed11:rep1,949a886f-d69a-4509-9346-4e83b5bd4fcf,3895052,414,31604278200,31604302000,1781307010761-0
concurrency_n20_20260613_002920_redis_feed11_rep1,redis,sb:events:n20:feed11:rep1,c736668c-4114-4f71-8581-04840b78fdfc,3895052,414,31606857100,31606879300,1781307010766-0
concurrency_n20_20260613_002920_redis_feed11_rep1,redis,sb:events:n20:feed11:rep1,870f203a-1731-4591-8a35-35776163afba,3895052,414,31610573200,31610598500,1781307010768-0
concurrency_n20_20260613_002920_redis_feed11_rep1,redis,sb:events:n20:feed11:rep1,d463709b-a7e4-4719-8e7c-f345637a5086,3895086,414,31614413400,31614445100,1781307010779-0
concurrency_n20_20260613_002920_redis_feed11_rep1,redis,sb:events:n20:feed11:rep1,25532f19-4415-4291-b9b3-a4e73494a1f8,3895086,414,31622808400,31622928500,1781307010785-0
concurrency_n20_20260613_002920_redis_feed11_rep1,redis,sb:events:n20:feed11:rep1,2f085a92-1363-4974-966b-dc892d14e8be,3895086,414,31625007500,31625032600,1781307010787-0
concurrency_n20_20260613_002920_redis_feed11_rep1,redis,sb:events:n20:feed11:rep1,d8a02821-cb11-450b-9e91-1109a9f8f97a,3895086,414,31626266900,31626294000,1781307010789-0
concurrency_n20_20260613_002920_redis_feed11_rep1,redis,sb:events:n20:feed11:rep1,8e99eef9-a763-462c-9e35-b3b54c78ba71,3895086,414,31630766300,31630794600,1781307010796-0
concurrency_n20_20260613_002920_redis_feed11_rep1,redis,sb:events:n20:feed11:rep1,6812f850-269c-4d05-8b62-b71b943c402f,3895107,415,31632225100,31632247000,1781307010799-0
concurrency_n20_20260613_002920_redis_feed11_rep1,redis,sb:events:n20:feed11:rep1,99ca80d7-67b1-4dd3-9ef6-984960943ae8,3895107,415,31634042000,31634400500,1781307010807-0
concurrency_n20_20260613_002920_redis_feed11_rep1,redis,sb:events:n20:feed11:rep1,b75d8a21-2eb8-4647-a613-33815d403e6a,3895134,415,31638402200,31638427800,1781307010808-0
concurrency_n20_20260613_002920_redis_feed11_rep1,redis,sb:events:n20:feed11:rep1,253dcb35-7257-46a0-a08b-249d8b51fbd9,3895134,415,31639184300,31639210800,1781307010810-0
concurrency_n20_20260613_002920_redis_feed11_rep1,redis,sb:events:n20:feed11:rep1,379d9ace-6e36-4c40-817b-a6f32834f83e,3895052,415,31641094300,31641119800,1781307010813-0
concurrency_n20_20260613_002920_redis_feed11_rep1,redis,sb:events:n20:feed11:rep1,6147588e-d8a3-4a36-ad8b-e69fcd874daa,3895052,415,31642905400,31642940300,1781307010814-0
concurrency_n20_20260613_002920_redis_feed11_rep1,redis,sb:events:n20:feed11:rep1,beabc681-2cf8-475a-bb3c-00b7f3b7c2ae,3895052,415,31647531900,31647561200,1781307010817-0
concurrency_n20_20260613_002920_redis_feed11_rep1,redis,sb:events:n20:feed11:rep1,0b4043ea-bec1-4b19-b6ab-d972a45b8598,3895086,415,31648438500,31648461400,1781307010819-0
concurrency_n20_20260613_002920_redis_feed11_rep1,redis,sb:events:n20:feed11:rep1,21d2c8a0-b595-4272-9dfc-75e88c9941e1,3895086,415,31649127200,31649207500,1781307010820-0
concurrency_n20_20260613_002920_redis_feed11_rep1,redis,sb:events:n20:feed11:rep1,0692e024-b42d-4dcf-bfc6-20a8aa424b12,3895113,415,31668861200,31668932500,1781307010821-0
concurrency_n20_20260613_002920_redis_feed11_rep1,redis,sb:events:n20:feed11:rep1,b630e6ee-951f-40bf-91b7-f4e0be85557b,3895095,416,31669985000,31670008300,1781307010823-0
concurrency_n20_20260613_002920_redis_feed11_rep1,redis,sb:events:n20:feed11:rep1,acbad204-8bb9-4133-bd15-3ca49cf3d0ff,3895095,416,31670614800,31670634600,1781307010824-0
concurrency_n20_20260613_002920_redis_feed11_rep1,redis,sb:events:n20:feed11:rep1,77733bfd-5fe1-4fc9-9c9f-9196f8190a56,3895121,416,31671334000,31671354400,1781307010825-0
concurrency_n20_20260613_002920_redis_feed11_rep1,redis,sb:events:n20:feed11:rep1,9bd4cae3-7820-4dd3-9240-d120514b0bc7,3895060,416,31672989300,31673007900,1781307010843-0
concurrency_n20_20260613_002920_redis_feed11_rep1,redis,sb:events:n20:feed11:rep1,f8ca4154-43b3-48ed-b553-1cf184ec1038,3895060,416,31677339900,31677590000,1781307010845-0
concurrency_n20_20260613_002920_redis_feed11_rep1,redis,sb:events:n20:feed11:rep1,b34b9ac5-3ae8-40ba-9a82-3869f19685e6,3895060,416,31679446100,31679470200,1781307010851-0
concurrency_n20_20260613_002920_redis_feed11_rep1,redis,sb:events:n20:feed11:rep1,feec5db4-0f06-4355-8a54-70eb4f6b6dc3,3895060,416,31680891200,31680935200,1781307010852-0
concurrency_n20_20260613_002920_redis_feed11_rep1,redis,sb:events:n20:feed11:rep1,65e1d14d-aa22-4c4c-b1ce-1537efd7439d,3895060,416,31684980800,31685005600,1781307010854-0
concurrency_n20_20260613_002920_redis_feed11_rep1,redis,sb:events:n20:feed11:rep1,908f957e-04f1-48fb-8e99-287395ea1faa,3895052,416,31686115000,31686135800,1781307010855-0
concurrency_n20_20260613_002920_redis_feed11_rep1,redis,sb:events:n20:feed11:rep1,a55fbea5-23f7-4ebe-b0a3-0317649ece33,3895052,416,31687396800,31687417800,1781307010857-0
concurrency_n20_20260613_002920_redis_feed11_rep1,redis,sb:events:n20:feed11:rep1,fbe5b36f-ffec-4d50-a29c-b27c8ca90566,3895113,416,31701921700,31701962600,1781307010858-0
concurrency_n20_20260613_002920_redis_feed11_rep1,redis,sb:events:n20:feed11:rep1,77203fc8-8554-443f-ad87-073950296d0f,3895113,416,31704206200,31704234300,1781307010859-0
concurrency_n20_20260613_002920_redis_feed11_rep1,redis,sb:events:n20:feed11:rep1,bbda0fd5-ae9d-49a1-8b96-adbc5fb7e2de,3895113,416,31723085200,31723116000,1781307010861-0
concurrency_n20_20260613_002920_redis_feed11_rep1,redis,sb:events:n20:feed11:rep1,f602af13-6e83-4f6c-9be4-43b87393fb88,3895095,417,31725073900,31725100400,1781307010864-0
concurrency_n20_20260613_002920_redis_feed11_rep1,redis,sb:events:n20:feed11:rep1,c8a4f65e-de16-4a55-8fea-5000bb592df9,3895095,417,31726258500,31726280200,1781307010875-0
concurrency_n20_20260613_002920_redis_feed11_rep1,redis,sb:events:n20:feed11:rep1,7c182b15-333f-4814-a1c6-d792e20b8ccc,3895121,417,31731165200,31731193200,1781307010877-0
concurrency_n20_20260613_002920_redis_feed11_rep1,redis,sb:events:n20:feed11:rep1,5138cd1b-110a-4921-b1a7-c909e6d0595d,3895121,417,31737553100,31737627400,1781307010879-0
concurrency_n20_20260613_002920_redis_feed11_rep1,redis,sb:events:n20:feed11:rep1,06b004be-3024-46a5-b7d6-bfde9decffc6,3895121,417,31739541300,31739564600,1781307010881-0
concurrency_n20_20260613_002920_redis_feed11_rep1,redis,sb:events:n20:feed11:rep1,475f9dcb-bb4b-40c5-a86a-34371bdd6335,3895067,417,31740358000,31740377700,1781307010882-0
concurrency_n20_20260613_002920_redis_feed11_rep1,redis,sb:events:n20:feed11:rep1,79751425-951b-446f-b337-7b354c42acaf,3895107,417,31741227900,31741255500,1781307010887-0
concurrency_n20_20260613_002920_redis_feed11_rep1,redis,sb:events:n20:feed11:rep1,bee45a1b-7555-4637-bb99-33137194ec5a,3895107,417,31758620900,31758646200,1781307010888-0
concurrency_n20_20260613_002920_redis_feed11_rep1,redis,sb:events:n20:feed11:rep1,257932ed-8347-4039-8c47-79fce70b8520,3895113,417,31763875100,31763917500,1781307010889-0
concurrency_n20_20260613_002920_redis_feed11_rep1,redis,sb:events:n20:feed11:rep1,358ad0b5-866d-4ca3-a08d-9d5ff6090d45,3895113,417,31771220100,31771248100,1781307010892-0
concurrency_n20_20260613_002920_redis_feed11_rep1,redis,sb:events:n20:feed11:rep1,47de5d62-d762-4704-9e04-0d1a9266c1d8,3895095,418,31778306200,31778333700,1781307010896-0
concurrency_n20_20260613_002920_redis_feed11_rep1,redis,sb:events:n20:feed11:rep1,8f596fd2-0f57-4e26-a29e-c10996f42f74,3895067,418,31784403800,31784429500,1781307010899-0
concurrency_n20_20260613_002920_redis_feed11_rep1,redis,sb:events:n20:feed11:rep1,55b6a5e4-4628-4e20-907f-615515236ec7,3895107,418,31787081700,31787118000,1781307010901-0
concurrency_n20_20260613_002920_redis_feed11_rep1,redis,sb:events:n20:feed11:rep1,506ab386-496b-4e13-b497-02c06a45148a,3895107,418,31805918900,31805944200,1781307010906-0
concurrency_n20_20260613_002920_redis_feed11_rep1,redis,sb:events:n20:feed11:rep1,7e115206-e835-4e32-8de9-0edc67fe7bf7,3895052,418,31808331300,31808362400,1781307010910-0
concurrency_n20_20260613_002920_redis_feed11_rep1,redis,sb:events:n20:feed11:rep1,19832783-f5f6-41ce-ba88-d0b2b263d71f,3895113,418,31809821500,31809850000,1781307010917-0
concurrency_n20_20260613_002920_redis_feed11_rep1,redis,sb:events:n20:feed11:rep1,77982580-78a9-484f-a647-0224cba818e8,3895095,419,31812053300,31812080400,1781307010926-0
concurrency_n20_20260613_002920_redis_feed11_rep1,redis,sb:events:n20:feed11:rep1,b9184c86-7d6a-44d1-b147-574784daa4f5,3895095,419,31816292200,31816325000,1781307010933-0
concurrency_n20_20260613_002920_redis_feed11_rep1,redis,sb:events:n20:feed11:rep1,efbc0cd9-0b72-41cc-a5ec-f62779fd6aca,3895052,419,31817960600,31817982900,1781307010937-0
concurrency_n20_20260613_002920_redis_feed11_rep1,redis,sb:events:n20:feed11:rep1,3338f79f-b203-4dc7-83e2-98c37ca8e12f,3895052,419,31820015400,31820039000,1781307010945-0
concurrency_n20_20260613_002920_redis_feed11_rep1,redis,sb:events:n20:feed11:rep1,b727a896-9cdc-4334-ab9b-9237d0b76848,3895067,420,31822318600,31822337500,1781307010953-0
concurrency_n20_20260613_002920_redis_feed11_rep1,redis,sb:events:n20:feed11:rep1,d7db4f40-1535-4d73-a2f3-a27c78963c8b,3895113,420,31837156300,31837184200,1781307010960-0
concurrency_n20_20260613_002920_redis_feed11_rep1,redis,sb:events:n20:feed11:rep1,015aa0ed-4f76-44fb-9aa5-208f77af020b,3895113,420,31854014600,31854048200,1781307010973-0
concurrency_n20_20260613_002920_redis_feed11_rep1,redis,sb:events:n20:feed11:rep1,40cf82a5-f894-407d-927a-6998d56f06da,3895095,421,31856714400,31856742600,1781307010988-0
concurrency_n20_20260613_002920_redis_feed11_rep1,redis,sb:events:n20:feed11:rep1,10b10ad8-6ae8-4988-83e9-bec12af31813,3895107,421,31858231600,31858256500,1781307010992-0
concurrency_n20_20260613_002920_redis_feed11_rep1,redis,sb:events:n20:feed11:rep1,9877fe33-ba1b-4830-81d9-b393db345d2c,3895107,421,31859311900,31859334500,1781307010994-0
concurrency_n20_20260613_002920_redis_feed11_rep1,redis,sb:events:n20:feed11:rep1,e6867187-7dcc-4683-b53d-39f1dbde94fa,3895107,421,31862030900,31862060300,1781307011006-0
concurrency_n20_20260613_002920_redis_feed11_rep1,redis,sb:events:n20:feed11:rep1,f68b6b3e-82e4-4c96-a859-9bd2f822111b,3895113,421,31866791700,31866820700,1781307011010-0
concurrency_n20_20260613_002920_redis_feed11_rep1,redis,sb:events:n20:feed11:rep1,ed40601f-a3a5-4d32-a87b-ff24e0302022,3895113,421,31871374800,31871403400,1781307011013-0
concurrency_n20_20260613_002920_redis_feed11_rep1,redis,sb:events:n20:feed11:rep1,d4556014-5256-4e1e-9a08-39c118c98ca6,3895113,421,31872163400,31872181800,1781307011028-0
concurrency_n20_20260613_002920_redis_feed11_rep1,redis,sb:events:n20:feed11:rep1,8529bde3-983c-4025-8ba6-848af3117801,3895095,422,31889057800,31889688700,1781307011045-0
concurrency_n20_20260613_002920_redis_feed11_rep1,redis,sb:events:n20:feed11:rep1,5adeab2c-b652-4898-972d-0086e866cc09,3895095,422,31891493900,31891522000,1781307011047-0
concurrency_n20_20260613_002920_redis_feed11_rep1,redis,sb:events:n20:feed11:rep1,87e4711a-1ca3-4370-8bb9-3a00caab8c51,3895067,422,31893939500,31893964700,1781307011063-0
concurrency_n20_20260613_002920_redis_feed11_rep1,redis,sb:events:n20:feed11:rep1,b26a8a32-8c02-4a46-b785-68a3b34e4e67,3895067,422,31900715500,31900758200,1781307011071-0
concurrency_n20_20260613_002920_redis_feed11_rep1,redis,sb:events:n20:feed11:rep1,e09f814d-e43c-42ee-882c-6d000acf6c73,3895067,422,31904992100,31905020100,1781307011073-0
concurrency_n20_20260613_002920_redis_feed11_rep1,redis,sb:events:n20:feed11:rep1,c6a68a89-8e28-4787-8071-ee2238f7ec12,3895052,422,31909689800,31909712100,1781307011075-0
concurrency_n20_20260613_002920_redis_feed11_rep1,redis,sb:events:n20:feed11:rep1,5d544481-3697-4ed7-a614-f9fb9c1edfb8,3895113,422,31911459700,31911890000,1781307011078-0
concurrency_n20_20260613_002920_redis_feed11_rep1,redis,sb:events:n20:feed11:rep1,bca77d47-f9f8-4766-a34a-08c172eda3d0,3895095,423,31915298200,31915326100,1781307011081-0
concurrency_n20_20260613_002920_redis_feed11_rep1,redis,sb:events:n20:feed11:rep1,7fc08a97-ce61-4425-a1eb-646252e6271c,3895052,423,31923259000,31923287300,1781307011086-0
concurrency_n20_20260613_002920_redis_feed11_rep1,redis,sb:events:n20:feed11:rep1,84383b5d-c08c-4020-9b5e-aa636c93380a,3895052,423,31927776000,31927856600,1781307011087-0
concurrency_n20_20260613_002920_redis_feed11_rep1,redis,sb:events:n20:feed11:rep1,f25310be-8808-45cf-857a-24465bb05552,3895095,424,31937622000,31937650600,1781307011089-0
concurrency_n20_20260613_002920_redis_feed11_rep1,redis,sb:events:n20:feed11:rep1,fbb22634-7438-4151-b9b1-0b834c52ed57,3895095,424,31951820600,31951844500,1781307011100-0
concurrency_n20_20260613_002920_redis_feed11_rep1,redis,sb:events:n20:feed11:rep1,c5a7dbce-13fb-43cc-9479-381d93382113,3895121,424,31957354700,31957381800,1781307011101-0
concurrency_n20_20260613_002920_redis_feed11_rep1,redis,sb:events:n20:feed11:rep1,e002fe65-6625-4378-b5fd-1f8f4795d3ea,3895060,424,31960221600,31960249300,1781307011106-0
concurrency_n20_20260613_002920_redis_feed11_rep1,redis,sb:events:n20:feed11:rep1,84c3bc58-acea-4433-a077-bb93b993e54b,3895067,424,31973123600,31973153700,1781307011126-0
concurrency_n20_20260613_002920_redis_feed11_rep1,redis,sb:events:n20:feed11:rep1,1bf883fe-4aac-4e50-8ad4-b5911f1b9233,3895067,424,31982426800,31982448700,1781307011132-0
concurrency_n20_20260613_002920_redis_feed11_rep1,redis,sb:events:n20:feed11:rep1,9285db92-2f24-4ad4-8435-b60db43df8ee,3895067,424,31983253600,31983273500,1781307011134-0
concurrency_n20_20260613_002920_redis_feed11_rep1,redis,sb:events:n20:feed11:rep1,b12df8ae-5e7d-43a2-b8fc-04658119dd5f,3895107,424,31992882200,31992916200,1781307011147-0
concurrency_n20_20260613_002920_redis_feed11_rep1,redis,sb:events:n20:feed11:rep1,6d8088a4-2f31-4bbd-a6f1-865d876a4f1b,3895107,424,31993799400,31993829000,1781307011156-0
concurrency_n20_20260613_002920_redis_feed11_rep1,redis,sb:events:n20:feed11:rep1,e03b541a-0128-4a89-a779-ec9e04af45f2,3895095,425,31996518200,31996542500,1781307011158-0
concurrency_n20_20260613_002920_redis_feed11_rep1,redis,sb:events:n20:feed11:rep1,d406f4e2-df35-4eab-9aaa-ccb6a52802ae,3895095,425,31997406500,31997428200,1781307011165-0
concurrency_n20_20260613_002920_redis_feed11_rep1,redis,sb:events:n20:feed11:rep1,38bd0c04-893f-4c29-9619-699c2924da1c,3895060,425,32000373000,32000525100,1781307011167-0
concurrency_n20_20260613_002920_redis_feed11_rep1,redis,sb:events:n20:feed11:rep1,fd39eb14-b6ea-432b-a902-c9553ce0bc59,3895067,425,32002091000,32002132100,1781307011168-0
concurrency_n20_20260613_002920_redis_feed11_rep1,redis,sb:events:n20:feed11:rep1,57f01443-fba4-49b5-b44a-65824bf6fa3f,3895067,425,32003359100,32003394800,1781307011169-0
concurrency_n20_20260613_002920_redis_feed11_rep1,redis,sb:events:n20:feed11:rep1,45e701be-e227-45fb-b099-b50b01715efa,3895113,425,32007954100,32007980900,1781307011176-0
concurrency_n20_20260613_002920_redis_feed11_rep1,redis,sb:events:n20:feed11:rep1,ce661350-9ba1-4054-9861-89dbd8320148,3895095,426,32010333500,32010361100,1781307011178-0
concurrency_n20_20260613_002920_redis_feed11_rep1,redis,sb:events:n20:feed11:rep1,177113c4-7f09-49b2-8275-501bbab8296b,3895121,426,32011327700,32011349800,1781307011181-0
concurrency_n20_20260613_002920_redis_feed11_rep1,redis,sb:events:n20:feed11:rep1,8c0a0745-671c-4ff3-94a5-67e1588a7133,3895121,426,32024939000,32024966600,1781307011185-0
concurrency_n20_20260613_002920_redis_feed11_rep1,redis,sb:events:n20:feed11:rep1,637250a5-80b7-442b-96f3-e6dd79f6435b,3895107,426,32034550400,32034591800,1781307011187-0
concurrency_n20_20260613_002920_redis_feed11_rep1,redis,sb:events:n20:feed11:rep1,dd28b9b3-01c4-4d13-a89a-9d4dfa958bf0,3895107,426,32040649400,32040679100,1781307011200-0
concurrency_n20_20260613_002920_redis_feed11_rep1,redis,sb:events:n20:feed11:rep1,3deee1c7-7081-4932-afe5-029c6365c89e,3895052,426,32042373100,32042397800,1781307011206-0
concurrency_n20_20260613_002920_redis_feed11_rep1,redis,sb:events:n20:feed11:rep1,8ae6bdb2-c24b-4ed0-983c-e939993c6742,3895113,426,32046414200,32046442600,1781307011214-0
concurrency_n20_20260613_002920_redis_feed11_rep1,redis,sb:events:n20:feed11:rep1,c92066a9-da65-499a-bd0a-e88faacd1e16,3895113,426,32048445700,32048464800,1781307011216-0
concurrency_n20_20260613_002920_redis_feed11_rep1,redis,sb:events:n20:feed11:rep1,6edc63ff-2dda-4fc8-ba14-ae9912b3209e,3895113,426,32049280100,32049300600,1781307011218-0
concurrency_n20_20260613_002920_redis_feed11_rep1,redis,sb:events:n20:feed11:rep1,db9d84fd-432f-4f42-b473-d4b609bf7918,3895095,427,32051556500,32051582000,1781307011223-0
concurrency_n20_20260613_002920_redis_feed11_rep1,redis,sb:events:n20:feed11:rep1,fb60ad6e-542e-4749-a9be-645d710a0c12,3895095,427,32052291800,32052313800,1781307011225-0
concurrency_n20_20260613_002920_redis_feed11_rep1,redis,sb:events:n20:feed11:rep1,48b2c580-fcfb-42ea-b767-e9832aa833dd,3895107,427,32053264500,32053290200,1781307011226-0
concurrency_n20_20260613_002920_redis_feed11_rep1,redis,sb:events:n20:feed11:rep1,0a603bab-8f62-4b61-a69e-89540ece0633,3895052,427,32056052000,32056074700,1781307011231-0
concurrency_n20_20260613_002920_redis_feed11_rep1,redis,sb:events:n20:feed11:rep1,2fa6a61d-2459-4a0f-b59f-4886fe4f5ea0,3895052,427,32057972100,32057992900,1781307011233-0
concurrency_n20_20260613_002920_redis_feed11_rep1,redis,sb:events:n20:feed11:rep1,ea0c80fe-688f-4973-ace6-d2ce2684a1d8,3895095,428,32061839900,32061873500,1781307011234-0
concurrency_n20_20260613_002920_redis_feed11_rep1,redis,sb:events:n20:feed11:rep1,4bb72644-890a-40bb-bcba-ce5cd5eed663,3895095,428,32064043900,32064085300,1781307011238-0
concurrency_n20_20260613_002920_redis_feed11_rep1,redis,sb:events:n20:feed11:rep1,def67e64-947f-422a-853c-70648bdf0bfc,3895113,428,32064868900,32064896400,1781307011239-0
concurrency_n20_20260613_002920_redis_feed11_rep1,redis,sb:events:n20:feed11:rep1,11f4dd85-d69a-4211-b9be-7e11aa409a6d,3895113,428,32072356700,32072382700,1781307011240-0
concurrency_n20_20260613_002920_redis_feed11_rep1,redis,sb:events:n20:feed11:rep1,b66a86fd-1b53-4985-b277-9512f9a82a1d,3895095,429,32073180300,32073203400,1781307011247-0
concurrency_n20_20260613_002920_redis_feed11_rep1,redis,sb:events:n20:feed11:rep1,e3332417-1d5d-4f0b-860a-8177361a7898,3895095,429,32077186500,32077209500,1781307011248-0
concurrency_n20_20260613_002920_redis_feed11_rep1,redis,sb:events:n20:feed11:rep1,fdad131f-38c4-4a0d-ac58-0a8bfc15a8ef,3895121,429,32078044100,32078066300,1781307011249-0
concurrency_n20_20260613_002920_redis_feed11_rep1,redis,sb:events:n20:feed11:rep1,8db5b84a-4efe-4569-99d8-5fdbe4823787,3895067,429,32079999200,32080023600,1781307011254-0
concurrency_n20_20260613_002920_redis_feed11_rep1,redis,sb:events:n20:feed11:rep1,034a278a-8f57-4670-8cf0-1b6dabc19014,3895107,429,32081555600,32081578300,1781307011255-0
concurrency_n20_20260613_002920_redis_feed11_rep1,redis,sb:events:n20:feed11:rep1,dfd27999-52a4-42b8-a6e5-424cb70e1484,3895107,429,32083741600,32083765200,1781307011258-0
concurrency_n20_20260613_002920_redis_feed11_rep1,redis,sb:events:n20:feed11:rep1,f96ae738-f917-46ca-9d54-9b60a348efb3,3895113,429,32085951000,32085982000,1781307011261-0
concurrency_n20_20260613_002920_redis_feed11_rep1,redis,sb:events:n20:feed11:rep1,ce31adac-f711-4460-a18e-e56195878998,3895113,429,32087876800,32087900000,1781307011262-0
concurrency_n20_20260613_002920_redis_feed11_rep1,redis,sb:events:n20:feed11:rep1,055732f8-40e1-47fb-a7ee-fd5a32d596d8,3895095,430,32091300700,32091336600,1781307011264-0
concurrency_n20_20260613_002920_redis_feed11_rep1,redis,sb:events:n20:feed11:rep1,262e08cf-dc35-4ef4-a9a2-6cc6df40b750,3895060,430,32095024600,32095049700,1781307011265-0
concurrency_n20_20260613_002920_redis_feed11_rep1,redis,sb:events:n20:feed11:rep1,c19ac7f5-1244-40b2-a581-211b2f547dfb,3895067,430,32095938900,32095958300,1781307011267-0
concurrency_n20_20260613_002920_redis_feed11_rep1,redis,sb:events:n20:feed11:rep1,9db4ba45-346b-4c43-ac9b-5404abb4bad5,3895067,430,32096705900,32096730200,1781307011268-0
concurrency_n20_20260613_002920_redis_feed11_rep1,redis,sb:events:n20:feed11:rep1,144bfef4-ffc4-4f45-9ae2-1b0a02eb9661,3895107,430,32100277500,32100301700,1781307011272-0
concurrency_n20_20260613_002920_redis_feed11_rep1,redis,sb:events:n20:feed11:rep1,1d710c2e-cbc2-432b-9bf8-43caf966b015,3895113,430,32102741100,32102760900,1781307011274-0
concurrency_n20_20260613_002920_redis_feed11_rep1,redis,sb:events:n20:feed11:rep1,4a6581a9-0412-4587-8dc0-4ffe46c29171,3895095,431,32104546300,32104575900,1781307011275-0
concurrency_n20_20260613_002920_redis_feed11_rep1,redis,sb:events:n20:feed11:rep1,32187eb7-eedb-4e12-a898-a7d56d3b68a6,3895095,431,32107854600,32107885800,1781307011281-0
concurrency_n20_20260613_002920_redis_feed11_rep1,redis,sb:events:n20:feed11:rep1,6f6abba1-714f-4452-95ed-dd6cc46b399b,3895121,431,32113721600,32113807800,1781307011284-0
concurrency_n20_20260613_002920_redis_feed11_rep1,redis,sb:events:n20:feed11:rep1,bb21425a-e4f4-4be2-8056-cf17dd2b881e,3895121,431,32149342800,32149389900,1781307011287-0
concurrency_n20_20260613_002920_redis_feed11_rep1,redis,sb:events:n20:feed11:rep1,ac1f6adf-b947-4def-8356-a26808cfdd55,3895060,431,32155110700,32155140000,1781307011289-0
concurrency_n20_20260613_002920_redis_feed11_rep1,redis,sb:events:n20:feed11:rep1,9354de97-1691-4640-b8dc-a3a4aac7f3f2,3895060,431,32156352000,32156374200,1781307011323-0
concurrency_n20_20260613_002920_redis_feed11_rep1,redis,sb:events:n20:feed11:rep1,e3014085-76db-4cd3-996c-114a6765ff2b,3895060,431,32157679000,32157705600,1781307011327-0
concurrency_n20_20260613_002920_redis_feed11_rep1,redis,sb:events:n20:feed11:rep1,e3632c7d-6f54-4e9e-9d94-3e205aa61725,3895060,431,32163170400,32163192800,1781307011331-0
concurrency_n20_20260613_002920_redis_feed11_rep1,redis,sb:events:n20:feed11:rep1,54cc941c-73bd-49d2-96ac-b1524e6e9c73,3895067,431,32164063200,32164088200,1781307011333-0
concurrency_n20_20260613_002920_redis_feed11_rep1,redis,sb:events:n20:feed11:rep1,4479164d-0996-42af-9f05-6b6463406836,3895107,431,32167459600,32167542000,1781307011339-0
concurrency_n20_20260613_002920_redis_feed11_rep1,redis,sb:events:n20:feed11:rep1,e8d5b618-cd87-489d-ba58-f5bc4dc905f4,3895107,431,32171418900,32171447200,1781307011340-0
concurrency_n20_20260613_002920_redis_feed11_rep1,redis,sb:events:n20:feed11:rep1,8676e2f7-a190-45a5-811d-d2ec168d652b,3895107,431,32172702000,32172727000,1781307011342-0
concurrency_n20_20260613_002920_redis_feed11_rep1,redis,sb:events:n20:feed11:rep1,f2705ddd-761e-4696-add2-9450c946b2d2,3895107,431,32176074200,32176101300,1781307011344-0
concurrency_n20_20260613_002920_redis_feed11_rep1,redis,sb:events:n20:feed11:rep1,8fa44da0-9f33-4997-a61a-cd790ade4ac0,3895107,431,32177672900,32177699500,1781307011346-0
concurrency_n20_20260613_002920_redis_feed11_rep1,redis,sb:events:n20:feed11:rep1,5ac3b939-8489-44ae-8196-d90c071a4e2b,3895113,431,32178863200,32178887100,1781307011347-0
concurrency_n20_20260613_002920_redis_feed11_rep1,redis,sb:events:n20:feed11:rep1,b3e61b06-ad2b-4430-b01f-2bae1332dc42,3895113,431,32181013100,32181043400,1781307011349-0
concurrency_n20_20260613_002920_redis_feed11_rep1,redis,sb:events:n20:feed11:rep1,96005594-9251-40b6-8a5a-9336a35101e4,3895113,431,32182015300,32182045000,1781307011350-0
concurrency_n20_20260613_002920_redis_feed11_rep1,redis,sb:events:n20:feed11:rep1,88d4aea8-b87a-4fd2-b153-f3537ba33b68,3895095,432,32184468500,32184501300,1781307011352-0
concurrency_n20_20260613_002920_redis_feed11_rep1,redis,sb:events:n20:feed11:rep1,c1fa473a-9e1c-4633-a285-8c1741fb4574,3895095,432,32185561300,32185582500,1781307011354-0
concurrency_n20_20260613_002920_redis_feed11_rep1,redis,sb:events:n20:feed11:rep1,9bbddf36-ac73-4aa3-a031-94e75138231f,3895095,432,32186526400,32186549900,1781307011356-0
concurrency_n20_20260613_002920_redis_feed11_rep1,redis,sb:events:n20:feed11:rep1,c7dde75e-004e-46b4-a795-8a30d801b6bb,3895060,432,32187774400,32187816800,1781307011358-0
concurrency_n20_20260613_002920_redis_feed11_rep1,redis,sb:events:n20:feed11:rep1,df18bfeb-46df-479c-a423-b135de585619,3895060,432,32190866300,32190888300,1781307011361-0
concurrency_n20_20260613_002920_redis_feed11_rep1,redis,sb:events:n20:feed11:rep1,129db130-d09b-4e91-a358-7ac06bac952e,3895067,432,32192105600,32192143200,1781307011363-0
concurrency_n20_20260613_002920_redis_feed11_rep1,redis,sb:events:n20:feed11:rep1,48add514-4b91-4a5b-94f3-9870629eb0aa,3895113,432,32193566900,32193592000,1781307011364-0
concurrency_n20_20260613_002920_redis_feed11_rep1,redis,sb:events:n20:feed11:rep1,493545a5-6aa4-4023-9420-46007b1a3ce8,3895095,433,32204291400,32204314800,1781307011366-0
concurrency_n20_20260613_002920_redis_feed11_rep1,redis,sb:events:n20:feed11:rep1,b1ab7cf7-adff-4370-914b-ba4be232fd2e,3895095,433,32207026500,32207053000,1781307011368-0
concurrency_n20_20260613_002920_redis_feed11_rep1,redis,sb:events:n20:feed11:rep1,b49dcd3c-6f29-40c3-87a1-111f4b10edcc,3895067,433,32209767500,32209796500,1781307011369-0
concurrency_n20_20260613_002920_redis_feed11_rep1,redis,sb:events:n20:feed11:rep1,b7adec60-6c24-4fa4-85f1-e8d69d928fc4,3895067,433,32211543000,32211566400,1781307011379-0
concurrency_n20_20260613_002920_redis_feed11_rep1,redis,sb:events:n20:feed11:rep1,5dc3eb73-6e81-4402-903c-91723503a97b,3895113,433,32216720000,32216746000,1781307011381-0
concurrency_n20_20260613_002920_redis_feed11_rep1,redis,sb:events:n20:feed11:rep1,848557c8-e3b0-4304-8e75-0f092d5f538b,3895113,433,32220022700,32220051300,1781307011382-0
concurrency_n20_20260613_002920_redis_feed11_rep1,redis,sb:events:n20:feed11:rep1,b96fac13-833d-4317-bdd8-27039d4efe4c,3895121,434,32223342900,32223371200,1781307011386-0
concurrency_n20_20260613_002920_redis_feed11_rep1,redis,sb:events:n20:feed11:rep1,2785f3be-29b1-4860-9818-3d324c7c8513,3895067,434,32230127200,32230154000,1781307011387-0
concurrency_n20_20260613_002920_redis_feed11_rep1,redis,sb:events:n20:feed11:rep1,7411ec5f-a392-46c2-b39a-a6ce300040ce,3895134,434,32232141700,32232166100,1781307011393-0
concurrency_n20_20260613_002920_redis_feed11_rep1,redis,sb:events:n20:feed11:rep1,355b84ac-ece7-446f-8ebd-0c8ed6bdef6b,3895095,435,32243992800,32244017200,1781307011398-0
concurrency_n20_20260613_002920_redis_feed11_rep1,redis,sb:events:n20:feed11:rep1,d69457d5-e8ea-465a-b7bd-fb5f43c24a86,3895121,435,32248679500,32248707500,1781307011400-0
concurrency_n20_20260613_002920_redis_feed11_rep1,redis,sb:events:n20:feed11:rep1,4b2ad3a7-763e-40ec-920b-ecc3295c0b46,3895121,435,32250867300,32250902600,1781307011402-0
concurrency_n20_20260613_002920_redis_feed11_rep1,redis,sb:events:n20:feed11:rep1,094fe689-aadc-4af2-ae32-ef2095f0332c,3895060,435,32256416900,32256438600,1781307011405-0
concurrency_n20_20260613_002920_redis_feed11_rep1,redis,sb:events:n20:feed11:rep1,d9c29d58-b124-4bfd-ab19-425feb9af87e,3895067,435,32260395300,32260423700,1781307011407-0
concurrency_n20_20260613_002920_redis_feed11_rep1,redis,sb:events:n20:feed11:rep1,727c58ca-fe98-4f29-ab91-bc46259c9b71,3895067,435,32264991300,32265018800,1781307011415-0
concurrency_n20_20260613_002920_redis_feed11_rep1,redis,sb:events:n20:feed11:rep1,ed0b9f44-e15b-427c-8d2b-d97f55fdc7c7,3895086,435,32266540600,32266564900,1781307011423-0
concurrency_n20_20260613_002920_redis_feed11_rep1,redis,sb:events:n20:feed11:rep1,16a56046-af8d-4ba3-b3dc-43de66273854,3895113,435,32268052400,32268075300,1781307011425-0
concurrency_n20_20260613_002920_redis_feed11_rep1,redis,sb:events:n20:feed11:rep1,475b1c6c-47d5-4a80-9b4c-72f2fcb41fd7,3895095,436,32269338900,32269367400,1781307011429-0
concurrency_n20_20260613_002920_redis_feed11_rep1,redis,sb:events:n20:feed11:rep1,16e5ad03-7768-454a-804c-08564ee079f7,3895060,436,32273613300,32273651700,1781307011431-0
concurrency_n20_20260613_002920_redis_feed11_rep1,redis,sb:events:n20:feed11:rep1,3bd62e95-05b6-4e65-9231-39e838eb8842,3895060,436,32279489300,32279514300,1781307011433-0
concurrency_n20_20260613_002920_redis_feed11_rep1,redis,sb:events:n20:feed11:rep1,f44ae8ce-cef1-43b4-9e4a-4b72af18ec99,3895134,436,32288667500,32288693300,1781307011435-0
concurrency_n20_20260613_002920_redis_feed11_rep1,redis,sb:events:n20:feed11:rep1,ef287494-52f4-4aca-906e-c1edce19b58f,3895086,436,32289744600,32289770000,1781307011436-0
concurrency_n20_20260613_002920_redis_feed11_rep1,redis,sb:events:n20:feed11:rep1,5c4bb60c-b1ec-43bd-859f-01a372519ccf,3895086,436,32291107200,32291126900,1781307011440-0
concurrency_n20_20260613_002920_redis_feed11_rep1,redis,sb:events:n20:feed11:rep1,8197e381-d8c3-4fb0-b801-b3ba90fd20c9,3895086,436,32292965800,32293011500,1781307011448-0
concurrency_n20_20260613_002920_redis_feed11_rep1,redis,sb:events:n20:feed11:rep1,5dfbc264-25d2-487c-9d6d-f52626ebe7fc,3895113,436,32296537000,32296566000,1781307011450-0
concurrency_n20_20260613_002920_redis_feed11_rep1,redis,sb:events:n20:feed11:rep1,0157e06e-c1f4-45e2-a345-3750b06b9a5c,3895113,436,32298331600,32298356200,1781307011453-0
concurrency_n20_20260613_002920_redis_feed11_rep1,redis,sb:events:n20:feed11:rep1,1f541b89-a6a6-4c92-ba55-71f3897550dd,3895113,436,32312365500,32312391000,1781307011459-0
concurrency_n20_20260613_002920_redis_feed11_rep1,redis,sb:events:n20:feed11:rep1,6498dc6b-e7de-41bf-b7f0-cf3bf49be188,3895113,436,32316090500,32316116400,1781307011473-0
concurrency_n20_20260613_002920_redis_feed11_rep1,redis,sb:events:n20:feed11:rep1,4549fc3e-e957-4689-839b-57471879a085,3895113,436,32317626200,32317650800,1781307011478-0
concurrency_n20_20260613_002920_redis_feed11_rep1,redis,sb:events:n20:feed11:rep1,da84b5d9-2277-482a-9361-1c1aa276c423,3895095,437,32319700400,32319724300,1781307011491-0
concurrency_n20_20260613_002920_redis_feed11_rep1,redis,sb:events:n20:feed11:rep1,a2940536-baaa-4a93-b5f2-41362dd74f23,3895095,437,32320487000,32320510500,1781307011494-0
concurrency_n20_20260613_002920_redis_feed11_rep1,redis,sb:events:n20:feed11:rep1,5fc6d303-5356-4b7c-b25a-8710ac89d84c,3895067,437,32323585600,32323619300,1781307011496-0
concurrency_n20_20260613_002920_redis_feed11_rep1,redis,sb:events:n20:feed11:rep1,caef0d3c-5341-4407-976e-c3670c999ab1,3895113,437,32324855100,32324896800,1781307011496-1
concurrency_n20_20260613_002920_redis_feed11_rep1,redis,sb:events:n20:feed11:rep1,32389334-659a-4a79-afea-97290dcd3df4,3895121,438,32327572500,32327601700,1781307011502-0
concurrency_n20_20260613_002920_redis_feed11_rep1,redis,sb:events:n20:feed11:rep1,a12e9638-29c2-4c16-9b05-d506cace3264,3895067,438,32329374500,32329393300,1781307011505-0
concurrency_n20_20260613_002920_redis_feed11_rep1,redis,sb:events:n20:feed11:rep1,f5ee6a62-e25d-4aa7-af17-199665116373,3895067,438,32332381900,32332404000,1781307011508-0
concurrency_n20_20260613_002920_redis_feed11_rep1,redis,sb:events:n20:feed11:rep1,561d6113-04f3-4452-b671-9032cd80905e,3895067,438,32334736400,32334894200,1781307011510-0
concurrency_n20_20260613_002920_redis_feed11_rep1,redis,sb:events:n20:feed11:rep1,49dbe2f4-0751-4108-ad6e-e588b879fa5a,3895086,438,32337476600,32337501200,1781307011511-0
concurrency_n20_20260613_002920_redis_feed11_rep1,redis,sb:events:n20:feed11:rep1,c0c196e8-3953-48d2-a1f4-b528b36b3bbe,3895086,438,32338607900,32338629200,1781307011513-0
concurrency_n20_20260613_002920_redis_feed11_rep1,redis,sb:events:n20:feed11:rep1,b57676ce-ceb6-42b5-b9c8-4c3e8fd7a167,3895086,438,32340158300,32340178400,1781307011514-0
concurrency_n20_20260613_002920_redis_feed11_rep1,redis,sb:events:n20:feed11:rep1,15db4ee9-576c-4602-b829-3a8b0029ae3f,3895086,438,32341034700,32341057300,1781307011515-0
concurrency_n20_20260613_002920_redis_feed11_rep1,redis,sb:events:n20:feed11:rep1,81ae327d-bfe8-4ecc-9e13-f01f8eb015b5,3895086,438,32343526700,32343545800,1781307011517-0
concurrency_n20_20260613_002920_redis_feed11_rep1,redis,sb:events:n20:feed11:rep1,ac0e8f91-6935-42c6-8b8a-415d168f3db6,3895086,438,32345492200,32345529400,1781307011519-0
concurrency_n20_20260613_002920_redis_feed11_rep1,redis,sb:events:n20:feed11:rep1,a7c6e74a-6d6c-41a4-ae44-9e7612576432,3895113,438,32347287900,32347311500,1781307011520-0
concurrency_n20_20260613_002920_redis_feed11_rep1,redis,sb:events:n20:feed11:rep1,54786c23-e3f1-4fd0-87b7-62544a2c615b,3895113,438,32348255200,32348276400,1781307011522-0
concurrency_n20_20260613_002920_redis_feed11_rep1,redis,sb:events:n20:feed11:rep1,58c9c29f-825e-4ae5-adc2-4c56c42203fc,3895113,438,32351201300,32351702000,1781307011526-0
concurrency_n20_20260613_002920_redis_feed11_rep1,redis,sb:events:n20:feed11:rep1,eed8e254-afe5-4087-b88b-b654514686d1,3895095,439,32354106900,32354147200,1781307011529-0
concurrency_n20_20260613_002920_redis_feed11_rep1,redis,sb:events:n20:feed11:rep1,6c3262eb-6358-4c82-9bc6-d19b80892428,3895134,439,32357519400,32357578000,1781307011531-0
concurrency_n20_20260613_002920_redis_feed11_rep1,redis,sb:events:n20:feed11:rep1,b4021d8d-2596-4e17-b9ad-1fce31aa26c1,3895113,439,32362618300,32362646500,1781307011534-0
concurrency_n20_20260613_002920_redis_feed11_rep1,redis,sb:events:n20:feed11:rep1,b57a80f6-6577-4585-8c4f-aa9d856fb34c,3895113,439,32364498200,32364520500,1781307011539-0
concurrency_n20_20260613_002920_redis_feed11_rep1,redis,sb:events:n20:feed11:rep1,bf0c578a-acae-46b9-86d2-5fe7717aedf5,3895060,440,32365166700,32365183400,1781307011540-0
concurrency_n20_20260613_002920_redis_feed11_rep1,redis,sb:events:n20:feed11:rep1,1cac3f24-2470-474a-955f-69cb2e1055e9,3895107,440,32369464700,32369739000,1781307011541-0
concurrency_n20_20260613_002920_redis_feed11_rep1,redis,sb:events:n20:feed11:rep1,7f8fbb4a-859a-4498-a068-acc86d0f8856,3895067,440,32372045500,32372073000,1781307011546-0
concurrency_n20_20260613_002920_redis_feed11_rep1,redis,sb:events:n20:feed11:rep1,17c63ed8-3b9b-4cc4-a909-7f32a08c6b19,3895134,440,32372936200,32372998200,1781307011547-0
concurrency_n20_20260613_002920_redis_feed11_rep1,redis,sb:events:n20:feed11:rep1,573ccd99-4c73-4985-95ff-fc4a86a4537e,3895134,440,32378263100,32378292000,1781307011548-0
concurrency_n20_20260613_002920_redis_feed11_rep1,redis,sb:events:n20:feed11:rep1,276b4ddc-bfde-471c-bdd8-a63cbf06dc06,3895086,440,32381987800,32382084100,1781307011549-0
concurrency_n20_20260613_002920_redis_feed11_rep1,redis,sb:events:n20:feed11:rep1,155c2683-3f85-4202-b794-c50d7bfa9001,3895095,441,32385473200,32385770200,1781307011552-0
concurrency_n20_20260613_002920_redis_feed11_rep1,redis,sb:events:n20:feed11:rep1,7bb6ab27-9e46-4f44-a939-cd2ac5b39d0f,3895095,441,32409211800,32409244000,1781307011553-0
concurrency_n20_20260613_002920_redis_feed11_rep1,redis,sb:events:n20:feed11:rep1,debe42e1-fcee-4d18-99c0-f55cb04cda73,3895060,441,32411983100,32412007800,1781307011558-0
concurrency_n20_20260613_002920_redis_feed11_rep1,redis,sb:events:n20:feed11:rep1,b095329c-74b5-413f-b09c-1ba29e158ce4,3895060,441,32414458500,32414480800,1781307011583-0
concurrency_n20_20260613_002920_redis_feed11_rep1,redis,sb:events:n20:feed11:rep1,10ee04cb-590d-4be1-929a-6e72ad04d538,3895086,441,32415708800,32415737200,1781307011588-0
concurrency_n20_20260613_002920_redis_feed11_rep1,redis,sb:events:n20:feed11:rep1,d0793566-ef87-45a9-b8df-39566408c616,3895086,441,32419890800,32419915100,1781307011590-0
concurrency_n20_20260613_002920_redis_feed11_rep1,redis,sb:events:n20:feed11:rep1,2603eb58-dc66-440e-80b4-a21ab04676c6,3895086,441,32429704300,32429724400,1781307011592-0
concurrency_n20_20260613_002920_redis_feed11_rep1,redis,sb:events:n20:feed11:rep1,f7cdedca-990f-4f4b-b29b-f4848481672b,3895086,441,32448534100,32448559300,1781307011593-0
concurrency_n20_20260613_002920_redis_feed11_rep1,redis,sb:events:n20:feed11:rep1,a4fdb17e-ae9b-4d1b-bd4c-96772d2bd8db,3895113,441,32450385000,32450409300,1781307011594-0
concurrency_n20_20260613_002920_redis_feed11_rep1,redis,sb:events:n20:feed11:rep1,57655f7e-e071-4ff5-9255-f63989011827,3895060,442,32456404000,32456431100,1781307011595-0
concurrency_n20_20260613_002920_redis_feed11_rep1,redis,sb:events:n20:feed11:rep1,e1b42cb7-e3de-4d0a-89d9-228422727114,3895060,442,32462439500,32462509900,1781307011603-0
concurrency_n20_20260613_002920_redis_feed11_rep1,redis,sb:events:n20:feed11:rep1,25b4bb1b-a95f-497f-96ee-bb64921c9241,3895060,442,32467687900,32467715700,1781307011610-0
concurrency_n20_20260613_002920_redis_feed11_rep1,redis,sb:events:n20:feed11:rep1,3c7cf69a-6dcf-4920-a925-b6747887a9de,3895107,442,32468609400,32468636600,1781307011613-0
concurrency_n20_20260613_002920_redis_feed11_rep1,redis,sb:events:n20:feed11:rep1,4d7ee021-7a0f-4d1e-81b4-c422c174a305,3895067,442,32469273600,32469293800,1781307011617-0
concurrency_n20_20260613_002920_redis_feed11_rep1,redis,sb:events:n20:feed11:rep1,177f1a1c-3da7-4345-a27b-c65a62441aab,3895067,442,32470516100,32470536800,1781307011621-0
concurrency_n20_20260613_002920_redis_feed11_rep1,redis,sb:events:n20:feed11:rep1,1effce85-49bb-4ab0-bcfb-fcd223cba3fc,3895095,443,32471465600,32471511900,1781307011626-0
concurrency_n20_20260613_002920_redis_feed11_rep1,redis,sb:events:n20:feed11:rep1,2a0b6c1b-2a44-482b-a32f-4d2fbd509c18,3895107,443,32472750400,32472785000,1781307011631-0
concurrency_n20_20260613_002920_redis_feed11_rep1,redis,sb:events:n20:feed11:rep1,ee6ed7de-6d67-46a2-8359-071f55d1ce89,3895067,443,32474191200,32474213800,1781307011632-0
concurrency_n20_20260613_002920_redis_feed11_rep1,redis,sb:events:n20:feed11:rep1,f0f3d4a7-55e4-4d2c-862d-0acf8e3da349,3895113,443,32475528400,32475838700,1781307011638-0
concurrency_n20_20260613_002920_redis_feed11_rep1,redis,sb:events:n20:feed11:rep1,518de82b-2508-4cef-8269-46b7984156f9,3895113,443,32480086200,32480117000,1781307011647-0
concurrency_n20_20260613_002920_redis_feed11_rep1,redis,sb:events:n20:feed11:rep1,0fc33c40-b147-4f24-b714-5f4dbb757486,3895095,444,32486237800,32486266100,1781307011649-0
concurrency_n20_20260613_002920_redis_feed11_rep1,redis,sb:events:n20:feed11:rep1,3a7824d3-4c69-41ce-94ee-d85fcf98d6da,3895095,444,32488383800,32488414000,1781307011650-0
concurrency_n20_20260613_002920_redis_feed11_rep1,redis,sb:events:n20:feed11:rep1,71576952-6aed-4168-87a4-24973b5e67f0,3895095,444,32490940700,32490993200,1781307011652-0
concurrency_n20_20260613_002920_redis_feed11_rep1,redis,sb:events:n20:feed11:rep1,8d259d1b-bd1a-4df7-b250-34e8b7170759,3895095,444,32492250100,32492346200,1781307011653-0
concurrency_n20_20260613_002920_redis_feed11_rep1,redis,sb:events:n20:feed11:rep1,bcd3a0d5-2ef8-4d48-8c44-e09faf4294c3,3895060,444,32493018500,32493036400,1781307011655-0
concurrency_n20_20260613_002920_redis_feed11_rep1,redis,sb:events:n20:feed11:rep1,c9afc7e1-31a4-42c6-9646-6119671515aa,3895060,444,32495379600,32495420100,1781307011657-0
concurrency_n20_20260613_002920_redis_feed11_rep1,redis,sb:events:n20:feed11:rep1,88c91ca2-6f51-434a-8971-ab00ddba38d8,3895060,444,32496592100,32496616600,1781307011662-0
concurrency_n20_20260613_002920_redis_feed11_rep1,redis,sb:events:n20:feed11:rep1,d2467e7b-3c5e-4492-a63c-c016097205cc,3895060,444,32497369700,32497387400,1781307011670-0
concurrency_n20_20260613_002920_redis_feed11_rep1,redis,sb:events:n20:feed11:rep1,09f08457-c39f-419b-8a8b-9c9c7b1ecda2,3895060,444,32500302200,32500330700,1781307011676-0
concurrency_n20_20260613_002920_redis_feed11_rep1,redis,sb:events:n20:feed11:rep1,b26de741-6a30-4fdf-98c7-a80234e5975a,3895107,444,32502136300,32502156400,1781307011677-0
concurrency_n20_20260613_002920_redis_feed11_rep1,redis,sb:events:n20:feed11:rep1,2f12dc48-365a-4eca-8d94-b275e81ded91,3895107,444,32509428700,32509448900,1781307011679-0
concurrency_n20_20260613_002920_redis_feed11_rep1,redis,sb:events:n20:feed11:rep1,6d943e3e-6499-44b7-9cd5-c831c1fa6629,3895067,444,32513743800,32513768700,1781307011680-0
concurrency_n20_20260613_002920_redis_feed11_rep1,redis,sb:events:n20:feed11:rep1,a6927531-98e9-40bf-9e33-fa40496a5479,3895067,444,32515649800,32515679600,1781307011684-0
concurrency_n20_20260613_002920_redis_feed11_rep1,redis,sb:events:n20:feed11:rep1,a56a5487-a30d-4bce-9d39-e18176eac0c3,3895052,444,32530529000,32530556000,1781307011688-0
concurrency_n20_20260613_002920_redis_feed11_rep1,redis,sb:events:n20:feed11:rep1,b02147ff-b3d7-4747-84ef-d7fecc8baeac,3895086,444,32539911900,32539939100,1781307011692-0
concurrency_n20_20260613_002920_redis_feed11_rep1,redis,sb:events:n20:feed11:rep1,3cad9bbc-9a2a-4132-8e77-3cf66a96fea8,3895086,444,32548178500,32548202500,1781307011703-0
concurrency_n20_20260613_002920_redis_feed11_rep1,redis,sb:events:n20:feed11:rep1,a79b49c8-c067-465b-b890-e50c04066741,3895113,444,32578314600,32580294100,1781307011716-0
concurrency_n20_20260613_002920_redis_feed11_rep1,redis,sb:events:n20:feed11:rep1,33573fe4-ca0b-4d01-a4ef-dfd2ce95d02c,3895095,445,32581712600,32581750400,1781307011723-0
concurrency_n20_20260613_002920_redis_feed11_rep1,redis,sb:events:n20:feed11:rep1,63e90760-224f-4519-b23e-41e6b13b4aa6,3895095,445,32585522800,32585546500,1781307011726-0
concurrency_n20_20260613_002920_redis_feed11_rep1,redis,sb:events:n20:feed11:rep1,e3cfe80e-4ff1-43d7-a56a-fe23b604fb1c,3895107,445,32588734900,32588764100,1781307011728-0
concurrency_n20_20260613_002920_redis_feed11_rep1,redis,sb:events:n20:feed11:rep1,67b6eee6-1a6c-414b-859e-e9552b97162f,3895052,445,32590527600,32590558600,1781307011729-0
concurrency_n20_20260613_002920_redis_feed11_rep1,redis,sb:events:n20:feed11:rep1,f794a632-b01a-468d-86e1-d5a33b3b317e,3895052,445,32608011800,32608041300,1781307011731-0
concurrency_n20_20260613_002920_redis_feed11_rep1,redis,sb:events:n20:feed11:rep1,7e58146c-c2f1-4e76-965e-bde41aea3e81,3895113,445,32611501500,32611529900,1781307011736-0
concurrency_n20_20260613_002920_redis_feed11_rep1,redis,sb:events:n20:feed11:rep1,0a504cc0-a156-4160-b8f1-dc7020285481,3895113,445,32612438700,32612462800,1781307011740-0
concurrency_n20_20260613_002920_redis_feed11_rep1,redis,sb:events:n20:feed11:rep1,5b9a7afb-6b47-49d5-b840-78c95925ff49,3895107,446,32615158500,32615187700,1781307011755-0
concurrency_n20_20260613_002920_redis_feed11_rep1,redis,sb:events:n20:feed11:rep1,c56ec238-7803-47ad-a1d3-83bf87822b02,3895067,446,32635275600,32635302000,1781307011758-0
concurrency_n20_20260613_002920_redis_feed11_rep1,redis,sb:events:n20:feed11:rep1,94180027-9028-41f3-a97a-cd3b67ec8efa,3895134,446,32636487000,32636512100,1781307011759-0
concurrency_n20_20260613_002920_redis_feed11_rep1,redis,sb:events:n20:feed11:rep1,64846ece-ecc0-49f6-84be-e3a1ace0bbfb,3895067,446,32651300400,32651327500,1781307011765-0
concurrency_n20_20260613_002920_redis_feed11_rep1,redis,sb:events:n20:feed11:rep1,e0efa831-1ceb-49cb-9cf9-6589869b1111,3895067,446,32658039900,32658067100,1781307011767-0
concurrency_n20_20260613_002920_redis_feed11_rep1,redis,sb:events:n20:feed11:rep1,9e50d3ef-cdb2-497b-818f-60a89ee23984,3895052,446,32670793800,32670823900,1781307011784-0
concurrency_n20_20260613_002920_redis_feed11_rep1,redis,sb:events:n20:feed11:rep1,8d218582-118e-4010-aa9f-e2e8613a5855,3895086,446,32673953100,32673979300,1781307011788-0
concurrency_n20_20260613_002920_redis_feed11_rep1,redis,sb:events:n20:feed11:rep1,7340cb89-e992-4aef-be64-69a5420c269a,3895095,447,32675493500,32675517600,1781307011790-0
concurrency_n20_20260613_002920_redis_feed11_rep1,redis,sb:events:n20:feed11:rep1,7adad092-34df-4101-9529-7d1dd104ad7f,3895052,447,32676285900,32676304300,1781307011802-0
concurrency_n20_20260613_002920_redis_feed11_rep1,redis,sb:events:n20:feed11:rep1,cddefb72-3ac3-4f11-8ad2-5963d94d80ea,3895052,447,32678575500,32678602500,1781307011812-0
concurrency_n20_20260613_002920_redis_feed11_rep1,redis,sb:events:n20:feed11:rep1,42a9d4e3-706d-44d3-ad3a-6702f506c9e1,3895095,448,32683242800,32683271000,1781307011814-0
concurrency_n20_20260613_002920_redis_feed11_rep1,redis,sb:events:n20:feed11:rep1,552cf4d8-4502-453b-89cc-a363d4503b0e,3895095,448,32685466600,32685489400,1781307011831-0
concurrency_n20_20260613_002920_redis_feed11_rep1,redis,sb:events:n20:feed11:rep1,f5544cfe-d1ae-4458-9692-70479c5a6bd2,3895060,448,32686836100,32686859600,1781307011846-0
concurrency_n20_20260613_002920_redis_feed11_rep1,redis,sb:events:n20:feed11:rep1,88d60541-4798-46d5-911f-a76c449216d1,3895060,448,32688720400,32688743600,1781307011850-0
concurrency_n20_20260613_002920_redis_feed11_rep1,redis,sb:events:n20:feed11:rep1,53c7bd50-e63f-4986-92c8-96d46b0bee1e,3895107,448,32691098600,32691122900,1781307011852-0
concurrency_n20_20260613_002920_redis_feed11_rep1,redis,sb:events:n20:feed11:rep1,3fef340a-10e5-4aa5-9498-1ee928305247,3895134,448,32692318600,32692344200,1781307011853-0
concurrency_n20_20260613_002920_redis_feed11_rep1,redis,sb:events:n20:feed11:rep1,644d5c7c-d1a5-47b6-a392-8d411b65c8f7,3895134,448,32693466100,32693574200,1781307011856-0
concurrency_n20_20260613_002920_redis_feed11_rep1,redis,sb:events:n20:feed11:rep1,56af3623-eca9-4c7f-bb3d-d6f6cf090c46,3895095,449,32695155400,32695185200,1781307011857-0
concurrency_n20_20260613_002920_redis_feed11_rep1,redis,sb:events:n20:feed11:rep1,4e097fd0-0828-426e-ba77-6229b2827935,3895107,449,32696083700,32696117100,1781307011861-0
concurrency_n20_20260613_002920_redis_feed11_rep1,redis,sb:events:n20:feed11:rep1,1e1dff02-7f8b-4fe3-910a-d8a1c77727b2,3895107,449,32705531200,32705562400,1781307011862-0
concurrency_n20_20260613_002920_redis_feed11_rep1,redis,sb:events:n20:feed11:rep1,02215165-9da4-4b41-bf1d-63d6acc70a50,3895107,449,32706726400,32706752100,1781307011864-0
concurrency_n20_20260613_002920_redis_feed11_rep1,redis,sb:events:n20:feed11:rep1,a0a2797a-8bde-4965-9733-fdbbbe9811e1,3895134,449,32722048500,32722126800,1781307011867-0
concurrency_n20_20260613_002920_redis_feed11_rep1,redis,sb:events:n20:feed11:rep1,74edf329-d572-4e4d-936f-b40fbce66eaf,3895134,449,32724819800,32724912300,1781307011869-0
concurrency_n20_20260613_002920_redis_feed11_rep1,redis,sb:events:n20:feed11:rep1,36c45fb0-4255-408e-83c0-7e9fc96f4eb6,3895095,450,32726323000,32726384900,1781307011870-0
concurrency_n20_20260613_002920_redis_feed11_rep1,redis,sb:events:n20:feed11:rep1,49346d04-d903-4d6f-9b19-ba4d0c15bad9,3895095,450,32727194000,32727213000,1781307011873-0
concurrency_n20_20260613_002920_redis_feed11_rep1,redis,sb:events:n20:feed11:rep1,08c08b0f-630c-456b-9807-1f7d2ec90f27,3895060,450,32729231200,32729254000,1781307011879-0
concurrency_n20_20260613_002920_redis_feed11_rep1,redis,sb:events:n20:feed11:rep1,9dbcf854-370c-4043-a227-e38e0584c5da,3895060,450,32731819700,32731840600,1781307011896-0
concurrency_n20_20260613_002920_redis_feed11_rep1,redis,sb:events:n20:feed11:rep1,1188c5b0-8e22-4da4-bd75-5b22c768cda7,3895113,450,32735642300,32735670000,1781307011902-0
concurrency_n20_20260613_002920_redis_feed11_rep1,redis,sb:events:n20:feed11:rep1,fc4349d2-e788-428b-90c0-1e2377a2b7e0,3895095,451,32746288300,32746316800,1781307011903-0
concurrency_n20_20260613_002920_redis_feed11_rep1,redis,sb:events:n20:feed11:rep1,bed10191-2c1a-4e39-bdcd-620d7cdad94f,3895095,451,32750985300,32751018100,1781307011910-0
concurrency_n20_20260613_002920_redis_feed11_rep1,redis,sb:events:n20:feed11:rep1,de745f07-6097-4825-aa95-2a29ba630c59,3895095,451,32752043400,32752065800,1781307011921-0
concurrency_n20_20260613_002920_redis_feed11_rep1,redis,sb:events:n20:feed11:rep1,5ebcc4a3-1ee4-4aa1-b7a5-5afbc8b92bd4,3895060,451,32753505300,32753529100,1781307011928-0
concurrency_n20_20260613_002920_redis_feed11_rep1,redis,sb:events:n20:feed11:rep1,059c0a6c-bf54-44ed-8d54-64e34ce75ec7,3895060,451,32757692000,32757751500,1781307011934-0
concurrency_n20_20260613_002920_redis_feed11_rep1,redis,sb:events:n20:feed11:rep1,40d656d8-7897-4e5d-8e1b-32e1b6fa4e58,3895060,451,32763474300,32763498300,1781307011935-0
concurrency_n20_20260613_002920_redis_feed11_rep1,redis,sb:events:n20:feed11:rep1,6706f68a-0fd9-496d-9e79-95e1fd03802c,3895107,451,32764338400,32764396500,1781307011939-0
concurrency_n20_20260613_002920_redis_feed11_rep1,redis,sb:events:n20:feed11:rep1,4f96086a-c6d5-48ae-af92-e337a80f8fba,3895107,451,32766257000,32766279900,1781307011940-0
concurrency_n20_20260613_002920_redis_feed11_rep1,redis,sb:events:n20:feed11:rep1,aed875e2-a9c3-4c15-a27f-d91682808df8,3895134,451,32767615200,32767640500,1781307011942-0
concurrency_n20_20260613_002920_redis_feed11_rep1,redis,sb:events:n20:feed11:rep1,fd4c2cc6-6ba7-4e63-99f0-836376096ff9,3895134,451,32771040800,32771063800,1781307011943-0
concurrency_n20_20260613_002920_redis_feed11_rep1,redis,sb:events:n20:feed11:rep1,34f32635-5565-4445-a686-f240c391ae22,3895113,451,32771891800,32771907400,1781307011944-0
concurrency_n20_20260613_002920_redis_feed11_rep1,redis,sb:events:n20:feed11:rep1,d0985595-3ebf-44b3-b8a1-40f7dc855881,3895095,452,32772860600,32772879500,1781307011945-0
concurrency_n20_20260613_002920_redis_feed11_rep1,redis,sb:events:n20:feed11:rep1,562401df-4355-4944-8719-51a612c1a9e4,3895095,452,32774867300,32774897800,1781307011946-0
concurrency_n20_20260613_002920_redis_feed11_rep1,redis,sb:events:n20:feed11:rep1,2988f030-9c1f-4b43-a9ef-bb40ccd30baf,3895107,452,32776387600,32776412900,1781307011947-0
concurrency_n20_20260613_002920_redis_feed11_rep1,redis,sb:events:n20:feed11:rep1,cdb30149-43dd-46d2-92c4-3dc2397ef658,3895052,452,32791333500,32791355100,1781307011953-0
concurrency_n20_20260613_002920_redis_feed11_rep1,redis,sb:events:n20:feed11:rep1,05b640b0-13b9-48c3-b52d-679bc686e685,3895113,452,32794376800,32794413800,1781307011968-0
concurrency_n20_20260613_002920_redis_feed11_rep1,redis,sb:events:n20:feed11:rep1,c8ce5549-a9a7-4f14-8b52-b83cc42f3648,3895113,452,32799620500,32799649600,1781307011975-0
concurrency_n20_20260613_002920_redis_feed11_rep1,redis,sb:events:n20:feed11:rep1,814fb2d7-1214-492b-a557-424d881a39b9,3895095,453,32802618900,32802665300,1781307011977-0
concurrency_n20_20260613_002920_redis_feed11_rep1,redis,sb:events:n20:feed11:rep1,46ffd64a-4a1f-4599-b3e3-8042b4b734fe,3895095,453,32805876800,32805901100,1781307011979-0
concurrency_n20_20260613_002920_redis_feed11_rep1,redis,sb:events:n20:feed11:rep1,2d4f6202-ddf8-4c7d-b4c6-7865d1ee2d9a,3895095,453,32807859700,32807884000,1781307011981-0
concurrency_n20_20260613_002920_redis_feed11_rep1,redis,sb:events:n20:feed11:rep1,66d6548d-fbc0-4b16-bbf4-d750db45eef9,3895095,453,32809169000,32809193200,1781307011982-0
concurrency_n20_20260613_002920_redis_feed11_rep1,redis,sb:events:n20:feed11:rep1,607c5b51-d7ec-438d-93ef-ebf85683ee29,3895074,453,32810234600,32810253900,1781307011983-0
concurrency_n20_20260613_002920_redis_feed11_rep1,redis,sb:events:n20:feed11:rep1,c3f11a7d-9340-497b-b55d-694fa591352f,3895052,453,32812302400,32812324100,1781307011984-0
concurrency_n20_20260613_002920_redis_feed11_rep1,redis,sb:events:n20:feed11:rep1,9aaf638b-090b-4334-8cb2-e4d9b159468c,3895095,454,32813570600,32813593400,1781307011987-0
concurrency_n20_20260613_002920_redis_feed11_rep1,redis,sb:events:n20:feed11:rep1,221fe015-6903-4898-9281-e04ad1b39ff0,3895095,454,32819349500,32819377800,1781307011988-0
concurrency_n20_20260613_002920_redis_feed11_rep1,redis,sb:events:n20:feed11:rep1,d7ba7e07-c73e-423b-84f1-70abd62a92b9,3895095,454,32829841400,32829867800,1781307011989-0
concurrency_n20_20260613_002920_redis_feed11_rep1,redis,sb:events:n20:feed11:rep1,a939137f-bea7-4c25-b7d4-cbbe6b8a0871,3895074,454,32833808800,32834418200,1781307011996-0
concurrency_n20_20260613_002920_redis_feed11_rep1,redis,sb:events:n20:feed11:rep1,a61a8556-cb94-4b66-bd46-faf3a7e21f96,3895074,454,32835261000,32835285700,1781307012002-0
concurrency_n20_20260613_002920_redis_feed11_rep1,redis,sb:events:n20:feed11:rep1,55f30dc9-0b28-4fad-a716-611d02ca20f6,3895107,454,32836911700,32836932500,1781307012006-0
concurrency_n20_20260613_002920_redis_feed11_rep1,redis,sb:events:n20:feed11:rep1,0b3025ce-3cd4-4898-ad5c-a207b61c6fa0,3895107,454,32838261200,32838287400,1781307012012-0
concurrency_n20_20260613_002920_redis_feed11_rep1,redis,sb:events:n20:feed11:rep1,dd4a183d-6153-4d52-8dbf-9478194bba81,3895052,454,32843964300,32844226400,1781307012014-0
concurrency_n20_20260613_002920_redis_feed11_rep1,redis,sb:events:n20:feed11:rep1,f2ededc6-6bc7-4ec7-b0e9-c711011e1672,3895052,454,32858209700,32858238300,1781307012016-0
concurrency_n20_20260613_002920_redis_feed11_rep1,redis,sb:events:n20:feed11:rep1,a8a72c19-64a7-4275-912e-ef6b5f09a1f7,3895095,455,32872111400,32872137000,1781307012019-0
concurrency_n20_20260613_002920_redis_feed11_rep1,redis,sb:events:n20:feed11:rep1,3f500bae-930c-4345-852e-c3aa1f1c4ab2,3895095,455,32875217600,32875245600,1781307012030-0
concurrency_n20_20260613_002920_redis_feed11_rep1,redis,sb:events:n20:feed11:rep1,26d91e47-0723-4830-b97b-9df16efd50ec,3895074,455,32896419800,32896448800,1781307012034-0
concurrency_n20_20260613_002920_redis_feed11_rep1,redis,sb:events:n20:feed11:rep1,1a555a66-cc7a-4994-a8c7-8aafdaf302f5,3895060,455,32898271000,32898298900,1781307012040-0
concurrency_n20_20260613_002920_redis_feed11_rep1,redis,sb:events:n20:feed11:rep1,caef69b5-9e37-4445-b866-fcf687c3e390,3895060,455,32903386900,32903415000,1781307012044-0
concurrency_n20_20260613_002920_redis_feed11_rep1,redis,sb:events:n20:feed11:rep1,ea192fda-5da8-47b1-9bfb-0e70fec60b62,3895107,455,32913848800,32913876700,1781307012050-0
concurrency_n20_20260613_002920_redis_feed11_rep1,redis,sb:events:n20:feed11:rep1,4da864ef-2e5e-4a17-857e-dff8921feadf,3895052,455,32919045000,32919080100,1781307012060-0
concurrency_n20_20260613_002920_redis_feed11_rep1,redis,sb:events:n20:feed11:rep1,4b618b31-6291-411b-b4c1-4aee61c4f5fa,3895052,455,32929341600,32929372500,1781307012074-0
concurrency_n20_20260613_002920_redis_feed11_rep1,redis,sb:events:n20:feed11:rep1,e3715e70-0150-4c42-b6f5-5fc67e792b5c,3895095,456,32935346500,32935377900,1781307012079-0
concurrency_n20_20260613_002920_redis_feed11_rep1,redis,sb:events:n20:feed11:rep1,df68f0b4-6ffa-4f02-8711-7859862b0ec0,3895095,456,32938436700,32938468100,1781307012090-0
concurrency_n20_20260613_002920_redis_feed11_rep1,redis,sb:events:n20:feed11:rep1,e9d549aa-6725-4174-93bf-3d3fa63e74bb,3895095,456,32952480500,32952513800,1781307012095-0
concurrency_n20_20260613_002920_redis_feed11_rep1,redis,sb:events:n20:feed11:rep1,d0f4abbd-6eb7-4821-8b4f-d17041acec3b,3895121,456,32963781900,32963863400,1781307012107-0
concurrency_n20_20260613_002920_redis_feed11_rep1,redis,sb:events:n20:feed11:rep1,b1d291fe-7aee-4867-a98f-2689070334d8,3895074,456,32977030100,32977055100,1781307012111-0
concurrency_n20_20260613_002920_redis_feed11_rep1,redis,sb:events:n20:feed11:rep1,ed5ace9b-d57f-4e11-ab3f-0434c560a8cf,3895074,456,32981336300,32981439400,1781307012114-0
concurrency_n20_20260613_002920_redis_feed11_rep1,redis,sb:events:n20:feed11:rep1,6aee31be-f0a9-4a1f-a9d5-0e49c287c868,3895107,456,32982371700,32982398100,1781307012116-0
concurrency_n20_20260613_002920_redis_feed11_rep1,redis,sb:events:n20:feed11:rep1,0af350f2-0e16-4edd-8330-da25fb192a18,3895134,456,32983144400,32983166300,1781307012127-0
concurrency_n20_20260613_002920_redis_feed11_rep1,redis,sb:events:n20:feed11:rep1,206d1fc9-724f-407b-bd2e-f7229d50f9c2,3895107,456,32984795100,32984824200,1781307012137-0
concurrency_n20_20260613_002920_redis_feed11_rep1,redis,sb:events:n20:feed11:rep1,b337407f-efd0-435a-94a6-83a6c2bb3954,3895052,456,32988264900,32988292500,1781307012153-0
concurrency_n20_20260613_002920_redis_feed11_rep1,redis,sb:events:n20:feed11:rep1,b56165c6-a538-4491-a5aa-b4fae53fbbd9,3895052,456,32989198000,32989235600,1781307012156-0
concurrency_n20_20260613_002920_redis_feed11_rep1,redis,sb:events:n20:feed11:rep1,7b77ded3-e0cc-48e7-8dea-d345a900cc2f,3895095,457,32990215300,32990239200,1781307012158-0
concurrency_n20_20260613_002920_redis_feed11_rep1,redis,sb:events:n20:feed11:rep1,8e9297e9-7710-444e-b0a0-d4baedd59a14,3895095,457,32990840100,32990854300,1781307012159-0
concurrency_n20_20260613_002920_redis_feed11_rep1,redis,sb:events:n20:feed11:rep1,5327bb35-e325-4f4a-932b-5af3b43aa66b,3895095,457,32992454000,32992470500,1781307012162-0
concurrency_n20_20260613_002920_redis_feed11_rep1,redis,sb:events:n20:feed11:rep1,e97f8dff-6503-43fa-9166-9e4d0887fdf9,3895074,457,32994014700,32994034900,1781307012163-0
concurrency_n20_20260613_002920_redis_feed11_rep1,redis,sb:events:n20:feed11:rep1,2d15aee8-4df9-4656-af9c-720bf6dfc649,3895052,457,32995169300,32995216400,1781307012165-0
concurrency_n20_20260613_002920_redis_feed11_rep1,redis,sb:events:n20:feed11:rep1,62649c3a-5540-4243-8052-9ae849db85f5,3895052,457,32996386800,32996405500,1781307012168-0
concurrency_n20_20260613_002920_redis_feed11_rep1,redis,sb:events:n20:feed11:rep1,f10cc719-391f-424d-aae8-efd754f59dd7,3895121,458,32998312400,32998334900,1781307012169-0
concurrency_n20_20260613_002920_redis_feed11_rep1,redis,sb:events:n20:feed11:rep1,a4934cc2-8ef4-495c-bc4e-df3cf2b212da,3895074,458,32999467500,32999497400,1781307012170-0
concurrency_n20_20260613_002920_redis_feed11_rep1,redis,sb:events:n20:feed11:rep1,c5c5e7b2-54dc-4971-a74c-bd2bdf94793f,3895074,458,33009439800,33009467100,1781307012173-0
concurrency_n20_20260613_002920_redis_feed11_rep1,redis,sb:events:n20:feed11:rep1,32f8e637-c16d-4b4c-b85d-fc95990dfa4f,3895134,458,33010685100,33010717000,1781307012174-0
concurrency_n20_20260613_002920_redis_feed11_rep1,redis,sb:events:n20:feed11:rep1,a4c7a862-88ed-4f34-9dd8-e1713bb51715,3895107,458,33012668200,33012708400,1781307012175-0
concurrency_n20_20260613_002920_redis_feed11_rep1,redis,sb:events:n20:feed11:rep1,8bec23da-7750-41a3-8251-f36c0b885996,3895134,458,33013453600,33013473000,1781307012182-0
concurrency_n20_20260613_002920_redis_feed11_rep1,redis,sb:events:n20:feed11:rep1,4a08e193-2786-43e0-9ffe-56c78618f834,3895052,458,33018612600,33018716700,1781307012186-0
concurrency_n20_20260613_002920_redis_feed11_rep1,redis,sb:events:n20:feed11:rep1,5d97f886-bb28-4ff2-b012-ebe08e1b7273,3895095,459,33020487700,33020511700,1781307012188-0
concurrency_n20_20260613_002920_redis_feed11_rep1,redis,sb:events:n20:feed11:rep1,92a75d72-f624-4425-90b8-1d5e6def39ad,3895095,459,33022618800,33022639400,1781307012194-0
concurrency_n20_20260613_002920_redis_feed11_rep1,redis,sb:events:n20:feed11:rep1,238c7763-291c-4d40-9337-187234311381,3895121,459,33023553800,33023574200,1781307012196-0
concurrency_n20_20260613_002920_redis_feed11_rep1,redis,sb:events:n20:feed11:rep1,afaf9839-b81b-4a1d-a69b-53fb5b774396,3895060,459,33024254700,33024286900,1781307012197-0
concurrency_n20_20260613_002920_redis_feed11_rep1,redis,sb:events:n20:feed11:rep1,88bde0c4-1921-4b8c-b860-2210237f7120,3895095,460,33030387400,33030411700,1781307012203-0
concurrency_n20_20260613_002920_redis_feed11_rep1,redis,sb:events:n20:feed11:rep1,2e6acea9-1c64-4bd5-82b4-2fe1bce0b813,3895095,460,33031067600,33031085500,1781307012204-0
concurrency_n20_20260613_002920_redis_feed11_rep1,redis,sb:events:n20:feed11:rep1,d523accf-3f1d-43e3-8dcc-a353fe988df8,3895095,460,33032903300,33032926400,1781307012208-0
concurrency_n20_20260613_002920_redis_feed11_rep1,redis,sb:events:n20:feed11:rep1,239092b2-14e5-4575-9a63-5bcc238710a3,3895121,460,33035990200,33036016000,1781307012209-0
concurrency_n20_20260613_002920_redis_feed11_rep1,redis,sb:events:n20:feed11:rep1,2d762f47-0fa3-4b48-98ec-51f41b3c9354,3895121,460,33037734500,33037940400,1781307012211-0
concurrency_n20_20260613_002920_redis_feed11_rep1,redis,sb:events:n20:feed11:rep1,c367e51f-e64a-4726-b766-ec4ff7d2b14a,3895074,460,33041240800,33041268300,1781307012213-0
concurrency_n20_20260613_002920_redis_feed11_rep1,redis,sb:events:n20:feed11:rep1,c87070a8-07a6-4fee-983f-aa48d673713a,3895074,460,33042599900,33042632500,1781307012217-0
concurrency_n20_20260613_002920_redis_feed11_rep1,redis,sb:events:n20:feed11:rep1,b733fd23-9b01-495b-8bb0-7d1ecd1f931c,3895052,460,33045566200,33045590000,1781307012219-0
concurrency_n20_20260613_002920_redis_feed11_rep1,redis,sb:events:n20:feed11:rep1,4c8b961c-84f8-4d34-8a2b-761b7a844729,3895052,460,33046729000,33046751500,1781307012220-0
concurrency_n20_20260613_002920_redis_feed11_rep1,redis,sb:events:n20:feed11:rep1,c0fa9213-52b9-498c-9e8c-c1d0dc23e151,3895095,461,33049316000,33049344300,1781307012226-0
concurrency_n20_20260613_002920_redis_feed11_rep1,redis,sb:events:n20:feed11:rep1,84185410-7e7a-4bde-9167-c77472da6f02,3895121,461,33051868800,33051888900,1781307012227-0
concurrency_n20_20260613_002920_redis_feed11_rep1,redis,sb:events:n20:feed11:rep1,516a4d87-898d-4d5d-b215-ac49cabeefa6,3895121,461,33055153400,33055214800,1781307012230-0
concurrency_n20_20260613_002920_redis_feed11_rep1,redis,sb:events:n20:feed11:rep1,2ed079cf-316c-49f9-81e1-3ef4be51a781,3895060,461,33060224600,33060253400,1781307012232-0
concurrency_n20_20260613_002920_redis_feed11_rep1,redis,sb:events:n20:feed11:rep1,6f369506-eb4a-44eb-8e9b-1b97d4df5f1e,3895060,461,33064221200,33064247100,1781307012235-0
concurrency_n20_20260613_002920_redis_feed11_rep1,redis,sb:events:n20:feed11:rep1,31b4ac75-15c9-4c9c-b364-e3b4249615d8,3895134,461,33065523300,33065563300,1781307012237-0
concurrency_n20_20260613_002920_redis_feed11_rep1,redis,sb:events:n20:feed11:rep1,425142a0-9e3d-4c06-bc82-c5251ab9110b,3895052,461,33066651100,33066679900,1781307012238-0
concurrency_n20_20260613_002920_redis_feed11_rep1,redis,sb:events:n20:feed11:rep1,7c0caa0a-62f0-4167-9cae-d99bbd90617c,3895052,461,33071211100,33071237500,1781307012241-0
concurrency_n20_20260613_002920_redis_feed11_rep1,redis,sb:events:n20:feed11:rep1,efbee4a5-cc43-4c7a-acd9-b8d078139a3c,3895095,462,33072784600,33072813300,1781307012244-0
concurrency_n20_20260613_002920_redis_feed11_rep1,redis,sb:events:n20:feed11:rep1,a56f2177-d30d-4033-99e5-8e4fa235d870,3895095,462,33075072800,33075099300,1781307012247-0
concurrency_n20_20260613_002920_redis_feed11_rep1,redis,sb:events:n20:feed11:rep1,c707d2c3-2f14-4efb-a685-161f4f1d5ee1,3895134,462,33080188200,33080210100,1781307012248-0
concurrency_n20_20260613_002920_redis_feed11_rep1,redis,sb:events:n20:feed11:rep1,95ec2cfc-f259-442a-adce-3f7490b89318,3895134,462,33103000400,33103032800,1781307012251-0
concurrency_n20_20260613_002920_redis_feed11_rep1,redis,sb:events:n20:feed11:rep1,195d0d2e-c14e-4d70-ae08-02f9b7131881,3895060,463,33105888200,33105916400,1781307012252-0
concurrency_n20_20260613_002920_redis_feed11_rep1,redis,sb:events:n20:feed11:rep1,1598f6b4-5117-4eda-9474-56753863ddc2,3895107,463,33123187000,33123222600,1781307012255-0
concurrency_n20_20260613_002920_redis_feed11_rep1,redis,sb:events:n20:feed11:rep1,b8910a8d-b569-46d5-ad56-8aeab8e0839f,3895107,463,33129651300,33129684000,1781307012274-0
concurrency_n20_20260613_002920_redis_feed11_rep1,redis,sb:events:n20:feed11:rep1,7f1ca876-71ed-4c9a-b4a6-6922cbbc8a49,3895107,463,33131717300,33131891200,1781307012282-0
concurrency_n20_20260613_002920_redis_feed11_rep1,redis,sb:events:n20:feed11:rep1,7ca4fd65-7e82-4736-adf4-1896bf70d78b,3895134,463,33133723400,33133747500,1781307012296-0
concurrency_n20_20260613_002920_redis_feed11_rep1,redis,sb:events:n20:feed11:rep1,2d2a9c85-0a00-4122-af37-aefab19aa857,3895121,464,33135876400,33135903600,1781307012303-0
concurrency_n20_20260613_002920_redis_feed11_rep1,redis,sb:events:n20:feed11:rep1,1a96bfcb-690c-4dd0-a894-ac96b30fe16b,3895121,464,33151558900,33151586700,1781307012306-0
concurrency_n20_20260613_002920_redis_feed11_rep1,redis,sb:events:n20:feed11:rep1,b84ab3e0-39fb-4518-b0ad-68526de7580d,3895121,464,33154027000,33154066500,1781307012308-0
concurrency_n20_20260613_002920_redis_feed11_rep1,redis,sb:events:n20:feed11:rep1,deaa61aa-7e2d-476e-a1b3-c29f40339989,3895060,464,33155100900,33155122500,1781307012324-0
concurrency_n20_20260613_002920_redis_feed11_rep1,redis,sb:events:n20:feed11:rep1,6431f2ce-702c-4ba2-8db4-37f2bd00ac89,3895060,464,33159548500,33159572100,1781307012327-0
concurrency_n20_20260613_002920_redis_feed11_rep1,redis,sb:events:n20:feed11:rep1,61278b66-9180-45e5-bb3e-c71d04dbcef1,3895134,464,33165321000,33165348300,1781307012330-0
concurrency_n20_20260613_002920_redis_feed11_rep1,redis,sb:events:n20:feed11:rep1,bb29f3c7-efe6-4b30-9d42-8a14bf33dc2f,3895134,464,33175734200,33175815200,1781307012333-0
concurrency_n20_20260613_002920_redis_feed11_rep1,redis,sb:events:n20:feed11:rep1,b61ef879-a5f5-4c92-bd8f-b8e2ad5a36bf,3895052,464,33179525900,33179552300,1781307012336-0
concurrency_n20_20260613_002920_redis_feed11_rep1,redis,sb:events:n20:feed11:rep1,1f6af878-619a-4af7-8f43-67c0d2456b67,3895121,465,33180311600,33180333000,1781307012351-0
concurrency_n20_20260613_002920_redis_feed11_rep1,redis,sb:events:n20:feed11:rep1,c449a2d1-d78f-4f78-8ab2-c382e1ff6859,3895052,465,33183907600,33183930900,1781307012353-0
concurrency_n20_20260613_002920_redis_feed11_rep1,redis,sb:events:n20:feed11:rep1,3551b7d1-4569-4b22-90e3-c6d14cacf651,3895052,465,33185870700,33185896000,1781307012356-0
concurrency_n20_20260613_002920_redis_feed11_rep1,redis,sb:events:n20:feed11:rep1,303979a2-5837-4cc5-9ad1-3182030f82ac,3895074,466,33186695600,33186720300,1781307012359-0
concurrency_n20_20260613_002920_redis_feed11_rep1,redis,sb:events:n20:feed11:rep1,013d4600-06a8-465f-bb35-4f44f2a423b2,3895074,466,33187547900,33187570200,1781307012360-0
concurrency_n20_20260613_002920_redis_feed11_rep1,redis,sb:events:n20:feed11:rep1,f028e4d5-c6b7-48a4-9770-794e2dc738cd,3895074,466,33188653500,33188732600,1781307012362-0
concurrency_n20_20260613_002920_redis_feed11_rep1,redis,sb:events:n20:feed11:rep1,e364364e-9cac-47ee-9ea2-c7e33822f265,3895060,466,33191270400,33191291800,1781307012368-0
concurrency_n20_20260613_002920_redis_feed11_rep1,redis,sb:events:n20:feed11:rep1,4e0fe5a3-8297-4116-b4d7-bf851fd0018c,3895060,466,33193388000,33193412500,1781307012369-0
concurrency_n20_20260613_002920_redis_feed11_rep1,redis,sb:events:n20:feed11:rep1,0af34aca-a254-4d7d-8ad5-ca72409977cf,3895060,466,33195122500,33195149700,1781307012371-0
concurrency_n20_20260613_002920_redis_feed11_rep1,redis,sb:events:n20:feed11:rep1,b3ad3de4-6d68-4620-8f9d-18471494634b,3895060,466,33200579600,33200603300,1781307012376-0
concurrency_n20_20260613_002920_redis_feed11_rep1,redis,sb:events:n20:feed11:rep1,63e6fa05-2c2d-470c-8275-6b8ceb496a4a,3895134,466,33204375800,33204399900,1781307012378-0
concurrency_n20_20260613_002920_redis_feed11_rep1,redis,sb:events:n20:feed11:rep1,1b98f1a5-d346-455f-9529-27247914498c,3895134,466,33231299700,33231327200,1781307012391-0
concurrency_n20_20260613_002920_redis_feed11_rep1,redis,sb:events:n20:feed11:rep1,0ee4dc5e-490f-44ef-9c59-4a579a982af0,3895086,466,33259717200,33259745400,1781307012406-0
concurrency_n20_20260613_002920_redis_feed11_rep1,redis,sb:events:n20:feed11:rep1,a43c9bfe-f0d8-48d5-b593-c35fbbaa8d07,3895052,466,33261435000,33261461500,1781307012432-0
concurrency_n20_20260613_002920_redis_feed11_rep1,redis,sb:events:n20:feed11:rep1,ac957123-6287-4181-9ddf-f91054f88fca,3895052,466,33262197500,33262221900,1781307012434-0
concurrency_n20_20260613_002920_redis_feed11_rep1,redis,sb:events:n20:feed11:rep1,409b6135-4860-4196-a410-db4c43ac388a,3895052,466,33263098100,33263120300,1781307012436-0
concurrency_n20_20260613_002920_redis_feed11_rep1,redis,sb:events:n20:feed11:rep1,ae6fca84-8fba-476a-a300-aa9d23f581cf,3895134,467,33263839400,33263861000,1781307012437-0
concurrency_n20_20260613_002920_redis_feed11_rep1,redis,sb:events:n20:feed11:rep1,ae87be5f-b4b9-4fcf-b6d4-db27833ed71e,3895134,467,33269928400,33269957300,1781307012440-0
concurrency_n20_20260613_002920_redis_feed11_rep1,redis,sb:events:n20:feed11:rep1,645b5472-b788-45fa-8455-62ba983607bb,3895134,467,33271030100,33271052200,1781307012442-0
concurrency_n20_20260613_002920_redis_feed11_rep1,redis,sb:events:n20:feed11:rep1,84e1b20c-faa3-4218-bb1a-d82a46ce45a4,3895086,467,33277574900,33277728200,1781307012446-0
concurrency_n20_20260613_002920_redis_feed11_rep1,redis,sb:events:n20:feed11:rep1,4c2acb78-bee3-4df6-bbcb-7a2df1dc374a,3895052,467,33284544300,33284572000,1781307012451-0
concurrency_n20_20260613_002920_redis_feed11_rep1,redis,sb:events:n20:feed11:rep1,bd3bb747-07a6-41e7-a9e0-9b8907f415aa,3895074,468,33285959500,33285988700,1781307012453-0
concurrency_n20_20260613_002920_redis_feed11_rep1,redis,sb:events:n20:feed11:rep1,d37e9558-faa8-4cce-8bcb-fbd8c48cf9cf,3895060,468,33292337100,33292361500,1781307012454-0
concurrency_n20_20260613_002920_redis_feed11_rep1,redis,sb:events:n20:feed11:rep1,5409a951-4b20-4108-a97a-36a24c36cb89,3895060,468,33293177200,33293361800,1781307012458-0
concurrency_n20_20260613_002920_redis_feed11_rep1,redis,sb:events:n20:feed11:rep1,30ef8b1c-6588-4e1e-bcf4-0d3c0a45c139,3895060,468,33294142400,33294159600,1781307012460-0
concurrency_n20_20260613_002920_redis_feed11_rep1,redis,sb:events:n20:feed11:rep1,275defc8-f603-4d1d-b38a-f7b1899bdca9,3895086,468,33295711600,33295965500,1781307012461-0
concurrency_n20_20260613_002920_redis_feed11_rep1,redis,sb:events:n20:feed11:rep1,16426f2c-7c8e-441a-a259-6347e0334371,3895086,468,33297693800,33297719300,1781307012468-0
concurrency_n20_20260613_002920_redis_feed11_rep1,redis,sb:events:n20:feed11:rep1,bba80fb6-c872-411c-a2d2-d1c418948a2e,3895052,468,33299591500,33299616000,1781307012470-0
concurrency_n20_20260613_002920_redis_feed11_rep1,redis,sb:events:n20:feed11:rep1,ce7e48a5-3f4f-4e84-a140-2689cd1f7712,3895052,468,33300372900,33300395400,1781307012471-0
concurrency_n20_20260613_002920_redis_feed11_rep1,redis,sb:events:n20:feed11:rep1,a9def167-8157-42a4-96f3-e4b278ed2525,3895121,469,33303999100,33304020800,1781307012477-0
concurrency_n20_20260613_002920_redis_feed11_rep1,redis,sb:events:n20:feed11:rep1,fa568f8a-62e2-45cb-b62c-69e3b2cacda4,3895121,469,33304774600,33304791600,1781307012478-0
concurrency_n20_20260613_002920_redis_feed11_rep1,redis,sb:events:n20:feed11:rep1,ebfd9584-3fec-4468-b6c9-2b135766992e,3895121,469,33305689300,33305709800,1781307012480-0
concurrency_n20_20260613_002920_redis_feed11_rep1,redis,sb:events:n20:feed11:rep1,80e8922d-98e3-4bc8-bcaf-156829157039,3895060,469,33307556800,33307579900,1781307012483-0
concurrency_n20_20260613_002920_redis_feed11_rep1,redis,sb:events:n20:feed11:rep1,c9b74997-4a4f-4774-a1af-bf540a8a9b8b,3895060,469,33309618400,33309641400,1781307012484-0
concurrency_n20_20260613_002920_redis_feed11_rep1,redis,sb:events:n20:feed11:rep1,68ee32a6-8016-4c53-b5a2-6df329c71f4c,3895134,469,33310565700,33310585100,1781307012485-0
concurrency_n20_20260613_002920_redis_feed11_rep1,redis,sb:events:n20:feed11:rep1,b434c3de-f024-4a7b-9f87-a737b201d788,3895086,469,33313079900,33313101700,1781307012487-0
concurrency_n20_20260613_002920_redis_feed11_rep1,redis,sb:events:n20:feed11:rep1,7f21e78e-001c-4e28-b353-a1175416b591,3895052,469,33313894500,33313916100,1781307012488-0
concurrency_n20_20260613_002920_redis_feed11_rep1,redis,sb:events:n20:feed11:rep1,df41d240-b258-46b6-9a06-bb7dd255ee20,3895052,469,33317841900,33317987800,1781307012489-0
concurrency_n20_20260613_002920_redis_feed11_rep1,redis,sb:events:n20:feed11:rep1,96c175b8-81bc-4f63-b47d-ee2fe7c7e8ff,3895121,470,33320092700,33320121900,1781307012492-0
concurrency_n20_20260613_002920_redis_feed11_rep1,redis,sb:events:n20:feed11:rep1,4b0b32e6-dd8d-41ea-8863-b654c344fa3d,3895121,470,33322863200,33322892300,1781307012496-0
concurrency_n20_20260613_002920_redis_feed11_rep1,redis,sb:events:n20:feed11:rep1,5362354e-6dbb-40e7-9ae8-6d34557bd7c7,3895121,470,33325598500,33325665800,1781307012500-0
concurrency_n20_20260613_002920_redis_feed11_rep1,redis,sb:events:n20:feed11:rep1,f1a74c60-c0cd-467b-ac77-18a6169d4b7b,3895074,470,33327908100,33327936400,1781307012504-0
concurrency_n20_20260613_002920_redis_feed11_rep1,redis,sb:events:n20:feed11:rep1,ed2e75e9-5843-4f97-b711-64b6bf43ecda,3895074,470,33333527300,33333551600,1781307012506-0
concurrency_n20_20260613_002920_redis_feed11_rep1,redis,sb:events:n20:feed11:rep1,5292885e-2105-49ba-91e7-7f6279241aa9,3895074,470,33348674000,33348704000,1781307012510-0
concurrency_n20_20260613_002920_redis_feed11_rep1,redis,sb:events:n20:feed11:rep1,a795d859-ddcc-42d7-9ce1-dd700c073a65,3895067,470,33369535400,33369558600,1781307012523-0
concurrency_n20_20260613_002920_redis_feed11_rep1,redis,sb:events:n20:feed11:rep1,1d0a36b8-9678-4f8f-b24a-c000fa11ba73,3895067,470,33373903100,33374117800,1781307012536-0
concurrency_n20_20260613_002920_redis_feed11_rep1,redis,sb:events:n20:feed11:rep1,af95cc8d-e342-4dc0-9da9-bb69cc894f5d,3895067,470,33376483700,33376507400,1781307012544-0
concurrency_n20_20260613_002920_redis_feed11_rep1,redis,sb:events:n20:feed11:rep1,143e3880-b96d-4361-9887-8cea825d687d,3895086,470,33377425400,33377488500,1781307012548-0
concurrency_n20_20260613_002920_redis_feed11_rep1,redis,sb:events:n20:feed11:rep1,83e68a0d-c4c4-4fc7-97dc-eb7f181765b9,3895086,470,33380166500,33380195800,1781307012554-0
concurrency_n20_20260613_002920_redis_feed11_rep1,redis,sb:events:n20:feed11:rep1,b28f6401-5433-4435-b1f4-17cf164072f7,3895052,470,33381097600,33381123600,1781307012555-0
concurrency_n20_20260613_002920_redis_feed11_rep1,redis,sb:events:n20:feed11:rep1,3fd1b5d6-f4a7-405d-be71-58f35782e15c,3895052,470,33382841400,33382863700,1781307012556-0
concurrency_n20_20260613_002920_redis_feed11_rep1,redis,sb:events:n20:feed11:rep1,f23fcdfa-3dcf-4322-8d2e-f19f1e6c8d62,3895121,471,33384827400,33384849500,1781307012559-0
concurrency_n20_20260613_002920_redis_feed11_rep1,redis,sb:events:n20:feed11:rep1,a26597e5-95eb-4963-a281-76f61140468d,3895121,471,33386703100,33386727500,1781307012560-0
concurrency_n20_20260613_002920_redis_feed11_rep1,redis,sb:events:n20:feed11:rep1,2ad11371-a3df-4044-86dd-dc92f137f9f8,3895074,471,33404712200,33404734600,1781307012563-0
concurrency_n20_20260613_002920_redis_feed11_rep1,redis,sb:events:n20:feed11:rep1,d89e977a-5af4-45cb-a248-6144e037ff02,3895067,471,33407190300,33407215600,1781307012577-0
concurrency_n20_20260613_002920_redis_feed11_rep1,redis,sb:events:n20:feed11:rep1,70544f47-c38c-43dc-a3c3-d5811c80fe81,3895134,471,33436252800,33436278400,1781307012581-0
concurrency_n20_20260613_002920_redis_feed11_rep1,redis,sb:events:n20:feed11:rep1,0628e032-a67c-461e-81b6-eb7ad1ca851f,3895134,471,33439859600,33439907100,1781307012587-0
concurrency_n20_20260613_002920_redis_feed11_rep1,redis,sb:events:n20:feed11:rep1,f31a81ec-4289-4c9e-a352-8a8ecf402f40,3895134,471,33441061300,33441086900,1781307012590-0
concurrency_n20_20260613_002920_redis_feed11_rep1,redis,sb:events:n20:feed11:rep1,564b992f-a93b-47e2-a3c8-58f58a03c64c,3895086,471,33443476500,33443512100,1781307012610-0
concurrency_n20_20260613_002920_redis_feed11_rep1,redis,sb:events:n20:feed11:rep1,0e75662f-3fdf-48d0-80d9-e67fcfafc207,3895052,471,33446346500,33446403000,1781307012616-0
concurrency_n20_20260613_002920_redis_feed11_rep1,redis,sb:events:n20:feed11:rep1,98b78ad0-eb59-4eb0-8829-c9320b3eebae,3895067,472,33447452700,33447477700,1781307012618-0
concurrency_n20_20260613_002920_redis_feed11_rep1,redis,sb:events:n20:feed11:rep1,ea660348-9477-44af-a655-fcaed91d91f8,3895067,472,33449856900,33449878800,1781307012620-0
concurrency_n20_20260613_002920_redis_feed11_rep1,redis,sb:events:n20:feed11:rep1,5438d909-eb08-4a8c-9503-c7bdd8f341b0,3895086,472,33451149100,33451170800,1781307012623-0
concurrency_n20_20260613_002920_redis_feed11_rep1,redis,sb:events:n20:feed11:rep1,5a1224f9-cee7-481f-b467-6d6c61240bd0,3895074,473,33451889700,33454784500,1781307012626-0
concurrency_n20_20260613_002920_redis_feed11_rep1,redis,sb:events:n20:feed11:rep1,736ddb9b-44e9-4a00-b625-037a699bbbda,3895074,473,33458521300,33458562700,1781307012629-0
concurrency_n20_20260613_002920_redis_feed11_rep1,redis,sb:events:n20:feed11:rep1,033ce2f9-2f53-430a-ba21-b9765bb014d3,3895134,473,33459544100,33459570200,1781307012630-0
concurrency_n20_20260613_002920_redis_feed11_rep1,redis,sb:events:n20:feed11:rep1,9c22693c-1a75-479c-a62b-ad9b8d7102f5,3895134,473,33460280400,33460329400,1781307012632-0
concurrency_n20_20260613_002920_redis_feed11_rep1,redis,sb:events:n20:feed11:rep1,f4eea71a-2476-4f0c-8802-c9fe7503a3eb,3895086,473,33461684300,33461706100,1781307012633-0
concurrency_n20_20260613_002920_redis_feed11_rep1,redis,sb:events:n20:feed11:rep1,96e8d159-a7c9-4e88-8221-cc6182130e2c,3895086,473,33464051800,33464078600,1781307012637-0
concurrency_n20_20260613_002920_redis_feed11_rep1,redis,sb:events:n20:feed11:rep1,763d58f2-630f-42e6-84f6-858bc0a94324,3895067,474,33464802300,33464819600,1781307012638-0
concurrency_n20_20260613_002920_redis_feed11_rep1,redis,sb:events:n20:feed11:rep1,0744fba3-56cb-428d-bf40-a354a2b63441,3895067,474,33465928900,33465952400,1781307012639-0
concurrency_n20_20260613_002920_redis_feed11_rep1,redis,sb:events:n20:feed11:rep1,916a9bb1-597a-466a-a634-35a877e27113,3895067,474,33471184700,33471272600,1781307012642-0
concurrency_n20_20260613_002920_redis_feed11_rep1,redis,sb:events:n20:feed11:rep1,fc654822-aa94-435d-a06c-7894b15c0bde,3895086,474,33472733200,33472790900,1781307012643-0
concurrency_n20_20260613_002920_redis_feed11_rep1,redis,sb:events:n20:feed11:rep1,832afd0b-9588-4cc4-8963-9ecc26783b76,3895086,474,33474637400,33474658000,1781307012645-0
concurrency_n20_20260613_002920_redis_feed11_rep1,redis,sb:events:n20:feed11:rep1,2cc8e083-9ca4-42e3-99e5-e3a2ee2ee57e,3895060,475,33475524200,33475542900,1781307012647-0
concurrency_n20_20260613_002920_redis_feed11_rep1,redis,sb:events:n20:feed11:rep1,b7aa1457-1911-4c54-86d1-eeba7711879a,3895067,475,33476263500,33476282600,1781307012648-0
concurrency_n20_20260613_002920_redis_feed11_rep1,redis,sb:events:n20:feed11:rep1,90c97a83-0af0-422d-bb6b-ac616a0e970c,3895067,475,33477288600,33477310200,1781307012650-0
concurrency_n20_20260613_002920_redis_feed11_rep1,redis,sb:events:n20:feed11:rep1,f6e716c5-a169-4919-9d7e-ed4c2e6999f6,3895134,475,33479257100,33479281500,1781307012651-0
concurrency_n20_20260613_002920_redis_feed11_rep1,redis,sb:events:n20:feed11:rep1,d09e1dad-7cbf-4ef4-b81e-5bfe0b54a46c,3895060,476,33480492400,33480519300,1781307012652-0
concurrency_n20_20260613_002920_redis_feed11_rep1,redis,sb:events:n20:feed11:rep1,14c258e3-87a9-4477-8737-28fe88293009,3895060,476,33481371100,33481394100,1781307012654-0
concurrency_n20_20260613_002920_redis_feed11_rep1,redis,sb:events:n20:feed11:rep1,8974c6d2-f53a-48ed-9034-774ad8eb6a0d,3895060,476,33482679400,33482703700,1781307012655-0
concurrency_n20_20260613_002920_redis_feed11_rep1,redis,sb:events:n20:feed11:rep1,8848ed44-1708-4b22-9b9a-65f860954a94,3895067,476,33486576100,33486596700,1781307012656-0
concurrency_n20_20260613_002920_redis_feed11_rep1,redis,sb:events:n20:feed11:rep1,a8ae1297-c18b-48d8-8655-2179adf257c6,3895134,476,33487364600,33487383300,1781307012657-0
concurrency_n20_20260613_002920_redis_feed11_rep1,redis,sb:events:n20:feed11:rep1,117e1f76-6ab5-43de-9ce6-aed027465ea8,3895086,476,33488130800,33488154300,1781307012659-0
concurrency_n20_20260613_002920_redis_feed11_rep1,redis,sb:events:n20:feed11:rep1,972ab2c7-5124-4546-881b-68c14ae1221e,3895060,477,33489166800,33489209300,1781307012661-0
concurrency_n20_20260613_002920_redis_feed11_rep1,redis,sb:events:n20:feed11:rep1,ae535027-1a9b-460d-afb7-ca950e5f6454,3895060,477,33490064300,33490082800,1781307012662-0
concurrency_n20_20260613_002920_redis_feed11_rep1,redis,sb:events:n20:feed11:rep1,8532b186-9a6a-4a44-a560-98874af82849,3895060,477,33493077100,33493097600,1781307012663-0
concurrency_n20_20260613_002920_redis_feed11_rep1,redis,sb:events:n20:feed11:rep1,244dfe20-6f6e-4563-bb81-bd9571da46cc,3895067,477,33493981600,33494003300,1781307012666-0
concurrency_n20_20260613_002920_redis_feed11_rep1,redis,sb:events:n20:feed11:rep1,8be3754f-352d-4b91-bea2-1ee0c8bcfee6,3895067,477,33496424500,33496454000,1781307012668-0
concurrency_n20_20260613_002920_redis_feed11_rep1,redis,sb:events:n20:feed11:rep1,373dc7bd-d13d-460b-9ad3-78036b35a08c,3895134,477,33500420200,33500442600,1781307012669-0
concurrency_n20_20260613_002920_redis_feed11_rep1,redis,sb:events:n20:feed11:rep1,6b49f0b1-0667-49fc-9bd5-b77c657d113e,3895134,477,33511429600,33511455900,1781307012673-0
concurrency_n20_20260613_002920_redis_feed11_rep1,redis,sb:events:n20:feed11:rep1,953250cd-ee87-42f7-8410-b94cce63746a,3895134,477,33513322200,33513360300,1781307012675-0
concurrency_n20_20260613_002920_redis_feed11_rep1,redis,sb:events:n20:feed11:rep1,7d4c9d22-2c9b-41d1-94c9-5a0adeb7353e,3895086,477,33516184400,33516211700,1781307012681-0
concurrency_n20_20260613_002920_redis_feed11_rep1,redis,sb:events:n20:feed11:rep1,d2a3b47f-7400-4125-a313-daa4691f910e,3895086,477,33519530900,33519555000,1781307012692-0
concurrency_n20_20260613_002920_redis_feed11_rep1,redis,sb:events:n20:feed11:rep1,ddde6ce4-3882-4c5f-8ff4-ec7aad5e9cea,3895060,478,33537627500,33537653700,1781307012693-0
concurrency_n20_20260613_002920_redis_feed11_rep1,redis,sb:events:n20:feed11:rep1,370792a4-6940-42de-99a4-331696d204f2,3895060,478,33538577200,33538599800,1781307012700-0
concurrency_n20_20260613_002920_redis_feed11_rep1,redis,sb:events:n20:feed11:rep1,f7ee8391-8962-4fd7-a136-65b296f2d8cf,3895134,478,33539966900,33539989500,1781307012702-0
concurrency_n20_20260613_002920_redis_feed11_rep1,redis,sb:events:n20:feed11:rep1,8a1a4c5a-cfb0-428e-b323-174a4864193c,3895134,478,33541860900,33541887300,1781307012703-0
concurrency_n20_20260613_002920_redis_feed11_rep1,redis,sb:events:n20:feed11:rep1,53f7dfa9-747e-4181-82ac-41ca2bc3822c,3895121,479,33543319900,33543344000,1781307012706-0
concurrency_n20_20260613_002920_redis_feed11_rep1,redis,sb:events:n20:feed11:rep1,aedad7e5-5109-43e5-9b0d-81cfdf493ec6,3895107,479,33545180100,33545206600,1781307012709-0
concurrency_n20_20260613_002920_redis_feed11_rep1,redis,sb:events:n20:feed11:rep1,16f91cec-0a01-42f4-8808-b253d5027be9,3895134,479,33546266700,33546293800,1781307012710-0
concurrency_n20_20260613_002920_redis_feed11_rep1,redis,sb:events:n20:feed11:rep1,908f0f79-14ce-4dc5-ac04-dc1ce7df95c4,3895134,479,33549426900,33549456100,1781307012715-0
concurrency_n20_20260613_002920_redis_feed11_rep1,redis,sb:events:n20:feed11:rep1,29b69ac5-f3de-4f44-8a84-890f758f85d5,3895134,479,33552546400,33552571100,1781307012716-0
concurrency_n20_20260613_002920_redis_feed11_rep1,redis,sb:events:n20:feed11:rep1,89a798fc-4ca8-4ef3-b77b-b4067a3072e7,3895074,480,33553785000,33553811800,1781307012717-0
concurrency_n20_20260613_002920_redis_feed11_rep1,redis,sb:events:n20:feed11:rep1,c6d9a786-6fdb-4837-b172-c7206bc135b3,3895086,480,33555025200,33555134400,1781307012719-0
concurrency_n20_20260613_002920_redis_feed11_rep1,redis,sb:events:n20:feed11:rep1,24b86b4b-a054-4249-b219-ee01b5b9c20d,3895086,480,33556240500,33556261600,1781307012721-0
concurrency_n20_20260613_002920_redis_feed11_rep1,redis,sb:events:n20:feed11:rep1,c42ddc13-8e10-4684-99d7-5725503214d8,3895086,480,33559626000,33559670900,1781307012723-0
concurrency_n20_20260613_002920_redis_feed11_rep1,redis,sb:events:n20:feed11:rep1,7ef27699-3aca-4001-a41e-b73a91fafcfd,3895113,480,33560374700,33560394300,1781307012724-0
concurrency_n20_20260613_002920_redis_feed11_rep1,redis,sb:events:n20:feed11:rep1,dbeb1fe3-ad84-404e-9f8d-0c1b827c1318,3895121,481,33562849000,33562877600,1781307012726-0
concurrency_n20_20260613_002920_redis_feed11_rep1,redis,sb:events:n20:feed11:rep1,74ec5700-b779-47b1-85cd-96b1b98339f2,3895121,481,33564534300,33564562000,1781307012728-0
concurrency_n20_20260613_002920_redis_feed11_rep1,redis,sb:events:n20:feed11:rep1,13b8dcbe-a434-4e86-971f-b214f2ea3e2e,3895134,481,33567117100,33567141600,1781307012731-0
concurrency_n20_20260613_002920_redis_feed11_rep1,redis,sb:events:n20:feed11:rep1,4aacddba-d73e-4d40-ab6b-a9f793127492,3895134,481,33569703000,33569727500,1781307012732-0
concurrency_n20_20260613_002920_redis_feed11_rep1,redis,sb:events:n20:feed11:rep1,3f5ddab5-27ce-47e8-af7e-336e770db44f,3895074,482,33571522100,33571548100,1781307012733-0
concurrency_n20_20260613_002920_redis_feed11_rep1,redis,sb:events:n20:feed11:rep1,e2642e4c-ef25-4f71-9c1d-41ca3d90afb0,3895074,482,33573429500,33573455200,1781307012736-0
concurrency_n20_20260613_002920_redis_feed11_rep1,redis,sb:events:n20:feed11:rep1,f4bf9f3e-fa6e-47a3-ad62-2932f0db7659,3895060,482,33575699400,33575724800,1781307012737-0
concurrency_n20_20260613_002920_redis_feed11_rep1,redis,sb:events:n20:feed11:rep1,285cf6ae-4c95-4012-99f8-f22d78055627,3895060,482,33579686800,33579774700,1781307012738-0
concurrency_n20_20260613_002920_redis_feed11_rep1,redis,sb:events:n20:feed11:rep1,837fea5f-21ea-4230-bbbd-6453627b552d,3895060,482,33598340600,33598369000,1781307012741-0
concurrency_n20_20260613_002920_redis_feed11_rep1,redis,sb:events:n20:feed11:rep1,95238892-450f-4835-8948-5655fb7d2a1d,3895107,482,33599947100,33599972900,1781307012743-0
concurrency_n20_20260613_002920_redis_feed11_rep1,redis,sb:events:n20:feed11:rep1,8993f7b5-53ef-4450-abf1-fc158962b361,3895107,482,33603049500,33603075900,1781307012746-0
concurrency_n20_20260613_002920_redis_feed11_rep1,redis,sb:events:n20:feed11:rep1,0adc0c81-8baf-494a-95bc-290b2e78c770,3895113,482,33605729900,33605756200,1781307012749-0
concurrency_n20_20260613_002920_redis_feed11_rep1,redis,sb:events:n20:feed11:rep1,b76bd532-c731-40f2-a89d-54e54004daa3,3895113,482,33607090600,33607176000,1781307012752-0
concurrency_n20_20260613_002920_redis_feed11_rep1,redis,sb:events:n20:feed11:rep1,ceb3caa1-56d5-4fed-a5f7-845b5dfabc79,3895113,482,33608671900,33608698800,1781307012753-0
concurrency_n20_20260613_002920_redis_feed11_rep1,redis,sb:events:n20:feed11:rep1,ca7748eb-3897-4456-b2ef-1f825740617b,3895121,483,33609904300,33609925700,1781307012759-0
concurrency_n20_20260613_002920_redis_feed11_rep1,redis,sb:events:n20:feed11:rep1,8da412b2-81d6-413b-8752-bb248389a056,3895107,483,33610494600,33610510300,1781307012766-0
concurrency_n20_20260613_002920_redis_feed11_rep1,redis,sb:events:n20:feed11:rep1,664c8602-ba21-44c4-a57e-03ca8bfbd2a3,3895086,483,33618226400,33618250100,1781307012774-0
concurrency_n20_20260613_002920_redis_feed11_rep1,redis,sb:events:n20:feed11:rep1,92836f1b-71fd-43d3-aa9a-0311e4a62d38,3895113,483,33619440400,33619462300,1781307012778-0
concurrency_n20_20260613_002920_redis_feed11_rep1,redis,sb:events:n20:feed11:rep1,047e3d1d-965e-451e-9e8d-46e9bfcf3e56,3895121,484,33620240800,33620263900,1781307012780-0
concurrency_n20_20260613_002920_redis_feed11_rep1,redis,sb:events:n20:feed11:rep1,87d38202-5915-49d4-86be-09ae2f7ab10b,3895121,484,33621044800,33621070300,1781307012781-0
concurrency_n20_20260613_002920_redis_feed11_rep1,redis,sb:events:n20:feed11:rep1,c3bfecfb-e856-4a3c-ba74-a055a8619542,3895074,484,33622888900,33622911200,1781307012783-0
concurrency_n20_20260613_002920_redis_feed11_rep1,redis,sb:events:n20:feed11:rep1,a76d4db8-b7c8-4e40-bdf5-cf6c0cb201b4,3895060,484,33636178600,33636207900,1781307012786-0
concurrency_n20_20260613_002920_redis_feed11_rep1,redis,sb:events:n20:feed11:rep1,951e7ac9-28e8-49ac-b093-c767b98fe62f,3895134,484,33637310000,33637335300,1781307012788-0
concurrency_n20_20260613_002920_redis_feed11_rep1,redis,sb:events:n20:feed11:rep1,c778d902-0701-4e35-a2a4-5948422bd79f,3895121,485,33640589300,33640620700,1781307012790-0
concurrency_n20_20260613_002920_redis_feed11_rep1,redis,sb:events:n20:feed11:rep1,b1af8396-df2a-4b40-ae2c-691eea7b965b,3895074,485,33645105700,33645134600,1781307012793-0
concurrency_n20_20260613_002920_redis_feed11_rep1,redis,sb:events:n20:feed11:rep1,7d16a773-01d1-473b-812c-282c1e6890d5,3895074,485,33660883300,33660912100,1781307012812-0
concurrency_n20_20260613_002920_redis_feed11_rep1,redis,sb:events:n20:feed11:rep1,8383a687-f70b-42dd-a2dd-22641f5009aa,3895060,485,33662111700,33662140500,1781307012814-0
concurrency_n20_20260613_002920_redis_feed11_rep1,redis,sb:events:n20:feed11:rep1,85b77830-bcf8-4e34-bca8-468c92c6ef32,3895107,485,33663493200,33663520500,1781307012817-0
concurrency_n20_20260613_002920_redis_feed11_rep1,redis,sb:events:n20:feed11:rep1,ed1633a7-5f8b-4e48-979f-8d47a597c0d4,3895107,485,33664277200,33664294100,1781307012834-0
concurrency_n20_20260613_002920_redis_feed11_rep1,redis,sb:events:n20:feed11:rep1,7f90e39a-649d-4fca-98a8-b4d30215a07b,3895107,485,33669538500,33669563800,1781307012837-0
concurrency_n20_20260613_002920_redis_feed11_rep1,redis,sb:events:n20:feed11:rep1,cd3fa78f-9ef8-4cab-bd96-c2ccf13db744,3895134,485,33670771400,33670793600,1781307012839-0
concurrency_n20_20260613_002920_redis_feed11_rep1,redis,sb:events:n20:feed11:rep1,46b6748a-b45c-4b63-bd26-53c289b17e67,3895134,485,33679184300,33679217000,1781307012840-0
concurrency_n20_20260613_002920_redis_feed11_rep1,redis,sb:events:n20:feed11:rep1,957393b2-53ad-4a4a-bfad-aa5fd3b4ca34,3895134,485,33704822200,33704849300,1781307012843-0
concurrency_n20_20260613_002920_redis_feed11_rep1,redis,sb:events:n20:feed11:rep1,f0404473-617c-4442-b678-ffd5a3faec6d,3895086,485,33705788900,33705809100,1781307012845-0
concurrency_n20_20260613_002920_redis_feed11_rep1,redis,sb:events:n20:feed11:rep1,be06b608-79e3-4e92-90c3-da7c46624e3c,3895086,485,33708169900,33708195200,1781307012847-0
concurrency_n20_20260613_002920_redis_feed11_rep1,redis,sb:events:n20:feed11:rep1,43f04a8e-de91-457b-9151-2d6a0b0048f0,3895121,486,33709274000,33709296600,1781307012855-0
concurrency_n20_20260613_002920_redis_feed11_rep1,redis,sb:events:n20:feed11:rep1,58d93f50-8b43-438f-8a71-654ba72953a2,3895121,486,33710260500,33710294500,1781307012858-0
concurrency_n20_20260613_002920_redis_feed11_rep1,redis,sb:events:n20:feed11:rep1,a942d413-8e18-478c-b604-5b6c6e4da504,3895121,486,33713114000,33713134300,1781307012876-0
concurrency_n20_20260613_002920_redis_feed11_rep1,redis,sb:events:n20:feed11:rep1,6b3565f7-be6c-4ed4-850f-cabf2e1cc00b,3895060,486,33718501900,33718532400,1781307012880-0
concurrency_n20_20260613_002920_redis_feed11_rep1,redis,sb:events:n20:feed11:rep1,b303f39f-bb13-42dd-90fb-37542c2aa67c,3895060,486,33738163700,33738209900,1781307012881-0
concurrency_n20_20260613_002920_redis_feed11_rep1,redis,sb:events:n20:feed11:rep1,6b555d33-1201-491e-b05a-daf424748369,3895107,486,33739940300,33739966800,1781307012882-0
concurrency_n20_20260613_002920_redis_feed11_rep1,redis,sb:events:n20:feed11:rep1,c93be192-605a-420c-827a-3cfd01facaa6,3895134,486,33741940900,33741967900,1781307012883-0
concurrency_n20_20260613_002920_redis_feed11_rep1,redis,sb:events:n20:feed11:rep1,a12affa9-0528-43ab-ba6c-bcf1e75acc94,3895113,486,33742790900,33742811400,1781307012884-0
concurrency_n20_20260613_002920_redis_feed11_rep1,redis,sb:events:n20:feed11:rep1,e2ea1f32-6183-4d41-ad14-3eed7e69de60,3895121,487,33743629200,33743647100,1781307012886-0
concurrency_n20_20260613_002920_redis_feed11_rep1,redis,sb:events:n20:feed11:rep1,d966ad98-cfbf-4352-9296-7184ce8dd5cf,3895121,487,33746606000,33746636100,1781307012887-0
concurrency_n20_20260613_002920_redis_feed11_rep1,redis,sb:events:n20:feed11:rep1,05222980-8d38-4f2b-afc6-771c792f2ebd,3895074,487,33748457600,33748483100,1781307012888-0
concurrency_n20_20260613_002920_redis_feed11_rep1,redis,sb:events:n20:feed11:rep1,2af02957-ad76-4bfb-8e72-dd95237e58ff,3895134,487,33751193600,33751217800,1781307012889-0
concurrency_n20_20260613_002920_redis_feed11_rep1,redis,sb:events:n20:feed11:rep1,08f7eb42-654b-48d2-bb70-c124ee425bca,3895134,487,33751873200,33751900300,1781307012892-0
concurrency_n20_20260613_002920_redis_feed11_rep1,redis,sb:events:n20:feed11:rep1,0e05c17a-6a6a-4714-b16c-2683603d2d25,3895134,487,33752690600,33752718200,1781307012914-0
concurrency_n20_20260613_002920_redis_feed11_rep1,redis,sb:events:n20:feed11:rep1,ecf56765-45f3-4939-b7c7-80aae2e885f3,3895121,488,33754339700,33754365200,1781307012917-0
concurrency_n20_20260613_002920_redis_feed11_rep1,redis,sb:events:n20:feed11:rep1,e6ecb80c-31c6-4993-80fd-fc4563512816,3895074,488,33755279800,33755304800,1781307012919-0
concurrency_n20_20260613_002920_redis_feed11_rep1,redis,sb:events:n20:feed11:rep1,a5e5a83b-7802-41aa-b6d3-bdc3d89ef467,3895074,488,33756113200,33756131500,1781307012922-0
concurrency_n20_20260613_002920_redis_feed11_rep1,redis,sb:events:n20:feed11:rep1,7c1ae576-43b9-4809-96a2-8d75d120bdf9,3895060,488,33757278800,33757296600,1781307012925-0
concurrency_n20_20260613_002920_redis_feed11_rep1,redis,sb:events:n20:feed11:rep1,b4caad63-e87c-4d16-91e6-0713c3e66d8a,3895134,488,33759654900,33759681100,1781307012926-0
concurrency_n20_20260613_002920_redis_feed11_rep1,redis,sb:events:n20:feed11:rep1,ce9bd9f3-7328-4fb6-8ce2-001279f6baca,3895134,488,33773644800,33773669300,1781307012927-0
concurrency_n20_20260613_002920_redis_feed11_rep1,redis,sb:events:n20:feed11:rep1,3cecaa4c-ea18-46a7-af6f-8f5648494858,3895134,488,33775108500,33775135400,1781307012930-0
concurrency_n20_20260613_002920_redis_feed11_rep1,redis,sb:events:n20:feed11:rep1,03cdcd5c-a767-497e-812a-1d9073e0c4a2,3895121,489,33775995800,33776045600,1781307012932-0
concurrency_n20_20260613_002920_redis_feed11_rep1,redis,sb:events:n20:feed11:rep1,9117a504-f88b-4845-b57d-cf05f5639246,3895121,489,33776984600,33777003800,1781307012933-0
concurrency_n20_20260613_002920_redis_feed11_rep1,redis,sb:events:n20:feed11:rep1,366f016f-4ca0-4933-82f3-1298e240909e,3895121,489,33777763600,33777784800,1781307012935-0
concurrency_n20_20260613_002920_redis_feed11_rep1,redis,sb:events:n20:feed11:rep1,07808a67-ad47-47bc-a238-346452e54263,3895060,489,33778536000,33778551200,1781307012943-0
concurrency_n20_20260613_002920_redis_feed11_rep1,redis,sb:events:n20:feed11:rep1,000f35a9-2b85-41c6-abac-a626f2441789,3895060,489,33785366100,33785386900,1781307012949-0
concurrency_n20_20260613_002920_redis_feed11_rep1,redis,sb:events:n20:feed11:rep1,2bdddfbd-053f-4a97-8498-95abdc1c7dc4,3895107,489,33786460000,33786483500,1781307012953-0
concurrency_n20_20260613_002920_redis_feed11_rep1,redis,sb:events:n20:feed11:rep1,98d06e2c-ae92-4556-a4f8-81378b516de0,3895107,489,33787499400,33787518300,1781307012954-0
concurrency_n20_20260613_002920_redis_feed11_rep1,redis,sb:events:n20:feed11:rep1,06595666-fba3-4a30-8c54-cca4a3cbbaec,3895107,489,33789915200,33789980400,1781307012958-0
concurrency_n20_20260613_002920_redis_feed11_rep1,redis,sb:events:n20:feed11:rep1,682d7033-38f1-439b-b78a-3d274b907f1f,3895121,490,33794519700,33794558900,1781307012960-0
concurrency_n20_20260613_002920_redis_feed11_rep1,redis,sb:events:n20:feed11:rep1,a353dfdb-141a-410a-b45c-e1cb9388a566,3895121,490,33808517100,33808542900,1781307012961-0
concurrency_n20_20260613_002920_redis_feed11_rep1,redis,sb:events:n20:feed11:rep1,2a543699-da87-4c42-89d1-1ea6ddb38055,3895074,490,33814925400,33814953900,1781307012964-0
concurrency_n20_20260613_002920_redis_feed11_rep1,redis,sb:events:n20:feed11:rep1,56076b76-7d56-462c-a75f-447aa1a0bd14,3895107,490,33819780500,33819816100,1781307012968-0
concurrency_n20_20260613_002920_redis_feed11_rep1,redis,sb:events:n20:feed11:rep1,99081fb6-b69d-4338-8f1f-922438e3783b,3895107,490,33832633900,33832659000,1781307012985-0
concurrency_n20_20260613_002920_redis_feed11_rep1,redis,sb:events:n20:feed11:rep1,88bb115f-67ab-40f6-b4c7-766b19e452be,3895134,490,33834238500,33834267900,1781307012987-0
concurrency_n20_20260613_002920_redis_feed11_rep1,redis,sb:events:n20:feed11:rep1,1d6db182-b7b7-4cab-968b-31ddf57127ab,3895134,490,33835930200,33835964200,1781307012990-0
concurrency_n20_20260613_002920_redis_feed11_rep1,redis,sb:events:n20:feed11:rep1,ec6ea184-6d2d-4f2c-bab8-9ae0e7a5fb6f,3895134,490,33843549500,33843574300,1781307012995-0
concurrency_n20_20260613_002920_redis_feed11_rep1,redis,sb:events:n20:feed11:rep1,7aa0cc37-69ea-4786-9980-3519c3255674,3895134,490,33844543400,33844567300,1781307013007-0
concurrency_n20_20260613_002920_redis_feed11_rep1,redis,sb:events:n20:feed11:rep1,e06ad83e-9048-4b32-b1f7-ee0724959468,3895086,490,33845351200,33845369500,1781307013011-0
concurrency_n20_20260613_002920_redis_feed11_rep1,redis,sb:events:n20:feed11:rep1,cdb3c3ca-1548-4619-a5c0-53922bd51131,3895121,491,33847815400,33847840800,1781307013023-0
concurrency_n20_20260613_002920_redis_feed11_rep1,redis,sb:events:n20:feed11:rep1,bb930c94-f48c-4f37-9c5b-00ced40855ca,3895074,491,33853719200,33853745300,1781307013024-0
concurrency_n20_20260613_002920_redis_feed11_rep1,redis,sb:events:n20:feed11:rep1,dd2f4e5f-d8ce-426b-9066-8df201864e61,3895074,491,33854485000,33854506500,1781307013025-0
concurrency_n20_20260613_002920_redis_feed11_rep1,redis,sb:events:n20:feed11:rep1,304eb7ff-0921-45ca-b358-ab14cceba575,3895086,491,33855333600,33855355100,1781307013027-0
concurrency_n20_20260613_002920_redis_feed11_rep1,redis,sb:events:n20:feed11:rep1,706e234a-813a-4d60-94c4-c9c4e0e5445d,3895086,491,33856052500,33856074400,1781307013028-0
concurrency_n20_20260613_002920_redis_feed11_rep1,redis,sb:events:n20:feed11:rep1,21fdfd11-c287-40e0-acfb-4f3413472b55,3895113,491,33856882300,33856901100,1781307013030-0
concurrency_n20_20260613_002920_redis_feed11_rep1,redis,sb:events:n20:feed11:rep1,8cf7a06e-4aa1-4d99-a448-2869a8267604,3895113,491,33859244700,33859267800,1781307013031-0
concurrency_n20_20260613_002920_redis_feed11_rep1,redis,sb:events:n20:feed11:rep1,9c189581-25f5-452f-a479-b63e47e7a926,3895121,492,33860013700,33860041400,1781307013032-0
concurrency_n20_20260613_002920_redis_feed11_rep1,redis,sb:events:n20:feed11:rep1,dbf5f764-0435-4902-a430-cdd06ae7e0b3,3895121,492,33862545200,33862573000,1781307013033-0
concurrency_n20_20260613_002920_redis_feed11_rep1,redis,sb:events:n20:feed11:rep1,66f10fb4-e68e-4fc6-a501-501875d01502,3895134,492,33863632700,33863860400,1781307013036-0
concurrency_n20_20260613_002920_redis_feed11_rep1,redis,sb:events:n20:feed11:rep1,c5834c0a-d01f-476c-859e-fa64401e82fa,3895060,493,33871511900,33871538200,1781307013037-0
concurrency_n20_20260613_002920_redis_feed11_rep1,redis,sb:events:n20:feed11:rep1,e499c4aa-5490-4f72-90bd-747c7f989f5f,3895086,493,33877266300,33877299100,1781307013038-0
concurrency_n20_20260613_002920_redis_feed11_rep1,redis,sb:events:n20:feed11:rep1,5e503645-a8a4-44f8-a69e-f410f81694b0,3895121,494,33880049600,33880075300,1781307013045-0
concurrency_n20_20260613_002920_redis_feed11_rep1,redis,sb:events:n20:feed11:rep1,aa291908-f334-4120-ab4d-0d58856b1b06,3895060,494,33881740400,33881772000,1781307013048-0
concurrency_n20_20260613_002920_redis_feed11_rep1,redis,sb:events:n20:feed11:rep1,9fd12bc1-c51b-440b-9dcb-07af878748e5,3895060,494,33901425900,33901476700,1781307013054-0
concurrency_n20_20260613_002920_redis_feed11_rep1,redis,sb:events:n20:feed11:rep1,79bfca80-3bb9-428e-afd3-b10dcdfab364,3895107,494,33902149000,33902166000,1781307013056-0
concurrency_n20_20260613_002920_redis_feed11_rep1,redis,sb:events:n20:feed11:rep1,282ccc6d-03c7-4a39-9b17-6c21b9d68061,3895134,494,33902826800,33902842500,1781307013058-0
concurrency_n20_20260613_002920_redis_feed11_rep1,redis,sb:events:n20:feed11:rep1,f28a1fce-5c9a-4f7d-a147-140be4739f19,3895134,494,33903559200,33903575200,1781307013060-0
concurrency_n20_20260613_002920_redis_feed11_rep1,redis,sb:events:n20:feed11:rep1,bc5cf701-66a0-4bbf-a349-b178a8999ebb,3895134,494,33905358900,33905379600,1781307013076-0
concurrency_n20_20260613_002920_redis_feed11_rep1,redis,sb:events:n20:feed11:rep1,df02b885-6e54-4fa9-aa9c-3dea7d1f3e8c,3895086,494,33909870100,33909899500,1781307013078-0
concurrency_n20_20260613_002920_redis_feed11_rep1,redis,sb:events:n20:feed11:rep1,38beb407-8de7-45aa-b363-9e9400b06786,3895086,494,33910645800,33910666900,1781307013079-0
concurrency_n20_20260613_002920_redis_feed11_rep1,redis,sb:events:n20:feed11:rep1,fb16a882-9345-4f62-b3c2-b77deeb293cd,3895086,494,33911583000,33911606100,1781307013081-0
concurrency_n20_20260613_002920_redis_feed11_rep1,redis,sb:events:n20:feed11:rep1,7f355249-a363-4945-8de6-0960fc538c4b,3895121,495,33912345400,33912431800,1781307013081-1
concurrency_n20_20260613_002920_redis_feed11_rep1,redis,sb:events:n20:feed11:rep1,79b4d10f-cbf0-47c1-824f-6698d5e4edac,3895121,495,33917199300,33917245000,1781307013082-0
concurrency_n20_20260613_002920_redis_feed11_rep1,redis,sb:events:n20:feed11:rep1,83eff5a7-d12d-45ef-ad82-77def160ad9a,3895107,495,33918260400,33918280900,1781307013087-0
concurrency_n20_20260613_002920_redis_feed11_rep1,redis,sb:events:n20:feed11:rep1,a198c926-b88b-47aa-8e41-0e5e248b3b3c,3895107,495,33919233600,33919261100,1781307013089-0
concurrency_n20_20260613_002920_redis_feed11_rep1,redis,sb:events:n20:feed11:rep1,4e9e9d9f-cdf5-43b2-a5f2-beb488fbcb19,3895134,495,33921113300,33921137000,1781307013092-0
concurrency_n20_20260613_002920_redis_feed11_rep1,redis,sb:events:n20:feed11:rep1,95e4ada0-2e61-43c6-be13-450cc214cac9,3895052,495,33924203600,33924233200,1781307013097-0
concurrency_n20_20260613_002920_redis_feed11_rep1,redis,sb:events:n20:feed11:rep1,36b81839-40f5-4f32-9b4c-dd3e73fb49c0,3895052,495,33926137600,33926192500,1781307013098-0
concurrency_n20_20260613_002920_redis_feed11_rep1,redis,sb:events:n20:feed11:rep1,fb6fbf54-77ce-4f8e-b591-1c3957b2a36a,3895052,495,33927292400,33927319400,1781307013100-0
concurrency_n20_20260613_002920_redis_feed11_rep1,redis,sb:events:n20:feed11:rep1,36d51267-1035-4ac7-bb14-68d6af0a1cd8,3895086,495,33929262000,33929289300,1781307013103-0
concurrency_n20_20260613_002920_redis_feed11_rep1,redis,sb:events:n20:feed11:rep1,fa22a2ec-1760-4ad3-9e83-53154656b246,3895086,495,33931895000,33931925800,1781307013105-0
concurrency_n20_20260613_002920_redis_feed11_rep1,redis,sb:events:n20:feed11:rep1,ae71ab01-5c07-4ff3-9c80-c8fd97b5bcf6,3895074,496,33934539200,33934565100,1781307013107-0
concurrency_n20_20260613_002920_redis_feed11_rep1,redis,sb:events:n20:feed11:rep1,46528eab-fa59-442f-822e-3a79553c021d,3895060,496,33936905800,33936934000,1781307013108-0
concurrency_n20_20260613_002920_redis_feed11_rep1,redis,sb:events:n20:feed11:rep1,23ccb833-f6d6-486d-b197-093b12a3b022,3895052,496,33937923200,33937948500,1781307013109-0
concurrency_n20_20260613_002920_redis_feed11_rep1,redis,sb:events:n20:feed11:rep1,6e9c8830-ae8d-4c87-a2df-ea2f4e761a31,3895113,496,33940533200,33940555900,1781307013112-0
concurrency_n20_20260613_002920_redis_feed11_rep1,redis,sb:events:n20:feed11:rep1,349c860b-0f6f-4a48-a3a4-82754df57b17,3895121,497,33941327800,33941349800,1781307013113-0
concurrency_n20_20260613_002920_redis_feed11_rep1,redis,sb:events:n20:feed11:rep1,2374f137-bec8-49e5-9330-16563a8a81d6,3895074,497,33942315600,33942337500,1781307013115-0
concurrency_n20_20260613_002920_redis_feed11_rep1,redis,sb:events:n20:feed11:rep1,097d985b-dd53-44cd-aefd-f855260f26cd,3895121,497,33944167500,33944190200,1781307013117-0
concurrency_n20_20260613_002920_redis_feed11_rep1,redis,sb:events:n20:feed11:rep1,ab2777c0-bfb8-4da2-8a20-10a2c3e3a93d,3895074,497,33945219000,33945238500,1781307013119-0
concurrency_n20_20260613_002920_redis_feed11_rep1,redis,sb:events:n20:feed11:rep1,d469a9d6-e82d-4892-a8fe-b0d1e9aa81e9,3895121,497,33947163400,33947187300,1781307013120-0
concurrency_n20_20260613_002920_redis_feed11_rep1,redis,sb:events:n20:feed11:rep1,8d5f6a0f-1357-41f8-8bd9-68c2dc7442ee,3895121,497,33952307800,33952333800,1781307013121-0
concurrency_n20_20260613_002920_redis_feed11_rep1,redis,sb:events:n20:feed11:rep1,00fa6196-4063-45d8-956c-06c3ea90ed18,3895060,497,33953620900,33953654700,1781307013122-0
concurrency_n20_20260613_002920_redis_feed11_rep1,redis,sb:events:n20:feed11:rep1,b509255f-5ce8-4e0f-b9af-227898104cc3,3895052,497,33955271800,33955301200,1781307013124-0
concurrency_n20_20260613_002920_redis_feed11_rep1,redis,sb:events:n20:feed11:rep1,94631ed6-f06b-4d80-bca3-78f4d71c9f63,3895052,497,33969917300,33969945500,1781307013129-0
concurrency_n20_20260613_002920_redis_feed11_rep1,redis,sb:events:n20:feed11:rep1,a9527b6b-0623-4bab-bf54-aefec2fec1f9,3895052,497,33971454400,33971483400,1781307013131-0
concurrency_n20_20260613_002920_redis_feed11_rep1,redis,sb:events:n20:feed11:rep1,31975108-41b0-4ba2-8378-59b33016cf30,3895121,498,33972488700,33972516600,1781307013133-0
concurrency_n20_20260613_002920_redis_feed11_rep1,redis,sb:events:n20:feed11:rep1,cc427fbe-f6e8-4e63-952a-6b9e470993d8,3895121,498,33973848700,33973871400,1781307013134-0
concurrency_n20_20260613_002920_redis_feed11_rep1,redis,sb:events:n20:feed11:rep1,d20b19c3-a48a-4459-bd05-f6f213cec7c4,3895107,498,33979011900,33979036600,1781307013146-0
concurrency_n20_20260613_002920_redis_feed11_rep1,redis,sb:events:n20:feed11:rep1,8489e4af-e8a2-4a05-9209-57c43e56c29a,3895107,498,33980595100,33980648200,1781307013148-0
concurrency_n20_20260613_002920_redis_feed11_rep1,redis,sb:events:n20:feed11:rep1,23f81b42-468f-482f-9fba-fd5a759ece05,3895052,498,33992171800,33992200800,1781307013149-0
concurrency_n20_20260613_002920_redis_feed11_rep1,redis,sb:events:n20:feed11:rep1,4fa1ad05-9e3e-4aec-8aaa-ad45ae06e6f7,3895074,499,34004506100,34004643000,1781307013157-0
concurrency_n20_20260613_002920_redis_feed11_rep1,redis,sb:events:n20:feed11:rep1,e9c3a5da-9830-40b2-9364-64162b43b582,3895086,499,34005392700,34005411200,1781307013177-0
concurrency_n20_20260613_002920_redis_feed11_rep1,redis,sb:events:n20:feed11:rep1,feab16e4-3ce0-4fab-84a2-777868a3816a,3895052,499,34021209200,34021231700,1781307013196-0
concurrency_n20_20260613_002920_redis_feed11_rep1,redis,sb:events:n20:feed11:rep1,62929983-b83d-42b8-b2e7-a9cb86bf9a51,3895052,499,34024330800,34024352800,1781307013200-0
concurrency_n20_20260613_002920_redis_feed11_rep1,redis,sb:events:n20:feed11:rep1,9ac39e85-58a9-41c2-a2d7-2aecc4fbb2b3,3895052,499,34038366400,34038392100,1781307013202-0
concurrency_n20_20260613_002920_redis_feed11_rep1,redis,sb:events:n20:feed11:rep1,b01f8464-7bf3-438a-8574-56324d3b599d,3895052,499,34039573500,34039596800,1781307013214-0
concurrency_n20_20260613_002920_redis_feed11_rep1,redis,sb:events:n20:feed11:rep1,a4d8d068-2e7d-40c7-9473-b3a2519fcf1b,3895060,500,34044718000,34044756500,1781307013215-0
concurrency_n20_20260613_002920_redis_feed11_rep1,redis,sb:events:n20:feed11:rep1,26f59fd2-69a8-42de-8dc6-df08ee3bdb3c,3895060,500,34045643300,34045702600,1781307013216-0
concurrency_n20_20260613_002920_redis_feed11_rep1,redis,sb:events:n20:feed11:rep1,1b200e19-bcae-4e89-bbaf-519116e651e0,3895060,500,34046581000,34046602200,1781307013218-0
concurrency_n20_20260613_002920_redis_feed11_rep1,redis,sb:events:n20:feed11:rep1,769c59c8-d90f-41d6-b6c9-c1084a76dd4c,3895052,500,34048498200,34048525000,1781307013219-0
concurrency_n20_20260613_002920_redis_feed11_rep1,redis,sb:events:n20:feed11:rep1,dad1eb75-e6bd-46d1-8462-fa306e58eb98,3895052,500,34049249900,34049273600,1781307013220-0
concurrency_n20_20260613_002920_redis_feed11_rep1,redis,sb:events:n20:feed11:rep1,01858249-1519-44d6-bb45-0aba8780753c,3895074,501,34052265600,34052290800,1781307013221-0
concurrency_n20_20260613_002920_redis_feed11_rep1,redis,sb:events:n20:feed11:rep1,ef3a2a56-3dd3-458e-9803-1d23bab9927c,3895074,501,34056812300,34056835900,1781307013226-0
concurrency_n20_20260613_002920_redis_feed11_rep1,redis,sb:events:n20:feed11:rep1,0eea2dd4-63e5-477d-89c8-11a6f2bc7cc3,3895121,501,34057512200,34057556600,1781307013228-0
concurrency_n20_20260613_002920_redis_feed11_rep1,redis,sb:events:n20:feed11:rep1,4689ee5d-a165-41b9-9765-54cf26b89974,3895074,502,34058466600,34058487600,1781307013232-0
concurrency_n20_20260613_002920_redis_feed11_rep1,redis,sb:events:n20:feed11:rep1,5cdac360-9d16-49d3-9ffd-1919de2da36b,3895074,502,34060394100,34060414900,1781307013233-0
concurrency_n20_20260613_002920_redis_feed11_rep1,redis,sb:events:n20:feed11:rep1,5e582e3c-1ad1-415a-b7bc-2f176f4c9446,3895121,502,34061439600,34061466700,1781307013235-0
concurrency_n20_20260613_002920_redis_feed11_rep1,redis,sb:events:n20:feed11:rep1,befe82b8-5c71-4a55-a5b4-02af982c82d8,3895121,502,34062686200,34062789100,1781307013236-0
concurrency_n20_20260613_002920_redis_feed11_rep1,redis,sb:events:n20:feed11:rep1,b2197139-ab0d-4a33-a3ba-54116a30f7bb,3895121,502,34066033100,34066062700,1781307013240-0
concurrency_n20_20260613_002920_redis_feed11_rep1,redis,sb:events:n20:feed11:rep1,b012221e-4a45-4aeb-9c92-fd453c3300f0,3895086,502,34066915500,34066943100,1781307013242-0
concurrency_n20_20260613_002920_redis_feed11_rep1,redis,sb:events:n20:feed11:rep1,f318531c-c8ed-4a7e-97cd-55840d34acba,3895086,502,34069218000,34069241800,1781307013244-0
concurrency_n20_20260613_002920_redis_feed11_rep1,redis,sb:events:n20:feed11:rep1,5c45bd25-de47-443a-8ed9-786514ebef57,3895086,502,34071837800,34071865000,1781307013246-0
concurrency_n20_20260613_002920_redis_feed11_rep1,redis,sb:events:n20:feed11:rep1,6b55c7b4-0df3-495c-a316-e9d30d9d7cbf,3895121,503,34072893600,34072913900,1781307013247-0
concurrency_n20_20260613_002920_redis_feed11_rep1,redis,sb:events:n20:feed11:rep1,67b8807d-e89c-444e-80ff-9af9f9fb413a,3895121,503,34074870400,34074896900,1781307013248-0
concurrency_n20_20260613_002920_redis_feed11_rep1,redis,sb:events:n20:feed11:rep1,c36319b4-340c-4aa6-a301-87f79b484a51,3895121,503,34075636800,34075659100,1781307013250-0
concurrency_n20_20260613_002920_redis_feed11_rep1,redis,sb:events:n20:feed11:rep1,50f1847f-5a57-4784-959a-1723f2df29b1,3895113,503,34076567000,34076614300,1781307013251-0
concurrency_n20_20260613_002920_redis_feed11_rep1,redis,sb:events:n20:feed11:rep1,fbcb9f5a-d91a-47d4-afe2-3c2aa23dc067,3895121,504,34079012500,34079032600,1781307013252-0
concurrency_n20_20260613_002920_redis_feed11_rep1,redis,sb:events:n20:feed11:rep1,60b55915-d435-48fd-898e-04f288d4b2c3,3895086,504,34080515400,34080539800,1781307013253-0
concurrency_n20_20260613_002920_redis_feed11_rep1,redis,sb:events:n20:feed11:rep1,6e98b601-c611-457d-9593-f8d157c7f801,3895074,505,34082257600,34082285300,1781307013254-0
concurrency_n20_20260613_002920_redis_feed11_rep1,redis,sb:events:n20:feed11:rep1,fb7d3b90-692d-43e5-a65d-8e61f6e5b040,3895074,505,34083357500,34083387200,1781307013256-0
concurrency_n20_20260613_002920_redis_feed11_rep1,redis,sb:events:n20:feed11:rep1,a3cfd6b0-d711-4f55-84cc-be15bced671a,3895121,505,34085464100,34085567600,1781307013256-1
concurrency_n20_20260613_002920_redis_feed11_rep1,redis,sb:events:n20:feed11:rep1,1da2d822-cce2-4126-8882-a2d996fd1656,3895121,505,34086552100,34086577500,1781307013258-0
concurrency_n20_20260613_002920_redis_feed11_rep1,redis,sb:events:n20:feed11:rep1,df472239-e889-4914-beb3-d6285b5ce491,3895067,505,34087507900,34087555100,1781307013259-0
concurrency_n20_20260613_002920_redis_feed11_rep1,redis,sb:events:n20:feed11:rep1,f57fccfc-218e-4f67-bc86-a0d2d3fe8f66,3895086,505,34088338900,34088486300,1781307013261-0
concurrency_n20_20260613_002920_redis_feed11_rep1,redis,sb:events:n20:feed11:rep1,c856534a-3c18-4142-b38d-920963780018,3895086,505,34090375300,34090396200,1781307013263-0
concurrency_n20_20260613_002920_redis_feed11_rep1,redis,sb:events:n20:feed11:rep1,61080830-9dbb-47f1-ac2e-01fc991446bf,3895113,505,34091675500,34091772400,1781307013264-0
concurrency_n20_20260613_002920_redis_feed11_rep1,redis,sb:events:n20:feed11:rep1,ab45e3b1-1285-406a-a7df-f419271eb959,3895121,506,34092589400,34092612300,1781307013265-0
concurrency_n20_20260613_002920_redis_feed11_rep1,redis,sb:events:n20:feed11:rep1,cd48420d-0319-4e1e-a89d-cb381910cea7,3895107,506,34093450800,34093468600,1781307013266-0
concurrency_n20_20260613_002920_redis_feed11_rep1,redis,sb:events:n20:feed11:rep1,d376b111-5b18-48ea-b576-bc1d36938281,3895052,506,34095886300,34095909600,1781307013268-0
concurrency_n20_20260613_002920_redis_feed11_rep1,redis,sb:events:n20:feed11:rep1,889c4db8-e13a-48e3-8db5-cee44aba727a,3895113,506,34097420300,34097443700,1781307013269-0
concurrency_n20_20260613_002920_redis_feed11_rep1,redis,sb:events:n20:feed11:rep1,5908c90f-a5c7-482a-9a85-a6598518aca0,3895067,507,34102151100,34102177400,1781307013271-0
concurrency_n20_20260613_002920_redis_feed11_rep1,redis,sb:events:n20:feed11:rep1,3a0f5619-1db6-4faa-9444-0b8c80f39327,3895067,507,34103372900,34103393900,1781307013272-0
concurrency_n20_20260613_002920_redis_feed11_rep1,redis,sb:events:n20:feed11:rep1,52986c02-91fb-42f4-b028-11b2249bc4c3,3895067,507,34104886500,34104907300,1781307013273-0
concurrency_n20_20260613_002920_redis_feed11_rep1,redis,sb:events:n20:feed11:rep1,cc0b3883-e667-4f14-b40b-0e23e63619f2,3895086,507,34105606400,34105626300,1781307013274-0
concurrency_n20_20260613_002920_redis_feed11_rep1,redis,sb:events:n20:feed11:rep1,e6ec7ece-a735-482f-b3d2-ec79ecb4c08e,3895052,507,34109530500,34109743900,1781307013279-0
concurrency_n20_20260613_002920_redis_feed11_rep1,redis,sb:events:n20:feed11:rep1,09901199-98b3-40fa-ac48-d43fed28f1ed,3895052,507,34110830400,34110856100,1781307013280-0
concurrency_n20_20260613_002920_redis_feed11_rep1,redis,sb:events:n20:feed11:rep1,421e9071-e8f9-4792-9f29-d0723762e664,3895074,508,34111705500,34111728200,1781307013282-0
concurrency_n20_20260613_002920_redis_feed11_rep1,redis,sb:events:n20:feed11:rep1,bbf627c7-85ce-4949-90b9-67bcb2cb9202,3895121,508,34113918900,34113946300,1781307013285-0
concurrency_n20_20260613_002920_redis_feed11_rep1,redis,sb:events:n20:feed11:rep1,b1037ea4-9196-425b-98aa-8134344efb9d,3895121,508,34115224100,34115256100,1781307013286-0
concurrency_n20_20260613_002920_redis_feed11_rep1,redis,sb:events:n20:feed11:rep1,d5b86ee5-b761-4e83-b57d-5220091344ad,3895060,508,34120422700,34120453100,1781307013287-0
concurrency_n20_20260613_002920_redis_feed11_rep1,redis,sb:events:n20:feed11:rep1,a03e16dd-44d2-4881-ab44-489c1fdf20cb,3895107,508,34123246800,34123274000,1781307013288-0
concurrency_n20_20260613_002920_redis_feed11_rep1,redis,sb:events:n20:feed11:rep1,4d025bbb-e591-4758-9a46-7fe0820c3bee,3895107,508,34124522800,34124544100,1781307013289-0
concurrency_n20_20260613_002920_redis_feed11_rep1,redis,sb:events:n20:feed11:rep1,bca2b7a8-07ec-4b21-81e1-b4b6a784d816,3895086,508,34126991500,34127013800,1781307013290-0
concurrency_n20_20260613_002920_redis_feed11_rep1,redis,sb:events:n20:feed11:rep1,083dd0fc-6b14-40c4-acda-73bcc04ee37c,3895086,508,34128016000,34128170900,1781307013291-0
concurrency_n20_20260613_002920_redis_feed11_rep1,redis,sb:events:n20:feed11:rep1,b081d47f-920b-4fc7-8af2-cf60be8fd02e,3895052,508,34129254300,34129275400,1781307013296-0
concurrency_n20_20260613_002920_redis_feed11_rep1,redis,sb:events:n20:feed11:rep1,2c0c5d4c-1c85-4581-83f5-49800846ca35,3895113,508,34130298100,34130321800,1781307013300-0
concurrency_n20_20260613_002920_redis_feed11_rep1,redis,sb:events:n20:feed11:rep1,b14a1d3e-db7a-43da-b79c-401f7287dce6,3895113,508,34131186100,34131285200,1781307013302-0
concurrency_n20_20260613_002920_redis_feed11_rep1,redis,sb:events:n20:feed11:rep1,c9563460-cbf2-424f-b83f-65b8d0e4d551,3895074,509,34133664900,34133771900,1781307013304-0
concurrency_n20_20260613_002920_redis_feed11_rep1,redis,sb:events:n20:feed11:rep1,bd1a2f63-624a-4be7-a2c2-5f3708bcd61a,3895074,509,34135966300,34135993700,1781307013305-0
concurrency_n20_20260613_002920_redis_feed11_rep1,redis,sb:events:n20:feed11:rep1,d812dcc3-393c-4ae3-8a6b-6035c319fca8,3895074,509,34136954700,34136973700,1781307013307-0
concurrency_n20_20260613_002920_redis_feed11_rep1,redis,sb:events:n20:feed11:rep1,43f2530a-b5e4-4824-904d-7bcd7a452fb3,3895060,509,34137907400,34137931900,1781307013308-0
concurrency_n20_20260613_002920_redis_feed11_rep1,redis,sb:events:n20:feed11:rep1,0e71b093-1f11-4790-9d02-3d5cba62b88e,3895060,509,34138899900,34138959700,1781307013309-0
concurrency_n20_20260613_002920_redis_feed11_rep1,redis,sb:events:n20:feed11:rep1,1777e72e-d9a0-432d-a526-b44383537534,3895086,509,34142026800,34142051500,1781307013310-0
concurrency_n20_20260613_002920_redis_feed11_rep1,redis,sb:events:n20:feed11:rep1,8a1cf37c-7492-4977-84f4-907948223c58,3895052,509,34142995700,34143018000,1781307013312-0
concurrency_n20_20260613_002920_redis_feed11_rep1,redis,sb:events:n20:feed11:rep1,8d95c8b0-773f-44fd-9ed5-ce557f0b98c3,3895052,509,34143821500,34143838300,1781307013314-0
concurrency_n20_20260613_002920_redis_feed11_rep1,redis,sb:events:n20:feed11:rep1,6f41d8bd-52f1-4795-8953-ea9e6b1ca541,3895074,510,34144731700,34144753600,1781307013315-0
concurrency_n20_20260613_002920_redis_feed11_rep1,redis,sb:events:n20:feed11:rep1,707e2712-d8d0-4b39-93ac-3647b978fd93,3895067,510,34145715800,34145737600,1781307013316-0
concurrency_n20_20260613_002920_redis_feed11_rep1,redis,sb:events:n20:feed11:rep1,a5cc2446-04a8-4eb1-82f0-358ed4234e3c,3895107,510,34147097000,34147124300,1781307013317-0
concurrency_n20_20260613_002920_redis_feed11_rep1,redis,sb:events:n20:feed11:rep1,2feeace9-9f8b-42be-9d66-ffe05617788d,3895086,510,34158093900,34158118500,1781307013319-0
concurrency_n20_20260613_002920_redis_feed11_rep1,redis,sb:events:n20:feed11:rep1,8b399507-b4f2-43ae-bfdf-92b3748cbe95,3895086,510,34168793600,34168826900,1781307013320-0
concurrency_n20_20260613_002920_redis_feed11_rep1,redis,sb:events:n20:feed11:rep1,4814d196-9529-4781-a9e5-3d2bd2da645b,3895052,510,34173648900,34173725600,1781307013322-0
concurrency_n20_20260613_002920_redis_feed11_rep1,redis,sb:events:n20:feed11:rep1,9e9bbbe9-6657-45a4-b8b2-5d9b0eb39bdc,3895086,510,34176976900,34177003300,1781307013323-0
concurrency_n20_20260613_002920_redis_feed11_rep1,redis,sb:events:n20:feed11:rep1,bf565494-7169-456a-86fd-2b61f2002349,3895052,510,34178742100,34178768500,1781307013324-0
concurrency_n20_20260613_002920_redis_feed11_rep1,redis,sb:events:n20:feed11:rep1,364b48ed-28a1-4f92-bb6b-2d50b7f8ab60,3895052,510,34179681500,34179709000,1781307013331-0
concurrency_n20_20260613_002920_redis_feed11_rep1,redis,sb:events:n20:feed11:rep1,e4baa967-37f7-4f11-a846-e4b7de57a137,3895052,510,34182923900,34182952600,1781307013346-0
concurrency_n20_20260613_002920_redis_feed11_rep1,redis,sb:events:n20:feed11:rep1,9aa4d688-5d3b-4354-b6f0-bde65819e05a,3895121,511,34184831100,34184857800,1781307013350-0
concurrency_n20_20260613_002920_redis_feed11_rep1,redis,sb:events:n20:feed11:rep1,2c3e0b08-b58b-4293-b275-9542c9b9cfe8,3895086,511,34187012400,34187039500,1781307013355-0
concurrency_n20_20260613_002920_redis_feed11_rep1,redis,sb:events:n20:feed11:rep1,95be481e-b01f-48a2-a7ee-8e5a9988246f,3895086,511,34188289900,34188316200,1781307013357-0
concurrency_n20_20260613_002920_redis_feed11_rep1,redis,sb:events:n20:feed11:rep1,41ec44b0-09af-4a1a-b648-2a5bbdcdaacc,3895113,511,34189230900,34189255500,1781307013358-0
concurrency_n20_20260613_002920_redis_feed11_rep1,redis,sb:events:n20:feed11:rep1,8018154e-2201-424b-92e6-af940af71af8,3895086,511,34202550300,34202577600,1781307013359-0
concurrency_n20_20260613_002920_redis_feed11_rep1,redis,sb:events:n20:feed11:rep1,c69ec7ea-eade-4613-8dfb-b85ac6d7b245,3895113,511,34203557100,34203579600,1781307013363-0
concurrency_n20_20260613_002920_redis_feed11_rep1,redis,sb:events:n20:feed11:rep1,d86d0853-7e38-4685-83e6-c970b529ed64,3895113,511,34204281700,34204298300,1781307013365-0
concurrency_n20_20260613_002920_redis_feed11_rep1,redis,sb:events:n20:feed11:rep1,9c4dda21-6b09-4161-965f-cff7fb4f7695,3895074,512,34205724400,34205746100,1781307013375-0
concurrency_n20_20260613_002920_redis_feed11_rep1,redis,sb:events:n20:feed11:rep1,a51bbcc1-1642-44dd-98df-d6d896639873,3895074,512,34208522600,34208559200,1781307013377-0
concurrency_n20_20260613_002920_redis_feed11_rep1,redis,sb:events:n20:feed11:rep1,ea039a3e-36b4-4423-8123-4acdbfee6222,3895121,512,34222986700,34223015900,1781307013380-0
concurrency_n20_20260613_002920_redis_feed11_rep1,redis,sb:events:n20:feed11:rep1,61d6b03d-09cb-4971-85d4-bf79b2d16af9,3895121,512,34226802200,34226830700,1781307013383-0
concurrency_n20_20260613_002920_redis_feed11_rep1,redis,sb:events:n20:feed11:rep1,a44f6845-53e0-4746-8124-ef0bcef725ed,3895060,512,34231434100,34231467900,1781307013387-0
concurrency_n20_20260613_002920_redis_feed11_rep1,redis,sb:events:n20:feed11:rep1,576e8524-ca4d-43b2-b2c0-4a99781138d8,3895060,512,34241481700,34241509100,1781307013401-0
concurrency_n20_20260613_002920_redis_feed11_rep1,redis,sb:events:n20:feed11:rep1,7bae91e0-3b0a-4e74-9db6-4ee7415f29ed,3895060,512,34242742500,34242766600,1781307013406-0
concurrency_n20_20260613_002920_redis_feed11_rep1,redis,sb:events:n20:feed11:rep1,7741a524-b265-4a90-8936-6f5c55318a03,3895060,512,34243694200,34243715400,1781307013411-0
concurrency_n20_20260613_002920_redis_feed11_rep1,redis,sb:events:n20:feed11:rep1,bccf15ca-7a9c-4b7a-aa80-f9e4253e58c3,3895067,512,34244479600,34244502700,1781307013412-0
concurrency_n20_20260613_002920_redis_feed11_rep1,redis,sb:events:n20:feed11:rep1,396ca39c-5519-4ba0-bcac-f6a1c1b47742,3895067,512,34246132000,34246156800,1781307013413-0
concurrency_n20_20260613_002920_redis_feed11_rep1,redis,sb:events:n20:feed11:rep1,08c1a3ee-c054-4508-a673-b6383c63e127,3895086,512,34248695200,34248735800,1781307013418-0
concurrency_n20_20260613_002920_redis_feed11_rep1,redis,sb:events:n20:feed11:rep1,74bd4e36-7331-453b-a774-836d5d02f062,3895086,512,34250383200,34250404000,1781307013419-0
concurrency_n20_20260613_002920_redis_feed11_rep1,redis,sb:events:n20:feed11:rep1,1f254274-d98b-4654-98b1-be07e18b05d4,3895060,513,34251888900,34251956300,1781307013421-0
concurrency_n20_20260613_002920_redis_feed11_rep1,redis,sb:events:n20:feed11:rep1,947c902c-d4cd-4cca-8b89-f3f14eaa36b3,3895060,513,34253151100,34253305900,1781307013422-0
concurrency_n20_20260613_002920_redis_feed11_rep1,redis,sb:events:n20:feed11:rep1,7cfac252-e778-42f1-8ed0-2a05aa353412,3895067,513,34254442900,34254465500,1781307013423-0
concurrency_n20_20260613_002920_redis_feed11_rep1,redis,sb:events:n20:feed11:rep1,c8531bb0-c0a2-44f4-89aa-d2eb333d62fd,3895107,513,34255801700,34255829800,1781307013424-0
concurrency_n20_20260613_002920_redis_feed11_rep1,redis,sb:events:n20:feed11:rep1,c2325458-b1ce-4b61-9f06-8ee8b0899067,3895107,513,34257103200,34257126700,1781307013425-0
concurrency_n20_20260613_002920_redis_feed11_rep1,redis,sb:events:n20:feed11:rep1,01330f1c-f49f-4233-ba26-d4cf784ad678,3895113,513,34261424400,34261446800,1781307013428-0
concurrency_n20_20260613_002920_redis_feed11_rep1,redis,sb:events:n20:feed11:rep1,2a47eb4b-6dd4-4358-9917-a409d773dc6c,3895086,513,34263591200,34263854200,1781307013429-0
concurrency_n20_20260613_002920_redis_feed11_rep1,redis,sb:events:n20:feed11:rep1,9bf24c58-941f-463e-b36b-dc42bb422bbb,3895113,513,34265008000,34265035500,1781307013431-0
concurrency_n20_20260613_002920_redis_feed11_rep1,redis,sb:events:n20:feed11:rep1,f1f6da62-face-4e8d-8b7d-0215b1d54d6a,3895113,513,34266213600,34266235800,1781307013432-0
concurrency_n20_20260613_002920_redis_feed11_rep1,redis,sb:events:n20:feed11:rep1,40d4ee39-20cc-4ade-ab81-5727e8e8af1b,3895121,514,34267086600,34267106400,1781307013433-0
concurrency_n20_20260613_002920_redis_feed11_rep1,redis,sb:events:n20:feed11:rep1,dd61f0d7-af6d-4711-9660-e7285c960fdf,3895060,514,34270891600,34270919500,1781307013435-0
concurrency_n20_20260613_002920_redis_feed11_rep1,redis,sb:events:n20:feed11:rep1,5edd7501-8186-468e-9079-ef1ca338755b,3895067,514,34272139800,34272162000,1781307013436-0
concurrency_n20_20260613_002920_redis_feed11_rep1,redis,sb:events:n20:feed11:rep1,496c4c3c-7e45-459a-932d-d369e14648f3,3895067,514,34274643200,34274667900,1781307013438-0
concurrency_n20_20260613_002920_redis_feed11_rep1,redis,sb:events:n20:feed11:rep1,6662b85c-bea2-4814-b738-e1395a763d9f,3895107,514,34275485800,34275507400,1781307013441-0
concurrency_n20_20260613_002920_redis_feed11_rep1,redis,sb:events:n20:feed11:rep1,2752e67d-a614-4b54-a16f-900c27e20f16,3895113,514,34278002400,34278031800,1781307013443-0
concurrency_n20_20260613_002920_redis_feed11_rep1,redis,sb:events:n20:feed11:rep1,16db44e3-3b0b-4fc9-8685-5018808a2372,3895060,515,34279290600,34279316100,1781307013448-0
concurrency_n20_20260613_002920_redis_feed11_rep1,redis,sb:events:n20:feed11:rep1,ba454c0b-0cfe-411e-961e-b2b838c135d1,3895060,515,34280446000,34280470800,1781307013449-0
concurrency_n20_20260613_002920_redis_feed11_rep1,redis,sb:events:n20:feed11:rep1,d2e0289b-8116-4401-a890-c839d2722444,3895067,515,34281722000,34281749100,1781307013450-0
concurrency_n20_20260613_002920_redis_feed11_rep1,redis,sb:events:n20:feed11:rep1,618cf053-2206-4420-9615-011d1be96fa1,3895067,515,34283648800,34283671400,1781307013453-0
concurrency_n20_20260613_002920_redis_feed11_rep1,redis,sb:events:n20:feed11:rep1,b186773d-0c6b-412a-a9ff-b024f91ff8d6,3895067,515,34284577300,34284599200,1781307013454-0
concurrency_n20_20260613_002920_redis_feed11_rep1,redis,sb:events:n20:feed11:rep1,468426b8-5dca-4583-a16f-e7fc65e45f2d,3895107,515,34285561200,34285585600,1781307013455-0
concurrency_n20_20260613_002920_redis_feed11_rep1,redis,sb:events:n20:feed11:rep1,a9c5212e-15a6-4280-873b-daf7dd3dd77d,3895107,515,34286314300,34286337500,1781307013456-0
concurrency_n20_20260613_002920_redis_feed11_rep1,redis,sb:events:n20:feed11:rep1,11a33591-e999-4cd2-95ba-6988f22811d4,3895107,515,34287212300,34287230700,1781307013458-0
concurrency_n20_20260613_002920_redis_feed11_rep1,redis,sb:events:n20:feed11:rep1,25a355bc-eb29-409d-b376-f40b1ddd60a5,3895113,515,34288380800,34288411200,1781307013459-0
concurrency_n20_20260613_002920_redis_feed11_rep1,redis,sb:events:n20:feed11:rep1,11700670-0e62-42b1-b9bf-6b86fdc6e57a,3895113,515,34291252900,34291275000,1781307013461-0
concurrency_n20_20260613_002920_redis_feed11_rep1,redis,sb:events:n20:feed11:rep1,9dee56a9-9275-4b4f-b3b4-f9461e40c061,3895074,516,34292463700,34292487900,1781307013462-0
concurrency_n20_20260613_002920_redis_feed11_rep1,redis,sb:events:n20:feed11:rep1,d4a4b6ec-9625-438e-a709-e9c4038d7379,3895121,516,34293531800,34293574700,1781307013464-0
concurrency_n20_20260613_002920_redis_feed11_rep1,redis,sb:events:n20:feed11:rep1,3da791bb-390e-4ccb-9344-bfef4fd966c3,3895121,516,34294875800,34294900400,1781307013465-0
concurrency_n20_20260613_002920_redis_feed11_rep1,redis,sb:events:n20:feed11:rep1,e7ba2c84-9b71-4424-ae10-390ccc364bd0,3895060,516,34295722900,34295743700,1781307013466-0
concurrency_n20_20260613_002920_redis_feed11_rep1,redis,sb:events:n20:feed11:rep1,e1900452-ba67-4981-a631-d7d973843a53,3895067,516,34298377200,34298397500,1781307013469-0
concurrency_n20_20260613_002920_redis_feed11_rep1,redis,sb:events:n20:feed11:rep1,d1799f25-3a6d-44b7-b8e2-13ae58b02b31,3895107,516,34299418000,34299439900,1781307013470-0
concurrency_n20_20260613_002920_redis_feed11_rep1,redis,sb:events:n20:feed11:rep1,bb2ec522-c94f-4d37-9104-3eac011aab1e,3895107,516,34300452400,34300477200,1781307013472-0
concurrency_n20_20260613_002920_redis_feed11_rep1,redis,sb:events:n20:feed11:rep1,80342f59-095a-46c5-960c-d33edb58e89d,3895074,517,34301488400,34301511700,1781307013475-0
concurrency_n20_20260613_002920_redis_feed11_rep1,redis,sb:events:n20:feed11:rep1,44fb2aca-0b6d-4a21-bc37-60141d9958a2,3895074,517,34303397600,34303418100,1781307013476-0
concurrency_n20_20260613_002920_redis_feed11_rep1,redis,sb:events:n20:feed11:rep1,cb1133fe-2b8c-47f1-87ca-6822ee962229,3895060,517,34304213500,34304235500,1781307013478-0
concurrency_n20_20260613_002920_redis_feed11_rep1,redis,sb:events:n20:feed11:rep1,ce594660-7c58-4437-bce3-46bda6f43677,3895060,517,34304842500,34304857900,1781307013479-0
concurrency_n20_20260613_002920_redis_feed11_rep1,redis,sb:events:n20:feed11:rep1,307fb41d-a8e4-4032-aac3-61ac29190dc3,3895060,517,34305458600,34305473900,1781307013480-0
concurrency_n20_20260613_002920_redis_feed11_rep1,redis,sb:events:n20:feed11:rep1,15f38ad4-b80e-49c0-b797-58fc2e508726,3895060,517,34307161500,34307189700,1781307013481-0
concurrency_n20_20260613_002920_redis_feed11_rep1,redis,sb:events:n20:feed11:rep1,987af024-d57c-4ed6-a13e-78e2fcdaba0d,3895067,517,34309860100,34309887700,1781307013482-0
concurrency_n20_20260613_002920_redis_feed11_rep1,redis,sb:events:n20:feed11:rep1,54ea6238-1075-455d-8f7b-20002c1a72dc,3895067,517,34311094400,34311117900,1781307013484-0
concurrency_n20_20260613_002920_redis_feed11_rep1,redis,sb:events:n20:feed11:rep1,0c1f2874-e5d3-484f-8dd1-fe32faedeb29,3895113,517,34313126700,34313148900,1781307013485-0
concurrency_n20_20260613_002920_redis_feed11_rep1,redis,sb:events:n20:feed11:rep1,2a25cb31-5e32-4c2b-8d68-23edf14c8a48,3895060,518,34315403900,34315451200,1781307013487-0
concurrency_n20_20260613_002920_redis_feed11_rep1,redis,sb:events:n20:feed11:rep1,d7d9bb2e-61cf-458a-bddb-607b06f62208,3895060,518,34317844000,34317872400,1781307013489-0
concurrency_n20_20260613_002920_redis_feed11_rep1,redis,sb:events:n20:feed11:rep1,01732720-50cd-4d38-8262-17749ccb1ad1,3895060,518,34325986900,34326019500,1781307013490-0
concurrency_n20_20260613_002920_redis_feed11_rep1,redis,sb:events:n20:feed11:rep1,1918e176-5d63-4eff-b5b7-5836540fdac9,3895107,518,34328904100,34328937200,1781307013491-0
concurrency_n20_20260613_002920_redis_feed11_rep1,redis,sb:events:n20:feed11:rep1,f9f6ce8c-80f1-4bb7-b6cd-53a1629a771b,3895060,519,34332446300,34332473800,1781307013494-0
concurrency_n20_20260613_002920_redis_feed11_rep1,redis,sb:events:n20:feed11:rep1,49d14939-2450-4ab8-b09d-76753d13cc23,3895067,519,34335093600,34335123900,1781307013501-0
concurrency_n20_20260613_002920_redis_feed11_rep1,redis,sb:events:n20:feed11:rep1,ef422be2-d385-4919-9e4c-4b4228eae971,3895067,519,34336393300,34336416200,1781307013506-0
concurrency_n20_20260613_002920_redis_feed11_rep1,redis,sb:events:n20:feed11:rep1,b8f9bd6b-9a37-4794-a85d-6f812ad4e301,3895067,519,34345495000,34345522900,1781307013508-0
concurrency_n20_20260613_002920_redis_feed11_rep1,redis,sb:events:n20:feed11:rep1,98e7f20a-28db-49e7-a4f9-88c516782a38,3895067,519,34353447700,34353477200,1781307013512-0
concurrency_n20_20260613_002920_redis_feed11_rep1,redis,sb:events:n20:feed11:rep1,1b30f7b4-a2f4-40c0-9335-1edaa3de5712,3895107,519,34365314500,34365373500,1781307013514-0
concurrency_n20_20260613_002920_redis_feed11_rep1,redis,sb:events:n20:feed11:rep1,e72dc9b5-9f93-4650-9995-76d13c4c57d1,3895107,519,34385881200,34385906400,1781307013519-0
concurrency_n20_20260613_002920_redis_feed11_rep1,redis,sb:events:n20:feed11:rep1,a2ee9a83-1908-4f93-94dd-384a2f5307fb,3895074,520,34397655700,34397680500,1781307013523-0
concurrency_n20_20260613_002920_redis_feed11_rep1,redis,sb:events:n20:feed11:rep1,97fad311-53da-45b1-9717-a2093f668ed8,3895121,520,34399149300,34399187200,1781307013524-0
concurrency_n20_20260613_002920_redis_feed11_rep1,redis,sb:events:n20:feed11:rep1,6384539d-b3da-405b-a218-c451b8266af7,3895060,520,34404083500,34404110600,1781307013525-0
concurrency_n20_20260613_002920_redis_feed11_rep1,redis,sb:events:n20:feed11:rep1,55ba4e9b-a045-4940-86fd-798ea3f396f0,3895060,520,34405284800,34405313500,1781307013529-0
concurrency_n20_20260613_002920_redis_feed11_rep1,redis,sb:events:n20:feed11:rep1,b9414508-e2ef-431a-a120-12b5df982604,3895060,520,34406671500,34406697100,1781307013556-0
concurrency_n20_20260613_002920_redis_feed11_rep1,redis,sb:events:n20:feed11:rep1,f9715d9b-f136-405f-9c3a-37d9e1c7f7ec,3895107,520,34409451000,34409487100,1781307013570-0
concurrency_n20_20260613_002920_redis_feed11_rep1,redis,sb:events:n20:feed11:rep1,427f23e2-9f1d-4bf8-8f85-c861ade4c627,3895113,520,34411126200,34411147700,1781307013574-0
concurrency_n20_20260613_002920_redis_feed11_rep1,redis,sb:events:n20:feed11:rep1,59e64ca6-6769-446c-9659-93e6adee6c3a,3895113,520,34411934400,34411955700,1781307013575-0
concurrency_n20_20260613_002920_redis_feed11_rep1,redis,sb:events:n20:feed11:rep1,6863a428-b5a4-4564-b24d-d5f89a670a56,3895074,521,34413079000,34413141200,1781307013578-0
concurrency_n20_20260613_002920_redis_feed11_rep1,redis,sb:events:n20:feed11:rep1,8f79565a-a90d-4d26-909d-bbcdeaccba2d,3895074,521,34414259400,34414284200,1781307013583-0
concurrency_n20_20260613_002920_redis_feed11_rep1,redis,sb:events:n20:feed11:rep1,0a04a0e3-695a-44fb-bd5c-ad69c331d69f,3895074,521,34417260600,34417292400,1781307013585-0
concurrency_n20_20260613_002920_redis_feed11_rep1,redis,sb:events:n20:feed11:rep1,100ca139-0417-4dc3-859a-dfc70383e14e,3895121,521,34420437500,34420527400,1781307013586-0
concurrency_n20_20260613_002920_redis_feed11_rep1,redis,sb:events:n20:feed11:rep1,6bb0889f-9c99-43b3-8e1b-2ee506e1152b,3895121,521,34422473300,34422500600,1781307013589-0
concurrency_n20_20260613_002920_redis_feed11_rep1,redis,sb:events:n20:feed11:rep1,81db2ad5-3ed7-4089-afc5-f6110181b19b,3895060,521,34423388200,34423463200,1781307013590-0
concurrency_n20_20260613_002920_redis_feed11_rep1,redis,sb:events:n20:feed11:rep1,d04d92f0-9341-4805-aa5e-860c0f597675,3895067,521,34424316400,34424335600,1781307013591-0
concurrency_n20_20260613_002920_redis_feed11_rep1,redis,sb:events:n20:feed11:rep1,e900863b-6a63-498e-a44a-fc911d66d242,3895060,521,34425514500,34425537100,1781307013594-0
concurrency_n20_20260613_002920_redis_feed11_rep1,redis,sb:events:n20:feed11:rep1,3c13745a-2a7f-4c59-8e84-f53e76666ec1,3895067,521,34426339200,34426355800,1781307013595-0
concurrency_n20_20260613_002920_redis_feed11_rep1,redis,sb:events:n20:feed11:rep1,1c7ef114-f32e-4af6-bb53-0123d788159f,3895060,521,34427170600,34427192000,1781307013597-0
concurrency_n20_20260613_002920_redis_feed11_rep1,redis,sb:events:n20:feed11:rep1,16f54a3a-428e-4f0c-aadb-ce44890fd041,3895067,521,34428703400,34428732300,1781307013598-0
concurrency_n20_20260613_002920_redis_feed11_rep1,redis,sb:events:n20:feed11:rep1,925eaa91-afdb-45d5-b9f3-0e05080ddba1,3895107,521,34432455000,34432481500,1781307013600-0
concurrency_n20_20260613_002920_redis_feed11_rep1,redis,sb:events:n20:feed11:rep1,384ddab3-0b7c-488d-8e9d-9ee9c937d8d5,3895107,521,34440853300,34440881700,1781307013601-0
concurrency_n20_20260613_002920_redis_feed11_rep1,redis,sb:events:n20:feed11:rep1,0bbb1280-45ac-457c-95da-2864bd579cec,3895113,521,34442462200,34442493300,1781307013602-0
concurrency_n20_20260613_002920_redis_feed11_rep1,redis,sb:events:n20:feed11:rep1,7a582bf1-dd75-4e0c-ba5f-9351d2fc8da7,3895060,522,34443560400,34443599800,1781307013605-0
concurrency_n20_20260613_002920_redis_feed11_rep1,redis,sb:events:n20:feed11:rep1,93707c41-6647-4824-96c6-c5c05465b9b4,3895060,522,34444467000,34444490600,1781307013607-0
concurrency_n20_20260613_002920_redis_feed11_rep1,redis,sb:events:n20:feed11:rep1,afa3ae87-cc2d-4200-9123-f20dfb05a1b6,3895107,522,34464170900,34464208200,1781307013609-0
concurrency_n20_20260613_002920_redis_feed11_rep1,redis,sb:events:n20:feed11:rep1,d0468067-11cd-402a-9c58-31fc1975d03f,3895107,522,34465371700,34465391200,1781307013617-0
concurrency_n20_20260613_002920_redis_feed11_rep1,redis,sb:events:n20:feed11:rep1,8c60e9aa-b5a2-4ad4-9a48-881f24cada96,3895107,522,34466135900,34466156400,1781307013620-0
concurrency_n20_20260613_002920_redis_feed11_rep1,redis,sb:events:n20:feed11:rep1,b36b7db0-bb9e-4a24-b075-f591e5ae57d7,3895107,522,34467235600,34467263200,1781307013621-0
concurrency_n20_20260613_002920_redis_feed11_rep1,redis,sb:events:n20:feed11:rep1,a40624b3-bfad-4c10-b540-5d7afb11569f,3895113,522,34471520800,34471634400,1781307013623-0
concurrency_n20_20260613_002920_redis_feed11_rep1,redis,sb:events:n20:feed11:rep1,323f6d53-5da4-4be9-9de0-c6a5ad6e8bdc,3895113,522,34472714600,34472736900,1781307013624-0
concurrency_n20_20260613_002920_redis_feed11_rep1,redis,sb:events:n20:feed11:rep1,1db19b5b-fff8-4b33-aa5a-375f8827004d,3895121,523,34473443400,34473460800,1781307013641-0
concurrency_n20_20260613_002920_redis_feed11_rep1,redis,sb:events:n20:feed11:rep1,c04c1057-5911-4a54-abca-1e0470cac6c9,3895107,523,34475151700,34475176500,1781307013646-0
concurrency_n20_20260613_002920_redis_feed11_rep1,redis,sb:events:n20:feed11:rep1,3fbcf76b-4681-4e0a-863b-de9c7a8cb3b2,3895107,523,34475806100,34475826600,1781307013647-0
concurrency_n20_20260613_002920_redis_feed11_rep1,redis,sb:events:n20:feed11:rep1,f0b960f6-595f-4c51-b6ca-764db484988c,3895113,523,34478803000,34478830500,1781307013649-0
concurrency_n20_20260613_002920_redis_feed11_rep1,redis,sb:events:n20:feed11:rep1,ea053585-687d-4d7b-8ede-317fd787b930,3895074,524,34481228700,34481256800,1781307013655-0
concurrency_n20_20260613_002920_redis_feed11_rep1,redis,sb:events:n20:feed11:rep1,6ec67334-6443-449b-9dd4-2101103fae8e,3895121,524,34482549300,34482587700,1781307013656-0
concurrency_n20_20260613_002920_redis_feed11_rep1,redis,sb:events:n20:feed11:rep1,6f968e3c-e7ae-4e31-a433-c1291d40addc,3895121,524,34483501900,34483525500,1781307013657-0
concurrency_n20_20260613_002920_redis_feed11_rep1,redis,sb:events:n20:feed11:rep1,70dd6be1-f1a4-4d16-a7aa-a3b03f355375,3895107,524,34485087100,34485120000,1781307013660-0
concurrency_n20_20260613_002920_redis_feed11_rep1,redis,sb:events:n20:feed11:rep1,1fc02a37-540b-47ff-acb8-22ade5c1808a,3895107,524,34486070900,34486095700,1781307013661-0
concurrency_n20_20260613_002920_redis_feed11_rep1,redis,sb:events:n20:feed11:rep1,d5d42c02-ad64-49fc-a51b-b65f26c9fd72,3895074,525,34487145500,34487205700,1781307013662-0
concurrency_n20_20260613_002920_redis_feed11_rep1,redis,sb:events:n20:feed11:rep1,4cc5777a-4670-4e70-8819-1d9d1b95f36b,3895074,525,34490985500,34491008600,1781307013664-0
concurrency_n20_20260613_002920_redis_feed11_rep1,redis,sb:events:n20:feed11:rep1,4668001f-8001-484b-a362-a7c6f02060d5,3895060,525,34492017200,34492059200,1781307013665-0
concurrency_n20_20260613_002920_redis_feed11_rep1,redis,sb:events:n20:feed11:rep1,20eb3f50-409c-4c6c-b18e-8114b26de7ce,3895113,525,34492756400,34492775800,1781307013667-0
concurrency_n20_20260613_002920_redis_feed11_rep1,redis,sb:events:n20:feed11:rep1,0ac6d9ef-7559-48e2-a503-f553badb78e5,3895113,525,34494437200,34494455500,1781307013669-0
concurrency_n20_20260613_002920_redis_feed11_rep1,redis,sb:events:n20:feed11:rep1,8acbf3dc-91e8-4fce-b107-0d55d4e7e86e,3895074,526,34495300700,34495325500,1781307013671-0
concurrency_n20_20260613_002920_redis_feed11_rep1,redis,sb:events:n20:feed11:rep1,38daa8b4-9905-4022-85b4-45b82d6d7d25,3895074,526,34497718100,34497745800,1781307013672-0
concurrency_n20_20260613_002920_redis_feed11_rep1,redis,sb:events:n20:feed11:rep1,b0e8ae72-248f-4087-ae40-c9f006d93a78,3895060,526,34499736200,34499765600,1781307013674-0
concurrency_n20_20260613_002920_redis_feed11_rep1,redis,sb:events:n20:feed11:rep1,9163276e-2a34-4c52-8291-2a46db09c9af,3895060,526,34501595300,34501647600,1781307013676-0
concurrency_n20_20260613_002920_redis_feed11_rep1,redis,sb:events:n20:feed11:rep1,20f95845-0afb-4666-9204-584035a84896,3895113,526,34502415500,34502435900,1781307013677-0
concurrency_n20_20260613_002920_redis_feed11_rep1,redis,sb:events:n20:feed11:rep1,50d5f2fb-6a21-4b16-a1de-e3a095e7b9c7,3895074,527,34509059300,34509084100,1781307013680-0
concurrency_n20_20260613_002920_redis_feed11_rep1,redis,sb:events:n20:feed11:rep1,20430d39-2dd0-4b2b-a895-b2462cd22a01,3895074,527,34510676200,34510699300,1781307013681-0
concurrency_n20_20260613_002920_redis_feed11_rep1,redis,sb:events:n20:feed11:rep1,0586e00d-dfec-4211-9411-cb219db4edb9,3895121,527,34511535900,34511559200,1781307013683-0
concurrency_n20_20260613_002920_redis_feed11_rep1,redis,sb:events:n20:feed11:rep1,88fd2d06-fd20-40f3-a233-29ee82e4be59,3895107,527,34512309000,34512326600,1781307013686-0
concurrency_n20_20260613_002920_redis_feed11_rep1,redis,sb:events:n20:feed11:rep1,3c1237a2-1e6b-4e7e-892f-8ea18799c544,3895107,527,34514702800,34514733100,1781307013687-0
concurrency_n20_20260613_002920_redis_feed11_rep1,redis,sb:events:n20:feed11:rep1,2dd81da3-006b-4909-b0d4-6c3468d474c4,3895107,527,34515770200,34515796300,1781307013688-0
concurrency_n20_20260613_002920_redis_feed11_rep1,redis,sb:events:n20:feed11:rep1,b61d5bec-03f0-44eb-a8cf-0e53b1986f2a,3895113,527,34516647600,34516673900,1781307013691-0
concurrency_n20_20260613_002920_redis_feed11_rep1,redis,sb:events:n20:feed11:rep1,7de78a3e-57f7-4e9a-8978-4776114f764e,3895113,527,34517429200,34517452400,1781307013692-0
concurrency_n20_20260613_002920_redis_feed11_rep1,redis,sb:events:n20:feed11:rep1,a8f4416a-3223-4b2b-8803-7c50dc6524db,3895113,527,34520207600,34520228700,1781307013693-0
concurrency_n20_20260613_002920_redis_feed11_rep1,redis,sb:events:n20:feed11:rep1,1c7e1733-2224-46bc-a9c7-8ad2228cc8da,3895113,527,34521098900,34521120100,1781307013696-0
concurrency_n20_20260613_002920_redis_feed11_rep1,redis,sb:events:n20:feed11:rep1,e2076223-02eb-472d-a936-fbb5cdd986dc,3895121,528,34522875700,34522896100,1781307013698-0
concurrency_n20_20260613_002920_redis_feed11_rep1,redis,sb:events:n20:feed11:rep1,514d79ad-cba0-4ef5-be08-cbce1ba32532,3895121,528,34525635800,34525661300,1781307013701-0
concurrency_n20_20260613_002920_redis_feed11_rep1,redis,sb:events:n20:feed11:rep1,5fe2d08b-ff8c-490e-a3a1-cdcc36200b52,3895113,528,34526735500,34526827600,1781307013702-0
concurrency_n20_20260613_002920_redis_feed11_rep1,redis,sb:events:n20:feed11:rep1,0d44ff91-9591-424e-816c-8b915d80daf7,3895113,528,34528313400,34528335500,1781307013704-0
concurrency_n20_20260613_002920_redis_feed11_rep1,redis,sb:events:n20:feed11:rep1,3ff5ec17-6825-4c77-8e7b-f189cb6ccc31,3895113,528,34529251500,34529271000,1781307013705-0
concurrency_n20_20260613_002920_redis_feed11_rep1,redis,sb:events:n20:feed11:rep1,88a70e2b-aa99-407a-aa6d-9df6e46201fd,3895113,528,34531794800,34531819400,1781307013706-0
concurrency_n20_20260613_002920_redis_feed11_rep1,redis,sb:events:n20:feed11:rep1,426d47f2-1048-4e8d-9436-9cab0f3615e1,3895113,528,34532573500,34532596100,1781307013707-0
concurrency_n20_20260613_002920_redis_feed11_rep1,redis,sb:events:n20:feed11:rep1,40e298c8-d5ab-4313-93d4-027ecac8abd8,3895113,528,34535428900,34535460100,1781307013709-0
concurrency_n20_20260613_002920_redis_feed11_rep1,redis,sb:events:n20:feed11:rep1,47c30f1f-12b0-44fc-a75f-05995691d7f6,3895074,529,34537054100,34537079400,1781307013713-0
concurrency_n20_20260613_002920_redis_feed11_rep1,redis,sb:events:n20:feed11:rep1,76536861-eeb2-425f-874f-b20b0a3fa013,3895074,529,34541678200,34541704300,1781307013715-0
concurrency_n20_20260613_002920_redis_feed11_rep1,redis,sb:events:n20:feed11:rep1,fc85387d-38fe-4e36-af03-f6285d524b11,3895060,529,34557655000,34557687300,1781307013717-0
concurrency_n20_20260613_002920_redis_feed11_rep1,redis,sb:events:n20:feed11:rep1,4a87053e-de71-4a38-b614-bfa386590bf7,3895060,529,34577884400,34577911700,1781307013719-0
concurrency_n20_20260613_002920_redis_feed11_rep1,redis,sb:events:n20:feed11:rep1,2d1556d4-e7e8-4782-9b7d-9993c28e6f09,3895060,529,34586427900,34586448500,1781307013728-0
concurrency_n20_20260613_002920_redis_feed11_rep1,redis,sb:events:n20:feed11:rep1,b2eaa0f5-b277-4aff-ad6d-22048f042d0b,3895107,529,34588327600,34588357300,1781307013733-0
concurrency_n20_20260613_002920_redis_feed11_rep1,redis,sb:events:n20:feed11:rep1,6b4603ff-7dd4-4c70-ab6a-48f688a7fbd4,3895107,529,34589804800,34589842100,1781307013737-0
concurrency_n20_20260613_002920_redis_feed11_rep1,redis,sb:events:n20:feed11:rep1,78163599-662a-4bd1-9dc5-2e67086e5c6a,3895107,529,34590674100,34590697400,1781307013743-0
concurrency_n20_20260613_002920_redis_feed11_rep1,redis,sb:events:n20:feed11:rep1,1a606b94-ccd9-4617-89e4-29166ea76203,3895107,529,34591686100,34591710500,1781307013746-0
concurrency_n20_20260613_002920_redis_feed11_rep1,redis,sb:events:n20:feed11:rep1,f87fad46-6903-4223-bfb4-aa69c8c966cf,3895121,530,34593387000,34593410100,1781307013748-0
concurrency_n20_20260613_002920_redis_feed11_rep1,redis,sb:events:n20:feed11:rep1,679988f1-cad3-4221-ab60-1a56bb0f620f,3895060,530,34596370300,34596406200,1781307013750-0
concurrency_n20_20260613_002920_redis_feed11_rep1,redis,sb:events:n20:feed11:rep1,7130de76-79b4-4847-829f-e93dac87d18e,3895060,530,34597170200,34597200000,1781307013753-0
concurrency_n20_20260613_002920_redis_feed11_rep1,redis,sb:events:n20:feed11:rep1,a2344659-ee5e-4d27-8515-ee8dbb044828,3895060,530,34598186600,34598210000,1781307013755-0
concurrency_n20_20260613_002920_redis_feed11_rep1,redis,sb:events:n20:feed11:rep1,c0a666df-6a6f-4185-8b75-361e7541087e,3895060,531,34598896500,34598919200,1781307013757-0
concurrency_n20_20260613_002920_redis_feed11_rep1,redis,sb:events:n20:feed11:rep1,5ab52d01-14bc-4c14-868c-b48aab97be67,3895113,531,34603313400,34603340000,1781307013766-0
concurrency_n20_20260613_002920_redis_feed11_rep1,redis,sb:events:n20:feed11:rep1,b3d47cba-9dc5-47de-93b1-84861d275008,3895074,532,34606797300,34606828400,1781307013770-0
concurrency_n20_20260613_002920_redis_feed11_rep1,redis,sb:events:n20:feed11:rep1,69f9209e-3c7a-451b-b126-174f4360c8d4,3895074,532,34636923400,34636953000,1781307013773-0
concurrency_n20_20260613_002920_redis_feed11_rep1,redis,sb:events:n20:feed11:rep1,98a0e1f1-d198-470d-a431-5502797ce25c,3895074,532,34638125600,34638152800,1781307013777-0
concurrency_n20_20260613_002920_redis_feed11_rep1,redis,sb:events:n20:feed11:rep1,18dd411d-85f0-4136-b3e7-c5902b8a208e,3895121,532,34639953800,34639977400,1781307013780-0
concurrency_n20_20260613_002920_redis_feed11_rep1,redis,sb:events:n20:feed11:rep1,76565dde-1d43-48fb-b342-6892a1965454,3895121,532,34642381200,34642405400,1781307013804-0
concurrency_n20_20260613_002920_redis_feed11_rep1,redis,sb:events:n20:feed11:rep1,1dbba64f-83de-49a3-a064-d640469697c6,3895060,532,34644149900,34644175700,1781307013816-0
concurrency_n20_20260613_002920_redis_feed11_rep1,redis,sb:events:n20:feed11:rep1,22c0ff40-4176-40d2-822f-e4e1bf865c2f,3895060,532,34647083000,34647111400,1781307013817-0
concurrency_n20_20260613_002920_redis_feed11_rep1,redis,sb:events:n20:feed11:rep1,fa03ef74-4b46-403d-98ea-0574bfa2f274,3895121,533,34648478900,34648514600,1781307013818-0
concurrency_n20_20260613_002920_redis_feed11_rep1,redis,sb:events:n20:feed11:rep1,bd9d976c-88bf-43b4-bb61-670fec26ee77,3895060,533,34649638800,34649694200,1781307013819-0
concurrency_n20_20260613_002920_redis_feed11_rep1,redis,sb:events:n20:feed11:rep1,3b1c82ae-32b8-466f-ac10-2a4a759923a7,3895060,533,34660216700,34660246300,1781307013822-0
concurrency_n20_20260613_002920_redis_feed11_rep1,redis,sb:events:n20:feed11:rep1,a9aeffde-608f-479a-8195-c6cff7363b53,3895060,533,34661532200,34661560600,1781307013823-0
concurrency_n20_20260613_002920_redis_feed11_rep1,redis,sb:events:n20:feed11:rep1,c2ceda69-a891-4f75-bd3a-82ce65de4e03,3895113,533,34662378500,34662407600,1781307013825-0
concurrency_n20_20260613_002920_redis_feed11_rep1,redis,sb:events:n20:feed11:rep1,72210159-6177-452d-b763-5093adc3a0f7,3895113,533,34663604000,34663633600,1781307013828-0
concurrency_n20_20260613_002920_redis_feed11_rep1,redis,sb:events:n20:feed11:rep1,23d76782-ae92-476d-b67f-e83c05ae4f3c,3895074,534,34666085100,34666132400,1781307013829-0
concurrency_n20_20260613_002920_redis_feed11_rep1,redis,sb:events:n20:feed11:rep1,3ae1883b-49e4-4cae-96e1-ebe9f8b86fa4,3895074,534,34693299000,34693323800,1781307013838-0
concurrency_n20_20260613_002920_redis_feed11_rep1,redis,sb:events:n20:feed11:rep1,20793f16-5045-4628-b937-903bd9ddd8b1,3895121,534,34694084500,34694104500,1781307013843-0
concurrency_n20_20260613_002920_redis_feed11_rep1,redis,sb:events:n20:feed11:rep1,5206fdc4-e834-4926-8e17-6a35c6efe19b,3895121,534,34694688500,34694703600,1781307013844-0
concurrency_n20_20260613_002920_redis_feed11_rep1,redis,sb:events:n20:feed11:rep1,b42b431a-7f87-4841-a26c-d062b50fa91c,3895060,534,34695869700,34695891900,1781307013854-0
concurrency_n20_20260613_002920_redis_feed11_rep1,redis,sb:events:n20:feed11:rep1,60ded7c9-9ca6-4c1a-908e-190e034e9b4d,3895060,534,34697507400,34697529400,1781307013872-0
concurrency_n20_20260613_002920_redis_feed11_rep1,redis,sb:events:n20:feed11:rep1,888d4d11-95dc-4569-956a-909e5f4f0c9b,3895113,534,34701532900,34701560500,1781307013873-0
concurrency_n20_20260613_002920_redis_feed11_rep1,redis,sb:events:n20:feed11:rep1,86e59ab8-52a5-47b9-b233-c51919874314,3895074,535,34702519700,34702544400,1781307013875-0
concurrency_n20_20260613_002920_redis_feed11_rep1,redis,sb:events:n20:feed11:rep1,34087afe-8b11-4b18-8077-75d7bf487ab5,3895074,535,34704346700,34704367300,1781307013880-0
concurrency_n20_20260613_002920_redis_feed11_rep1,redis,sb:events:n20:feed11:rep1,1b1f1874-5deb-48ed-a8cc-694f8ef41f93,3895074,535,34705032500,34705049900,1781307013881-0
concurrency_n20_20260613_002920_redis_feed11_rep1,redis,sb:events:n20:feed11:rep1,e3a7ef47-1c6d-43f8-b980-2e76fe84fca6,3895074,535,34706503300,34706522500,1781307013882-0
concurrency_n20_20260613_002920_redis_feed11_rep1,redis,sb:events:n20:feed11:rep1,9243ad22-ffe5-487a-883a-00ca2426cbc6,3895113,535,34708771600,34708801300,1781307013884-0
concurrency_n20_20260613_002920_redis_feed11_rep1,redis,sb:events:n20:feed11:rep1,558471da-7f0c-4323-a8cd-45ac26e02493,3895074,537,34710648600,34710668200,1781307013885-0
concurrency_n20_20260613_002920_redis_feed11_rep1,redis,sb:events:n20:feed11:rep1,37769987-c623-49bd-982f-457e7c2c54c6,3895074,537,34711331400,34711352200,1781307013886-0
concurrency_n20_20260613_002920_redis_feed11_rep1,redis,sb:events:n20:feed11:rep1,97bd1984-aa8c-4314-b0aa-49e019abba86,3895113,537,34712422600,34712443200,1781307013887-0
concurrency_n20_20260613_002920_redis_feed11_rep1,redis,sb:events:n20:feed11:rep1,4ad2f10b-6c5f-4bf4-bd0f-6c774204bbab,3895113,537,34714040600,34714070000,1781307013889-0
concurrency_n20_20260613_002920_redis_feed11_rep1,redis,sb:events:n20:feed11:rep1,e14c881c-eaf5-4fd3-a7cc-fe51d1c61611,3895113,537,34714756800,34714778400,1781307013890-0
concurrency_n20_20260613_002920_redis_feed11_rep1,redis,sb:events:n20:feed11:rep1,eef66377-b49e-423f-a41e-49421e57bb42,3895121,538,34715731900,34715751300,1781307013891-0
concurrency_n20_20260613_002920_redis_feed11_rep1,redis,sb:events:n20:feed11:rep1,86ae382d-4941-4bda-a330-9fe50b114248,3895121,539,34717481600,34717500900,1781307013892-0
concurrency_n20_20260613_002920_redis_feed11_rep1,redis,sb:events:n20:feed11:rep1,0d012ec4-81c4-4764-a774-c4536052a186,3895121,539,34718187200,34718213000,1781307013893-0
concurrency_n20_20260613_002920_redis_feed11_rep1,redis,sb:events:n20:feed11:rep1,28c9e517-2569-4fbc-853a-f074119c9788,3895074,540,34718909400,34718926400,1781307013895-0
concurrency_n20_20260613_002920_redis_feed11_rep1,redis,sb:events:n20:feed11:rep1,e0ca184a-d196-4de5-b7ce-9a4c6e2e2f24,3895113,540,34720659900,34720679400,1781307013896-0
concurrency_n20_20260613_002920_redis_feed11_rep1,redis,sb:events:n20:feed11:rep1,dac6bba1-3eab-4824-b9a3-3f4f36a8eb1e,3895121,541,34721227800,34721248400,1781307013897-0
concurrency_n20_20260613_002920_redis_feed11_rep1,redis,sb:events:n20:feed11:rep1,c31b9cc9-3b1a-44a0-a6f2-be48997538e8,3895113,541,34723282100,34723337700,1781307013898-0
concurrency_n20_20260613_002920_redis_feed11_rep1,redis,sb:events:n20:feed11:rep1,00552043-304e-41f3-bb44-8e748409e117,3895074,542,34724181100,34724203900,1781307013899-0
concurrency_n20_20260613_002920_redis_feed11_rep1,redis,sb:events:n20:feed11:rep1,8edb264a-dc4f-4342-8072-84d76719426f,3895074,542,34726025200,34726045600,1781307013902-0
concurrency_n20_20260613_002920_redis_feed11_rep1,redis,sb:events:n20:feed11:rep1,114a796c-5924-4003-ac98-472f7ece84b0,3895121,543,34726741200,34726759000,1781307013903-0
concurrency_n20_20260613_002920_redis_feed11_rep1,redis,sb:events:n20:feed11:rep1,08a83dc4-fe12-4653-b91c-c46acb3aa1c8,3895121,543,34728251800,34728271400,1781307013904-0
concurrency_n20_20260613_002920_redis_feed11_rep1,redis,sb:events:n20:feed11:rep1,5fc48371-8960-48e0-90bb-39206df20f0e,3895067,543,34729395800,34729424000,1781307013905-0
concurrency_n20_20260613_002920_redis_feed11_rep1,redis,sb:events:n20:feed11:rep1,4ca56301-fb5e-4ff6-87a9-187fd9acd073,3895067,544,34732559100,34732581600,1781307013907-0
concurrency_n20_20260613_002920_redis_feed11_rep1,redis,sb:events:n20:feed11:rep1,195e62ed-d797-42dd-a6a9-d2da586e28e9,3895067,544,34733330900,34733349100,1781307013908-0
concurrency_n20_20260613_002920_redis_feed11_rep1,redis,sb:events:n20:feed11:rep1,c2aaa4f8-586e-4123-a563-f51f104fcb4c,3895067,544,34734186600,34734212400,1781307013910-0
concurrency_n20_20260613_002920_redis_feed11_rep1,redis,sb:events:n20:feed11:rep1,724ad51f-37a2-4fcc-82e3-5343ba152abe,3895067,545,34736019800,34736047800,1781307013911-0
concurrency_n20_20260613_002920_redis_feed11_rep1,redis,sb:events:n20:feed11:rep1,a52b067b-b6ab-4c29-b6aa-3051f76118d3,3895067,545,34737145000,34737179200,1781307013912-0
concurrency_n20_20260613_002920_redis_feed11_rep1,redis,sb:events:n20:feed11:rep1,9be986a7-155e-446d-bf13-33b700facdd7,3895113,545,34738078200,34738105000,1781307013913-0
concurrency_n20_20260613_002920_redis_feed11_rep1,redis,sb:events:n20:feed11:rep1,42521cfa-66d0-4cb6-be10-74dabb6621cb,3895121,546,34739622800,34739642400,1781307013914-0
concurrency_n20_20260613_002920_redis_feed11_rep1,redis,sb:events:n20:feed11:rep1,50a45666-4bd1-4a0f-bb58-5bce15f0c18d,3895067,546,34740404900,34740422600,1781307013916-0
concurrency_n20_20260613_002920_redis_feed11_rep1,redis,sb:events:n20:feed11:rep1,aada797c-0f16-40dd-acda-e63855e0add1,3895052,546,34741241100,34741267900,1781307013917-0
concurrency_n20_20260613_002920_redis_feed11_rep1,redis,sb:events:n20:feed11:rep1,107dcccc-f47a-4cf1-be88-4eed5d83cbfc,3895074,547,34743410300,34743436200,1781307013918-0
concurrency_n20_20260613_002920_redis_feed11_rep1,redis,sb:events:n20:feed11:rep1,917c3cb6-0a99-417e-9d00-2b7464cb3b49,3895121,547,34744140900,34744205800,1781307013920-0
concurrency_n20_20260613_002920_redis_feed11_rep1,redis,sb:events:n20:feed11:rep1,271ca6ca-d5de-4a63-98ee-15a0e2f5ba41,3895121,547,34745730000,34745753500,1781307013921-0
concurrency_n20_20260613_002920_redis_feed11_rep1,redis,sb:events:n20:feed11:rep1,f19133a2-dedc-4b1b-adeb-8191b2f723c1,3895067,547,34746397500,34746417200,1781307013922-0
concurrency_n20_20260613_002920_redis_feed11_rep1,redis,sb:events:n20:feed11:rep1,0d692cac-82f0-409a-b794-1f98658c9bcc,3895067,547,34747954600,34747979700,1781307013923-0
concurrency_n20_20260613_002920_redis_feed11_rep1,redis,sb:events:n20:feed11:rep1,d4293557-ec93-4548-a9b0-018e9870ecae,3895067,547,34756723100,34756760700,1781307013925-0
concurrency_n20_20260613_002920_redis_feed11_rep1,redis,sb:events:n20:feed11:rep1,f2648b2a-5801-4fcd-b48e-4a73735afe58,3895052,547,34762882900,34762922100,1781307013930-0
concurrency_n20_20260613_002920_redis_feed11_rep1,redis,sb:events:n20:feed11:rep1,9f3456ac-f1d6-4bbc-800b-c67a84d2c90b,3895113,547,34765028500,34765054000,1781307013932-0
concurrency_n20_20260613_002920_redis_feed11_rep1,redis,sb:events:n20:feed11:rep1,6e1b36a3-7f86-4ddf-b891-045568d370ff,3895113,547,34766742800,34766766100,1781307013934-0
concurrency_n20_20260613_002920_redis_feed11_rep1,redis,sb:events:n20:feed11:rep1,db616ee1-4697-4630-b0d2-adcfa3f122f8,3895074,548,34767669200,34767693900,1781307013940-0
concurrency_n20_20260613_002920_redis_feed11_rep1,redis,sb:events:n20:feed11:rep1,5e66e5ea-b1e6-4b23-8035-f7f690628de7,3895074,548,34768457800,34768479200,1781307013942-0
concurrency_n20_20260613_002920_redis_feed11_rep1,redis,sb:events:n20:feed11:rep1,35c04d45-7aa6-4dbc-9c71-2236688d2bd9,3895074,548,34770425700,34770483900,1781307013946-0
concurrency_n20_20260613_002920_redis_feed11_rep1,redis,sb:events:n20:feed11:rep1,c76abb45-261c-4d0a-a386-c8faa8ede37e,3895067,548,34771163100,34771184100,1781307013947-0
concurrency_n20_20260613_002920_redis_feed11_rep1,redis,sb:events:n20:feed11:rep1,96274ec9-d7da-481c-af37-5a870a00e846,3895067,548,34772440000,34772462400,1781307013948-0
concurrency_n20_20260613_002920_redis_feed11_rep1,redis,sb:events:n20:feed11:rep1,6aeb0706-ec98-4e40-8b86-5f4a8e50ecda,3895067,548,34774344600,34774368200,1781307013949-0
concurrency_n20_20260613_002920_redis_feed11_rep1,redis,sb:events:n20:feed11:rep1,dc353653-50c1-4683-ba8c-307ffe1b7400,3895052,548,34793971200,34794004200,1781307013950-0
concurrency_n20_20260613_002920_redis_feed11_rep1,redis,sb:events:n20:feed11:rep1,28af6429-8a64-48bb-98d0-87cb8f9b288a,3895052,548,34795467900,34795501700,1781307013952-0
concurrency_n20_20260613_002920_redis_feed11_rep1,redis,sb:events:n20:feed11:rep1,eb3bdb0f-c8c1-472c-9297-4f624735f22d,3895095,549,34797391800,34797423900,1781307013952-1
concurrency_n20_20260613_002920_redis_feed11_rep1,redis,sb:events:n20:feed11:rep1,4e5fbf4b-f9e0-498e-94b9-0d444fb51f19,3895067,549,34798538900,34798572700,1781307013971-0
concurrency_n20_20260613_002920_redis_feed11_rep1,redis,sb:events:n20:feed11:rep1,a910d314-abc6-4693-bc9b-c1c459d771b2,3895067,549,34801341400,34801367200,1781307013973-0
concurrency_n20_20260613_002920_redis_feed11_rep1,redis,sb:events:n20:feed11:rep1,b92da8bd-bffa-4bf9-a7d8-d63457c8bcee,3895095,550,34804834100,34804856700,1781307013978-0
concurrency_n20_20260613_002920_redis_feed11_rep1,redis,sb:events:n20:feed11:rep1,ab99dda8-b45f-497a-8fce-f1d7219d9a6b,3895067,550,34805787200,34805811700,1781307013979-0
concurrency_n20_20260613_002920_redis_feed11_rep1,redis,sb:events:n20:feed11:rep1,fff26681-b31a-4fe7-ad79-73837c1b9ce6,3895052,550,34809270500,34809300400,1781307013983-0
concurrency_n20_20260613_002920_redis_feed11_rep1,redis,sb:events:n20:feed11:rep1,034ad4ab-5822-459a-8e08-0e8ca1983870,3895113,550,34810005400,34810024700,1781307013984-0
concurrency_n20_20260613_002920_redis_feed11_rep1,redis,sb:events:n20:feed11:rep1,f3706411-3b40-4d16-8baf-d7bb9dcd9f63,3895121,551,34811023000,34811043900,1781307013986-0
concurrency_n20_20260613_002920_redis_feed11_rep1,redis,sb:events:n20:feed11:rep1,d40f3696-86be-4b7b-ae08-82ae999c1c43,3895067,551,34812552100,34812573100,1781307013987-0
concurrency_n20_20260613_002920_redis_feed11_rep1,redis,sb:events:n20:feed11:rep1,f17aa964-2944-459b-91aa-eac26dccf3cf,3895067,551,34813263300,34813281400,1781307013988-0
concurrency_n20_20260613_002920_redis_feed11_rep1,redis,sb:events:n20:feed11:rep1,d4ab804e-1b50-4172-9f66-77e04ebcfead,3895067,552,34814050600,34814070000,1781307013989-0
concurrency_n20_20260613_002920_redis_feed11_rep1,redis,sb:events:n20:feed11:rep1,a6e3aa18-12ab-4dfd-81dd-505d6521a65a,3895113,552,34815766000,34815803500,1781307013990-0
concurrency_n20_20260613_002920_redis_feed11_rep1,redis,sb:events:n20:feed11:rep1,827ed3d9-da89-4e4b-af26-3f6df863306c,3895113,552,34817764200,34817789600,1781307013991-0
concurrency_n20_20260613_002920_redis_feed11_rep1,redis,sb:events:n20:feed11:rep1,0a606142-7bb7-473a-b6bd-854622f3677b,3895121,553,34818612000,34818636700,1781307013992-0
concurrency_n20_20260613_002920_redis_feed11_rep1,redis,sb:events:n20:feed11:rep1,2c4d7a1a-42cd-4a7d-92fa-e70688518c50,3895121,553,34819286900,34819306200,1781307013993-0
concurrency_n20_20260613_002920_redis_feed11_rep1,redis,sb:events:n20:feed11:rep1,36e32e50-497d-49b4-85ac-7e59aa279522,3895052,553,34819993800,34820013200,1781307013994-0
concurrency_n20_20260613_002920_redis_feed11_rep1,redis,sb:events:n20:feed11:rep1,3ef44783-dd48-4af3-a84a-d13b92371ec4,3895052,553,34821611600,34821634000,1781307013997-0
concurrency_n20_20260613_002920_redis_feed11_rep1,redis,sb:events:n20:feed11:rep1,25d4de3e-3e2a-4f3c-b5b4-6896dffcf292,3895113,553,34822607800,34822639500,1781307013998-0
concurrency_n20_20260613_002920_redis_feed11_rep1,redis,sb:events:n20:feed11:rep1,d84a6ea0-eb04-49ee-8011-71fbea9094ff,3895113,554,34823375400,34823402800,1781307013999-0
concurrency_n20_20260613_002920_redis_feed11_rep1,redis,sb:events:n20:feed11:rep1,459e933b-3a7b-4903-9846-28f8af49f3b8,3895113,554,34826509900,34826531800,1781307014000-0
concurrency_n20_20260613_002920_redis_feed11_rep1,redis,sb:events:n20:feed11:rep1,3b170f61-0722-4ef0-9378-98882ff08363,3895121,555,34828591100,34828624500,1781307014001-0
concurrency_n20_20260613_002920_redis_feed11_rep1,redis,sb:events:n20:feed11:rep1,d85b4617-fc6b-4613-a6c4-f1b2bf1e83f7,3895121,555,34829775500,34829804400,1781307014002-0
concurrency_n20_20260613_002920_redis_feed11_rep1,redis,sb:events:n20:feed11:rep1,7a2e7555-68ea-419c-86aa-bf4dcb78e05c,3895067,555,34830678700,34830700700,1781307014003-0
concurrency_n20_20260613_002920_redis_feed11_rep1,redis,sb:events:n20:feed11:rep1,37ad6f42-511c-4a7c-acbf-ffdb05343d00,3895067,555,34833114800,34833138400,1781307014005-0
concurrency_n20_20260613_002920_redis_feed11_rep1,redis,sb:events:n20:feed11:rep1,4d65f18f-6c0e-4c7e-a92e-9eddfe918c80,3895113,556,34833961300,34833984800,1781307014007-0
concurrency_n20_20260613_002920_redis_feed11_rep1,redis,sb:events:n20:feed11:rep1,3608104d-8c99-4ff1-8776-6f10c9aa16f1,3895067,557,34834945300,34834967300,1781307014009-0
concurrency_n20_20260613_002920_redis_feed11_rep1,redis,sb:events:n20:feed11:rep1,6f68b267-cacb-43af-a94a-b86a7b012586,3895067,557,34836614900,34836646300,1781307014011-0
concurrency_n20_20260613_002920_redis_feed11_rep1,redis,sb:events:n20:feed11:rep1,960c6c53-3ff0-441f-9839-e525d22ee603,3895067,557,34838666900,34838692700,1781307014012-0
concurrency_n20_20260613_002920_redis_feed11_rep1,redis,sb:events:n20:feed11:rep1,771782c4-84a1-45da-9472-a42a4cdac870,3895052,557,34839458000,34839487400,1781307014013-0
concurrency_n20_20260613_002920_redis_feed11_rep1,redis,sb:events:n20:feed11:rep1,e4703900-92e0-477e-bb89-4874b45fa1aa,3895121,558,34840243600,34840264000,1781307014014-0
concurrency_n20_20260613_002920_redis_feed11_rep1,redis,sb:events:n20:feed11:rep1,f0da8169-c4b7-45fc-8c14-df99f65fa592,3895067,558,34841134900,34841183500,1781307014017-0
concurrency_n20_20260613_002920_redis_feed11_rep1,redis,sb:events:n20:feed11:rep1,ec56ac0a-94da-4bf7-9500-8424d742497f,3895113,558,34844627300,34844656400,1781307014017-1
concurrency_n20_20260613_002920_redis_feed11_rep1,redis,sb:events:n20:feed11:rep1,7e05c347-4251-406d-894c-81b8c0754146,3895113,558,34845669100,34845698100,1781307014019-0
concurrency_n20_20260613_002920_redis_feed11_rep1,redis,sb:events:n20:feed11:rep1,ff7df466-18e4-462c-aca8-68b0b661c050,3895121,559,34847286500,34847321800,1781307014020-0
concurrency_n20_20260613_002920_redis_feed11_rep1,redis,sb:events:n20:feed11:rep1,3abb82ea-6b10-4c94-a8c7-018787b8cfac,3895121,559,34849139700,34849172100,1781307014026-0
concurrency_n20_20260613_002920_redis_feed11_rep1,redis,sb:events:n20:feed11:rep1,35b0c8d9-a0bc-413a-844c-2ad4f48df2e9,3895067,559,34851637000,34851660900,1781307014027-0
concurrency_n20_20260613_002920_redis_feed11_rep1,redis,sb:events:n20:feed11:rep1,00edadfb-d24e-4eda-b463-ec2eb761a863,3895052,559,34865692500,34865719400,1781307014028-0
concurrency_n20_20260613_002920_redis_feed11_rep1,redis,sb:events:n20:feed11:rep1,2f30fa17-863e-4982-af77-279928d8bf7d,3895052,559,34875346700,34875374900,1781307014029-0
concurrency_n20_20260613_002920_redis_feed11_rep1,redis,sb:events:n20:feed11:rep1,774c27ef-4247-40e0-8ef1-d1c415e50681,3895052,559,34895008100,34895044400,1781307014031-0
concurrency_n20_20260613_002920_redis_feed11_rep1,redis,sb:events:n20:feed11:rep1,b1731242-8dfe-4ce0-8f9f-14ea8fab3216,3895113,559,34902480200,34902504300,1781307014053-0
concurrency_n20_20260613_002920_redis_feed11_rep1,redis,sb:events:n20:feed11:rep1,1e564b86-97b7-4d25-8679-fa80ce5aaa80,3895113,559,34903390900,34903410400,1781307014063-0
concurrency_n20_20260613_002920_redis_feed11_rep1,redis,sb:events:n20:feed11:rep1,750e6cda-3390-4817-83ea-ca66bd967062,3895134,560,34904135000,34904163600,1781307014070-0
concurrency_n20_20260613_002920_redis_feed11_rep1,redis,sb:events:n20:feed11:rep1,8b99f53b-121b-43c5-8f44-c9c08aa83bd8,3895134,561,34906953700,34906981300,1781307014080-0
concurrency_n20_20260613_002920_redis_feed11_rep1,redis,sb:events:n20:feed11:rep1,9dca34a8-c117-4b0b-a475-102ac8d30665,3895113,561,34907888800,34907909000,1781307014082-0
concurrency_n20_20260613_002920_redis_feed11_rep1,redis,sb:events:n20:feed11:rep1,bdf25150-5586-4645-96fc-c8e50cdd82d7,3895113,561,34910070900,34910105100,1781307014083-0
concurrency_n20_20260613_002920_redis_feed11_rep1,redis,sb:events:n20:feed11:rep1,33da9109-a7ef-4a4e-a9aa-b0942d42eedb,3895113,561,34915574900,34915607300,1781307014084-0
concurrency_n20_20260613_002920_redis_feed11_rep1,redis,sb:events:n20:feed11:rep1,86ce68ca-57a3-4495-8309-d66397796e67,3895052,562,34933490400,34933523900,1781307014086-0
concurrency_n20_20260613_002920_redis_feed11_rep1,redis,sb:events:n20:feed11:rep1,f42f73e7-ae7d-4683-bf94-dcf6164d5621,3895113,562,34934443700,34934467200,1781307014089-0
concurrency_n20_20260613_002920_redis_feed11_rep1,redis,sb:events:n20:feed11:rep1,b63ba05a-0566-49c9-b015-6bf55a59abb7,3895113,562,34935422900,34935454400,1781307014091-0
concurrency_n20_20260613_002920_redis_feed11_rep1,redis,sb:events:n20:feed11:rep1,282e0578-2dfb-424b-aa7f-f27e530978c6,3895113,562,34936364800,34936386400,1781307014092-0
concurrency_n20_20260613_002920_redis_feed11_rep1,redis,sb:events:n20:feed11:rep1,bbb0feea-68e0-4535-993c-ac50e15abd87,3895113,562,34937423000,34937442300,1781307014092-1
concurrency_n20_20260613_002920_redis_feed11_rep1,redis,sb:events:n20:feed11:rep1,e9972a5d-bd71-4307-8afc-8945594b52b9,3895060,563,34945268400,34945301600,1781307014094-0
concurrency_n20_20260613_002920_redis_feed11_rep1,redis,sb:events:n20:feed11:rep1,ecd29e2b-a31e-4693-9112-e61c9b4704fc,3895134,563,34950035900,34950063400,1781307014112-0
concurrency_n20_20260613_002920_redis_feed11_rep1,redis,sb:events:n20:feed11:rep1,f524e58e-1159-490f-9fd6-5e3be74f43ce,3895067,563,34951580000,34951609900,1781307014114-0
concurrency_n20_20260613_002920_redis_feed11_rep1,redis,sb:events:n20:feed11:rep1,3fb80ec5-a7a4-47b1-ad37-10866e0d0a07,3895067,563,34952214800,34952234800,1781307014115-0
concurrency_n20_20260613_002920_redis_feed11_rep1,redis,sb:events:n20:feed11:rep1,d38152a9-beaf-4baa-a20c-7b9ab30bc942,3895067,563,34955723700,34955759000,1781307014120-0
concurrency_n20_20260613_002920_redis_feed11_rep1,redis,sb:events:n20:feed11:rep1,06db91e0-abb2-46ee-84eb-7d5d5156a3d5,3895052,563,34962804300,34962839500,1781307014122-0
concurrency_n20_20260613_002920_redis_feed11_rep1,redis,sb:events:n20:feed11:rep1,4bd124dd-4b82-4bba-884c-46919b42647d,3895060,564,34967412500,34967438200,1781307014123-0
concurrency_n20_20260613_002920_redis_feed11_rep1,redis,sb:events:n20:feed11:rep1,abc73bc5-baf9-498e-96fd-e2db6a0bb05e,3895060,564,34969985900,34970010600,1781307014130-0
concurrency_n20_20260613_002920_redis_feed11_rep1,redis,sb:events:n20:feed11:rep1,0c2223f4-cd8c-4528-9ef6-35eaa67cab84,3895067,564,34985733100,34985760200,1781307014132-0
concurrency_n20_20260613_002920_redis_feed11_rep1,redis,sb:events:n20:feed11:rep1,609fb6dd-8540-439a-b616-ecabd68f7482,3895113,564,34999018700,34999054400,1781307014133-0
concurrency_n20_20260613_002920_redis_feed11_rep1,redis,sb:events:n20:feed11:rep1,ecbea6bc-c576-452e-b9b9-7cd529b60fd7,3895113,564,35002904700,35002947400,1781307014140-0
concurrency_n20_20260613_002920_redis_feed11_rep1,redis,sb:events:n20:feed11:rep1,f61244dd-1742-467e-816c-849a144abd5c,3895113,564,35003974000,35003999900,1781307014142-0
concurrency_n20_20260613_002920_redis_feed11_rep1,redis,sb:events:n20:feed11:rep1,8a932753-b413-4516-87f0-3dc6ad69a845,3895121,565,35005299300,35005326000,1781307014145-0
concurrency_n20_20260613_002920_redis_feed11_rep1,redis,sb:events:n20:feed11:rep1,bb5ed357-d8b5-44a3-8835-b969dba3555c,3895060,565,35007518200,35007685900,1781307014150-0
concurrency_n20_20260613_002920_redis_feed11_rep1,redis,sb:events:n20:feed11:rep1,692e3ebd-8ed8-4bc6-9715-2adb6d32961d,3895134,565,35008589700,35008609400,1781307014177-0
concurrency_n20_20260613_002920_redis_feed11_rep1,redis,sb:events:n20:feed11:rep1,b317b4ab-591f-4025-b660-69b0b91865c1,3895134,565,35009244800,35009261500,1781307014182-0
concurrency_n20_20260613_002920_redis_feed11_rep1,redis,sb:events:n20:feed11:rep1,554b1c6d-9aee-4611-8ed8-38c7c0c7e8fa,3895134,565,35010044000,35010062900,1781307014185-0
concurrency_n20_20260613_002920_redis_feed11_rep1,redis,sb:events:n20:feed11:rep1,058d670b-2399-456e-8420-862d0b2cf6a7,3895134,565,35012974100,35013000600,1781307014186-0
concurrency_n20_20260613_002920_redis_feed11_rep1,redis,sb:events:n20:feed11:rep1,cf2aab32-f699-444b-b047-595ad92c9e50,3895113,565,35013570100,35013586900,1781307014187-0
concurrency_n20_20260613_002920_redis_feed11_rep1,redis,sb:events:n20:feed11:rep1,db9f4659-660c-4da5-af41-197ce1cfbcaf,3895121,566,35014374300,35014395300,1781307014188-0
concurrency_n20_20260613_002920_redis_feed11_rep1,redis,sb:events:n20:feed11:rep1,6da8638f-22e2-498a-85c1-05ab2e07b258,3895121,566,35015539800,35015566400,1781307014190-0
concurrency_n20_20260613_002920_redis_feed11_rep1,redis,sb:events:n20:feed11:rep1,ae3dc312-e545-4a15-b0bb-235550514b38,3895060,566,35017347100,35017376600,1781307014191-0
concurrency_n20_20260613_002920_redis_feed11_rep1,redis,sb:events:n20:feed11:rep1,a9be64a4-16aa-46ad-a2e1-7285994613dc,3895060,566,35018378900,35018401500,1781307014192-0
concurrency_n20_20260613_002920_redis_feed11_rep1,redis,sb:events:n20:feed11:rep1,29a763c8-e688-484b-9faf-cd734436e0a7,3895060,566,35019186300,35019207700,1781307014194-0
concurrency_n20_20260613_002920_redis_feed11_rep1,redis,sb:events:n20:feed11:rep1,435fe1a6-cf5b-494b-a06d-55317e35e187,3895134,566,35020980400,35021009200,1781307014197-0
concurrency_n20_20260613_002920_redis_feed11_rep1,redis,sb:events:n20:feed11:rep1,49b784a4-5bc8-40cf-8e94-f0a3049b756a,3895134,566,35021846600,35021878300,1781307014198-0
concurrency_n20_20260613_002920_redis_feed11_rep1,redis,sb:events:n20:feed11:rep1,add4c52f-bef3-4f9e-9e3a-9f3b12602dc7,3895134,566,35023284800,35023313900,1781307014199-0
concurrency_n20_20260613_002920_redis_feed11_rep1,redis,sb:events:n20:feed11:rep1,bbad49fb-71c2-4fbf-901a-1295fa8cba46,3895060,567,35025338500,35025361100,1781307014200-0
concurrency_n20_20260613_002920_redis_feed11_rep1,redis,sb:events:n20:feed11:rep1,0d499b61-56d7-444f-b1a1-34ab319882f8,3895067,567,35026147100,35026167800,1781307014201-0
concurrency_n20_20260613_002920_redis_feed11_rep1,redis,sb:events:n20:feed11:rep1,9be861d7-d952-440c-9b03-985be6e791fa,3895067,567,35026936300,35026953600,1781307014203-0
concurrency_n20_20260613_002920_redis_feed11_rep1,redis,sb:events:n20:feed11:rep1,a23bc1ec-70f0-4cee-ac65-c548c161e34c,3895113,567,35029189000,35029215700,1781307014204-0
concurrency_n20_20260613_002920_redis_feed11_rep1,redis,sb:events:n20:feed11:rep1,1acb9806-886f-4bf8-a858-8b2f3b876ab4,3895113,567,35032539200,35032561300,1781307014205-0
concurrency_n20_20260613_002920_redis_feed11_rep1,redis,sb:events:n20:feed11:rep1,d6dc199d-fe0f-4dca-873c-666cc4f7580b,3895074,568,35033356200,35033377300,1781307014206-0
concurrency_n20_20260613_002920_redis_feed11_rep1,redis,sb:events:n20:feed11:rep1,4207d6a4-0228-4577-b031-4d416166a912,3895121,568,35035227800,35035248900,1781307014207-0
concurrency_n20_20260613_002920_redis_feed11_rep1,redis,sb:events:n20:feed11:rep1,b9041f26-493b-437f-a7da-3a6424b43560,3895134,568,35036157400,35036183800,1781307014209-0
concurrency_n20_20260613_002920_redis_feed11_rep1,redis,sb:events:n20:feed11:rep1,4143af48-0f1a-438c-a7af-ab6981596e34,3895074,569,35040576700,35040609300,1781307014211-0
concurrency_n20_20260613_002920_redis_feed11_rep1,redis,sb:events:n20:feed11:rep1,5ecc44df-780b-422c-ba24-37d2b3e2438f,3895074,569,35044032600,35044207300,1781307014212-0
concurrency_n20_20260613_002920_redis_feed11_rep1,redis,sb:events:n20:feed11:rep1,3a16a221-9434-413f-9a6b-0a8fcaac7187,3895074,569,35045993400,35046018600,1781307014214-0
concurrency_n20_20260613_002920_redis_feed11_rep1,redis,sb:events:n20:feed11:rep1,ae9ea283-4d1d-4e4e-ab59-748ba8a34e98,3895121,569,35047070300,35047092300,1781307014219-0
concurrency_n20_20260613_002920_redis_feed11_rep1,redis,sb:events:n20:feed11:rep1,b69cb150-6add-467e-95f5-373f645aec83,3895121,569,35047915000,35047937600,1781307014220-0
concurrency_n20_20260613_002920_redis_feed11_rep1,redis,sb:events:n20:feed11:rep1,e118cc39-f22c-4fd7-8959-0f87ccd83edb,3895121,569,35049224800,35049257000,1781307014223-0
concurrency_n20_20260613_002920_redis_feed11_rep1,redis,sb:events:n20:feed11:rep1,ed41f0d9-2fcc-4f3e-b408-3a6332f3ccc2,3895134,569,35050155200,35050179600,1781307014224-0
concurrency_n20_20260613_002920_redis_feed11_rep1,redis,sb:events:n20:feed11:rep1,d6277188-5e56-4821-865a-2136185eb9f8,3895134,569,35051897200,35051919700,1781307014225-0
concurrency_n20_20260613_002920_redis_feed11_rep1,redis,sb:events:n20:feed11:rep1,62287493-880c-4ed1-8e95-2fc6c48f7406,3895134,569,35052821300,35052840600,1781307014226-0
concurrency_n20_20260613_002920_redis_feed11_rep1,redis,sb:events:n20:feed11:rep1,94695ec3-fd04-4e7d-ad92-32a4b4910c85,3895134,569,35053571700,35053652400,1781307014227-0
concurrency_n20_20260613_002920_redis_feed11_rep1,redis,sb:events:n20:feed11:rep1,498d3916-efb1-4f24-bf9b-394fcf3fb8aa,3895052,569,35054409000,35054425400,1781307014228-0
concurrency_n20_20260613_002920_redis_feed11_rep1,redis,sb:events:n20:feed11:rep1,82a04586-669c-4ea2-99d8-ed5037368a1d,3895113,569,35055118700,35055137800,1781307014230-0
concurrency_n20_20260613_002920_redis_feed11_rep1,redis,sb:events:n20:feed11:rep1,0c595cc6-c86d-45aa-90be-80aad494ce6e,3895121,570,35056827200,35056861600,1781307014231-0
concurrency_n20_20260613_002920_redis_feed11_rep1,redis,sb:events:n20:feed11:rep1,12e6e67d-9811-4ba0-a908-f5a04b6d09cf,3895067,570,35057693800,35057843700,1781307014232-0
concurrency_n20_20260613_002920_redis_feed11_rep1,redis,sb:events:n20:feed11:rep1,ba2fee64-0a6b-4776-95ed-f065ac49eff6,3895134,570,35058729500,35058752900,1781307014234-0
concurrency_n20_20260613_002920_redis_feed11_rep1,redis,sb:events:n20:feed11:rep1,aeab8653-2c7c-48d1-8e69-a7f408f6ebe0,3895134,570,35059679800,35059702700,1781307014235-0
concurrency_n20_20260613_002920_redis_feed11_rep1,redis,sb:events:n20:feed11:rep1,544cac47-5c40-405d-b6d0-62165e550723,3895113,570,35062388600,35062414000,1781307014236-0
concurrency_n20_20260613_002920_redis_feed11_rep1,redis,sb:events:n20:feed11:rep1,8b305c0c-e9f9-4e2d-bcaa-23e4552182a9,3895121,571,35069517300,35069551200,1781307014237-0
concurrency_n20_20260613_002920_redis_feed11_rep1,redis,sb:events:n20:feed11:rep1,715129f6-aac2-40bb-9334-8c49a26fc045,3895121,571,35071628100,35071676200,1781307014238-0
concurrency_n20_20260613_002920_redis_feed11_rep1,redis,sb:events:n20:feed11:rep1,7dcc71fb-6a76-4e95-9839-a311460a34bd,3895121,571,35074363200,35074716600,1781307014241-0
concurrency_n20_20260613_002920_redis_feed11_rep1,redis,sb:events:n20:feed11:rep1,bbdc363f-ddad-4a3c-b497-24be542c3737,3895067,571,35076715800,35076738700,1781307014245-0
concurrency_n20_20260613_002920_redis_feed11_rep1,redis,sb:events:n20:feed11:rep1,7220c3ce-1994-4b3e-b8ad-820ec2f7be2d,3895067,571,35077857200,35077878200,1781307014250-0
concurrency_n20_20260613_002920_redis_feed11_rep1,redis,sb:events:n20:feed11:rep1,a3d79461-7ba9-4564-9c6d-897f19ef3a64,3895134,571,35078630200,35078649600,1781307014252-0
concurrency_n20_20260613_002920_redis_feed11_rep1,redis,sb:events:n20:feed11:rep1,29363af0-2353-4423-b976-37fa82d94740,3895134,571,35079523200,35079548600,1781307014254-0
concurrency_n20_20260613_002920_redis_feed11_rep1,redis,sb:events:n20:feed11:rep1,e838d752-a46c-4ab6-b347-0f20bebe3fa9,3895052,571,35082609100,35082636600,1781307014256-0
concurrency_n20_20260613_002920_redis_feed11_rep1,redis,sb:events:n20:feed11:rep1,88975cca-31fe-4a50-b622-4fb93865a601,3895052,571,35083708200,35083735900,1781307014257-0
concurrency_n20_20260613_002920_redis_feed11_rep1,redis,sb:events:n20:feed11:rep1,1db38ded-2eec-4ccc-952c-59dbc482485a,3895074,572,35084547200,35084568200,1781307014258-0
concurrency_n20_20260613_002920_redis_feed11_rep1,redis,sb:events:n20:feed11:rep1,9a741e55-d2cd-45fc-823d-7d38ae02b3f6,3895121,572,35085218700,35085240100,1781307014259-0
concurrency_n20_20260613_002920_redis_feed11_rep1,redis,sb:events:n20:feed11:rep1,6cf6ed29-f0fe-46e6-8365-74b2cf732543,3895121,572,35087503600,35087529500,1781307014263-0
concurrency_n20_20260613_002920_redis_feed11_rep1,redis,sb:events:n20:feed11:rep1,43d43481-ebe4-4d6e-8388-55250d1a3131,3895134,572,35088213500,35088237600,1781307014264-0
concurrency_n20_20260613_002920_redis_feed11_rep1,redis,sb:events:n20:feed11:rep1,55234fec-33e8-446b-9245-ce746400f97f,3895134,572,35089132500,35089157900,1781307014265-0
concurrency_n20_20260613_002920_redis_feed11_rep1,redis,sb:events:n20:feed11:rep1,fd52e903-b306-4c1c-a68f-dcdcf71fef24,3895134,572,35091105200,35091127700,1781307014266-0
concurrency_n20_20260613_002920_redis_feed11_rep1,redis,sb:events:n20:feed11:rep1,ab509877-2fc3-4aa9-8158-d1f5ebe8da6d,3895052,572,35092470600,35092492500,1781307014268-0
concurrency_n20_20260613_002920_redis_feed11_rep1,redis,sb:events:n20:feed11:rep1,943ef8eb-5292-4c53-8072-91c657571f42,3895052,572,35093454600,35093479900,1781307014269-0
concurrency_n20_20260613_002920_redis_feed11_rep1,redis,sb:events:n20:feed11:rep1,3ea8a716-0bb8-43be-b33c-dfa6014257ac,3895074,573,35095478300,35095502000,1781307014270-0
concurrency_n20_20260613_002920_redis_feed11_rep1,redis,sb:events:n20:feed11:rep1,d5b4c99c-7c16-47cf-b5b3-c48c1d852fd8,3895121,573,35097145500,35097168500,1781307014271-0
concurrency_n20_20260613_002920_redis_feed11_rep1,redis,sb:events:n20:feed11:rep1,249bd339-ce23-492c-b3cf-b7214716e130,3895067,573,35099369400,35099396800,1781307014272-0
concurrency_n20_20260613_002920_redis_feed11_rep1,redis,sb:events:n20:feed11:rep1,f9b530b9-7dc4-48e9-bf73-ced6b0b1925a,3895134,573,35100113800,35100136000,1781307014274-0
concurrency_n20_20260613_002920_redis_feed11_rep1,redis,sb:events:n20:feed11:rep1,fb1a9369-b9d5-4fd7-ac71-aa651f0168e9,3895052,573,35101896000,35101920800,1781307014275-0
concurrency_n20_20260613_002920_redis_feed11_rep1,redis,sb:events:n20:feed11:rep1,2dda5918-4209-4100-960e-e3edb058d48d,3895052,573,35102670000,35102689600,1781307014277-0
concurrency_n20_20260613_002920_redis_feed11_rep1,redis,sb:events:n20:feed11:rep1,1dae3789-5635-4d14-80fc-efd3c40db3b5,3895052,573,35103433500,35103452200,1781307014279-0
concurrency_n20_20260613_002920_redis_feed11_rep1,redis,sb:events:n20:feed11:rep1,0bcbb1c4-b220-4298-9847-5f821da04e9a,3895113,573,35104408200,35104429700,1781307014280-0
concurrency_n20_20260613_002920_redis_feed11_rep1,redis,sb:events:n20:feed11:rep1,8d5e711c-8993-4de5-ac7a-7ebccc01baf8,3895113,573,35106152300,35106172500,1781307014281-0
concurrency_n20_20260613_002920_redis_feed11_rep1,redis,sb:events:n20:feed11:rep1,fec8d35a-02e4-4e46-99cd-8782881124ea,3895074,574,35106963600,35106987200,1781307014282-0
concurrency_n20_20260613_002920_redis_feed11_rep1,redis,sb:events:n20:feed11:rep1,f9c117a9-8333-4dca-8508-4cd6b1ed4bf7,3895074,574,35107835700,35107857000,1781307014283-0
concurrency_n20_20260613_002920_redis_feed11_rep1,redis,sb:events:n20:feed11:rep1,ae054521-50e4-4650-88dc-56beb4f776e6,3895074,574,35109660000,35109682300,1781307014285-0
concurrency_n20_20260613_002920_redis_feed11_rep1,redis,sb:events:n20:feed11:rep1,e7ab799d-7eea-4ae5-a2e6-46a4ad5a46ed,3895074,574,35113996200,35114121100,1781307014286-0
concurrency_n20_20260613_002920_redis_feed11_rep1,redis,sb:events:n20:feed11:rep1,2ab1b2f9-6737-4a08-885e-10b6be2bb13c,3895121,574,35114996000,35115023300,1781307014287-0
concurrency_n20_20260613_002920_redis_feed11_rep1,redis,sb:events:n20:feed11:rep1,d8d8428e-76c9-4881-b4ed-0b13a72e0565,3895121,574,35117014600,35117044900,1781307014288-0
concurrency_n20_20260613_002920_redis_feed11_rep1,redis,sb:events:n20:feed11:rep1,596f2d53-66d8-4a23-b0a3-94edc6df8281,3895067,574,35117972300,35118325800,1781307014289-0
concurrency_n20_20260613_002920_redis_feed11_rep1,redis,sb:events:n20:feed11:rep1,8c02596a-6342-4489-8bbd-b18c0c84026a,3895067,574,35119167300,35119192400,1781307014290-0
concurrency_n20_20260613_002920_redis_feed11_rep1,redis,sb:events:n20:feed11:rep1,a3349cce-9229-41e9-8ccc-a5efc421a6f2,3895134,574,35119910900,35119930100,1781307014293-0
concurrency_n20_20260613_002920_redis_feed11_rep1,redis,sb:events:n20:feed11:rep1,44e48928-bcd2-425d-bcd2-88b4b3e10764,3895134,574,35120760400,35120780400,1781307014294-0
concurrency_n20_20260613_002920_redis_feed11_rep1,redis,sb:events:n20:feed11:rep1,4acfe84d-7381-4822-a218-7728e9b84f0f,3895134,574,35123012200,35123037700,1781307014296-0
concurrency_n20_20260613_002920_redis_feed11_rep1,redis,sb:events:n20:feed11:rep1,2b5f9db5-ec05-4a07-a5f4-075a0ae73ace,3895086,574,35124603500,35124630100,1781307014297-0
concurrency_n20_20260613_002920_redis_feed11_rep1,redis,sb:events:n20:feed11:rep1,8b90acda-680a-4983-88c4-e77ee2e520d2,3895052,574,35125381100,35125401700,1781307014299-0
concurrency_n20_20260613_002920_redis_feed11_rep1,redis,sb:events:n20:feed11:rep1,7199c049-130c-485e-8717-eed79cf6473e,3895052,574,35126102500,35126119900,1781307014300-0
concurrency_n20_20260613_002920_redis_feed11_rep1,redis,sb:events:n20:feed11:rep1,12f5d714-255c-4b77-b547-77df0d331ded,3895113,574,35126828400,35126846300,1781307014301-0
concurrency_n20_20260613_002920_redis_feed11_rep1,redis,sb:events:n20:feed11:rep1,19395768-0b78-473c-b1b1-61eda33bc094,3895113,574,35128597900,35128790000,1781307014302-0
concurrency_n20_20260613_002920_redis_feed11_rep1,redis,sb:events:n20:feed11:rep1,74bcdb7e-b4a3-40c3-8702-ef661db0155a,3895121,575,35129695400,35129722900,1781307014303-0
concurrency_n20_20260613_002920_redis_feed11_rep1,redis,sb:events:n20:feed11:rep1,485c6144-6361-4d77-a04e-9c1ed63426f0,3895107,575,35130702200,35130725900,1781307014305-0
concurrency_n20_20260613_002920_redis_feed11_rep1,redis,sb:events:n20:feed11:rep1,6efe26ce-d9e7-4d1c-9b78-3fa828b115be,3895074,576,35131887300,35131911600,1781307014306-0
concurrency_n20_20260613_002920_redis_feed11_rep1,redis,sb:events:n20:feed11:rep1,d5ebcc59-0d70-4f75-be32-b9bf306ede6d,3895121,576,35134026900,35134065000,1781307014308-0
concurrency_n20_20260613_002920_redis_feed11_rep1,redis,sb:events:n20:feed11:rep1,ac26105e-fbcb-4f13-9b1d-a042b7bbb33b,3895121,576,35135502100,35135525500,1781307014309-0
concurrency_n20_20260613_002920_redis_feed11_rep1,redis,sb:events:n20:feed11:rep1,2192e17c-695d-4241-ad3a-adb09073f21b,3895121,576,35136237000,35136261900,1781307014310-0
concurrency_n20_20260613_002920_redis_feed11_rep1,redis,sb:events:n20:feed11:rep1,fe9872b2-9d59-431d-a963-6c10708ce1da,3895067,576,35137327500,35137349800,1781307014311-0
concurrency_n20_20260613_002920_redis_feed11_rep1,redis,sb:events:n20:feed11:rep1,5ec70097-2e02-49bb-9982-c006e40c1594,3895086,576,35138860700,35138882000,1781307014313-0
concurrency_n20_20260613_002920_redis_feed11_rep1,redis,sb:events:n20:feed11:rep1,8dda5da9-19e2-4ea6-ab79-a0867e90239c,3895095,577,35139710300,35139733200,1781307014314-0
concurrency_n20_20260613_002920_redis_feed11_rep1,redis,sb:events:n20:feed11:rep1,330d23cc-c68b-4abb-93b1-62511656376a,3895074,577,35142643900,35142668300,1781307014316-0
concurrency_n20_20260613_002920_redis_feed11_rep1,redis,sb:events:n20:feed11:rep1,1d9edec0-5b27-45ad-96af-ada428ee719d,3895074,577,35143391200,35143414200,1781307014317-0
concurrency_n20_20260613_002920_redis_feed11_rep1,redis,sb:events:n20:feed11:rep1,6eb1a20d-8605-47f7-a06c-978069a3e269,3895121,577,35145233600,35145252600,1781307014318-0
concurrency_n20_20260613_002920_redis_feed11_rep1,redis,sb:events:n20:feed11:rep1,1e0d08d8-5dad-4be4-8e3d-b29725e55eb2,3895121,577,35146083900,35146107100,1781307014322-0
concurrency_n20_20260613_002920_redis_feed11_rep1,redis,sb:events:n20:feed11:rep1,9027b7b2-378a-4f24-a52f-05c83d32d245,3895107,577,35149701800,35149725200,1781307014324-0
concurrency_n20_20260613_002920_redis_feed11_rep1,redis,sb:events:n20:feed11:rep1,3501862c-2758-4201-a40b-b95d554e6457,3895107,577,35151015800,35151040800,1781307014325-0
concurrency_n20_20260613_002920_redis_feed11_rep1,redis,sb:events:n20:feed11:rep1,82b64c2b-7393-440f-bc6b-a47e02f6b722,3895107,577,35151748100,35151768900,1781307014327-0
concurrency_n20_20260613_002920_redis_feed11_rep1,redis,sb:events:n20:feed11:rep1,c7f7e256-15ad-4c70-988c-b1ea0c3e1771,3895086,577,35154105700,35154135900,1781307014328-0
concurrency_n20_20260613_002920_redis_feed11_rep1,redis,sb:events:n20:feed11:rep1,9504210d-0a74-4674-87d1-40e9820a7635,3895052,577,35155165200,35155204900,1781307014329-0
concurrency_n20_20260613_002920_redis_feed11_rep1,redis,sb:events:n20:feed11:rep1,d6e3276d-1d76-459b-bdaa-285f24adb999,3895113,577,35164815800,35164846300,1781307014331-0
concurrency_n20_20260613_002920_redis_feed11_rep1,redis,sb:events:n20:feed11:rep1,8d663b5e-05b6-4fe3-982b-e6ccdb91ac07,3895113,577,35165672400,35165688800,1781307014331-1
concurrency_n20_20260613_002920_redis_feed11_rep1,redis,sb:events:n20:feed11:rep1,514df5c9-615b-4951-87a5-600e1487f35c,3895107,578,35167302600,35167324000,1781307014332-0
concurrency_n20_20260613_002920_redis_feed11_rep1,redis,sb:events:n20:feed11:rep1,c1e37455-ff85-42ac-ba62-7ddcb5049d00,3895067,578,35170088900,35170171500,1781307014333-0
concurrency_n20_20260613_002920_redis_feed11_rep1,redis,sb:events:n20:feed11:rep1,1acaf70d-3037-4637-8830-b34157ea49f4,3895067,578,35171258100,35171281000,1781307014343-0
concurrency_n20_20260613_002920_redis_feed11_rep1,redis,sb:events:n20:feed11:rep1,fd006d44-2ee6-445a-aa8a-393b20bcff1c,3895074,579,35177275000,35177307700,1781307014345-0
concurrency_n20_20260613_002920_redis_feed11_rep1,redis,sb:events:n20:feed11:rep1,b61fab98-a6e0-4a32-b7e7-883f80a70d36,3895121,579,35179115900,35179136700,1781307014349-0
concurrency_n20_20260613_002920_redis_feed11_rep1,redis,sb:events:n20:feed11:rep1,f3a33620-83eb-4f9d-93b8-8f12b8874b10,3895067,579,35180075200,35180098500,1781307014354-0
concurrency_n20_20260613_002920_redis_feed11_rep1,redis,sb:events:n20:feed11:rep1,a4dbeb96-2862-4c2b-93f8-b996f946ed69,3895067,579,35180807200,35180824300,1781307014356-0
concurrency_n20_20260613_002920_redis_feed11_rep1,redis,sb:events:n20:feed11:rep1,de736173-7b94-48a1-9b15-3e529c34349b,3895067,579,35182790200,35182818100,1781307014360-0
concurrency_n20_20260613_002920_redis_feed11_rep1,redis,sb:events:n20:feed11:rep1,399fcced-37b1-496e-969f-d2568e5dda43,3895086,579,35184585500,35184605200,1781307014361-0
concurrency_n20_20260613_002920_redis_feed11_rep1,redis,sb:events:n20:feed11:rep1,f00d1a0d-3f91-4487-88ab-397cee279024,3895052,579,35185309200,35185331200,1781307014363-0
concurrency_n20_20260613_002920_redis_feed11_rep1,redis,sb:events:n20:feed11:rep1,44936a01-9dbe-4db5-b92e-14f4b4229339,3895052,579,35187070500,35187092800,1781307014364-0
concurrency_n20_20260613_002920_redis_feed11_rep1,redis,sb:events:n20:feed11:rep1,0fb7f4fe-944a-4419-84e5-274e4c29cb41,3895052,579,35188142400,35188167300,1781307014365-0
concurrency_n20_20260613_002920_redis_feed11_rep1,redis,sb:events:n20:feed11:rep1,26926823-2671-44ab-a8b0-79cebc31dac5,3895095,580,35191371300,35191395200,1781307014367-0
concurrency_n20_20260613_002920_redis_feed11_rep1,redis,sb:events:n20:feed11:rep1,06f17fd1-cb74-4096-8974-2340bfe25f2d,3895095,580,35193982500,35194005600,1781307014372-0
concurrency_n20_20260613_002920_redis_feed11_rep1,redis,sb:events:n20:feed11:rep1,03878179-d332-4d06-b754-b72c00c252be,3895074,580,35195829700,35195856600,1781307014373-0
concurrency_n20_20260613_002920_redis_feed11_rep1,redis,sb:events:n20:feed11:rep1,47c6df2d-d37a-4e2b-b740-93b358bdd219,3895074,580,35198113200,35198144100,1781307014375-0
concurrency_n20_20260613_002920_redis_feed11_rep1,redis,sb:events:n20:feed11:rep1,2afc41b2-4d4a-4d1e-937c-5240c039f51d,3895121,580,35200138700,35200162200,1781307014376-0
concurrency_n20_20260613_002920_redis_feed11_rep1,redis,sb:events:n20:feed11:rep1,6d1f2668-9ae8-42cb-b2d7-b6f477fa210e,3895121,580,35201184200,35201205400,1781307014377-0
concurrency_n20_20260613_002920_redis_feed11_rep1,redis,sb:events:n20:feed11:rep1,c2905112-a6a1-4371-99a0-b3c99454cc7b,3895067,580,35202048700,35202071600,1781307014378-0
concurrency_n20_20260613_002920_redis_feed11_rep1,redis,sb:events:n20:feed11:rep1,07161a20-941d-47d1-91f5-1e46df08ae8f,3895086,580,35215398300,35215428300,1781307014380-0
concurrency_n20_20260613_002920_redis_feed11_rep1,redis,sb:events:n20:feed11:rep1,6e774bb4-a1e1-4dfa-98e0-3a901ceb87fd,3895086,580,35217166300,35217220300,1781307014381-0
concurrency_n20_20260613_002920_redis_feed11_rep1,redis,sb:events:n20:feed11:rep1,26bc86da-748c-461a-82a8-48cfafcb8b23,3895113,580,35219378800,35219439200,1781307014394-0
concurrency_n20_20260613_002920_redis_feed11_rep1,redis,sb:events:n20:feed11:rep1,3e16077f-8888-4a37-9f41-aaf81610729c,3895113,580,35220609100,35220631600,1781307014397-0
concurrency_n20_20260613_002920_redis_feed11_rep1,redis,sb:events:n20:feed11:rep1,126d8b10-79d0-4513-b666-aa12d29b5919,3895113,580,35222228000,35222252000,1781307014399-0
concurrency_n20_20260613_002920_redis_feed11_rep1,redis,sb:events:n20:feed11:rep1,aaf8057c-333d-4648-9307-2648b6b38225,3895121,581,35223205900,35223229000,1781307014401-0
concurrency_n20_20260613_002920_redis_feed11_rep1,redis,sb:events:n20:feed11:rep1,a13bf632-3dbd-469c-a5cf-bb14853ea364,3895095,582,35225020600,35225100800,1781307014402-0
concurrency_n20_20260613_002920_redis_feed11_rep1,redis,sb:events:n20:feed11:rep1,15708b87-1ca9-489a-9fa0-ece9c6c24d40,3895095,582,35226060900,35226080700,1781307014403-0
concurrency_n20_20260613_002920_redis_feed11_rep1,redis,sb:events:n20:feed11:rep1,e8e057c1-643b-4f62-aac5-d4e64d879faa,3895074,582,35228054400,35228074800,1781307014404-0
concurrency_n20_20260613_002920_redis_feed11_rep1,redis,sb:events:n20:feed11:rep1,407a488f-1875-42e4-8467-91a113a9ca14,3895121,582,35230032500,35230061400,1781307014405-0
concurrency_n20_20260613_002920_redis_feed11_rep1,redis,sb:events:n20:feed11:rep1,8af7f37f-0855-4c04-8ab2-2b8022f0301a,3895121,582,35230977300,35231001800,1781307014406-0
concurrency_n20_20260613_002920_redis_feed11_rep1,redis,sb:events:n20:feed11:rep1,f3d4cb1e-d5ae-4ed8-b435-5bf99155b9d1,3895067,582,35232559500,35232579500,1781307014409-0
concurrency_n20_20260613_002920_redis_feed11_rep1,redis,sb:events:n20:feed11:rep1,a52e8dda-066e-4fab-ac60-e599fb9146b9,3895067,582,35233720400,35233752800,1781307014410-0
concurrency_n20_20260613_002920_redis_feed11_rep1,redis,sb:events:n20:feed11:rep1,6a1ac214-62a2-464d-8e27-b542815426b9,3895052,582,35240090700,35240121000,1781307014411-0
concurrency_n20_20260613_002920_redis_feed11_rep1,redis,sb:events:n20:feed11:rep1,654b5170-715f-4121-b1a4-1b2fa6d41363,3895113,582,35241195100,35241218000,1781307014413-0
concurrency_n20_20260613_002920_redis_feed11_rep1,redis,sb:events:n20:feed11:rep1,8002ac93-fea2-48c7-a08e-89645a85ed71,3895095,583,35242378500,35242451600,1781307014414-0
concurrency_n20_20260613_002920_redis_feed11_rep1,redis,sb:events:n20:feed11:rep1,d163cfe2-ca06-4dfc-a6f1-b93b3c6968aa,3895095,583,35245148200,35245173200,1781307014415-0
concurrency_n20_20260613_002920_redis_feed11_rep1,redis,sb:events:n20:feed11:rep1,2bc6ac86-5796-4188-938a-a55395c05826,3895074,583,35246028400,35246051700,1781307014416-0
concurrency_n20_20260613_002920_redis_feed11_rep1,redis,sb:events:n20:feed11:rep1,df464102-1945-47e6-9b71-2d042cca530d,3895074,583,35247002300,35247118900,1781307014419-0
concurrency_n20_20260613_002920_redis_feed11_rep1,redis,sb:events:n20:feed11:rep1,bd14667d-5e2c-413d-808f-3c81cce91e4e,3895121,583,35247920200,35247946900,1781307014420-0
concurrency_n20_20260613_002920_redis_feed11_rep1,redis,sb:events:n20:feed11:rep1,25817096-b252-46b1-afcb-457f6547860c,3895095,584,35248745400,35248767200,1781307014421-0
concurrency_n20_20260613_002920_redis_feed11_rep1,redis,sb:events:n20:feed11:rep1,5f3b5117-1fa6-43b6-95f2-4100eddf6b91,3895095,584,35256013200,35256046300,1781307014423-0
concurrency_n20_20260613_002920_redis_feed11_rep1,redis,sb:events:n20:feed11:rep1,6dacc37b-35b7-48c3-bf50-20da75990c64,3895095,584,35258233100,35258277700,1781307014424-0
concurrency_n20_20260613_002920_redis_feed11_rep1,redis,sb:events:n20:feed11:rep1,2be6cb1e-6475-475d-8e73-3d17196b4796,3895121,584,35259482800,35259538500,1781307014425-0
concurrency_n20_20260613_002920_redis_feed11_rep1,redis,sb:events:n20:feed11:rep1,e8e97225-a503-4f1c-9084-dad448ad351a,3895121,584,35260286700,35260306300,1781307014429-0
concurrency_n20_20260613_002920_redis_feed11_rep1,redis,sb:events:n20:feed11:rep1,a99b1edb-17d3-4eac-9643-4a93f7607844,3895086,584,35260873300,35260890200,1781307014430-0
concurrency_n20_20260613_002920_redis_feed11_rep1,redis,sb:events:n20:feed11:rep1,dee82969-8747-49e7-b33f-2584cb83a6ec,3895052,584,35261476800,35261643000,1781307014433-0
concurrency_n20_20260613_002920_redis_feed11_rep1,redis,sb:events:n20:feed11:rep1,41c5b82d-9c22-40ee-8306-d16f4e77e6cb,3895052,584,35262387400,35262416200,1781307014436-0
concurrency_n20_20260613_002920_redis_feed11_rep1,redis,sb:events:n20:feed11:rep1,b2c8c6d5-4526-47af-8161-be9a5bc3ffe8,3895095,585,35264119100,35264141200,1781307014437-0
concurrency_n20_20260613_002920_redis_feed11_rep1,redis,sb:events:n20:feed11:rep1,c039c599-0593-4656-9076-4022b598a10a,3895095,585,35265279500,35265304900,1781307014438-0
concurrency_n20_20260613_002920_redis_feed11_rep1,redis,sb:events:n20:feed11:rep1,e31d3d1a-a15c-40b5-9da2-932a37570abf,3895074,585,35266195800,35266218100,1781307014439-0
concurrency_n20_20260613_002920_redis_feed11_rep1,redis,sb:events:n20:feed11:rep1,934c6929-d98f-469a-b9a5-d811df5d6196,3895067,585,35267683000,35267714500,1781307014440-0
concurrency_n20_20260613_002920_redis_feed11_rep1,redis,sb:events:n20:feed11:rep1,cea9fbf0-e6ce-4511-b252-51e223ac9f03,3895086,585,35268689400,35268720000,1781307014442-0
concurrency_n20_20260613_002920_redis_feed11_rep1,redis,sb:events:n20:feed11:rep1,eaadf129-ba27-43ce-9517-0e27218d35dc,3895121,586,35270469500,35270496600,1781307014443-0
concurrency_n20_20260613_002920_redis_feed11_rep1,redis,sb:events:n20:feed11:rep1,ccbe3f4d-4aa9-4caa-86e1-0f6dd610eaec,3895067,586,35271328600,35271354000,1781307014444-0
concurrency_n20_20260613_002920_redis_feed11_rep1,redis,sb:events:n20:feed11:rep1,53084186-3b2c-4728-aa37-ece7042f5bf8,3895067,586,35271978300,35271996200,1781307014445-0
concurrency_n20_20260613_002920_redis_feed11_rep1,redis,sb:events:n20:feed11:rep1,4a31e5db-6985-4e82-9277-c5b4346ee03e,3895086,586,35272907500,35272925600,1781307014446-0
concurrency_n20_20260613_002920_redis_feed11_rep1,redis,sb:events:n20:feed11:rep1,d4698e93-767a-4a04-9b43-145c313dc583,3895074,587,35273873400,35273900500,1781307014447-0
concurrency_n20_20260613_002920_redis_feed11_rep1,redis,sb:events:n20:feed11:rep1,28ee7bbf-019d-48d7-982b-8ef8460fa8cf,3895074,587,35275327300,35275350100,1781307014448-0
concurrency_n20_20260613_002920_redis_feed11_rep1,redis,sb:events:n20:feed11:rep1,aa0f6ad4-6b9a-490a-aac9-de3727a54e95,3895121,587,35278301800,35278329000,1781307014450-0
concurrency_n20_20260613_002920_redis_feed11_rep1,redis,sb:events:n20:feed11:rep1,c2b60be5-8a97-4f3a-91f1-56b4a00cb397,3895121,587,35279265400,35279289800,1781307014452-0
concurrency_n20_20260613_002920_redis_feed11_rep1,redis,sb:events:n20:feed11:rep1,c5bbefc4-2220-4ef9-951b-46c03379a3fd,3895121,587,35280441800,35280509000,1781307014453-0
concurrency_n20_20260613_002920_redis_feed11_rep1,redis,sb:events:n20:feed11:rep1,a359b301-ff67-407b-8c92-0a2981771d6a,3895067,587,35281373700,35281395300,1781307014455-0
concurrency_n20_20260613_002920_redis_feed11_rep1,redis,sb:events:n20:feed11:rep1,01b2c475-8bfa-4408-a256-4b578f8cba11,3895052,587,35282350900,35282413200,1781307014456-0
concurrency_n20_20260613_002920_redis_feed11_rep1,redis,sb:events:n20:feed11:rep1,93cdfde4-d905-419e-970c-66838f08b789,3895095,588,35287002100,35287025300,1781307014457-0
concurrency_n20_20260613_002920_redis_feed11_rep1,redis,sb:events:n20:feed11:rep1,0007e05d-1ecd-4a27-9e6c-0176a558137b,3895095,588,35287833400,35287921100,1781307014458-0
concurrency_n20_20260613_002920_redis_feed11_rep1,redis,sb:events:n20:feed11:rep1,df05a7fa-61cf-4637-ac5a-dd71ecc74a46,3895074,588,35288612900,35288647800,1781307014459-0
concurrency_n20_20260613_002920_redis_feed11_rep1,redis,sb:events:n20:feed11:rep1,01f933ec-0422-411a-ba65-50c62b560327,3895074,588,35289290800,35289322400,1781307014464-0
concurrency_n20_20260613_002920_redis_feed11_rep1,redis,sb:events:n20:feed11:rep1,2d16c691-e38a-4070-8977-ba0a8f0062a6,3895121,588,35290127000,35290144500,1781307014465-0
concurrency_n20_20260613_002920_redis_feed11_rep1,redis,sb:events:n20:feed11:rep1,ad3c7cfe-990e-48e0-a5b6-07324d7dffdf,3895121,588,35292055700,35292074200,1781307014468-0
concurrency_n20_20260613_002920_redis_feed11_rep1,redis,sb:events:n20:feed11:rep1,2d6de105-3c8e-46f8-aba1-2ca82db5db75,3895121,588,35292860600,35292878700,1781307014469-0
concurrency_n20_20260613_002920_redis_feed11_rep1,redis,sb:events:n20:feed11:rep1,9a87f887-e1e8-4e56-a787-b33541d656b2,3895121,588,35294035300,35294054400,1781307014470-0
concurrency_n20_20260613_002920_redis_feed11_rep1,redis,sb:events:n20:feed11:rep1,01f77ba8-732f-460e-9843-000fe8c22e88,3895134,588,35295770400,35295797700,1781307014472-0
concurrency_n20_20260613_002920_redis_feed11_rep1,redis,sb:events:n20:feed11:rep1,ce1f7616-723f-4d2e-976c-217ce8af7dfc,3895052,588,35296730500,35296748800,1781307014473-0
concurrency_n20_20260613_002920_redis_feed11_rep1,redis,sb:events:n20:feed11:rep1,1799529b-9648-4fc6-b554-538c995a3d7b,3895052,588,35299475800,35299502700,1781307014474-0
concurrency_n20_20260613_002920_redis_feed11_rep1,redis,sb:events:n20:feed11:rep1,8273b7db-96ad-41d7-bad6-a79c3a73f8bd,3895113,588,35301363700,35301412900,1781307014476-0
concurrency_n20_20260613_002920_redis_feed11_rep1,redis,sb:events:n20:feed11:rep1,e1645f19-ebe2-44a2-afb4-0f6694777739,3895134,589,35302500900,35302522200,1781307014477-0
concurrency_n20_20260613_002920_redis_feed11_rep1,redis,sb:events:n20:feed11:rep1,809cb891-65b3-4382-be9b-2c923fb09941,3895134,589,35303294100,35303314900,1781307014478-0
concurrency_n20_20260613_002920_redis_feed11_rep1,redis,sb:events:n20:feed11:rep1,4fb2ce2e-ae99-47be-8835-d4fe76a81a1e,3895067,589,35304055200,35304074000,1781307014479-0
concurrency_n20_20260613_002920_redis_feed11_rep1,redis,sb:events:n20:feed11:rep1,3d089aa7-d69e-4513-b9b4-bd51df20dd3f,3895067,589,35305481500,35305498700,1781307014480-0
concurrency_n20_20260613_002920_redis_feed11_rep1,redis,sb:events:n20:feed11:rep1,c4106ee7-bccf-4d7c-96b1-66bdf3556775,3895067,589,35306115600,35306132300,1781307014481-0
concurrency_n20_20260613_002920_redis_feed11_rep1,redis,sb:events:n20:feed11:rep1,fd572d23-148f-4dee-82da-ff57f4613bc3,3895113,589,35306689300,35306703800,1781307014482-0
concurrency_n20_20260613_002920_redis_feed11_rep1,redis,sb:events:n20:feed11:rep1,dfedbad8-ed5f-4886-9f1a-8e785565e557,3895095,590,35307334400,35307353200,1781307014483-0
concurrency_n20_20260613_002920_redis_feed11_rep1,redis,sb:events:n20:feed11:rep1,7e4dbf65-c4de-4920-b670-7ee27db2791e,3895095,590,35309194500,35309217800,1781307014484-0
concurrency_n20_20260613_002920_redis_feed11_rep1,redis,sb:events:n20:feed11:rep1,e0e51306-6abb-4869-9b4f-b78bfef48a64,3895095,590,35314795200,35314822900,1781307014484-1
concurrency_n20_20260613_002920_redis_feed11_rep1,redis,sb:events:n20:feed11:rep1,274a4919-849b-41ff-a8db-95719055d98f,3895095,590,35316142800,35316180600,1781307014485-0
concurrency_n20_20260613_002920_redis_feed11_rep1,redis,sb:events:n20:feed11:rep1,ffd58c50-e6dc-4754-a17f-4bcedff0bd58,3895095,590,35317120000,35317147600,1781307014486-0
concurrency_n20_20260613_002920_redis_feed11_rep1,redis,sb:events:n20:feed11:rep1,4d63112a-4703-42dc-9b8b-0d491b710db4,3895121,590,35317974500,35317998600,1781307014488-0
concurrency_n20_20260613_002920_redis_feed11_rep1,redis,sb:events:n20:feed11:rep1,a492638f-cf4e-4655-b650-5f7805409bdc,3895121,590,35318719000,35318738600,1781307014489-0
concurrency_n20_20260613_002920_redis_feed11_rep1,redis,sb:events:n20:feed11:rep1,95429182-4915-412e-9c8f-eba416a911f9,3895086,590,35321250500,35321273700,1781307014494-0
concurrency_n20_20260613_002920_redis_feed11_rep1,redis,sb:events:n20:feed11:rep1,de2d9276-b461-421a-a7d5-95b38a2fe016,3895074,591,35322496300,35322526700,1781307014495-0
concurrency_n20_20260613_002920_redis_feed11_rep1,redis,sb:events:n20:feed11:rep1,20ebfb52-e4b9-4c9e-839d-43d0755b2d0d,3895067,591,35323983800,35324010500,1781307014496-0
concurrency_n20_20260613_002920_redis_feed11_rep1,redis,sb:events:n20:feed11:rep1,55aff21f-5c1d-476e-853b-2b75b44ee60f,3895067,591,35324819400,35324841600,1781307014498-0
concurrency_n20_20260613_002920_redis_feed11_rep1,redis,sb:events:n20:feed11:rep1,7392ddeb-056c-4099-9ec9-6bd3f433a94d,3895086,591,35325589800,35325604900,1781307014499-0
concurrency_n20_20260613_002920_redis_feed11_rep1,redis,sb:events:n20:feed11:rep1,c38fbeec-9df9-4255-9284-cc8a89885445,3895086,591,35326461900,35326480600,1781307014500-0
concurrency_n20_20260613_002920_redis_feed11_rep1,redis,sb:events:n20:feed11:rep1,79abe03f-a1e7-4211-9dd9-13c47f0e3826,3895113,591,35329996700,35330028000,1781307014501-0
concurrency_n20_20260613_002920_redis_feed11_rep1,redis,sb:events:n20:feed11:rep1,23f7d010-216e-448e-bb0b-e44b94ed38fd,3895113,591,35330897000,35330920100,1781307014503-0
concurrency_n20_20260613_002920_redis_feed11_rep1,redis,sb:events:n20:feed11:rep1,3cbf1fef-6c02-4b30-97a6-cfa657fefa69,3895113,591,35332268600,35332297900,1781307014504-0
concurrency_n20_20260613_002920_redis_feed11_rep1,redis,sb:events:n20:feed11:rep1,62cb7654-87d6-49ca-b7e3-394c14e14586,3895095,592,35333141300,35333164800,1781307014505-0
concurrency_n20_20260613_002920_redis_feed11_rep1,redis,sb:events:n20:feed11:rep1,07489da0-ed25-4dec-9f71-e7d52d170d6f,3895074,592,35336995200,35337024300,1781307014506-0
concurrency_n20_20260613_002920_redis_feed11_rep1,redis,sb:events:n20:feed11:rep1,8f6ec563-4ae7-4d02-a80c-10edf465fc58,3895074,592,35337862800,35337886600,1781307014508-0
concurrency_n20_20260613_002920_redis_feed11_rep1,redis,sb:events:n20:feed11:rep1,bcd383cc-3f29-47fa-b423-a4f49b7ded62,3895060,592,35339446700,35339476200,1781307014512-0
concurrency_n20_20260613_002920_redis_feed11_rep1,redis,sb:events:n20:feed11:rep1,8837658b-2527-43e3-a879-61625227993a,3895121,592,35340403600,35340426000,1781307014514-0
concurrency_n20_20260613_002920_redis_feed11_rep1,redis,sb:events:n20:feed11:rep1,7102b045-f359-41ef-91a8-d13c6d9b3028,3895067,592,35341177700,35341211700,1781307014517-0
concurrency_n20_20260613_002920_redis_feed11_rep1,redis,sb:events:n20:feed11:rep1,1ccaafd0-5da8-4c30-9cd8-7090212b6c92,3895095,593,35342196700,35342215500,1781307014518-0
concurrency_n20_20260613_002920_redis_feed11_rep1,redis,sb:events:n20:feed11:rep1,24d3f73e-8b24-4a15-9099-4a3a7109a3b2,3895095,593,35343709900,35343734000,1781307014519-0
concurrency_n20_20260613_002920_redis_feed11_rep1,redis,sb:events:n20:feed11:rep1,b1cbbb36-ac6e-4c70-b238-98b51f3bbb7c,3895095,593,35344420500,35344442500,1781307014520-0
concurrency_n20_20260613_002920_redis_feed11_rep1,redis,sb:events:n20:feed11:rep1,57253780-463d-4baa-9322-b11a5b9ebc86,3895074,593,35345168100,35345188800,1781307014521-0
concurrency_n20_20260613_002920_redis_feed11_rep1,redis,sb:events:n20:feed11:rep1,97c68392-b18c-4eb6-b41a-02a291f7bdcd,3895060,593,35346063600,35346089800,1781307014522-0
concurrency_n20_20260613_002920_redis_feed11_rep1,redis,sb:events:n20:feed11:rep1,325b7350-d13b-4667-9ae2-08650699aee7,3895060,593,35348655400,35348680900,1781307014523-0
concurrency_n20_20260613_002920_redis_feed11_rep1,redis,sb:events:n20:feed11:rep1,1ee45a48-d32b-412a-a1b3-a4e08abe87ea,3895121,593,35349706600,35349728700,1781307014525-0
concurrency_n20_20260613_002920_redis_feed11_rep1,redis,sb:events:n20:feed11:rep1,c01d1018-8026-4e17-b3b9-4c78935ea6b8,3895121,593,35350423000,35350452800,1781307014526-0
concurrency_n20_20260613_002920_redis_feed11_rep1,redis,sb:events:n20:feed11:rep1,bbd763f4-fe80-4cea-9bf4-1b47e08d11d6,3895067,593,35352074200,35352096300,1781307014528-0
concurrency_n20_20260613_002920_redis_feed11_rep1,redis,sb:events:n20:feed11:rep1,aa6d638b-e544-42a0-9835-0ccf2a8b2009,3895067,593,35352981700,35353004200,1781307014530-0
concurrency_n20_20260613_002920_redis_feed11_rep1,redis,sb:events:n20:feed11:rep1,867833da-be58-4632-bf9d-10b4978f6b09,3895067,593,35353699100,35353719300,1781307014531-0
concurrency_n20_20260613_002920_redis_feed11_rep1,redis,sb:events:n20:feed11:rep1,869aae17-d932-4ee3-b96a-8b08c917626d,3895067,594,35355256500,35355283200,1781307014532-0
concurrency_n20_20260613_002920_redis_feed11_rep1,redis,sb:events:n20:feed11:rep1,7ef4fe71-8a42-4e25-8404-442b43c65cbe,3895086,594,35355955200,35355978100,1781307014533-0
concurrency_n20_20260613_002920_redis_feed11_rep1,redis,sb:events:n20:feed11:rep1,9609ad02-f511-4e04-a077-be41c9922920,3895052,594,35357660000,35357689400,1781307014534-0
concurrency_n20_20260613_002920_redis_feed11_rep1,redis,sb:events:n20:feed11:rep1,fc0dd055-9543-4007-a0bd-faaf427044b9,3895113,594,35358638100,35358678700,1781307014535-0
concurrency_n20_20260613_002920_redis_feed11_rep1,redis,sb:events:n20:feed11:rep1,78d5565d-e7bd-4df3-8894-f8b4be813d9f,3895095,595,35359499600,35359519600,1781307014536-0
concurrency_n20_20260613_002920_redis_feed11_rep1,redis,sb:events:n20:feed11:rep1,70a15b69-d176-48c0-aaf5-32ecf171eb90,3895095,595,35361107600,35361130100,1781307014538-0
concurrency_n20_20260613_002920_redis_feed11_rep1,redis,sb:events:n20:feed11:rep1,92df5b4c-9c50-41fc-a2db-03910550d1cd,3895095,595,35362409700,35362551500,1781307014539-0
concurrency_n20_20260613_002920_redis_feed11_rep1,redis,sb:events:n20:feed11:rep1,c64c07f4-7b41-417b-a342-f8e693d9ff62,3895060,595,35364059000,35364084300,1781307014540-0
concurrency_n20_20260613_002920_redis_feed11_rep1,redis,sb:events:n20:feed11:rep1,3e671347-5500-4b12-9ded-efff1b8e899a,3895067,595,35366299100,35366324000,1781307014543-0
concurrency_n20_20260613_002920_redis_feed11_rep1,redis,sb:events:n20:feed11:rep1,7b751184-997d-404d-9060-41ff2e453407,3895067,595,35367126300,35367155100,1781307014544-0
concurrency_n20_20260613_002920_redis_feed11_rep1,redis,sb:events:n20:feed11:rep1,a850c678-e21a-4e6f-90c9-a51e6a8fd8cb,3895067,595,35367974400,35367994500,1781307014545-0
concurrency_n20_20260613_002920_redis_feed11_rep1,redis,sb:events:n20:feed11:rep1,82e91245-e35c-4e7a-9b9f-36567f4fb53e,3895067,595,35369567000,35369590000,1781307014546-0
concurrency_n20_20260613_002920_redis_feed11_rep1,redis,sb:events:n20:feed11:rep1,39456ea0-0b80-4c31-8130-70e6d5bbfe2b,3895052,595,35370220700,35370241500,1781307014547-0
concurrency_n20_20260613_002920_redis_feed11_rep1,redis,sb:events:n20:feed11:rep1,5e65a51e-1c00-48d0-ab7c-e4f6ea8d6c57,3895052,595,35370850600,35370867500,1781307014548-0
concurrency_n20_20260613_002920_redis_feed11_rep1,redis,sb:events:n20:feed11:rep1,60e98bd7-d72c-422f-95ef-9ade285cbf36,3895113,595,35372545900,35372568200,1781307014549-0
concurrency_n20_20260613_002920_redis_feed11_rep1,redis,sb:events:n20:feed11:rep1,68f25357-617f-432d-a774-4e511ea8b43c,3895113,595,35373512900,35373537100,1781307014550-0
concurrency_n20_20260613_002920_redis_feed11_rep1,redis,sb:events:n20:feed11:rep1,e66736e2-0e2b-4dd0-893c-11cb9911c93d,3895074,596,35374213700,35374230500,1781307014550-1
concurrency_n20_20260613_002920_redis_feed11_rep1,redis,sb:events:n20:feed11:rep1,a4de3a21-86e4-4464-8f73-6f99aac1a914,3895074,596,35376816600,35376838500,1781307014551-0
concurrency_n20_20260613_002920_redis_feed11_rep1,redis,sb:events:n20:feed11:rep1,a56ebc2b-d6e5-4ddf-b7a2-fd73a17a7b67,3895121,596,35377640800,35377661800,1781307014552-0
concurrency_n20_20260613_002920_redis_feed11_rep1,redis,sb:events:n20:feed11:rep1,025d0917-460a-43d5-9551-4c7417149147,3895086,596,35378379500,35378397200,1781307014554-0
concurrency_n20_20260613_002920_redis_feed11_rep1,redis,sb:events:n20:feed11:rep1,dabafd5b-e47f-44e9-9371-4e45b7a854c0,3895086,596,35379933400,35379955900,1781307014556-0
concurrency_n20_20260613_002920_redis_feed11_rep1,redis,sb:events:n20:feed11:rep1,a099715a-3c28-437f-8708-fe3330203256,3895052,596,35382435200,35382606700,1781307014557-0
concurrency_n20_20260613_002920_redis_feed11_rep1,redis,sb:events:n20:feed11:rep1,4ad2e00f-8f8e-4c16-aaaf-4d389988550f,3895113,596,35383517300,35383542100,1781307014558-0
concurrency_n20_20260613_002920_redis_feed11_rep1,redis,sb:events:n20:feed11:rep1,429965c2-860d-4f12-8b2a-bb2604711b1b,3895113,596,35385186000,35385217900,1781307014561-0
concurrency_n20_20260613_002920_redis_feed11_rep1,redis,sb:events:n20:feed11:rep1,6d992ac7-8092-4c3d-9938-ee63ec251fb9,3895113,596,35385940300,35385962000,1781307014563-0
concurrency_n20_20260613_002920_redis_feed11_rep1,redis,sb:events:n20:feed11:rep1,d8d93327-120a-4a11-adf6-2be67f0cbf9f,3895095,597,35387098100,35387118700,1781307014564-0
concurrency_n20_20260613_002920_redis_feed11_rep1,redis,sb:events:n20:feed11:rep1,afdd469f-31ed-4c14-9509-0a869670a319,3895107,597,35389061200,35389087200,1781307014565-0
concurrency_n20_20260613_002920_redis_feed11_rep1,redis,sb:events:n20:feed11:rep1,15ff84f8-5411-4f4c-b403-410a9a87844b,3895121,597,35390237000,35390294400,1781307014566-0
concurrency_n20_20260613_002920_redis_feed11_rep1,redis,sb:events:n20:feed11:rep1,a2d459f5-b2f5-4230-980f-428882780ad7,3895121,597,35391168400,35391191100,1781307014567-0
concurrency_n20_20260613_002920_redis_feed11_rep1,redis,sb:events:n20:feed11:rep1,3d29d282-4708-4cc5-a441-c2937ee305ba,3895052,597,35392956200,35392980700,1781307014568-0
concurrency_n20_20260613_002920_redis_feed11_rep1,redis,sb:events:n20:feed11:rep1,1eb502e7-3f05-417a-b7f7-b12b64e0f817,3895052,597,35393646700,35393667800,1781307014569-0
concurrency_n20_20260613_002920_redis_feed11_rep1,redis,sb:events:n20:feed11:rep1,0b6b240e-8dcb-4b7c-9568-ff6f91c58520,3895113,597,35394319600,35394337900,1781307014570-0
concurrency_n20_20260613_002920_redis_feed11_rep1,redis,sb:events:n20:feed11:rep1,16689d72-9e0b-49be-a374-2a6e85cc790f,3895074,598,35395917700,35395946800,1781307014572-0
concurrency_n20_20260613_002920_redis_feed11_rep1,redis,sb:events:n20:feed11:rep1,0194222a-31c9-49eb-b56f-eb5ae999d927,3895107,598,35398452300,35398476900,1781307014573-0
concurrency_n20_20260613_002920_redis_feed11_rep1,redis,sb:events:n20:feed11:rep1,3448dd12-e7c1-449a-b8b7-89a9efda9a6a,3895107,598,35399420400,35399439600,1781307014574-0
concurrency_n20_20260613_002920_redis_feed11_rep1,redis,sb:events:n20:feed11:rep1,70706640-fa1a-4f13-948a-d6f359a8b7ce,3895121,598,35400177400,35400195600,1781307014575-0
concurrency_n20_20260613_002920_redis_feed11_rep1,redis,sb:events:n20:feed11:rep1,d3b7b07f-fc87-4ca9-bed4-8747b5edd352,3895086,598,35402032500,35402054900,1781307014577-0
concurrency_n20_20260613_002920_redis_feed11_rep1,redis,sb:events:n20:feed11:rep1,992e40c4-184e-406f-8648-916d30f2af24,3895052,598,35403002600,35403032200,1781307014579-0
concurrency_n20_20260613_002920_redis_feed11_rep1,redis,sb:events:n20:feed11:rep1,e8bd7331-c826-415a-bf93-83626ea5b567,3895113,598,35404410900,35404436900,1781307014580-0
concurrency_n20_20260613_002920_redis_feed11_rep1,redis,sb:events:n20:feed11:rep1,fd5697d4-df0f-4481-83a4-2ba2c0b3ed81,3895113,598,35406967700,35406996100,1781307014582-0
concurrency_n20_20260613_002920_redis_feed11_rep1,redis,sb:events:n20:feed11:rep1,a98d1db4-a554-4290-9887-5f1ac16a5651,3895113,598,35407969600,35407996700,1781307014583-0
concurrency_n20_20260613_002920_redis_feed11_rep1,redis,sb:events:n20:feed11:rep1,6fa0d1e8-ab63-47b8-87a7-93516a9f4975,3895095,599,35408610700,35408633500,1781307014584-0
concurrency_n20_20260613_002920_redis_feed11_rep1,redis,sb:events:n20:feed11:rep1,297487ce-1887-48df-adec-dfec5e677300,3895095,599,35410246300,35410274300,1781307014586-0
concurrency_n20_20260613_002920_redis_feed11_rep1,redis,sb:events:n20:feed11:rep1,5ec47445-daf6-48e4-a036-c1513f14005a,3895095,599,35411695400,35411726100,1781307014587-0
concurrency_n20_20260613_002920_redis_feed11_rep1,redis,sb:events:n20:feed11:rep1,77e80273-6376-47e3-a9ce-66412fcf1a24,3895074,599,35412465000,35412483100,1781307014588-0
concurrency_n20_20260613_002920_redis_feed11_rep1,redis,sb:events:n20:feed11:rep1,1505872e-3190-4b41-9eaa-3ca2bc93c056,3895074,599,35414083000,35414107600,1781307014589-0
concurrency_n20_20260613_002920_redis_feed11_rep1,redis,sb:events:n20:feed11:rep1,bdb8df01-2865-4796-a69f-b15d47e177eb,3895060,599,35414779300,35414797900,1781307014591-0
concurrency_n20_20260613_002920_redis_feed11_rep1,redis,sb:events:n20:feed11:rep1,bd65e731-6511-4ac1-a903-2e4dccf2b761,3895060,599,35416285500,35416316700,1781307014592-0
concurrency_n20_20260613_002920_redis_feed11_rep1,redis,sb:events:n20:feed11:rep1,832c2cb9-d99f-4222-8483-a7ba2d897559,3895121,599,35418283400,35418308700,1781307014593-0
concurrency_n20_20260613_002920_redis_feed11_rep1,redis,sb:events:n20:feed11:rep1,dab46250-a6a1-4d9f-92a8-11d6890e79d2,3895121,599,35419018200,35419041800,1781307014594-0
concurrency_n20_20260613_002920_redis_feed11_rep1,redis,sb:events:n20:feed11:rep1,520a7584-038a-4311-9040-51792b1b9d82,3895052,599,35419866600,35419888400,1781307014596-0
concurrency_n20_20260613_002920_redis_feed11_rep1,redis,sb:events:n20:feed11:rep1,dc8e1918-234f-4fea-8aa0-0111b971bf68,3895052,599,35422393900,35422417300,1781307014597-0
concurrency_n20_20260613_002920_redis_feed11_rep1,redis,sb:events:n20:feed11:rep1,453274d2-fbc7-45a5-85be-8224ecf4e430,3895113,599,35424344400,35424371500,1781307014598-0
concurrency_n20_20260613_002920_redis_feed11_rep1,redis,sb:events:n20:feed11:rep1,3656789d-4b9c-4b5a-9ec1-167bf77a76d6,3895113,599,35425062500,35425085800,1781307014599-0
concurrency_n20_20260613_002920_redis_feed11_rep1,redis,sb:events:n20:feed11:rep1,0e7386cb-f8ce-4dfe-b10c-1ea03beca223,3895095,600,35426051300,35426175900,1781307014600-0
concurrency_n20_20260613_002920_redis_feed11_rep1,redis,sb:events:n20:feed11:rep1,6f7d1385-e675-483e-a3eb-cf10ad5faa3a,3895095,600,35427071700,35427090800,1781307014601-0
concurrency_n20_20260613_002920_redis_feed11_rep1,redis,sb:events:n20:feed11:rep1,40d45191-8f2d-4197-a519-bb3093a56c47,3895074,600,35428801800,35428829800,1781307014604-0
concurrency_n20_20260613_002920_redis_feed11_rep1,redis,sb:events:n20:feed11:rep1,29fd27aa-51df-41ac-b3a0-d03fa518ae38,3895060,600,35429728800,35429759100,1781307014605-0
concurrency_n20_20260613_002920_redis_feed11_rep1,redis,sb:events:n20:feed11:rep1,0e0310aa-0552-48ad-9e97-591e122c78b9,3895067,600,35430774500,35430796500,1781307014606-0
concurrency_n20_20260613_002920_redis_feed11_rep1,redis,sb:events:n20:feed11:rep1,29a0bfad-41ae-4241-99f8-2cd38849736a,3895086,600,35432390500,35432426200,1781307014608-0
concurrency_n20_20260613_002920_redis_feed11_rep1,redis,sb:events:n20:feed11:rep1,6594127e-6701-4f06-a373-1e6e8a4518b9,3895086,600,35433233900,35433269700,1781307014609-0
